Key,Context,Example,Source,en-us,ar-001,de-de,es-es,fr-fr,hi-in,id-id,it-it,ja-jp,ko-kr,pl-pl,pt-br,ru-ru,th-th,tr-tr,vi-vn,zh-cjv,zh-cn,zh-tw
Studio.PublishPlaceAs.General.PublishPlace,,,Publish Place,Publish Place,نشر المكان,Ort veröffentlichen,Publicar lugar,Publier emplacement,प्लेस पब्लिश करें,Publikasi Tempat,Pubblica località,プレースを公開,플레이스 게시,Opublikuj miejsce,Publicar locais,Опубликовать место,เผยแพร่สถานที่,Mekânı yayınla,Công Bố Địa Điểm,发布场景,发布场景,發布地點
Studio.PublishPlaceAs.General.ContentDialogTitle,,,Content Agreement,Content Agreement,اتفاقية المحتوى,Inhaltsvereinbarung,Acuerdo de contenido,Accord relatif au contenu,कॉन्टेंट एग्रीमेंट,Perjanjian Konten,Contratto di licenza per l'uso dei contenuti,コンテンツ契約,콘텐츠 동의,Umowa dotycząca treści,Acordo de conteúdo,Соглашение на использование контента,ข้อตกลงเกี่ยวกับเนื้อหา,İçerik Anlaşması,Thỏa Thuận Nội Dung,内容协议,内容协议,內容協議
Studio.PublishPlaceAs.General.ContentDialogHeader,,,Do you agree that your game is controller compatible and contains NONE of the following?,Do you agree that your game is controller compatible and contains NONE of the following?,هل توافق على أن لعبتك متوافقة مع وحدة التحكم ولا تحتوي على أيٍ مما يلي؟,"Bestätigst du, dass dein Spiel Controller-kompatibel ist und KEINES der folgenden Elemente enthält?",¿Estás de acuerdo con que tu juego sea compatible con el mando y no contenga NINGUNO de los siguientes?,Acceptes-tu que ton jeu soit compatible avec une manette et qu'il ne contienne AUCUN des éléments suivants ?,क्या आप सहमत हैं कि आपका गेम कंट्रोलर कंपैटिबल है और उसमें इनमें से कुछ भी शामिल नहीं है?,Apakah kamu setuju bahwa game buatanmu kompatibel dengan kontroler dan TIDAK mengandung hal-hal berikut?,L'utente accetta che il suo gioco sia compatibile con il controller e che non contenga NESSUNO dei seguenti elementi?,あなたのゲームがコントローラーと互換性があり、以下のどれも含まれていないことに同意しますか。,"게임이 컨트롤러와 호환되도록 지원하며, 다음과 같은 콘텐츠가 포함되어 있지 않아야 합니다. 동의하시나요?","Czy potwierdzasz, że twoja gra jest zgodna z kontrolerami i nie zawiera ŻADNEGO z poniższych?",Você concorda que seu jogo é compatível com controles e não contém NENHUM dos seguintes?,"Подтверждаете ли вы, что ваша игра совместима с контроллером и не содержит следующих элементов?",คุณเห็นด้วยหรือไม่ว่าเกมของคุณสอดคล้องกับมาตรการการควบคุม และไม่มีเนื้อหาดังต่อไปนี้?,Oyununun oyun kumandası uyumlu olduğunu ve aşağıdakilerden HİÇBİRİNİ içermediğini onaylıyor musun?,Bạn có đồng ý rằng trò chơi của bạn tương thích với bộ điều khiển và KHÔNG chứa bất kỳ nội dung nào sau đây?,确认游戏可以兼容控制器，并不包含以下内容吗?,确认游戏可以兼容控制器，并不包含以下内容吗?,你同意讓遊戲支援控制器，並且確認遊戲沒有包含以下內容嗎？
Studio.PublishPlaceAs.General.ContentDialogItem1,,,Blood or Gore,Blood or Gore,دماء أو مشاهد دموية,Blut oder blutrünstige Darstellungen (Gore),Sangre o derramamientos de sangre,Sang et horreur,खून या हिंसा,Darah atau Adegan Berdarah,Sangue o scene cruente,流血または残虐な内容,유혈 또는 고어,Rozlew krwi,Sangue ou vísceras,Кровь и увечья,เลือดหรือการนองเลือด,Kan ve vahşet,Máu me,血腥,血腥,血腥
Studio.PublishPlaceAs.General.ContentDialogItem2,,,Intense Violence,Intense Violence,عنف شديد,Heftige Gewaltdarstellungen,Violencia intensa,Violence intense,ज़बरदस्त हिंसा,Kekerasan Intens,Violenza eccessiva,強烈な暴力,심각한 폭력,Drastyczna przemoc,Violência intensa,Насилие,การใช้ความรุนแรง,Yoğun şiddet,Bạo Lực Quá Mức,激烈暴力,激烈暴力,極度暴力
Studio.PublishPlaceAs.General.ContentDialogItem3,,,Strong Language (Swearing),Strong Language (Swearing),لغة فظة (ألفاظ بذيئة),Kraftausdrücke (Fluchen),Lenguaje violento (insultos),Langage ordurier (jurons),बहुत खराब भाषा (अपशब्द),Bahasa Kasar (Sumpah Serapah),Linguaggio forte (turpiloqui),過激な表現（暴言）,과격한 표현(욕설),Dosadny język (przekleństwa),Linguagem inapropriada (palavrões),Грубые выражения,ถ้อยคำที่รุนแรง (คำหยาบ),Kaba dil (Küfür),Ngôn Từ Xúc Phạm (Chửi Thề),粗暴语言 (脏话),粗暴语言 (脏话),強烈語言（髒話）
Studio.PublishPlaceAs.General.ContentDialogItem4,,,Robux Gambling,Robux Gambling,مقامرات Robux,Robux-Glücksspiel,Apuestas con Robux,Jeu d'argent avec Robux,Robux गैंबलिंग,Perjudian Robux,Gioco d'azzardo con i Robux,Robuxを使ったギャンブル,Robux 도박,Elementy hazardowe z użyciem Robuxów,Apostas de Robux,Азартные игры,การพนัน Robux,Robux ile kumar,Cờ Bạc trong Robux,以 Robux 进行赌博,以 Robux 进行赌博,Robux 賭博
Studio.PublishPlaceAs.General.ContentDialogItem5,,,Drug Reference or Use,Drug Reference or Use,الإشارة إلى المخدرات أو استخدامها,Hinweise auf Drogen oder Drogenkonsum,Referencias a drogas o a su uso,Référence à la drogue ou utilisation de drogue,ड्रग रेफ़रेंस या इस्तेमाल,Penyebutan atau Penggunaan Obat Terlarang,Riferimenti a droghe o uso di sostanze stupefacenti,薬物に関する表現や使用,약물 관련 표현 또는 사용,Odniesienia do narkotyków lub ich zażywania,Menção ou uso de drogas,Упоминание или употребление наркотиков,การอ้างอิงถึงหรือการใช้ยาเสพติด,Uyuşturucu göndermesi ya da kullanımı,Đề Cập hoặc Sử Dụng Chất Cấm,提及或使用毒品,提及或使用毒品,提及或使用藥物
Studio.PublishPlaceAs.Button.AddNewPlace,,,Add New,Add New,إضافة جديد,Neu hinzufügen,Añadir nuevo,Ajouter nouveau,नया जोड़ें,Tambah Baru,Aggiungi nuova,新規を追加,신규 추가,Dodaj nowe,Adicionar novo,Добавить новое,เพิ่มรายการใหม่,Yeni ekle,Thêm Mới,新增,新增,新增
Studio.PublishPlaceAs.Button.Close,,,Close,Close,إغلاق,Schließen,Cerrar,Fermer,बंद करें,Tutup,Chiudi,閉じる,닫기,Zamknij,Fechar,Закрыть,ปิด,Kapat,Đóng,关闭,关闭,關閉
Studio.PublishPlaceAs.Button.ReplyAgree,,,Agree,Agree,موافق,Zustimmen,Estoy de acuerdo,Accepter,सहमत,Setuju,Accetto,同意する,동의,Potwierdzam,Concordar,Принять,ยอมรับ,Kabul et,Đồng Ý,同意,同意,同意
Studio.PublishPlaceAs.Button.ReplyDisagree,,,Disagree,Disagree,لا أوافق,Ablehnen,Estoy en desacuerdo,Refuser,असहमत,Tidak Setuju,Non accetto,同意しない,비동의,Nie potwierdzam,Discordar,Отклонить,ไม่ยอมรับ,Reddet,Không Đồng Ý,不同意,不同意,不同意
Studio.PublishPlaceAs.Button.Retry,,,Retry,Retry,إعادة المحاولة,Erneut versuchen,Reintentar,Réessayer,फिर से कोशिश करें,Coba lagi,Riprova,再試行,다시 시도,Spróbuj ponownie,Tentar novamente,Повтор,ลองอีกครั้ง,Tekrar dene,Thử Lại,重试,重试,重試
Studio.PublishPlaceAs.FooterButton.UpdateExistingGame,,,Update existing game...,Update existing game...,تحديث اللعبة الحالية...,Bestehendes Spiel aktualisieren ...,Actualizar juego existente...,Mettre à jour un jeu existant...,मौजूदा गेम को अपडेट करें...,Update game yang sudah ada...,Aggiorna gioco esistente...,既存のゲームを更新する...,기존 게임 업데이트.,Zaktualizuj istniejącą grę...,Atualizar jogo existente...,Обновление существующей игры...,อัปเดตเกมที่มีอยู่...,Mevcut oyunu güncelle...,Cập nhật trò chơi đang tồn tại...,更新现有游戏…,更新现有游戏…,更新既有遊戲……
Studio.PublishPlaceAs.FooterButton.CreateNewGame,,,Create new game...,Create new game...,إنشاء لعبة جديدة...,Neues Spiel erstellen ...,Crear juego nuevo...,Créer un nouveau jeu...,नया गेम क्रिएट करें...,Buat game baru...,Crea nuovo gioco...,新しいゲームを制作...,새 게임 만들기...,Utwórz nową grę...,Criar novo jogo...,Создать новую игру...,สร้างเกมใหม่...,Yeni oyun oluştur...,Tạo trò chơi mới...,创建新游戏…,创建新游戏…,創作新遊戲……
Studio.PublishPlaceAs.FooterButton.Create,,,Create,Create,إنشاء,Erstellen,Crear,Créer,क्रिएट करें,Buat,Crea,作成,만들기,Utwórz,Criar,Создать,สร้าง,Oluştur,Tạo,创建,创建,創作
Studio.PublishPlaceAs.FooterButton.Overwrite,,,Overwrite,Overwrite,استبدال المعلومات أو الملفات,Überschreiben,Reemplazar,Écrire par dessus,ओवरराइट करें,Timpa,Sovrascrivi,上書き,덮어쓰기,Zastąp,Substituir,Записать поверх,เขียนทับ,Üzerine yaz,Ghi Đè,覆盖,覆盖,覆寫
Studio.PublishPlaceAs.FooterButton.Cancel,,,Cancel,Cancel,إلغاء,Abbrechen,Cancelar,Annuler,कैंसिल करें,Batalkan,Annulla,キャンセル,취소,Anuluj,Cancelar,Отмена,ยกเลิก,İptal,Hủy Bỏ,取消,取消,取消
Studio.PublishPlaceAs.GroupDropdown.MyGames,,,My Games,My Games,ألعابي,Meine Spiele,Mis juegos,Mes jeux,मेरे गेम्स,Game Saya,I miei giochi,マイゲーム,내 게임,Moje gry,Meus jogos,Мои игры,เกมของฉัน,Oyunlarım,Trò Chơi Của Tôi,我的游戏,我的游戏,我的遊戲
Studio.PublishPlaceAs.MenuItem.BasicInfo,,,Basic Info,Basic Info,معلومات أساسية,Grundlegende Infos,Información básica,Infos de base,बुनियादी जानकारी,Info Dasar,Informazioni di base,基本情報,기본 정보,Podstawowe informacje,Informações básicas,Основные сведения,ข้อมูลพื้นฐาน,Temel Bilgiler,Thông Tin Cơ Bản,基本信息,基本信息,基本資訊
Studio.PublishPlaceAs.Devices.Header,,,Devices,Devices,الأجهزة,Geräte,Dispositivos,Appareil,डिवाइस,Perangkat,Dispositivi,デバイス,기기,Urządzenia,Dispositivos,Устройства,อุปกรณ์,Cihazlar,Thiết Bị,设备,设备,裝置
Studio.PublishPlaceAs.Devices.Computer,,,Computer,Computer,جهاز كمبيوتر,Computer,Computadora,Ordinateur,कंप्यूटर,Komputer,Computer,パソコン,컴퓨터,Komputer,Computador,Компьютер,คอมพิวเตอร์,Bilgisayar,Máy Tính,个人电脑,个人电脑,電腦
Studio.PublishPlaceAs.Devices.Phone,,,Phone,Phone,الهاتف,Telefon,Teléfono,Téléphone,फ़ोन,Ponsel,Telefono,電話,휴대폰,Telefon,Telefone,Телефон,โทรศัพท์,Telefon,Điện Thoại,手机,手机,手機
Studio.PublishPlaceAs.Devices.Tablet,,,Tablet,Tablet,جهاز لوحي,Tablet,Tablet,Tablette,टैबलेट,Tablet,Tablet,タブレット,태블릿,Tablet,Tablet,Планшет,แท็บเล็ต,Tablet,Máy Tính Bảng,平板电脑,平板电脑,平板電腦
Studio.PublishPlaceAs.Devices.Console,,,Console,Console,لوحة تحكُّم,Konsole,Consola,Console,कंसोल,Konsol,Console,コンソール,콘솔,Konsola,Console,Консоль,คอนโซล,Konsol,Máy Chơi Game,游戏主机,游戏主机,遊戲機
Studio.PublishPlaceAs.PageTitle.Name,,,Name,Name,الاسم,Name,Nombre,Nom,नाम,Nama,Nome,名前,이름,Nazwa,Nome,Имя,ชื่อ,Ad,Tên,名称,名称,名稱
Studio.PublishPlaceAs.PageTitle.Description,,,Description,Description,الوصف,Beschreibung,Descripción,Description,विवरण,Deskripsi,Descrizione,説明,설명,Opis,Descrição,Описание,คำอธิบาย,Açıklama,Mô Tả,描述,描述,說明
Studio.PublishPlaceAs.PageTitle.Genre,,,Genre,Genre,نوع التجربة,Genre,Género,Genre,कैटगरी,Genre,Genere,ジャンル,장르,Gatunek,Gênero,Жанр,ประเภท,Tür,Thể Loại,主题,主题,類別
Studio.PublishPlaceAs.PageTitle.Devices,,,Devices,Devices,الأجهزة,Geräte,Dispositivos,Appareil,डिवाइस,Perangkat,Dispositivi,デバイス,기기,Urządzenia,Dispositivos,Устройства,อุปกรณ์,Cihazlar,Thiết Bị,设备,设备,裝置
Studio.PublishPlaceAs.Genre.All,,,All,All,الكل,Alle,Todos,Tout,सभी,Semua,Tutto,すべて,전체,Wszystko,Todos,Все,ทั้งหมด,Tümü,Tất Cả,全部,全部,全部
Studio.PublishPlaceAs.Genre.Adventure,,,Adventure,Adventure,مغامرات,Abenteuer,Aventura,Aventure,एडवेंचर,Petualangan,Avventura,アドベンチャー,모험,Przygodowe,Aventura,Приключения,ผจญภัย,Macera,Phiêu Lưu,冒险,冒险,探險
Studio.PublishPlaceAs.Genre.Tutorial,,,Building,Building,بناء,Bauen,Construcción,Construction,बिल्डिंग,Berkreasi,Edificio,建築,건설,Budynek,Construção,Постройки,ก่อสร้าง,İnşa Etme,Xây Dựng,建筑,建筑,建造
Studio.PublishPlaceAs.Genre.Funny,,,Comedy,Comedy,كوميديا,Comedy,Comedia,Humour,कॉमेडी,Komedi,Commedia,コメディ,코미디,Komediowe,Comédia,Комедия,ตลก,Komedi,Hài Hước,幽默,幽默,幽默
Studio.PublishPlaceAs.Genre.Ninja,,,Fighting,Fighting,قتال,Kampf,Lucha,Combat,फ़ाइटिंग,Pertarungan,Combattimento,格闘,격투,Bijatyki,Luta,Файтинг,ต่อสู้,Dövüş,Chiến Đấu,格斗,格斗,格鬥
Studio.PublishPlaceAs.Genre.FPS,,,FPS,FPS,FPS,Ego-Shooter,FPS,Tir subjectif,FPS,FPS,FPS,FPS,FPS,Strzelanki FPS,FPS,Шутер от первого лица,ยิงมุมมองบุคคลที่หนึ่ง,FPS,FPS,第一人称射击,第一人称射击,FPS
Studio.PublishPlaceAs.Genre.Scary,,,Horror,Horror,رعب,Horror,Horror,Horreur,हॉरर,Horor,Horror,ホラー,공포,Horror,Horror,Хоррор,สยองขวัญ,Korku,Kinh Dị,恐怖,恐怖,恐怖
Studio.PublishPlaceAs.Genre.Fantasy,,,Medieval,Medieval,العصور الوسطى,Mittelalter,Medieval,Médiéval,मेडीवल,Abad Pertengahan,Medievale,中世,중세,Osadzone w średniowieczu,Medieval,Средневековье,ยุคกลาง,Orta Çağ,Trung Cổ,中世纪,中世纪,中古
Studio.PublishPlaceAs.Genre.War,,,Military,Military,عسكري,Militär,Militar,Militaire,मिलिट्री,Militer,Militare,ミリタリー,군사,Wojenne,Militar,Войнушка,ทหาร,Askerî,Quân Đội,军事,军事,軍事
Studio.PublishPlaceAs.Genre.Pirate,,,Naval,Naval,بحري,Seefahrt,Naval,Naval,नेवल,Perang Kapal Laut,Navale,海軍,해군,Morskie,Naval,Морской флот,เกี่ยวกับเรือ,Denizcilik,Hải Quân,海军,海军,海洋
Studio.PublishPlaceAs.Genre.RPG,,,RPG,RPG,تقمّص الشخصيات,Rollenspiel,RPG,Jeu de rôle,RPG,RPG,GDR,RPG,RPG,RPG,RPG,Ролевая игра,สวมบทบาท,Rol Yapma Oyunu,RPG,角色扮演,角色扮演,RPG
Studio.PublishPlaceAs.Genre.SciFi,,,Sci-Fi,Sci-Fi,خيال علمي,Sci-Fi,Ciencia-ficción,SF,साइंस फ़िक्शन,Sci-Fi,Fantascienza,SF,SF,Sci-fi,Ficção científica,Фантастика,ไซไฟ,Bilim Kurgu,Khoa Học Viễn Tưởng,科幻,科幻,科幻
Studio.PublishPlaceAs.Genre.Sports,,,Sports,Sports,رياضة,Sport,Deportes,Sports,स्पोर्ट्स,Olahraga,Sport,スポーツ,스포츠,Sport,Esportes,Спорт,กีฬา,Spor,Thể Thao,体育,体育,體育
Studio.PublishPlaceAs.Genre.TownAndCity,,,Town and City,Town and City,البلدة والمدينة,Dorf und Stadt,Pueblo y ciudad,Villes,टाउन ऐंड सिटी,Kota Kecil dan Besar,Paese e città,都市開発,마을 및 도시,Miejskie,Urbano,Симулятор города,เมือง,Kasaba ve Şehir,Thành Thị,市镇,市镇,市鎮
Studio.PublishPlaceAs.Genre.WildWest,,,Western,Western,غربي,Western,Western,Western,वेस्टर्न,Koboi,Western,ウエスタン,서부극,Western,Faroeste,Вестерн,ตะวันตก,Kovboy Temalı,Viễn Tây,西部,西部,西部
Studio.PublishPlaceAs.Error.NameEmpty,,,Name cannot be empty.,Name cannot be empty.,لا يمكن أن يكون الاسم فارغًا.,Name darf nicht leer sein.,El nombre no puede estar vacío.,Le nom ne peut pas être vide.,नाम का फ़ील्ड खाली नहीं हो सकता.,Nama tidak boleh kosong.,Il nome non può essere vuoto.,名前を空欄にはできません。,이름은 비워둘 수 없습니다.,Nazwa nie może być pusta.,O nome não pode ficar vazio.,Имя не может быть пустым.,จำเป็นต้องกรอกชื่อ,Ad boş olamaz.,Không được để trống tên.,名称不能为空。,名称不能为空。,名稱不可空白。
Studio.PublishPlaceAs.Error.NameTooLong,,,{1}/{2},{1}/{2},{1}/{2},{1}/{2},{1} de {2},{1}/{2},{1}/{2},{1}/{2},{1}/{2},{1}/{2},{1}/{2},{1}/{2},{1}/{2},{1}/{2},{1}/{2},{1}/{2},{1}/{2},{1}/{2},{1}/{2},{1}/{2}
Studio.PublishPlaceAs.Error.NameModerated,,,The name didn't go through our moderation. Please revise it and try again.,The name didn't go through our moderation. Please revise it and try again.,لم يخضع الاسم للإشراف من جانبنا. يُرجى مراجعته والمحاولة مرة أخرى.,Der Name wurde von unserer Moderation nicht zugelassen. Bitte überprüfe ihn und versuche es erneut.,Se ha moderado el nombre. Modifícalo e inténtalo de nuevo.,Ce nom et cette description n'ont pas été approuvés par notre modération. Change-les et réessaie.,नाम हमारे मॉडरेशन से होकर नहीं गुज़रा. कृपया इसमें सुधार करके फिर से कोशिश करें.,Nama tidak lolos moderasi kami. Silakan revisi nama dan coba lagi.,Il nome non è stato approvato dai moderatori. Modificalo e riprova.,この名前は内容審査で承認されませんでした。修正してから、もう一度お試しください。,이름이 검열을 통과하지 못했어요. 수정한 후 다시 시도하세요.,Nazwa nie przeszła pozytywnie moderacji. Zmień ją i spróbuj ponownie.,O nome foi reprovado pela moderação. Revise-o e tente de novo.,"Имя не прошло модерацию. Пожалуйста, измените его и попробуйте еще раз.",ชื่อนี้ไม่ผ่านการกลั่นกรองของเรา โปรดแก้ไขและลองใหม่อีกครั้ง,"Ad, denetim aşamamızdan geçemedi. Lütfen gözden geçir ve tekrar dene.",Tên không qua kiểm duyệt của chúng tôi. Vui lòng sửa lại tên và thử lại.,此名称没有通过审核。请修改后再试一次。,此名称没有通过审核。请修改后再试一次。,名稱未通過審核，請修改後重新嘗試。
Studio.PublishPlaceAs.Error.DescriptionModerated,,,The description didn't go through our moderation. Please revise it and try again.,The description didn't go through our moderation. Please revise it and try again.,لم يخضع الوصف للإشراف من جانبنا. يُرجى مراجعته والمحاولة مرة أخرى.,Die Beschreibung wurde von unserer Moderation nicht zugelassen. Bitte überprüfe sie und versuche es erneut.,Se ha moderado la descripción. Modifícala e inténtalo de nuevo.,Cette description n'a pas été approuvée par notre modération. Change-la et réessaie.,विवरण हमारे मॉडरेशन से होकर नहीं गुज़रा. कृपया इसमें सुधार करके फिर से कोशिश करें.,Deskripsi tidak lolos moderasi kami. Silakan revisi deskripsi dan coba lagi.,La descrizione non è stata approvata dai moderatori. Modificala e riprova.,この概要（説明文）は内容審査で承認されませんでした。修正してから、もう一度お試しください。,설명이 검열을 통과하지 못했어요. 수정한 후 다시 시도하세요.,Opis nie przeszedł pozytywnie moderacji. Zmień go i spróbuj ponownie.,A descrição foi reprovada pela moderação. Revise-a e tente de novo.,"Описание не прошло модерацию. Пожалуйста, измените его и попробуйте еще раз.",คำอธิบายนี้ไม่ผ่านการกลั่นกรองของเรา โปรดแก้ไขและลองใหม่อีกครั้ง,"Açıklama, denetim aşamamızdan geçemedi. Lütfen gözden geçir ve tekrar dene.",Mô tả không qua kiểm duyệt của chúng tôi. Vui lòng sửa lại mô tả và thử lại.,此描述没有通过审核。请修改后再试一次。,此描述没有通过审核。请修改后再试一次。,說明未通過審核，請修改後重新嘗試。
Studio.PublishPlaceAs.Error.DescriptionTooLong,,,{1}/{2},{1}/{2},{1}/{2},{1}/{2},{1} de {2},{1}/{2},{1}/{2},{1}/{2},{1}/{2},{1}/{2},{1}/{2},{1}/{2},{1}/{2},{1}/{2},{1}/{2},{1}/{2},{1}/{2},{1}/{2},{1}/{2},{1}/{2}
Studio.PublishPlaceAs.Error.NoDevices,,,You must select at least one playable device.,You must select at least one playable device.,يجب عليك تحديد جهاز تشغيل واحد على الأقل.,Du musst mindestens ein spielfähiges Gerät auswählen.,Debes seleccionar por lo menos un dispositivo compatible.,Vous devez sélectionner au moins un appareil utilisable.,आपको कम-से-कम एक खेलने लायक डिवाइस चुनना होगा.,Kamu harus memilih setidaknya satu perangkat yang bisa digunakan untuk bermain.,Devi selezionare almeno un dispositivo giocabile.,プレイ可能なデバイスを少なくとも1種類、選択する必要があります。,플레이 가능한 기기를 최소 1개 선택해야 합니다.,"Należy wybrać co najmniej jedno urządzenie, na którym można grać.",Você deve selecionar ao menos um dispositivo jogável.,Выберите устройство для воспроизведения.,คุณต้องเลือกอุปกรณ์ที่สามารถเล่นได้อย่างน้อยหนึ่งอุปกรณ์,En az bir oynanabilir cihaz seçmelisin.,Bạn phải chọn ít nhất 1 thiết bị có thể chơi.,你必须选择至少一种可玩设备。,你必须选择至少一种可玩设备。,必須選擇至少一個相容裝置。
Studio.PublishPlaceAs.ScreenHeader.ChooseGame,,,Choose an existing game to add this place,Choose an existing game to add this place,اختر لعبة موجودة لإضافة هذا المكان,"Wähle ein bestehendes Spiel aus, um diesen Ort hinzuzufügen",Elige un juego existente para añadir este lugar,Choisis un jeu existant pour ajouter à cet emplacement,इस प्लेस को जोड़ने के लिए कोई मौजूदा गेम चुनें,Pilih game yang sudah ada untuk ditambahkan ke tempat ini,Scegli un gioco esistente per aggiungere questa località,このプレースを追加する既存のゲームを1つ選択,이 플레이스를 추가할 기존 게임을 선택하세요,"Wybierz istniejącą grę, aby dodać to miejsce",Escolha um jogo existente para adicionar a este local,"Выберите, в какую из существующих игр добавить это место",เลือกเกมที่มีอยู่เพื่อเพิ่มสถานที่นี้,Bu mekânı eklemek için bir oyun seç,Chọn một trò chơi hiện có để thêm địa điểm này,选择现有游戏添加此场景,选择现有游戏添加此场景,選擇要加到此地點的既有遊戲
Studio.PublishPlaceAs.ScreenHeader.ChoosePlace,,,Overwrite or add a new place to {1},Overwrite or add a new place to {1},استبدال أو إضافة مكان جديد إلى {1},{1} überschreiben oder einen neuen Ort hinzufügen,Reemplazar o añadir un lugar nuevo a {1},Réécris quelque chose par dessus ou ajoute un nouvel emplacement sur {1},ओवरराइट करें या {1} में एक नया प्लेस जोड़ें,Timpa atau tambahkan tempat baru ke {1},Sovrascrivi o aggiungi una nuova località in {1},{1} に新しいプレースを上書きか追加する,덮어쓰거나 새 플레이스를 {1}에 추가하세요,Zastąp lub dodaj nowe miejsce w grze {1},Substituir e adicionar um novo local em {1},Перезаписать или добавить новое место в: {1},เขียนทับหรือเพิ่มสถานที่ใหม่ไปยัง {1},Üzerine yaz ya da {1} oyununa yeni mekân ekle,Ghi đè hoặc thêm một địa điểm mới vào {1},覆盖或向 {1} 添加一个新场景,覆盖或向 {1} 添加一个新场景,對 {1} 進行覆寫或新增地點
Studio.PublishPlaceAs.PublishSuccess.Success,,,Successfully published!,Successfully published!,تم النشر بنجاح!,Erfolgreich veröffentlicht!,¡Publicado correctamente!,Publié avec succès !,पब्लिश हो गया!,Berhasil dipublikasikan!,Pubblicazione riuscita!,公開できました！,게시 완료!,Opublikowano!,Publicado com sucesso!,Публикация выполнена!,เผยแพร่สำเร็จแล้ว!,Başarıyla yayınlandı!,Phát hành thành công!,发布成功！,发布成功！,發布成功！
Studio.PublishPlaceAs.PublishSuccess.FindInGame,,,You may find this place in {1},You may find this place in {1},قد تجد هذا المكان في {1},Du findest diesen Ort möglicherweise in {1},Puedes encontrar este lugar en {1},Tu trouveras cet emplacement dans {1},आपको यह प्लेस {1} में मिल सकता है,Kamu dapat menemukan tempat ini di {1},Puoi trovare questa località in {1},このプレースが見つかるまであと{1},이 플레이스는 {1}에서 찾을 수 있습니다,Możesz znaleźć to miejsce w obszarze {1},Você pode encontrar este local em {1},Место находится в: {1},คุณสามารถค้นหาสถานที่นี้ได้ใน {1},Bu mekânı {1} oyununda bulabilirsin,Bạn có thể tìm thấy địa điểm này trong {1},你可以在 {1} 中找到此场景,你可以在 {1} 中找到此场景,您可以在 {1} 找到此地點
Studio.PublishPlaceAs.PublishFail.Fail,,,Publish failed,Publish failed,تعذَّر النشر,Veröffentlichung fehlgeschlagen,Error en la publicación,Échec de la publication,पब्लिश नहीं किया जा सका,Publikasi gagal,Pubblicazione non riuscita,公開できませんでした,게시 실패,Nie udało się opublikować,Falha na publicação,Публикация не выполнена.,เผยแพร่ไม่สำเร็จ,Yayınlama başarısız,Phát hành không thành công,发布失败,发布失败,發布失敗
Studio.PublishPlaceAs.PublishFail.FailConfiguration,,,Could not publish configuration settings.,Could not publish configuration settings.,تعذَّر نشر إعدادات التكوين.,Konfigurationseinstellungen konnten nicht veröffentlicht werden.,No se pudieron publicar los ajustes de la configuración.,Impossible de publier les paramètres de configuration.,कॉन्फ़िगरेशन सेटिंग्स पब्लिश नहीं की जा सकीं.,Tidak bisa memublikasikan pengaturan konfigurasi.,Impossibile pubblicare impostazioni di configurazione.,環境設定を公開できませんでした。,구성 설정을 게시하지 못했습니다.,Nie można opublikować ustawień konfiguracji.,Não foi possível publicar os ajustes de configuração.,Не удалось опубликовать настройки конфигурации.,ไม่สามารถเผยแพร่การตั้งค่าการกำหนดค่าได้,Yapılandırma ayarları yayınlanamadı.,Không thể phát hành cài đặt cấu hình.,无法发布配置设置。,无法发布配置设置。,無法發布設定。
Studio.PublishPlaceAs.GroupDropdown.Me,,,Me,Me,أنا,Ich,Yo,Moi,मैं,Saya,Io,自分,나,Ja,Eu,,ฉัน,Ben,Tôi,我,我,我
Studio.PublishPlaceAs.PageTitle.Creator,,,Creator,Creator,المصمّم,Creator,Creador,Créateur,क्रिएटर,Kreator,Creatore,クリエーター,크리에이터,Twórca,Criador,,ครีเอเตอร์,Oluşturan,Nhà Sáng Tạo,创作者,创作者,創作者
Studio.PublishPlaceAs.General.UntitledGame,,,Untitled Game,Untitled Game,لعبة بدون عنوان,Spiel ohne Titel,Juego sin nombre,Jeu sans titre,बिना नाम वाला गेम,Game Tanpa Judul,Gioco senza titolo,タイトルがないゲーム,제목 없는 게임,Gra bez tytułu,Jogo sem nome,,เกมที่ไม่มีชื่อ,İsimsiz Oyun,Trò Chơi Không Có Tiêu Đề,未命名游戏,未命名游戏,未命名遊戲
Studio.PublishPlaceAs.PrivacyType.Public,,,Public,Public,عامّ,Öffentlich,Público,Publique,पब्लिक,Publik,Pubblico,公開,공개,Publiczne,Público,,สาธารณะ,Herkese Açık,Công Khai,公开,公开,公開
Studio.PublishPlaceAs.PrivacyType.Private,,,Private,Private,خاص,Privat,Privado,Privé,प्राइवेट,Privat,Privato,非公開,비공개,Prywatne,Privado,,ส่วนตัว,Özel,Riêng Tư,私人,私人,私人
Studio.PublishPlaceAs.General.FetchFailed,,,Fetch failed,Fetch failed,تعذَّر الجلب,Abrufen fehlgeschlagen,Error al recuperar,Échec de la récupération,फ़ेच नहीं किया जा सका,Gagal mengambil,Recupero non riuscito,取得できませんでした,가져오기 실패,Nie udało się pobrać,Falha ao buscar,,ดึงไม่สำเร็จ,Alma başarısız,Tìm nạp không thành công,获取失败,获取失败,擷取失敗
Studio.PublishPlaceAs.General.TitlePlayability,,,Playability,Playability,قابلية اللعب,Spielbarkeit,Jugabilidad,Jouabilité,खेलने की योग्यता,Bisa Dimainkan,Giocabilità,プレイアビリティ,플레이 가능 여부,Możliwość grania,Jogabilidade,,สิทธิ์ในการเล่น,Oynanabilirlik,Khả năng chơi,游戏受众,游戏受众,權限
Studio.PublishPlaceAs.General.PlayabilityPublic,,,Public,Public,عامّ,Öffentlich,Público,Public,पब्लिक,Publik,Pubblico,公開,공개,Publiczne,Público,,สาธารณะ,Herkese Açık,Công Khai,公开,公开,公開
Studio.PublishPlaceAs.General.PlayabilityFriends,,,Friends,Friends,الأصدقاء,Freunde,Amigos,Amis,फ़्रेंड्स,Teman,Amici,友達,친구,Znajomi,Amigos,,เพื่อน,Arkadaşlar,Bạn Bè,好友,好友,好友
Studio.PublishPlaceAs.General.PlayabilityPrivate,,,Private,Private,خاص,Privat,Privado,Privé,प्राइवेट,Privat,Privato,非公開,비공개,Prywatne,Privado,,ส่วนตัว,Özel,Riêng Tư,私人,私人,私人
Studio.PublishPlaceAs.General.PlayabilityPublicDesc,,,Anyone on Roblox,Anyone on Roblox,أي شخص على Roblox,Jeder auf Roblox,Cualquier persona en Roblox,Tout le monde sur Roblox,Roblox पर किसी के भी साथ,Semua orang di Roblox,Chiunque su Roblox,Roblox上の誰でも,Roblox의 누구든 가능,Wszyscy na platformie Roblox,Qualquer pessoa na Roblox,,ทุกคนใน Roblox,Roblox'taki herkes,Bất cứ ai trên Roblox,Roblox 上的所有玩家,Roblox 上的所有玩家,Roblox 上的所有人
Studio.PublishPlaceAs.General.PlayabilityFriendsDesc,,,Friends on Roblox,Friends on Roblox,الأصدقاء على Roblox,Freunde auf Roblox,Amigos en Roblox,Amis sur Roblox,Roblox पर फ़्रेंड्स,Teman di Roblox,Amici su Roblox,Roblox上の友達,내 Roblox 친구만 가능,Znajomi na platformie Roblox,Amigos na Roblox,,เพื่อนใน Roblox,Roblox'taki arkadaşlar,Bạn bè trên Roblox,Roblox 上的好友,Roblox 上的好友,Roblox 上的好友
Studio.PublishPlaceAs.General.PlayabilityPrivateDesc,,,Only developers of this game,Only developers of this game,مطورو هذه اللعبة فقط,Nur Entwickler dieses Spiels,Solo los desarrolladores de este juego,Seulement les développeurs de ce jeu,सिर्फ़ इस गेम के डेवलपर,Hanya developer game ini,Solo gli sviluppatori di questo gioco,このゲームの開発者のみ,이 게임의 개발자만 가능,Tylko deweloperzy tej gry,Apenas os desenvolvedores deste jogo,,เฉพาะผู้พัฒนาเกมนี้เท่านั้น,Yalnızca oyunun geliştiricileri,Chỉ các nhà phát triển của trò chơi này,仅开放给此游戏的开发人员,仅开放给此游戏的开发人员,只有本遊戲的開發者
Studio.PublishPlaceAs.General.SavePlace,,,Save Place,Save Place,حفظ المكان,Ort speichern,Guardar lugar,Sauvegarder l'emplacement,प्लेस सेव करें,Simpan Tempat,Salva località,プレースを保存,플레이스 저장,Zapisz miejsce,Salvar local,,บันทึกสถานที่,Mekânı kaydet,Lưu Địa Điểm,保存场景,保存场景,儲存地點
Studio.PublishPlaceAs.FooterButton.SaveToFile,,,Save to file...,Save to file...,حفظ في ملف...,In Datei speichern ...,Guardar en un archivo...,Enregistrer dans un fichier...,फ़ाइल में सेव करें...,Simpan ke file...,Salva su file...,ファイルに保存...,파일에 저장...,Zapisz do pliku...,Salvar em arquivo...,,บันทึกไปยังไฟล์...,Dosyaya kaydet...,Lưu vào tệp...,保存到文件...,保存到文件...,儲存到檔案……
Studio.PublishPlaceAs.PublishSuccess.SaveSuccess,,,Successfully saved!,Successfully saved!,تم الحفظ بنجاح!,Erfolgreich gespeichert!,Guardada correctamente.,Sauvé avec succès !,सेव हो गया है!,Berhasil disimpan!,Salvataggio riuscito!,保存できました！,저장 완료!,Zapisano!,Salvo com sucesso!,,บันทึกสำเร็จแล้ว!,Başarıyla kaydedildi!,Lưu thành công!,保存成功！,保存成功！,儲存成功！
Studio.PublishPlaceAs.General.PublishGame,,,Publish Game,Publish Game,نشر اللعبة,Spiel veröffentlichen,Publicar juego,Publier un jeu,गेम पब्लिश करें,Publikasi Game,Pubblica gioco,ゲームを公開,게임 게시,Opublikuj grę,Publicar jogo,,เผยแพร่เกม,Oyunu yayınla,Đăng Trò Chơi,发布游戏,发布游戏,發布遊戲
Studio.PublishPlaceAs.General.SaveGame,,,Save Game,Save Game,حفظ اللعبة,Spiel speichern,Guardar juego,Sauvegarder un jeu,गेम सेव करें,Simpan Game,Salva gioco,ゲームを保存,게임 저장,Zapisz grę,Salvar jogo,,บันทึกเกม,Oyunu kaydet,Lưu Trò Chơi,保存游戏,保存游戏,儲存遊戲
Studio.PublishPlaceAs.FooterButton.Save,,,Save,Save,حفظ,Speichern,Guardar,Sauvegarder,सेव करें,Simpan,Salva,保存,저장,Zapisz,Salvar,,บันทึก,Kaydet,Lưu,保存,保存,儲存
Studio.PublishPlaceAs.PublishFail.SaveFail,,,Save failed,Save failed,تعذَّر الحفظ,Speicherung fehlgeschlagen,Error al guardar,La sauvegarde a échoué,सेव नहीं किया जा सका,Gagal menyimpan,Salvataggio non riuscito,保存ができませんでした,저장 실패,Nie udało się zapisać,Falha no salvamento,,บันทึกไม่สำเร็จ,Kaydetme başarısız,Lưu không thành công,保存失败,保存失败, 儲存失敗
Studio.PublishPlaceAs.OptInLocations.China,,,China,China,الصين,China,China,Chine,चीन,Tiongkok,Cina,中国,중국,Chiny,China,,ประเทศจีน,Çin,Trung Quốc,中国,中国,中國
Studio.PublishPlaceAs.OptInLocations.TitleOptInLocations,,,Opt-In Locations,Opt-In Locations,مواقع المشاركة,Opt-In-Standorte,Lugares de participación,Emplacements opt-in,ऑप्ट-इन लोकेशन,Lokasi Pilihan,Località opt-in,オプトイン場所,옵트인 위치,Zgłoszone miejsca,Optar por localidades,,ตำแหน่งที่เข้าร่วม,Katılım Konumları,Địa Điểm Tham Gia,选择加入的位置,选择加入的位置,同意位置
Studio.PublishPlaceAs.OptInLocations.Tooltip,,,"Your creation will be published to all locations, including all the selected opt-in locations. See each location for specific requirements.","Your creation will be published to all locations, including all the selected opt-in locations. See each location for specific requirements.",سيتم نشر منتجك في جميع المواقع، بما في ذلك جميع مواقع المشاركة المحددة. تحقَّق من كل موقع لمعرفة المتطلبات المحددة.,"Deine Kreation wird an allen Standorten veröffentlicht, auch an den ausgewählten Opt-in-Standorten. Die spezifischen Anforderungen findest du bei jedem Standort.","Tu creación se publicará en todas las ubicaciones, inclusas todas aquellas seleccionadas. Visita cada una para obtener los requisitos específicos.","Votre création sera publiée partout, y compris sur les destinations facultatives sélectionnées. Consultez chaque destination pour connaître les conditions spécifiques.",आपके क्रिएशन सभी सिलेक्ट की हुई ऑप्ट-इन लोकेशन सहित सभी लोकेशन पर पब्लिश किए जाएँगे. खास ज़रूरतों के लिए हर लोकेशन देखें.,"Kreasimu akan dipublikasikan ke semua lokasi, termasuk lokasi opsional yang dipilih. Lihat setiap lokasi untuk mengetahui syarat spesifiknya.","La tua creazione sarà pubblicata su tutte le località, comprese quelle selezionate tramite opt-in. Per saperne di più sui requisiti specifici, consulta le singole località.",あなたの作品は、すべての選択済みのオプトイン場所に加えてすべての場所で公開されます。各地域ごとの特定の要件をごらんください。,선택한 모든 옵트인 위치를 포함해 전 위치에 본인의 작품이 게시됩니다. 각 위치별로 특정 요구 사항 여부를 확인하세요.,"Twoje dzieło zostanie opublikowane we wszystkich miejscach, w tym we wszystkich wybranych zgłoszonych miejscach. Szczegółowe wymagania sprawdź w każdym z miejsc.","Sua criação será publicada globalmente, além dos locais selecionados. Veja os requerimentos específicos para cada local.",,ผลงานของคุณจะได้รับการเผยแพร่ไปยังตำแหน่งทั้งหมด รวมถึงตำแหน่งที่เข้าร่วมที่ได้เลือกไว้ทั้งหมด ดูแต่ละตำแหน่งเพื่อทราบข้อกำหนดเฉพาะ,"Eserin, seçili tüm katılım konumları da dâhil olmak üzere tüm konumlarda yayınlanacak. Özel gereksinimler için tüm konumlara göz at.","Sản phẩm của bạn sẽ được phát hành đến tất cả các địa điểm, bao gồm cả những địa điểm tham gia. Hãy xem từng địa điểm để biết các yêu cầu cụ thể.",你的作品将会发布到全球，以及所有你选择加入的位置，请查看每个位置了解其要求。,你的作品将会发布到全球，以及所有你选择加入的位置，请查看每个位置了解其要求。,您的創作將會發布到所有位置，選擇的位置在內，請查看個別位置了解其特定需求。
Studio.PublishPlaceAs.OptInLocations.TempLinkDescription,,,"China: to submit your game to the LuoBu app, visit ","China: to submit your game to the LuoBu app, visit ",الصين: لإرسال لعبتك إلى تطبيق LuoBu، يُرجى زيارة ,"China: Um dein Spiel für die LuoBu-App einzureichen, besuche","China: Para enviar tu juego en la aplicación de LuoBu, visita: ","Chine : pour soumettre ton jeu à l'application LuoBu, rendez-vous sur le site suivant ","चीन : LuoBu ऐप पर अपना गेम सबमिट करने के लिए, यहाँ जाएँ ","Tiongkok: untuk mengirimkan game ke aplikasi LuoBu, kunjungi ","Cina: per inviare il tuo gioco all'app LuoBu, consulta ",中国: LuoBu アプリにあなたのゲームを投稿するには、以下を訪問 ,중국: LuoBu 앱에 게임을 제출하려면 다음을 방문하세요 ,"Chiny: aby przesłać grę do aplikacji LuoBu, przejdź pod adres ","China: Para enviar seu jogo para o aplicativo LuoBu, visite ",,ประเทศจีน: ส่งเกมของคุณไปยังแอปพลิเคชัน LuoBu และเยี่ยมชม ,Çin: Oyununu LuoBu uygulamasına göndermek için şu adrese git ,"Trung Quốc: để gửi trò chơi của bạn đến ứng dụng LuoBu, hãy truy cập ",中国：要将游戏提交到罗布乐思 App，请访问 ,中国：要将游戏提交到罗布乐思 App，请访问 ,中國：若要將遊戲發布到羅布樂思 App，請前往 
Studio.PublishPlaceAs.OptInLocations.ChinaRequirements,,, to publish to China, to publish to China, للنشر في الصين,", um in China zu veröffentlichen", para publicar en China, à publier en Chine, चीन में पब्लिश करने के लिए, untuk memublikasikan ke Tiongkok, per pubblicare in Cina,中国で公開, 중국에 게시, aby opublikować w Chinach, para publicar na China,, เพื่อเผยแพร่ไปยังประเทศจีน, ve oyununu Çin'e yayınla, để phát hành sang Trung Quốc, 在中国发布, 在中国发布,在中國發布
Studio.PublishPlaceAs.OptInLocations.RequirementsLinkText,,,Requirements,Requirements,المتطلبات,Anforderungen,Requisitos,Exigences,शर्तें,Persyaratan,Requisiti,要件,요구 사항,Wymagania,Requerimentos,,ข้อกําหนด,Gereksinimler,Yêu Cầu,要求,要求,需求
Studio.PublishPlaceAs.Button.Cancel,,,Cancel,Cancel,إلغاء,Abbrechen,Cancelar,Annuler,कैंसिल करें,Batalkan,Annulla,キャンセル,취소,Anuluj,Cancelar,,ยกเลิก,İptal,Hủy Bỏ,取消,取消,取消
Studio.PublishPlaceAs.Button.Submit,,,Submit,Submit,إرسال,Absenden,Enviar,Envoyer,सबमिट करें,Kirim,Invia,送信,제출,Prześlij,Enviar,,ส่ง,Gönder,Gửi,提交,提交,送出
Studio.PublishPlaceAs.General.ReplyOK,,,OK,OK,موافق,OK,Aceptar,OK,ठीक है,OK,OK,OK,확인,OK,OK,,ตกลง,Tamam,OK,确认,确认,確定
Studio.PublishPlaceAs.General.TermsDialogHeader,,,Terms of Use and Privacy Policy,Terms of Use and Privacy Policy,شروط الاستخدام وسياسة الخصوصية,Nutzungsbedingungen und Datenschutzerklärung,Términos de uso y política de privacidad,Conditions d'utilisation et politique de confidentialité,उपयोग की शर्तें और प्राइवेसी पॉलिसी,Ketentuan Penggunaan dan Kebijakan Privasi,Termini di servizio e Informativa sulla privacy,利用規約とプライバシーポリシー,이용 약관 및 개인정보 처리방침,Warunki użytkowania i Zasady zachowania prywatności,Termos de Uso e Política de Privacidade,,ข้อกำหนดการใช้งานและนโยบายความเป็นส่วนตัว,Kullanım Koşulları ve Gizlilik Politikası,Điều Khoản Sử Dụng và Chính Sách Về Quyền Riêng Tư,使用条款与隐私政策,使用条款与隐私政策,使用條款與隱私權政策
Studio.PublishPlaceAs.General.TermsDialogBody,,,"In order to publish on the LuoBuLeSi app published and operated by Tencent, you need to register an account with Tencent, and accept Tencent’s Terms of Use and Privacy Policy. [link]","In order to publish on the LuoBuLeSi app published and operated by Tencent, you need to register an account with Tencent, and accept Tencent’s Terms of Use and Privacy Policy. [link]",للنشر على تطبيق LuoBuLeSi الذي تنشره وتديره Tencent، تحتاج إلى تسجيل حساب لدى Tencent، وقبول شروط الاستخدام وسياسة الخصوصية لدى Tencent. [رابط],"Um in der LuoBuLeSi-App, die von Tencent veröffentlicht und betrieben wird, zu veröffentlichen, musst du ein Konto bei Tencent registrieren und die Nutzungsbedingungen und Datenschutzerklärung von Tencent akzeptieren. [link]","Para publicar en la aplicación LuoBuLeSi, publicada y operada por Tencent, es necesario registrar una cuenta en Tencent y aceptar las condiciones de uso y la política de privacidad de Tencent. [link]","Pour publier sur l'application LuoBuLeSi, publiée et gérée par Tencent, vous devez créer un compte Tencent et accepter les conditions d'utilisation et la politique de confidentialité de Tencent. [link]","Tencent से पब्लिश और ऑपरेट किए जाने वाले LuoBuLeSi ऐप पब्लिश करने के लिए, आपको Tencent के साथ एक अकाउंट रजिस्टर करना होगा और Tencent की उपयोग की शर्तों और प्राइवेसी पॉलिसी को स्वीकार करना होगा. [link]","Untuk memublikasikan di aplikasi LuoBuLeSi yang dipublikasikan dan dioperasikan oleh Tencent, kamu harus membuat akun Tencent serta menerima Ketentuan Penggunaan dan Kebijakan Privasi Tencent. [link]","Per pubblicare sull'applicazione LuoBuLeSi pubblicata e gestita da Tencent, devi creare un account con Tencent e accettare i Termini di servizio e l'Informativa sulla privacy di Tencent. [link]",テンセントが公開し、運営している LuoBuLeSi アプリ上で公開するには、テンセントのアカウントに登録し、テンセントの利用規約とプライバシーポリシーに同意する必要があります。[link],"Tencent에서 게시하고 운영하는 LuoBuLeSi 앱에 게시하려면, Tencent 계정을 생성하고, Tencent의 이용 약관 및 개인정보 처리방침에 동의해야 합니다. [link]","Aby publikować w aplikacji LuoBuLeSi, której wydawcą i operatorem jest Tencent, należy zarejestrować konto Tencent i zaakceptować Warunki użytkowania i Zasady zachowania prywatności firmy Tencent. [link]","Para publicar no aplicativo LuoBuLeSi, operado e publicado pela Tencent, você precisa registrar um conta com a Tencent e aceitar os Termos de Uso e Política de Privacidade da Tencent. [link]",,หากต้องการเผยแพร่ในแอปพลิเคชัน LuoBuLeSi ซึ่งเผยแพร่และดำเนินการโดย Tencent คุณต้องลงทะเบียนบัญชีกับ Tencent และยอมรับข้อกำหนดการใช้งานและนโยบายความเป็นส่วนตัวของ Tencent [link],Tencent'in yayınladığı ve işlettiği LuoBuLeSi uygulamasında yayınlama yapabilmek için bir Tencent hesabı oluşturman ve Tencent'in Kullanım Koşullarını ve Gizlilik Politikasını kabul etmen gerekir. [link],"Để phát hành trên ứng dụng LuoBuLeSi do Tencent phát hành và vận hành, bạn cần đăng ký tài khoản với Tencent và đồng ý với Điều Khoản Sử Dụng và Chính Sách Về Quyền Riêng Tư của Tencent. [liên kết]",如要在腾讯发布与运营的罗布乐思 App 发布作品，你需要注册腾讯账号并接受腾讯使用条款与隐私政策。[link],如要在腾讯发布与运营的罗布乐思 App 发布作品，你需要注册腾讯账号并接受腾讯使用条款与隐私政策。[link],若要在騰訊發行和營運的羅布樂思 App 發布作品，您必須註冊騰訊帳號並接受騰訊的使用條款與隱私權政策。[link]
Studio.PublishPlaceAs.General.TermsDialogBodyLink,,,You can download the LuoBuLeSi app here.,You can download the LuoBuLeSi app here.,يمكنك تنزيل تطبيق LuoBuLeSi من هنا.,Du kannst die LuoBuLeSi-App hier herunterladen.,Puedes descargar la aplicación LuoBuLeSi aquí.,Vous pouvez télécharger l'application LuoBuLeSi.,LuoBuLeSi ऐप यहाँ से डाउनलोड किया जा सकता है.,Kamu bisa men-download aplikasi LuoBuLeSi di sini.,Puoi scaricare l'app LuoBuLeSi qui.,LuoBuLeSi アプリはこちらでダウンロードできます。,여기에서 LuoBuLeSi 앱을 다운로드할 수 있습니다.,Aplikację LuoBuLeSi można pobrać tutaj.,Você pode baixar o LuoBuLeSi aqui.,,คุณสามารถดาวน์โหลดแอปพลิเคชัน LuoBuLeSi ได้ที่นี่,LuoBuLeSi uygulamasını buradan indirebilirsin.,Bạn có thể tải ứng dụng LuoBuLeSi xuống tại đây.,你可以在此下载罗布乐思 App。,你可以在此下载罗布乐思 App。,您可以在此下載羅布樂思 App。
Studio.PublishPlaceAs.OptInLocations.EmailDialogHeader,,,Email for Review Feedback,Email for Review Feedback,البريد الإلكتروني المُخصَّص لتلقي ملاحظات المراجعة,E-Mail für Feedback zur Überprüfung,Correo electrónico para recibir retroalimentación,E-mail de retour d'évaluation,फ़ीडबैक के रिव्यू के लिए ईमेल,Email untuk Tanggapan Review,E-mail per il feedback di revisione,レビューフィードバックのメール,검토 피드백 수신 이메일,Adres e-mail do przesyłania uwag dotyczących moderacji,E-mail para resultado da avaliação,,อีเมลสำหรับการตรวจสอบข้อเสนอแนะ,İnceleme Geri Bildirimi E-Postası,Gửi Email Để Nhận Phản Hồi Đánh Giá,审核反馈的电子邮件,审核反馈的电子邮件,審查詳細資料電子郵件
Studio.PublishPlaceAs.OptInLocations.EmailDialogBody,,,"Your game will be reviewed by moderators to ensure that your game is compliant with Chinese content regulations. After your game is reviewed, we will send you review feedback.","Your game will be reviewed by moderators to ensure that your game is compliant with Chinese content regulations. After your game is reviewed, we will send you review feedback.",سيراجع المشرفون لعبتك للتأكد من توافقها مع لوائح المحتوى الصينية. وبعد مراجعة لعبتك، سنرسل إليك ملاحظات المراجعة.,"Dein Spiel wird von Moderatoren geprüft, um sicherzustellen, dass es den chinesischen Inhaltsbestimmungen entspricht. Nachdem dein Spiel geprüft wurde, senden wir dir Feedback zur Überprüfung.","Tu juego será revisado por los moderadores para asegurar que cumpla con las normas de contenido chinas. Después de su revisión, te enviaremos retroalimentación.","Ton jeu sera évalué par des modérateurs, qui vérifieront qu'il est conforme aux réglementations chinoises. Une fois l'évaluation terminée, nous vous enverrons notre retour.","यह पक्का करने के लिए कि आपका गेम चीन के कॉन्टेंट नियमों का पालन करता है, मॉडरेटर आपके गेम को रिव्यू करेंगे. आपके गेम को रिव्यू करने के बाद, हम आपको रिव्यू फ़ीडबैक भेजेंगे.","Game buatanmu akan di-review oleh moderator untuk memastikan game tersebut mematuhi peraturan konten yang berlaku di Tiongkok. Setelah game selesai di-review, kami akan mengirimkan tanggapan review.","Il tuo gioco sarà sottoposto a revisione da parte dei moderatori per garantire che sia conforme alle norme cinesi sui contenuti. Al termine della revisione del tuo gioco, ti invieremo un feedback.",あなたのゲームは、中国のコンテンツ規制を確実に遵守するように内容審査フタッフによってレビューされます。ゲームのレビュー後、レビューフィードバックを送信します。,게임이 중국 콘텐츠 규정을 준수하는지 확인하기 위해 검열팀에서 게임을 검토합니다. 게임 검토가 완료되면 검토 피드백을 보내드립니다.,"Gra zostanie sprawdzona przez moderatorów, aby upewnić się, że jest zgodna z przepisami dotyczącymi treści publikowanych w Chinach. Po sprawdzeniu gry prześlemy ci uwagi dotyczące moderacji.","Seu jogo será avaliado por moderadores para garantir que segue as regras de conteúdo da China. Depois que seu jogo for avaliado, enviaremos o resultado da avaliação.",,ผู้กลั่นกรองจะตรวจสอบเกมของคุณเพื่อตรวจสอบให้แน่ใจว่าเกมของคุณปฏิบัติตามกฎหมายด้านเนื้อหาของประเทศจีน หลังจากที่เกมของคุณได้รับการตรวจสอบแล้ว เราจะส่งผลการตรวจสอบให้คุณ,"Denetimciler, oyununun Çin'deki içerik düzenlemelerine uygun olup olmadığını inceleyecek. Oyunun incelendikten sonra sana bir inceleme geri bildirimi göndereceğiz.","Trò chơi của bạn sẽ được các Người kiểm duyệt xem xét để đảm bảo tính tuân thủ với các quy định về nội dung của Trung Quốc. Sau khi trò chơi của bạn được xét duyệt, chúng tôi sẽ gửi cho bạn phản hồi đánh giá.",你的游戏将由审核员进行审核，以确保游戏符合中国的内容规定。在游戏被审核后，我们将向你发送审核反馈。,你的游戏将由审核员进行审核，以确保游戏符合中国的内容规定。在游戏被审核后，我们将向你发送审核反馈。,我們的管理員會審查您的遊戲，確保您的遊戲符合中國內容規定。審查完成後，我們會將詳細資料以電子郵件傳送給您。
Studio.PublishPlaceAs.OptInLocations.EmailDialogDescription,,,Please enter the email where you would like to receive review feedback:,Please enter the email where you would like to receive review feedback:,يُرجى إدخال البريد الإلكتروني الذي ترغب في تلقي ملاحظات المراجعة عليه:,"Bitte gib die E-Mail-Adresse an, an die du das Feedback erhalten möchtest:",Introduce el correo electrónico si quieres recibir retroalimentación de la revisión:,Saisir l'adresse e-mail à laquelle tu souhaites recevoir ton retour d'évaluation :,कृपया वह ईमेल डालें जिस पर आपको रिव्यू का फ़ीडबैक चाहिए :,Masukkan email yang ingin kamu gunakan untuk menerima tanggapan review:,Inserisci l'e-mail sulla quale desideri ricevere il feedback di revisione:,レビューフィードバックを受け取りたいところにメールを入力してください:,검토 피드백을 받을 이메일 주소를 입력하세요:,"Wprowadź adres e-mail, na który chcesz otrzymać uwagi dotyczące moderacji:",Digite o e-mail no qual você gostaria de receber o resultado da avaliação:,,โปรดใส่อีเมลที่คุณต้องการรับผลการตรวจสอบ:,Lütfen inceleme geri bildirimini almak istediğin e-postayı gir:,Vui lòng nhập email mà bạn muốn nhận phản hồi đánh giá:,请输入接收审核反馈的电子邮件地址：,请输入接收审核反馈的电子邮件地址：,請輸入要收到審查詳細資料的電子郵件地址：
Studio.PublishPlaceAs.OptInLocations.ErrorEmailNotEqual,,,The emails you have entered do not match. Please try again.,The emails you have entered do not match. Please try again.,عناوين البريد الإلكتروني التي أدخلتها غير متطابقة. يُرجى المحاولة مرة أخرى.,Die von dir eingegebenen E-Mail-Adressen stimmen nicht überein. Bitte versuche es erneut.,Los correos electrónicos que introduciste no coinciden. Inténtalo de nuevo.,Les adresses e-mail que tu as saisies ne correspondent pas. Réessayer.,"जो ईमेल आपने डाले हैं, वे मैच नहीं करते हैं. कृपया फिर से कोशिश करें.",Email yang kamu masukkan tidak cocok. Coba lagi.,Le e-mail inserite non corrispondono. Riprova.,入力したメールアドレスが一致しません。もう一度お試しください。,입력하신 이메일이 일치하지 않습니다. 다시 시도하세요.,Wprowadzone adresy e-mail nie są zgodne. Spróbuj ponownie.,Os e-mails fornecidos não conferem. Tente novamente.,,อีเมลที่คุณใส่ไม่ตรงกัน โปรดลองอีกครั้ง,Girdiğin e-postalar eşleşmiyor. Lütfen tekrar dene.,Email bạn đã nhập không khớp. Vui lòng thử lại.,你输入的邮件地址不一致。请重试。,你输入的邮件地址不一致。请重试。,輸入的電子郵件地址不符，請重新嘗試。
Studio.PublishPlaceAs.OptInLocations.EmailAddress,,,Email address,Email address,عنوان البريد الإلكتروني,E-Mail-Adresse,Dirección de correo electrónico,Adresse e-mail,ईमेल एड्रेस,Alamat email,Indirizzo e-mail,メールアドレス,이메일 주소,Adres e-mail,Endereço de e-mail,,ที่อยู่อีเมล,E-posta adresi,Địa chỉ email,电子邮件地址,电子邮件地址,電子郵件地址
Studio.PublishPlaceAs.OptInLocations.ConfirmEmailAddress,,,Confirm email address,Confirm email address,تأكيد عنوان البريد الإلكتروني,E-Mail-Adresse bestätigen,Confirmar dirección de correo electrónico,Confirmer l'adresse e-mail,ईमेल एड्रेस कन्फ़र्म करें,Konfirmasi alamat email,Conferma indirizzo e-mail,メールアドレスの認証,이메일 주소 확인,Potwierdź adres e-mail,Confirmar endereço de e-mail,,ยืนยันที่อยู่อีเมล,E-posta adresini onayla,Xác nhận địa chỉ email,确认邮件地址,确认邮件地址,確認電子郵件地址
Studio.PublishPlaceAs.OptInLocations.EmailSubmitFailure,,,Failed to submit email for review feedback. Opt-In locations have not been updated. Please go to Game Settings to update Opt-In locations.,Failed to submit email for review feedback. Opt-In locations have not been updated. Please go to Game Settings to update Opt-In locations.,تعذَّر إرسال البريد الإلكتروني المُخصَّص لتلقي ملاحظات المراجعة عليه. لم يتم تحديث مواقع المشاركة. يُرجى الانتقال إلى إعدادات اللعبة لتحديث مواقع المشاركة.,"Die E-Mail für das Feedback zur Überprüfung konnte nicht gesendet werden. Die Opt-In-Standorte wurden nicht aktualisiert. Bitte gehe zu den Spieleinstellungen, um die Opt-In-Standorte zu aktualisieren.",No se pudo enviar el correo electrónico para revisar los comentarios. Las ubicaciones de participación no se han actualizado. Ve a Configuración del juego para actualizarlas.,Échec de l'envoi d'e-mail de retour d'évaluation. Les destinations facultatives n'ont pas été mises à jour. Allez dans les paramètres du jeu pour les mettre à jour.,रिव्यू फ़ीडबैक के लिए ईमेल सबमिट नहीं किया जा सका. ऑप्ट-इन लोकेशन अपडेट नहीं किए गए हैं. ऑप्ट-इन लोकेशन अपडेट करने के लिए कृपया गेम सेटिंग पर जाएँ.,Gagal mengirimkan email untuk tanggapan review. Lokasi pilihan belum di-update. Buka Pengaturan Game untuk meng-update lokasi Pilihan.,Impossibile inviare l'e-mail per il feedback di revisione. Le località opt-in non sono state aggiornate. Vai su Impostazioni di gioco per aggiornare le località opt-in.,レビューフィードバックのメールを送信できませんでした。オプトイン場所を更新できませんでした。ゲーム設定に行って、オプトイン場所を更新してください。,검토 피드백 수신 이메일을 제출하지 못했습니다. 옵트인 위치의 업데이트가 필요합니다. '게임 설정'으로 이동해 옵트인 위치를 업데이트하세요.,Nie udało się przesłać adresu e-mail do przesyłania uwag dotyczących moderacji. Nie zaktualizowano zgłoszonych lokalizacji. Przejdź do ustawień gry i zaktualizuj zgłoszone lokalizacje.,Erro ao enviar o e-mail para revisão. Os locais aceitos não foram atualizados. Vá às Configurações de jogo para atualizar os locais aceitos.,,ส่งอีเมลสำหรับการตรวจสอบข้อเสนอแนะไม่สำเร็จ ตำแหน่งที่เข้าร่วมยังไม่ได้รับการอัปเดต โปรดไปที่การตั้งค่าเกมเพื่ออัปเดตตำแหน่งที่เข้าร่วม,İnceleme geri bildirimi için e-posta gönderilemedi. Katılım konumları güncellenmedi. Katılım konumlarını güncellemek için lütfen Oyun Ayarlarına git.,Không gửi được email để nhận phản hồi đánh giá. Các địa điểm tham gia chưa được cập nhật. Vui lòng truy cập Cài Đặt Trò Chơi để cập nhật các địa điểm Tham Gia.,提交审核反馈的电子邮件时出错。加入位置未更新。请前往游戏设置并更新加入位置。,提交审核反馈的电子邮件时出错。加入位置未更新。请前往游戏设置并更新加入位置。,無法送出審查詳細資料電子郵件地址。同意位置並未更新。請前往遊戲設定更新同意位置。
Studio.PublishPlaceAs.Error.GetConfiguration,,,Error getting universe configuration info.,Error getting universe configuration info.,حدث خطأ أثناء الحصول على معلومات تكوين الكون.,Fehler beim Abrufen der Universum-Konfigurationsinformationen.,Error al obtener la información de la configuración del universo,Erreur lors de l'obtention des données de configuration de l'univers.,यूनिवर्स कॉन्फ़िगरेशन जानकारी पाने में गड़बड़ी.,Eror saat mengambil info konfigurasi universe.,Errore nel recupero delle informazioni sulla configurazione dell'universo.,ユニバース環境設定情報の取得でエラーが発生。,유니버스 구성 정보를 가져오는 동안 오류가 발생했습니다.,Błąd podczas pobierania informacji o konfiguracji uniwersum.,Erro ao obter a informação de configuração universal.,,เกิดข้อผิดพลาดในการรับข้อมูลการกำหนดค่ายูนิเวิร์ส,Evren yapılandırma bilgisi alınırken hata.,Lỗi khi nhận thông tin cấu hình vũ trụ.,获取 Universe 配置信息时出错。,获取 Universe 配置信息时出错。,取得宇宙設定資訊時發生錯誤。
Studio.PublishPlaceAs.Error.SetConfiguration,,,Error setting universe configuration info.,Error setting universe configuration info.,حدث خطأ أثناء إعداد معلومات تكوين الكون.,Fehler beim Einstellen der Universum-Konfigurationsinformationen.,Error al definir la información de la configuración del universo,Erreur lors du paramétrage des données de configuration de l'univers.,यूनिवर्स कॉन्फ़िगरेशन जानकारी सेट करने में गड़बड़ी.,Eror saat mengatur info konfigurasi universe.,Errore nell'impostazione delle informazioni sulla configurazione dell'universo.,ユニバース環境設定情報の設定でエラーが発生。,유니버스 구성 정보를 설정하는 동안 오류가 발생했습니다.,Błąd podczas ustawiania informacji o konfiguracji uniwersum.,Erro ao definir a informação de configuração do universo.,,เกิดข้อผิดพลาดในกำหนดค่าข้อมูลการกำหนดค่ายูนิเวิร์ส,Evren yapılandırma bilgileri ayarlanırken hata.,Lỗi khi thiết lập thông tin cấu hình vũ trụ.,设置 Universe 配置信息时出错。,设置 Universe 配置信息时出错。,設定宇宙設定資訊時發生錯誤。
Studio.PublishPlaceAs.Error.SetRootPlaceInfo,,,Error setting root place info.,Error setting root place info.,حدث خطأ أثناء إعداد معلومات جذر المكان.,Fehler beim Einstellen der Stammortinformationen.,Error al definir la información del lugar raíz,Erreur lors du paramétrage des données de l'emplacement racine.,रूट प्लेस की जानकारी सेट करने में गड़बड़ी हुई.,Eror saat mengatur info tempat akar.,Errore nell'impostazione delle informazioni sulla località radice.,ルートプレース情報の設定でエラーが発生。,루트 플레이스 정보를 설정하는 동안 오류가 발생했습니다.,Błąd podczas ustawiania informacji o miejscu źródłowym.,Erro ao definir a informação do local raiz.,,เกิดข้อผิดพลาดในการกำหนดค่าข้อมูลสถานที่ส่วนหลัก,Kök mekân bilgileri ayarlanırken hata.,Lỗi khi thiết lập thông tin địa điểm gốc.,设置根场景信息时出错。,设置根场景信息时出错。,設定根地點時發生錯誤。
Studio.PublishPlaceAs.Error.ActivatingUniverse,,,Error activating the universe.,Error activating the universe.,حدث خطأ أثناء تنشيط الكون.,Fehler beim Aktivieren des Universums.,Error al activar el universo,Erreur lors de l'activation de l'univers.,यूनिवर्स को ऐक्टिवेट करने में गड़बड़ी हुई.,Eror saat mengaktifkan universe.,Errore nell'attivazione dell'universo.,ユニバースのアクティブ化でエラーが発生。,유니버스를 활성화하는 동안 오류가 발생했습니다.,Błąd podczas aktywowania uniwersum.,Erro ao ativar o universo.,,เกิดข้อผิดพลาดในการเปิดใช้งานยูนิเวิร์ส,Evren etkinleştirilirken hata.,Lỗi khi kích hoạt vũ trụ.,激活 Universe 时出错。,激活 Universe 时出错。,啟用宇宙時發生錯誤。
Studio.PublishPlaceAs.Error.DeactivatingUniverse,,,Error deactivating the universe.,Error deactivating the universe.,حدث خطأ أثناء إلغاء تنشيط الكون.,Fehler beim Deaktivieren des Universums.,Error al desactivar el universo,Erreur lors de la désactivation de l'univers.,यूनिवर्स को डीऐक्टिवेट करने में गड़बड़ी हुई.,Eror saat melakukan deaktivasi universe.,Errore nella disattivazione dell'universo.,ユニバースの非アクティブ化でエラーが発生。,유니버스를 비활성화하는 동안 오류가 발생했습니다.,Błąd podczas dezaktywowania uniwersum.,Erro ao desativar o universo.,,เกิดข้อผิดพลาดในการปิดใช้งานยูนิเวิร์ส,Evren devre dışı bırakılırken hata.,Lỗi khi vô hiệu hóa vũ trụ.,停止 Universe 时出错。,停止 Universe 时出错。,停用宇宙時發生錯誤。
Studio.PublishPlaceAs.TeamCreate.Title,,,Team Create,Team Create,إنشاء فريق,Team Create,Creación en equipo,Création en équipe,टीम क्रिएट,Kreasi Bersama,Creazione di squadra,チーム制作機能,팀 제작,Tworzenie zespołowe,Criação em equipe,,การสร้างร่วมกับเพื่อน,Takım Çalışması,Team Create,组队创作,组队创作,團隊創作
Studio.PublishPlaceAs.TeamCreate.LinkDescription,,,Enables collaboration and autosave to cloud [link]  ,Enables collaboration and autosave to cloud [link]  ,تمكين التعاون والحفظ التلقائي في السحابة [رابط]  ,Ermöglicht die Zusammenarbeit und die automatische Speicherung in der Cloud [link]  ,Activa la colaboración y el guardado automático en la nube [link]  ,Active la collaboration et l'enregistrement automatique sur le cloud [link]  ,क्लाउड में कोलैबरेशन और ऑटोसेव चालू करता है [link]  ,Memungkinkan kolaborasi dan penyimpanan otomatis ke cloud [link]  ,Abilita la collaborazione e l'autosalvataggio sul cloud [link]  ,共同作業とクラウドへの自動保存を有効化 [link]  ,공동 작업 및 클라우드에 자동 저장 활성화 [link]  ,Umożliwia współpracę i autozapisy w chmurze [link],Ativa a colaboração e salvamento automático na nuvem [link]  ,,เปิดใช้งานการทำงานร่วมกันและการบันทึกอัตโนมัติไปยังคลาวด์ [link]  ,Ortak çalışmayı etkinleştirir ve buluta otomatik kaydetmeyi etkinleştirir [link]  ,Cho phép cộng tác và tự động lưu vào đám mây [liên kết]  ,启用合作和自动存储到云端 [link],启用合作和自动存储到云端 [link],啟用合作和自動儲存到雲端 [link]
Studio.PublishPlaceAs.TeamCreate.LinkText,,,Learn more,Learn more,معرفة المزيد,Mehr erfahren,Aprende más,En savoir plus,ज़्यादा जानें,Pelajari selengkapnya,Maggiori informazioni,もっと詳しく,더 알아보기,Dowiedz się więcej,Saiba mais,,เรียนรู้เพิ่มเติม,Daha fazla bilgi edin,Tìm hiểu thêm,了解更多,了解更多,了解更多
Studio.PublishPlaceAs.General.RolloutOptionDefault,,,Default,Default,افتراضي,Standard,Predeterminado,Par défaut,डिफ़ॉल्ट,Default,Predefinito,デフォルト,기본값,Domyślne,Padrão,,ค่าเริ่มต้น,Varsayılan,Mặc Định,默认,默认,預設
Studio.PublishPlaceAs.General.RolloutOptionForce,,,Forced,Forced,إجباري,Erzwungen,Forzado,Forcé,फ़ोर्स किया गया,Paksa,Forzato,強制済み,강제 적용됨,Wymuszone,Forçado,,บังคับ,Zorla,Cưỡng Ép,强制退出,强制退出,逐出
Studio.PublishPlaceAs.General.RolloutOption,,,RolloutOption,RolloutOption,RolloutOption,RolloutOption,RolloutOption,RolloutOption,RolloutOption,RolloutOption,RolloutOption,RolloutOption,RolloutOption,RolloutOption,RolloutOption,,RolloutOption,Açılma Seçimi,RolloutOption,RolloutOption,RolloutOption,RolloutOption
Studio.PublishPlaceAs.General.RolloutOptionDefaultDesc,,,New play sessions will happen on servers with the latest version while existing servers with the old version keeping running until they naturally die out.,New play sessions will happen on servers with the latest version while existing servers with the old version keeping running until they naturally die out.,ستُجرى جلسات اللعب الجديدة على الخوادم ذات الإصدار الأحدث بينما تستمر الخوادم الحالية ذات الإصدار القديم في العمل حتى تنتهي بشكل طبيعي.,"Neue Spielsitzungen werden auf Servern mit der neuesten Version stattfinden, während bestehende Server mit der alten Version weiterlaufen, bis sie auf natürliche Weise auslaufen.",Las nuevas sesiones de juego se ejecutarán en servidores con la última versión mientras que los servidores existentes con la versión anterior se mantienen funcionando hasta que desaparecen.,Les nouvelles sessions de jeu ont lieu sur les serveurs dotés de la dernière version. Les serveurs qui utilisent toujours l'ancienne version continuent de fonctionner jusqu'à ce que les utilisateurs cessent de les fréquenter.,"नए प्ले सेशन सबसे नए वर्ज़न वाले सर्वरों पर होंगे, जबकि पुराने वर्ज़न वाले मौजूदा सर्वर तब तक चलते रहेंगे जब तक कि वे स्वाभाविक रूप से खत्म नहीं हो जाते.",Sesi permainan baru akan terjadi di server dengan versi terbaru sementara server lama dengan versi lama akan tetap berjalan sampai pada akhirnya tidak aktif lagi.,"Le nuove sessioni di gioco si svolgeranno sui server con la versione più recente, mentre i server con la vecchia versione continueranno a funzionare fin quando non si spegneranno naturalmente.",新しいプレイセッションは最新バージョンのサーバーで行われますが、古いバージョンの既存サーバーは自然に廃止されるまで稼働します。,새로운 플레이 세션은 최신 버전의 서버에서 발생하며 기존 버전의 기존 서버는 자연스럽게 만료될 때까지 계속 실행됩니다.,"Nowe sesje gry będą się odbywać na serwerach z najnowszą wersją, a istniejące serwery ze starą wersją będą działać do czasu ich naturalnego wygaśnięcia.",Novas sessões de jogo ocorrerão nos servidores com a versão mais recente enquanto os servidores existentes mantêm a versão antiga em funcionamento até morrerem naturalmente.,,เซสชันการเล่นใหม่จะเกิดขึ้นในเซิร์ฟเวอร์ที่เป็นเวอร์ชันล่าสุด ในขณะที่เซิร์ฟเวอร์ที่มีอยู่ที่เป็นเวอร์ชันเก่าจะทำงานต่อไปจนกว่าจะสิ้นสูญไปตามธรรมชาติ,"Yeni oyun oturumları, son sürümdeki sunucularda gerçekleşirken eski sürümdeki sunucular kendi kendilerine kapanana kadar çalışmaya devam eder.","Các phiên chơi mới sẽ diễn ra trên các máy chủ có phiên bản mới nhất, trong khi các máy chủ hiện có với phiên bản cũ sẽ tiếp tục hoạt động cho đến khi tự động kết thúc.",新的游戏会话会在运行新版本的服务器上启动，运行旧版本的服务器将会持续到所有会话结束。,新的游戏会话会在运行新版本的服务器上启动，运行旧版本的服务器将会持续到所有会话结束。,新的作業會在運行新版本的伺服器上啟動，運行舊版本的伺服器將會持續到所有作業結束為止。
Studio.PublishPlaceAs.General.RolloutOptionForceDesc,,,All existing servers are forced to shutdown in a few minutes upon publishing so that all players will join the latest version. It equals to publish and 'Shutdown all servers'.,All existing servers are forced to shutdown in a few minutes upon publishing so that all players will join the latest version. It equals to publish and 'Shutdown all servers'.,"يتم إجبار جميع الخوادم الحالية على الإغلاق في بضع دقائق عقب النشر بحيث ينضم جميع اللاعبين إلى أحدث إصدار. وهذا بمثابة النشر و""إغلاق جميع الخوادم"".","Alle bestehenden Server müssen nach Veröffentlichung in wenigen Minuten abschalten, sodass alle Spieler der neuesten Version beitreten. Es entspricht ""Veröffentlichen"" und ""Alle Server abschalten"".",Todos los servidores existentes se apagarán en unos minutos después de publicar para que todos los jugadores se unan a la última versión. Eso significa publicar y Cerrar todos los servidores.,"Tous les serveurs existants sont fermés de force pendant quelques minutes lors de la publication, afin que tous les joueurs se retrouvent sur la dernière version. Cette action équivaut à publier puis à fermer tous les serveurs.","सभी मौजूदा सर्वरों को पब्लिकेशन पर कुछ ही मिनटों में बंद करने के लिए फ़ोर्स किया जाता है, ताकि सभी प्लेयर सबसे नए वर्ज़न में शामिल हो सकें. यह पब्लिश करने और 'सभी सर्वरों को बंद करने' के बराबर होता है.","Semua server lama dimatikan secara paksa dalam beberapa menit setelah publikasi sehingga semua pemain akan bergabung dengan versi terbaru. Hal ini sama dengan publikasi dan ""Matikan semua server"".","Tutti i server esistenti subiranno un arresto forzato entro pochi minuti dalla pubblicazione, in modo che tutti i giocatori possano unirsi all'ultima versione. Corrisponde a pubblicare e ""Arresta tutti i server"".",すべての既存のサーバーは公開時に数分でシャットダウンされ、すべてのプレイヤーが最新バージョンに参加できるようになります。 つまり、公開して「すべてのサーバーをシャットダウンする」ことと同じです。,모든 기존 서버는 게시하면 몇 분 후 강제 종료되므로 전체 플레이어가 최신 버전에 참가할 수 있습니다. 이는 게시 및 '모든 서버의 종료'와 같습니다.,"Na wszystkich istniejących serwerach wymuszono zamknięcie w ciągu kilku minut po opublikowaniu, aby wszyscy gracze dołączali do najnowszej wersji. Jest to równoznaczne z opublikowaniem z opcją „Zamknij wszystkie serwery”.","Todos os servidores existentes serão forçados a desligar em alguns minutos ao publicar, para que todos os jogadores entrem na versão mais recente. É igual a publicar e 'Desligar todos os servidores'.",,เซิร์ฟเวอร์ที่มีอยู่ทั้งหมดจะถูกบังคับปิดภายในไม่กี่นาทีหลังจากการเผยแพร่เพื่อให้ผู้เล่นทั้งหมดเข้าร่วมเวอร์ชันล่าสุด การดำเนินการนี้เทียบเท่ากับการเผยแพร่และการปิดเซิร์ฟเวอร์ทั้งหมด,"Yayınlamadan sonraki birkaç dakika içerisinde tüm sunucular kapanmaya zorlanarak oyuncuların son sürüme katılmaları sağlanır. Yayınlamadan sonra ""Tüm sunucuları kapat"" seçimiyle aynı işleve sahiptir.","Tất cả các máy chủ hiện có sẽ bị cưỡng ép tắt trong vài phút sau khi phát hành để tất cả người chơi tham gia phiên bản mới nhất. Tương tự như phát hành và ""Tắt tất cả máy chủ"".",所有当前服务器将在发布后的几分钟内强制关闭，所有玩家将加入运行新版本的服务器。此操作等同于“发布并关闭所有服务器”。,所有当前服务器将在发布后的几分钟内强制关闭，所有玩家将加入运行新版本的服务器。此操作等同于“发布并关闭所有服务器”。,所有運行舊版本的伺服器將會在發布後的幾分鐘內強制關閉，所有玩家將會加入運行新版本的伺服器。此操作和「發布並關閉所有伺服器」相同。
Studio.PublishPlaceAs.General.RollbackToggleTitle,,,Enable Rollback to Previous Version,Enable Rollback to Previous Version,تمكين التراجع إلى الإصدار السابق,Rollback zur vorherigen Version aktivieren,Activar Rollback a la versión anterior,Activer le retour à la version précédente,पिछले वर्ज़न पर रोलबैक चालू करें,Aktifkan Rollback ke Versi Sebelumnya,Abilita il rollback alla versione precedente,以前のバージョンへのロールバックを有効にする,이전 버전으로 롤백 활성화,Włącz cofanie do poprzedniej wersji,Ativar retorno para a versão anterior,,เปิดใช้งานการโรลแบ็คกลับไปเป็นเวอร์ชันก่อนหน้า,Önceki Sürüme Dönmeyi Etkinleştir,Bật tính năng Khôi Phục về Phiên Bản Trước,启用回滚到先前版本,启用回滚到先前版本,啟用回溯到先前版本
Studio.PublishPlaceAs.General.RollbackToggleDesclinkText,,,Learn more,Learn more,معرفة المزيد,Mehr erfahren,Aprende más,En savoir plus,ज़्यादा जानें,Pelajari selengkapnya,Maggiori informazioni,もっと詳しく,더 알아보기,Dowiedz się więcej,Saiba mais,,เรียนรู้เพิ่มเติม,Daha fazla bilgi edin,Tìm hiểu thêm,了解更多,了解更多,了解更多
Studio.PublishPlaceAs.General.RollbackToggleDesc,,,Enabling rollback to previous version if the overwrite is rejected [link],Enabling rollback to previous version if the overwrite is rejected [link],تمكين التراجع إلى الإصدار السابق إذا تم رفض الاستبدال [رابط],"Rollback auf die vorherige Version aktivieren, wenn das Überschreiben abgelehnt wird [link]",Activar la devolución a la versión anterior si se rechaza el reemplazo [link],Activer le retour à la version précédente si le remplacement est rejeté [link],ओवरराइट अस्वीकार होने पर पिछले वर्ज़न में रोलबैक चालू करना [link],Memungkinkan rollback ke versi sebelumnya jika penimpaan ditolak [link],Abilitazione del rollback alla versione precedente se la sovrascrittura viene rifiutata [link],上書きが拒否された場合、以前のバージョンへのロールバックを有効にします [link],덮어쓰기가 거부된 경우 이전 버전으로 롤백 활성화 [link],Włączenie cofania do poprzedniej wersji w przypadku odrzucenia zastąpienia [link],Permitindo retornos para versão anterior se a substituição for rejeitada [link],,เปิดใช้งานการโรลแบ็คกลับไปเป็นเวอร์ชันก่อนหน้าหากการเขียนทับถูกปฏิเสธ [link],Üzerine yazma reddedilirse önceki sürüme dönmeyi etkinleştirir [link],Bật tính năng khôi phục về phiên bản trước nếu bản ghi đè bị từ chối [liên kết],如果覆盖被拒绝，启用回滚到先前版本 [link],如果覆盖被拒绝，启用回滚到先前版本 [link],在覆寫遭拒時啟用回溯到先前版本 [link]
Studio.PublishPlaceAs.FooterButton.Next,,,Next,Next,التالي,Weiter,Siguiente,Suivant,आगे जाएँ,Lanjutkan,Avanti,次へ,다음,Dalej,Próximo,,ถัดไป,Sonraki,Tiếp Theo,下一个,下一个,下一個
Studio.PublishPlaceAs.ScreenHeader.PublishManagement,,,How would you like to release the overwrite to {1} under {2}?,How would you like to release the overwrite to {1} under {2}?,كيف تريد إصدار الاستبدال إلى {1} ضمن {2}؟,Wie würdest du das Überschreiben nach {1} unter {2} freigeben?,¿Cómo quieres liberar la sobreescritura a {1} bajo {2}?,Comment souhaites-tu publier le remplacement de {1} sous {2} ?,आपको {1} में {2} के तहत ओवरराइट को कैसे जारी रखना है?,Bagaimana kamu ingin merilis penimpaan ke {1} di {2}?,Come desideri pubblicare la sovrascrittura su {1} sotto {2}?,{2} の下の {1} への上書きをリリースしますか？,{2} 아래에 {1} 덮어쓰기를 어떻게 릴리스할까요?,Jak chcesz opublikować zastąpienie w grze {1} w obszarze {2}?,Como você gostaria de liberar a substituição para {1} em {2}?,,คุณต้องการปล่อยการเขียนทับไปยัง {1} ภายใต้ {2} อย่างไร?,{2} altındaki {1} deneyiminin üzerine yazmayı nasıl bırakmak istersin?,Bạn muốn phát hành bản ghi đè cho {1} thuộc {2} theo cách nào?,你想如何发布“{2}”下的“{1}”覆盖？,你想如何发布“{2}”下的“{1}”覆盖？,您想如何發布在 {2} 底下的 {1} 覆寫？
Studio.PublishPlaceAs.TcToggleCallout.Title,,,New! Team Create,New! Team Create,جديد! إنشاء فريق,Neu! Team Create,¡Nuevo! Creación en equipo,Nouveau ! Création en équipe,नया! टीम क्रिएट,Baru! Kreasi Bersama,Novità: Creazione di squadra!,新着！チーム制作機能,새로운 기능! 팀 제작,Nowość! Tworzenie zespołowe,Novo! Criação em equipe,,ใหม่! การสร้างร่วมกับเพื่อน,Yeni! Takım Çalışması,Mới! Team Create,新功能！组队创作,新功能！组队创作,新功能！團隊創作
Studio.PublishPlaceAs.TcToggleCallout.Description,,,Team Create enables collaboration and autosave to cloud!,Team Create enables collaboration and autosave to cloud!,يتيح إنشاء الفريق التعاون والحفظ التلقائي في السحابة!,Team Create ermöglicht die Zusammenarbeit und die automatische Speicherung in der Cloud!,Creación en equipo permite colaborar y guardar automáticamente en la nube.,La création en équipe permet la collaboration et l'enregistrement automatique dans le cloud !,'टीम क्रिएट' क्लाउड पर कोलैबरैशन और ऑटोसेव को चालू करता है!,Kreasi Bersama memungkinkan kolaborasi dan penyimpanan otomatis ke cloud!,Creazione di squadra abilita la collaborazione e l'autosalvataggio sul cloud [link],「チーム制作機能」は、共同作業とクラウドへの自動保存を有効化します！,팀 제작을 통해 다른 이들과 공동으로 작업하며 클라우드에 자동으로 저장할 수 있습니다!,Tworzenie zespołowe umożliwia współpracę i automatyczne zapisywanie w chmurze!,A Criação em equipe permite a colaboração e salvamento automático na nuvem!,,การสร้างร่วมกับเพื่อนจะเปิดใช้งานการทำงานร่วมกันและการบันทึกอัตโนมัติไปยังคลาวด์!,"Takım Çalışması, ortak çalışma ve buluta otomatik kaydetme olanağı sağlar!",Team Create cho phép cộng tác và tự động lưu vào đám mây!,组队创作可以让你与他人合作，并自动存储到云端！,组队创作可以让你与他人合作，并自动存储到云端！,團隊創作可以讓您與他人合作和自動儲存到雲端！
Studio.PublishPlaceAs.Button.AddNewPlaceToGame,,,Add as a new place,Add as a new place,إضافة كمكان جديد,Als neuen Ort hinzufügen,Añadir como lugar nuevo,Ajouter comme nouveau lieu,एक नए प्लेस के रूप में जोड़ें,Tambahkan sebagai tempat baru,Aggiungi come nuova località,新しいプレースとして追加,새 플레이스로 추가,Dodaj jako nowe miejsce,Adicionar como um novo lugar,,เพิ่มเป็นสถานที่ใหม่,Yeni mekân olarak ekle,Thêm dưới dạng một địa điểm mới,添加为新场景,添加为新场景,新增為新地點
Studio.PublishPlaceAs.ScreenHeader.ChooseGameNew,,,Choose a game to add this place to.,Choose a game to add this place to.,اختر لعبة لإضافة هذا المكان إليها.,"Wähle ein Spiel, dem du diesen Ort hinzufügen möchtest.",Elige un juego al que agregar este lugar.,Choisissez un jeu à ajouter à ce lieu.,इस प्लेस को जोड़ने के लिए कोई गेम चुनें.,Pilih game untuk menambahkan tempat ini ke dalamnya.,Scegliere un gioco a cui aggiungere questo posto.,このプレースに追加するゲームを選択。,이 플레이스를 추가할 게임을 선택하세요.,"Wybierz grę, w której chcesz dodać to miejsce.",Escolha um jogo para adicionar este local.,,เลือกเกมที่จะเพิ่มสถานที่นี้,Mekânı eklemek için bir oyun seç.,Chọn một trò chơi để thêm địa điểm này vào.,选择要添加此场景的游戏。,选择要添加此场景的游戏。,選擇要新增此地點的遊戲。
Studio.PublishPlaceAs.Devices.VR,,,VR,VR,الواقع الافتراضي,VR,RV,RV,VR,VR,VR,VR,VR,Urządzenie VR,RV,,VR,VR,Thực Tế Ảo,VR,VR,VR
Studio.PublishPlaceAs.VRPrompt.Title,,,VR Experience Agreement,VR Experience Agreement,اتفاقية تجارب الواقع الافتراضي,VR-Experience-Vereinbarung,Acuerdo de Experiencia RV,Accord sur l'expérience RV,VR एक्सपीरिएंस एग्रीमेंट,Perjanjian Pengalaman Virtual VR,Contratto di Esperienza VR,VR体験同意書,VR 체험 계약,Umowa dotycząca projektów na urządzenia VR,Acordo de Experiência VR,,ข้อตกลงประสบการณ์ VR,VR Deneyimi Anlaşması,Thỏa Thuận Trải Nghiệm Thực Tế Ảo,VR 体验协议,VR 体验协议,VR 體驗協議
Studio.PublishPlaceAs.VRPrompt.Header,,,Only turn this option on if you want your experience to be available on Virtual Reality headsets.,Only turn this option on if you want your experience to be available on Virtual Reality headsets.,شغِّل هذا الخيار فقط إذا كنت تريد أن تكون تجربتك متاحة على سماعات الواقع الافتراضي.,"Aktiviere diese Option nur, wenn du möchtest, dass deine Experience auf Virtual Reality-Headsets verfügbar ist.",Activa esta opción solo si quieres que tu experiencia esté disponible en cascos de Realidad Virtual.,N'active cette option que si tu souhaites que ton expérience soit disponible sur les casques de réalité virtuelle.,"इस विकल्प को तभी चालू करें, जब आपको 'वर्चुअल रियलिटी' हेडसेट पर अपना एक्सपीरिएंस उपलब्ध करवाना हो.",Hanya aktifkan opsi ini jika kamu ingin pengalaman virtualmu tersedia di headset Virtual Reality.,Attiva questa opzione solo se vuoi che la tua esperienza sia disponibile sugli auricolari Realtà Virtuale.,バーチャル空間をバーチャルリアリティ用ヘッドセットで利用できるようにしたい場合にだけ、このオプションをオンにします。,가상 현실 헤드셋으로 체험할 수 있도록 제작할 경우에만 이 옵션을 켜세요.,"Włącz tę opcję tylko wówczas, jeśli chcesz, aby twój projekt był dostępny na goglach VR.",Ative esta opção somente se você quiser que sua experiência esteja disponível em dispositivos de realidade virtual.,,เปิดตัวเลือกนี้หากคุณต้องการให้ประสบการณ์ของคุณพร้อมใช้งานในชุดหูฟังความเป็นจริงเสมือน,Yalnızca deneyiminin sanal gerçeklik gözlüklerinde de kullanılabilir olmasını istiyorsan etkinleştir.,Chỉ bật tùy chọn này nếu bạn muốn trải nghiệm của mình có sẵn trên kính Thực Tế Ảo.,仅在您希望您的体验可于虚拟现实头戴设备上使用时才开启此选项。,仅在您希望您的体验可于虚拟现实头戴设备上使用时才开启此选项。,僅當您希望以虛擬實境頭戴裝置進行體驗時，才打開此選項。
Studio.PublishPlaceAs.VRPrompt.DialogItem1,,,Ensure your experience has been tested in VR and works as expected.,Ensure your experience has been tested in VR and works as expected.,تأكد من اختبار تجربتك في الواقع الافتراضي وأنها تعمل كما هو متوقع.,"Stelle sicher, dass deine Experience in VR getestet wurde und wie erwartet funktioniert.",Asegúrate de que tu experiencia se aprobó para RV y funciona como se espera.,Assure-toi que ton expérience a été testée en RV et fonctionne comme prévu.,पक्का करें कि आपका एक्सपीरिएंस VR में टेस्ट किया गया है और उम्मीद के मुताबिक काम करता है.,Pastikan pengalaman virtual telah dites di VR dan berfungsi seperti yang diharapkan.,Assicurati che la tua esperienza sia stata testata in VR e funzioni come previsto.,バーチャル空間がVR上でテスト済みでうまく機能しているかを確認してください。,체험을 VR에서 테스트하고 반드시 예상대로 작동하는지 확인하세요.,"Upewnij się, że projekt został przetestowany na urządzeniach VR i działa zgodnie z oczekiwaniami.",Certifique-se de que sua experiência foi testada em RV e funciona como esperado.,,ตรวจสอบให้แน่ใจว่าประสบการณ์ของคุณได้รับการทดสอบใน VR แล้ว และทํางานตามที่คาดไว้,Deneyiminin VR ortamında test edildiğinden ve beklendiği gibi çalıştığından emin ol.,Đảm bảo trải nghiệm của bạn đã được thử nghiệm trong Thực Tế Ảo và hoạt động như mong đợi.,请确保您的体验已经过 VR 测试且能如预期运作。,请确保您的体验已经过 VR 测试且能如预期运作。,確保您的體驗已在 VR 中經過測試，並如預期運作。
Studio.PublishPlaceAs.VRPrompt.DialogItem2,,,If you overwrote default PlayerScripts please test your camera in VR.,If you overwrote default PlayerScripts please test your camera in VR.,إذا استبدلت نصوص PlayerScripts الافتراضية، يُرجى اختبار الكاميرا في الواقع الافتراضي.,"Wenn du die Standard-PlayerScripts überschrieben hast, teste bitte deine Kamera in VR.","Si sobreescribiste PlayerScripts predeterminado, prueba tu cámara en RV.","Si vous avez écrasé les scripts par défaut de PlayerScripts, veuillez tester votre caméra en VR.","अगर आपने डिफ़ॉल्ट PlayerScripts को ओवरराइट किया है, तो कृपया VR में अपना कैमरा टेस्ट करें.","Jika kamu menimpa PlayerScript default, harap tes kameramu di VR.","Se hai sovrascritto PlayerScripts predefinito, prova la tua fotocamera in VR.",デフォルトの PlayerScripts を上書きした場合は、VRでカメラをテストしてください。,기본 PlayerScript를 덮어쓰는 경우 VR에서 카메라를 테스트하세요.,"Jeśli domyślny obiekt PlayerScripts został nadpisany, przetestuj swoją kamerę w urządzeniu VR.","Se você sobrescrever o padrão PlayerScripts, teste sua câmera em RV.",,หากคุณเขียนทับ PlayerScripts ค่าเริ่มต้น โปรดทดสอบกล้องของคุณใน VR,Varsayılan PlayerScript'lerin üzerine yazdıysan lütfen kameranı VR ortamında test et.,"Nếu bạn đã ghi đè lên PlayerScripts mặc định, vui lòng kiểm tra camera của bạn trong Thực Tế Ảo.",如果您有更改及覆盖默认的 PlayerScripts，请在 VR 中进行视角测试。,如果您有更改及覆盖默认的 PlayerScripts，请在 VR 中进行视角测试。,如果您覆寫了預設的 PlayerScript，請在 VR 中測試您的攝影機。
Studio.PublishPlaceAs.VRPrompt.DialogItem3,,,If you overwrote laserpointer/controller code please test your controls in VR.,If you overwrote laserpointer/controller code please test your controls in VR.,إذا استبدلت كود مؤشر الليزر/وحدة التحكم، يُرجى اختبار عناصر التحكم في الواقع الافتراضي.,"Wenn du den Code für den Laserpointer/Controller überschrieben hast, teste bitte deine Steuerelemente in VR.","Si sobreescribiste el código del puntero láser o controlador, prueba tus controles en RV.","Si tu as écrasé le code laserpointer/controller, teste tes contrôles dans VR.","अगर आपने लेज़रपॉइंटर/कंट्रोलर कोड को ओवरराइट किया है, तो कृपया VR में अपने कंट्रोल टेस्ट करें.","Jika kamu menimpa kode penunjuk laser/kontroler, harap tes kontrolmu di VR.",Se hai sovrascritto il codice laserpointer/controller per favore prova i tuoi controlli in VR.,レーザーポインターまたは操作コードを上書きした場合は、VR上で操作をテストしてください。,레이저 포인터/컨트롤러 코드를 덮어쓰는 경우 VR에서 컨트롤을 테스트하세요.,"Jeśli kod wskaźnika laserowego/kontrolera został nadpisany, przetestuj sterowanie na urządzeniu VR.",Se você sobrescreveu o código laserpointer/controller por favor teste seus controles em RV.,,หากคุณเขียนทับโค้ดชี้เลเซอร์/คอนโทรลเลอร์ โปรดทดสอบการควบคุมของคุณใน VR,Lazer işaretçi/oyun kumandası kodlarının üzerine yazdıysan lütfen VR ortamında kontrollerini test et.,"Nếu bạn đã ghi đè lên mã con trỏ laser/bộ điều khiển, vui lòng thử nghiệm bộ điều khiển trong Thực Tế Ảo.",如果您有更改及覆盖激光指示器/控制器代码，请在 VR 中进行控制方式测试。,如果您有更改及覆盖激光指示器/控制器代码，请在 VR 中进行控制方式测试。,如果您覆寫了雷射指示器/控制器，請在 VR 中測試您的控制選項。
Studio.PublishPlaceAs.VRPrompt.DialogItem4,,,Ensure your experience is performant - low FPS can make players sick.,Ensure your experience is performant - low FPS can make players sick.,احرص على أن تكون تجربتك سلسة في الأداء. يمكن أن يؤدي انخفاض عدد الإطارات في الثانية (FPS) إلى شعور اللاعبين بالدوار.,"Stelle sicher, dass deine Experience performant ist – niedrige FPS können bei den Spielern Übelkeit auslösen.",Asegúrate de que tu experiencia tenga un buen rendimiento. Una resolución baja puede marear a los jugadores.,Veille à ce que ton expérience soit performante - un faible taux FPS peut rendre les joueurs malades.,पक्का करें कि आपका एक्सपीरिएंस अच्छी परफ़ॉर्मेंस दे रहा है - कम FPS खिलाड़ियों को बीमार कर सकता है.,Pastikan pengalaman virtualmu berperforma baik. FPS rendah dapat membuat pemain merasa tidak nyaman.,Assicurati che la tua esperienza funzioni bene. Una bassa risoluzione può far girare la testa ai giocatori.,バーチャル空間が作動しているか確認してください。フレームレートが低いとプレイヤーをイラつかせます。,제작한 체험이 성능 기준에 맞는지 확인하세요. FPS가 낮으면 플레이에 어려움을 초래할 수 있습니다.,"Upewnij się, że projekt działa z odpowiednią wydajnością – niska liczba klatek na sekundę może wywoływać u gracza nudności.",Certifique-se de que sua experiência esteja funcional: FPS baixos podem deixar os jogadores com enjoo.,,ตรวจสอบให้แน่ใจว่าประสบการณ์ของคุณทำงานได้อย่างมีประสิทธิภาพ - FPS ต่ำอาจทำให้ผู้เล่นวิงเวียนและรู้สึกไม่สบายได้,"Deneyiminin iyi bir performans sergilediğinden emin ol. Düşük FPS, oyuncularda rahatsızlığa sebep olabilir.",Đảm bảo trải nghiệm của bạn tốt - FPS thấp có thể khiến người chơi bị choáng.,请确保您的体验运行良好。低 FPS 可能会使玩家感到不适。,请确保您的体验运行良好。低 FPS 可能会使玩家感到不适。,確保您的體驗感覺良好 - FPS 過低會使玩家感覺不適。
Studio.PublishPlaceAs.ScreenHeader.17PlusWarning,,,17+ content should only be saved to experiences with Ages 17+ guidelines.,17+ content should only be saved to experiences with Ages 17+ guidelines.,يجب حفظ المحتوى المُخصَّص للأشخاص الذين تزيد أعمارهم عن 17 عامًا فقط في التجارب التي تتوافق مع القواعد الإرشادية للأشخاص الذين تزيد أعمارهم عن 17 عامًا.,17+-Inhalte sollten nur in Experiences mit Richtlinien ab dem Alter von 17 Jahren gespeichert werden.,El contenido 17+ solo debe guardarse en las experiencias de las directrices de 17 años.,Les contenus 17+ ne doivent être sauvegardés que pour des expériences qui respectent les lignes directrices relatives à l'âge 17+.,17 साल से ज़्यादा उम्र के कॉन्टेंट को सिर्फ़ 17 साल से ज़्यादा उम्र के गाइडलाइन वाले एक्सपीरिएंस के लिए सेव किया जाना चाहिए.,Konten 17+ hanya boleh disimpan di pengalaman virtual dengan panduan Usia 17+.,17+ contenuto dovrebbe essere salvato solo per le esperienze con le linee guida di età 17+.,17歳以上対象のコンテンツは、17歳以上対象のガイドラインがあるバーチャル空間に保存する必要があります。,17세 이상 콘텐츠는 17세 이상 가이드라인이 있는 체험에만 저장해야 합니다.,Zawartość oznaczoną jako 17+ można zapisywać wyłącznie w projektach z zaleceniem wiekowym 17+.,Conteúdo para maiores de 17 anos só devem ser salvos em experiências com diretrizes para maiores de 17 anos.,,เนื้อหาสำหรับผู้ที่มีอายุ 17 ปีขึ้นไปจะบันทึกไปยังประสบการณ์ที่แนะนำสำหรับผู้ที่มีอายุ 17 ปีขึ้นไป,17 yaş ve üzeri içeriklerin yalnızca 17 yaş ve üzeri yönergelere sahip deneyimlere kaydedilmesi gerekir.,Chỉ lưu nội dung 17+ vào các trải nghiệm áp dụng nguyên tắc dành cho Độ Tuổi 17+.,17 岁以上的内容只能保存至符合 17 岁以上指南的体验中。,17 岁以上的内容只能保存至符合 17 岁以上指南的体验中。,17 歲以上的內容只能儲存到符合 17 歲以上指南的體驗中。
Studio.PublishPlaceAs.General.UploadInProgressElps,,,Upload in progress...,Upload in progress...,جارٍ الرفع...,Upload läuft ...,Carga en curso...,Téléchargement en cours...,अपलोड जारी है...,Upload sedang berlangsung...,Caricamento in corso...,アップロードの進行中...,업로드 진행 중...,Trwa przesyłanie...,Upload em andamento...,,การอัปโหลดอยู่ในระหว่างดำเนินการ...,Yükleme devam ediyor...,Đang tiến hành tải lên...,正在上传……,正在上传……,正在上傳……
Studio.PublishPlaceAs.General.UploadErrorRetry,,,"Encountered error while uploading, retrying...","Encountered error while uploading, retrying...",حدث خطأ أثناء الرفع، جارٍ إعادة المحاولة...,"Beim Hochladen ist ein Fehler aufgetreten, versuche es erneut ...",Se encontró un error al cargar. Vuele a intentarlo...,"Erreur rencontrée lors du téléchargement, nouvelle tentative...","अपलोड करते समय गड़बड़ी हुई, फिर से कोशिश की जा रही है...",Terjadi eror saat meng-upload. Mencoba kembali...,"Errore rilevato durante il caricamento, riprovo...",アップロード中にエラーが発生しました。再試行中です...,업로드 중 오류가 발생했습니다. 재시도 중입니다...,"Napotkano błąd podczas przesyłania, ponawianie próby...","Erro ao fazer upload, tentando novamente...",,พบข้อผิดพลาดในขณะที่กำลังอัปโหลด กำลังลองอีกครั้ง...,"Yükleme sırasında hata oluştu, tekrar deneniyor...","Gặp lỗi trong khi tải lên, đang thử lại...",上传时出错，正在重试……,上传时出错，正在重试……,上傳時發生錯誤，正在重試……
Studio.PublishPlaceAs.General.PleaseWait,,,Please Wait,Please Wait,الرجاء الانتظار,Bitte warten,Espera,Patiente s'il te plaît,कृपया इंतज़ार करें,Harap Tunggu,Attendi per favore,お待ちください,기다려 주세요,Czekaj,Aguarde,,โปรดรอสักครู่,Lütfen bekle,Vui Lòng Chờ,请稍候,请稍候,請稍候
Studio.PublishPlaceAs.General.UploadConflictRetry,,,Server is busy and unable to process your request right now. Retrying...,Server is busy and unable to process your request right now. Retrying...,الخادم مشغول ولا يمكنه معالجة طلبك في الوقت الحالي. جارٍ إعادة المحاولة...,Der Server ist ausgelastet und kann deine Anfrage im Moment nicht verarbeiten. Neuer Versuch ...,El servidor está ocupado y no puede procesar tu solicitud en este momento. Vuelve a intentarlo...,Le serveur est occupé et incapable de traiter votre demande en ce moment. En essayant à nouveau...,सर्वर व्यस्त है और अभी आपकी रिक्वेस्ट को प्रोसेस नहीं कर पा रहा है. फिर से कोशिश की जा रही है...,Server sedang sibuk dan tidak dapat memproses permintaanmu saat ini. Mencoba kembali...,Il server è occupato e non è in grado di elaborare la tua richiesta in questo momento. Nuovo tentativo in corso...,現在、サーバーがビジー状態なためリクエストを処理できません。再試行中...,서버 사용량이 많아 지금은 요청을 처리할 수 없습니다. 재시도 중입니다...,Serwer jest zajęty i nie można w tej chwili przetworzyć twojego żądania. Ponawianie próby...,O servidor está ocupado e incapaz de processar sua solicitação agora. Tentando novamente...,,เซิร์ฟเวอร์ไม่ว่างและไม่สามารถดำเนินการคำขอของคุณได้ในขณะนี้ กำลังลองอีกครั้ง...,Sunucu meşgul olduğundan isteğin şu anda işlenemiyor. Tekrar deneniyor...,Máy chủ đang bận và không thể xử lý yêu cầu của bạn ngay bây giờ. Đang thử lại...,服务器繁忙，当前无法处理你的请求。正在重试……,服务器繁忙，当前无法处理你的请求。正在重试……,伺服器忙碌中，且目前無法處理您的要求。正在重試……
Studio.PublishPlaceAs.General.GenreOverhaulMessageBody,,,Experience genres are currently under construction and not available. Stay tuned as we design an improved genre system. [link],Experience genres are currently under construction and not available. Stay tuned as we design an improved genre system. [link],أنواع التجارب قيد الإنشاء حاليًا وغير متوفرة. ترقبوا قريبًا نظامًا أفضل لأنواع التجارب. [الرابط],"Experience-Genres sind derzeit noch in Arbeit und daher nicht verfügbar. Sei gespannt, während wir ein verbessertes Genresystem entwickeln. [link]",Los géneros de experiencia están actualmente en construcción y no están disponibles por ahora. Regresa aquí a medida que diseñamos un sistema de género mejorado. [link],Les genres d'expérience sont actuellement en cours de construction et ne sont pas disponibles. Reste à l'écoute car nous concevons un système de genre amélioré. [link],"एक्सपीरिएंस की कैटगरी बनाई जा रही हैं और अभी उपलब्ध नहीं हैं. हम एक बेहतर कैटगरी सिस्टम बना रहे हैं, इसलिए हमारे साथ बने रहें. [link]",Genre pengalaman virtual sedang dikembangkan dan belum tersedia. Nantikan kehadirannya sementara kami mendesain sistem genre yang lebih baik. [link],I generi di esperienza sono attualmente in fase di sviluppo e non sono disponibili. Tienili d'occhio mentre miglioriamo il sistema di classificazione. [link],バーチャル空間のジャンルは現在、作成中のためご利用できません。ジャンルシステムのデザインを改良中ですので今後をお楽しみに。[link],체험 장르는 현재 구축 중이라 이용할 수 없습니다. 더욱 향상된 장르 시스템을 디자인 중이니 많이 기대해 주세요. [link],"Strona z gatunkami projektów jest obecnie w budowie i nie jest dostępna. Zaczekaj, aż przygotujemy usprawniony system obsługi gatunków. [link]",Gêneros de experiência estão atualmente em construção e não estão disponíveis. Fique de olho enquanto criamos um sistema de gêneros melhorado. [link],,ประเภทของประสบการณ์กำลังอยู่ในระหว่างการปรับปรุง และไม่สามารถใช้งานได้ในขณะนี้ โปรดคอยติดตาม เรากำลังออกแบบระบบประเภทของประสบการณ์ที่ดียิ่งขึ้น [link],"Deneyim türleri henüz yapım aşamasında ve kullanılamıyor. Daha gelişmiş bir tür sistemi tasarlıyoruz, beklemede kal. [link]",Thể loại trải nghiệm hiện đang được xây dựng và không khả dụng. Hãy đón chờ chúng tôi thiết kế một hệ thống thể loại tốt hơn. [liên kết],体验主题当前正在建造中，尚不可用。请继续关注我们设计的改进型主题系统。 [链接],体验主题当前正在建造中，尚不可用。请继续关注我们设计的改进型主题系统。 [链接],體驗類別目前正在建構中，因此無法使用。我們正在設計並改善類別系統，敬請保持關注。[link]
Studio.PublishPlaceAs.General.GenreOverhaulMessageLink,,,Learn More,Learn More,معرفة المزيد,Mehr erfahren,Aprende más,En savoir plus,ज़्यादा जानें,Pelajari Selengkapnya,Maggiori informazioni,もっと詳しく,자세히 보기,Dowiedz się więcej,Saiba mais,,เรียนรู้เพิ่มเติม,Daha fazla bilgi edin,Tìm Hiểu Thêm,了解更多,了解更多,深入了解
Studio.PublishPlaceAs.General.GenreOverhaulInfo,,,Experience genres are currently under construction and not available. Stay tuned as we design an improved genre system.,Experience genres are currently under construction and not available. Stay tuned as we design an improved genre system.,أنواع التجارب قيد الإنشاء حاليًا وغير متوفرة. ترقبوا قريبًا نظامًا أفضل لأنواع التجارب.,"Experience-Genres sind derzeit noch in Arbeit und daher nicht verfügbar. Sei gespannt, während wir ein verbessertes Genresystem entwickeln.",Los géneros de experiencia están actualmente en construcción y no están disponibles por ahora. Regresa aquí a medida que diseñamos un sistema de género mejorado.,Les genres d'expérience sont actuellement en cours de construction et ne sont pas disponibles. Reste à l'écoute car nous concevons un système de genre amélioré.,"एक्सपीरिएंस की कैटगरी बनाई जा रही हैं और अभी उपलब्ध नहीं हैं. हम एक बेहतर कैटगरी सिस्टम बना रहे हैं, इसलिए हमारे साथ बने रहें.",Genre pengalaman virtual sedang dikembangkan dan belum tersedia. Nantikan kehadirannya sementara kami mendesain sistem genre yang lebih baik.,I generi di esperienza sono attualmente in fase di sviluppo e non sono disponibili. Tienili d'occhio mentre miglioriamo il sistema di classificazione.,バーチャル空間のジャンルは現在、作成中のためご利用できません。ジャンルシステムのデザインを改良中ですので今後をお楽しみに。,체험 장르는 현재 구축 중이라 이용할 수 없습니다. 더욱 향상된 장르 시스템을 디자인 중이니 많이 기대해 주세요.,"Strona z gatunkami projektów jest obecnie w budowie i nie jest dostępna. Zaczekaj, aż przygotujemy usprawniony system obsługi gatunków.",Gêneros de experiência estão atualmente em construção e não estão disponíveis. Fique de olho enquanto criamos um sistema de gêneros melhorado.,,ประเภทของประสบการณ์กำลังอยู่ในระหว่างการก่อสร้าง และไม่พร้อมใช้งานในขณะนี้ โปรดติดตามการปรับปรุงระบบประเภทของเรา,"Deneyim türleri henüz yapım aşamasında ve kullanılamıyor. Daha gelişmiş bir tür sistemi tasarlıyoruz, beklemede kal.",Thể loại trải nghiệm hiện đang được xây dựng và không khả dụng. Hãy đón chờ chúng tôi thiết kế một hệ thống thể loại tốt hơn.,体验主题当前正在建造中，尚不可用。请继续关注我们设计的改进型主题系统。,体验主题当前正在建造中，尚不可用。请继续关注我们设计的改进型主题系统。,體驗類別目前正在建構中，因此無法使用。我們正在設計並改善類別系統，敬請保持關注。
Studio.PublishPlaceAs.DataSharing.Title,,,Data Sharing,Data Sharing,مشاركة البيانات,Datenfreigabe,Intercambio de datos,Partage de données,डेटा शेयर किया जा रहा है,Berbagi Data,Condivisione dei dati,データ共有,데이터 공유,Udostępnianie danych,Compartilhamento de dados,,การแชร์ข้อมูล,Veri Paylaşımı,Chia Sẻ Dữ Liệu,数据分享,数据分享,資料分享
Studio.PublishPlaceAs.DataSharing.LinkDescription,,,This experience’s data will be used to train Roblox Gen AI models unless you opt out by turning off the toggle. The shared data is fully anonymized. You can also modify your data sharing preferences at any time. [link],This experience’s data will be used to train Roblox Gen AI models unless you opt out by turning off the toggle. The shared data is fully anonymized. You can also modify your data sharing preferences at any time. [link],سيتم استخدام بيانات هذه التجربة لتدريب نماذج الذكاء الاصطناعي من Roblox Gen ما لم تقم بإلغاء الاشتراك عن طريق إيقاف التبديل. ستكون البيانات التي تتم مشاركتها مجهولة المصدر تمامًا. يمكنك أيضًا تعديل تفضيلات مشاركة البيانات في أي وقت. [الرابط],"Die Daten diese Experiences werden zum Trainieren von Roblox Gen-KI-Modellen verwendet, es sei denn, du entscheidest dich dagegen, indem du den Schalter deaktivierst. Die freigegebenen Daten sind vollständig anonymisiert. Du kannst die Einstellungen zur Datenfreigabe auch jederzeit ändern. [link]","Los datos de esta experiencia se utilizarán para entrenar los modelos de IA generativa de Roblox, a menos que decidas no hacerlo desactivando el conmutador. Los datos intercambiados son totalmente anónimos. También puedes modificar tus preferencias de intercambio de datos en cualquier momento. [link]","Les données de cette expérience seront utilisées pour entraîner les modèles d'IA de Roblox Gen, à moins que vous ne choisissiez de ne pas le faire en désactivant l'interrupteur. Les données partagées sont entièrement anonymes. Vous pouvez également modifier vos préférences de partage de données à tout moment. [link]","इस एक्सपीरिएंस के डेटा का इस्तेमाल Roblox जेनरेटिव AI मॉडल को प्रशिक्षित करने के लिए किया जाएगा, बशर्ते आप टॉगल बंद करके ऑप्ट आउट न करें. शेयर किया गया डेटा पूरी तरह से अनाम है. किसी भी समय अपनी डेटा शेयरिंग प्राथमिकताओं में बदलाव भी किया जा सकता है. [link]","Data pengalaman virtual ini akan digunakan untuk melatih model Gen AI Roblox, kecuali kamu memilih untuk tidak ikut serta dengan mematikan pilihan ini. Data yang dibagikan akan dibuat anonim sepenuhnya. Kamu juga bisa mengubah preferensi berbagi data kapan saja. [link]","I dati di questa esperienza saranno utilizzati per addestrare i modelli di IA generativa di Roblox, a meno che non disattivi la relativa opzione. I dati condivisi sono completamente anonimi. Puoi anche modificare le tue preferenze di condivisione dei dati in qualsiasi momento. [link]",このバーチャル空間のデータは、切りかえボタンをオフにしてオプトアウト（不参加表明）しない限りRobloxの生成AIモデルの訓練に使用されます。 共有データは完全に匿名化されています。 データ共有設定 はいつでも変更できます。 [link],"사용자가 기능을 꺼 옵트아웃할 때까지 이 체험의 데이터는 Roblox 생성형 AI 모델 트레이닝에 사용됩니다. 데이터는 완전히 익명 처리된 상태로 공유되며, 데이터 공유 기본 설정은 언제든 변경이 가능합니다. [link]","Dane tego projektu będą używane do uczenia modeli Roblox Gen AI, chyba że nie wyrazisz na to zgody, ustawiając przełącznik w pozycji wyłączonej. Udostępniane dane są w pełni anonimizowane. W dowolnym momencie możesz też zmienić preferencje dotyczące udostępniania danych. [link]","Os dados desta experiência serão usados para treinar modelos de IA generativa Roblox, a menos que você opte por desligar o interruptor. Os dados compartilhados são totalmente anônimos. Você também pode modificar suas preferências de compartilhamento de dados a qualquer momento. [link]",,ข้อมูลของประสบการณ์นี้จะถูกใช้ในการฝึกฝนการสร้างแบบจำลอง Roblox Gen AI นอกจากคุณจะเลือกไม่เข้าร่วมโดยการปิดการเปิด/ปิด ข้อมูลที่แชร์จะปกปิดตัวตนโดยสมบูรณ์ คุณยังสามารถแก้ไขการตั้งค่าการแชร์ข้อมูลของคุณได้ทุกเมื่ออีกด้วย [link],"Seçeneği kapatıp devre dışı bırakmadığın sürece bu deneyimin verileri, Roblox Üretici Yapay Zekâ modellerinin eğitiminde kullanılacak. Paylaşılan veriler tamamen anonimleştirilecek. Ayrıca veri paylaşımı tercihlerini ne zaman istersen değiştirebileceksin. [link]",Dữ liệu của trải nghiệm này sẽ được sử dụng để huấn luyện các mô hình AI tạo sinh của Roblox trừ khi bạn tắt lựa chọn. Dữ liệu được chia sẻ hoàn toàn ẩn danh. Bạn có thể sửa đổi cài đặt chia sẻ dữ liệu của mình bất kỳ lúc nào. [link],此体验数据将用于训练 Roblox Gen AI 模型，除非你通过关闭开关选择退出。共享数据完全匿名。你还可以随时修改你数据共享的偏好设置。 [link],此体验数据将用于训练 Roblox Gen AI 模型，除非你通过关闭开关选择退出。共享数据完全匿名。你还可以随时修改你数据共享的偏好设置。 [link],此體驗的資料將會用於訓練 Roblox Gen AI 模型，除非您藉由關閉切換鈕選擇退出。分享的資料皆會完全匿名化。您也可以隨時修改您的資料分享偏好設定。[link]
Studio.PublishPlaceAs.DataSharing.LinkText,,,Learn More,Learn More,معرفة المزيد,Mehr erfahren,Aprende más,En savoir plus,ज़्यादा जानें,Pelajari Selengkapnya,Maggiori informazioni,もっと詳しく,자세히 보기,Dowiedz się więcej,Saiba mais,,เรียนรู้เพิ่มเติม,Daha fazla bilgi edin,Tìm Hiểu Thêm,了解更多,了解更多,深入了解
Studio.PublishPlaceAs.DataSharing.ChoosePlaceWarning,,,Publish or save to an existing experience may change the original data sharing settings,Publish or save to an existing experience may change the original data sharing settings,قد يؤدي النشر أو الحفظ في تجربة حالية إلى تغيير إعدادات مشاركة البيانات الأصلية,Veröffentlichen oder Speichern in einer bestehenden Experience kann die ursprünglichen Einstellungen für die Datenfreigabe ändern,Publicar o guardar en una experiencia existente puede cambiar la configuración original de intercambio de datos,Publier ou sauvegarder dans une expérience existante peut modifier les paramètres de partage de données d'origine,किसी मौजूदा एक्सपीरिएंस को पब्लिश या सेव करने से डेटा शेयर करने की ओरिजनल सेटिंग बदल सकती है,Memublikasikan atau menyimpan ke pengalaman virtual yang sudah ada mungkin mengubah pengaturan berbagi data semula,La pubblicazione o il salvataggio in un'esperienza esistente possono modificare le impostazioni originali di condivisione dei dati,既存のバーチャル空間に公開または保存すると、元のデータ共有設定が変更される場合があります,기존 체험에 게시 또는 저장하면 원래의 데이터 공유 설정이 변경될 수 있습니다,Opublikowanie lub zapisanie w istniejącym projekcie może zmienić oryginalne ustawienia udostępniania danych,Publicar ou salvar em uma experiência existente pode alterar as configurações de compartilhamento de dados originais,,การเผยแพร่หรือบันทึกประสบการณ์ที่มีอยู่อาจเปลี่ยนแปลงการตั้งค่าการแชร์ข้อมูลดั้งเดิม,"Mevcut bir deneyime yayınlama ve kaydetme işlemleri, orijinal veri paylaşımı ayarlarının değişmesine sebep olabilir",Xuất bản hoặc lưu vào một trải nghiệm hiện có có thể thay đổi cài đặt chia sẻ dữ liệu ban đầu,发布或保存到现有体验可能会更改原始数据共享设置,发布或保存到现有体验可能会更改原始数据共享设置,發佈或儲存至現有體驗可能會變更原始資料分享設定
Studio.PublishPlaceAs.DataSharing.ChoosePlaceWarning2,,,Manage your data sharing settings [hereLink],Manage your data sharing settings [hereLink],إدارة إعدادات مشاركة البيانات [مكان الرابط],Verwalte deine Einstellungen für die Datenfreigabe [hereLink],Gestiona tu configuración de intercambio de datos [hereLink],Gérer tes paramètres de partage de données [hereLink],अपनी डेटा शेयरिंग सेटिंग मैनेज करें [hereLink],Kelola pengaturan pembagian datamu [hereLink],Gestisci le impostazioni di condivisione dei dati [hereLink],データ共有設定の管理 [hereLink],데이터 공유 설정 관리 [hereLink],Zarządzaj ustawieniami udostępniania [hereLink],Gerencie suas configurações de compartilhamento de dados [hereLink],,จัดการการแชร์ข้อมูลของคุณ [hereLink],Veri paylaşımı ayarlarını [hereLink] yönet,Quản lý cài đặt chia sẻ dữ liệu của bạn [hereLink],要管理你的数据共享设置，请点按[hereLink],要管理你的数据共享设置，请点按[hereLink],若要管理您的資料分享設定，請前往[hereLink]
Studio.PublishPlaceAs.DataSharing.SettingsPage,,,here,here,هنا,hier,aquí,ici,यहाँ,di sini,qui,こちら,여기,tutaj,aqui,,ที่นี่,buradan yönet,ở đây,此处,此处,此處
Studio.PublishPlaceAs.DataSharing.SettingsHyperlink,,,Data Sharing Preferences,Data Sharing Preferences,تفضيلات مشاركة البيانات,Einstellungen für Datenfreigabe,Preferencias de intercambio de datos,Préférences de partage des données,डेटा शेयर करने की प्राथमिकताएँ,Preferensi Berbagi Data,Preferenze di condivisione dei dati,データ共有設定,데이터 공유 기본 설정,Preferencje dotyczące udostępniania danych,Preferências de compartilhamento de dados,,การตั้งค่าการแชร์ข้อมูล,Veri Paylaşımı Tercihleri,Cài Đặt Chia Sẻ Dữ Liệu,数据共享偏好设置,数据共享偏好设置,資料分享偏好設定
Studio.PublishPlaceAs.DataSharing.CheckboxDescription,,,This experience’s data will be used to train Roblox Gen AI models unless you opt out by turning off the toggle. The shared data is fully anonymized. You can also modify your {settingsPage} at any time. {link},This experience’s data will be used to train Roblox Gen AI models unless you opt out by turning off the toggle. The shared data is fully anonymized. You can also modify your {settingsPage} at any time. {link},سيتم استخدام بيانات هذه التجربة لتدريب نماذج الذكاء الاصطناعي من Roblox Gen ما لم تقم بإلغاء الاشتراك عن طريق إيقاف التبديل. ستكون البيانات التي تتم مشاركتها مجهولة المصدر تمامًا. يمكنك أيضًا تعديل {settingsPage} في أي وقت. {link},"Die Daten dieser Experience werden zum Trainieren von Roblox Gen-KI-Modellen verwendet, es sei denn, du entscheidest dich dagegen, indem du den Schalter deaktivierst. Die freigegebenen Daten sind vollständig anonymisiert. Du kannst deine {settingsPage} auch jederzeit ändern. {link}","Los datos de esta experiencia se utilizarán para entrenar los modelos de IA generativa de Roblox, a menos que decidas no hacerlo desactivando el conmutador. Los datos intercambiados son totalmente anónimos. También puedes modificar tu {settingsPage} en cualquier momento. {link}",Les données de cette expérience seront utilisées pour former les modèles Roblox Gen AI à moins que tu ne choisisses de désactiver le commutateur. Les données partagées sont entièrement anonymisées. Tu peux également modifier ton {settingsPage} à tout moment. {link},"इस एक्सपीरिएंस के डेटा का इस्तेमाल Roblox जेनरेटिव AI मॉडल को प्रशिक्षित करने के लिए किया जाएगा, बशर्ते आप टॉगल बंद करके ऑप्ट आउट न करें. शेयर किया गया डेटा पूरी तरह से गुमनाम है. किसी भी समय अपना {settingsPage} भी बदला जा सकता है. {link}","Data pengalaman virtual ini akan digunakan untuk melatih model Gen AI Roblox, kecuali kamu memilih untuk tidak ikut serta dengan mematikan pilihan ini. Data yang dibagikan akan dibuat anonim sepenuhnya. Kamu juga bisa mengubah {settingsPage} kapan saja. {link}","I dati di questa esperienza saranno utilizzati per addestrare i modelli di IA generativa di Roblox, a meno che non disattivi la relativa opzione. I dati condivisi sono completamente anonimi. Puoi anche modificare le {settingsPage} in qualsiasi momento. {link}",このバーチャル空間のデータは、切りかえボタンをオフにしてオプトアウト（不参加表明）しない限りRobloxの生成AIモデルの訓練に使用されます。 共有データは完全に匿名化されています。 {settingsPage} はいつでも変更できます。 {link},"사용자가 기능을 꺼 옵트아웃할 때까지 이 체험의 데이터는 Roblox 생성형 AI 모델 트레이닝에 사용됩니다. 데이터는 완전히 익명 처리된 상태로 공유되며, {settingsPage}에서 언제든 설정을 변경할 수 있습니다. {link}","Dane tego projektu będą używane do uczenia modeli Roblox Gen AI, chyba że nie wyrazisz na to zgody, ustawiając przełącznik w pozycji wyłączonej. Udostępniane dane są w pełni anonimizowane. W dowolnym momencie możesz też zmienić ustawienia na stronie {settingsPage}. {link}","Os dados desta experiência serão usados para treinar modelos de IA generativa Roblox, a menos que você opte por desligar o interruptor. Os dados compartilhados são totalmente anônimos. Você também pode modificar suas {settingsPage}preferências a qualquer momento. {link}",,ข้อมูลของประสบการณ์นี้จะถูกใช้ในการฝึกฝนการสร้างแบบจำลอง Roblox Gen AI นอกจากคุณจะเลือกไม่เข้าร่วมโดยการปิดการเปิด/ปิด ข้อมูลที่แชร์จะปกปิดตัวตนโดยสมบูรณ์ คุณยังสามารถแก้ไข {settingsPage} ของคุณได้ทุกเมื่ออีกด้วย {link},"Seçeneği kapatıp devre dışı bırakmadığın sürece bu deneyimin verileri, Roblox Üretici Yapay Zekâ modellerinin eğitiminde kullanılacak. Paylaşılan veriler tamamen anonimleştirilecek. Ayrıca {settingsPage} ne zaman istersen değiştirilebilecek. {link}",Dữ liệu của trải nghiệm này sẽ được sử dụng để huấn luyện các mô hình AI tạo sinh của Roblox trừ khi bạn tắt lựa chọn. Dữ liệu được chia sẻ hoàn toàn ẩn danh. Bạn cũng có thể sửa đổi {settingsPage} của mình bất kỳ lúc nào. {link},除非你通过切换开关来选择退出，否则此体验的数据将用于训练 Roblox Gen AI 模型。共享数据完全匿名。你也可以随时修改{settingsPage}。{link},除非你通过切换开关来选择退出，否则此体验的数据将用于训练 Roblox Gen AI 模型。共享数据完全匿名。你也可以随时修改{settingsPage}。{link},此體驗的資料將會用於訓練 Roblox Gen AI 模型，除非您藉由關閉切換鈕選擇退出。分享的資料皆會完全匿名化。您也可以隨時修改您的{settingsPage}。{link}
Studio.PublishPlaceAs.DataSharing.ToggleDescription,,,This experience’s data will be used to train Roblox Gen AI models unless you opt out by turning off the toggle. The shared data is fully anonymized. You can also modify your [settingsPage] at any time. [link],This experience’s data will be used to train Roblox Gen AI models unless you opt out by turning off the toggle. The shared data is fully anonymized. You can also modify your [settingsPage] at any time. [link],سيتم استخدام بيانات هذه التجربة لتدريب نماذج الذكاء الاصطناعي من Roblox Gen ما لم تقم بإلغاء الاشتراك عن طريق إيقاف التبديل. ستكون البيانات التي تتم مشاركتها مجهولة المصدر تمامًا. يمكنك أيضًا تعديل [صفحة الإعدادات] في أي وقت. [الرابط],"Die Daten dieser Experience werden zum Trainieren von Roblox Gen-KI-Modellen verwendet, es sei denn, du entscheidest dich dagegen, indem du den Schalter deaktivierst. Die freigegebenen Daten sind vollständig anonymisiert. Du kannst deine [settingsPage] auch jederzeit ändern. [link]","Los datos de esta experiencia se utilizarán para entrenar los modelos de IA generativa de Roblox, a menos que decidas no hacerlo desactivando el conmutador. Los datos intercambiados son totalmente anónimos. También puedes modificar tu [settingsPage] en cualquier momento. [link]",Les données de cette expérience seront utilisées pour former les modèles Roblox Gen AI à moins que vous ne choisissiez de désactiver le commutateur. Les données partagées sont entièrement anonymisées. Vous pouvez également modifier votre [settingsPage] à tout moment. [link],"इस एक्सपीरिएंस के डेटा का इस्तेमाल Roblox जेनरेटिव AI मॉडल को प्रशिक्षित करने के लिए किया जाएगा, बशर्ते आप टॉगल बंद करके ऑप्ट आउट न करें. शेयर किया गया डेटा पूरी तरह से अनाम है. किसी भी समय अपने [settingsPage] में बदलाव भी किया जा सकता है. [link]","Data pengalaman virtual ini akan digunakan untuk melatih model Gen AI Roblox, kecuali kamu memilih untuk tidak ikut serta dengan mematikan pilihan ini. Data yang dibagikan akan dibuat anonim sepenuhnya. Kamu juga bisa mengubah [settingsPage] kapan saja. [link]",I dati di questa esperienza saranno utilizzati per addestrare i modelli di IA di Roblox Gen a meno che non si sceglie di non partecipare. I dati condivisi sono completamente anonimizzati. Puoi anche modificare la tua [settingsPage] in qualsiasi momento. [link],このバーチャル空間のデータは、切りかえボタンをオフにしてオプトアウト（不参加表明）しない限りRobloxの生成AIモデルの訓練に使用されます。 共有データは完全に匿名化されています。 [settingsPage] はいつでも変更できます。 [link],"사용자가 기능을 꺼 옵트아웃할 때까지 이 체험의 데이터는 Roblox 생성형 AI 모델 트레이닝에 사용됩니다. 데이터는 완전히 익명 처리된 상태로 공유되며, [settingsPage]에서 언제든 설정을 변경할 수 있습니다. [link]","Dane tego projektu będą używane do uczenia modeli Roblox Gen AI, chyba że nie wyrazisz na to zgody, ustawiając przełącznik w pozycji wyłączonej. Udostępniane dane są w pełni anonimizowane. W dowolnym momencie możesz też zmienić ustawienia na stronie [settingsPage]. [link]","Os dados desta experiência serão usados para treinar modelos de IA generativa Roblox, a menos que você opte por desligar o interruptor. Os dados compartilhados são totalmente anônimos. Você também pode modificar suas [settingsPage] a qualquer momento. [link]",,ข้อมูลของประสบการณ์นี้จะถูกใช้ในการฝึกฝนการสร้างแบบจำลอง Roblox Gen AI นอกจากคุณจะเลือกไม่เข้าร่วมโดยการปิดการเปิด/ปิด ข้อมูลที่แชร์จะปกปิดตัวตนโดยสมบูรณ์ คุณยังสามารถแก้ไข [settingsPage] ของคุณได้ทุกเมื่ออีกด้วย [link],"Seçeneği kapatıp devre dışı bırakmadığın sürece bu deneyimin verileri, Roblox Üretici Yapay Zekâ modellerinin eğitiminde kullanılacak. Paylaşılan veriler tamamen anonimleştirilecek. [settingsPage] ne zaman istersen değiştirilebilecek. [link]",Dữ liệu của trải nghiệm này sẽ được sử dụng để huấn luyện các mô hình AI tạo sinh của Roblox trừ khi bạn tắt lựa chọn. Dữ liệu được chia sẻ hoàn toàn ẩn danh. Bạn cũng có thể sửa đổi [settingsPage] của mình bất kỳ lúc nào. [link],除非你通过切换开关来选择退出，否则此体验的数据将用于训练 Roblox Gen AI 模型。共享数据完全匿名。你也可以随时修改[settingsPage]。[link],除非你通过切换开关来选择退出，否则此体验的数据将用于训练 Roblox Gen AI 模型。共享数据完全匿名。你也可以随时修改[settingsPage]。[link],此體驗的資料將會用於訓練 Roblox Gen AI 模型，除非您藉由關閉切換鈕選擇退出。分享的資料皆會完全匿名化。您也可以隨時修改您的[settingsPage]。[link]
Studio.PublishPlaceAs.General.GenreReplacementMessage,,,Experience genres are currently under construction and not available. [link],Experience genres are currently under construction and not available. [link],أنواع التجارب قيد الإنشاء حاليًا وغير متوفرة. [الرابط],Experience-Genres sind derzeit in Entwicklung und nicht verfügbar. [link],Los géneros de experiencia están actualmente en construcción y no están disponibles. [link],Les genres d'expérience sont actuellement en construction et ne sont pas disponibles. [link],एक्सपीरिएंस की कैटगरी बनाई जा रही हैं और अभी उपलब्ध नहीं हैं. [link],Genre pengalaman virtualmu sedang dibuat dan saat ini belum tersedia. [link],I generi di esperienza sono attualmente in fase di sviluppo e non sono disponibili. [link],バーチャル空間のジャンルは現在、作成中のため利用できません。[link],체험 장르는 현재 구축 중이라 이용할 수 없습니다. [link],Strona gatunków projektów jest obecnie w przebudowie i nie jest dostępna. [link],Os gêneros de experiência estão atualmente em construção e não estão disponíveis. [link],,ประเภทของประสบการณ์กำลังอยู่ในระหว่างการก่อสร้าง และไม่พร้อมใช้งานในขณะนี้ [link],Deneyim türleri henüz yapım aşamasında ve kullanılamıyor. [link],Các thể loại trải nghiệm hiện đang trong quá trình xây dựng và không khả dụng. [link],体验主题目前正在建设中，暂不可用。[link],体验主题目前正在建设中，暂不可用。[link],體驗類別目前正在建構中，因此無法使用。[link]
Studio.PublishPlaceAs.ScreenHeader.RestrictedContentWarning,,,Restricted content should only be saved to experiences with Restricted content maturity labels.,Restricted content should only be saved to experiences with Restricted content maturity labels.,يجب حفظ المحتوى ذي القيود العمرية فقط في التجارب التي تحتوي على ملصقات لحساسية المحتوى توضح القيود العمرية.,Eingeschränkte Inhalte sollten nur in Experiences mit eingeschränken Inhaltseinstufungen gespeichert werden.,El contenido restringido solo debe guardarse en las experiencias con etiquetas de madurez del contenido restringido.,Les contenus restreints ne doivent être sauvegardés que dans les expériences ayant des étiquettes de maturité de contenu restreint.,प्रतिबंधित कॉन्टेंट को सिर्फ़ प्रतिबंधित कॉन्टेंट मैच्योरिटी लेबल वाले एक्सपीरिएंस के लिए सेव किया जाना चाहिए.,Konten terbatas hanya boleh disimpan di pengalaman virtual dengan label kedewasaan konten Terbatas.,I contenuti con restrizioni devono essere salvati solo nelle esperienze con etichette di maturità dei contenuti con restrizioni.,「R指定」コンテンツは、R指定コンテンツ成熟度の分類表示がついたバーチャル空間にしか保存すべきではありません。,제한 콘텐츠는 제한 콘텐츠 수위 라벨이 있는 체험에만 저장할 수 있습니다.,Zawartość podlegająca ograniczeniom powinna być zapisywana wyłącznie w projektach opatrzonych etykietą poziomu treści dla dorosłych Zawartość podlegająca ograniczeniom.,Os conteúdos restritos só devem ser salvos em experiências com rótulos de maturidade de conteúdo restrito.,,ควรบันทึกเนื้อหาที่จำกัดการเข้าถึงไปยังประสบการณ์ที่มี Label ระดับความเหมาะสมของเนื้อหาระดับที่จำกัดการเข้าถึง,Kısıtlı içeriklerin yalnızca Kısıtlı içerik derecelendirme etiketlerine sahip deneyimlere kaydedilmesi gerekir.,Nội dung hạn chế chỉ nên được lưu vào những trải nghiệm có nhãn Nội dung người lớn bị hạn chế.,受限内容只能保存到带有受限内容成熟度标签的体验中。,受限内容只能保存到带有受限内容成熟度标签的体验中。,限制內容只能儲存到有限制成年適宜內容標籤的體驗中。
Studio.PublishPlaceAs.Error.DescriptionInvalidString,,,Description cannot include invalid utf-8 characters.,Description cannot include invalid utf-8 characters.,لا يمكن أن يتضمن الوصف أحرف UTF-8 غير صالحة.,Beschreibung kann keine ungültigen utf-8-Zeichen enthalten.,La descripción no puede incluir caracteres utf-8 no válidos.,La description ne peut pas inclure des caractères utf-8 non valides.,विवरण में अमान्य utf-8 कैरेक्टर शामिल नहीं हो सकते.,Deskripsi tidak boleh mengandung karakter utf-8 yang tidak valid.,La descrizione non può includere caratteri UTF-8 non validi.,詳細では、無効なUTF-8の文字は使用できません。,설명에는 유효하지 않은 utf-8 문자를 포함할 수 없습니다.,Opis nie może zawierać nieprawidłowych znaków UTF-8.,A descrição não pode incluir caracteres utf-8 inválidos.,,คำอธิบายไม่สามารถมีอักขระ utf-8 ที่ไม่ถูกต้องได้,"Açıklama, geçersiz utf-8 karakterleri içeremez.",Nội dung mô tả không được chứa các ký tự utf-8 không hợp lệ.,描述不能包含无效的 UTF-8 字符。,描述不能包含无效的 UTF-8 字符。,說明不可含有無效的 utf-8 字元。
Studio.PublishPlaceAs.Error.NameInvalidString,,,Name cannot include invalid utf-8 characters.,Name cannot include invalid utf-8 characters.,لا يمكن أن يتضمن الاسم أحرف UTF-8 غير صالحة.,Name kann keine ungültigen utf-8-Zeichen enthalten.,El nombre no puede incluir caracteres utf-8 no válidos.,Le nom ne peut pas contenir de caractères utf-8 non valides.,नाम में अमान्य utf-8 कैरेक्टर शामिल नहीं हो सकते.,Nama tidak boleh mengandung karakter utf-8 yang tidak valid.,Il nome non può includere caratteri UTF-8 non validi.,名前には、無効なUTF-8の文字は使用できません。,이름에는 유효하지 않은 utf-8 문자를 포함할 수 없습니다.,Nazwa nie może zawierać nieprawidłowych znaków UTF-8.,O nome não pode incluir caracteres utf-8 inválidos.,,ชื่อไม่สามารถมีอักขระ utf-8 ที่ไม่ถูกต้องได้,"Ad, geçersiz utf-8 karakterleri içeremez.",Tên không được chứa các ký tự utf-8 không hợp lệ.,名称不能包含无效的 UTF-8 字符。,名称不能包含无效的 UTF-8 字符。,名稱不可含有無效的 utf-8 字元。
