Key,Context,Example,Source,en-us,ar-001,de-de,es-es,fr-fr,hi-in,id-id,it-it,ja-jp,ko-kr,pl-pl,pt-br,ru-ru,th-th,tr-tr,vi-vn,zh-cjv,zh-cn,zh-tw
Studio.R15Migrator.Plugin.Name,,,R6 to R15 Conversion Tool,R6 to R15 Conversion Tool,أداة التحويل من R6 إلى R15,R6-zu-R15-Konvertierungstool,Herramienta de conversión de R6 a R15,Outil de transformation de R6 à R15,R6 से R15 कन्वर्ज़न टूल,Alat Konversi R6 ke R15,Strumento di conversione da R6 a R15,R6からR15への変換ツール,R6에서 R15로의 변환 도구,Narzędzie do konwersji z R6 na R15,Ferramenta de conversão de R6 para R15,,เครื่องมือการแปลง R6 เป็น R15,R6'dan R15'e Dönüştürme Aracı,Công Cụ Chuyển Đổi R6 sang R15,R6 至 R15 转换,R6 至 R15 转换,R6 至 R15 轉換工具
Studio.R15Migrator.Plugin.Toolbar,,,R15Migrator,R15Migrator,أداة الترحيل R15 (R15Migrator),R15-Migrator,Migrador de R15,R15Migrator,R15Migrator,R15Migrator,R15Migratore,R15移行ツール,R15Migrator,R15Migrator,R15Migrator,,R15Migrator,R15'e Geçiş,R15Migrator,R15Migrator,R15Migrator,R15Migrator
Studio.R15Migrator.Plugin.Button,,,Migrate Avatars,Migrate Avatars,ترحيل الأفاتارات,Avatare migrieren,Migrar avatares,Migrer les avatars,अवतार माइग्रेट करें,Migrasikan Avatar,Migra avatar,アバターを移行,아바타 마이그레이션,Migruj awatary,Migrar avatares,,ย้ายอวาตาร์,Avatarları geçir,Di Chuyển Avatar,迁移虚拟形象,迁移虚拟形象,移植虛擬人偶
Studio.R15Migrator.Plugin.Description,,,Tools to migrate avatars to R15,Tools to migrate avatars to R15,أدوات لترحيل الأفاتار إلى R15,Tools zum Migrieren von Avataren nach R15,Herramientas para migrar avatares a R15,Outils pour migrer les avatars vers R15,R15 में अवतारों को माइग्रेट करने के लिए टूल्स,Alat migrasi avatar ke R15,Strumenti per migrare gli avatar a R15,アバターをR15に移行するツール,아바타를 R15로 마이그레이션하는 도구,Narzędzia do migrowania awatarów do R15,Ferramentas para migrar avatares para R15,,เครื่องมือในการย้ายอวาตาร์ไปยัง R15,Avatarları R15'e geçir,Công cụ để di chuyển avatar sang R15,将虚拟形象迁移至 R15 的工具,将虚拟形象迁移至 R15 的工具,移植虛擬人偶到 R15 的工具
Studio.R15Migrator.ScriptConversion.GoToScript,,,Go to Script,Go to Script,الانتقال إلى النص البرمجي,Gehe zu Skript,Ir a Script,Aller sur Script,स्क्रिप्ट पर जाएँ,Buka Skrip,Vai a script,スクリプトへ,스크립트로 이동,Przejdź do skryptu,Ir para script,,ไปยังสคริปต์,Betiğe git,Đi Đến Kịch Bản,前往脚本,前往脚本,前往指令碼
Studio.R15Migrator.ScriptConversion.ReplaceWith,,,Replace With {part},Replace With {part},استبدال بالجزء {part},Ersetzen mit {part},Reemplazar con {part},Remplacer par {part},{part} से रीप्लेस करें,Ganti dengan {part},Sostituisci con {part},{part} に置き換える,{part}(으)로 바꾸기,Zamień na {part},Substituir com {part},,แทนที่ด้วย {part},{part} ile değiştir,Thay Thế Bằng {part},替换为 {part},替换为 {part},取代為 {part}
Studio.R15Migrator.ScriptConversion.RevertAll,,,Revert All Scripts,Revert All Scripts,التراجع عن كل النصوص البرمجية,Alle Skripte zurücksetzen,Revertir todos los scripts,Rétablir tous les scripts,सभी स्क्रिप्ट्स रिवर्ट करें,Kembalikan Semua Skrip,Ripristina tutti gli script,すべてのスクリプトを元に戻す,모든 스크립트 되돌리기,Przywróć wszystkie skrypty,Reverter todos os scripts,,แปลงกลับสคริปต์ทั้งหมด,Tüm betikleri geri döndür,Hoàn Lại Tất Cả Kịch Bản,还原所有脚本,还原所有脚本,還原所有指令碼
Studio.R15Migrator.ScriptConversion.RevertScript,,,Revert Script,Revert Script,التراجع عن النص البرمجي,Skript zurücksetzen,Revertir script,Rétablir le script,स्क्रिप्ट रिवर्ट करें,Kembalikan Skrip,Ripristina script,スクリプトを元に戻す,스크립트 되돌리기,Przywróć skrypt,Reverter script,,แปลงกลับสคริปต์,Betiği geri döndür,Hoàn Lại Kịch Bản,还原脚本,还原脚本,還原指令碼
Studio.R15Migrator.ScriptConversion.RevertingScripts,,,Reverting Scripts,Reverting Scripts,يتم التراجع عن النصوص البرمجية,Skripte werden zurückgesetzt,Revirtiendo scripts,Rétablir les scripts,स्क्रिप्ट्स रिवर्ट की जा रही हैं,Mengembalikan Skrip,Ripristino degli script,スクリプトを元に戻しています,스크립트를 되돌리는 중,Przywracanie skryptów,Revertendo scripts,,กำลังแปลงกลับสคริปต์,Betikler geri döndürülüyor,Hoàn Lại Kịch Bản,还原脚本,还原脚本,正在還原指令碼
Studio.R15Migrator.ScriptConversion.InProgress,,,Issues,Issues,المشكلات,Probleme,Problemas,Problèmes,समस्याएँ,Masalah,Problemi,問題,문제,Problemy,Problemas,,ปัญหา,Sorunlar,Vấn Đề,问题,问题,問題
Studio.R15Migrator.ScriptConversion.Reverted,,,Reverted,Reverted,تم التراجع,Zurückgesetzt,Revertido,Rétabli,रिवर्ट किया गया,Dikembalikan,Ripristinato,元に戻しました,되돌리기 완료,Przywrócono,Revertido,,แปลงกลับแล้ว,Döndürüldü,Đã Hoàn Lại,已还原,已还原,已還原
Studio.R15Migrator.ScriptConversion.Completed,,,Converted,Converted,تم التحويل,Konvertiert,Convertido,Converti,कन्वर्ट किया गया,Dikonversi,Convertito,変換済み,변환됨,Przekonwertowano,Convertido,,แปลงแล้ว,Dönüştürüldü,Đã Chuyển Đổi,转换完成,转换完成,已轉換
Studio.R15Migrator.ScriptConversion.Confirm,,,Confirm,Confirm,تأكيد,Bestätigen,Confirmar,Confirmer,कन्फ़र्म करें,Konfirmasi,Conferma,確認する,확인,Potwierdź,Confirmar,,ยืนยัน,Onayla,Xác Nhận,确认,确认,確認
Studio.R15Migrator.ScriptConversion.Cancel,,,Cancel,Cancel,إلغاء,Abbrechen,Cancelar,Annuler,कैंसिल करें,Batalkan,Annulla,キャンセル,취소,Anuluj,Cancelar,,ยกเลิก,İptal,Hủy Bỏ,取消,取消,取消
Studio.R15Migrator.ScriptConversion.RevertWarning,,,Confirm reverting scripts to initial state? You will lose all of your current changes for the selected scripts.,Confirm reverting scripts to initial state? You will lose all of your current changes for the selected scripts.,هل ترغب في التراجع عن النصوص البرمجية وإعادتها إلى حالتها الأولية؟ ستفقد كل التغييرات الحالية للنصوص البرمجية المحدَّدة.,Zurücksetzen von Skripten in den Ausgangszustand bestätigen? Dadurch verlierst du alle deine aktuellen Änderungen für die ausgewählten Skripte.,¿Quieres revertir los scripts al estado inicial? Perderás todos los cambios actuales para los scripts seleccionados.,Confirmer le retour des scripts à l'état initial ? Tu perds toutes tes modifications actuelles pour les scripts sélectionnés.,"स्क्रिप्ट को शुरुआती स्थिति में रिवर्ट करना है? इससे चुनी गई स्क्रिप्ट्स के लिए, आपके सभी मौजूदा बदलाव हट जाएँगे.",Konfirmasi mengembalikan skrip ke kondisi awal? Semua perubahan terkini terhadap skrip yang kamu pilih akan dihapus.,Confermare il ripristino degli script allo stato iniziale? Perderai tutti i cambiamenti attuali per gli script selezionati.,スクリプトを初期の状態に戻しますか？選択済みのスクリプトへの現在の変更はすべて失われます。,스크립트를 정말 초기 상태로 되돌릴까요? 선택한 스크립트에 대한 현재 변경 사항을 모두 잃게 됩니다.,Potwierdzić przywrócenie skryptów do stanu początkowego? Utracisz wszystkie bieżące zmiany w zaznaczonych skryptach.,Confirma reverter scripts para o estado inicial? Você perderá todas as alterações atuais dos scripts selecionados.,,ยืนยันการแปลงกลับสคริปต์เป็นสถานะแรกเริ่มหรือไม่? คุณจะสูญเสียการเปลี่ยนแปลงทั้งหมดในปัจจุบันของสคริปต์ที่เลือก,Betiklerin başlangıçtaki durumlarına döndürülmelerini onaylıyor musun? Seçili betiklerdeki tüm değişikliklerini kaybedeceksin.,Xác nhận hoàn lại kịch bản về trạng thái ban đầu? Bạn sẽ mất tất cả các thay đổi hiện tại đối với các kịch bản đã chọn.,确认要将脚本还原为初始状态吗？您将丢失所选脚本的所有当前更改。,确认要将脚本还原为初始状态吗？您将丢失所选脚本的所有当前更改。,確認將指令碼還原到初始狀態嗎？你將會失去所有對選定指令碼的現有更改。
Studio.R15Migrator.ScriptConversion.RevertScripts,,,Revert Scripts,Revert Scripts,التراجع عن النصوص البرمجية,Skripte zurücksetzen,Revertir script,Rétablir les scripts,स्क्रिप्ट्स को रिवर्ट करें,Kembalikan Skrip,Ripristina script,スクリプトを元に戻す,스크립트 되돌리기,Przywróć skrypty,Reverter scripts,,แปลงกลับสคริปต์,Betikleri geri döndür,Hoàn Lại Kịch Bản,还原脚本,还原脚本,還原指令碼
Studio.R15Migrator.ScriptConversion.ReplaceWithRules,,,Replace With Rules,Replace With Rules,استبدال بالقواعد,Mit Regeln ersetzen,Reemplazar con reglas,Remplacer par des règles,नियमों से रीप्लेस करें,Ganti dengan Aturan,Sostituisci con le regole,ルールで置換,규칙으로 바꾸기,Zamień z użyciem reguł,Substituir com regras,,แทนที่ด้วยกฎ,Kurallar ile değiştir,Thay Thế Bằng Quy Tắc,以规则替换,以规则替换,以規則進行取代
Studio.R15Migrator.ScriptConversion.UndoRevert,,,Undo Revert,Undo Revert,إلغاء التراجع,Zurücksetzen rückgängig machen,Deshacer revertir,Annuler Revenir en arrière,रिवर्ट के प्रोसेस को कैंसिल करें,Urungkan Pengembalian,Annulla ripristina,「元に戻す」を取り消す,되돌리기 취소,Cofnij przywracanie,Desfazer reverter,,ยกเลิกการแปลงกลับ,Döndürmeyi geri al,Hoàn Tác Hoàn Lại,撤消还原,撤消还原,撤銷環原
Studio.R15Migrator.ReplaceRulesPane.Title,,,Replace With,Replace With,استبدال بـ,Ersetzen mit,Reemplazar con,Remplacer par,इससे रीप्लेस करें,Ganti dengan,Sostituisci con,以下で置換：,다음으로 바꾸기:,Zamień na,Substituir com,,แทนที่ด้วย,Değiştir,Thay Thế Bằng,替换为,替换为,取代為
Studio.R15Migrator.ReplaceRulesPane.ReplacePlaceholder,,,Replace...,Replace...,جارٍ الاستبدال...,Ersetzen ...,Reemplazar...,Remplacer...,रीप्लेस करें...,Ganti...,Sostituisci...,置換...,바꾸기...,Zamień...,Substituir...,,แทนที่...,Değiştir...,Thay Thế...,替换……,替换……,取代...
Studio.R15Migrator.ReplaceRulesPane.WithPlaceholder,,,Select Part...,Select Part...,جارٍ تحديد الجزء...,Teil auswählen ...,Seleccionar pieza...,Sélectionner une pièce...,पार्ट चुनें...,Pilih Komponen...,Seleziona parte...,パーツを選択...,파트 선택...,Zaznacz część...,Seleciona parte...,,เลือกส่วนประกอบ...,Parça seç...,Chọn Bộ Phận...,选择部件……,选择部件……,選擇零件......
Studio.R15Migrator.ScriptConversion.Filter,,,Filter,Filter,فلتر,Filter,Filtro,Filtrer,फ़िल्टर,Filter,Filtro,フィルタ,필터,Filtr,Filtro,,ตัวกรอง,Filtrele,Bộ Lọc,筛选,筛选,篩選條件
Studio.R15Migrator.ScriptConversion.FilterNone,,,All,All,الكل,Alle,Todo,Tout,सभी,Semua,Tutti,すべて,전체,Wszystko,Tudo,,ทั้งหมด,Tümü,Tất Cả,全部,全部,全部
Studio.R15Migrator.Tabs.ScriptConversion,,,Scripts,Scripts,النصوص البرمجية,Skripte,Scripts,Scripts,स्क्रिप्ट्स,Skrip,Script,スクリプト,스크립트,Skrypty,Scripts,,สคริปต์,Betikler,Kịch Bản,脚本,脚本,指令碼
Studio.R15Migrator.Tabs.ReplaceRules,,,Edit Rules,Edit Rules,تحرير القواعد,Regeln bearbeiten,Editar reglas,Modifier les règles,नियमों को एडिट करें,Edit Aturan,Modifica regole,ルールを編集,규칙 편집,Edytuj reguły,Editar regras,,แก้ไขกฎ,Kuralları düzenle,Chỉnh Sửa Quy Tắc,编辑规则,编辑规则,編輯規則
Studio.R15Migrator.Tabs.ModelConversion,,,Model Conversion,Model Conversion,تحويل النموذج,Modellkonvertierung,Conversión del modelo,Conversion du modèle,मॉडल कन्वर्ज़न,Konversi Model,Conversione modello,モデル変換,모델 변환,Konwersja modelu,Conversão de modelo,,การแปลงโมเดล,Model Dönüştürme,Chuyển Đổi Mô Hình,模型转换,模型转换,模型轉換
Studio.R15Migrator.Tabs.AnimationConversion,,,Animation,Animation,حركة,Animation,Animación,Animation,ऐनिमेशन,Animasi,Animazione,アニメーション,애니메이션,Animacja,Animação,,แอนิเมชัน,Animasyon,Hiệu Ứng Động,动画,动画,動畫
Studio.R15Migrator.ScriptAnalysis.R6ScriptWarningCode,,,R6 Script Warning,R6 Script Warning,تحذير في النص البرمجي R6,R6-Skriptwarnung,Advertencia de scripts R6,Avertissement du script R6,R6 स्क्रिप्ट वॉर्निंग,Peringatan Skrip R6,Avviso Script R6,R6 スクリプト警告,R6 스크립트 경고,Ostrzeżenie dotyczące skryptów R6,Aviso de script R6,,คำเตือนสคริปต์ R6,R6 Betik Uyarısı,Cảnh Báo Kịch Bản R6,R6 脚本警告,R6 脚本警告,R6 指令碼警示
Studio.R15Migrator.ScriptAnalysis.HumanoidWarning,,,"Humanoid.{name} is deprecated, please get the appropriate R15 part as a child of the character root (for example character.UpperTorso) instead of the Humanoid.","Humanoid.{name} is deprecated, please get the appropriate R15 part as a child of the character root (for example character.UpperTorso) instead of the Humanoid.",تم إبطال استعمال Humanoid.{name} ، لذا يُرجى استخدام الجزء المناسب من R15 كعنصر فرعي من أصل الشخصية (على سبيل المثال، character.UpperTorso) بدلاً من الكائن Humanoid.,"Humanoid.{name} ist veraltet, verwende bitte das passende R15-Teil als untergeordnetes Element des Charakterstammes (z. B. character.UpperTorso) anstatt des Humanoiden.","Humanoid.{name} está obsoleto, obtén la parte R15 apropiada como un hijo de la raíz del personaje (por ejemplo character.UpperTorso) en lugar del Humanoid.","Humanoid.{name} est obsolète, obtenir la partie R15 appropriée en tant qu'enfant de la racine du personnage (par exemple character.UpperTorso) au lieu de Humanoid.",ह्यूमनॉइड.{name} का इस्तेमाल अब नहीं किया जाता है. कृपया ह्यूमनॉइड के बजाय कैरेक्टर रूट के अंतर्गत आने वाला उपयुक्त R15 पार्ट (उदाहरण के लिए character.UpperTorso) प्राप्त करें.,"Humanoid.{name} tidak digunakan lagi. Gunakan komponen R15 yang sesuai sebagai anak akar karakter (contohnya, character.UpperTorso) dan bukan Humanoid.",La struttura Humanoid.{name} è deprecata. Puoi ottenere la parte R15 appropriata aggiungendo un elemento figlio dopo la radice del personaggio (ad esempio character.UpperTorso).,Humanoid.{name} は非推奨です。Humanoid の代わりにキャラクターのルート（例：character.UpperTorso）の子として適切なR15のパーツを入手してください。,Humanoid.{name}은(는) 이제 사용되지 않습니다. 휴머노이드 대신 캐릭터 루트의 자식으로 적절한 R15 파트를 사용하세요(예: character.UpperTorso).,Część Humanoid.{name} nie jest już obsługiwana. Zamiast części Humanoid pobierz odpowiednią część R15 jako element podrzędny źródła postaci (na przykład character.UpperTorso).,"Humanoid.{name} está obsoleto, obtenha a parte R15 apropriada como filho da raiz do personagem (por exemplo, character.UpperTorso) em vez de Humanoid.",,ฮิวแมนอยด์.{name} เลิกใช้แล้ว โปรดรับชิ้นส่วน R15 ที่เหมาะสมเป็นรายการย่อยของส่วนหลักตัวละคร (เช่น character.UpperTorso) แทนฮิวแมนอยด์,"Humanoid.{name} artık kullanılmıyor, lütfen uygun R15 parçayı Humanoid yerine karakter kökünün (mesela character.UpperTorso) alt öğesi yap.","Humanoid.{name} không còn được dùng nữa, vui lòng lấy bộ phần R15 tương ứng làm bộ phận con của gốc nhân vật (ví dụ: character.UpperTorso), thay vì lấy từ Hình Nhân.",人形。{name} 已弃用，请将适当的 R15 部件作为字符根（例如 character.UpperTorso）的子集，避免使用人形。,人形。{name} 已弃用，请将适当的 R15 部件作为字符根（例如 character.UpperTorso）的子集，避免使用人形。,Humanoid.{name} 已棄用，請取得適合的 R15 零件做為角色根的子物件（例如 character.UpperTorso）而非人形。
Studio.R15Migrator.ScriptAnalysis.ReplaceMessage,,,"{name} found, possible replacements are: ","{name} found, possible replacements are: ",تم العثور على {name}، وستكون عمليات الاستبدال هي: ,"{name} gefunden, möglicher Ersatz ist:","{name} encontrado, posibles reemplazos son: ","{name} trouvé, les remplacements possibles sont : ","{name} मिला, संभावित रीप्लेसमेंट हैं : ",{name} ditemukan. Kemungkinan pengganti: ,"{name} trovato, possibili sostituzioni sono: ",{name} が見つかりました。可能な置換は次のとおりです。 ,{name}(을)를 찾았습니다. 가능한 대체 항목은 다음과 같습니다. ,Znaleziono: {name}. Możliwa jest zamiana na: ,"{name} encontrado, possíveis substituições são: ",,พบ {name} การแทนที่ที่เป็นไปได้ ได้แก่: ,"{name} bulunamadı, olası değişiklikler: ","Đã tìm thấy {name}, các thay thế khả thi là: ",找到 {name}，可能的替代为： ,找到 {name}，可能的替代为： ,發現{name}，可能取代為： 
Studio.R15Migrator.ScriptAnalysis.AnimationWarningCode,,,Animation Warning,Animation Warning,تحذير الحركة,Animationswarnung,Advertencia de animación,Avertissement animation,ऐनिमेशन वॉर्निंग,Peringatan Animasi,Avviso Animazione,アニメーション警告,애니메이션 경고,Ostrzeżenie dotyczące animacji,Aviso de animação,,คำเตือนแอนิเมชัน,Animasyon Uyarısı,Cảnh Báo Hiệu Ứng Động,动画警告,动画警告,動畫警告
Studio.R15Migrator.ScriptAnalysis.AnimationWarning,,,Use the animation tab to convert animation to R15,Use the animation tab to convert animation to R15,"استخدم علامة التبويب ""الحركة"" لتحويل الحركة إلى R15","Benutze die Registerkarte Animation, um die Animation in R15 zu konvertieren",Use la pestaña de animación para convertir la animación a R15,Utilise l'onglet animation pour transformer l'animation en R15,ऐनिमेशन को R15 में कन्वर्ट करने के लिए ऐनिमेशन टैब का इस्तेमाल करें,Gunakan tab animasi untuk mengonversi animasi ke R15,Usa la scheda Animazione per convertire l'animazione in R15,アニメーションタブを使用してアニメーションをR15に変換,애니메이션 탭을 사용하여 애니메이션을 R15로 변환,Użyj karty animacji w celu przekonwertowania animacji na R15,Use a aba de animação para converter a animação para R15,,ใช่แท็บแอนิเมชันในการแปลงแอนิเมชันเป็น R15,Animasyonu R15'e dönüştürmek için animasyon sekmesini kullan,Sử dụng tab hiệu ứng động để chuyển đổi hiệu ứng động sang R15,使用“动画”选项卡将动画转换为 R15,使用“动画”选项卡将动画转换为 R15,使用動畫分頁來將動畫轉換至 R15
Studio.R15Migrator.ScriptConversion.ReplaceRulesProgress,,,Replacing with Rules,Replacing with Rules,الاستبدال بالقواعد,Wird durch Regeln ersetzt,Reemplazar con Reglas,Remplacement par des règles,नियमों से रीप्लेस किया जा रहा है,Mengganti dengan Aturan,Sostituisci con le regole,ルールで置換,규칙으로 바꾸기,Zamienianie z użyciem reguł,Substituindo com regras,,การแทนที่ด้วยกฎ,Kurallar ile değiştiriliyor,Thay thế bằng Quy Tắc,正在以规则替换,正在以规则替换,以規則取代
Studio.R15Migrator.ScriptStatus.Complete,,,All script issues have been resolved.,All script issues have been resolved.,تم حل جميع المشكلات في النصوص البرمجية.,Alle Skriptprobleme wurden behoben.,Se resolvieron todos los problemas del script.,Tous les problèmes de script ont été résolus.,स्क्रिप्ट से जुड़ी सभी समस्याओं का समाधान कर दिया गया है.,Semua masalah skrip telah diselesaikan.,Tutti i problemi di script sono stati risolti.,すべてのスクリプトの問題が解決しました。,모든 스크립트 문제가 해결되었습니다.,Wszystkie problemy ze skryptem zostały rozwiązane.,Todos os problemas de script foram resolvidos.,,ปัญหาสคริปต์ทั้งหมดได้รับการแก้ไขแล้ว,Tüm betik sorunları çözüldü.,Tất cả các vấn đề kịch bản đã được giải quyết.,所有脚本问题都已解决。,所有脚本问题都已解决。,所有指令碼問題皆已解決。
Studio.R15Migrator.ScriptStatus.Reverted,,,This script was just reverted. Reversion can be undone as long as there are no additional changes made to the script.,This script was just reverted. Reversion can be undone as long as there are no additional changes made to the script.,تم التراجع عن هذا النص البرمجي الآن. يمكنك إلغاء هذا التراجع طالما لم يتم إجراء تغييرات أخرى على النص البرمجي.,"Dieses Skript wurde gerade zurückgesetzt. Die Zurücksetzung kann rückgängig gemacht werden, solange keine weiteren Änderungen an dem Skript vorgenommen werden.",Este script acaba de revertirse. La reversión se puede deshacer mientras no haya cambios adicionales en el script.,Ce script a été restauré. La réversion peut être annulée tant qu'il n'y a pas de changement supplémentaire dans le script.,"इस स्क्रिप्ट को अभी-अभी रिवर्ट किया गया था. जब तक स्क्रिप्ट में कोई अतिरिक्त बदलाव नहीं किया जाता, तब तक रिवर्ट का प्रोसेस कैंसिल किया जा सकता है.",Skrip ini baru saja dikembalikan. Pengembalian bisa diurungkan selama tidak ada perubahan tambahan terhadap skrip.,Questo script è stato appena ripristinato. Il ripristinio può essere annullato finché non ci sono ulteriori modifiche allo script.,このスクリプトは元に戻りました。スクリプトに追加の変更がない限り、元に戻すことができます。,스크립트를 방금 되돌렸습니다. 스크립트에 추가 변경 사항이 없는 한 되돌리기를 취소할 수 있습니다.,"Ten skrypt został właśnie przywrócony. Przywrócenie można cofnąć, dopóki w skrypcie nie zostały wprowadzone dodatkowe zmiany.",Este script foi revertido. A reversão pode ser desfeita enquanto não houver alterações adicionais feitas no script.,,สคริปต์นี้เพิ่งได้รับการแปลงกลับ สามารถยกเลิกการแปลงกลับได้ตราบใดที่ไม่มีการเปลี่ยนแปลงเพิ่มเติมไปยังสคริปต์,"Betik az önce geri döndürüldü. Geri döndürme işlemi, betik üzerinde daha fazla değişiklik yapılmamışsa geri alınabilir.","Kịch bản này vừa bị hoàn lại. Bạn có thể hoàn tác hoàn lại, miễn là không thực hiện thêm bất kỳ thay đổi nào đối với kịch bản.",此脚本已还原。只要没有对脚本进行其他更改，就可以撤消还原。,此脚本已还原。只要没有对脚本进行其他更改，就可以撤消还原。,這行指令碼才剛還原。只要未對指令碼進行額外變更，您都能回復還原。
Studio.R15Migrator.ScriptConversion.Convert,,,Convert,Convert,تحويل,Konvertieren,Convertir,Convertir,कन्वर्ट करें,Konversi,Converti,変換,변환,Konwertuj,Converter,,แปลง,Dönüştür,Chuyển Đổi,转换,转换,轉換
Studio.R15Migrator.ScriptConversion.TotalScripts,,,Found {total} scripts with R6 References.,Found {total} scripts with R6 References.,تم العثور على {total} من النصوص البرمجية مع مراجع R6.,{total} Skripte mit R6-Referenzen gefunden.,Se encontraron {total} scripts con referencias R6.,{total} scripts trouvés avec des références R6.,R6 रेफ़रेंस वाली {total} स्क्रिप्ट मिलीं.,Ditemukan {total} skrip dengan Referensi R6.,Trovati {total} script con referenze R6.,R6 リファレンスつきのスクリプトが {total} 件見つかりました。,R6 참조가 있는 {total} 스크립트를 찾았습니다.,Znaleziono {total} skrypty(-ów) z odwołaniami do R6.,Encontrados {total} scripts com referências R6.,,พบสคริปต์ {total} รายการที่มีการอ้างอิง R6,R6 referanslı {total} betik bulundu.,Đã tìm thấy {total} kịch bản với Tham Chiếu R6.,找到 {total} 个包含 R6 参考的脚本。,找到 {total} 个包含 R6 参考的脚本。,共找到 {total} 行提及 R6 的指令碼。
Studio.R15Migrator.ScriptConversion.TotalLines,,,{total} issues can be updated automatically.,{total} issues can be updated automatically.,يمكن تحديث {total} من المشكلات تلقائيًا.,{total} Probleme können automatisch aktualisiert werden.,{total} peticiones se pueden actualizar automáticamente.,{total} demandes peuvent être mises à jour automatiquement.,{total} समस्याओं को अपने-आप अपडेट किया जा सकता है.,{total} masalah bisa di-update secara otomatis.,{total} problemi possono essere aggiornati automaticamente.,{total} 件の問題を自動更新できます。,{total}개의 문제가 ​​자동으로 업데이트될 수 있습니다.,Można automatycznie zaktualizować {total} skrypty(-ów).,{total} problemas podem ser atualizados automaticamente.,,สามารถอัปเดตปัญหา {total} รายการได้โดยอัตโนมัติ,{total} sorun otomatik olarak güncellenebilir.,Có thể cập nhật tự động {total} vấn đề.,可以自动更新 {total} 个问题。,可以自动更新 {total} 个问题。,可自動更新 {total} 個問題。
Studio.R15Migrator.ScriptConversion.Automatically,,,automatically,automatically,تلقائيًا,automatisch,automáticamente,automatiquement,अपने-आप,secara otomatis,automaticamente,自動,자동,Automatycznie,automaticamente,,โดยอัตโนมัติ,otomatik olarak,tự động,自动,自动,自動
Studio.R15Migrator.ProgressBar.ReplaceWithRules,,,Replacing with Rules,Replacing with Rules,الاستبدال بالقواعد,Wird durch Regeln ersetzt,Reemplazar con reglas,Remplacement par des règles,नियमों से रीप्लेस किया जा रहा है,Mengganti dengan Aturan,Sostituisci con le regole,ルールで置換,규칙으로 바꾸는 중,Zamienianie z użyciem reguł,Substituindo com regras,,กำลังแทนที่ด้วยกฎ,Kurallar ile değiştiriliyor,Thay thế bằng Quy Tắc,正在以规则替换,正在以规则替换,以規則取代
Studio.R15Migrator.ProgressBar.AutoConvert,,,Automatically Converting Scripts,Automatically Converting Scripts,تحويل النصوص البرمجية تلقائيًا,Skripte werden automatisch konvertiert,Convertir scripts automáticamente,Conversion automatique des scripts,स्क्रिप्ट्स अपने-आप कन्वर्ट की जा रही हैं,Mengonversi Skrip secara Otomatis,Conversione automatica degli script,スクリプトの自動変換,스크립트 자동 변환 중,Automatyczne konwertowanie skryptów,Convertendo scripts automaticamente,,กำลังแปลงสคริปต์โดยอัตโนมัติ,Betikler otomatik olarak dönüştürülüyor,Tự Động Chuyển Đổi Kịch Bản,正在自动转换脚本,正在自动转换脚本,自動轉換指令碼
Studio.R15Migrator.ProgressBar.Revert,,,Reverting Scripts,Reverting Scripts,يتم التراجع عن النصوص البرمجية,Skripte werden zurückgesetzt,Revirtiendo scripts,Rétablir les scripts,स्क्रिप्ट्स रिवर्ट की जा रही हैं,Mengembalikan Skrip,Ripristino degli script,スクリプトを元に戻す,스크립트를 되돌리는 중,Przywracanie skryptów,Revertendo scripts,,กำลังแปลงกลับสคริปต์,Betikler geri döndürülüyor,Hoàn Lại Kịch Bản,正在还原脚本,正在还原脚本,正在還原指令碼
Studio.R15Migrator.ProgressBar.UndoRevert,,,Undoing Reverted Scripts,Undoing Reverted Scripts,إلغاء التراجع عن النصوص البرمجية,Zurückgesetzte Skripte werden rückgängig gemacht,Deshacer scripts revertidos,Annulation des scripts inversés,स्क्रिप्ट्स को रिवर्ट करने का प्रोसेस कैंसिल किया जा रहा है,Mengurungkan Skrip yang Dikembalikan,Annulla script ripristinati,元に戻したスクリプトの取り消し,스크립트 되돌리기 취소 중,Cofanie przywróconych skryptów,Desfazendo scripts revertidos,,ยกเลิกสคริปต์ที่แปลงกลับแล้ว,Geri döndürülen betikler geri alınıyor,Hoàn Tác Kịch Bản Đã Hoàn Lại,正在撤消还原的脚本,正在撤消还原的脚本,正在撤銷已還原指令碼
Studio.R15Migrator.ConversionResult.Revert,,,{count} scripts were successfully reverted.,{count} scripts were successfully reverted.,تم التراجع عن {count} من النصوص البرمجية بنجاح.,{count} Skripte wurden erfolgreich rückgängig gemacht.,Se revertieron {count} scripts correctamente.,{count} scripts ont été restaurés avec succès.,{count} स्क्रिप्ट्स रिवर्ट हो गई हैं.,{count} skrip berhasil dikembalikan.,{count} script sono stati ripristinati con successo.,スクリプト {count} 件を元に戻しました。,{count}개의 스크립트 되돌리기를 완료했습니다.,Przywrócono {count} skrypty(-ów).,{count} scripts foram revertidos com sucesso.,,แปลงกลับสคริปต์สำเร็จแล้ว {count} รายการ,{count} betik başarıyla geri döndürüldü.,{count} kịch bản đã được hoàn lại thành công.,{count} 个脚本已成功还原。,{count} 个脚本已成功还原。,{count} 行指令碼已成功還原。
Studio.R15Migrator.ConversionResult.UndoRevert,,,{count} scripts were restored to their state before reversion.,{count} scripts were restored to their state before reversion.,تمت إعادة {count} من النصوص البرمجية إلى حالتها الأصلية قبل التراجع.,{count} Skripte wurden in ihren Zustand vor der Zurücksetzung wiederhergestellt.,Se restauraron {count} scripts al estado anterior a la reversión.,Les {count} scripts ont été restaurés dans l'état où ils se trouvaient avant la reversion.,रिवर्ट करने से पहले {count} स्क्रिप्ट्स अपनी स्थिति में रीस्टोर कर दी गई हैं.,{count} skrip dipulihkan ke kondisi sebelum pengembalian.,{count} script sono stati ripristinati nel loro stato prima della reversione.,{count} 件のスクリプトが復元前の状態に戻りました。,{count}개의 스크립트를 되돌리기 전 상태로 복원했습니다.,Przywrócono {count} skrypty(-ów) do stanu sprzed cofnięcia.,{count} scripts foram restaurados para seu estado anterior à reversão.,,กู้คืนสคริปต์กลับไปเป็นสถานะก่อนการแปลงแล้ว {count} รายการ,"{count} betik, geri döndürülmeden önceki hâline geri alındı.",{count} kịch bản đã được khôi phục lại trạng thái trước khi hoàn lại.,{count} 个脚本已恢复到还原前的状态。,{count} 个脚本已恢复到还原前的状态。,{count} 行指令碼已恢復成還原前狀態。
Studio.R15Migrator.ConversionResult.ReplaceSuccess,,,{count} scripts were successfully updated.,{count} scripts were successfully updated.,تم تحديث {count} من النصوص البرمجية بنجاح.,{count} Skripte wurden erfolgreich aktualisiert.,{count} scripts se actualizaron correctamente.,{count} scripts ont été mis à jour avec succès.,{count} स्क्रिप्ट्स अपडेट हो गई हैं.,{count} skrip berhasil di-update.,Gli script {count} sono stati aggiornati correttamente.,スクリプト {count} 件を更新できました。,{count}개의 스크립트 업데이트를 완료했습니다.,Zaktualizowano {count} skrypty(-ów).,{count} scripts foram atualizados com sucesso.,,อัปเดตสคริปต์สำเร็จแล้ว {count} รายการ,{count} betik başarıyla güncellendi.,{count} kịch bản đã được cập nhật thành công.,{count} 个脚本已成功更新。,{count} 个脚本已成功更新。,已成功更新 {count} 個指令碼。
Studio.R15Migrator.ConversionResult.ReplaceFailed,,,{count} lines were skipped because no rules were set.,{count} lines were skipped because no rules were set.,تم تخطي {count} من الأسطر لأنه لم يتم إعداد قواعد.,"{count} Zeilen wurden übersprungen, da keine Regeln festgelegt wurden.",Se omitieron {count} líneas porque no se establecieron reglas.,{count} lignes ont été ignorées car aucune règle n'a été définie.,"{count} लाइनों को छोड़ दिया गया, क्योंकि कोई नियम सेट नहीं किया गया था.",{count} baris dilewati karena tidak ada aturan yang ditetapkan.,{count} righe sono state saltate perché non sono state impostate regole.,ルールが設定されていないため、{count} 行がスキップされました。,규칙이 설정되지 않았기 때문에 {count}줄을 건너뛰었습니다.,"Pominięto {count} wiersze(-y), ponieważ nie ustalono reguł.",{count} linhas foram ignoradas porque não foram definidas regras.,,ข้าม {count} บรรทัดเนื่องจากไม่มีการกำหนดกฎเอาไว้,Kural belirlenmediği için {count} satır atlandı.,{count} dòng đã bị bỏ qua vì không đặt bất kỳ quy tắc nào.,由于没有设置规则，跳过了 {count} 行。,由于没有设置规则，跳过了 {count} 行。,由於並未設定規則，因此跳過了 {count} 行。
Studio.R15Migrator.ConversionResult.AutoConvert,,,{count} lines were updated automatically.,{count} lines were updated automatically.,تم تحديث {count} من الأسطر تلقائيًا.,{count} Zeilen wurden automatisch aktualisiert.,Se actualizaron {count} líneas automáticamente.,{count} lignes ont été mises à jour automatiquement.,{count} लाइनों को अपने-आप अपडेट कर दिया गया.,{count} baris di-update secara otomatis.,{count} linee sono state aggiornate automaticamente.,{count} 行が自動的に更新されました。,{count}줄이 자동으로 업데이트되었습니다.,Automatycznie zaktualizowano {count} wiersze(-y).,{count} linhas foram atualizadas automaticamente.,,อัปเดต {count} บรรทัดโดยอัตโนมัติแล้ว,{count} satır otomatik olarak güncellendi.,Đã cập nhật tự động {count} dòng.,{count} 行已自动更新。,{count} 行已自动更新。,{count} 行已自動更新。
Studio.R15Migrator.ConversionResult.Script,,,Script {name} was updated.,Script {name} was updated., تم تحديث النص البرمجي: {name}.,Skript {name} wurde aktualisiert.,Se actualizó el script {name}.,Le script {name} a été mis à jour.,स्क्रिप्ट {name} अपडेट कर दी गई है.,Skrip {name} telah di-update.,Script {name} è stato aggiornato.,スクリプト、 {name} を更新しました。,{name} 스크립트가 업데이트되었습니다.,Skrypt {name} został zaktualizowany.,O script {name} foi atualizado.,,อัปเดตสคริปต์ {name} แล้ว,{name} betiği güncellendi.,Kịch bản {name} đã được cập nhật.,脚本 {name} 已更新。,脚本 {name} 已更新。,指令碼 {name} 已更新。
Studio.R15Migrator.AnimationConversion.Upload,,,Upload,Upload,رفع,Hochladen,Cargar,Télécharger,अपलोड करें,Upload,Carica,アップロード,업로드,Prześlij,Upload,,อัปโหลด,Yükle,Tải Lên,上传,上传,上傳
Studio.R15Migrator.AnimationConversion.NotStarted,,,notStarted,notStarted,notStarted,notStarted,notStarted,non démarré,notStarted,notStarted,noAvviato,notStarted,notStarted,notStarted,notStarted,,notStarted,Başlamadı,notStarted,notStarted,notStarted,notStarted
Studio.R15Migrator.AnimationConversion.ScanningScripts,,,Scanning scripts in progress...,Scanning scripts in progress...,جارٍ مسح النصوص البرمجية ضوئيًا...,Skripte werden gescannt ...,Escaneando scripts en curso...,Scripts d'analyse en cours...,स्क्रिप्ट्स की स्कैनिंग जारी है...,Pemindaian skrip sedang berlangsung...,Scansione script in corso...,スクリプトのスキャン進行中...,스크립트 스캔 중...,Trwa skanowanie skryptów...,Verificando scripts em progresso...,,การสแกนสคริปต์อยู่ในระหว่างดำเนินการ...,Betik taraması sürüyor...,Đang quét kịch bản...,正在扫描脚本...,正在扫描脚本...,正在掃描指令碼……
Studio.R15Migrator.AnimationConversion.ScanningWorkspace,,,Scanning workspace in progress...,Scanning workspace in progress...,جارٍ مسح Workspace ضوئيًا...,Arbeitsbereich wird gescannt ...,Escaneando área de trabajo...,Analyse de l'espace de travail en cours...,Workspace की स्कैनिंग जारी है...,Pemindaian workspace sedang berlangsung...,Scansione spazio di lavoro in corso...,ワークスペースのスキャン進行中...,작업 공간 스캔 중...,Trwa skanowanie przestrzeni roboczej...,Verificando espaço de trabalho em andamento...,,การสแกน Workspace อยู่ในระหว่างดำเนินการ...,Atölye taraması sürüyor...,Đang quét không gian làm việc...,正在扫描工作区...,正在扫描工作区...,正在掃描工作區……
Studio.R15Migrator.AnimationConversion.ConvertingAnimations,,,Converting animations in progress...,Converting animations in progress...,جارٍ تحويل الحركات...,Animationen werden konvertiert ...,Convirtiendo animaciones en curso...,Conversion des animations en cours...,ऐनिमेशन को कन्वर्ट करने का प्रोसेस जारी है...,Konversi animasi sedang berlangsung...,Conversione delle animazioni in corso...,アニメーションの変換進行中...,애니메이션 변환 중...,Trwa konwertowanie animacji...,Convertendo animações em andamento...,,การแปลงแอนิเมชันอยู่ในระหว่างดำเนินการ...,Animasyon dönüştürme sürüyor...,Đang chuyển đổi hiệu ứng động...,正在转换动画...,正在转换动画...,正在轉換動畫……
Studio.R15Migrator.AnimationConversion.Done,,,done,done,تم,fertig,hecho,terminé,हो गया,selesai,fatto,完了,완료,gotowe,terminado,,เสร็จสิ้น,bitti,hoàn thành,完成,完成,完成
Studio.R15Migrator.AnimationConversion.Issues,,,Issues,Issues,المشكلات,Probleme,Problemas,Problèmes,समस्याएँ,Masalah,Problemi,問題,문제,Problemy,Problemas,,ปัญหา,Sorunlar,Vấn Đề,问题,问题,問題
Studio.R15Migrator.AnimationConversion.Ready,,,Ready,Ready,جاهز,Bereit,Listo,Prêt,तैयार,Siap,Pronto,準備完了,준비,Gotowe,Pronto,,พร้อม,Hazır,Sẵn Sàng,就绪,就绪,就緒
Studio.R15Migrator.AnimationConversion.DefaultAvatar,,,Default Avatar,Default Avatar,الأفاتار الافتراضي,Standard-Avatar,Avatar predeterminado,Avatar par défaut,डिफ़ॉल्ट अवतार,Avatar Default,Avatar predefinito,デフォルトのアバター,기본 아바타,Domyślny awatar,Avatar padrão,,อวาตาร์ค่าเริ่มต้น,Varsayılan Avatar,Avatar Mặc Định,默认虚拟形象,默认虚拟形象,預設虛擬人偶
Studio.R15Migrator.AnimationConversion.SelectAvatar,,,Select Avatar,Select Avatar,حدِّد أفاتار,Avatar auswählen,Seleccionar avatar,Sélectionner un avatar,अवतार चुनें,Pilih Avatar,Seleziona avatar,アバターの選択,아바타 선택,Zaznacz awatara,Selecionar avatar,,เลือกอวาตาร์,Avatar seç,Chọn Avatar,选择虚拟形象,选择虚拟形象,選擇虛擬人偶
Studio.R15Migrator.AnimationConversion.ChooseAvatarPlaceholder,,,Choose avatar...,Choose avatar...,جارٍ اختيار الأفاتار...,Avatar auswählen ...,Elegir avatar...,Choisir un avatar...,अवतार चुनें...,Pilih avatar...,Scegli avatar...,アバターを選択...,아바타 선택...,Wybierz awatara...,Escolher avatar...,,เลือกอวาตาร์...,Avatar seç...,Chọn Avatar...,选择虚拟形象……,选择虚拟形象……,選擇虛擬人偶...
Studio.R15Migrator.AnimationConversion.Replace,,,Replace,Replace,استبدال,Ersetzen,Reemplazar,Remplacer,रीप्लेस करें,Ganti,Sostituisci,置き換え,바꾸기,Zamień,Substituir,,แทนที่,Değiştir,Thay Thế,替换,替换,取代
Studio.R15Migrator.Tabs.CharacterConversion,,,Character,Character,الشخصية,Charakter,Personaje,Personnage,कैरेक्टर,Karakter,Personaggio,キャラクター,캐릭터,Postać,Personagem,,ตัวละคร,Karakter,Nhân Vật,角色,角色,字元
Studio.R15Migrator.CharacterConversion.Convert,,,Convert,Convert,تحويل,Konvertieren,Convertir,Convertir,कन्वर्ट करें,Konversi,Converti,変換,변환,Konwertuj,Converter,,แปลง,Dönüştür,Chuyển Đổi,转换,转换,轉換
Studio.R15Migrator.CharacterConversion.Revert,,,Revert,Revert,التراجع,Zurücksetzen,Revertir,Revenir en arrière,रिवर्ट करें,Kembalikan,Ripristina,元に戻す,되돌리기,Przywróć,Reverter,,แปลงกลับ,Geri Döndür,Hoàn Lại,还原,还原,還原
Studio.R15Migrator.CharacterConversion.Converted,,,Converted,Converted,تم التحويل,Konvertiert,Convertido,Converti,कन्वर्ट किया गया,Dikonversi,Convertito,変換済み,변환됨,Przekonwertowano,Convertido,,แปลงแล้ว,Dönüştürüldü,Đã Chuyển Đổi,已转换,已转换,已轉換
Studio.R15Migrator.CharacterConversion.Issues,,,Issues,Issues,المشكلات,Probleme,Problemas,Problèmes,समस्याएँ,Masalah,Problemi,問題,문제,Problemy,Problemas,,ปัญหา,Sorunlar,Vấn Đề,问题,问题,問題
Studio.R15Migrator.ReplaceRulesPane.R6Avatar,,,R6 Avatar,R6 Avatar,أفاتار R6,R6-Avatar,Avatar R6,Avatar R6,R6 अवतार,Avatar R6,Avatar R6,R6アバター,R6 아바타,Awatar R6,Avatar R6,,อวาตาร์ R6,R6 Avatar,Avatar R6,R6 虚拟形象,R6 虚拟形象,R6 虛擬人偶
Studio.R15Migrator.ReplaceRulesPane.R15Avatar,,,R15 Avatar,R15 Avatar,أفاتار R15,R15-Avatar,Avatar R15,Avatar R15,R15 अवतार,Avatar R15,Avatar R15,R15アバター,R15 아바타,Awatar R15,Avatar R15,,อวาตาร์ R15,R15 Avatar,Avatar R15,R15 虚拟形象,R15 虚拟形象,R15 虛擬人偶
Studio.R15Migrator.ReplaceRulesPane.SaveRules,,,Save Rules,Save Rules,حفظ القواعد,Regeln speichern,Guardar reglas,Sauvegarder les règles,नियमों को सेव करें,Simpan Aturan,Salva Regole,ルールを保存,규칙 저장,Zapisz reguły,Salvar regras,,บันทึกกฎ,Kuralları kaydet,Lưu Quy Tắc,保存规则,保存规则,儲存規則
Studio.R15Migrator.ReplaceRulesPane.Instructions,,,Define auto-replacement rules.,Define auto-replacement rules.,حدِّد قواعد الاستبدال التلقائي.,Regeln für das automatische Ersetzen festlegen.,Definir reglas de reemplazo automático.,Définir les règles d'auto-remplacement.,ऑटो-रीप्लेसमेंट के नियम तय करें.,Tentukan aturan penggantian otomatis.,Definisci regole di sostituzione automatica.,自動置換ルールを定義。,자동 바꾸기 규칙을 정의합니다.,Zdefiniuj reguły automatycznego zamieniania.,Definir regras de auto-substituição.,,กำหนดกฎการแทนที่อัตโนมัติ,Otomatik değiştirme kurallarını tanımla.,Xác định các quy tắc tự động thay thế.,定义自动替换规则。,定义自动替换规则。,定義自動取代規則。
Studio.R15Migrator.ScriptConversion.AutoConvert,,,Auto Convert,Auto Convert,التحويل التلقائي,Automatische Konvertierung,Conversión automática,Conversion automatique,अपने-आप कन्वर्ट करें,Konversi Otomatis,Converti automaticamente,自動変換,자동 변환,Automatyczna konwersja,Converter automaticamente,,แปลงอัตโนมัติ,Otomatik Dönüştür,Tự Động Chuyển Đổi,自动转换,自动转换,自動轉換
Studio.R15Migrator.ScriptStatus.NoRules,,,No replace rules applied for selected scripts/issues,No replace rules applied for selected scripts/issues,لم يتم تطبيق قواعد استبدال على النصوص البرمجية/المشكلات المحدَّدة,Keine Ersetzungsregeln für ausgewählte Skripte/Probleme angewandt,No hay reglas de reemplazo aplicadas a los scripts o errores seleccionados,Aucune règle de remplacement appliquée pour les scripts/tickets sélectionnés,"चुनी गई स्क्रिप्ट्स/समस्याओं के लिए, कोई रीप्लेस किया गया नियम अप्लाई नहीं किया गया",Tidak ada aturan penggantian yang diterapkan untuk skrip/masalah yang dipilih,Nessuna regola di sostituzione applicata per script/issue selezionati,選択済みスクリプトまたは問題に置き換えルールが適用されていません,선택한 스크립트 또는 문제에 적용된 바꾸기 규칙이 없습니다,Nie zastosowano reguł zamieniania w odniesieniu do zaznaczonych skryptów/problemów,Nenhuma regra de substituição aplicada para scripts/problemas selecionada,,ไม่มีกฎการแทนที่ที่ปรับใช้กับสคริปต์/ปัญหาที่เลือก,Seçili betiklere/sorunlara değiştirme kuralı uygulanmadı,Không có quy tắc thay thế được áp dụng cho các kịch bản/vấn đề được chọn,没有适用于所选脚本 / 问题的替换规则,没有适用于所选脚本 / 问题的替换规则,沒有適用於選定指令碼/問題的替換規則
Studio.R15Migrator.ScriptStatus.PartiallyConverted,,,This script has been modified from its original state.,This script has been modified from its original state.,هذا النص البرمجي مختلف عن حالته الأصلية.,Dieses Skript wurde von seinem ursprünglichen Zustand modifiziert.,Este script se modificó desde su estado original.,Ce script a été modifié depuis son état d'origine.,इस स्क्रिप्ट को इसकी ओरिजिनल स्थिति से बदल दिया गया है.,Skrip ini telah dimodifikasi dari kondisi aslinya.,Questo script è stato modificato dal suo stato originale.,このスクリプトは元の状態から変更されています。,이 스크립트는 원래 상태에서 수정되었습니다.,Ten skrypt został zmodyfikowany od stanu początkowego.,Este script foi modificado de seu estado original.,,สคริปต์นี้ได้รับการแก้ไขจากสถานะดั้งเดิม,Bu betiğin orijinal durumu değişti.,Kịch bản này đã được sửa đổi từ trạng thái ban đầu.,此脚本已修改，不再是初始状态。,此脚本已修改，不再是初始状态。,此指令碼已自其原始狀態修改。
Studio.R15Migrator.ProgressBar.Convert,,,Converting Scripts,Converting Scripts,تحويل النصوص البرمجية,Skripte werden konvertiert,Convirtiendo scripts,Conversion des scripts,स्क्रिप्ट्स कन्वर्ट की जा रही हैं,Mengonversi Skrip,Conversione degli script,スクリプトを変換中,스크립트 변환 중,Konwertowanie skryptów,Convertendo scripts,,กำลังแปลงสคริปต์,Betikler dönüştürülüyor,Chuyển Đổi Kịch Bản,正在转换脚本,正在转换脚本,轉換指令碼
Studio.R15Migrator.InitialScanning.ScanButton,,,Start Scan,Start Scan,بدء المسح الضوئي,Scan starten,Comenzar escaneo,Commencer scan,स्कैन शुरू करें,Mulai Pemindaian,Avvia scansione,スキャンを開始,스캔 시작,Zacznij skanowanie,Iniciar verificação,,เริ่มการสแกน,Taramayı başlat,Bắt Đầu Quét,开始扫描,开始扫描,啟動掃描
Studio.R15Migrator.InitialScanning.ScanPrompt,,,"Click Start Scan to begin scanning place for animations, scripts, and models that need to be converted. This may take some time.","Click Start Scan to begin scanning place for animations, scripts, and models that need to be converted. This may take some time.","اضغط على ""بدء المسح الضوئي"" لبدء مسح المكان ضوئيًا بحثًا عن الحركات والنصوص البرمجية والنماذج التي تحتاج إلى تحويل. قد يستغرق إكمال هذه العملية بعض الوقت.","Klicke auf ""Scan starten"", um mit der Suche nach Animationen, Skripten und Modellen zu beginnen, die konvertiert werden müssen. Dies kann einige Zeit in Anspruch nehmen.","Haz clic en Comenzar escaneo para iniciar el escaneado del lugar en busca de animaciones, scripts y modelos que deban convertirse. Esto puede llevar algún tiempo.","Clique sur Démarrer l'analyse pour commencer à analyser le lieu à la recherche d'animations, de scripts et de modèles à convertir. Cette opération peut prendre un certain temps.","जिन ऐनिमेशन, स्क्रिप्ट और मॉडलों को कन्वर्ट करना है, उनके लिए प्लेस का स्कैन शुरू करने के लिए 'स्कैन शुरू करें' पर क्लिक करें. इस प्रोसेस में कुछ समय लग सकता है.","Klik Mulai Pemindaian untuk mulai memindai tempat serta mencari animasi, skrip, dan model yang perlu dikonversi. Proses ini mungkin memerlukan beberapa saat.","Fare clic su Avvia scansione per avviare la scansione del luogo alla ricerca di animazioni, script e modelli che devono essere convertiti. Questo potrebbe richiedere del tempo.",「スキャン開始」をクリックして、変換する必要があるプレースのアニメーション、スクリプト、モデルのスキャンを開始してください。これにはしばらく時間がかかるかもしれません。,"스캔 시작을 클릭해 변환해야 하는 애니메이션, 스크립트, 모델 위치의 스캔을 시작하세요. 다소 시간이 걸릴 수 있습니다.","Kliknij Zacznij skanowanie, aby rozpocząć skanowanie miejsca pod kątem animacji, skryptów i modeli, które należy przekonwertować. Może to zająć nieco czasu.","Clique em Iniciar escaneamento para começar o local de escaneamento de animações, scripts e modelos que precisam ser convertidos. Isso pode levar algum tempo.",,"คลิกเริ่มต้นกาสแกนเพื่อเริ่มการสแกนสถานที่ของแอนิเมชัน, สคริปต์ และโมเดลที่จำเป็นต้องได้รับการแปลง การดำเนินการนี้อาจใช้เวลาสักครู่","Mekândaki dönüştürülmesi gereken animasyonların, betiklerin ve modellerin taranmaya başlaması için Taramayı başlat seçeneğine tıkla. Bu işlem biraz zaman alabilir.","Nhấp vào Bắt Đầu Quét để quét địa điểm cho các hiệu ứng động, kịch bản và mô hình cần được chuyển đổi. Thao tác này có thể mất một lúc.",点按“开始扫描”以开始扫描需要转换的动画、脚本和模型的场景。这可能需要一些时间。,点按“开始扫描”以开始扫描需要转换的动画、脚本和模型的场景。这可能需要一些时间。,按下啟動掃描，開始掃描空間中需要轉換的動畫、指令碼與模型。這可能會花上一點時間。
Studio.R15Migrator.AnimationConversion.Animations,,,Animations,Animations,الحركات,Animationen,Animaciones,Animations,ऐनिमेशंस,Animasi,Animazioni,アニメーション,애니메이션,Animacje,Animações,,แอนิเมชัน,Animasyonlar,Hiệu Ứng Động,动画,动画,動畫
Studio.R15Migrator.AnimationConversion.Converted,,,Converted,Converted,تم التحويل,Konvertiert,Convertida,Converti,कन्वर्ट किया गया,Dikonversi,Convertito,変換済み,변환됨,Przekonwertowano,Convertida,,แปลงแล้ว,Dönüştürüldü,Đã Chuyển Đổi,已转换,已转换,已轉換
Studio.R15Migrator.AnimationConversion.Convert,,,Convert,Convert,تحويل,Konvertieren,Convertir,Convertir,कन्वर्ट करें,Konversi,Converti,変換,변환,Konwertuj,Converter,,แปลง,Dönüştür,Chuyển Đổi,转换,转换,轉換
Studio.R15Migrator.ScriptConversion.HeaderMessage,,,{scriptCount} Scripts {issueCount} Issues,{scriptCount} Scripts {issueCount} Issues,عدد النصوص البرمجية: {scriptCount}، وعدد المشكلات: {issueCount},{scriptCount} Skripte {issueCount} Probleme,{scriptCount} scripts {issueCount} problemas,{scriptCount} Scripts {issueCount} problèmes,{scriptCount} स्क्रिप्ट्स {issueCount} से जुड़ी समस्याएँ,{scriptCount} Skrip {issueCount} Masalah,{scriptCount} Script {issueCount} Problemi,スクリプト {scriptCount} 件 問題 {issueCount} 件,스크립트 {scriptCount}개 문제 {issueCount}건,"Liczba skryptów: {scriptCount}, liczba problemów: {issueCount}",{scriptCount} scripts {issueCount} problemas,,สคริปต์ {scriptCount} รายการ ัปัญหา {issueCount} รายการ,{scriptCount} Betik {issueCount} Sorun,{scriptCount} Kịch Bản {issueCount} Vấn Đề,{scriptCount} 个脚本 {issueCount} 个问题,{scriptCount} 个脚本 {issueCount} 个问题,{scriptCount} 個指令碼 {issueCount} 個問題
Studio.R15Migrator.ScriptAnalysis.R6ScriptErrorCode,,,R6 Script Error,R6 Script Error,خطأ في النص البرمجي R6,R6-Skriptfehler,Error de script R6,Erreur script R6,R6 स्क्रिप्ट में गड़बड़ी,Eror Skrip R6,R6 Script Error,R6 スクリプトエラー,R6 스크립트 오류,Błąd skryptu R6,Erro de script R6,,เกิดข้อผิดพลาดสคริปต์ R6,R6 Betik Hatası,Lỗi Kịch Bản R6,R6 脚本错误,R6 脚本错误,R6 指令碼錯誤
Studio.R15Migrator.ScriptAnalysis.R6ReferenceError,,,Reference to R6 Avatar found with {name},Reference to R6 Avatar found with {name},تم العثور على مرجع إلى أفاتار R6 مع {name},Referenz auf R6-Avatar gefunden mit {name},Referencia al avatar R6 encontrada con {name},Référence à l'avatar R6 trouvé avec {name},{name} के साथ मिले R6 अवतार का रेफ़रेंस,Referensi Avatar R6 ditemukan di {name},Riferimento all'Avatar R6 trovato con {name},{name} で見つかったR6アバターのリファレンス,{name}(으)로 찾은 R6 아바타 참조,{name} zawiera odwołanie do awatara R6,Referência a avatar R6 encontrado com {name},,พบการอ้างอิงอวาตาร์ R6 ด้วย {name},{name} adlı R6 Avatar referansı bulundu,Tham chiếu đến Avatar R6 được tìm thấy với {name},{name}有对 R6 虚拟形象的引用,{name}有对 R6 虚拟形象的引用,發現對於 R6 虛擬人偶的引用，其名稱為 {name}
Studio.R15Migrator.ScriptConversion.Revert,,,Revert,Revert,التراجع,Zurücksetzen,Revertir,Revenir en arrière,रिवर्ट करें,Kembalikan,Ripristina,元に戻す,되돌리기,Przywróć,Reverter,,แปลงกลับ,Geri Döndür,Hoàn Lại,还原,还原,還原
Studio.R15Migrator.ConversionResult.Complete,,,{count} references were successfully updated.,{count} references were successfully updated.,تم تحديث {count} من المراجع بنجاح.,{count} Referenzen wurden erfolgreich aktualisiert.,{count} referencias se actualizaron correctamente.,{count} références ont été mises à jour avec succès.,{count} रेफ़रेंस अपडेट हो गए हैं.,{count} referensi berhasil di-update.,{count} referenze sono state aggiornate correttamente.,参照 {count} 件を更新できました。,{count}개의 참조 업데이트를 완료했습니다.,Zaktualizowano {count} odwołania(-ń).,{count} scripts foram atualizados com sucesso.,,อัปเดตการอ้างอิงสำเร็จแล้ว {count} รายการ,{count} referans başarıyla güncellendi.,{count} tham chiếu đã được cập nhật thành công.,{count} 个引用已成功更新。,{count} 个引用已成功更新。,成功更新了 {count} 個引用。
Studio.R15Migrator.ConversionResult.Error,,,{count} references were skipped because no replacement rules were set for them.,{count} references were skipped because no replacement rules were set for them.,تم تخطي {count} من المراجع لأنه لم يتم إعداد قواعد استبدال لها.,"{count} Referenzen wurden übersprungen, da keine Ersetzungsregeln für sie festgelegt wurden.",{count} referencias se omitieron porque no se establecieron reglas de reemplazo para ellas.,{count} références ont été ignorées car aucune règle de remplacement n'a été définie pour elles.,"{count} रेफ़रेंस को छोड़ दिया गया, क्योंकि उनके लिए कोई रीप्लेसमेंट नियम सेट नहीं किया गया था.",{count} referensi dilewati karena tidak ada aturan penggantian yang diatur untuk referensi tersebut.,{count} referenze sono state saltate perché non sono state impostate regole di sostituzione.,{count} 件の参照は、置換ルールが設定されていないためスキップしました。,대체 규칙이 설정되지 않았기 때문에 {count}개의 참조를 건너뛰었습니다.,"Pominięto {count} odwołania(-ń), ponieważ nie ustalono dla nich reguł zamieniania.",{count} referências foram ignoradas porque não foram definidas regras de substituição para elas.,,ข้ามการอ้างอิงแล้ว {count} รายการเนื่องจากไม่มีกฎการแทนที่ที่กำหนดไว้สำหรับรายการเหล่านี้,Üzerlerinde değiştirme kuralı belirlenmediği için {count} referans atlandı.,{count} tham chiếu đã bị bỏ qua vì không có quy tắc thay thế nào được đặt cho chúng.,跳过了 {count} 个引用，这是由于没有为它们设置替换规则。,跳过了 {count} 个引用，这是由于没有为它们设置替换规则。,由於並未設定取代規則，因此跳過了 {count} 個引用。
Studio.R15Migrator.AnimationConversion.Preview,,,Preview,Preview,معاينة,Vorschau,Vista previa,Prévisualisation,प्रीव्यू,Preview,Anteprima,プレビュー,미리 보기,Podgląd,Prévia,,ดูตัวอย่าง,Ön İzle,Xem Trước,预览,预览,預覽
Studio.R15Migrator.CharacterConversion.Success,,,This character can be successfully converted to R15.,This character can be successfully converted to R15.,يمكن تحويل هذه الشخصية بنجاح إلى R15.,Dieser Charakter kann erfolgreich in R15 konvertiert werden.,Este personaje se puede convertir a R15 correctamente.,Ce personnage peut être converti en R15.,इस कैरेक्टर को R15 में कन्वर्ट किया जा सकता है.,Karakter ini dapat berhasil dikonversi menjadi R15.,Questo personaggio può essere convertito in R15.,このキャラクターはR15に変換できます。,이 캐릭터는 R15로 전환할 수 있습니다.,Tę postać można przekonwertować na R15.,Este personagem pode ser convertido com sucesso para R15.,,ตัวละครนี้สามารถแปลงเป็น R15 ได้สำเร็จ,Bu karakter başarıyla R15'e dönüştürülebilir.,Nhân vật này có thể được chuyển đổi thành công thành R15.,此角色已成功转换为 R15。,此角色已成功转换为 R15。,此角色可以成功轉換至 R15。
Studio.R15Migrator.CharacterConversion.Warning,,,We cannot find exact R15 replacement for this character and have provided parts from a default R15 character instead. Find more choices by using the Toolbox.,We cannot find exact R15 replacement for this character and have provided parts from a default R15 character instead. Find more choices by using the Toolbox.,لم نتمكن من العثور على استبدال R15 دقيق لهذه الشخصية، لذا وفرنا أجزاء من شخصية R15 افتراضية بدلاً من ذلك. يمكنك العثور على المزيد من الخيارات باستخدام صندوق الأدوات.,Wir können keinen exakten R15-Ersatz für diesen Charakter finden und haben stattdessen Teile aus einem Standard-R15-Charakter bereitgestellt. Weitere Auswahlmöglichkeiten findest du über die Toolbox.,No podemos encontrar el reemplazo exacto de R15 para este personaje y proporcionamos partes de un personaje R15 predeterminado. Encuentra más opciones usando la Caja de herramientas.,Nous ne pouvons pas trouver le remplacement exact de R15 pour ce personnage et avons fourni des pièces d'un personnage R15 par défaut. Trouve plus de choix en utilisant la Boîte à outils.,हमें इस कैरेक्टर के लिए सटीक R15 रीप्लेसमेंट नहीं मिल रहा है और हमने इसके बजाय डिफ़ॉल्ट R15 कैरेक्टर के पार्ट्स उपलब्ध कराए हैं. टूलबॉक्स का इस्तेमाल करके और विकल्प खोजें.,Kami tidak bisa menemukan pengganti R15 yang tepat untuk karakter ini dan telah memberikan komponen dari karakter R15 default sebagai gantinya. Temukan pilihan lainnya menggunakan Toolbox.,"Non riuscendo a trovare l'esatta sostituzione R15 per questo personaggio, abbiamo aggiunto le parti da un personaggio R15 predefinito. Per altre scelte, apri il Toolbox.",このキャラクターに代わるR15は見つからず、デフォルトのR15キャラクターからパーツを提供しています。ツールボックスを使って、もっと選択肢を見つけましょう。,이 캐릭터에 대한 정확한 R15 대체품을 찾을 수 없어 기본 R15 캐릭터의 파트를 적용했습니다. 도구 상자를 사용해 더 많은 선택 항목을 찾아 보세요.,"Nie można znaleźć dokładnych elementów do zamiany na R15 dla tej postaci i zamiast nich użyto części z domyślnej postaci R15. Więcej elementów do wyboru znajdziesz, korzystając z przybornika.","Não foi possível encontrar a substituição exata de R15 para este personagem e, em vez disso, fornecemos partes a partir de um caractere R15 padrão. Encontre mais escolhas usando a caixa de ferramentas.",,เราไม่พบการแทนที่ R15 ที่แน่ชัดของตัวละครนี้ และได้มอบส่วนประกอบจากตัวละคร R15 ค่าเริ่มต้นให้แทน ค้นหาตัวเลือกเพิ่มเติมโดยการใช้กล่องอุปกรณ์,Bu karakter için birebir R15 değişikliği bulamadık ve varsayılan R15 karakterinden parçalar aldık. Araç Kutusu ile daha fazla seçenek bul.,"Chúng tôi không thể tìm thấy bộ phận thay thế R15 chính xác cho nhân vật này, thay vào đó đã cung cấp các bộ phận từ một nhân vật R15 mặc định. Tìm thêm lựa chọn bằng cách sử dụng Hộp Công Cụ.",我们找不到该角色的确切 R15 替换项，改为提供了默认 R15 角色的部分。使用“工具箱”可查找更多选项。,我们找不到该角色的确切 R15 替换项，改为提供了默认 R15 角色的部分。使用“工具箱”可查找更多选项。,我們無法找到能在 R15 完全取代此角色的替代方式，因此改為提供預設的 R15 角色零件。請藉由使用工具箱找到更多的選擇。
Studio.R15Migrator.ScriptAnalysis.RigTypeWarning,,,"{name} found, consider changing to {suggestion}.","{name} found, consider changing to {suggestion}.",تم العثور على {name}، وننصح بتغييره إلى {suggestion}.,"{name} gefunden, erwäge die Änderung zu {suggestion}.","{name} encontrado, considera cambiar a {suggestion}.","{name} trouvé, envisage de changer pour {suggestion}.","{name} मिल गया, {suggestion} पर बदलने पर विचार करें.",{name} ditemukan. Pertimbangkan mengubahnya menjadi {suggestion}.,{name} trovato. Valuta di modificare come {suggestion}.,{name} が見つかりました。{suggestion} への変更を検討してください。,{name}(을)를 찾았습니다. {suggestion}(으)로 변경하는 걸 고려해 보세요.,"Znaleziono: {name}, rozważ zamianę na: {suggestion}.","{name} encontrado, considere mudar para {suggestion}.",,พบ {name} พิจารณาการเปลี่ยนแปลงเป็น {suggestion},"{name} bulundu, {suggestion} olarak değiştirilmesi önerilir.","Đã tìm thấy {name}, hãy xem xét đổi sang {suggestion}.",已找到 {name}，考虑更改为 {suggestion}。,已找到 {name}，考虑更改为 {suggestion}。,發現 {name}，建議變更為 {suggestion}。
Studio.R15Migrator.ScriptAnalysis.VariableReferenceWarning,,,Variable must reference {suggestion}.,Variable must reference {suggestion}.,يجب أن يشير المتغيّر إلى {suggestion}.,Variable muss {suggestion} referenzieren.,La variable debe hacer referencia a {suggestion}.,La variable doit faire référence {suggestion}.,वेरिएबल के लिए {suggestion} का रेफ़रेंस देना ज़रूरी है.,Variabel harus mereferensikan {suggestion}.,La variabile deve fare riferimento a {suggestion}.,変数は {suggestion} を参照する必要があります。,변수는 {suggestion}(을)를 참조해야 합니다.,Zmienna musi odwoływać się do: {suggestion}.,A variável deve fazer referência a {suggestion}.,,ตัวแปรต้องอ้างอิง {suggestion},Değişkenin {suggestion} referansı olması gerekir.,Biến phải tham chiếu đến {suggestion}.,变量必须引用 {suggestion}。,变量必须引用 {suggestion}。,變數必須參考 {suggestion}。
Studio.R15Migrator.AvatarSelection.DefaultAvatar,,,Default Avatar,Default Avatar,الأفاتار الافتراضي,Standard-Avatar,Avatar predeterminado,Avatar par défaut,डिफ़ॉल्ट अवतार,Avatar Default,Avatar predefinito,デフォルトのアバター,기본 아바타,Domyślny awatar,Avatar padrão,,อวาตาร์ค่าเริ่มต้น,Varsayılan Avatar,Avatar Mặc Định,默认虚拟形象,默认虚拟形象,預設虛擬人偶
Studio.R15Migrator.AvatarSelection.SelectAvatar,,,Select Avatar,Select Avatar,حدِّد أفاتار,Avatar auswählen,Seleccionar avatar,Sélectionner un avatar,अवतार चुनें,Pilih Avatar,Seleziona avatar,アバターの選択,아바타 선택,Zaznacz awatara,Selecionar avatar,,เลือกอวาตาร์,Avatar seç,Chọn Avatar,选择虚拟形象,选择虚拟形象,選擇虛擬人偶
Studio.R15Migrator.AvatarSelection.ChooseAvatarPlaceholder,,,Choose avatar...,Choose avatar...,جارٍ اختيار الأفاتار...,Avatar auswählen ...,Elegir avatar...,Choisir un avatar...,अवतार चुनें...,Pilih avatar...,Scegli avatar...,アバターを選択...,아바타 선택...,Wybierz awatara...,Escolher avatar...,,เลือกอวาตาร์...,Avatar seç...,Chọn Avatar...,选择虚拟形象……,选择虚拟形象……,選擇虛擬人偶...
Studio.R15Migrator.UploadAnimation.RobloxOwnedAnimation,,,Uploaded animation created by Roblox,Uploaded animation created by Roblox,الحركات التي تم رفعها والتي أنشأتها Roblox,Hochgeladene Animation wurde von Roblox erstellt,Animación cargada creada por Roblox,Animation téléchargée créée par Roblox,Roblox द्वारा बनाया गया ऐनिमेशन अपलोड किया गया,Berhasil meng-upload animasi yang dibuat oleh Roblox,Animazione caricata creata da Roblox,Robloxが作成したアニメーションをアップロードしました,Roblox에서 제작한 애니메이션을 업로드했습니다,Przesłane animacje zostały utworzone przez platformę Roblox,Animação carregada criada pela Roblox,,แอนิเมชันที่อัปโหลดแล้วซึ่งสร้างโดย Roblox,Roblox tarafından oluşturulan animasyon yüklendi,Hiệu ứng động đã tải lên được tạo bởi Roblox,已上传由 Roblox 创建的动画,已上传由 Roblox 创建的动画,由 Roblox 創作的動畫已上傳
Studio.R15Migrator.UploadAnimation.FailedSerialization,,,Serialization failed,Serialization failed,تعذَّر إجراء التسلسل,Serialisierung fehlgeschlagen,Error en la serialización,Échec de la sérialisation,क्रम में नहीं लगाया जा सका,Serialisasi gagal,Serializzazione non riuscita,シリアル化できません,직렬화 실패,Błąd serializacji,Falha na serialização,,ทำให้เป็นอนุกรมไม่สำเร็จ,Serileştirme başarısız,Chuỗi hóa không thành công,序列化失败,序列化失败,編序失敗
Studio.R15Migrator.UploadAnimation.FailedToGetProductInfo,,,Failed to get product info for asset,Failed to get product info for asset,تعذَّر الحصول على معلومات المنتج للأصل,Produktinformationen für dieses Objekt konnten nicht abgerufen werden,No se pudo obtener información del producto para el recurso,Échec de l'obtention des infos produit pour le contenu,ऐसेट के लिए प्रॉडक्ट की जानकारी नहीं मिल सकी,Gagal mengambil info produk untuk aset,Impossibile ottenere informazioni di prodotto per la risorsa,アセットの製品情報を取得できませんでした,애셋의 제품 정보를 가져오지 못했습니다,Nie udało się pobrać informacji o produkcie dla zasobu,Falha ao obter informações do produto para o ativo,,รับข้อมูลผลิตภัณฑ์ของทรัพยากรไม่สำเร็จ,Varlığın ürün bilgisi alınamadı,Không tải được thông tin sản phẩm cho tài sản,无法获得素材的产品信息,无法获得素材的产品信息,取得素材產品資訊失敗
Studio.R15Migrator.UploadAnimation.FailedWithErrorCode,,,Upload failed: HTTP error code %d,Upload failed: HTTP error code %d,تعذَّر الرفع: كود خطأ HTTP %d,Upload fehlgeschlagen: HTTP-Fehlercode %d,Error en la carga: código de error HTTP %d,Échec du téléchargement: code d'erreur HTTP %d,अपलोड नहीं किया जा सका : HTTP गड़बड़ी कोड %d,Upload gagal: kode eror HTTP %d,Caricamento non riuscito: codice di errore HTTP %d,アップロードできませんでした: HTTPエラーコード %d,업로드 실패: HTTP 오류 코드 %d,Błąd przesyłania: kod błędu HTTP %d,Falha no upload: código de erro HTTP %d,,อัปโหลดไม่สำเร็จ: รหัสข้อผิดพลาด HTTP %d,Yükleme başarısız: HTTP hata kodu %d,Tải lên không thành công: Mã lỗi HTTP %d,上传失败：HTTP 错误代码 %d,上传失败：HTTP 错误代码 %d,上傳失敗：HTTP 錯誤代碼 %d
Studio.R15Migrator.ReplaceResult.ScriptAnimationsNotReplaced,,,Not all animations were replaced. Please use the Script Converter to complete replacement.,Not all animations were replaced. Please use the Script Converter to complete replacement.,لم يتم استبدال كل الحركات. يُرجى استخدام محول البرنامج النصي لإكمال عملية الاستبدال.,"Nicht alle Animationen wurden ersetzt. Bitte verwende den Skript-Konverter, um den Ersatz abzuschließen.",No todas las animaciones se reemplazaron. Usa el Convertidor de script para completar el reemplazo.,Toutes les animations n'ont pas été remplacées. Merci d'utiliser le convertisseur de script pour terminer le remplacement.,सभी ऐनिमेशन रीप्लेस नहीं किए गए थे. रीप्लेसमेंट को पूरा करने के लिए कृपया स्क्रिप्ट कन्वर्टर का इस्तेमाल करें.,Belum semua animasi diganti. Gunakan Konverter Skrip untuk menyelesaikan penggantian.,Alcune animazioni non sono state sostituite. Utilizza il Convertitore script per completare la sostituzione.,すべてのアニメーションが置き換えられたわけではありません。スクリプト変換機能を使用して置き換えを完了してください。,모든 애니메이션을 바꾼 것은 아닙니다. 바꾸기를 완료하려면 스크립트 변환기를 사용하세요.,"Nie wszystkie animacje zostały zamienione. Użyj konwertera skryptów, aby dokończyć zamienianie.","Nem todas as animações foram substituídas. Por favor, use o Conversor de script para completar a substituição.",,แอนิเมชันไม่ได้ถูกแทนที่ทั้งหมด โปรดใช้เครื่องมือแปลงสคริปต์เพื่อทำการแทนที่ให้เสร็จสมบูรณ์,Tüm animasyonlar değiştirilmedi. Değiştirme işlemini tamamlamak için lütfen Betik Dönüştürücü kullan.,Không phải tất cả hiệu ứng động đều được thay thế. Vui lòng sử dụng Trình Chuyển Đổi Kịch Bản để hoàn thành việc thay thế.,并未替换所有动画。请使用脚本转换器完成替换。,并未替换所有动画。请使用脚本转换器完成替换。,並不是所有的動畫都會遭到取代。請使用本指令碼轉換工具以完成取代。
Studio.R15Migrator.ReplaceResult.ReplacementSuccess,,,Animations replaced succesfully.,Animations replaced succesfully.,تم استبدال الحركات بنجاح.,Animationen wurden erfolgreich ersetzt.,Animaciones reemplazadas correctamente.,Animations remplacées avec succès.,ऐनिमेशंस बदले जा चुके हैं.,Animasi berhasil diganti.,Animazioni sostituite correttamente.,アニメーションの置き換えが完了しました。,애니메이션 바꾸기를 완료했습니다.,Zamieniono animacje.,Animações substituídas com sucesso.,,แทนที่แอนิเมชันสำเร็จแล้ว,Animasyonlar başarıyla değiştirildi.,Hiệu ứng động được thay thế thành công.,成功替换动画。,成功替换动画。,成功取代動畫。
Studio.R15Migrator.UploadAnimation.Done,,,Animation has been replaced successfully,Animation has been replaced successfully,تم استبدال الحركة بنجاح,Animation wurde erfolgreich ersetzt,La animación se reemplazó correctamente.,Animation remplacée avec succès,ऐनिमेशन बदला जा चुका है,Animasi telah berhasil diganti,L'animazione è stata sostituita con successo,アニメーションの置き換えが完了しました。,애니메이션 바꾸기를 완료했습니다,Animacja została zamieniona,A animação foi substituída com sucesso,,แทนที่แอนิเมชันสำเร็จแล้ว,Animasyon başarıyla değiştirildi,Hiệu ứng động đã được thay thế thành công,已成功替换动画。,已成功替换动画。,已成功取代動畫。
Studio.R15Migrator.Plugin.LearnMore,,,Learn More,Learn More,معرفة المزيد,Mehr erfahren,Aprende más,En savoir plus,ज़्यादा जानें,Pelajari Selengkapnya,Scopri di più,もっと詳しく,자세한 정보,Dowiedz się więcej,Saiba mais,,เรียนรู้เพิ่มเติม,Daha fazla bilgi edin,Tìm Hiểu Thêm,了解更多,了解更多,了解更多。
Studio.R15Migrator.CharacterConversion.Instructions,,,Select and convert R15 characters to replace the R6 characters in your experience.,Select and convert R15 characters to replace the R6 characters in your experience.,حدِّد شخصيات R15 وقم بتحويلها لاستخدامها بدلاً من شخصيات R6 في تجربتك.,"Wähle R15-Charaktere aus und wandle sie um, um die R6-Charaktere in deiner Experience zu ersetzen.",Selecciona y convierte personajes R15 para reemplazar los personajes R6 en tu experiencia.,Sélectionne et convertis les personnages R15 pour remplacer les personnages R6 dans ton expérience.,अपने एक्सपीरिएंस में R6 कैरेक्टर को बदलने के लिए R15 कैरेक्टर चुनें और कन्वर्ट करें.,Pilih dan konversi karakter R15 untuk menggantikan karakter R6 dalam pengalaman virtualmu.,Seleziona e converti i caratteri R15 per sostituire i caratteri R6 nella tua esperienza.,バーチャル空間にあるR15のキャラクターを選択して変換して、R6キャラクターを置き換えます。,체험에서 R6 캐릭터를 대체할 R15 캐릭터를 선택하고 변환하세요.,"Zaznacz postacie R6 i przekonwertuj je na postacie R15, aby zastąpić je w projekcie.",Selecione e converta caracteres R15 para substituir os caracteres R6 na sua experiência.,,เลือกและแปลงตัวละคร R15 เพื่อแทนที่ตัวละคร R6 ในประสบการณ์ของคุณ,Deneyimindeki R6 karakterlerin yerini alacak R15 karakterleri seç ve dönüştür.,Chọn và chuyển đổi các nhân vật R15 để thay thế các nhân vật R6 trong trải nghiệm của bạn.,在你的作品中选择并转换R15角色以替换R6角色。,在你的作品中选择并转换R15角色以替换R6角色。,選擇並轉換 R15 角色以取代您體驗中的 R6 角色。
Studio.R15Migrator.ScriptConversion.Instructions,,,The replacement rules will apply to the selected scripts when you convert them.,The replacement rules will apply to the selected scripts when you convert them.,سيتم تطبيق قواعد الاستبدال على النصوص البرمجية المحدَّدة عند تحويلها.,"Die Ersetzungsregeln gelten für die ausgewählten Skripte, wenn Sie sie konvertieren.",Las reglas de reemplazo se aplicarán a los scripts seleccionados cuando los conviertas.,Les règles de remplacement s'appliqueront aux scripts sélectionnés lorsque tu les convertiras.,"जब आप उन्हें कन्वर्ट करेंगे, तो रीप्लेसमेंट के नियम चुनी गई स्क्रिप्ट्स पर लागू होंगे.",Aturan penggantian akan diterapkan untuk skrip yang dipilih saat kamu mengonversi skrip tersebut.,Le regole di sostituzione si applicheranno agli script selezionati quando li converti.,変換すると、選択したスクリプトに置き換えルールが適用されます。,바꾸기 규칙은 선택한 스크립트를 변환할 때 적용됩니다.,Reguły zamieniania zostaną zastosowane do zaznaczonych skryptów w trakcie ich konwertowania.,As regras de substituição se aplicarão aos scripts selecionados quando você convertê-los.,,กฎการแทนที่จะปรับใช้กับสคริปต์ที่เลือกเมื่อคุณแปลงรายเหล่านั้น,"Değiştirme kuralları, seçili betiklere bu betikleri dönüştürdüğünde uygulanacak.",Các quy tắc thay thế sẽ áp dụng cho các kịch bản được chọn khi bạn chuyển đổi chúng.,当你转换时，替换规则将应用于被选中的脚本。,当你转换时，替换规则将应用于被选中的脚本。,在您轉換完畢後，取代規則將會套用至選定的指令碼。
Studio.R15Migrator.ScriptConversion.LearnMore,,,Learn more about how conversion handles replacing characters and animation.,Learn more about how conversion handles replacing characters and animation.,تعرَّف على المزيد حول كيفية معالجة التحويل لعملية استبدال الشخصيات والحركة.,"Erfahre mehr darüber, wie die Konvertierung Charaktere und Animationen ersetzt.",Obtén más información sobre cómo la conversión gestiona la sustitución de personajes y animación.,En savoir plus sur la façon dont la conversion gère le remplacement des personnages et de l'animation.,इस बारे में ज़्यादा जानें कि कैरेक्टर और ऐनिमेशन को बदलने के लिए कन्वर्ज़न का इस्तेमाल कैसे किया जाता है.,Pelajari informasi selengkapnya tentang cara handel konversi mengganti karakter dan animasi.,Scopri in che modo la conversione gestisce la sostituzione di personaggi e animazioni.,キャラクターとアニメーションの変換機能がどうやって置き換え処理をしているかについてもっと学びましょう。,변환으로 캐릭터 및 애니메이션 교체를 처리하는 방법에 대해 자세히 알아보세요,Dowiedz się więcej na temat zamieniania postaci i animacji podczas konwersji.,Saiba mais sobre como a conversão lida com a substituição de personagens e animações.,,เรียนรู้เพิ่มเติมว่าการแปลงมีวิธีจัดการกับการแทนที่ตัวละครและแอนิเมชันอย่างไร,Dönüştürmede karakter ve animasyon değişikliklerinin nasıl ele alındığı hakkında bilgi edin.,Tìm hiểu thêm về cách chuyển đổi xử lý việc thay thế các nhân vật và hiệu ứng động.,了解更多有关转换如何处理替代的角色及动画。,了解更多有关转换如何处理替代的角色及动画。,了解更多關於轉換手把如何取代角色與動畫的詳情。
Studio.R15Migrator.ScriptStatus.Warning,,,"Something was found in your script that may cause problems, however it may not be required to fix.","Something was found in your script that may cause problems, however it may not be required to fix.",تم العثور على خطأ في نصك البرمجي يمكن أن يؤدي إلى مشكلات، ولكن قد لا يكون إصلاحه إلزاميًا.,"In deinem Skript wurde etwas gefunden, das Probleme verursachen kann, aber es ist möglicherweise nicht erforderlich, es zu beheben.","Se encontró algo en tu script que puede causar problemas; sin embargo, puede que no sea necesario arreglarlo.","Quelque chose a été trouvé dans ton script qui peut causer des problèmes, mais il peut ne pas être nécessaire de le réparer.","आपकी स्क्रिप्ट में कुछ ऐसा पाया गया जिससे समस्याएँ हो सकती हैं, लेकिन हो सकता है कि इसे ठीक करने की ज़रूरत न पड़े.","Ada sesuatu yang ditemukan di skripmu yang mungkin menyebabkan masalah. Akan tetapi, hal itu mungkin tidak perlu diperbaiki.","È stato trovato qualcosa nel tuo script che potrebbe causare problemi, tuttavia potrebbe non essere necessario risolverlo.",スクリプトで問題を引き起こす可能性があるものが見つかりました。しかし、修正する必要はないかもしれません。,스크립트에서 오류를 발생시킬 수 있는 점이 발견되었지만 수정하지 않아도 될 수 있습니다.,"W skrypcie znaleziono coś, co może powodować problemy, jednak możliwe, że nie będzie to wymagać poprawek.","Algo foi encontrado no seu script que pode causar problemas, no entanto, pode não ser necessário corrigi-lo.",,พบบางสิ่งในสคริปต์ของคุณซึ่งอาจก่อให้เกิดปัญหา อย่างไรก็ตาม สิ่งนั้นไม่จำเป็นต้องได้รับการแก้ไขซ่อมแซม,Betiğinde sorunlara yol açabilecek bir şey bulundu ama düzeltilmesi gerekmeyebilir.,"Đã phát hiện một điều gì đó trong kịch bản của bạn có thể gây ra sự cố; tuy nhiên, bạn có thể không cần sửa chữa.",你脚本中的部分内容或将引发问题，但非必须要修复。,你脚本中的部分内容或将引发问题，但非必须要修复。,在您的指令碼中發現了可能造成問題的部分，但可能不需要修復。
Studio.R15Migrator.ScriptStatus.Error,,,Name must be updated in order to convert this script to be compatable with R15 gameplay.,Name must be updated in order to convert this script to be compatable with R15 gameplay.,يجب تحديث الاسم لتحويل هذا النص البرمجي حتى يكون متوافقًا مع طريقة اللعب R15.,"Der Name muss aktualisiert werden, um dieses Skript zu konvertieren, damit es mit R15-Gameplay kompatibel ist.",El nombre debe actualizarse para que este script sea compatible con el juego R15.,Le nom doit être mis à jour pour que ce script soit compatible avec le gameplay de R15.,"इस स्क्रिप्ट को R15 गेमप्ले के साथ कंपैटिबल में बदलने के लिए, नाम को अपडेट किया जाना चाहिए.",Nama harus di-update untuk mengonversi skrip ini agar kompatibel dengan gameplay R15.,Il nome deve essere aggiornato per convertire questo script in compatibile con il gameplay R15.,このスクリプトをR15のゲームプレイと互換性があるように変換するには、名前を更新する必要があります。,이 스크립트를 R15 게임 플레이와 호환되도록 변환하려면 이름을 업데이트해야 합니다.,"Należy zaktualizować nazwę, aby skrypt był zgodny z rozgrywką R15.",O nome deve ser atualizado para que este script seja compatível com a jogabilidade R15.,,ต้องอัปเดตชื่อเพื่อแปลงสคริปต์ให้สามารถใช้งานได้กับการเล่นเกม R15,Bu betiği R15 ile uyumlu olacak şekilde dönüştürmek için adın güncellenmesi gerekiyor.,Tên phải được cập nhật để chuyển đổi kịch bản này tương thích với lối chơi R15.,名称必须更新以便转换脚本后与R15游戏兼容。,名称必须更新以便转换脚本后与R15游戏兼容。,為使此指令碼與 R15 遊戲體驗相容，必須更新名稱。
Studio.R15Migrator.AnimationConversion.Instructions,,,Select and accept the converted animations to replace the R6 animations in your experience.,Select and accept the converted animations to replace the R6 animations in your experience.,حدِّد الرسوم المتحركة المُحوَّلة واقبلها لاستخدامها بدلاً من رسوم R6 المتحركة في تجربتك.,"Wähle und akzeptiere die konvertierten Animationen, um die R6-Animationen in deiner Experience zu ersetzen.",Selecciona y acepta las animaciones convertidas para reemplazar las animaciones R6 en tu experiencia.,Sélectionne et accepte les animations converties pour remplacer les animations R6 dans ton expérience.,अपने एक्सपीरिएंस में R6 ऐनिमेशन को बदलने के लिए कन्वर्ट किए गए ऐनिमेशन को चुनें और एक्सेप्ट करें.,Pilih dan terima animasi yang dikonversi untuk menggantikan animasi R6 dalam pengalaman virtualmu.,Seleziona e accetta le animazioni convertite per sostituire le animazioni R6 nella tua esperienza.,変換済みのアニメーションを選択して承認し、バーチャル空間内のR6アニメーションを置き換えます。,변환된 애니메이션을 선택하고 수락해 체험에서 R6 애니메이션을 교체하세요.,"Zaznacz i zaakceptuj przekonwertowane animacje, aby zastąpić animacje R6 w projekcie.",Selecione e aceite as animações convertidas para substituir as animações R6 em sua experiência.,,เลือกและยอมรับแอนิเมชันที่แปลงแล้วเพื่อแทนที่แอนิเมชัน R6 ในประสบการณ์ของคุณ,Deneyimindeki R6 animasyonların yerini alacak dönüştürülmüş animasyonları seç ve kabul et.,Chọn và chấp nhận các hiệu ứng động đã chuyển đổi để thay thế hiệu ứng động R6 trong trải nghiệm của bạn.,在作品中选择并接受转换动画以代替R6动画。,在作品中选择并接受转换动画以代替R6动画。,選擇並接受轉換過的動畫以取代您體驗中的 R6 動畫。
Studio.R15Migrator.CharacterConversion.NoCharacters,,,No R6 characters found to convert in this experience.,No R6 characters found to convert in this experience.,لم يتم العثور على شخصيات R6 لتحويلها في هذه التجربة.,"Es wurden keine R6-Charaktere gefunden, die in dieser Experience konvertiert werden können.",No se encontraron personajes R6 para convertir en esta experiencia.,Aucun personnage R6 trouvé à convertir dans cette expérience.,"इस एक्सपीरिएंस में कोई R6 कैरेक्टर नहीं मिला, जिसे कन्वर्ट किया जा सके.",Tidak ditemukan karakter R6 yang bisa dikonversi di pengalaman virtual ini.,Nessun carattere R6 da convertire in questa esperienza.,このバーチャル空間で変換するR6キャラクターが見つかりません。,변환할 R6 캐릭터를 이 체험에서 찾을 수 없습니다.,W tym projekcie nie znaleziono postaci R6 do przekonwertowania.,Não foram encontrados personagens R6 para converter nesta experiência.,,ไม่พบตัวละคร R6 ที่จะแปลงในประสบการณ์นี้,Deneyimde dönüştürülecek R6 karakter bulunamadı.,Không tìm thấy nhân vật R6 để chuyển đổi trong trải nghiệm này.,本作品中未发现有待转换的R6角色。,本作品中未发现有待转换的R6角色。,此體驗中找不到需要轉換的 R6 角色。
Studio.R15Migrator.ScriptConversion.NoScripts,,,No scripts with R6 references were found in this experience.,No scripts with R6 references were found in this experience.,لم يتم العثور على نصوص برمجية تحتوي على مراجع R6 في هذه التجربة.,In diese Experience wurden keine Skripte mit R6-Referenzen gefunden.,No se encontraron scripts con referencias a R6 en esta experiencia.,Aucun script avec des références R6 n'a été trouvé dans cette expérience.,इस एक्सपीरिएंस में R6 रेफ़रेंस वाली कोई स्क्रिप्ट नहीं मिली.,Tidak ditemukan skrip dengan referensi R6 di pengalaman virtual ini.,Nessuno script con riferimenti R6 in questa esperienza.,このバーチャル空間には、R6参照のついたスクリプトが見つかりませんでした。,R6 참조가 있는 스크립트를 이 체험에서 찾을 수 없습니다.,W tym projekcie nie znaleziono odwołań do R6.,Não foram encontrados scripts com referências R6 nesta experiência.,,ไม่พบสคริปต์ที่มีการอ้างอิง R6 ในประสบการณ์นี้,Deneyimde R6 referanslı betik bulunamadı.,Không tìm thấy kịch bản có tham chiếu R6 trong trải nghiệm này.,本作品中未发现带有R6引用的脚本。,本作品中未发现带有R6引用的脚本。,此體驗中找不到具 R6 引用的指令碼。
Studio.R15Migrator.AnimationConversion.NoAnimations,,,No R6 animations were found to convert in this experience.,No R6 animations were found to convert in this experience.,لم يتم العثور على رسوم R6 متحركة لتحويلها في هذه التجربة.,"Es wurden keine R6-Animationen gefunden, die in dieser Experience konvertiert werden können.",No se encontraron animaciones de R6 para convertir en esta experiencia.,Aucune animation R6 à convertir n'a été trouvée dans cette expérience.,"इस एक्सपीरिएंस में कोई R6 ऐनिमेशन नहीं मिला, जिसे कन्वर्ट किया जा सके.",Tidak ditemukan animasi R6 yang bisa dikonversi di pengalaman virtual ini.,Nessuna animazione R6 da convertire in questa esperienza.,このバーチャル空間で変換するR6アニメーションが見つかりません。,변환할 R6 애니메이션을 이 체험에서 찾을 수 없습니다.,W tym projekcie nie znaleziono animacji R6 do przekonwertowania.,Nenhuma animação R6 foi encontrada para converter nesta experiência.,,ไม่พบแอนิเมชัน R6 ที่จะแปลงในประสบการณ์นี้,Deneyimde dönüştürülecek R6 animasyon bulunamadı.,Không tìm thấy hiệu ứng động R6 để chuyển đổi trong trải nghiệm này.,本作品中未发现待转换的R6动画。,本作品中未发现待转换的R6动画。,此體驗中找不到要轉換的 R6 動畫。
Studio.R15Migrator.Finalizer.Name,,,Finalize Conversion,Finalize Conversion,إنهاء التحويل,Konvertierung abschließen,Finalizar conversión,Finaliser la conversion,कन्वर्ज़न फ़ाइनल करें,Selesaikan Konversi,Finalizza conversione,変換を仕上げ,변환 완료,Sfinalizuj konwersję,Finalizar a conversão,,สรุปการแปลง,Dönüştürmeyi sonuçlandır,Hoàn Tất Chuyển Đổi,完成转换,完成转换,定案轉換
Studio.R15Migrator.Finalizer.Description,,,Clean up temporary instances used for avatar compatability and backup data used during the conversion process.,Clean up temporary instances used for avatar compatability and backup data used during the conversion process.,قم بتنظيف الحالات المؤقتة المُستخدمة لضمان توافق الأفاتار وبيانات النسخ الاحتياطي المُستخدمة أثناء عملية التحويل.,"Temporäre Instanzen bereinigen, die für die Kompatibilität des Avatars verwendet werden, und Daten sichern, die während des Konvertierungsprozesses verwendet wurden.",Limpia las instancias temporales utilizadas para la compatibilidad con avatar y los datos de copia de seguridad usados durante el proceso de conversión.,Nettoyer les instances temporaires utilisées pour la compatibilité d'avatar et les données de sauvegarde utilisées pendant le processus de conversion.,"कन्वर्ज़न प्रोसेस के दौरान इस्तेमाल किए जाने वाले बैकअप डेटा और अवतार कंपैटिबिलिटी के लिए, इस्तेमाल किए जाने वाले अस्थायी इंस्टैंस को हटाएँ.",Menghapus instance sementara yang digunakan untuk kompatibilitas avatar dan data cadangan yang digunakan selama proses konversi.,Pulisci le istanze temporanee utilizzate per la compatibilità dell'avatar e i dati di backup utilizzati durante il processo di conversione.,アバターの互換性と変換プロセスで使用されたデータのバックアップに使用された一時的なインスタンスをクリーンアップします。,아바타 호환성을 위해 사용된 임시 인스턴스를 정리하고 변환 과정에서 사용된 백업 데이터를 정리합니다.,Wyczyść instancje tymczasowe użyte do zachowania zgodności awatara i utwórz kopię zapasową danych używanych w procesie konwersji.,Limpe as instâncias temporárias usadas para compatibilidade de avatar e dados de backup usados durante o processo de conversão.,,ล้างอินสแตนซ์ชั่วคราวที่ใช้สำหรับความเข้ากันได้ของอวาตาร์ และข้อมูลสำรองที่ใช้ในระหว่างกระบวนการแปลง,Avatar uyumluluğu için kullanılan geçici örnekleri ve dönüştürme sürecinde kullanılan yedek verileri temizle.,Dọn sạch các đối tượng tạm thời để đảm bảo tính tương thích của avatar và sao lưu dữ liệu trong quá trình chuyển đổi.,清理用于虚拟形象兼容的临时实例和在转换过程中使用的备份数据。,清理用于虚拟形象兼容的临时实例和在转换过程中使用的备份数据。,清除用於虛擬人偶相容性的暫時個體與轉換過程中使用的備份資料。
Studio.R15Migrator.Finalizer.Scripts,,,Scripts,Scripts,النصوص البرمجية,Skripte,Scripts,Scripts,स्क्रिप्ट्स,Skrip,Script,スクリプト,스크립트,Skrypty,Scripts,,สคริปต์,Betikler,Kịch Bản,脚本,脚本,指令碼
Studio.R15Migrator.Finalizer.Characters,,,Characters,Characters,الشخصيات,Charaktere,Personajes,Personnages,कैरेक्टर,Karakter,Personaggi,キャラクター,캐릭터,Postacie,Personagens,,ตัวละคร,Karakterler,Nhân Vật,角色,角色,角色
Studio.R15Migrator.Finalizer.Instructions,,,Confirming finalization step is not reversible. Script backup data and any compatability layer instances on converted avatars will be deleted. Below are characters and scripts that have not been converted. Please check this list to make sure everything you need is converted before confirming.,Confirming finalization step is not reversible. Script backup data and any compatability layer instances on converted avatars will be deleted. Below are characters and scripts that have not been converted. Please check this list to make sure everything you need is converted before confirming.,لا يُمكن التراجع عن تأكيد خطوة الإنهاء. سيتم حذف بيانات النسخ الاحتياطي للنصوص البرمجية وأي حالات ضمن طبقة التوافق على الأفاتارات المُحوَّلة. فيما يلي الشخصيات والنصوص البرمجية التي لم يتم تحويلها. يُرجى مراجعة هذه القائمة للتأكد من تحويل كل ما تحتاج إليه قبل التأكيد.,"Das Bestätigen des Abschlussschrittes kann nicht rückgängig gemacht werden. Skript-Backup-Daten und alle Kompatibilitätsebenen-Instanzen auf konvertierten Avataren werden gelöscht. Im Folgenden findest du Charaktere und Skripte, die nicht konvertiert wurden. Bitte überprüfe diese Liste vor dem Bestätigen, um sicherzustellen, dass alles, was du brauchst, konvertiert wurde.",La confirmación del paso de finalización no es reversible. Los datos de copia de seguridad del script y cualquier instancia de capa de compatibilidad en avatares convertidos serán eliminados. A continuación hay personajes y scripts que no se han convertido. Comprueba esta lista para asegurarte de que todo lo que necesitas se convierta antes de confirmar.,La confirmation de l'étape de finalisation n'est pas réversible. Les données de sauvegarde du script et toutes les instances de couche de compatibilité sur les avatars convertis seront supprimées. Voici les caractères et les scripts qui n'ont pas été convertis. Vérifier cette liste pour t'assurer que tout ce dont tu as besoin est converti avant de confirmer.,फ़ाइनल स्टेप कन्फ़र्म करना रिवर्सिबिल नहीं है. स्क्रिप्ट बैकअप डेटा और कन्वर्ट किए गए अवतार पर मौजूद किसी भी कंपैटिबिलिटी लेयर इंस्टैंस को डिलीट कर दिया जाएगा. नीचे ऐसे कैरेक्टर और स्क्रिप्ट दिए गए हैं जिन्हें कन्फ़र्म नहीं किया गया है. कन्फ़र्म करने से पहले कृपया इस लिस्ट को देखें ताकि आप यह पक्का कर सकें कि आपकी ज़रूरत की हर चीज़ कन्फ़र्म हो गई है.,Langkah penyelesaian tidak bisa dikembalikan setelah dikonfirmasi. Data cadangan skrip dan instance layer kompatibilitas apa pun di avatar yang telah dikonversi akan dihapus. Berikut ini adalah karakter dan skrip yang belum dikonversi. Silakan cek daftar ini untuk memastikan semua yang kamu perlukan sudah dikonversi sebelum mengonfirmasi.,"La fase di conferma della finalizzazione non è reversibile. I dati di backup degli script e tutti i livelli di compatibilità creati per gli avatar convertiti saranno eliminati. L'elenco di seguito riporta i personaggi e gli script non convertiti. Prima di confermare, controlla questo elenco per assicurarti che tutto ciò di cui hai bisogno sia stato convertito.",仕上げの手順を確認すると元に戻せません。スクリプトのバックアップデータと変換されたアバター上の任意の互換性レイヤーインスタンスは削除されます。以下は未変換のキャラクターとスクリプトです。確認する前にこのリストをチェックして必要なすべてが変換されていることを確認してください。,완료 단계 확인은 되돌릴 수 없습니다. 변환된 아바타의 스크립트 백업 데이터 및 모든 호환성 레이어 인스턴스가 삭제됩니다. 변환되지 않은 캐릭터 및 스크립트는 아래와 같습니다. 확인하기 전에 이 목록을 확인해 필요한 모든 것의 변환 완료 여부를 점검하세요.,"Potwierdzenia etapu finalizacji nie można cofnąć. Dane kopii zapasowej skryptu oraz instancje warstwy zgodności dotyczące konwertowanych awatarów zostaną usunięte. Poniżej wyszczególniono postacie i skrypty, które nie zostały przekonwertowane. Przed potwierdzeniem sprawdź tę listę, aby upewnić się, że wszystko, co trzeba, zostało przekonwertowane.",A confirmação de finalização de etapa não é reversível. Dados de backup de scripts e quaisquer instâncias de camada de compatibilidade em avatares convertidos serão excluídos. Abaixo estão os caracteres e scripts que não foram convertidos. Verifique a lista para certificar-se de que tudo o que você precisa é convertido antes de confirmar.,,การยืนยันขั้นตอนการสรุปจะไม่สามารถย้อนกลับได้ ข้อมูลสำรองสคริปต์ และอินสแตนซ์ชั้นความเข้ากันได้ทั้งหมดในอวาตาร์ที่แปลงแล้วจะถูกลบออกไป ด้านล่างนี้คือตัวละครและสคริปต์ที่ยังไม่ได้แปลง โปรดตรวจสอบรายการนี้เพื่อให้แน่ใจว่าคุณได้แปลงทุกสิ่งที่คุณต้องการแล้วก่อนที่จะทำการยืนยัน,Sonuçlandırma adımının onaylanması geri alınamaz. Betik yedek verileri ve dönüştürülmüş avatarlardaki tüm uyumluluk katmanı örnekleri silinir. Dönüştürülmemiş karakterleri ve betikleri aşağıda görebilirsin. Lütfen ihtiyacın olan her şeyin dönüştürüldüğünden emin olmak için listeyi kontrol et.,Không thể hoàn lại việc xác nhận bước hoàn tất. Dữ liệu sao lưu kịch bản và mọi đối tượng lớp tương thích trên avatar đã chuyển đổi sẽ bị xóa. Dưới đây là các nhân vật và kịch bản chưa được chuyển đổi. Vui lòng kiểm tra danh sách này để đảm bảo mọi thứ bạn cần đều đã được chuyển đổi trước khi xác nhận.,完结步骤确认后将无法再恢复。脚本备份数据和转换虚拟形象的兼容层实例将被删除。以下是未转换的虚拟形象和脚本。请检查该列表，确保所有需要的内容均已转换再进行确认。,完结步骤确认后将无法再恢复。脚本备份数据和转换虚拟形象的兼容层实例将被删除。以下是未转换的虚拟形象和脚本。请检查该列表，确保所有需要的内容均已转换再进行确认。,確認定案步驟是不可逆的選項。會刪除已轉換虛擬人偶的指令碼備份資料與任何相容性圖層個體。以下是尚未轉換的角色與指令碼。在確認前，請檢查此清單以確保您需要的一切皆已轉換。
Studio.R15Migrator.Finalizer.OK,,,OK,OK,موافق,OK,Aceptar,Ok,ठीक है,OK,OK,了解,확인,OK,OK,,ตกลง,Tamam,OK,好的,好的,確定
Studio.R15Migrator.Finalizer.Confirm,,,Confirm,Confirm,تأكيد,Bestätigen,Confirmar,Confirmer,कन्फ़र्म करें,Konfirmasi,Conferma,確認する,확인,Potwierdź,Confirmar,,ยืนยัน,Onayla,Xác Nhận,确认,确认,確認
Studio.R15Migrator.Finalizer.FinalizedTitle,,,Conversion Complete,Conversion Complete,اكتمل التحويل,Konvertierung abgeschlossen,Conversión completada,Conversion terminée,कन्वर्ज़न पूरा हुआ,Konversi Selesai,Conversione completata,変換完了,변환 완료,Ukończono konwertowanie,Conversão completa,,การแปลงเสร็จสมบูรณ์แล้ว,Dönüştürme tamamlandı,Chuyển Đổi Hoàn Tất,转换完成,转换完成,轉換完成
Studio.R15Migrator.Finalizer.FinalizedDescription,,,Finalization step is complete. Please test your experience.,Finalization step is complete. Please test your experience.,اكتملت خطوة الإنهاء. يُرجى اختبار التجربة.,Der Abschlussschritt ist abgeschlossen. Bitte teste deine Experience.,El paso de finalización terminó. Prueba tu experiencia.,L'étape de finalisation est terminée. Tester ton expérience.,फ़ाइनलाइज़ेशन स्टेप पूरा हो गया है. कृपया अपने एक्सपीरियंस को टेस्ट करें.,Langkah penyelesaian selesai. Harap tes pengalaman virtualmu.,La fase di finalizzazione è completata. Ti invitiamo a testare la tua esperienza.,仕上げの手順が完了しました。バーチャル空間をテストしてください。,완료 단계를 끝냈습니다. 체험을 테스트하세요.,Ukończono etap finalizacji. Przetestuj projekt.,A etapa de finalização está completa. Teste sua experiência.,,ขั้นตอนการสรุปเสร็จสมบูรณ์แล้ว โปรดทดสอบประสบการณ์ของคุณ,Sonuçlandırma adımı tamamlandı. Lütfen deneyimini test et.,Bước hoàn thiện đã xong. Vui lòng thử nghiệm trải nghiệm của bạn.,完结步骤完成。请测试你的作品。,完结步骤完成。请测试你的作品。,定案步驟已完成。請測試您的體驗。
Studio.R15Migrator.Tabs.AdapterPane,,,Adapter,Adapter,المُحول,Adapter,Adaptador,Adaptateur,अडैप्टर,Adaptor,Adattatore,アダプター,어댑터,Adapter,Adaptador,,ตัวปรับ,Uyarlayıcı,Bộ Chuyển Đổi,适配器,适配器,轉換器
Studio.R15Migrator.AdapterPane.AdapterInserted,,,Adapter inserted. [link1],Adapter inserted. [link1],تم إدخال المُحول. [link1],Adapter eingefügt. [link1],Adaptador insertado. [link1],Adaptateur inséré. [link1],अडैप्टर डाला गया. [link1],Adaptor dimasukkan. [link1],Adattatore inserito. [link1],アダプターが挿入されました。 [link1],어댑터가 삽입되었습니다. [link1],Wstawiono adapter. [link1],Adaptador inserido. [link1],,แทรกตัวปรับแล้ว [link1],Uyarlayıcı eklendi. [link1],Đã lắp bộ chuyển đổi. [link1],适配器已插入。[链接 1],适配器已插入。[链接 1],已插入轉換工具。[link1]
Studio.R15Migrator.AdapterPane.AdapterRemoved,,,Adapter removed. [link1],Adapter removed. [link1],تمت إزالة المُحول. [link1],Adapter entfernt. [link1],Adaptador eliminado. [link1],Adaptateur retiré. [link1],अडैप्टर हटाया गया. [link1],Adaptor dihapus. [link1],Adattatore rimosso. [link1],アダプターが削除されました。 [link1],어댑터가 제거되었습니다. [link1],Usunięto adapter. [link1],Adaptador removido. [link1],,ลบตัวปรับแล้ว [link1],Uyarlayıcı kaldırıldı. [link1],Đã bỏ bộ chuyển đổi. [link1],适配器已移除。[链接 1],适配器已移除。[链接 1],已移除轉換工具。[link1]
Studio.R15Migrator.AdapterPane.LearnMore,,,Learn more,Learn more,معرفة المزيد,Mehr erfahren,Aprende más,En apprendre plus,ज़्यादा जानें,Pelajari selengkapnya,Scopri di più,もっと詳しく,자세한 정보,Dowiedz się więcej,Saiba mais,,เรียนรู้เพิ่มเติม,Daha fazla bilgi edin,Tìm hiểu thêm,了解更多,了解更多,深入了解
Studio.R15Migrator.AdapterPane.SeamlessTestingText,,,"With this script inserted, you can seamlessly test a mix of R6 characters alongside R15 characters during the conversion process.","With this script inserted, you can seamlessly test a mix of R6 characters alongside R15 characters during the conversion process.",من خلال إدراج هذا النص البرمجي، يمكنك اختبار مزيج من شخصيات R6 إلى جانب شخصيات R15 بسلاسة أثناء عملية التحويل.,"Wenn du dieses Skript einfügst, kannst du während des Konvertierungsprozesses nahtlos eine Mischung aus R6- und R15-Charakter testen.","Con este script insertado, puedes probar una mezcla de caracteres R6 junto a R15 durante el proceso de conversión.","Avec ce script inséré, tu peux facilement tester un mélange de caractères R6 aux côtés de caractères R15 pendant le processus de conversion.","इस स्क्रिप्ट को इंसर्ट करके, कन्वर्ज़न प्रोसेस के दौरान R15 कैरेक्टर के साथ R6 कैरेक्टर के मिक्स का आसानी से टेस्ट किया जा सकता है.","Dengan memasukkan skrip ini, kamu bisa dengan mulus mengetes kombinasi karakter R6 dan karakter R15 selama proses konversi.","Con questo script inserito, è possibile testare senza problemi un mix di caratteri R6 accanto a caratteri R15 durante il processo di conversione.",このスクリプトを挿入してあると、変換処理でR15のキャラクターとR6のキャラクターを一緒に途切れなくテストできます。,이 스크립트를 삽입하면 변환 프로세스 진행 중에 R15 캐릭터와 R6 캐릭터의 혼합을 원활하게 테스트할 수 있습니다.,"Po wstawieniu tego skryptu możesz bez problemów przetestować wersję zawierającą zarówno postacie R6, jak i postacie R15 w trakcie konwertowania.","Com este script inserido, você pode testar uma mistura de caracteres R6 ao lado de caracteres R15 durante o processo de conversão.",,หากแทรกสคริปต์นี้ คุณจะสามารถทดสอบการผสมผสานระหว่างตัวละคร R6 ไปพร้อมกับตัวละคร R15 ในระหว่างกระบวนการแปลงได้อย่างราบรื่น,Bu betik eklendiğinde dönüştürme sürecinde R6 karakterleri R15 karakterlerle birlikte sorunsuzca test edebilirsin.,"Khi chèn kịch bản này, bạn có thể dễ dàng thử nghiệm sự kết hợp giữa các nhân vật R6 với các nhân vật R15 trong quá trình chuyển đổi.",插入此脚本后，你可以在转换过程中流畅测试 R6 字符和 R15 字符。,插入此脚本后，你可以在转换过程中流畅测试 R6 字符和 R15 字符。,插入此指令碼後，您可以在轉換過程中對混合了 R6 角色與 R15 角色的內容進行測試。
Studio.R15Migrator.AdapterPane.FindRemainingCharactersText,,,"With this Script removed, unconverted R6 characters will appear broken. This can be a good way to find any remaining characters and Scripts that need conversion.","With this Script removed, unconverted R6 characters will appear broken. This can be a good way to find any remaining characters and Scripts that need conversion.",عند إزالة هذا النص البرمجي، ستظهر شخصيات R6 غير المُحوَّلة معطلة. قد تكون هذه طريقة جيدة للعثور على أي شخصيات ونصوص برمجية متبقية تحتاج إلى تحويل.,"Wenn du das Skript entfernst, erscheinen nicht umgewandelte R6-Charaktere fehlerhaft. Auf diese Weise kannst du leicht herausfinden, welche Charaktere und Skripte noch umgewandelt werden müssen.","Con este script eliminado, los caracteres R6 no convertidos aparecerán dañados. Esta puede ser una buena manera de encontrar cualquier carácter y scripts restantes que necesiten conversión.","Avec ce script supprimé, les caractères R6 non convertis apparaîtront brisés. Cela peut être un bon moyen de trouver les caractères et les scripts qui ont besoin d'être convertis.","इस स्क्रिप्ट को हटाने के साथ, कन्वर्ट नहीं किए गए R6 कैरेक्टर टूटे हुए दिखाई देंगे. कन्वर्ज़न की ज़रूरत वाले किसी भी शेष कैरेक्टर और स्क्रिप्ट को खोजने का यह एक अच्छा तरीका हो सकता है.","Jika Skrip ini dihapus, karakter R6 yang belum dikonversi akan tampak rusak. Ini dapat menjadi cara yang baik untuk menemukan karakter dan Skrip yang masih harus dikonversi.","Con questo Script rimosso, i caratteri R6 non convertiti appariranno rotti. Questo può essere un buon modo per trovare tutti i caratteri rimanenti e script che hanno bisogno di conversione.",このスクリプトが削除してあると、変換されていないR6キャラクターが壊れて表示されます。 これは、変換が必要な残りのキャラクターやスクリプトを見つけるのに適切な方法です。,이 스크립트를 제거하면 변환되지 않은 R6 캐릭터가 깨져서 나타납니다. 이는 변환이 필요한 나머지 캐릭터와 스크립트를 찾는 좋은 방법이 될 수 있습니다.,"Po usunięciu tego skryptu nieprzekonwertowane postacie R6 będą widoczne jako uszkodzone. Może to być dobry sposób na wykrycie pozostałych postaci i skryptów, które wymagają przekonwertowania.","Com este script removido, caracteres R6 não convertidos aparecerão quebrados. Esta pode ser uma boa maneira de encontrar quaisquer caracteres e scripts restantes que precisam de conversão.",,หากลบสคริปต์นี้ ตัวละคร R6 ที่ยังไม่ได้แปลงจะเกิดการชำรุด การดำเนินการนี้เป็นวิธีที่ดีในการค้นหาตัวละครและสคริปต์ที่จำเป็นต้องได้รับการแปลงซึ่งยังคงหลงเหลืออยู่,Bu betik kaldırıldığında dönüştürülmemiş R6 karakterleri bozuk görünür. Bunu dönüştürülmesi gereken karakterleri ve betikleri görmek için kullanabilirsin.,"Khi bỏ Kịch Bản này, các nhân vật R6 chưa chuyển đổi sẽ bị lỗi. Đây có thể là một cách hay để tìm các nhân vật và Kịch Bản còn lại cần chuyển đổi.",移除此脚本后，未经转换的 R6 字符将显示为破碎字符。此法可以有效找出所有剩余需要转换的字符和脚本。,移除此脚本后，未经转换的 R6 字符将显示为破碎字符。此法可以有效找出所有剩余需要转换的字符和脚本。,移除此指令碼後，未轉換的 R6 角色將顯示為無效。這能幫助您尋找是否有其餘需要轉換的角色和指令碼。
Studio.R15Migrator.AdapterPane.RemovalHeaderText,,,Remove before Publishing,Remove before Publishing,الإزالة قبل النشر,Vor der Veröffentlichung entfernen,Eliminar antes de publicar,Supprimer avant de publier,पब्लिश करने से पहले हटाएँ,Hapus sebelum Publikasi,Rimuovi prima della pubblicazione,公開前に削除,게시하기 전에 제거하세요,Usuń przed opublikowaniem,Remover antes de publicar,,ลบก่อนการเผยแพร่,Yayınlamadan önce kaldır,Bỏ trước khi Đăng,发布前移除,发布前移除,移除後發佈
Studio.R15Migrator.AdapterPane.RemovalText,,,"Prior to publishing your experience, you are required to remove the adapter","Prior to publishing your experience, you are required to remove the adapter",قبل نشر التجربة، يجب عليك إزالة المُحول,"Bevor du deine Experience veröffentlichst, musst du den Adapter entfernen","Antes de publicar tu experiencia, debes quitar el adaptador","Avant de publier ton expérience, tu dois retirer l'adaptateur","अपना एक्सपीरियंस पब्लिश करने से पहले, आपको अडैप्टर को हटाना होगा","Sebelum memublikasikan pengalaman virtualmu, kamu harus menghapus adaptor","Prima di pubblicare la tua esperienza, devi rimuovere l'adattatore",バーチャル空間を公開する前にアダプターを取り外す必要があります,체험을 게시하기 전에 어댑터를 제거해야 합니다,Przed opublikowaniem projektu konieczne będzie usunięcie tego adaptera,"Antes de publicar sua experiência, você deve remover o adaptador",,ก่อนที่จะเผยแพร่ประสบการณ์ของคุณ คุณต้องลบตัวปรับก่อน,Deneyimini yayınlamadan önce adaptörü kaldırman gerekir,"Trước khi phát hành trải nghiệm, bạn cần phải bỏ bộ chuyển đổi",发布体验之前，你需要先移除适配器,发布体验之前，你需要先移除适配器,發佈體驗前，您需要移除轉換工具
Studio.R15Migrator.PublishingBlocked.Title,,,R6-to-R15 Conversion Warning,R6-to-R15 Conversion Warning,تحذير التحويل من R6 إلى R15,R6-zu-R15-Konvertierungswarnung,Advertencia de conversión de R6 a R15,Avertissement de conversion de R6-à-R15,R6-to-R15 कन्वर्ज़न वॉर्निंग,Peringatan Konversi R6 ke R15,Avviso di conversione da R6 a R15,R6からR15への変換警告,R6에서 R15로의 변환 경고,Ostrzeżenie dotyczące konwersji R6 na R15,Aviso de conversão de R6-para-R15,,คำเตือนการแปลง R6 เป็น R15,R6'dan R15'e Dönüşüm Uyarısı,Cảnh Báo Chuyển Đổi R6 thành R15,R6 至 R15 转换警告,R6 至 R15 转换警告,R6 至 R15 轉換警告
Studio.R15Migrator.PublishingBlocked.Warning,,,R6 conversion is not complete,R6 conversion is not complete,لم يكتمل تحويل R6,R6-Konvertierung ist nicht abgeschlossen,La conversión de R6 no está completa,La conversion R6 n'est pas terminée,R6 कन्वर्ज़न पूरा नहीं हुआ है,Konversi R6 belum selesai,La conversione R6 è incompleta,R6変換が完了していません,R6 변환이 완료되지 않았습니다,Nie ukończono konwersji R6,A conversão de R6 não está completa,,การแปลง R6 ไม่เสร็จสมบูรณ์,R6 dönüşümü tamamlanmadı,Chuyển đổi R6 chưa hoàn thành,R6 转换未完成,R6 转换未完成,R6 轉換未完成
Studio.R15Migrator.PublishingBlocked.Detail,,,You must complete all the conversion tasks before publishing your experience.,You must complete all the conversion tasks before publishing your experience.,يجب عليك إكمال جميع مهام التحويل قبل نشر التجربة.,"Du musst alle Konvertierungsvorgänge abschließen, bevor du deine Experience veröffentlichen kannst.",Debes completar todas las tareas de conversión antes de publicar tu experiencia.,Tu dois terminer toutes les tâches de conversion avant de publier ton expérience.,अपना एक्सपीरियंस पब्लिश करने से पहले आपको सभी कन्वर्ज़न टास्क पूरे करने होंगे.,Kamu harus menyelesaikan semua tugas konversi sebelum memublikasikan pengalaman virtualmu.,"Per pubblicare la tua esperienza, devi completare tutte le attività di conversione.",バーチャル空間を公開する前に変換タスクをすべて完了させる必要があります。,체험을 게시에 앞서 모든 변환 작업을 완료해야 합니다.,Przed opublikowaniem projektu musisz ukończyć wszystkie zadania konwersji.,Você deve completar todas as tarefas de conversão antes de publicar sua experiência.,,คุณต้องทำรายการการแปลงทั้งหมดให้เสร็จสมบูรณ์ก่อนที่จะเผยแพร่ประสบการณ์ของคุณ,Deneyimini yayınlamadan önce tüm dönüşüm işlerini tamamlaman gerekir.,Bạn phải hoàn thành tất cả các nhiệm vụ chuyển đổi trước khi phát hành trải nghiệm của bạn.,发布体验之前，你必须先完成所有转换任务。,发布体验之前，你必须先完成所有转换任务。,您必須完成所有轉換工作才能發佈體驗。
Studio.R15Migrator.PublishingBlockedAction.Close,,,Close,Close,إغلاق,Schließen,Cerrar,Fermer,बंद करें,Tutup,Chiudi,閉じる,닫기,Zamknij,Fechar,,ปิด,Kapat,Đóng,关闭,关闭,關閉
Studio.R15Migrator.PublishingBlockedAction.GoTo,,,Go to Conversion Tool,Go to Conversion Tool,الانتقال إلى أداة التحويل,Gehe zu Konvertierungstool,Ir a Herramienta de conversión,Aller à l'outil de conversion,कन्वर्ज़न टूल पर जाएँ,Kembali ke Alat Konversi,Vai allo strumento di conversione,変換ツールへ移動,변환 도구로 이동,Przejdź do narzędzia do konwersji,Ir para a Ferramenta de Conversão,,ไปที่เครื่องมือการแปลง,Dönüştürme Aracı'na git,Đi tới Công Cụ Chuyển Đổi,前往“转换工具”,前往“转换工具”,前往轉換工具
Studio.R15Migrator.ScriptConversion.SelectAll,,,Select all,Select all,تحديد الكل,Alles auswählen,Seleccionar todo,Tout sélectionner,सभी को चुनें,Pilih semua,Seleziona tutto,すべて選択,모두 선택,Zaznacz wszystko,Selecionar tudo,,เลือกทั้งหมด,Tümünü seç,Chọn tất cả,全选,全选,全選
Studio.R15Migrator.ScriptConversion.CommittingScripts,,,CommittingScripts,CommittingScripts,CommittingScripts,CommittingScripts,CommittingScripts,CommittingScripts,CommittingScripts,CommittingScripts,CommittingScripts,CommittingScripts,CommittingScripts,CommittingScripts,CommittingScripts,,CommittingScripts,Betik İşleme,CommittingScripts,提交脚本,提交脚本,CommittingScripts
Studio.R15Migrator.ScriptConversion.DiffScripts,,,Show Changes From Original,Show Changes From Original,إظهار التغييرات من النسخة الأصلية,Änderungen vom Original anzeigen,Mostrar cambios del original,Afficher les changements par rapport à l'original,ओरिजनल से बदलाव दिखाएँ,Tampilkan Perubahan dari yang Asli,Mostra modifiche all'originale,オリジナルの変更を表示,원본 변경 사항 표시,Pokaż zmiany w stosunku do oryginału,Mostrar alterações do original,,แสดงการเปลี่ยนแปลงจากดั้งเดิม,Orijinalde yapılan değişiklikleri göster,Hiển Thị Các Thay Đổi So Với Trạng Thái Gốc,显示初始版本基础上的更改,显示初始版本基础上的更改,顯示原版的變更
Studio.R15Migrator.ScriptConversion.CommitWarning,,,Confirm committing script edits? This will save memory in your experience but you will be unable to revert your current edits after this.,Confirm committing script edits? This will save memory in your experience but you will be unable to revert your current edits after this.,هل تريد تأكيد تثبيت التعديلات على النص البرمجي؟ سيؤدي هذا إلى توفير مساحة في الذاكرة في التجربة ولكن لن تتمكن من التراجع عن تعديلاتك الحالية بعد ذلك.,"Committen von Skriptbearbeitungen bestätigen? Dadurch sparst du zwar Speicher, aber du kannst deine aktuellen Änderungen danach nicht mehr rückgängig machen.","¿Confirmar edición de script de confirmación? Esta acción ahorrará memoria en tu experiencia, pero no se podrán revertir las ediciones actuales después de confirmar.",Confirmer la validation des modifications de script ? Cela permettra d'économiser de la mémoire dans ton expérience mais tu ne pourras pas annuler tes modifications actuelles après cela.,"स्क्रिप्ट एडिट को कमिट करने का कन्फ़र्मेशन दें? इससे आपके एक्सपीरिएंस में मेमोरी सेव हो जाएगी, लेकिन इसके बाद आपके मौजूदा एडिट्स को वापस नहीं किया जा सकेगा.","Konfirmasi commit hasil edit skrip? Tindakan ini akan menyimpan memori di pengalaman virtualmu, tetapi kamu tidak akan bisa mengembalikan hasil edit terkinimu setelahnya.","Confermi le modifiche agli script? In questo modo risparmierai memoria nella tua esperienza, ma non sarai più in grado di ripristinare le modifiche attuali.",スクリプト編集のコミットを確認しますか？これによりメモリがバーチャル空間内に保存されますが、この後現在の編集内容を元に戻すことはできません。,"스크립트 편집을 커밋할까요? 본 작업을 진행하면 메모리가 체험에 저장되지만, 이후에 현재 편집 내용을 되돌릴 수 없습니다.","Potwierdzić przesłanie zmian w skrypcie? Spowoduje to zapisanie pamięci w projekcie, ale po tym działaniu nie będzie już możliwe przywrócenie bieżących zmian.","Confirmar as edições do script? Isso economizará memória em sua experiência, mas você não poderá reverter suas edições atuais depois disso.",,ยืนยันการแก้ไขสคริปต์การยืนยันหรือไม่? การดำเนินการนี้จะบันทึกความทรงจำในประสบการณ์ของคุณ แต่คุณจะไม่สามารถแปลงกลับการแก้ไขปัจจุบันของคุณได้หลังจากนี้,Betik düzenlemelerinin işlenmesi onaylansın mı? Bu işlemle deneyiminde hafızadan tasarruf edeceksin ama artık mevcut düzenlemelerini geri döndüremeyeceksin.,Xác nhận lưu các chỉnh sửa của kịch bản? Thao tác này sẽ tiết kiệm bộ nhớ trong trải nghiệm của bạn nhưng bạn sẽ không thể hoàn lại các chỉnh sửa hiện tại sau khi lưu.,是否确认提交脚本编辑？提交后可以在体验中节省内存，但将无法恢复当前编辑。,是否确认提交脚本编辑？提交后可以在体验中节省内存，但将无法恢复当前编辑。,確認要提交對指令碼進行的編輯嗎？這能節省體驗中的記憶體用量，但提交後將無法還原目前的編輯。
Studio.R15Migrator.AdapterPane.Commit,,,Commit,Commit,تثبيت,Committen,Confirmar,Soumettre,कमिट करें,Commit,Conferma,コミット,커밋,Zatwierdź,Enviar,,ยืนยัน,İşle,Thực Hiện,提交,提交,提交
Studio.R15Migrator.AdapterPane.CommitText,,,Commit script changes and remove stored script backups,Commit script changes and remove stored script backups,تثبيت التغييرات على النص البرمجي وإزالة النسخ الاحتياطية للنص البرمجي المُخزَّنة,Skriptänderungen committen und gespeicherte Skript-Backups entfernen,Confirmar cambios en el script y eliminar las copias de seguridad del script almacenadas,Effectuer des modifications de script et supprimer les sauvegardes de script stockées,स्क्रिप्ट में बदलाव कमिट करें और स्टोर किए गए स्क्रिप्ट बैकअप को हटाएँ,Commit perubahan skrip dan hapus cadangan skrip yang tersimpan,Conferma le modifiche agli script e rimuovi i backup degli script archiviati,スクリプトの変更をコミットし、保存されたスクリプトのバックアップを削除,스크립트 변경 사항 커밋 및 저장된 스크립트 백업 삭제,Zatwierdź zmiany w skrypcie i usuń zapisane kopie zapasowe skryptu,Enviar alterações de script e remover backups de script armazenados,,ยืนยันการเปลี่ยนแปลงสคริปต์ และลบข้อมูลสำรองสคริปต์ที่เก็บไว้,Betik değişikliklerini işle ve depolanan betik yedeklerini kaldır,Thực hiện các thay đổi kịch bản và bỏ các kịch bản dự phòng được lưu trữ,提交脚本更改并移除保存的脚本备份,提交脚本更改并移除保存的脚本备份,提交指令碼變更並移除已儲存的指令碼備份
Studio.R15Migrator.InitialScanning.ReScanButton,,,Re-Scan,Re-Scan,إعادة المسح,Erneut Scannen,Volver a escanear,Re-scanner,फिर से स्कैन करें,Pindai Ulang,Ripeti scansione,再スキャン,재스캔,Skanuj ponownie,Re-escanear,,สแกนใหม่,Yeniden tara,Quét Lại,重新扫描,重新扫描,重新掃描
Studio.R15Migrator.Summary.R6R15ModeDesc,,,This mode temporarily inserts adapter code that allows you to test a mix of unconverted R6 assets alongside R15 assets,This mode temporarily inserts adapter code that allows you to test a mix of unconverted R6 assets alongside R15 assets,يقوم هذا الوضع مؤقتًا بإدراج كود المُحول الذي يسمح لك باختبار مزيج من أصول R6 غير المُحوَّلة إلى جانب أصول R15,"Dieser Modus fügt vorübergehend Adapter-Code ein, mit dem du eine Mischung aus nicht konvertierten R6-Objekten zusammen mit R15-Objekten testen kannst.",Este modo inserta temporalmente código de adaptador que te permite probar una mezcla de recursos R6 no convertidos junto a recursos R15,Ce mode insère temporairement le code d'adaptateur qui te permet de tester un mélange de contenus R6 non convertis aux côtés de contenus R15,"यह मोड कुछ समय के लिए अडैप्टर कोड इंसर्ट करता है, जो आपको R15 ऐसेट के साथ कन्वर्ट नहीं हुए R6 ऐसेट के मिक्स को टेस्ट करने की अनुमति देता है",Mode ini memasukkan kode adaptor untuk sementara agar kamu bisa mengetes kombinasi aset R6 yang belum dikonversi dan aset R15,Questa modalità inserisce temporaneamente il codice dell'adattatore che consente di testare una serie di risorse R6 non convertite assieme a risorse R15,このモードでは、変換されていないR6とR15アセットを混合でテストできるアダプターコードが一時的に挿入されます。,이 모드는 R15 애셋과 함께 변환되지 않은 R6 애셋의 혼합물을 테스트할 수 있는 어댑터 코드를 일시적으로 삽입합니다,"Ten tryb umożliwia tymczasowe wstawienie kodu adaptera, który pozwala przetestować połączenie nieprzekonwertowanych zasobów R6 i zasobów R15",Este modo insere temporariamente o código do adaptador que permite testar uma mistura de ativos R6 não convertidos juntamente com ativos R15,,โมเดลนี้จะแทรกรหัสตัวปรับชั่วคราวที่ช่วยให้คุณสามารถทดสอบการผสมผสานระหว่างทรัพยากร R6 ที่ยังไม่แปลงพร้อมกับทรัพยากร R15 ได้,"Bu mod, dönüştürülmemiş R6 varlıkları R15 varlıklarla birlikte test etmene geçici süreliğine olanak tanıyan uyarlayıcı kodu ekler",Chế độ này tạm thời chèn mã bộ chuyển đổi để bạn có thể thử nghiệm sự kết hợp giữa tài sản R6 chưa chuyển đổi với tài sản R15,此模式可以暂时插入适配器代码，让你可以测试一组未经过转换的 R6 素材和 R15 素材,此模式可以暂时插入适配器代码，让你可以测试一组未经过转换的 R6 素材和 R15 素材,此模式會暫時插入轉換代碼，可讓您測試混合了未轉換 R6 角色與 R15 角色的內容
Studio.R15Migrator.Summary.R15ModeDesc,,,This mode removes the adapter code. Testing in this mode will make it visually obvious if there are any R6 assets that need conversion. This mode must be on in order to publish.,This mode removes the adapter code. Testing in this mode will make it visually obvious if there are any R6 assets that need conversion. This mode must be on in order to publish.,يعمل هذا الوضع على إزالة كود المُحول. سيؤدي إجراء الاختبار في هذا الوضع إلى إظهار أي أصول R6 تحتاج إلى تحويل. يجب أن يكون هذا الوضع قيد التشغيل للنشر.,"Dieser Modus entfernt den Adapter-Code. Tests in diesem Modus machen es visuell deutlich, wenn es irgendwelche R6-Objekte gibt, die Konvertierung benötigen. Dieser Modus muss aktiviert sein, um zu veröffentlichen.",Este modo elimina el código del adaptador. La prueba en este modo hará visible si hay algún recurso R6 que necesite conversión. Este modo debe estar activado para poder publicar.,Ce mode supprime le code de l'adaptateur. Les tests effectués dans ce mode le rendront visuellement évident s'il y a des ressources R6 qui ont besoin de conversion. Ce mode doit être activé pour pouvoir publier.,यह मोड अडैप्टर कोड को हटा देता है. इस मोड में टेस्ट करने से यह दिखाई देगा कि कन्वर्ज़न की ज़रूरत वाला कोई R6 ऐसेट है या नहीं. पब्लिश करने के लिए यह मोड चालू होना चाहिए.,"Mode ini menghapus kode adaptor. Jika ada aset R6 yang perlu dikonversi, kamu akan bisa melihatnya secara jelas saat melakukan tes di mode ini. Mode ini harus diaktifkan agar kamu dapat memublikasikan.",Questa modalità rimuove il codice dell'adattatore. Fare dei test in questa modalità consente di visualizzare risorse R6 da convertire. Questa modalità deve essere attiva per poter pubblicare.,このモードでは、アダプターコードを削除します。このモードでテストすると、変換されていないR6アセットがあれば視覚的に目立つようになります。公開するにはこのモードにする必要があります。,이 모드는 어댑터 코드를 제거합니다. 이 모드에서 테스트하면 변환이 필요한 R6 애셋이 있는지 시각적으로 명확하게 파악할 수 있습니다. 게시하려면 이 모드가 켜져 있어야 합니다.,"Ten tryb usuwa kod adaptera. Podczas testowania w tym trybie wyraźnie zobaczysz, czy pozostały jeszcze zasoby R6 wymagające przekonwertowania. Aby móc przejść do publikacji, ten tryb musi być włączony.",Este modo remove o código do adaptador. O teste neste modo tornará visualmente óbvio se houver algum recurso R6 que precise de conversão. Este modo deve estar ativado para publicar,,โมเดลนี้จะลบรหัสตัวปรับ การทดสอบในโหมดนี้จะทำให้เห็นได้อย่างชัดเจนว่ามีทรัพยากร R6 ใดบ้างที่จำเป็นต้องได้รับการแปลง ต้องเปิดโหมดนี้เพื่อทำการเผยแพร่,"Bu mod, uyarlayıcı kodu kaldırır. Bu modda test yapıldığında hâlâ dönüştürülmesi gereken R6 varlıklar görsel olarak ortaya çıkar. Deneyimi yayınlayabilmek için modun açık olması gerekir.",Chế độ này sẽ bỏ mã bộ chuyển đổi. Việc thử nghiệm trong chế độ này sẽ giúp bạn dễ dàng nhận biết bằng mắt thường nếu có bất kỳ tài sản R6 nào cần chuyển đổi. Chế độ này phải được bật để có thể phát hành.,此模式会移除适配器代码。在此模式下进行测试，可以直观地查看是否存在需要转换的 R6 素材。如需发布，必须开启此模式。,此模式会移除适配器代码。在此模式下进行测试，可以直观地查看是否存在需要转换的 R6 素材。如需发布，必须开启此模式。,此模式會移除轉換代碼。在此模式中進行測試將把需要轉換的 R6 素材在視覺上醒目標示。必須開啟此模式才能發佈。
Studio.R15Migrator.Summary.R15ModeOn,,,Test mode set to R15.,Test mode set to R15.,تم تعيين وضع الاختبار إلى R15.,Testmodus auf R15 eingestellt.,Modo de prueba establecido en R15.,Mode de test réglé sur R15.,टेस्ट मोड R15 पर सेट है.,Mode tes diatur ke R15.,Modalità di test impostata su R15.,テストモードはR15に設定されています。,테스트 모드가 R15로 설정되었습니다.,Ustawiono tryb testowania R15.,Modo de teste ajustado para R15.,,ตั้งโหมดการทดสอบเป็น R15,Test modu R15 olarak ayarlandı.,Chế độ thử nghiệm được đặt thành R15.,测试模式已设置为 R15。,测试模式已设置为 R15。,測試模式設為 R15。
Studio.R15Migrator.Summary.GameSettingsAvatarType,,,Game Settings Avatar Type is set to R15,Game Settings Avatar Type is set to R15,تم تعيين نوع الأفاتار في إعدادات اللعبة إلى R15,Der Avatar-Typ in den Spieleinstellungen ist auf R15 eingestellt,Tipo de avatar de Configuración del juego se establece en R15,Le type d'avatar dans les paramètres du jeu est réglé sur R15,गेम सेटिंग अवतार टाइप R15 पर सेट है,Tipe Avatar Pengaturan Game diatur ke R15,Il tipo di avatar configurato nei parametri di gioco è impostato su R15,ゲーム設定アバタータイプがR15に設定されています,게임 설정 아바타 유형이 R15로 설정되어 있습니다,W ustawieniach gry wybrano typ awatara R15,As configurações de jogo do tipo de avatar estão definidas para R15,,ประเภทอวาตาร์การตั้งค่าเกมถูกกำหนดให้เป็น R15,Oyun ayarları avatar türü R15 olarak ayarlandı,Kiểu Avatar trong Cài Đặt Trò Chơi được đặt thành R15,游戏设置虚拟形象类型已设置为 R15,游戏设置虚拟形象类型已设置为 R15,遊戲設定虛擬人偶類型設為 R15
Studio.R15Migrator.Summary.AllAssetsConverted,,,All assets have been converted.,All assets have been converted.,تم تحويل جميع الأصول.,Alle Objekte wurden konvertiert.,Se convirtieron todos los recursos.,Tous les actifs ont été convertis.,सभी ऐसेट कन्वर्ट कर दिए गए हैं.,Semua aset telah dikonversi.,Tutte le risorse sono state convertite.,すべてのアセットが変換済みです。,모든 애셋이 변환되었습니다.,Wszystkie zasoby zostały przekonwertowane.,Todos os ativos foram convertidos.,,แปลงทรัพยากรทั้งหมดแล้ว,Tüm varlıklar dönüştürüldü.,Tất cả tài sản đã được chuyển đổi.,全部素材已转换。,全部素材已转换。,所有素材皆已轉換。
Studio.R15Migrator.Summary.Checklist,,,Checklist,Checklist,قائمة التحقق,Checkliste,Checklist,Check-list,चेकलिस्ट,Daftar Periksa,Lista di controllo,チェックリスト,체크리스트,Lista kontrolna,Lista de tarefas,,รายการตรวจสอบ,Kontrol Listesi,Danh Sách Kiểm Tra,检查清单,检查清单,核對清單
Studio.R15Migrator.StatusTable.Status,,,Status,Status,الحالة,Status,Estado,Statut,स्टेटस,Status,Stato,状況,상태,Status,Status,,สถานะ,Durum,Trạng Thái,状态,状态,狀態
Studio.R15Migrator.AnimationConversion.Revert,,,Revert,Revert,تراجع,Zurücksetzen,Revertir,Revenir en arrière,रिवर्ट करें,Kembalikan,Ripristina,元に戻す,되돌리기,Przywróć,Reverter,,แปลงกลับ,Geri Döndür,Hoàn Lại,还原,还原,還原
Studio.R15Migrator.AnimationStatus.FailedSerialization,,,Serialization failed,Serialization failed,تعذَّر إجراء التسلسل,Serialisierung fehlgeschlagen,Error en la serialización,Échec de la sérialisation,क्रम में नहीं लगाया जा सका,Serialisasi gagal,Serializzazione non riuscita,シリアル化できません,직렬화 실패,Błąd serializacji,Falha na serialização,,ทำให้เป็นอนุกรมไม่สำเร็จ,Serileştirme başarısız,Chuỗi hóa không thành công,序列化失败,序列化失败,編序失敗
Studio.R15Migrator.AnimationStatus.FailedToGetProductInfo,,,Failed to get product info for asset,Failed to get product info for asset,تعذَّر الحصول على معلومات المنتج للأصل,Produktinformationen für dieses Objekt konnten nicht abgerufen werden,No se pudo obtener información del producto para el recurso,Échec de l'obtention des infos produit pour le contenu,ऐसेट के लिए प्रॉडक्ट की जानकारी नहीं मिल सकी,Gagal mengambil info produk untuk aset,Impossibile ottenere informazioni di prodotto per la risorsa,アセットの製品情報を取得できませんでした,애셋의 제품 정보를 가져오지 못했습니다,Nie udało się pobrać informacji o produkcie dla zasobu,Falha ao obter informações do produto para o ativo,,รับข้อมูลผลิตภัณฑ์ของทรัพยากรไม่สำเร็จ,Varlığın ürün bilgisi alınamadı,Không tải được thông tin sản phẩm cho tài sản,无法获得素材的产品信息,无法获得素材的产品信息,取得素材產品資訊失敗
Studio.R15Migrator.AnimationStatus.FailedWithErrorCode,,,Upload failed: HTTP error code %d,Upload failed: HTTP error code %d,تعذَّر الرفع: كود خطأ HTTP %d,Upload fehlgeschlagen: HTTP-Fehlercode %d,Error en la carga: código de error HTTP %d,Échec du téléchargement: code d'erreur HTTP %d,अपलोड नहीं किया जा सका : HTTP गड़बड़ी कोड %d,Upload gagal: kode eror HTTP %d,Caricamento non riuscito: codice di errore HTTP %d,アップロードできませんでした: HTTPエラーコード %d,업로드 실패: HTTP 오류 코드 %d,Błąd przesyłania: kod błędu HTTP %d,Falha no upload: código de erro HTTP %d,,อัปโหลดไม่สำเร็จ: รหัสข้อผิดพลาด HTTP %d,Yükleme başarısız: HTTP hata kodu %d,Tải lên không thành công: Mã lỗi HTTP %d,上传失败：HTTP 错误代码 %d,上传失败：HTTP 错误代码 %d,上傳失敗：HTTP 錯誤代碼 %d
Studio.R15Migrator.AnimationStatus.Done,,,Animation has been replaced successfully,Animation has been replaced successfully,تم استبدال الحركة بنجاح,Animation wurde erfolgreich ersetzt,La animación se reemplazó correctamente,Animation remplacée avec succès,ऐनिमेशन बदला जा चुका है,Animasi telah berhasil diganti,L'animazione è stata sostituita correttamente,アニメーションの置き換え完了,애니메이션 바꾸기를 완료했습니다,Animacja została zamieniona,A animação foi substituída com sucesso,,แทนที่แอนิเมชันสำเร็จแล้ว,Animasyon başarıyla değiştirildi,Hiệu ứng động đã được thay thế thành công,动画替换成功,动画替换成功,已成功取代動畫
Studio.R15Migrator.AvatarSelection.Character,,,Character,Character,الشخصية,Charakter,Personaje,Personnage,कैरेक्टर,Karakter,Personaggio,キャラクター,캐릭터,Postać,Personagem,,ตัวละคร,Karakter,Nhân Vật,角色,角色,角色
Studio.R15Migrator.Summary.Characters,,,Characters,Characters,الشخصيات,Charaktere,Personajes,Personnages,कैरेक्टर,Karakter,Personaggi,キャラクター,캐릭터,Postacie,Personagens,,ตัวละคร,Karakterler,Nhân Vật,字符,字符,角色
Studio.R15Migrator.Summary.Animations,,,Animations ({currentAmount}/{total}),Animations ({currentAmount}/{total}),الرسوم المتحركة ({currentAmount}/{total}),Animationen ({currentAmount}/{total}),Animaciones ({currentAmount}/{total}),Animations ({currentAmount}/{total}),ऐनिमेशंस ({currentAmount}/{total}),Animasi ({currentAmount}/{total}),Animazioni ({currentAmount}/{total}),アニメーション ({currentAmount}/{total}),애니메이션({currentAmount}/{total}),Animacje ({currentAmount}/{total}),Animações ({currentAmount}/{total}),,แอนิเมชัน ({currentAmount}/{total}),Animasyonlar ({currentAmount}/{total}),Hiệu Ứng Động ({currentAmount}/{total}),动画 ({currentAmount}/{total}),动画 ({currentAmount}/{total}),動畫（{currentAmount}/{total}）
Studio.R15Migrator.Summary.Scripts,,,Scripts,Scripts,النصوص البرمجية,Skripte,Scripts,Scripts,स्क्रिप्ट्स,Skrip,Script,スクリプト,스크립트,Skrypty,Scripts,,สคริปต์,Betikler,Kịch Bản,脚本,脚本,指令碼
Studio.R15Migrator.Summary.ConvertHeader,,,[link1] ({currentAmount}/{total}),[link1] ({currentAmount}/{total}),[link1] ({currentAmount}/{total}),[link1] ({currentAmount}/{total}),[link1] ({currentAmount}/{total}),[lien1] ({currentAmount}/{total}),[link1] ({currentAmount}/{total}),[link1] ({currentAmount}/{total}),[link1] ({currentAmount}/{total}),[link1] ({currentAmount}/{total}),[link1] ({currentAmount}/{total}),[link1] ({currentAmount}/{total}),[link1] ({currentAmount}/{total}),,[link1] ({currentAmount}/{total}),[link1] ({currentAmount}/{total}),[link1] ({currentAmount}/{total}),[链接 1] ({currentAmount}/{total}),[链接 1] ({currentAmount}/{total}),[link1]（{currentAmount}/{total}）
Studio.R15Migrator.Summary.Animation,,,Animation,Animation,حركة,Animation,Animación,Animation,ऐनिमेशन,Animasi,Animazione,アニメーション,애니메이션,Animacja,Animação,,แอนิเมชัน,Animasyon,Hiệu Ứng Động,动画,动画,動畫
Studio.R15Migrator.Tabs.Summary,,,Summary,Summary,الملخص,Zusammenfassung,Resumen,Résumé,समरी,Ringkasan,Riepilogo,概要,요약,Podsumowanie,Resumo,,ข้อมูลสรุป,Özet,Tóm Tắt,概要,概要,概要
Studio.R15Migrator.Summary.Sortby,,,Sort by,Sort by,ترتيب حسب,Sortieren nach,Ordenar por,Trié par,इस आधार पर क्रम से लगाएँ,Urutkan berdasarkan,Elenca in ordine,並べ替え:,정렬 기준,Sortuj według,Ordenar por,,เรียงลำดับตาม,Sırala:,Sắp Xếp Theo,排序依据,排序依据,排序方式：
Studio.R15Migrator.Summary.Alphabetical,,,Alphabetical,Alphabetical,أبجديًا,Alphabetisch,En orden alfabético,Alphabétique,वर्णमाला के क्रम में,Alfabetis,Alfabetico,アルファベット順,알파벳 순,Alfabetycznie,Alfabético,,ลำดับตัวอักษร,Alfabetik,Theo Bảng Chữ Cái,字母顺序,字母顺序,依字母排序
Studio.R15Migrator.PublishWarningAction.Continue,,,Continue to Publish,Continue to Publish,المتابعة للنشر,Veröffentlichen fortsetzen,Continuar a Publicar,Continuer à publier,पब्लिश करना जारी रखें,Lanjutkan ke Publikasi,Continua a pubblicare,公開に進む,게시 계속,Przejdź do publikowania,Continuar a publicar,,ดำเนินการต่อเพื่อเผยแพร่,Yayınlamaya devam et,Tiếp tục để Đăng,继续发布,继续发布,繼續發佈
Studio.R15Migrator.PublishWarningAction.Cancel,,,Cancel,Cancel,إلغاء,Abbrechen,Cancelar,Annuler,कैंसिल करें,Batalkan,Annulla,キャンセル,취소,Anuluj,Cancelar,,ยกเลิก,İptal,Hủy Bỏ,取消,取消,取消
Studio.R15Migrator.PublishWarning.Warning,,,R6 conversion is not revertable,R6 conversion is not revertable,لا يمكن التراجع عن تحويل R6,R6-Konvertierung kann nicht rückgängig gemacht werden,La conversión a R6 no es reversible,La conversion R6 n'est pas réversible,R6 कन्वर्ज़न वापस नहीं किया जा सकता है,Konversi R6 tidak bisa dikembalikan,La conversione R6 non è reversibile,R6変換は元に戻すことができません,R6 변환은 되돌릴 수 없습니다,Konwersji R6 nie można cofnąć,A conversão de R6 não é reversível,,การแปลง R6 ไม่สามารถแปลงกลับได้,R6 dönüşümü geri alınamaz,Chuyển đổi R6 không thể hoàn lại,R6 转换不可还原,R6 转换不可还原,R6 轉換無法還原
Studio.R15Migrator.PublishWarning.Detail,,,"Once you publish your converted experience, you will no longer be able to revert any of the associated characters, animations, or scripts.","Once you publish your converted experience, you will no longer be able to revert any of the associated characters, animations, or scripts.",بمجرد نشر التجربة المُحوَّلة، لن تتمكن بعدها من التراجع عن أيٍ من الشخصيات أو الرسوم المتحركة أو النصوص البرمجية المرتبطة بها.,"Sobald du deine konvertierte Experience veröffentlichst, kannst du keine der zugehörigen Charaktere, Animationen oder Skripte mehr rückgängig machen.","Una vez que publiques tu experiencia convertida, ya no podrás revertir ninguno de los personajes, animaciones o scripts asociados.","Une fois que tu as publié ton expérience convertie, tu ne pourras plus annuler aucun des personnages, des animations ou des scripts associés.","अपने कन्वर्ट किए गए एक्सपीरिएंस को पब्लिश करने के बाद, अब इससे जुड़े किसी भी कैरेक्टर, ऐनिमेशन या स्क्रिप्ट को वापस नहीं किया जा सकेगा.","Setelah memublikasikan pengalaman virtual yang dikonversi, kamu tidak akan bisa lagi mengembalikan karakter, animasi, atau skrip terkait.","Una volta pubblicata l'esperienza convertita, non potrai più ripristinare nessuno dei personaggi, delle animazioni o degli script associati.",変換済みのバーチャル空間を公開すると、関連するキャラクター、アニメーション、またはスクリプトはすべて元に戻すことができなくなります。,"변환된 체험을 게시하고 나면, 관련 캐릭터 또는 애니메이션, 스크립트를 되돌릴 수 없게 됩니다.","Po opublikowaniu przekonwertowanego projektu nie będziesz mieć już możliwości przywrócenia związanych z nim postaci, animacji ani skryptów.","Depois de publicar sua experiência convertida, você não poderá mais reverter nenhum dos personagens, animações ou scripts associados.",,เมื่อคุณเผยแพร่ประสบการณ์ที่แปลงแล้วของคุณ คุณจะไม่สามารถแปลงกลับตัวละคร แอนิเมชัน หรือสคริปต์ใดๆ ที่เกี่ยวข้องได้อีกต่อไป,"Dönüştürülmüş deneyimini yayınladıktan itibaren ilişkili karakterleri, animasyonları veya betikleri geri döndüremeyeceksin.","Sau khi phát hành bản trải nghiệm đã chuyển đổi, bạn sẽ không thể hoàn lại bất kỳ nhân vật, hiệu ứng động hoặc kịch bản nào liên quan.",发布转换的体验后，你将无法还原相关字符、动画或脚本。,发布转换的体验后，你将无法还原相关字符、动画或脚本。,轉換後的體驗一旦發佈，將無法再還原相關角色、動畫或指令碼。
Studio.R15Migrator.InitialFlow.Instructions,,,<b>{experienceName}</b> is an R6 experience that must be converted to R15.,<b>{experienceName}</b> is an R6 experience that must be converted to R15.,<b>{experienceName}</b> عبارة عن تجربة R6 يجب تحويلها إلى R15.,"<b>{experienceName}</b> ist eine R6-Experience, das in R15 konvertiert werden muss.",<b>{experienceName}</b> es una experiencia R6 que debe convertirse a R15.,<b>{experienceName}</b> est une expérience R6 qui doit être convertie en R15.,<b>{experienceName}</b> यह एक R6 एक्सपीरिएंस है जिसे R15 में कन्वर्ट किया जाना चाहिए.,<b>{experienceName}</b> adalah pengalaman virtual R6 yang harus dikonversi menjadi R15.,<b>{experienceName}</b> è un'esperienza R6 che deve essere convertita in R15.,<b>{experienceName}</b> は、R15に変換する必要があるR6のバーチャル空間です。,<b>{experienceName}</b>(은)는 R15로 변환해야 하는 R6 체험입니다.,"<b>{experienceName}</b> to projekt R6, który musi zostać przekonwertowany na R15.",<b>{experienceName}</b> é uma experiência R6 que deve ser convertida em R15.,,<b>{experienceName}</b> คือประสบการณ์ R6 ืที่ต้องได้รับการแปลงเป็น R15,"<b>{experienceName}</b>, R15'e dönüştürülmesi gereken R6 bir deneyim.",<b>{experienceName}</b> là một trải nghiệm R6 và phải được chuyển đổi sang R15.,<b>{experienceName}</b> 是一种必须转换为 R15 的 R6 体验。,<b>{experienceName}</b> 是一种必须转换为 R15 的 R6 体验。,「<b>{experienceName}</b>」是必須轉換為 R15 的 R6 體驗。
Studio.R15Migrator.InitialFlow.Confirmation,,,The R15 experience {experienceNameR15Font} was created on {date}. Click open to finish the process.,The R15 experience {experienceNameR15Font} was created on {date}. Click open to finish the process.,"تم إنشاء {experienceNameR15Font} الخاص بتجربة R15 في {date}. اضغط على ""فتح"" لإنهاء العملية.","Die R15-Experience {experienceNameR15Font} wurde am {date} erstellt. Klicke auf Öffnen, um den Prozess abzuschließen.",La experiencia R15 {experienceNameR15Font} se creó el {date}. Haz clic en abrir para terminar el proceso.,L'expérience R15 {experienceNameR15Font} a été créé le {date}. Cliquer sur ouvrir pour terminer le processus.,R15 एक्सपीरिएंस {experienceNameR15Font} को {date} को बनाया गया था. प्रोसेस पूरा करने के लिए 'खोलें' पर क्लिक करें.,Pengalaman virtual R15 {experienceNameR15Font} dibuat pada {date}. Klik buka untuk menyelesaikan prosesnya.,L'esperienza R15 {experienceNameR15Font} è stata creata il giorno {date}. Fai clic su Apri per terminare il processo.,R15 のバーチャル空間（{experienceNameR15Font}）は {date} に制作されました。開くをクリックしてプロセスを完了してください。,R15 체험 {experienceNameR15Font}(이)가 {date}에 제작되었습니다. '열기'를 클릭해 프로세스를 완료하세요.,"Projekt R15 {experienceNameR15Font} został utworzony {date}. Kliknij Otwórz, aby dokończyć proces.",A experiência R15 {experienceNameR15Font} foi criada em {date}. Clique em abrir para terminar o processo.,,ประสบการณ์ R15 {experienceNameR15Font} ถูกสร้างขึ้นเมื่อวันที่ {date} คลิกเปิดเพื่อเสร็จสิ้นกระบวนการ,"{experienceNameR15Font} R15 deneyimi, {date} tarihinde oluşturuldu. İşlemi tamamlamak için aç seçeneğine tıkla.",Trải nghiệm R15 {experienceNameR15Font} được tạo ra vào ngày {date}. Nhấn mở để hoàn tất quy trình.,,,R15 體驗「{experienceNameR15Font}」建立於 {date}。按一下開啟來結束流程。
Studio.R15Migrator.InitialFlow.GetStarted,,,Get Started,Get Started,البدء,Erste Schritte,Primeros pasos,Commencer,शुरू करें,Mulai,Per iniziare,始める,시작하기,Rozpocznij,Iniciando,,เริ่มใช้งาน,Başla,Bắt Đầu,着手开始,着手开始,立即開始
Studio.R15Migrator.InitialFlow.Complete,,,{experienceName} conversion is complete,{experienceName} conversion is complete,اكتمل تحويل {experienceName},Konvertierung von {experienceName} abgeschlossen,La conversión de {experienceName} está completa,La conversion {experienceName} est terminée,{experienceName} कन्वर्ज़न पूरा हो गया है,Konversi {experienceName} selesai,La conversione di {experienceName} è completa,{experienceName} の変換が完了,{experienceName} 변환이 완료되었습니다,Ukończono konwertowanie projektu {experienceName},A conversão de {experienceName} está completa,,การแปลง {experienceName} เสร็จสมบูรณ์แล้ว,{experienceName} dönüşümü tamamlandı,Chuyển đổi {experienceName} đã hoàn thành,{experienceName} 转换已完成,{experienceName} 转换已完成,「{experienceName}」轉換完成
Studio.R15Migrator.InitialFlow.ThumbnailSubText,,,Ability to keep the blocky style with R15 technology,Ability to keep the blocky style with R15 technology,القدرة على الحفاظ على النمط المتكتل باستخدام تقنية R15,"Fähigkeit, den Block-Stil mit R15-Technologie beizubehalten",Capacidad para mantener el estilo de bloque con la tecnología R15,Possibilité de garder le style Blocky avec la technologie R15,R15 टेक्नोलॉजी के साथ ब्लॉक वाले स्टाइल को बनाए रखने की क्षमता,Kemampuan untuk mempertahankan gaya tampilan balok dengan teknologi R15,Capacità di mantenere lo stile a blocchi con la tecnologia R15,R15 テクノロジーによるブロッキースタイルをキープする能力,R15 기술로 블록 모양 스타일을 유지하는 기능,Możliwość zachowania klockowej stylistyki w technologii R15,Capacidade de manter o estilo bloco com a tecnologia R15,,ความสามารถในการคงไว้ซึ่งสไตล์บล็อคด้วยเทคโนโลยี R15,R15 teknolojisiyle blok stilini koruma olanağı,Khả năng giữ phong cách hình khối bằng công nghệ R15,使用 R15 技术保持砖块样式的功能,使用 R15 技术保持砖块样式的功能,可運用 R15 的技術並保持方塊風格
Studio.R15Migrator.InitialFlow.Explanation,,,"This tool starts by making an R15 copy of the experience, then creates a custom list of suggested replacements for R6 characters, animations, and scripts for you to review. [link1]","This tool starts by making an R15 copy of the experience, then creates a custom list of suggested replacements for R6 characters, animations, and scripts for you to review. [link1]",تبدأ هذه الأداة بإنشاء نسخة R15 من التجربة، ثم تُنشئ قائمة مخصصة بالبدائل المقترحة للشخصيات والرسوم المتحركة والنصوص البرمجية من إصدار R6 حتى تتمكن من مراجعتها. [link1],"Dieses Tool beginnt mit einer R15-Kopie der Experience und erstellt dann eine benutzerdefinierte Liste von vorgeschlagenen Ersetzungen für R6-Charaktere, -Animationen und -Skripte, die du überarbeiten kannst. [link1]","Esta herramienta comienza por hacer una copia R15 de la experiencia, entonces crea una lista personalizada de reemplazos sugeridos para caracteres R6, animaciones y scripts para que los puedas revisar. [link1]","Cet outil commence par faire une copie R15 de l'expérience, puis crée une liste personnalisée de suggestions de remplacement pour les personnages, les animations et les scripts R6, afin que tu puisses les passer en revue. [lien1]","यह टूल एक्सपीरिएंस की R15 कॉपी बनाकर शुरू होता है, फिर आपके लिए रिव्यू करने के लिए R6 कैरेक्टर, ऐनिमेशन और स्क्रिप्ट के लिए सुझाए गए रिप्लेसमेंट की कस्टम लिस्ट बनाता है. [link1]","Alat ini memulai dengan membuat salinan R15 pengalaman virtual, lalu membuat daftar kustom berisi pengganti yang disarankan bagi karakter, animasi, dan skrip R6 untuk kamu review. [link1]","Questo strumento creerà una copia R15 dell'esperienza, un elenco personalizzato di sostituzioni suggerite per personaggi, delle animazioni e degli script R6 che sottoporrà alla tua revisione. [link1]",このツールは、バーチャル空間のR15コピーを作成することから始めます。 次に、あなたがレビューできるように推奨される他のR6キャラクター、アニメーション、スクリプトのカスタマイズされたリスト作成します。 [link1],"이 도구를 이용하면 먼저 체험의 R15 사본을 만들고, 이후의 검토를 위해 R6 캐릭터, 애니메이션, 스크립트에 대한 권장 대체 항목의 사용자 정의 목록을 만들 수 있습니다. [link1]","To narzędzie tworzy na początku kopię projektu konwertowanego na R15, a następnie tworzy dedykowaną listę sugerowanych zamian postaci, animacji i skryptów R6, którą możesz przejrzeć. [link1]","Esta ferramenta começa fazendo uma cópia R15 da experiência então cria uma lista personalizada de substitutos sugeridos para caracteres R6, animações e scripts para revisar. [link1]",,เครื่องมือนี้จะเริ่มต้นโดยการทำสำเนา R15 ของประสบการณ์ จากนั้นจึงสร้างรายการกำหนดเองของการแทนที่ที่แนะนำของตัวละคร แอนิเมชัน และสคริปต์ R6 ให้คุณได้ตรวจสอบ [link1],"Bu araç, deneyimin R15 bir kopyasını hazırlar ve gözden geçirmen için R6 varlıklar yerine kullanılabilecek karakterlerden, animasyonlardan ve betiklerden oluşan özel bir öneri listesi sunar. [link1]","Công cụ này bắt đầu bằng cách tạo một bản sao R15 của trải nghiệm, sau đó tạo một danh sách tùy chỉnh các đề xuất thay thế cho nhân vật R6, hiệu ứng động và kịch bản để bạn xem xét. [link1]",此工具工作时先制作一份体验的 R15 副本，然后创建 R6 字符、动画和脚本的自定义建议替换列表，可供查看。[链接1],此工具工作时先制作一份体验的 R15 副本，然后创建 R6 字符、动画和脚本的自定义建议替换列表，可供查看。[链接1],此工具首先會製作體驗的 R15 副本，然後為 R6 角色、動畫和指令碼建立一份建議取代的專門清單供您檢視。[link1]
Studio.R15Migrator.InitialFlow.Open,,,Open,Open,فتح,Öffnen,Abrir,Ouvrir,खोलें,Buka,Apri,開く,열기,Otwórz,Abrir,,เปิด,Aç,Mở,打开,打开,開啟
Studio.R15Migrator.InitialFlow.InProgress,,,{experienceName} conversion is in progress...,{experienceName} conversion is in progress...,جارٍ تحويل {experienceName}...,Konvertierung von {experienceName} läuft …,La conversión de {experienceName} está en curso...,La conversion {experienceName} est en cours...,{experienceName} कन्वर्ज़न जारी है...,Konversi {experienceName} sedang berlangsung...,La conversione di {experienceName} è in corso...,{experienceName} の変換が進行中です...,{experienceName} 변환이 진행 중입니다...,Trwa konwertowanie projektu {experienceName}...,A conversão de {experienceName} está em andamento...,,การแปลง {experienceName} กำลังอยู่ในระหว่างดำเนินการ...,{experienceName} dönüşümü sürüyor...,Đang tiến hành chuyển đổi {experienceName}...,{experienceName} 转换正在进行中......,{experienceName} 转换正在进行中......,「{experienceName}」轉換進行中……
Studio.R15Migrator.AnimationStatus.FailedWithError,,,Upload failed. Error: {error},Upload failed. Error: {error},تعذَّر الرفع. خطأ: {error},Upload fehlgeschlagen. Fehler: {error},Error al cargar: {error},Échec du téléchargement. Erreur : {error},अपलोड नहीं किया जा सका. गड़बड़ी : {error},Upload gagal. Eror: {error},Caricamento non riuscito. Errore: {error},アップロードできませんでした。エラー: {error},업로드 실패. 오류: {error},Nie udało się przesłać. Błąd: {error},Falha no upload. Erro: {error},,อัปโหลดไม่สำเร็จ ข้อผิดพลาด: {error},Yükleme başarısız. Hata: {error},Tải lên không thành công. Lỗi: {error},上传失败。错误：{error},上传失败。错误：{error},上傳失敗。錯誤：{error}
Studio.R15Migrator.InitialFlow.PlacefileExplanation,,,"Use this tool to bulk replace R6 characters, animations, and scripts with R15 versions. [link1]","Use this tool to bulk replace R6 characters, animations, and scripts with R15 versions. [link1]",استخدم هذه الأداة لاستبدال الشخصيات والرسوم المتحركة والنصوص البرمجية من إصدار R6 بإصدارات R15 بشكل مُجمَّع. [link1],"Mit diesem Tool kannst du R6-Charaktere, -Animationen und -Skripte gesammelt durch ihre R15-Versionen ersetzen. [link1]","Utiliza esta herramienta para hacer un reemplazo masivo de personajes R6, animaciones y scripts con versiones R15. [link1]","Utilise cet outil pour remplacer en masse les personnages, animations et scripts R6 par des versions R15. [link1]","R6 कैरेक्टर, ऐनिमेशन और स्क्रिप्ट को R15 वर्ज़न से बदलने के लिए इस टूल का इस्तेमाल करें. [link1]","Gunakan alat ini untuk mengganti secara massal karakter, animasi, dan skrip R6 dengan versi R15. [link1]","Usa questo strumento per sostituire in blocco personaggi, animazioni e script R6 con versioni R15. [link1]",R6のキャラクター、アニメーション、スクリプトをR15バージョンに一括置換置するには、このツールを使用します。 [link1],"이 도구를 사용해 R6 캐릭터, 애니메이션, 스크립트를 R15 버전으로 일괄 교체하세요. [link1]","Skorzystaj z tego narzędzia, aby zbiorczo zamienić postacie, animacje i skrypty R6 na wersje R15. [link1]","Use esta ferramenta para substituir personagens, animações e scripts R6 por versões R15. [link1]",,ใช้เครื่องมือนี้ในการแทนที่หลายรายการตัวละคร แอนิเมชัน และสคริปต์ R6 ด้วยเวอร์ชัน R15 [link1],"Çok sayıda R6 karakteri, animasyonu ve betiği R15 sürümleriyle topluca değiştirmek için bu aracı kullan. [link1]","Sử dụng công cụ này để thay thế hàng loạt các nhân vật, hiệu ứng động và kịch bản R6 bằng các phiên bản R15. [link1]",使用此工具将 R6 字符、动画和脚本替换为 R15 版本。[链接 1],使用此工具将 R6 字符、动画和脚本替换为 R15 版本。[链接 1],使用此工具將 R6 角色、動畫和指令碼大量取代為 R15 版本。[link1]
Studio.R15Migrator.InitialFlow.PlacefileInstructions,,,Get started by saving to Roblox to use this tool.,Get started by saving to Roblox to use this tool.,ابدأ بالحفظ في Roblox لاستخدام هذه الأداة.,"Um dieses Tool zu benutzen, speichere zunächst auf Roblox.",Comienza guardando en Roblox para usar esta herramienta.,Commencer par sauvegarder sur Roblox pour utiliser cet outil.,"इस टूल का इस्तेमाल करने के लिए, Roblox में सेव करके शुरुआत करें.",Mulai dengan menyimpan ke Roblox untuk menggunakan alat ini.,"Per iniziare, salva su Roblox per utilizzare questo strumento.",このツールを使うには、まずRobloxに保存してから始めましょう。,이 도구를 사용하려면 Roblox에 저장하고 작업을 시작하세요.,"Zacznij od zapisania projektu na platformie Roblox, aby skorzystać z tego narzędzia.",Comece salvando na Roblox para usar esta ferramenta.,,เริ่มต้นโดยการบันทึกไปยัง Roblox เพื่อใช้เครื่องมือนี้,Aracı kullanmak için dosyayı Roblox'a kaydederek başla.,Bắt đầu bằng cách lưu vào Roblox để sử dụng công cụ này.,使用此工具保存至 Roblox，即可着手开始。,使用此工具保存至 Roblox，即可着手开始。,首先儲存至 Roblox 來使用此工具。
Studio.R15Migrator.InitialFlow.PlacefileGetStartedButton,,,Save to Roblox,Save to Roblox,حفظ في منصة Roblox,Auf Roblox speichern,Guardar en Roblox,Sauvegarder sur Roblox,Roblox पर सेव करें,Simpan ke Roblox,Salva su Roblox,Robloxに保存,Roblox에 저장,Zapisz na platformie Roblox,Salvar na Roblox,,บันทึกไปยัง Roblox,Roblox'a kaydet,Lưu vào Roblox,保存至 Roblox,保存至 Roblox,儲存至 Roblox
Studio.R15Migrator.InitialFlow.ExperienceInstructions,,,Get started by making an R15 copy of this experience.,Get started by making an R15 copy of this experience.,ابدأ بإنشاء نسخة R15 من هذه التجربة.,Erstelle zunächst eine R15-Kopie dieser Experience.,Comienza haciendo una copia R15 de esta experiencia.,Commencer par faire une copie R15 de cette expérience.,इस एक्सपीरिएंस की R15 कॉपी बनाकर शुरुआत करें.,Mulai dengan membuat salinan R15 pengalaman virtual ini.,"Per iniziare, crea una copia R15 di questa esperienza.",このバーチャル空間のR15のコピーを作成することから始めましょう。,이 체험의 R15 사본을 만들어 작업을 시작하세요.,Zacznij od utworzenia kopii R15 tego projektu.,Comece fazendo uma cópia R15 desta experiência.,,เริ่มต้นโดยการสร้างสำเนา R15 ของประสบการณ์นี้,Deneyimin R15 bir kopyasını yaparak başla.,Bắt đầu bằng cách tạo một bản sao R15 của trải nghiệm này.,制作体验的 R15 副本，即可着手开始。,制作体验的 R15 副本，即可着手开始。,首先製作此體驗的 R15 副本。
Studio.R15Migrator.InitialFlow.ExperienceGetStartedButton,,,Make R15 Copy,Make R15 Copy,إنشاء نسخة R15,R15-Kopie erstellen,Haz una copia de R15,Faire une copie de R15,R15 कॉपी बनाएँ,Buat Salinan R15,Crea copia R15,R15のコピーを作成,R15 사본 만들기,Utwórz kopię R15,Faça uma cópia do R15,,สร้างสำเนา R15,R15 kopyasını yap,Tạo Bản Sao R15,制作 R15 副本,制作 R15 副本,製作 R15 副本
Studio.R15Migrator.InitialFlow.ExperienceExplanation,,,"<b>{experienceName}</b> is an R6 experience that must be converted to R15. Use this tool to replace R6 characters, animations, and scripts with R15 versions. [link1]","<b>{experienceName}</b> is an R6 experience that must be converted to R15. Use this tool to replace R6 characters, animations, and scripts with R15 versions. [link1]",<b>{experienceName}</b> عبارة عن تجربة R6 يجب تحويلها إلى R15. استخدم هذه الأداة لاستبدال الشخصيات والرسوم المتحركة والنصوص البرمجية من إصدار R6 بإصدارات R15. [link1],"<b>{experienceName}</b> ist eine R6-Experience, die in R15 konvertiert werden muss. Mit diesem Tool kannst du R6-Charaktere, -Animationen und -Skripte durch ihre R15-Versionen ersetzen. [link1]","<b>{experienceName}</b> es una experiencia R6 que debe convertirse a R15. Utiliza esta herramienta para reemplazar caracteres R6, animaciones y scripts con versiones R15. [link1]","<b>{experienceName}</b> est une expérience R6 qui doit être convertie en R15. Utiliser cet outil pour remplacer les R6 caractères, animations et scripts par les versions R15. [lien1]","<b>{experienceName}</b> यह एक R6 एक्सपीरिएंस है जिसे R15 में कन्वर्ट किया जाना चाहिए. R6 कैरेक्टर, ऐनिमेशन और स्क्रिप्ट को R15 वर्ज़न से बदलने के लिए इस टूल का इस्तेमाल करें. [link1]","<b>{experienceName}</b> adalah pengalaman virtual R6 yang harus dikonversi menjadi R15. Gunakan alat ini untuk mengganti karakter, animasi, dan skrip R6 dengan versi R15. [link1]","<b>{experienceName}</b> è un'esperienza R6 che deve essere convertita in R15. Usa questo strumento per sostituire personaggi, animazioni e script R6 con versioni R15. [link1]",<b>{experienceName}</b> はR15に変換する必要があるR6のバーチャル空間です。 R6のキャラクター、アニメーション、スクリプトをR15バージョンに置き換えるには、このツールを使用します。 [link1],"<b>{experienceName}</b>(은)는 반드시 R15로 변환해야 하는 R6 체험입니다. 이 도구를 사용해 R6 캐릭터, 애니메이션, 스크립트를 R15 버전으로 바꾸세요. [link1]","Projekt <b>{experienceName}</b> jest projektem R6, który należy przekonwertować na R15. Skorzystaj z tego narzędzia, aby przekonwertować postacie, animacje i skrypty R6 na wersje R15. [link1]","<b>{experienceName}</b> é uma experiência R6 que deve ser convertida em R15. Use esta ferramenta para substituir caracteres R6, animações e scripts por versões R15. [link1]",,<b>{experienceName}</b> คือประสบการณ์ R6 ที่ต้องได้รับการแปลงเป็น R15 ใช้เครื่องมือนี้ในการแทนที่ตัวละคร แอนิเมชัน และสคริปต์ R6 ด้วย เวอร์ชัน R15 [link1],"<b>{experienceName}</b>, R15'e dönüştürülmesi gereken R6 bir deneyim. R6 karakterleri, animasyonları ve betikleri R15 sürümleriyle değiştirmek için bu aracı kullan. [link1]","<b>{experienceName}</b> là một trải nghiệm R6 và phải được chuyển đổi sang R15. Sử dụng công cụ này để thay thế các nhân vật, hiệu ứng động và kịch bản R6 bằng các phiên bản R15. [link1]",<b>{experienceName}</b> 是一种必须转换为 R15 的 R6 体验。使用此工具将 R6 字符、动画和脚本替换为 R15 版本。[链接 1],<b>{experienceName}</b> 是一种必须转换为 R15 的 R6 体验。使用此工具将 R6 字符、动画和脚本替换为 R15 版本。[链接 1],「<b>{experienceName}</b>」是必須轉換為 R15 的 R6 體驗。使用此工具來將 R6 角色、動畫和指令碼取代為 R15 版本。[link1]
Studio.R15Migrator.Summary.Refresh,,,Refresh,Refresh,تحديث,Aktualisieren,Actualizar,Rafraîchir,रीफ़्रेश करें,Refresh,Aggiorna,リフレッシュ,새로 고침,Odśwież,Atualizar,,รีเฟรช,Yenile,Làm Mới,刷新,刷新,重新整理
Studio.R15Migrator.ConversionResult.VariableError,,,{count} variable updates were skipped; they may have been fixed by another reference update.,{count} variable updates were skipped; they may have been fixed by another reference update.,تم تخطي {count} من تحديثات المتغيرات؛ ربما تم إصلاحها بواسطة تحديث مرجعي آخر.,{count} Variablen-Updates wurden übersprungen. Möglicherweise wurden sie durch ein anderes Referenz-Update korrigiert.,Se omitieron las actualizaciones de variables {count} ; pueden haber sido arregladas por otra actualización de referencia.,Les mises à jour de variables {count} ont été ignorées ; elles peuvent avoir été corrigées par une autre mise à jour de référence.,{count} वेरिएबल अपडेट छोड़ दिए गए थे; उन्हें किसी अन्य रेफ़रेंस अपडेट के ज़रिये ठीक कर दिया गया होगा.,{count} update variabel dilewati; update mungkin telah diperbaiki oleh update referensi lain.,{count} aggiornamenti delle variabili sono stati ignorati. Questo significa che potrebbero essere stati corretti da un altro aggiornamento di riferimento.,{count} 変数アップデートをスキップしました。別のリファレンスアップデートで修正された可能性があります。,{count}개의 변수 업데이트를 건너뛰었습니다. 다른 참조 업데이트로 수정되었을 수 있습니다.,"Pominięto {count} aktualizacje(-i) zmiennych; możliwe, że zostały skorygowane w ramach innej aktualizacji odwołań.",{count} as atualizações de variáveis foram ignoradas; elas podem ter sido corrigidas por outra atualização de referência.,,ข้ามการอัปเดตตัวแปร {count} รายการ; รายการดังกล่าวอาจได้รับการแก้ไขโดยการอัปเดตการอ้างอิงอื่นแล้ว,{count} değişken güncellemesi atlandı. Başka bir referans güncellemesi tarafından düzeltilmiş olabilirler.,{count} cập nhật biến đã bị bỏ qua; bạn có thể sửa chữa cập nhật biến bằng một cập nhật tham chiếu khác.,已跳过 {count} 个变量更新，这些变量可能已被另一个引用更新修复。,已跳过 {count} 个变量更新，这些变量可能已被另一个引用更新修复。,已跳過 {count} 個變數更新；可能已透過其他的參照更新修正。
Studio.R15Migrator.ScriptConversion.Replace,,,Replace,Replace,استبدال,Ersetzen,Reemplazar,Remplacer,रीप्लेस करें,Ganti,Sostituisci,置き換え,바꾸기,Zamień,Substituir,,แทนที่,Değiştir,Thay Thế,替换,替换,取代
Studio.R15Migrator.Summary.Test,,,Test,Test,اختبار,Testen,Prueba,Test,टेस्ट,Tes,Test,テスト,테스트,Test,Teste,,ทดสอบ,Test,Thử Nghiệm,测试,测试,測試
Studio.R15Migrator.CharacterConversion.Replace,,,Replace,Replace,استبدال,Ersetzen,Reemplazar,Remplacer,रीप्लेस करें,Ganti,Sostituisci,置き換え,바꾸기,Zamień,Substituir,,แทนที่,Değiştir,Thay Thế,替换,替换,取代
Studio.R15Migrator.Summary.Convert,,,Convert,Convert,تحويل,Konvertieren,Convertir,Convertir,बदलें,Konversi,Converti,変換,변환,Konwertuj,Converter,,แปลง,Dönüştür,Chuyển Đổi,转换,转换,轉換
Studio.R15Migrator.Summary.ReadyToPublish,,,Ready to Publish,Ready to Publish,جاهزة للنشر,Bereit zum Veröffentlichen,Listo para publicar,Prêt à publier,पब्लिश करने के लिए तैयार,Siap Dipublikasi,Pronta per la pubblicazione,公開準備完了,게시 준비 완료,Gotowe do opublikowania,Pronto para publicar,,พร้อมที่จะเผยแพร่,Yayınlamaya hazır,Sẵn Sàng Đăng,发布准备就绪,发布准备就绪,準備好發佈
Studio.R15Migrator.Summary.PublishMessage,,,<b>{experienceName}</b> was successfully published on {month}/{day}/{year} {hour}:{minute} {amPm},<b>{experienceName}</b> was successfully published on {month}/{day}/{year} {hour}:{minute} {amPm},تم نشر <b>{experienceName}</b> بنجاح في {month}/{day}/{year} {hour}:{minute} {amPm},<b>{experienceName}</b> wurde erfolgreich veröffentlicht am {day}/{month}/{year} {hour}:{minute} {amPm},<b>{experienceName}</b> se publicó correctamente el {day}/{month}/{year} {hour}:{minute} {amPm},<b>{experienceName}</b> a été publié avec succès sur {month}/{day}/{year} {hour}:{minute} {amPm},<b>{experienceName}</b> को {month}/{day}/{year} {hour}:{minute} {amPm} को पब्लिश किया गया,<b>{experienceName}</b> berhasil dipublikasikan pada {day}/{month}/{year} {hour}:{minute} {amPm},<b>{experienceName}</b> è stata pubblicata con successo su {month}/{day}/{year} {hour}:{minute} {amPm},<b>{experienceName}</b> を {year}/{month}/{day} {amPm}{hour}:{minute} に公開できました,<b>{experienceName}</b>(이)가 {year}/{month}/{day} {amPm} {hour}:{minute}에 게시되었습니다,Projekt <b>{experienceName}</b> został opublikowany {day}.{month}.{year} r. o godz. {hour}:{minute} {amPm},<b>{experienceName}</b> foi publicada com sucesso em {month}/{day}/{year} {hour}:{minute} {amPm},,<b>{experienceName}</b> ได้รับการเผยแพร่สำเร็จเมื่อวันที่ {day}/{month}/{year} เวลา {hour}:{minute} {amPm},"<b>{experienceName}</b>, başarıyla yayınlandı ({day}{month}{year} {hour}.{minute} {amPm})",<b>{experienceName}</b> đã được phát hành thành công vào {month}/{day}/{year} {hour}:{minute} {amPm},<b>{experienceName}</b> 已于 {month}/{day}/{year} {hour}:{minute} {amPm} 成功发布,<b>{experienceName}</b> 已于 {month}/{day}/{year} {hour}:{minute} {amPm} 成功发布,「<b>{experienceName}</b>」已成功於 {year} 年 {month} 月 {day} 日{amPm} {hour}:{minute} 發佈
Studio.R15Migrator.Summary.Publish,,,Publish,Publish,نشر,Veröffentlichen,Publicar,Publier,पब्लिश करें,Publikasi,Pubblica,公開,게시,Opublikuj,Publicar,,เผยแพร่,Yayınla,Đăng,发布,发布,發佈
Studio.R15Migrator.Summary.PM,,,PM,PM,مساءً,PM,p. m.,h - SOIR,अपराह्न,PM,PM,午後,오후,PM,PM,,PM,ÖS,CH,PM,PM,下午
Studio.R15Migrator.Summary.AM,,,AM,AM,صباحًا,AM,a. m.,h - MATIN,पूर्वाह्न,AM,AM,午前,오전,AM,AM,,AM,ÖÖ,SA,AM,AM,上午
Studio.R15Migrator.InitialFlow.OpenR15Copy,,,Open R15 Copy,Open R15 Copy,فتح نسخة R15,R15-Kopie öffnen,Abrir copia R15,Ouvrir la copie R15,R15 कॉपी खोलें,Buka Salinan R15,Apri copia R15,R15のコピーを開きます,R15 사본 열기,Otwórz kopię R15,Abrir cópia R15,,เปิดสำเนา R15,R15 kopyasını aç,Mở Bản Sao R15,打开 R15 副本,打开 R15 副本,開啟 R15 副本
Studio.R15Migrator.InitialFlow.Ready,,,{experienceName} is ready,{experienceName} is ready,{experienceName} جاهزة,{experienceName} ist bereit,{experienceName} está listo,{experienceName} est prêt,{experienceName} तैयार है,{experienceName} sudah siap,{experienceName} è pronta,{experienceName} の準備ができています,{experienceName}(이)가 준비되었습니다,Projekt {experienceName} jest gotowy,{experienceName} está pronto,,{experienceName} พร้อมแล้ว,{experienceName} hazır,{experienceName} đã sẵn sàng,{experienceName} 准备就绪,{experienceName} 准备就绪,「{experienceName}」已就緒
Studio.R15Migrator.InitialFlow.ExperienceGetStartedButtonR15,,,Make a Copy,Make a Copy,إنشاء نسخة,Kopie erstellen,Hacer una copia,Faire une copie,कॉपी बनाएँ,Buat Salinan,Crea una copia,コピーを作成,사본 만들기,Utwórz kopię,Fazer uma cópia,,สร้างสำเนา,Kopyasını yap,Tạo Bản Sao,制作副本,制作副本,製作副本
Studio.R15Migrator.InitialFlow.ExperienceInstructionsR6,,,Get started by making an R15 copy of this experience.,Get started by making an R15 copy of this experience.,ابدأ بإنشاء نسخة R15 من هذه التجربة.,Erstelle zunächst eine R15-Kopie dieser Experience.,Comienza haciendo una copia R15 de esta experiencia.,Commencer par faire une copie R15 de cette expérience.,इस एक्सपीरिएंस की R15 कॉपी बनाकर शुरुआत करें.,Mulai dengan membuat salinan R15 pengalaman virtual ini.,"Per iniziare, crea una copia R15 di questa esperienza.",このバーチャル空間のR15のコピーを作成することから始めましょう。,이 체험의 R15 사본을 만들어 작업을 시작하세요.,Zacznij od utworzenia kopii R15 tego projektu.,Comece fazendo uma cópia R15 desta experiência.,,เริ่มต้นโดยการสร้างสำเนา R15 ของประสบการณ์นี้,Deneyimin R15 bir kopyasını yaparak başla.,Bắt đầu bằng cách tạo một bản sao R15 của trải nghiệm này.,制作体验的 R15 副本，即可着手开始。,制作体验的 R15 副本，即可着手开始。,首先製作此體驗的 R15 副本。
Studio.R15Migrator.InitialFlow.ExperienceGetStartedButtonR6,,,Make R15 Copy,Make R15 Copy,إنشاء نسخة R15,R15-Kopie erstellen,Hacer copia R15,Faire une copie de R15,R15 कॉपी बनाएँ,Buat Salinan R15,Crea copia R15,R15のコピーを作成,R15 사본 만들기,Utwórz kopię R15,Faça uma cópia R15,,สร้างสำเนา R15,R15 kopyasını yap,Tạo Bản Sao R15,制作 R15 副本,制作 R15 副本,製作 R15 副本
Studio.R15Migrator.InitialFlow.R15OnlyMessage,,,<b>{experienceName}</b> is already an R15 experience,<b>{experienceName}</b> is already an R15 experience,<b>{experienceName}</b> هي تجربة R15 بالفعل,<b>{experienceName}</b> ist bereits eine R15-Experience.,<b>{experienceName}</b> ya es una experiencia R15,<b>{experienceName}</b> est déjà une expérience R15,<b>{experienceName}</b> यह पहले से ही एक R15 एक्सपीरिएंस है,<b>{experienceName}</b> sudah merupakan pengalaman virtual R15,<b>{experienceName}</b> è già un'esperienza R15,<b>{experienceName}</b> はすでにR15のバーチャル空間です,<b>{experienceName}</b>(은)는 이미 R15 체험입니다,Projekt <b>{experienceName}</b> jest już projektem R15,<b>{experienceName}</b> já é uma experiência R15,,<b>{experienceName}</b> เป็นประสบการณ์ R15 แล้ว,<b>{experienceName}</b> zaten R15 bir deneyim,<b>{experienceName}</b> đã là trải nghiệm R15 rồi,<b>{experienceName}</b> 已经是 R15 体验,<b>{experienceName}</b> 已经是 R15 体验,「<b>{experienceName}</b>」已是 R15 體驗
Studio.R15Migrator.InitialFlow.ExperienceExplanationR6,,,"<b>{experienceName}</b> is an R6 experience that must be converted to R15. \n Use this tool to bulk replace R6 characters, animations, and scripts with R15 versions. [link1]","<b>{experienceName}</b> is an R6 experience that must be converted to R15. \n Use this tool to bulk replace R6 characters, animations, and scripts with R15 versions. [link1]",<b>{experienceName}</b> عبارة عن تجربة R6 يجب تحويلها إلى R15. \n استخدم هذه الأداة لاستبدال الشخصيات والرسوم المتحركة والنصوص البرمجية من إصدار R6 بإصدارات R15 بشكل مُجمَّع. [link1],"<b>{experienceName}</b> ist eine R6-Experience, die in R15 konvertiert werden muss. \n Mit diesem Tool kannst du R6-Charaktere, -Animationen und -Skripte gesammelt durch ihre R15-Versionen ersetzen. [link1]","<b>{experienceName}</b> es una experiencia R6 que debe convertirse a R15. \n Utiliza esta herramienta para hacer un reemplazo masivo de personajes R6, animaciones y scripts con versiones R15. [link1]","<b>{experienceName}</b> est une expérience R6 qui doit être convertie en R15. \n Utiliser cet outil pour remplacer les caractères, animations et scripts R6 par les versions R15. [lien1]","<b>{experienceName}</b> R6 का एक्सपीरिएंस है जिसे R15 में बदलना होगा. \n R6 कैरेक्टर, ऐनिमेशन और स्क्रिप्ट को R15 वर्ज़न से बदलने के लिए, इस टूल का इस्तेमाल करें. [link1]","<b>{experienceName}</b> adalah pengalaman virtual R6 yang harus dikonversi menjadi R15. \n Gunakan alat ini untuk mengganti secara massal karakter, animasi, dan skrip R6 dengan versi R15. [link1]","<b>{experienceName}</b> è un'esperienza R6 che deve essere convertita in R15. \n Usa questo strumento per sostituire in blocco personaggi, animazioni e script R6 con versioni R15. [link1]",<b>{experienceName}</b> はR15に変換する必要があるR6のバーチャル空間です。\n R6のキャラクター、アニメーション、スクリプトをR15バージョンに一括置換するには、このツールを使用します。 [link1],"<b>{experienceName}</b>(은)는 반드시 R15로 변환해야 하는 R6 체험입니다. \n이 도구를 사용해 R6 캐릭터, 애니메이션, 스크립트를 R15 버전으로 일괄 교체하세요. [link1]","Projekt <b>{experienceName}</b> jest projektem R6, który należy przekonwertować na R15. \n Skorzystaj z tego narzędzia, aby zbiorczo przekonwertować postacie, animacje i skrypty R6 na wersje R15. [link1]","<b>{experienceName}</b> é uma experiência R6 que deve ser convertida para R15. Use esta ferramenta para substituir personagens, animações e scripts R6 por versões R15. [link1]",,<b>{experienceName}</b> คือประสบการณ์ R6 ที่ต้องได้รับการแปลงเป็น R15 \n ใช้เครื่องมือนี้ในการแทนที่หลายรายการตัวละคร แอนิเมชัน และสคริปต์ R6 ด้วย เวอร์ชัน R15 [link1],"<b>{experienceName}</b>, R15'e dönüştürülmesi gereken R6 bir deneyim. \nÇok sayıda R6 karakteri, animasyonu ve betiği R15 sürümleriyle topluca değiştirmek için bu aracı kullan. [link1]","<b>{experienceName}</b> là một trải nghiệm R6 và phải được chuyển đổi sang R15. \n Sử dụng công cụ này để thay thế hàng loạt các nhân vật, hiệu ứng động và kịch bản R6 bằng các phiên bản R15. [link1]",<b>{experienceName}</b> 是一种必须转换为 R15 的 R6 体验。使用此工具将 R6 字符、动画和脚本替换为 R15 版本。[链接 1],<b>{experienceName}</b> 是一种必须转换为 R15 的 R6 体验。使用此工具将 R6 字符、动画和脚本替换为 R15 版本。[链接 1],「<b>{experienceName}</b>」是必須轉換為 R15 的 R6 體驗。\n使用此工具來將 R6 角色、動畫和指令碼大量取代為 R15 版本。[link1]
Studio.R15Migrator.InitialFlow.ExperienceExplanationR15,,,"However, you can still use this tool to bulk replace remaining R6 characters, animations, and scripts with R15 versions. [link1]","However, you can still use this tool to bulk replace remaining R6 characters, animations, and scripts with R15 versions. [link1]",ومع ذلك، يظل بإمكانك استخدام هذه الأداة لاستبدال الشخصيات والرسوم المتحركة والنصوص البرمجية المتبقية من إصدار R6 بإصدارات R15 بشكل مُجمَّع. [link1],"Du kannst dieses Tool jedoch verwenden, um die verbleibenden R6-Charaktere, -Animationen und -Skripte gesammelt durch ihre R15-Versionen zu ersetzen. [link1]","Sin embargo, todavía puedes utilizar esta herramienta para reemplazar de forma masiva el resto de caracteres, animaciones y scripts R6 con versiones R15. [link1]","Cependant, tu peux toujours utiliser cet outil pour remplacer en masse les R6 caractères, les animations et les scripts restants avec les versions R15. [lien1]","हालाँकि, अभी भी इस टूल का इस्तेमाल बाकी R6 कैरेक्टर, ऐनिमेशन और स्क्रिप्ट को R15 वर्ज़न से बदलने के लिए किया जा सकता है. [link1]","Akan tetapi, kamu masih bisa menggunakan alat ini untuk mengganti secara massal karakter, animasi, dan skrip R6 yang tersisa dengan versi R15. [link1]","Tuttavia, puoi comunque utilizzare questo strumento per sostituire in blocco i personaggi, le animazioni e gli script R6 rimanenti con versioni R15. [link1]",しかし、このツールを使用して残りのR6のキャラクター、アニメーション、スクリプトをR15バージョンに一括置換できます。 [link1],"하지만 이 도구를 사용해 나머지 R6 캐릭터, 애니메이션, 스크립트를 R15 버전으로 일괄 교체할 수 있습니다. [link1]","Możesz nadal skorzystać z tego narzędzia, aby zbiorczo zamienić pozostałe postacie, animacje i skrypty R6 na wersje R15. [link1]","No entanto, você ainda pode usar esta ferramenta para substituir em massa caracteres R6, animações e scripts restantes por versões R15. [link1]",,อย่างไรก็ตาม คุณยังคงสามารถใช้เครื่องมือนี้ในการแทนที่หลายรายการตัวละคร แอนิเมชัน และสคริปต์ R6 ที่เหลืออยู่ด้วยเวอร์ชัน R15 ได้ [link1],"Yine de geriye kalan çok sayıda R6 karakteri, animasyonu ve betiği R15 sürümleriyle topluca değiştirmek için bu aracı kullanabilirsin. [link1]","Tuy nhiên, bạn vẫn có thể sử dụng công cụ này để thay thế hàng loạt các nhân vật, hiệu ứng động và kịch bản R6 còn lại bằng phiên bản R15. [link1]",但是，你依旧可以使用此工具将剩余 R6 字符、动画和脚本批量替换为 R15 版本。[链接 1],但是，你依旧可以使用此工具将剩余 R6 字符、动画和脚本批量替换为 R15 版本。[链接 1],然而，您仍可使用此工具將其餘的 R6 角色、動畫和指令碼大量取代為 R15 版本。[link1]
Studio.R15Migrator.InitialFlow.ExperienceInstructionsR15,,,Get started by making a copy of this experience.,Get started by making a copy of this experience.,ابدأ بإنشاء نسخة من هذه التجربة.,Erstelle zunächst eine R15-Kopie dieser Experience.,Comienza haciendo una copia de esta experiencia.,Commencer par faire une copie de cette expérience.,इस एक्सपीरिएंस की कॉपी बनाकर शुरुआत करें.,Mulai dengan membuat salinan pengalaman virtual ini.,"Per iniziare, crea una copia di questa esperienza.",このバーチャル空間のコピー作成から始めましょう。,이 체험의 사본을 만들어 작업을 시작하세요.,Zacznij od utworzenia kopii tego projektu.,Comece fazendo uma cópia R15 desta experiência.,,เริ่มต้นโดยการสร้างสำเนา R15 ของประสบการณ์นี้,Deneyimin bir kopyasını yaparak başla.,Bắt đầu bằng cách tạo một bản sao của trải nghiệm này.,制作体验副本，即可着手开始。,制作体验副本，即可着手开始。,首先製作此體驗的副本。
Studio.R15Migrator.InitialFlow.CopyR6Local,,,{experienceName}_R15,{experienceName}_R15,{experienceName}_R15,{experienceName}_R15,{experienceName}_R15,{experienceName}_R15,{experienceName}_R15,{experienceName}_R15,{experienceName}_R15,{experienceName}_R15,{experienceName}_R15,{experienceName}_R15,{experienceName}_R15,,{experienceName}_R15,{experienceName}_R15,{experienceName}_R15,{experienceName}_R15,{experienceName}_R15,{experienceName}_R15
Studio.R15Migrator.InitialFlow.CopyR15,,,{experienceName}_Copy,{experienceName}_Copy,{experienceName}_Copy,{experienceName}_Copy,{experienceName}_Copy,{experienceName}_Copie,{experienceName}_Copy,{experienceName}_Copy,{experienceName}_Copia,{experienceName}_Copy,{experienceName}_Copy,{experienceName}_kopia,{experienceName}_cópia,,{experienceName}_สำเนา,{experienceName}_Kopya,{experienceName}_Copy,{experienceName}_副本,{experienceName}_副本,{experienceName}_副本
Studio.R15Migrator.StatusTable.RevealInExplorer,,,Reveal in Explorer,Reveal in Explorer,كشف في المتصفح,Im Explorer anzeigen,Mostrar en Explorador,Révéler dans Explorateur,एक्सप्लोरर में दिखाएँ,Buka di Eksplorer,Mostra nell'Esploratore,エクスプローラで開示,탐색기에서 공개,Pokaż w eksploratorze,Revelar no Explorador,,เปิดเผยในการสำรวจ,Gezgin'de göster,Hiển thị trong Cửa Sổ Khám Phá,在浏览器中显示,在浏览器中显示,在總管中顯示
Studio.R15Migrator.AnimationPreview.PreviewSpeed,,,Speed,Speed,السرعة,Geschwindigkeit,Velocidad,Vitesse,गति,Kecepatan,Velocità,速度,속도,Szybkość,Velocidade,,ความเร็ว,Hız,Tốc Độ,速度,速度,速度
Studio.R15Migrator.InitialFlow.CreateNewR15Copy,,,Create New R15 Copy,Create New R15 Copy,إنشاء نسخة R15 جديدة,Neue R15-Kopie erstellen,Crear nueva copia R15,Créer une nouvelle copie de R15,नया R15 कॉपी क्रिएट करें,Buat Salinan R15 Baru,Crea nuova copia R15,新規のR15のコピーを作成,새로운 R15 사본 생성,Utwórz nową kopię R15,Criar nova cópia R15,,สร้างสำเนา R15 ใหม่,Yeni R15 kopyası oluştur,Tạo Bản Sao R15 Mới,创建新的 R15 副本,创建新的 R15 副本,建立新的 R15 副本
Studio.R15Migrator.ScriptPane.LineColumn,,,"Line {line:int}, Column {column:int}","Line {line:int}, Column {column:int}",السطر {line:int}، العمود {column:int},"Zeile {line:int}, Spalte {column:int}","Línea {line:int}, columna {column:int}","Ligne {line:int}, Colonne {column:int}","लाइन {line:int}, कॉलम {column:int}","Baris {line:int}, Kolom {column:int}","Riga {line:int}, colonna {column:int}",行 {line:int}、列 {column:int},"{line:int}줄, {column:int}열","Wiersz {line:int}, kolumna {column:int}","Linha {line:int}, Coluna {column:int}",,บรรทัด {line:int} คอลัมน์ {column:int},"Satır {line:int}, Sütun {column:int}","Dòng {line:int}, Cột {column:int}",第 {line:int} 行，第 {column:int} 列,第 {line:int} 行，第 {column:int} 列,第 {line:int} 行，第 {column:int} 欄
Studio.R15Migrator.ScriptPane.Unassigned,,,Unassigned,Unassigned,غير مُعيَّن,Nicht zugewiesen,No asignado,Non assigné,असाइन नहीं किया गया,Tidak ditetapkan,Non assegnato,未割り当て,할당 취소,Nie przypisano,Não atribuído,,ยังไม่ได้กำหนด,Atanmamış,Chưa được giao,未分配,未分配,未指定
Studio.R15Migrator.ScriptPane.NameTitle,,,Name,Name,الاسم,Name,Nombre,Nom,नाम,Nama,Nome,名前,이름,Nazwa,Nome,,ชื่อ,Ad,Tên,名称,名称,名稱
Studio.R15Migrator.ScriptPane.TypeTitle,,,Type,Type,النوع,Typ,Tipo,Type,टाइप,Tipe,Tipo,タイプ,유형,Typ,Tipo,,ประเภท,Tür,Loại,类型,类型,類型
Studio.R15Migrator.ScriptPane.R6Title,,,R6,R6,R6,R6,R6,4000,R6,R6,R6,R6,R6,R6,R6,,R6,R6,R6,R6,R6,R6
Studio.R15Migrator.ScriptPane.R15Title,,,R15,R15,R15,R15,R15,R15,R15,R15,R15,R15,R15,R15,R15,,R15,R15,R15,R15,R15,R15
Studio.R15Migrator.ScriptPane.Assigned,,,Assigned,Assigned,مُعيَّن,Zugewiesen,Asignado,Assigné,असाइन किया गया,Tetapkan,Assegnato,割り当て済み,지정됨,Przypisano,Atribuído,,กำหนดแล้ว,Atanmış,Đã Chỉ Định,已分配,已分配,已指定
Studio.R15Migrator.ScriptPane.SearchScripts,,,Search Scripts,Search Scripts,البحث في النصوص البرمجية,Skripte durchsuchen,Buscar scripts,Rechercher des scripts,स्क्रिप्ट्स सर्च करें,Cari Skrip,Cerca script,スクリプトをサーチ,스크립트 검색,Wyszukaj skrypty,Scripts de pesquisa,,ค้นหาสคริปต์,Betikleri ara,Tìm Kiếm Kịch Bản,搜索脚本,搜索脚本,搜尋指令碼
Studio.R15Migrator.ScriptPane.CollapseAll,,,Collapse all,Collapse all,طي الكل,Alle minimieren,Contraer todos,Tout Réduire,सभी को छोटा करें,Ciutkan semua,Comprimi tutto,すべて折り畳み,모두 축소,Zwiń wszystko,Recolher tudo,,ย่อทั้งหมด,Tümünü daralt,Thu Gọn Tất Cả,,,全部摺疊
Studio.R15Migrator.ScriptPane.ExpandAll,,,Expand all,Expand all,توسيع الكل,Alle erweitern,Ampliar todo,Tout afficher,सभी को बड़ा करें,Perluas semua,Ingrandisci tutto,すべて展開,모두 확장,Rozwiń wszystko,Expandir tudo,,ขยายทั้งหมด,Tümünü genişlet,Mở Rộng Tất Cả,,,全部展開
Studio.R15Migrator.Summary.TestAdaptedModeText,,,{adaptedText} Mode,{adaptedText} Mode,وضع {adaptedText},{adaptedText}-Modus,Modo {adaptedText},Mode {adaptedText},{adaptedText} मोड,Mode {adaptedText},Modalità {adaptedText},{adaptedText} モード,{adaptedText} 모드,Tryb {adaptedText},Modo {adaptedText},,โหมด {adaptedText},{adaptedText} Modu,Chế Độ {adaptedText},,,{adaptedText}模式
Studio.R15Migrator.Summary.NotReady,,,Not Ready,Not Ready,غير جاهزة,Nicht bereit,No está listo,Pas prêt,तैयार नहीं,Belum Siap,Non pronto,準備中,준비 안 됨,Nie ukończono,Não está pronto,,ไม่พร้อม,Hazır değil,Chưa Sẵn Sàng,,,未就緒
Studio.R15Migrator.Summary.PublishButtonText,,,Publish...,Publish...,نشر...,Veröffentlichen ...,Publicar...,Publier...,पब्लिश करें...,Publikasi...,Pubblica...,公開...,게시...,Opublikuj...,Publicar...,,เผยแพร่...,Yayınla...,Đăng Tải...,,,發佈……
Studio.R15Migrator.Summary.Complete,,,Complete,Complete,مكتملة,Abgeschlossen,Completado,Terminé,पूरा हुआ,Selesai,Completo,完了,완료,Ukończono,Concluído,,เสร็จสมบูรณ์,Tamamlandı,Hoàn Thành,,,完成
Studio.R15Migrator.ScriptPane.ShowInExplorer,,,Show in Explorer,Show in Explorer,عرض في المتصفح,Im Explorer anzeigen,Mostrar en Explorador,Afficher dans Explorer,एक्सप्लोरर में दिखाएँ,Tampilkan di Eksplorer,Mostra nell'Esploratore,エクスプローラで表示,탐색기에서 보기,Pokaż w eksploratorze,Mostrar no Explorador,,แสดงในการสำรวจ,Gezgin'de göster,Hiển thị trong Cửa Sổ Khám Phá,,,在總管中顯示
Studio.R15Migrator.ScriptPane.GoToScript,,,Go to Script,Go to Script,الانتقال إلى النص البرمجي,Gehe zu Skript,Ir a Script,Aller sur Script,स्क्रिप्ट पर जाएँ,Buka Skrip,Vai allo script,スクリプトへ移動,스크립트로 이동,Przejdź do skryptu,Ir para o script,,ไปยังสคริปต์,Betiğe git,Đi Đến Kịch Bản,,,前往指令碼
Studio.R15Migrator.ScriptPane.RevertScript,,,Revert script...,Revert script...,التراجع عن النص البرمجي...,Skript zurücksetzen...,Revertir script...,Rétablir le script...,स्क्रिप्ट रिवर्ट करें...,Kembalikan skrip...,Ripristina script...,スクリプトを元に戻す...,스크립트 되돌리기...,Przywróć skrypt...,Reverter script...,,แปลงกลับสคริปต์...,Betiği geri döndür...,Hoàn Lại Kịch Bản...,,,還原指令碼……
Studio.R15Migrator.ScriptPane.SelectAllSimilar,,,Select all similar issues,Select all similar issues,تحديد كل المشكلات المماثلة,Alle ähnlichen Probleme auswählen,Seleccionar todas las incidencias similares,Sélectionner tous les problèmes similaires,सभी मिलते-जुलते मामलों को चुनें,Pilih semua masalah serupa,Seleziona tutti i problemi simili,類似した問題をすべて選択,비슷한 문제 모두 선택,Zaznacz wszystkie podobne problemy,Selecione todas os problemas semelhantes,,เลือกปัญหาทั้งหมดที่คล้ายกัน,Benzer tüm sorunları seç,Chọn tất cả các vấn đề tương tự,,,選擇所有相似問題
Studio.R15Migrator.AnimationList.ShowInExplorer,,,Show in Explorer,Show in Explorer,عرض في المتصفح,Im Explorer anzeigen,Mostrar en Explorador,Afficher dans Explorer,एक्सप्लोरर में दिखाएँ,Tampilkan di Eksplorer,Mostra nell'Esploratore,エクスプローラで表示,탐색기에서 보기,Pokaż w eksploratorze,Mostrar no Explorador,,แสดงในการสำรวจ,Gezgin'de göster,Hiển thị trong Cửa Sổ Khám Phá,,,在總管中顯示
Studio.R15Migrator.AnimationList.ResetToAssignedR15Id,,,Reset to Assigned R15 ID,Reset to Assigned R15 ID,إعادة التعيين إلى معرّف R15 المُعيَّن,Zurücksetzen auf zugeordnete R15-ID,Restablecer al ID del R15 asignado,Réinitialiser à l'ID R15 attribuée,असाइन की गई R15 ID पर रीसेट करें,Reset ke ID R15 yang Ditetapkan,Ripristina ID R15 assegnato,割り当て済みの R15 IDにリセット,지정 R15 ID로 재설정,Zresetuj do przypisanego identyfikatora R15,Redefinir para a ID atribuída R15,,รีเซ็ตเป็น ID R15 ที่กำหนดแล้ว,Atanmış R15 kimliğine sıfırla,Đặt lại ID R15 được gán,,,重置為指定的 R15 ID
Studio.R15Migrator.AnimationList.OpenInKeyframeSequencer,,,Open in Keyframe Sequencer,Open in Keyframe Sequencer,فتح في أداة تسلسل الإطارات الرئيسية,In Keyframe-Sequenzer öffnen,Abrir en Secuenciador de fotogramas,Ouvrir dans le séquenceur Keyframe,कीफ़्रेम सीक्वेंसर में खोलें,Buka di Keyframe Sequencer,Apri in Sequenziatore Fotogramma chiave,キーフレームシーケンサーで開く,키 프레임 시퀀서에서 열기,Otwórz w sekwencerze klatek kluczowych,Abrir no sequenciador de quadros-chave,,เปิดเครื่องมือเรียงลำดับคีย์เฟรม,Anahtar Kare Sekanslayıcı'da aç,Mở trong Keyframe Sequencer,,,在關鍵格序列器中開啟
Studio.R15Migrator.AnimationList.NameColumn,,,Name,Name,الاسم,Name,Nombre,Nom,नाम,Nama,Nome,名前,이름,Nazwa,Nome,,ชื่อ,Ad,Tên,,,名稱
Studio.R15Migrator.AnimationList.OriginalColumn,,,R6 ID,R6 ID,مُعرِّف R6,R6-ID,ID de R6,IDENTIFIANT R6,R6 ID,ID R6,ID R6,R6 ID,R6 ID,Identyfikator R6,ID R6,,ID R6,R6 kimliği,ID R6,,,R6 ID
Studio.R15Migrator.AnimationList.ConvertedColumn,,,R15 ID,R15 ID,مُعرِّف R15,R15-ID,ID de R15,IDENTIFIANT R15,R15 ID,ID R15,ID R15,R15 ID,R15 ID,Identyfikator R15,ID R15,,ID R15,R15 kimliği,ID R15,,,R15 ID
