Key,Context,Example,Source,en-us,ar-001,de-de,es-es,fr-fr,hi-in,id-id,it-it,ja-jp,ko-kr,pl-pl,pt-br,ru-ru,th-th,tr-tr,vi-vn,zh-cjv,zh-cn,zh-tw
Studio.GameSettings.General.PluginName,,,Game Settings,Game Settings,إعدادات اللعبة,Spieleinstellungen,Configuración del juego,Paramètres jeu,गेम सेटिंग,Pengaturan Game,Impostazioni gioco,ゲームの設定,게임 설정,Ustawienia gry,Configurações do jogo,Настройки игры,การตั้งค่าเกม,Oyun Ayarları,Cài Đặt Trò Chơi,游戏设置,游戏设置,遊戲設定
Studio.GameSettings.General.PluginDescription,,,Update settings related to current game,Update settings related to current game,تحديث الإعدادات المتعلقة باللعبة الحالية,Einstellungen für aktuelles Spiel aktualisieren,Actualizar configuración relacionada al juego actual,Mettre à jour les paramètres relatifs au jeu en cours,मौजूदा गेम से संबंधित सेटिंग अपडेट करें,Update pengaturan terkait game saat ini,Aggiorna le impostazioni del gioco attuale,現在のゲームに関連した設定を更新,현재 게임과 관련된 설정 업데이트,Zaktualizuj ustawienia związane z bieżącą grą,Atualizar as configurações relativas ao jogo atual,Обновить настройки текущей игры,อัปเดตการตั้งค่าที่เกี่ยวข้องกับเกมปัจจุบัน,Mevcut oyunla ilgili ayarları güncelle,Cập nhật cài đặt liên quan đến trò chơi hiện tại,更新当前游戏的相关设置,更新当前游戏的相关设置,更新與目前遊戲相關的設定
Studio.GameSettings.General.SettingOn,,,On,On,تشغيل,Ein,Activado,Activé,चालू है,Nyala,Attivato,有効化,켜기,Wł.,Ligado,Вкл.,เปิด,Açık,Bật,开启,开启,開啟
Studio.GameSettings.General.SettingOff,,,Off,Off,تعطيل,Aus,Desactivado,Désactivé,बंद है,Mati,Disattivato,オフ,끄기,Wył.,Desligado,Выкл.,ปิด,Kapalı,Tắt,关闭,关闭,關閉
Studio.GameSettings.General.ReplyYes,,,Yes,Yes,نعم,Ja,Sí,Oui,हाँ,Ya,Sì,はい,예,Tak,Sim,Да,ใช่,Evet,Có,是,是,是
Studio.GameSettings.General.ReplyNo,,,No,No,لا,Nein,No,Non,नहीं,Tidak,No,いいえ,아니요,Nie,Não,Нет,ไม่,Hayır,Không,否,否,否
Studio.GameSettings.General.ReplyOK,,,OK,OK,موافق,OK,Está bien,OK,ठीक है,OK,OK,OK,확인,OK,OK,ОК,ตกลง,Tamam,OK,确认,确认,確定
Studio.GameSettings.General.ReplyAgree,,,Agree,Agree,موافق,Zustimmen,Estoy de acuerdo,Accepter,सहमत,Setuju,Accetto,同意する,동의,Zgadzam się,Concordar,Принять,ยอมรับ,Kabul et,Đồng Ý,同意,同意,同意
Studio.GameSettings.General.ReplyDisagree,,,Disagree,Disagree,لا أوافق,Ablehnen,Estoy en desacuerdo,Refuser,असहमत,Tidak Setuju,Non accetto,同意しない,비동의,Nie zgadzam się,Discordar,Отклонить,ไม่ยอมรับ,Reddet,Không Đồng Ý,不同意,不同意,不同意
Studio.GameSettings.General.ButtonSave,,,Save,Save,حفظ,Speichern,Guardar,Enregistrer,सेव करें,Simpan,Salva,保存,저장,Zapisz,Salvar,Сохранить,บันทึก,Kaydet,Lưu,保存,保存,儲存
Studio.GameSettings.General.ButtonCancel,,,Cancel,Cancel,إلغاء,Abbrechen,Cancelar,Annuler,कैंसिल करें,Batalkan,Annulla,キャンセル,취소,Anuluj,Cancelar,Отмена,ยกเลิก,İptal,Hủy Bỏ,取消,取消,取消
Studio.GameSettings.General.ButtonDiscard,,,Discard,Discard,تجاهل,Verwerfen,Descartar,Supprimer,खारिज करें,Hapus,Elimina,破棄,제거,Odrzuć,Descartar,Сбросить,ยกเลิก,Vazgeç,Loại Bỏ,丢弃,丢弃,捨棄
Studio.GameSettings.General.CategoryBasicInfo,,,Basic Info,Basic Info,معلومات أساسية,Grundlegende Infos,Información básica,Infos de base,बुनियादी जानकारी,Info Dasar,Informazioni di base,基本情報,기본 정보,Podstawowe informacje,Informações básicas,Основные сведения,ข้อมูลพื้นฐาน,Temel Bilgiler,Thông Tin Cơ Bản,基础信息,基础信息,基本資訊
Studio.GameSettings.General.CategoryAvatar,,,Avatar,Avatar,أفاتار,Avatar,Avatar,Avatar,अवतार,Avatar,Avatar,アバター,아바타,Awatar,Avatar,Аватар,อวาตาร์,Avatar,Avatar,虚拟形象,虚拟形象,虛擬人偶
Studio.GameSettings.General.CategoryWorld,,,World,World,العالم,Welt,Mundo,Monde,दुनिया,Dunia,Mondo,世界,월드,Świat,Mundo,Мир,โลก,Dünya,Thế Giới,世界,世界,世界
Studio.GameSettings.General.CategoryOptions,,,Options,Options,الخيارات,Optionen,Opciones,Options,ऑप्शन,Opsi,Opzioni,オプション,옵션,Opcje,Opções,Параметры,ตัวเลือก,Seçenekler,Tùy Chọn,选项,选项,選項
Studio.GameSettings.General.TitleName,,,Name,Name,الاسم,Name,Nombre,Nom,नाम,Nama,Nome,名前,이름,Nazwa,Nome,Имя,ชื่อ,Ad,Tên,名称,名称,名稱
Studio.GameSettings.General.TitleDescription,,,Description,Description,الوصف,Beschreibung,Descripción,Description,विवरण,Deskripsi,Descrizione,説明,설명,Opis,Descrição,Описание,คำอธิบาย,Açıklama,Mô Tả,描述,描述,說明
Studio.GameSettings.General.TitlePlayability,,,Playability,Playability,قابلية اللعب,Spielbarkeit,Jugabilidad,Jouabilité,खेलने की योग्यता,Bisa Dimainkan,Giocabilità,プレイヤビリティ,플레이 가능 여부,Możliwość grania,Jogabilidade,Играемость,สิทธิ์ในการเล่น,Oynanabilirlik,Khả năng chơi,游戏受众,游戏受众,權限
Studio.GameSettings.General.TitleGameIcon,,,Game Icon,Game Icon,أيقونة اللعبة,Spielsymbol,Ícono del juego,Icône jeu,गेम का आइकॉन,Ikon Game,Icona di gioco,ゲームアイコン,게임 아이콘,Ikona gry,Ícone do jogo,Значок игры,ไอคอนเกม,Oyun Simgesi,Biểu Tượng Trò Chơi,游戏图标,游戏图标,遊戲圖示
Studio.GameSettings.General.TitleThumbnails,,,Screenshots & Videos,Screenshots & Videos,لقطات الشاشة ومقاطع الفيديو,Screenshots und Videos,Capturas de pantalla y videos,Captures d'écran et vidéos,स्क्रीनशॉट और वीडियो,Screenshot & Video,Screenshot e video,スクリーンショットとビデオ,스크린샷 및 동영상,Zrzuty ekranu i filmy,Capturas de tela e vídeos,Скриншоты и видео,ภาพถ่ายหน้าจอ & วิดีโอ,Ekran Görüntüleri ve Videolar,Ảnh Chụp Màn Hình & Video,截图和视频,截图和视频,截圖與影片
Studio.GameSettings.General.TitleGenre,,,Genre,Genre,نوع التجربة,Genre,Género,Genre,कैटगरी,Genre,Genere,ジャンル,장르,Gatunek,Gênero,Жанр,ประเภท,Tür,Thể Loại,类型,类型,類別
Studio.GameSettings.General.TitleDevices,,,Playable Devices,Playable Devices,الأجهزة القابلة للتشغيل,Spielfähige Geräte,Dispositivos jugables,Appareils utilisables,खेलने लायक डिवाइस,Perangkat yang Bisa Dimainkan,Dispositivi giocabili,プレイできるデバイス,플레이 가능 기기,Obsługiwane urządzenia,Dispositivos jogáveis,Устройства для воспроизведения,อุปกรณ์ที่สามารถเล่นได้,Oynanabilir Cihazlar,Thiết Bị Chơi Được,可玩设备,可玩设备,可玩裝置
Studio.GameSettings.General.TitleHttp,,,Allow HTTP Requests,Allow HTTP Requests,السماح بطلبات HTTP,HTTP-Anfragen zulassen,Permitir las solicitudes HTTP,Autoriser les requêtes HTTP,HTTP रिक्वेस्ट की अनुमति दें,Izinkan Permintaan HTTP,Consenti richieste HTTP,HTTP要求を許可,HTTP 요청 허용,Zezwalaj na żądania HTTP,Permitir solicitações HTTP,Разрешить HTTP-запросы,อนุญาตให้มีการร้องขอ HTTP,HTTP isteklerine izin ver,Cho Phép Yêu Cầu HTTP,允许 HTTP 请求,允许 HTTP 请求,允許 HTTP 請求
Studio.GameSettings.General.TitleStudioApiServices,,,Enable Studio Access to API Services,Enable Studio Access to API Services,تمكين وصول Studio إلى خدمات API,Zugriff auf API-Dienste für Studio aktivieren,Activar el acceso de Studio a los servicios API,Permettre à Studio d'accéder aux services API,API सेवाओं का Studio ऐक्सेस चालू करें,Aktifkan Akses Studio ke Layanan API,Consenti a Studio di accedere ai servizi API,StudioのAPIサービスへのアクセスを有効化,Studio의 API 서비스 이용 활성화,Przydziel aplikacji Studio dostęp do usług API,Permitir acesso do Studio aos serviços API,Включить доступ к API-службам,เปิดใช้งานการเข้าถึง Studio ให้แก่บริการ API,Studio'ya API hizmetlerine erişim izni ver,Cho Phép Studio Truy Cập Dịch Vụ API,允许 Studio 访问 API 服务,允许 Studio 访问 API 服务,啟用 API 服務的 Studio 功能
Studio.GameSettings.General.PlayabilityHeader,,,Who can play this game?,Who can play this game?,مَن يمكنه تشغيل هذه اللعبة؟,Wer kann dieses Spiel spielen?,¿Quién puede jugar a este juego?,Qui peut jouer à ce jeu ?,यह गेम कौन खेल सकता है?,Siapa yang bisa memainkan game ini?,Chi può giocare?,このゲームをプレイできる人。,플레이어 허용 범위를 선택하세요.,Kto może grać w tę grę?,Quem pode jogar este jogo?,Кто может играть в эту игру?,ใครที่สามารถเล่นเกมนี้ได้บ้าง?,Oyunu kimler oynayabilir?,Ai có thể chơi trò chơi này?,谁可以玩这个游戏?,谁可以玩这个游戏?,誰可以玩這個遊戲？
Studio.GameSettings.General.PlayabilityPublic,,,Public,Public,عامّ,Öffentlich,Público,Public,पब्लिक,Publik,Pubblico,公開,공개,Publiczne,Público,Общедоступная,สาธารณะ,Herkese açık,Công Khai,公开,公开,公開
Studio.GameSettings.General.PlayabilityGroup,,,Group Members,Group Members,أعضاء المجموعة,Gruppenmitglieder,Miembros del grupo,Membres du groupe,ग्रुप मेंबर्स,Anggota Grup,Membri del gruppo,グループメンバー,그룹 멤버,Członkowie grupy,Membros do grupo,Состав группы,สมาชิกกลุ่ม,Grup üyeleri,Thành Viên Nhóm,群组成员,群组成员,群組成員
Studio.GameSettings.General.PlayabilityFriends,,,Friends,Friends,الأصدقاء,Freunde,Amigos,Amis,फ़्रेंड्स,Teman,Amici,友達,친구,Znajomi,Amigos,Друзья,เพื่อน,Arkadaşlar,Bạn Bè,好友,好友,好友
Studio.GameSettings.General.PlayabilityPrivate,,,Private,Private,خاص,Privat,Privado,Privé,प्राइवेट,Privat,Privato,非公開,비공개,Prywatne,Privado,Закрытая игра,ส่วนตัว,Özel,Riêng Tư,私人,私人,私人
Studio.GameSettings.General.PlayabilityPublicDesc,,,Anyone on Roblox,Anyone on Roblox,أي شخص على Roblox,Jeder auf Roblox,Cualquier persona en Roblox,Tout le monde sur Roblox,Roblox पर कोई भी,Semua orang di Roblox,Chiunque su Roblox,Roblox上の誰でも,Roblox의 누구든 가능,Każdy na platformie Roblox,Qualquer pessoa na Roblox,Пользователи Roblox,ทุกคนใน Roblox,Roblox'taki herkes,Bất cứ ai trên Roblox,Roblox 上的所有玩家,Roblox 上的所有玩家,Roblox 上的所有人
Studio.GameSettings.General.PlayabilityGroupDesc,,,Members of {group},Members of {group},أعضاء {group},Gruppenmitglieder von {group},Miembros de {group},Membres de {group},{group} के मेंबर्स,Anggota {group},Membri di {group},{group} のメンバー,{group} 그룹 멤버,Członkowie grupy {group},Membros de {group},Участники группы {group},สมาชิกของ {group},{group} üyeleri,Thành viên của {group},{group}的成员,{group}的成员,{group} 的成員
Studio.GameSettings.General.PlayabilityFriendsDesc,,,Friends on Roblox,Friends on Roblox,الأصدقاء على Roblox,Freunde auf Roblox,Amigos en Roblox,Amis sur Roblox,Roblox पर फ़्रेंड्स,Teman di Roblox,Amici su Roblox,Roblox上の友達,내 Roblox 친구만 가능,Znajomi na platformie Roblox,Amigos na Roblox,Друзья-пользователи Roblox,เพื่อนใน Roblox,Roblox'taki arkadaşlar,Bạn bè trên Roblox,Roblox 上的好友,Roblox 上的好友,Roblox 上的好友
Studio.GameSettings.General.PlayabilityPrivateDesc,,,Only developers of this game,Only developers of this game,مطورو هذه اللعبة فقط,Nur Entwickler dieses Spiels,Solo los desarrolladores de este juego,Seulement les développeurs de ce jeu,सिर्फ़ इस गेम के डेवलपर,Hanya developer game ini,Solo gli sviluppatori di questo gioco,このゲームの開発者のみ,이 게임의 개발자만 가능,Tylko deweloperzy tej gry,Apenas os desenvolvedores deste jogo,Только разработчики этой игры,เฉพาะผู้พัฒนาเกมนี้เท่านั้น,Yalnızca oyunun geliştiricileri,Chỉ các nhà phát triển của trò chơi này,仅开放给此游戏的开发人员,仅开放给此游戏的开发人员,只有本遊戲的開發者
Studio.GameSettings.General.GameIconHint,,,Acceptable files: {fileTypes}{newline}Recommended resolution: 512 x 512,Acceptable files: {fileTypes}{newline}Recommended resolution: 512 x 512,الملفات المقبولة: {fileTypes}{newline}الدقة الموصى بها: 512 × 512,Zulässige Dateien: {fileTypes}{newline}Empfohlene Auflösung: 512 x 512,Archivos aceptables: {fileTypes}{newline} Resolución recomendada: 512x512,Fichiers acceptés : {fileTypes}{newline}Résolution conseillée : 512 x 512,स्वीकार करने लायक फ़ाइलें: {fileTypes}{newline}सुझाया गया रिज़ॉल्यूशन: 512 x 512,File yang diterima: {fileTypes}{newline}Rekomendasi resolusi: 512 x 512,File supportati: {fileTypes}{newline}Risoluzione consigliata: 512 x 512,許容可能なファイル: {fileTypes}{newline}推奨解像度: 512 x 512,허용 파일: {fileTypes}{newline}권장 해상도: 512 x 512,Akceptowane pliki: {fileTypes}{newline}Zalecana rozdzielczość: 512 x 512,Arquivos aceitáveis: {fileTypes}{newline}Resolução recomendada: 512 x 512,Допустимые файлы: {fileTypes}{newline}Рекомендуемое разрешение: 512 x 512,ไฟล์ที่ยอมรับได้: {fileTypes}{newline}ความละเอียดที่แนะนํา: 512 x 512,Kabul edilen dosyalar:{fileTypes}{newline}Önerilen çözünürlük: 512 x 512,Tệp được chấp nhận: {fileTypes}{newline}Độ phân giải đề xuất: 512 x 512,可接受的文件: {fileTypes}{newline}建议的分辨率: 512 x 512,可接受的文件: {fileTypes}{newline}建议的分辨率: 512 x 512,可以接受的檔案：{fileTypes}{newline}建議解析度：512 x 512
Studio.GameSettings.General.GameIconModeration,,,Image will be reviewed by moderators before being made visible to other users,Image will be reviewed by moderators before being made visible to other users,سيراجع المشرفون الصورة قبل إظهارها للمستخدمين الآخرين,"Bild wird vom Moderationsteam überprüft, bevor es anderen Benutzern angezeigt wird",La imagen será revisada por los moderadores antes de hacerse visible para otros usuarios,L'image sera examinée par les modérateurs avant d'être visible par les autres joueurs.,"दूसरे यूज़र को दिखाने से पहले मॉडरेटर, अपलोड किए गए इमेज को रिव्यू करेंगे",Gambar akan di-review oleh moderator sebelum ditampilkan kepada pengguna lainnya,L'immagine sarà valutata dai moderatori prima di essere resa visibile agli altri utenti,画像は、他のユーザーに表示される前に内容審査スタッフによってレビューされます。,이미지는 검열팀의 검토가 끝난 후에 다른 사용자들에게 공개됩니다.,"Zanim inni użytkownicy zobaczą ten obraz, zostanie on sprawdzony przez moderatorów",A imagem será revisada por moderadores antes de ser disponibilizada para outros usuários,"Изображение будет рассмотрено модераторами перед тем, как его увидят другие пользователи.",ภาพจะได้รับการตรวจสอบโดยผู้กลั่นกรองก่อนที่จะแสดงให้ผู้ใช้งานคนอื่นห็น,Görsel diğer kullanıcılara görünür hâle getirilmeden önce denetimciler tarafından incelenecek,Người kiểm duyệt sẽ đánh giá hình ảnh trước khi hiển thị cho người dùng khác xem,图片将由协调员审查，然后再对其他用户开放显示,图片将由协调员审查，然后再对其他用户开放显示,圖像將交由管理員審查後方得供其他使用者檢視
Studio.GameSettings.General.GameIconTutorial,,,New to making icons? Check out the Icon Tutorial.,New to making icons? Check out the Icon Tutorial.,هل أنت جديد في مجال إنشاء الأيقونات؟ تحقَّق من البرنامج التعليمي حول الأيقونات.,Neu beim Erstellen von Symbolen? Schau dir das Tutorial zu Symbolen an.,¿Nunca has creado un ícono? Revisa el Tutorial de ícono.,Tu débutes dans la création d'icônes ? Consultez le didacticiel correspondant.,पहली बार आइकॉन बना रहे हैं? आइकॉन ट्यूटोरियल देखें.,Belum pernah membuat ikon? Lihat Tutorial Ikon.,È la prima volta che crei un'icona? Dai un'occhiata al tutorial sulle icone.,アイコン制作は初めてですか。アイコンチュートリアルをご覧ください。,아이콘을 처음 만드시나요? 아이콘 튜토리얼을 확인하세요.,Tworzysz ikony po raz pierwszy? Zajrzyj do samouczka na temat ikon.,Aprendendo a fazer ícones? Confira o tutorial de ícones.,Учитесь делать значки? Ознакомьтесь с руководством по созданию значков.,เพิ่งเคยสร้างไอคอนใช่ไหม? ดูคู่มือการใช้งานไอคอนได้เลย,Simge oluşturmada yeni misin? Simge öğreticiye göz at.,Bạn đang tập tạo biểu tượng? Xem Hướng Dẫn về Biểu Tượng.,不熟悉制作图标吗? 来看看图标教程吧。,不熟悉制作图标吗? 来看看图标教程吧。,不熟悉製作圖示嗎？請看看圖示教學吧。
Studio.GameSettings.General.GameIconChange,,,Change,Change,تغيير,Ändern,Cambio,Modifier,बदलें,Ubah,Cambia,変更,변경,Zmień,Modificar,Изменить,เปลี่ยน,Değiştir,Thay Đổi,更改,更改,變更
Studio.GameSettings.General.ThumbnailsLimit,,,You can set up to {maxThumbnails:int} screenshots and YouTube videos for a game.,You can set up to {maxThumbnails:int} screenshots and YouTube videos for a game.,يمكنك إعداد ما يصل إلى {maxThumbnails:int} من لقطات الشاشة ومقاطع الفيديو على YouTube لكل لعبة.,Du kannst bis zu {maxThumbnails:int} Screenshots und YouTube-Videos für ein Spiel festlegen.,Puedes definir hasta un máximo de {maxThumbnails:int} capturas de pantalla y videos de YouTube para un juego.,Tu peux configurer un maximum de {maxThumbnails:int} captures d'écran et vidéos YouTube pour un jeu.,किसी गेम के लिए {maxThumbnails:int} स्क्रीनशॉट और YouTube वीडियो सेट अप किए जा सकते हैं.,Kamu dapat meletakkan maksimal {maxThumbnails:int} screenshot dan video YouTube untuk game.,Puoi impostare fino a {maxThumbnails:int} screenshot e video YouTube per un gioco.,一つのゲームにつき {maxThumbnails:int} 件までのスクリーンショットとYouTubeビデオを設定できます。,스크린샷 및 YouTube 동영상은 게임당 최대 {maxThumbnails:int}개까지 설정할 수 있습니다.,Dla jednej gry możesz ustawić do {maxThumbnails:int} zrzutów ekranu i filmów w serwisie YouTube.,É possível definir até {maxThumbnails:int} capturas de tela e vídeos do YouTube para um jogo.,Укажите допустимое для игры количество скриншотов (до {maxThumbnails:int}) и видеороликов для YouTube.,คุณสามารถกำหนดภาพถ่ายหน้าจอและ YouTube ได้สูงสุด {maxThumbnails:int} รายการสำหรับเกม,Bir oyun için {maxThumbnails:int} ekran görüntüsüne ve YouTube videosuna kadar seçebilirsin.,Bạn có thể thiết lập lên đến {maxThumbnails:int} ảnh chụp màn hình và video YouTube cho một trò chơi.,一个游戏最多可设置 {maxThumbnails:int} 组屏幕截图和 YouTube 视频。,一个游戏最多可设置 {maxThumbnails:int} 组屏幕截图和 YouTube 视频。,你最多可以替一個遊戲設定 {maxThumbnails:int} 個截圖和 YouTube 影片。
Studio.GameSettings.General.ThumbnailsHint,,,Acceptable image files: {fileTypes} | Recommended resolution: 1920 x 1080,Acceptable image files: {fileTypes} | Recommended resolution: 1920 x 1080,ملفات الصور المقبولة: {fileTypes} | الدقة الموصى بها: 1920 × 1080,Zulässige Bilddateien: {fileTypes} | Empfohlene Auflösung: 1920 x 1080,Archivos de imágenes aceptables: {fileTypes} | Resolución recomendada: 1920x1080,Fichiers images acceptés : {fileTypes} | Résolution conseillée : 1920 x 1080,स्वीकार करने लायक इमेज फ़ाइलें: {fileTypes} | सुझाया गया रिज़ॉल्यूशन: 1920 x 1080,File gambar yang diterima: {fileTypes} | Rekomendasi resolusi: 1920 x 1080,File immagine supportati: {fileTypes} | Risoluzione consigliata: 1920 x 1080,許容可能な画像ファイル: {fileTypes} | 推奨解像度: 1920 x 1080,허용 이미지 파일: {fileTypes} | 권장 해상도: 1920 x 1080,Akceptowane pliki: {fileTypes} | Zalecana rozdzielczość: 1920 x 1080,Arquivos de imagem aceitáveis: {fileTypes} | Resolução recomendada: 1920 x 1080,Допустимые файлы изображений: {fileTypes} |Рекомендуемое разрешение: 1920 x 1080,ไฟล์ภาพที่ยอมรับได้: {fileTypes} | ความละเอียดที่แนะนำ: 1920 x 1080,Kabul edilen görsel dosyalar: {fileTypes} | Önerilen çözünürlük: 1920 x 1080,Tệp ảnh được chấp nhận: {fileTypes} | Độ phân giải đề xuất: 1920 x 1080,可接受的图片文件: {fileTypes} | 建议的分辨率: 1920 x 1080,可接受的图片文件: {fileTypes} | 建议的分辨率: 1920 x 1080,可以接受的圖像檔案：{fileTypes} | 建議解析度：1920 x 1080
Studio.GameSettings.General.ThumbnailsModeration,,,Items will be reviewed by moderators before being made visible to other users.,Items will be reviewed by moderators before being made visible to other users.,سيراجع المشرفون العناصر قبل إظهارها للمستخدمين الآخرين.,"Artikel werden vom Moderationsteam überprüft, bevor sie anderen Benutzern angezeigt werden.",Los objetos serán revisados por los moderadores antes de hacerse visibles para otros usuarios.,Les éléments seront examinés par les modérateurs avant d'être visibles par les autres joueurs.,"दूसरे यूज़र को दिखाने से पहले मॉडरेटर, आइटम को रिव्यू करेंगे",Item akan di-review oleh moderator sebelum ditampilkan kepada pengguna lainnya.,Gli oggetti saranno valutati dai moderatori prima di essere resi visibili agli altri utenti.,アイテムは、他のユーザーに表示される前に内容審査スタッフによってレビューされます。,아이템은 검열팀의 검토가 끝난 후에 다른 사용자들에게 공개됩니다.,"Zanim inni użytkownicy zobaczą te przedmioty, zostaną one sprawdzone przez moderatorów.",Os itens serão revisados por moderadores antes de ser disponibilizados para outros usuários.,"Элементы будут рассмотрены модераторами, прежде чем их увидят другие пользователи.",รายการต่างๆ จะได้รับการตรวจสอบโดยผู้กลั่นกรองก่อนที่จะแสดงให้ผู้ใช้คนอื่นเห็น,"Öğeler, diğer kullanıcılara görünür hâle getirilmeden önce denetimciler tarafından incelenecek.",Người kiểm duyệt sẽ đánh giá vật phẩm trước khi hiển thị cho người dùng khác xem.,项目会在协调员审查后，再对其他用户开放。,项目会在协调员审查后，再对其他用户开放。,項目將交由管理員審查後方得供其他使用者檢視
Studio.GameSettings.General.ThumbnailsCount,,,Up to {maxThumbnails:int} items,Up to {maxThumbnails:int} items,ما يصل إلى {maxThumbnails:int} من العناصر,Bis zu {maxThumbnails:int} Elemente,Hasta {maxThumbnails:int} objetos,{maxThumbnails:int} objets max,ज़्यादा से ज़्यादा {maxThumbnails:int} आइटम,Hingga {maxThumbnails:int} item,Fino a {maxThumbnails:int} oggetti,最大{maxThumbnails:int}個のアイテムまで,최대 {maxThumbnails:int}개 가능,Do {maxThumbnails:int} przedmiotów,Até {maxThumbnails:int} itens,До {maxThumbnails:int} элементов,สูงสุด {maxThumbnails:int} รายการ,En fazla {maxThumbnails:int} öğe,Lên đến {maxThumbnails:int} vật phẩm,最多 {maxThumbnails:int} 个项目,最多 {maxThumbnails:int} 个项目,最多 {maxThumbnails:int} 個項目
Studio.GameSettings.General.ImagePreview,,,Preview,Preview,معاينة,Vorschau,Vista previa,Aperçu,प्रीव्यू,Preview,Anteprima,プレビュー,미리 보기,Podgląd,Prévia,Предварительный просмотр,ดูตัวอย่าง,Ön izleme,Xem Trước,预览,预览,預覽
Studio.GameSettings.General.ImageReview,,,In Review,In Review,قيد المراجعة,In Überprüfung,En revisión,En cours d'examen,रिव्यू हो रहा है,Sedang Di-review,In fase di revisione,レビュー中,검토 중,Rozpatrywanie,Sob revisão,На рассмотрении,อยู่ในระหว่างการตรวจสอบ,İnceleniyor,Đang Chờ Đánh Giá,审核中,审核中,審查中
Studio.GameSettings.General.GenreAll,,,All,All,الكل,Alle,Todos,Tous,सभी,Semua,Tutto,すべて,전체,Wszystko,Todos,Все,ทั้งหมด,Tümü,Tất Cả,全部,全部,全部
Studio.GameSettings.General.GenreAdventure,,,Adventure,Adventure,مغامرات,Abenteuer,Aventura,Aventure,एडवेंचर,Petualangan,Avventura,アドベンチャー,모험,Przygodowe,Aventura,Приключения,ผจญภัย,Macera,Phiêu Lưu,冒险,冒险,冒險
Studio.GameSettings.General.GenreBuilding,,,Building,Building,بناء,Bauen,Construcción,Construction,बिल्डिंग,Berkreasi,Edificio,建築,건설,Budowanie,Construção,Постройки,ก่อสร้าง,İnşa Etme,Xây Dựng,建筑,建筑,建築
Studio.GameSettings.General.GenreComedy,,,Comedy,Comedy,كوميديا,Comedy,Comedia,Humour,कॉमेडी,Komedi,Commedia,コメディ,코미디,Komediowe,Comédia,Комедия,ตลก,Komedi,Hài Hước,喜剧,喜剧,喜劇
Studio.GameSettings.General.GenreFighting,,,Fighting,Fighting,قتال,Kampf,Lucha,Combat,फ़ाइटिंग,Pertarungan,Combattimento,格闘,격투,Bijatyki,Luta,Файтинг,ต่อสู้,Dövüş,Chiến Đấu,格斗,格斗,格鬥
Studio.GameSettings.General.GenreFPS,,,FPS,FPS,FPS,Ego-Shooter,FPS,Tir subjectif,FPS,FPS,FPS,FPS,FPS,Strzelanki FPS,FPS,Шутер от первого лица,ยิงมุมมองบุคคลที่หนึ่ง,FPS,FPS,第一人称射击,第一人称射击,第一人稱射擊
Studio.GameSettings.General.GenreHorror,,,Horror,Horror,رعب,Horror,Horror,Horreur,हॉरर,Horor,Horror,ホラー,공포,Horror,Horror,Хоррор,สยองขวัญ,Korku,Kinh Dị,恐怖,恐怖,恐怖
Studio.GameSettings.General.GenreMedieval,,,Medieval,Medieval,العصور الوسطى,Mittelalter,Medieval,Médiéval,मेडीवल,Abad Pertengahan,Medievale,中世,중세,Osadzone w średniowieczu,Medieval,Средневековье,ยุคกลาง,Orta Çağ,Trung Cổ,中世纪,中世纪,中世紀
Studio.GameSettings.General.GenreMilitary,,,Military,Military,عسكري,Militär,Militar,Militaire,मिलिट्री,Militer,Militare,ミリタリー,군사,Wojenne,Militar,Войнушка,ทหาร,Askerî,Quân Đội,军事,军事,軍事
Studio.GameSettings.General.GenreNaval,,,Naval,Naval,بحري,Seefahrt,Naval,Naval,नेवल,Perang Kapal Laut,Navale,海軍,해군,Morskie,Naval,Морской флот,เกี่ยวกับเรือ,Denizcilik,Hải Quân,海军,海军,海事
Studio.GameSettings.General.GenreRPG,,,RPG,RPG,تقمّص الشخصيات,Rollenspiel,RPG,Jeu de rôle,RPG,RPG,GDR,RPG,RPG,RPG,RPG,Ролевая игра,สวมบทบาท,Rol Yapma Oyunu,RPG,角色扮演,角色扮演,角色扮演
Studio.GameSettings.General.GenreSciFi,,,Sci-Fi,Sci-Fi,خيال علمي,Sci-Fi,Ciencia-ficción,SF,साइंस फ़िक्शन,Sci-Fi,Fantascienza,SF,SF,Sci-fi,Ficção científica,Фантастика,ไซไฟ,Bilim Kurgu,Khoa Học Viễn Tưởng,科幻,科幻,科幻
Studio.GameSettings.General.GenreSports,,,Sports,Sports,الرياضات,Sport,Deportes,Sports,स्पोर्ट्स,Olahraga,Sport,スポーツ,스포츠,Sport,Esportes,Спорт,กีฬา,Spor,Thể Thao,体育,体育,運動
Studio.GameSettings.General.GenreTownAndCity,,,Town and City,Town and City,البلدة والمدينة,Dorf und Stadt,Pueblo y ciudad,Villes,टाउन ऐंड सिटी,Kota Kecil dan Besar,Paese e città,都市開発,마을 및 도시,Miejskie,Urbano,Симулятор города,เมือง,Kasaba ve Şehir,Thành Thị,市镇,市镇,市鎮
Studio.GameSettings.General.GenreWestern,,,Western,Western,غربي,Western,Western,Western,वेस्टर्न,Koboi,Western,ウエスタン,서부극,Western,Faroeste,Вестерн,ตะวันตก,Kovboy Temalı,Viễn Tây,西部,西部,西部
Studio.GameSettings.General.DeviceComputer,,,Computer,Computer,جهاز كمبيوتر,Computer,Computadora,Ordinateur,कंप्यूटर,Komputer,Computer,パソコン,컴퓨터,Komputer,Computador,Компьютер,คอมพิวเตอร์,Bilgisayar,Máy Tính,计算机,计算机,電腦
Studio.GameSettings.General.DevicePhone,,,Phone,Phone,الهاتف,Telefon,Teléfono,Téléphone,फ़ोन,Ponsel,Telefono,電話,휴대폰,Telefon,Telefone,Телефон,โทรศัพท์,Telefon,Điện Thoại,手机,手机,手機
Studio.GameSettings.General.DeviceTablet,,,Tablet,Tablet,جهاز لوحي,Tablet,Tablet,Tablette,टैबलेट,Tablet,Tablet,タブレット,태블릿,Tablet,Tablet,Планшет,แท็บเล็ต,Tablet,Máy Tính Bảng,平板,平板,平板電腦
Studio.GameSettings.General.DeviceConsole,,,Console,Console,لوحة تحكُّم,Konsole,Consola,Console,कंसोल,Konsol,Console,コンソール,콘솔,Konsola,Console,Консоль,คอนโซล,Konsol,Máy Chơi Game,游戏主机,游戏主机,遊戲機
Studio.GameSettings.General.HttpDesc,,,Allow game server to issue requests to remote servers.,Allow game server to issue requests to remote servers.,السماح لخادم اللعبة بإصدار طلبات إلى الخوادم البعيدة.,Erlaube das Senden von Anfragen des Spielservers an Remote-Server.,Permitir que el servidor del juego realice peticiones a servidores remotos.,Autoriser le serveur de jeu à envoyer des requêtes vers des serveurs distants,गेम सर्वर को रिमोट सर्वर्स को रिक्वेस्ट भेजने की अनुमति दें.,Memungkinkan server game untuk mengirimkan permintaan ke server jarak jauh.,Consenti al server di gioco di inviare richieste ai server remoti.,ゲームサーバーが遠隔サーバーに要求することを許可する。,게임 서버가 원격 서버로 요청할 수 있도록 허용합니다.,Zezwalaj na wysyłanie żądań z serwera gry do serwerów zdalnych.,Permitir que o servidor do jogo envie solicitações a servidores remotos.,Разрешить игровому серверу отправлять запросы к удаленным серверам.,อนุญาตให้เซิร์ฟเวอร์เกมส่งคําขอไปยังเซิร์ฟเวอร์ระยะไกล,Oyun sunucusunun uzak sunuculara istek göndermesine izin ver.,Cho phép máy chủ trò chơi đưa ra yêu cầu đến các máy chủ từ xa.,允许游戏服务器对远程服务器发出请求。,允许游戏服务器对远程服务器发出请求。,允許遊戲伺服器對遠端伺服器發出請求。
Studio.GameSettings.General.StudioApiServicesDesc,,,Enables Studio access to game services such as Data Stores,Enables Studio access to game services such as Data Stores,تمكين وصول Studio إلى خدمات الألعاب مثل مخازن البيانات,Aktiviert den Zugriff auf Spieldienste wie Datenspeicher für Studio,"Activa el acceso de Studio a los servicios del juego, tales como los almacenes de datos.","Permet à Studio d'accéder à des services de jeu, comme les magasins de données","डेटा स्टोर जैसी गेम सेवाओं के लिए, Studio का ऐक्सेस देता है","Memungkinkan akses Studio ke layanan game, seperti Penyimpanan Data",Consente a Studio di accedere a servizi di gioco come le archiviazioni di dati,Data StoresなどのゲームサービスへStudioのアクセスを有効化,Studio에서 데이터 저장소와 같은 게임 서비스를 이용할 수 있도록 합니다.,"Przyznaj dostęp do aplikacji Studio usługom związanym z grami, takim jak magazyny danych","Permitir o acesso do Studio a serviços de jogo, como por exemplo, armazenamento de dados","Обеспечивает доступ к игровым сервисам, например к хранилищам данных",อนุญาตให้ Studio เข้าถึงบริการเกมเช่นที่จัดเก็บข้อมูล,Studio'ya veri depolama hizmeti gibi oyun hizmetlerine erişim izni ver,Cho phép Studio truy cập các dịch vụ trò chơi như Cửa Hàng Dữ Liệu,允许 Studio 访问数据存储等游戏服务,允许 Studio 访问数据存储等游戏服务,允許 Studio 使用諸如資料存放區等遊戲服務
Studio.GameSettings.General.ContentDialogHeader,,,Content Agreement,Content Agreement,اتفاقية المحتوى,Inhaltsvereinbarung,Acuerdo de contenido,Accord relatif au contenu,कॉन्टेंट एग्रीमेंट,Perjanjian Konten,Contratto di licenza per l'uso dei contenuti,コンテンツ契約,콘텐츠 동의,Umowa dotycząca treści,Acordo de conteúdo,Соглашение на использование контента,ข้อตกลงเกี่ยวกับเนื้อหา,İçerik Anlaşması,Thỏa Thuận Nội Dung,内容协议,内容协议,內容協議
Studio.GameSettings.General.ContentDialogBody,,,Do you agree that your game is controller compatible and contains NONE of the following?,Do you agree that your game is controller compatible and contains NONE of the following?,هل توافق على أن لعبتك متوافقة مع وحدة التحكم ولا تحتوي على أيٍ مما يلي؟,"Bestätigst du, dass dein Spiel Controller-kompatibel ist und KEINES der folgenden Elemente enthält?",¿Estás de acuerdo con que tu juego sea compatible con el mando y no contenga NINGUNO de los siguientes?,Acceptes-tu que ton jeu soit compatible avec une manette et qu'il ne contienne AUCUN des éléments suivants ?,"क्या आप सहमत हैं कि आपका गेम, कंट्रोलर के साथ कंपैटिबल है और उसमें इनमें से कुछ भी शामिल नहीं है?",Apakah kamu setuju bahwa game buatanmu kompatibel dengan kontroler dan TIDAK mengandung hal-hal berikut?,L'utente accetta che il suo gioco sia compatibile con il controller e che non contenga NESSUNO dei seguenti elementi?,あなたのゲームは、コントローラーと互換性があり、以下のどれも含まれていないことに同意しますか。,"게임이 컨트롤러와 호환되도록 지원하며, 다음과 같은 콘텐츠가 포함되어 있지 않아야 합니다. 동의하시나요?","Czy potwierdzasz, że twoja gra jest zgodna z kontrolerami i nie zawiera ŻADNEGO z poniższych?",Você concorda que seu jogo é compatível com controles e que não contém NENHUM dos seguintes?,"Подтверждаете ли вы, что ваша игра совместима с контроллером и не содержит следующих элементов?",คุณเห็นด้วยหรือไม่ว่าเกมของคุณสอดคล้องกับมาตรการการควบคุม และไม่มีเนื้อหาดังต่อไปนี้?,Oyununun oyun kumandası uyumlu olduğunu ve aşağıdakilerden HİÇBİRİNİ içermediğini onaylıyor musun?,Bạn có đồng ý rằng trò chơi của bạn tương thích với bộ điều khiển và KHÔNG chứa bất kỳ nội dung nào sau đây?,你同意让游戏兼容控制器，并确认游戏不包含以下内容吗?,你同意让游戏兼容控制器，并确认游戏不包含以下内容吗?,你同意讓遊戲支援控制器，並且確認遊戲沒有包含以下內容嗎？
Studio.GameSettings.General.ContentDialogItem1,,,Blood or Gore,Blood or Gore,دماء أو مشاهد دموية,Blut oder blutrünstige Darstellungen (Gore),Sangre o derramamientos de sangre,Sang et horreur,खून या हिंसा,Darah atau Adegan Berdarah,Sangue o scene cruente,流血または残虐な内容,유혈 또는 고어,Rozlew krwi,Sangue ou vísceras,Кровь и увечья,เลือดหรือการนองเลือด,Kan ve vahşet,Máu Me,血腥,血腥,血腥
Studio.GameSettings.General.ContentDialogItem2,,,Intense Violence,Intense Violence,عنف شديد,Heftige Gewaltdarstellungen,Violencia intensa,Violence intense,ज़बरदस्त हिंसा,Kekerasan Intens,Violenza eccessiva,強烈な暴力,심각한 폭력,Drastyczna przemoc,Violência intensa,Насилие,การใช้ความรุนแรง,Yoğun şiddet,Bạo Lực Quá Mức,激烈暴力,激烈暴力,激烈暴力
Studio.GameSettings.General.ContentDialogItem3,,,Strong Language (Swearing),Strong Language (Swearing),لغة فظة (ألفاظ بذيئة),Kraftausdrücke (Fluchen),Lenguaje violento (insultos),Langage ordurier (jurons),बहुत खराब भाषा (अपशब्द),Bahasa Kasar (Sumpah Serapah),Linguaggio forte (turpiloqui),過激な表現（暴言）,과격한 표현(욕설),Dosadny język (przekleństwa),Linguagem inapropriada (palavrões),Грубые выражения,ถ้อยคำที่รุนแรง (คำหยาบ),Kaba dil (Küfür),Ngôn Từ Xúc Phạm (Chửi Thề),粗暴语言 (脏话),粗暴语言 (脏话),強烈語言 (髒話)
Studio.GameSettings.General.ContentDialogItem4,,,Robux Gambling,Robux Gambling,مقامرات Robux,Robux-Glücksspiel,Apuestas con Robux,Jeu d'argent avec Robux,Robux गैंबलिंग,Perjudian Robux,Gioco d'azzardo con i Robux,Robuxを使ったギャンブル,Robux 도박,Elementy hazardowe z użyciem Robuxów,Apostas de Robux,Азартные игры,การพนัน Robux,Robux ile kumar,Cờ Bạc trong Robux,以 Robux 进行赌博,以 Robux 进行赌博,以 Robux 進行的賭博
Studio.GameSettings.General.ContentDialogItem5,,,Drug Reference or Use,Drug Reference or Use,الإشارة إلى المخدرات أو استخدامها,Hinweise auf Drogen oder Drogenkonsum,Referencias a drogas o a su uso,Référence à la drogue ou utilisation de drogue,ड्रग रेफ़रेंस या इस्तेमाल,Penyebutan atau Penggunaan Obat Terlarang,Riferimenti a droghe o uso di sostanze stupefacenti,薬物に関する表現や使用,약물 관련 표현 또는 사용,Odniesienia do narkotyków lub ich zażywania,Menção ou uso de drogas,Упоминание или употребление наркотиков,การอ้างอิงถึงหรือการใช้ยาเสพติด,Uyuşturucu göndermesi ya da kullanımı,Đề Cập hoặc Sử Dụng Chất Cấm,提及或使用毒品,提及或使用毒品,提及或使用藥物
Studio.GameSettings.General.PreviewDialogHeader,,,Preview,Preview,معاينة,Vorschau,Vista previa,Aperçu,प्रीव्यू,Preview,Anteprima,プレビュー,미리 보기,Podgląd,Prévia,Предварительный просмотр,ดูตัวอย่าง,Ön izleme,Xem Trước,预览,预览,預覽
Studio.GameSettings.General.PreviewDialogBody,,,Studio doesn't currently support video playing,Studio doesn't currently support video playing,لا يدعم Studio حاليًا تشغيل الفيديو,Studio unterstützt derzeit keine Videowiedergabe,Studio actualmente no es compatible con la reproducción de videos,Studio ne prend pas en charge la lecture des vidéos,फ़िलहाल Studio पर वीडियो नहीं चलाए जा सकते हैं,Studio saat ini tidak mendukung pemutaran video,Attualmente Studio non supporta la riproduzione di video,Studioは現在、ビデオ再生には対応していません。,Studio는 현재 비디오 재생을 지원하지 않습니다,W Studio nie jest obecnie obsługiwane odtwarzanie filmów,"No momento, o Studio não suporta exibição de vídeos",В настоящее время воспроизведение видео не поддерживается,Studio ไม่รองรับการเล่นวิดีโอในขณะนี้,Studio henüz video oynatmayı desteklemiyor,Studio hiện không hỗ trợ phát video,Studio 当前不支持视频播放,Studio 当前不支持视频播放,Studio 目前並不支援播放影片
Studio.GameSettings.General.PreviewDialogLink,,,Go to YouTube and play the video,Go to YouTube and play the video,انتقل إلى YouTube وشغّل الفيديو,Gehe zu YouTube und spiele das Video ab,Ve a YouTube y reproduce el video,Aller sur YouTube pour lire la vidéo,YouTube पर जाएँ और वीडियो चलाएँ,Buka YouTube dan putar video,Vai su Youtube per riprodurre il video,YouTubeに移動してビデオを再生,YouTube로 이동해 동영상 재생,Przejdź do serwisu YouTube i tam odtwórz film,Visite o YouTube para reproduzir o vídeo,Для воспроизведения видео перейдите на YouTube,ไปที่ YouTube และเล่นวิดีโอ,YouTube'a git ve videoyu oynat,Truy cập YouTube và phát video,前往 YouTube 并播放视频,前往 YouTube 并播放视频,前往 YouTube 播放影片
Studio.GameSettings.General.CancelDialogHeader,,,Discard Changes,Discard Changes,تجاهل التغييرات,Änderungen verwerfen,Descartar cambios,Annuler les modifications,बदलावों को सेव न करें,Hapus Perubahan,Scarta modifiche,変更を破棄,변경 사항 제거,Odrzuć zmiany,Descartar alterações,Отменить изменения,ยกเลิกการเปลี่ยนแปลง,Değişikliklerden vazgeç,Loại Bỏ Thay Đổi,放弃更改,放弃更改,捨棄變更
Studio.GameSettings.General.CancelDialogBody,,,Would you like to discard all changes?,Would you like to discard all changes?,هل ترغب في تجاهل جميع التغييرات؟,Möchtest du alle Änderungen verwerfen?,¿Quieres descartar todos los cambios?,Voulez-vous annuler toutes les modifications ?,क्या आपको सभी बदलाव खारिज करने हैं?,Ingin menghapus semua perubahan?,Vuoi scartare tutte le modifiche?,すべての変更を破棄しますか。,모든 변경 사항을 취소할까요?,Czy chcesz odrzucić wszystkie zmiany?,Deseja descartar todas as alterações?,Вы действительно хотите отменить все изменения?,คุณต้องการยกเลิกการเปลี่ยนแปลงทั้งหมดหรือไม่?,Değişikliklerden vazgeçmek istediğinden emin misin?,Bạn có muốn loại bỏ tất cả các thay đổi không?,你要放弃所有更改吗?,你要放弃所有更改吗?,確定捨棄所有變更？
Studio.GameSettings.General.PrivateDialogHeader,,,Make Private,Make Private,جعلها خاصة,Privat machen,Hacer privado,Rendre privé,प्राइवेट करें,Jadikan Privat,Rendi privato,非公開にする,비공개로 설정,Ustaw jako prywatną,Tornar privado,Закрытая игра,ทําให้เป็นส่วนตัว,Özel yap,Đặt Riêng Tư,设为私人,设为私人,設為私人
Studio.GameSettings.General.PrivateDialogPrompt,,,Are you sure you want to make this game private?,Are you sure you want to make this game private?,هل أنت متأكد من أنك تريد جعل هذه اللعبة خاصة؟,Möchtest du dieses Spiel wirklich privat machen?,¿Quieres hacer privado este juego?,Es-tu sûr de vouloir rendre ce jeu privé ?,आपको वाकई इस गेम को प्राइवेट करना है?,Yakin ingin membuat game ini menjadi privat?,Vuoi davvero rendere questo gioco privato?,このゲームを非公開にしますか。,이 게임을 비공개로 설정할까요?,Czy na pewno chcesz ustawić tę grę jako prywatną?,Tem certeza de que quer tornar este jogo privado?,Вы действительно хотите сделать эту игру закрытой?,คุณแน่ใจหรือไม่ว่าคุณต้องการกำหนดให้เกมนี้เป็นส่วนตัว?,Oyunu özel hâle getirmek istediğinden emin misin?,Bạn có chắc muốn đặt trò chơi này thành riêng tư không?,确定要将此游戏设为私人吗?,确定要将此游戏设为私人吗?,確定將此遊戲設為私人？
Studio.GameSettings.General.PrivateDialogBody,,,Making this game private will shut down any running games.,Making this game private will shut down any running games.,سيؤدي جعل هذه اللعبة خاصة إلى إغلاق أي ألعاب قيد التشغيل.,"Wenn du dieses Spiel privat machst, werden alle derzeit ausgeführten Spiele beendet.",Cambiar este juego a privado cerrará cualquier juego en ejecución.,"Si ce jeu devient privé, toutes les parties en cours prendront fin.",इस गेम को प्राइवेट करने से कोई भी रनिंग गेम बंद हो जाएगा.,Menjadikan game ini privat akan menutup semua game yang berjalan.,Rendere questo gioco privato arresterà tutti i giochi in esecuzione.,このゲームを非公開にすると、現在実行中のゲームがシャットダウンします。,이 게임을 비공개로 설정하면 실행 중인 게임이 종료됩니다.,Ustawienie tej gry jako prywatnej spowoduje zamknięcie wszystkich uruchomionych gier.,Tornar este jogo privado desativará qualquer jogo em execução.,"Если сделать эту игру закрытой, все запущенные игры завершат работу.",การกำหนดให้เกมนี้่เป็นส่วนตัวจะปิดทุกเกมที่กำลังทำงานอยู่,Oyunu özel hâle getirirsen çalışan tüm oyunlar kapatılacak.,Đặt trò chơi này thành riêng tư sẽ đóng các trò chơi đang chạy.,将此游戏设为私人将会关闭所有进行中的游戏。,将此游戏设为私人将会关闭所有进行中的游戏。,將此遊戲設為私人將會關閉所有進行中的遊戲。
Studio.GameSettings.General.AvatarDialogHeader,,,Warning,Warning,تحذير,Warnung,Advertencia,Avertissement,वॉर्निंग,Peringatan,Attenzione,警告,경고,Ostrzeżenie,Aviso,Предупреждение,คำเตือน,Uyarı,Cảnh Báo,警告,警告,警告
Studio.GameSettings.General.AvatarDialogPrompt,,,Would you like to proceed?,Would you like to proceed?,هل ترغب في المتابعة؟,Möchtest du fortfahren?,¿Quieres continuar?,Continuer ?,क्या आपको आगे बढ़ना है?,Ingin melanjutkan?,Vuoi procedere?,続行しますか。,진행할까요?,Czy chcesz kontynuować?,Deseja continuar?,Продолжить?,คุณต้องการดำเนินการต่อหรือไม่?,Devam etmek istiyor musun?,Bạn có muốn tiếp tục?,你要继续吗?,你要继续吗?,你是否要繼續？
Studio.GameSettings.General.AvatarDialogBody,,,Changing the game's Avatar Type to this setting will shut down any running games.,Changing the game's Avatar Type to this setting will shut down any running games.,سيؤدي تغيير نوع الأفاتار في اللعبة إلى هذا الإعداد إلى إغلاق أي ألعاب قيد التشغيل.,"Wenn du den Avatartyp des Spiels auf diese Einstellung änderst, werden alle derzeit ausgeführten Spiele beendet.",Cambiar el tipo de avatar del juego a esta configuración cerrará cualquier juego en ejecución.,"Si vous remplacez le type d'avatar par ce paramètre, les parties en cours prendront fin.",गेम के अवतार टाइप को इस सेटिंग में बदलना किसी भी चल रहे गेम को बंद कर देगा.,Mengubah Tipe Avatar game ke pengaturan ini akan menutup semua game yang sedang berjalan.,"Se selezioni quest'impostazione per cambiare il tipo di avatar, tutti i giochi in esecuzione verranno arrestati.",ゲームのアバタータイプをこの設定に変更すると、実行中のゲームが終了します。,게임의 아바타 유형을 이 설정으로 변경하면 실행 중인 게임이 종료됩니다.,Zmiana typu awatara w grze na to ustawienie spowoduje zamknięcie wszystkich uruchomionych gier.,Alterar o tipo de avatar do jogo para esta configuração desativará qualquer jogo em execução.,При изменение типа аватара все запущенные игры завершат работу.,การเปลี่ยนประเภทอวาตาร์เป็นการตั้งค่านี้จะปิดทุกเกมที่กำลังทำงานอยู่,Oyunun avatar türünü bu ayara getirmek çalışan tüm oyunları kapatacak.,Việc thay đổi Loại Avatar của trò chơi sang cài đặt này sẽ tắt các trò chơi đang chạy.,更改游戏的虚拟形象类型将会关闭所有运行中的游戏。,更改游戏的虚拟形象类型将会关闭所有运行中的游戏。,變更遊戲的虛擬人偶類型將會關閉所有進行中的遊戲。
Studio.GameSettings.General.DeleteDialogHeader,,,Delete Thumbnail,Delete Thumbnail,حذف الصورة المصغّرة,Vorschaubild löschen,Eliminar miniatura,Supprimer vignette,थंबनेल डिलीट करें,Hapus Thumbnail,Elimina miniatura,サムネイルを削除,섬네일 삭제,Usuń miniaturę,Excluir miniatura,Удалить эскиз,ลบภาพขนาดย่อ,Küçük resmi sil,Xóa Hình Nhỏ,删除缩略图,删除缩略图,刪除縮圖
Studio.GameSettings.General.DeleteDialogBody,,,Would you like to delete this thumbnail?,Would you like to delete this thumbnail?,هل ترغب في حذف هذه الصورة المصغرة؟,Möchtest du dieses Vorschaubild löschen?,¿Quieres eliminar esta miniatura?,Supprimer cette vignette ?,आपको यह थंबनेल डिलीट करना है?,Ingin menghapus thumbnail ini?,Vuoi eliminare questa miniatura?,このサムネイルを削除しますか。,이 섬네일을 삭제할까요?,Czy chcesz usunąć tę miniaturę?,Deseja excluir esta miniatura?,Вы действительно хотите удалить этот эскиз?,คุณต้องการลบภาพขนาดย่อนี้หรือไม่?,Küçük resmi silmek istiyor musun?,Bạn có muốn xóa hình nhỏ này không?,你要删除此缩略图吗?,你要删除此缩略图吗?,你是否要刪除此縮圖？
Studio.GameSettings.General.ImageDialogHeader,,,No Image Loaded,No Image Loaded,لم يتم تحميل صورة,Kein Bild geladen,No hay imagen cargada,Aucune image chargée,कोई इमेज लोड नहीं हुई है,Tidak Ada Gambar yang Di-load,Nessuna immagine caricata,読み込んだ画像がありません,불러온 이미지 없음,Nie wczytano obrazu,Nenhuma imagem carregada,Изображение не загружено,ไม่มีภาพที่โหลด,Görsel yüklenmedi,Không Tải Được Hình Ảnh,未加载图片,未加载图片,未載入圖像
Studio.GameSettings.General.ImageDialogBody,,,Select a compatible image.,Select a compatible image.,حدِّد صورة متوافقة.,Wähle ein kompatibles Bild aus.,Selecciona una imagen compatible.,Sélectionner une image compatible.,कंपैटिबल इमेज चुनें.,Pilih gambar yang kompatibel.,Seleziona un'immagine compatibile.,互換性のある画像を選択してください,호환 가능한 이미지를 선택하세요.,Wybierz zgodny obraz.,Selecione uma imagem compatível.,Выберите совместимое изображение.,เลือกภาพที่สามารถใช้ได้,Uyumlu bir görsel seç.,Chọn hình ảnh tương thích.,选择一张兼容的图片。,选择一张兼容的图片。,選擇一張相容的圖像。
Studio.GameSettings.General.ErrorsOnSaveHeader,,,Saving Errors,Saving Errors,أخطاء أثناء الحفظ,Fehler beim Speichern,Guardando errores,Erreurs d'enregistrement,सेव करने में गड़बड़ी,Eror Saat Menyimpan,Errori di salvataggio,保存エラー,저장 오류,Błędy przy zapisywaniu,Erros ao salvar,Сохранение ошибок,เกิดข้อผิดพลาดในการบันทึก,Kaydetme Hataları,Lỗi Khi Lưu,保存错误,保存错误,儲存錯誤
Studio.GameSettings.General.ErrorsOnSaveBody,,,Could not save game settings.,Could not save game settings.,تعذَّر حفظ إعدادات اللعبة.,Spieleinstellungen konnten nicht gespeichert werden.,No se pudo guardar la configuración del juego.,Impossible d'enregistrer les paramètres du jeu.,गेम सेटिंग सेव नहीं की जा सकी.,Tidak dapat menyimpan pengaturan game.,Impossibile salvare le impostazioni di gioco.,ゲーム設定を保存できませんでした。,게임 설정을 저장하지 못했습니다.,Nie można zapisać ustawień gry.,Não foi possível salvar as configurações do jogo.,Не удалось сохранить настройки игры.,ไม่สามารถบันทึกการตั้งค่าเกมได้,Oyun ayarları kaydedilemedi.,Không thể lưu cài đặt trò chơi.,无法保存游戏设置。,无法保存游戏设置。,無法儲存遊戲設定。
Studio.GameSettings.General.ErrorNameEmpty,,,Name cannot be empty.,Name cannot be empty.,لا يمكن أن يكون الاسم فارغًا.,Name darf nicht leer sein.,El nombre no puede estar vacío.,Le nom ne peut pas être vide.,नाम का फ़ील्ड खाली नहीं हो सकता.,Nama tidak boleh kosong.,Il nome non può essere vuoto.,名前を空欄にすることはできません。,이름은 비워둘 수 없습니다.,Nazwa nie może być pusta.,O nome não pode ficar vazio.,Имя не может быть пустым.,จำเป็นต้องกรอกชื่อ,Ad boş olamaz.,Không được để trống tên.,名称不能为空。,名称不能为空。,名稱不可空白。
Studio.GameSettings.General.ErrorNameModerated,,,The name didn't go through our moderation. Please revise it and try again.,The name didn't go through our moderation. Please revise it and try again.,لم يخضع الاسم للإشراف من جانبنا. يُرجى مراجعته والمحاولة مرة أخرى.,Der Name wurde von unserer Moderation nicht zugelassen. Bitte überprüfe ihn und versuche es erneut.,Se ha moderado el nombre. Modifícalo e inténtalo de nuevo.,Ce nom n'a pas été approuvé par notre modération. Changez-le et réessayez.,नाम हमारे मॉडरेशन से होकर नहीं गुज़रा. कृपया इसमें सुधार करके फिर से कोशिश करें.,Nama tidak lolos moderasi kami. Silakan revisi nama dan coba lagi.,Il nome non è stato approvato dai moderatori. Modificalo e riprova.,この名前は内容審査で承認されませんでした。修正してから、もう一度お試しください。,이름이 검열을 통과하지 못했어요. 수정한 후 다시 시도하세요.,Nazwa nie przeszła pozytywnie moderacji. Zmień ją i spróbuj ponownie.,O nome não foi aprovado pela moderação. Revise-o e tente novamente.,"Имя не прошло модерацию. Пожалуйста, измените его и попробуйте еще раз.",ชื่อนี้ไม่ผ่านการกลั่นกรองของเรา โปรดแก้ไขและลองใหม่อีกครั้ง,"Ad, denetim aşamamızdan geçemedi. Lütfen gözden geçir ve tekrar dene.",Tên không qua kiểm duyệt của chúng tôi. Vui lòng sửa lại tên và thử lại.,此名称没有通过审核。请修改后再试一次。,此名称没有通过审核。请修改后再试一次。,此名稱沒有通過審核。請修改後再試一次。
Studio.GameSettings.General.ErrorDescModerated,,,The description didn't go through our moderation. Please revise it and try again.,The description didn't go through our moderation. Please revise it and try again.,لم يخضع الوصف للإشراف من جانبنا. يُرجى مراجعته والمحاولة مرة أخرى.,Die Beschreibung wurde von unserer Moderation nicht zugelassen. Bitte überprüfe sie und versuche es erneut.,Se ha moderado la descripción. Modifícala e inténtalo de nuevo.,Cette description n'a pas été approuvée par notre modération. Changez-la et réessayez.,विवरण हमारे मॉडरेशन से होकर नहीं गुज़रा. कृपया इसमें सुधार करके फिर से कोशिश करें.,Deskripsi tidak lolos moderasi kami. Silakan revisi deskripsi dan coba lagi.,La descrizione non è stata approvata dai moderatori. Modificala e riprova.,この名前は内容審査で承認されませんでした。修正してから、もう一度お試しください。,설명이 검열을 통과하지 못했어요. 수정한 후 다시 시도하세요.,Opis nie przeszedł pozytywnie moderacji. Zmień go i spróbuj ponownie.,A descrição não foi aprovada pela moderação. Revise-a e tente novamente.,"Описание не прошло модерацию. Пожалуйста, измените его и попробуйте еще раз.",คำอธิบายนี้ไม่ผ่านการกลั่นกรองของเรา โปรดแก้ไขและลองใหม่อีกครั้ง,"Açıklama, denetim aşamamızdan geçemedi. Lütfen gözden geçir ve tekrar dene.",Mô tả không qua kiểm duyệt của chúng tôi. Vui lòng sửa lại mô tả và thử lại.,此描述没有通过审核。请修改后再试一次。,此描述没有通过审核。请修改后再试一次。,此說明沒有通過審核。請修改後再試一次。
Studio.GameSettings.General.ErrorImageLimit,,,"You're uploading too much, please wait and try again later.","You're uploading too much, please wait and try again later.",ترفع الكثير من العناصر حاليًا، يرجى الانتظار والمحاولة مرة أخرى لاحقًا.,"Du lädst zu viel hoch, bitte warte und versuche es später erneut.",Estás cargando demasiadas imágenes. Espera un momento e inténtalo de nuevo más tarde.,Nombre de transferts trop élevé. Attendez un peu et réessayez plus tard.,"आपने बहुत ज़्यादा अपलोड कर दिया है, इंतज़ार करें और बाद में फिर से कोशिश करें.",Kamu terlalu banyak meng-upload. Harap tunggu dan coba lagi nanti.,Stai caricando troppi file. Attendi e riprova più tardi.,アップロード量が多すぎます。後でもう一度お試しください。,업로드가 너무 많습니다. 나중에 다시 시도하세요.,Zbyt dużo przesyłasz. Zaczekaj i spróbuj ponownie później.,"Você está enviando muitos arquivos, aguarde e tente novamente mais tarde.","Слишком много данных для загрузки. Пожалуйста, повторите попытку позже.",คุณกำลังอัปโหลดเยอะเกินไป โปรดรอและลองอีกครั้งในภายหลัง,"Çok fazla yükleme yapıyorsun, lütfen bekle ve daha sonra tekrar dene.","Bạn đang tải lên quá nhiều, vui lòng đợi và thử lại sau.",你已上传过多文件。请稍候重试。,你已上传过多文件。请稍候重试。,你的上傳次數過多，請稍作等待後再試。
Studio.GameSettings.General.ErrorImageNotRecognized,,,File uploaded does not match known image format. Try converting to png.,File uploaded does not match known image format. Try converting to png.,لا يتطابق الملف الذي تم رفعه مع تنسيق الصورة المعروف. حاول تحويله إلى png.,Die hochgeladene Datei entspricht keinem bekannten Bildformat. Bitte konvertiere sie ins PNG-Format.,El archivo cargado no coincide con un formato de imagen conocido. Intenta convertirlo a png.,Le fichier transféré ne correspond à aucun format d'image connu. Essayez de le convertir en png.,अपलोड की गई फ़ाइल का इमेज फ़ार्मैट पहचाना नहीं जा रहा. png में बदलने की कोशिश करें.,File yang di-upload tidak cocok dengan format gambar yang dikenal. Coba konversi gambar menjadi png.,Formato del file di immagine caricato sconosciuto. Prova a convertirlo in png.,アップロードされたファイルは既存の画像形式と一致しません。pngに変換してみてください。,업로드된 파일이 알려진 이미지 형식과 일치하지 않습니다. PNG로 변환하세요.,Przesłany plik nie jest zgodny ze znanym formatem obrazu. Spróbuj przekonwertować go na plik png.,O arquivo enviado não corresponde a um formato de imagem conhecido. Tente convertê-lo para PNG.,Загруженный файл не соответствует принятому формату изображения. Попробуйте конвертировать его в PNG.,ไฟล์ที่อัปโหลดไม่ตรงกับรูปแบบภาพที่รู้จัก โปรดลองแปลงเป็น png,"Yüklenen dosya, bilindik görsel formatıyla eşleşmiyor. Png'ye dönüştürmeyi dene.",Tệp đã tải lên không khớp với định dạng hình ảnh đã xác định. Thử chuyển sang png.,上传的文件与已知图片格式不匹配。请将其转换为 png 格式。,上传的文件与已知图片格式不匹配。请将其转换为 png 格式。,上傳的檔案並不符合已知圖像格式。請嘗試將檔案轉成 PNG 檔。
Studio.GameSettings.General.ErrorNoDevices,,,You must select at least one playable device.,You must select at least one playable device.,يجب عليك تحديد جهاز تشغيل واحد على الأقل.,Du musst mindestens ein spielfähiges Gerät auswählen.,Debes seleccionar por lo menos un dispositivo compatible.,Vous devez sélectionner au moins un appareil utilisable.,आपको कम-से-कम एक खेलने लायक डिवाइस चुनना होगा.,Kamu harus memilih setidaknya satu perangkat yang bisa digunakan untuk bermain.,Devi selezionare almeno un dispositivo giocabile.,プレイ可能なデバイスを少なくとも一種類、選択する必要があります。,플레이 가능한 기기를 최소 1개 선택해야 합니다.,"Należy wybrać co najmniej jedno urządzenie, na którym można grać.",Você deve selecionar ao menos um dispositivo jogável.,Выберите устройство для воспроизведения.,คุณต้องเลือกอุปกรณ์ที่สามารถเล่นได้อย่างน้อยหนึ่งอุปกรณ์,En az bir oynanabilir cihaz seçmelisin.,Bạn phải chọn ít nhất 1 thiết bị có thể chơi.,你必须选择至少一种可玩设备。,你必须选择至少一种可玩设备。,你至少必須選擇一種可玩裝置。
Studio.GameSettings.General.GameIconPrompt,,,Add Game Icon,Add Game Icon,إضافة أيقونة اللعبة,Spielsymbol hinzufügen,Añadir ícono del juego,Ajouter icône de jeu,गेम का आइकॉन जोड़ें,Tambahkan Ikon Game,Aggiungi icona di gioco,ゲームアイコンを追加,게임 아이콘 추가,Dodaj ikonę gry,Adicionar ícone do jogo,Добавить значок игры,เพิ่มไอคอนเกม,Oyun simgesi ekle,Thêm Biểu Tượng Trò Chơi,添加游戏图标,添加游戏图标,新增遊戲圖示
Studio.GameSettings.General.ThumbnailPrompt,,,Add Thumbnails,Add Thumbnails,إضافة صور مصغرة,Vorschaubilder hinzufügen,Añadir miniaturas,Ajouter vignettes,थंबनेल जोड़ें,Tambahkan Thumbnail,Aggiungi miniature,サムネイルを追加,섬네일 추가,Dodaj miniatury,Adicionar miniatura,Добавить эскизы,เพิ่มภาพขนาดย่อ,Küçük resim ekle,Thêm Hình Thu Nhỏ,添加缩略图,添加缩略图,新增縮圖
Studio.GameSettings.General.TitlePresets,,,Presets,Presets,الإعدادات المسبقة,Voreinstellungen,Preajustes,Présélections,प्रीसेट,Preset,Preset,初期設定,사전 설정,Ustawienia wstępne,Predefinições,Заданные настройки,การตั้งค่าล่วงหน้า,Ön ayarlar,Cài đặt trước,预设,预设,預設
Studio.GameSettings.General.TitleAvatarType,,,Avatar Type,Avatar Type,نوع الأفاتار,Avatartyp,Tipo de avatar,Type d'avatar,अवतार का टाइप,Tipe Avatar,Tipo di avatar,アバタータイプ,아바타 유형,Typ awatara,Tipo de avatar,Тип аватара,ประเภทอวาตาร์,Avatar türü,Loại Avatar,虚拟形象类型,虚拟形象类型,虛擬人偶類型
Studio.GameSettings.General.TitleAnimation,,,Animation,Animation,حركة,Animation,Animación,Animation,ऐनिमेशन,Animasi,Animazione,アニメーション,애니메이션,Animacja,Animação,Анимация,แอนิเมชัน,Animasyon,Hiệu Ứng Động,动画,动画,動畫
Studio.GameSettings.General.TitleCollision,,,Collision,Collision,تصادم,Kollision,Colisión,Collision,कॉलिज़न,Benturan,Collisione,衝突,충돌,Kolizja,Colisão,Столкновение,การชนกัน,Çarpışma,Va Chạm,碰撞,碰撞,碰撞
Studio.GameSettings.General.TitleScale,,,Scale,Scale,المقياس,Skalierung,Escalado,Échelle,स्केल करें,Skala,Ridimensiona,拡大/縮小,스케일,Skalowanie,Dimensionar,Масштаб,การปรับขนาด,Ölçeklendirme,Đổi Tỷ Lệ,调整,调整,比例
Studio.GameSettings.General.TitleBodyParts,,,Body Parts,Body Parts,أجزاء الجسد,Körperteile,Partes del cuerpo,Parties du corps,बॉडी पार्ट्स,Bagian Tubuh,Parti del corpo,体のパーツ,신체 파트,Części ciała,Partes do corpo,Части тела,ส่วนประกอบของร่างกาย,Vücut Parçaları,Bộ Phận Thân,身体部件,身体部件,身體零件
Studio.GameSettings.General.TitleClothing,,,Clothing,Clothing,الثياب,Kleidung,Ropa,Vêtements,ड्रेस,Pakaian,Vestiti,衣装,복장,Ubranie,Roupas,Одежда,เสื้อผ้า,Kıyafet,Trang Phục,服装,服装,服裝
Studio.GameSettings.General.ScaleHeight,,,Height,Height,الارتفاع,Höhe,Altura,Hauteur,ऊँचाई,Tinggi,Altezza,高さ,높이,Wysokość,Altura,Высота,ความสูง,Yükseklik,Chiều Cao,高度,高度,高度
Studio.GameSettings.General.ScaleWidth,,,Width,Width,العرض,Breite,Ancho,Largeur,चौड़ाई,Lebar,Larghezza,幅,너비,Szerokość,Largura,Ширина,ความกว้าง,Genişlik,Chiều Rộng,宽度,宽度,寬度
Studio.GameSettings.General.ScaleHead,,,Head,Head,الرأس,Kopf,Cabeza,Tête,सिर,Kepala,Testa,頭,머리,Głowa,Cabeça,Голова,ศีรษะ,Kafa,Đầu,头部,头部,頭
Studio.GameSettings.General.ScaleBodyType,,,Body Type,Body Type,نوع الجسد,Körpertyp,Tipo de cuerpo,Type de corps,बॉडी टाइप,Tipe Tubuh,Tipo di corpo,ボディタイプ,체형,Typ ciała,Tipo de corpo,Телосложение,ลักษณะร่างกาย,Vücut Türü,Kiểu Cơ Thể,身体类型,身体类型,體型
Studio.GameSettings.General.ScaleProportions,,,Proportions,Proportions,النِسَب,Proportionen,Proporciones,Proportions,अनुपात,Proporsi,Proporzioni,比率,비율,Proporcje,Proporções,Пропорции,สัดส่วน,Oranlar,Độ Cân Xứng,比例,比例,比例
Studio.GameSettings.General.PartFace,,,Face,Face,الوجه,Gesicht,Cara,Visage,चेहरा,Wajah,Faccia,顔,얼굴,Twarz,Rosto,Лицо,ใบหน้า,Yüz,Khuôn Mặt,脸部,脸部,臉
Studio.GameSettings.General.PartHead,,,Head,Head,الرأس,Kopf,Cabeza,Tête,सिर,Kepala,Testa,頭,머리,Głowa,Cabeça,Голова,ศีรษะ,Kafa,Đầu,头部,头部,頭
Studio.GameSettings.General.PartTorso,,,Torso,Torso,الجزء العلوي للجسم,Oberkörper,Torso,Torse,टॉर्सो,Badan,Busto,胴,몸통,Korpus,Tronco,Торс,ลำตัว,Gövde,Thân,躯干,躯干,軀幹
Studio.GameSettings.General.PartLeftArm,,,Left Arm,Left Arm,اليد اليسرى,Linker Arm,Brazo izquierdo,Bras gauche,बायाँ हाथ,Lengan Kiri,Braccio sinistro,左腕,왼팔,Lewa ręka,Braço esquerdo,Левая рука,แขนซ้าย,Sol Kol,Tay Trái,左臂,左臂,左臂
Studio.GameSettings.General.PartRightArm,,,Right Arm,Right Arm,اليد اليمنى,Rechter Arm,Brazo derecho,Bras droit,राइट आर्म,Lengan Kanan,Braccio destro,右腕,오른팔,Prawa ręka,Braço direito,Правая рука,แขนขวา,Sağ Kol,Tay Phải,右臂,右臂,右臂
Studio.GameSettings.General.PartLeftLeg,,,Left Leg,Left Leg,الرجل اليسرى,Linkes Bein,Pierna izquierda,Jambe gauche,लेफ़्ट लेग,Kaki Kiri,Gamba sinistra,左足,왼 다리,Lewa noga,Perna esquerda,Левая нога,ขาซ้าย,Sol Bacak,Chân Trái,左腿,左腿,左腿
Studio.GameSettings.General.PartRightLeg,,,Right Leg,Right Leg,الرجل اليمنى,Rechtes Bein,Pierna derecha,Jambe droite,राइट लेग,Kaki Kanan,Gamba destra,右足,오른 다리,Prawa noga,Perna direita,Правая нога,ขาขวา,Sağ Bacak,Chân Phải,右腿,右腿,右腿
Studio.GameSettings.General.ClothingTShirt,,,T-Shirt ID,T-Shirt ID,مُعرِّف التي شيرت,T-Shirt-ID,ID de la camiseta,ID t-shirt,टी-शर्ट ID,ID Kaus,ID maglietta,TシャツID,티셔츠 ID,Identyfikator koszulki,ID da camiseta,ID футболки,ID เสื้อยืด,Tişört Kimliği,ID Áo Thun,T 恤ID,T 恤ID,T 恤 ID
Studio.GameSettings.General.ClothingShirt,,,Shirt ID,Shirt ID,مُعرِّف القميص,Shirt-ID,ID de la camisa,ID haut,शर्ट ID,ID Kemeja,ID camicia,シャツID,셔츠 ID,Identyfikator koszuli,ID da camisa,ID рубашки,ID เสื้อเชิ้ต,Gömlek Kimliği,ID Áo Sơ Mi,上衣ID,上衣ID,上衣 ID
Studio.GameSettings.General.ClothingPants,,,Pants ID,Pants ID,مُعرِّف البنطلون,Hosen-ID,ID de los pantalones,ID pantalon,पैंट ID,ID Celana,ID pantaloni,パンツID,바지 ID,Identyfikator spodni,ID das calças,ID штанов,ID กางเกง,Pantolon Kimliği,ID Quần Dài,裤子ID,裤子ID,褲子 ID
Studio.GameSettings.General.PresetDefault,,,Default,Default,افتراضي,Standard,Predeterminado,Par défaut,डिफ़ॉल्ट,Default,Predefinito,デフォルト,기본값,Domyślne,Padrão,По умолчанию,ค่าเริ่มต้น,Varsayılan,Mặc Định,默认,默认,預設
Studio.GameSettings.General.PresetClassicScale,,,Classic Scale,Classic Scale,مقياس كلاسيكي,Klass. Skalierung,Escalado clásico,Échelle classique,क्लासिक स्केल,Skala Klasik,Ridimensionamento classico,標準的な拡大/縮小,클래식 배율,Klasyczne w skali,Escala clássica,Классическая шкала,ขนาดคลาสสิก,Klasik Ölçek,Tỷ Lệ Cổ Điển,经典比例,经典比例,經典比例
Studio.GameSettings.General.PresetFullClassic,,,Full Classic,Full Classic,كلاسيكي كامل,Komplett klassisch,Clásico completo,Classique complet,फ़ुल क्लासिक,Klasik Penuh,Classico completo,完全な典型,풀 클래식,Klasyczne pełne,Clássico completo,Полная классика,คลาสสิกเต็มรูปแบบ,Tam Klasik,Cổ Điển Hoàn Toàn,全套经典,全套经典,完整經典
Studio.GameSettings.General.PresetRthro,,,Rthro,Rthro,Rthro,Rthro,Rthro,Rthro,Rthro,Rthro,Rthro,Rthro,Rthro,R-tropoidalne,Rthro,Артро,Rthro,Rthro,Rthro,Rthro,Rthro,Rthro
Studio.GameSettings.General.PresetPlayerChoice,,,Player Choice,Player Choice,اختيار اللاعب,Benutzerdefiniert,Elección del jugador,Choix du joueur,प्लेयर की पसंद,Pilihan Pemain,Scelta del giocatore,プレイヤーチョイス,플레이어의 선택,Wybór gracza,Escolha do jogador,Выбор игрока,ผู้เล่นเลือก,Oyuncu seçimi,Lựa Chọn của Người Chơi,玩家选择,玩家选择,玩家選擇
Studio.GameSettings.General.AvatarTypeR6,,,R6,R6,R6,R6,R6,R6,R6,R6,R6,6才以上,R6,R6,R6,R6,R6,R6,R6,R6,R6,R6
Studio.GameSettings.General.AvatarTypeR15,,,R15,R15,R15,R15,R15,R15,R15,R15,R15,15才以上,R15,R15,R15,R15,R15,R15,R15,R15,R15,R15
Studio.GameSettings.General.AvatarTypePlayerChoice,,,Player Choice,Player Choice,اختيار اللاعب,Benutzerdefiniert,Elección del jugador,Choix du joueur,प्लेयर की पसंद,Pilihan Pemain,Scelta del giocatore,プレイヤーの選択,플레이어의 선택,Wybór gracza,Escolha do jogador,Выбор игрока,ผู้เล่นเลือก,Oyuncu seçimi,Lựa Chọn của Người Chơi,玩家选择,玩家选择,玩家選擇
Studio.GameSettings.General.AvatarTypeWarning,,,Change Avatar Type will shut down the running game when save settings,Change Avatar Type will shut down the running game when save settings,سيؤدي تغيير نوع الأفاتار إلى إغلاق اللعبة قيد التشغيل عند حفظ الإعدادات,"Wenn du den Avatartyp änderst, wird das ausgeführte Spiel beim Speichern der Einstellungen beendet.",Cambiar el tipo de avatar cerrará el juego en ejecución al guardar la configuración,"Si vous changez le type d'avatar, la partie en cours prendra fin lors de l'enregistrement des paramètres.","अवतार टाइप बदलने से, सेटिंग को सेव करते समय रनिंग गेम बंद हो जाएँगे",Mengubah Tipe Avatar akan menutup game yang berjalan saat menyimpan pengaturan,Cambiare il tipo di avatar arresterà il gioco in esecuzione quando vengono salvate le impostazioni,保存設定がしてある場合、アバタータイプを変更すると実行中のゲームが終了します,아바타 유형을 변경하면 설정 저장 시 실행 중인 게임이 종료됩니다,Zmiana typu awatara spowoduje zamknięcie uruchomionej gry podczas zapisywania ustawień,Alterar o tipo do avatar desativará o jogo em execução ao salvar as configurações,Изменение типа аватара отключит запущенную игру при сохранении настроек,การเปลี่ยนประเภทอวาตาร์จะปิดทุกเกมที่กำลังทำงานอยู่เมื่อบันทึกการตั้งค่า,Avatar türü ayarı değişikliği kaydedildiğinde çalışan oyunlar kapatılacak,Thay đổi Loại Avatar sẽ tắt trò chơi đang chạy khi lưu cài đặt,更改虚拟形象类型会在保存设置时关闭进行中的游戏,更改虚拟形象类型会在保存设置时关闭进行中的游戏,變更虛擬人偶類型會在儲存設定時關閉進行中的遊戲
Studio.GameSettings.General.AnimationStandard,,,Standard,Standard,عادي,Standard,Estándar,Standard,स्टैंडर्ड,Standar,Standard,標準,표준,Standardowe,Padrão,Стандарт,มาตรฐาน,Standart,Tiêu Chuẩn,标准,标准,標準
Studio.GameSettings.General.AnimationPlayerChoice,,,Player Choice,Player Choice,اختيار اللاعب,Benutzerdefiniert,Elección del jugador,Choix du joueur,प्लेयर की पसंद,Pilihan Pemain,Scelta del giocatore,プレイヤーの選択,플레이어의 선택,Wybór gracza,Escolha do jogador,Выбор игрока,ผู้เล่นเลือก,Oyuncu seçimi,Lựa Chọn của Người Chơi,玩家选择,玩家选择,玩家選擇
Studio.GameSettings.General.CollisionOuterBox,,,Outer Box,Outer Box,الصندوق الخارجي,Außenfeld,Caja externa,Zone externe,बाहरी बॉक्स,Boks Luar,Box esterna,外箱,바깥 상자,Bryła zewnętrzna,Caixa externa,Внешний ящик,กล่องภายนอก,Dış kutu,Hộp Ngoài,外范围,外范围,外範圍
Studio.GameSettings.General.CollisionInnerBox,,,Inner Box,Inner Box,الصندوق الداخلي,Innenfeld,Caja interna,Zone interne,अंदर वाले बॉक्स,Boks Dalam,Box interna,内箱,안쪽 상자,Bryła wewnętrzna,Caixa interna,Внутренний ящик,กล่องภายใน,İç kutu,Hộp Trong,内范围,内范围,內範圍
Studio.GameSettings.General.AvatarOverridePrompt,,,Override Player Choice?,Override Player Choice?,هل تريد تجاوز اختيار اللاعب؟,Benutzerdefinierte Einstellung überschreiben?,¿Reemplazar la elección del jugador?,Ignorer le choix du joueur ?,प्लेयर की पसंद को ओवरराइड करना है?,Batalkan Pilihan Pemain?,Vuoi sovrascrivere la scelta del giocatore?,プレイヤーの選択を上書きしますか？,플레이어의 선택을 재정의할까요?,Zastąpić wybór gracza?,Substituir a escolha do jogador?,Переопределить выбор игрока?,แทนสิ่งที่ผู้เล่นเลือกหรือไม่?,Oyuncu seçimi geçersiz kılınsın mı?,Bạn Muốn Ghi Đè Lựa Chọn Của Người Chơi?,要覆盖玩家选择吗?,要覆盖玩家选择吗?,要覆寫玩家選擇嗎？
Studio.GameSettings.General.AvatarOverrideItem,,,Custom Item,Custom Item,عنصر مخصص,Benutzerdefinierter Artikel,Objeto personalizado,Élément personnalisé,कस्टम आइटम,Item Kustom,Oggetto personalizzato,カスタムアイテム,사용자 정의 아이템,Przedmiot niestandardowy,Item personalizado,Пользовательский элемент,ปรับแต่งไอเทม,Özel öğe,Vật Phẩm Tùy Chỉnh,自定义项目,自定义项目,自訂道具
Studio.GameSettings.General.AvatarOverrideId,,,ID Number,ID Number,رقم المُعرِّف,ID-Nummer,Número del ID,Numéro ID,ID नंबर,Nomor ID,Numero ID,ID番号,ID 번호,Numer identyfikacyjny,Número de ID,Идентификационный номер,หมายเลข ID,Kimlik numarası,Số ID,ID码,ID码,ID 號碼
Studio.GameSettings.General.ErrorOverrideEmpty,,,ID Number cannot be empty,ID Number cannot be empty,لا يمكن أن يكون رقم المُعرِّف فارغًا,ID-Nummer darf nicht leer sein,El número del ID no puede estar vacío,Le numéro ID ne peut pas être vide.,ID नंबर का फ़ील्ड खाली नहीं हो सकता,Nomor ID tidak boleh kosong,Il numero ID non può essere vuoto,ID番号を空欄にはできません,ID 번호는 비워두면 안 돼요,Numer identyfikacyjny nie może być pusty,O número de ID não pode ficar vazio,Номер не может быть пустым,จำเป็นต้องกรอกหมายเลข ID,Kimlik numarası boş olamaz,Không được để trống Số ID,ID码不能为空,ID码不能为空,ID 號碼不可空白
Studio.GameSettings.General.CategoryDeveloperSubscriptions,,,Subscriptions,Subscriptions,الاشتراكات,Abonnements,Suscripciones,Abonnements,सब्सक्रिप्शन,Subscription,Abbonamenti,サブスクリプション,구독,Subskrypcje,Assinaturas,Подписки,การสมัครสมาชิก,Abonelikler,Gói Đăng Ký,订阅,订阅,訂閱
Studio.GameSettings.General.CategoryAccessPermissions,,,Permissions,Permissions,الأذونات,Berechtigungen,Permisos,Autorisations,परमिशंस,Izin,Autorizzazioni,許可,권한,Uprawnienia,Permissões,Разрешения,การอนุญาต,İzinler,Quyền,权限,权限,許可
Studio.GameSettings.General.TitleGameOwner,,,Game Owner,Game Owner,مالك اللعبة,Spieleigentümer,Propietario del juego,Propriétaire du jeu,गेम ओनर,Pemilik Game,Proprietario del gioco,ゲーム所有者,게임 소유자,Właściciel gry,Proprietário do jogo,Владелец игры,เจ้าของเกม,Oyun sahibi,Người Sở Hữu Trò Chơi,游戏所有者,游戏所有者,遊戲主人
Studio.GameSettings.General.SingleImageDialogHeader,,,No Image Loaded,No Image Loaded,لم يتم تحميل صورة,Kein Bild geladen,No hay imagen cargada,Aucune image chargée,कोई इमेज लोड नहीं की गई,Tidak Ada Gambar yang Di-load,Nessuna immagine caricata,読み込んだ画像がありません,불러온 이미지 없음,Nie wczytano obrazu,Nenhuma imagem carregada,Изображение не загружено,ไม่มีภาพที่โหลด,Görsel yüklenmedi,Không Tải Được Hình Ảnh,未加载图片,未加载图片,未載入圖像
Studio.GameSettings.General.SingleImageDialogBody,,,Select a compatible image.,Select a compatible image.,حدِّد صورة متوافقة.,Wähle ein kompatibles Bild aus.,Selecciona una imagen compatible.,Sélectionner une image compatible.,कंपैटिबल इमेज चुनें.,Pilih gambar yang kompatibel.,Seleziona un'immagine compatibile.,互換性のある画像を選択してください。,호환 가능한 이미지를 선택하세요.,Wybierz zgodny obraz.,Selecione uma imagem compatível.,Выберите совместимое изображение.,เลือกภาพที่สามารถใช้ได้,Uyumlu bir görsel seç.,Chọn hình ảnh tương thích.,选择一张兼容的图片。,选择一张兼容的图片。,選擇一張相容的圖像。
Studio.GameSettings.General.MultiImageDialogHeader,,,Images Failed,Images Failed,فشلت الصور,Bilder fehlgeschlagen,Error en las imágenes,Échec images,इमेज लोड नहीं की जा सकीं,Gambar Gagal,Errore immagini,画像エラー,이미지 실패,Błąd związany z obrazami,Falha nas imagens,Ошибка загрузки изображения,ภาพล้มเหลว,Görseller başarısız oldu,Tạo Ảnh Không Thành Công,图片失败,图片失败,圖像失敗
Studio.GameSettings.General.MultiImageDialogBody,,,The following file(s) exceed {maxThumbnailSize:int} MB:,The following file(s) exceed {maxThumbnailSize:int} MB:,يتجاوز الملف التالي (الملفات التالية) {maxThumbnailSize:int} ميغابايت:,Die folgenden Dateien überschreiten {maxThumbnailSize:int} MB:,Los siguientes archivos superan el límite de {maxThumbnailSize:int} MB:,Les fichiers suivants dépassent la limite de {maxThumbnailSize:int} MB:,यह फ़ाइल (फ़ाइलें) {maxThumbnailSize:int} MB से ज़्यादा बड़ी है (हैं) :,File berikut lebih besar dari {maxThumbnailSize:int} MB:,I seguenti file superano {maxThumbnailSize:int} MB:,以下のファイルは {maxThumbnailSize:int} MBを超えています:,다음 파일이 {maxThumbnailSize:int} MB를 초과합니다:,Następujące pliki są większe niż {maxThumbnailSize:int} MB:,Os seguintes arquivos excedem {maxThumbnailSize:int} MB:,Следующие файлы превышают {maxThumbnailSize:int} МБ:,ไฟล์ดังต่อไปนี้เกิน {maxThumbnailSize:int} MB:,Şu dosya(lar) {maxThumbnailSize:int} MB sınırını aşıyor:,(Các) tệp sau vượt quá {maxThumbnailSize:int} MB:,下列文件超过 {maxThumbnailSize:int} MB:,下列文件超过 {maxThumbnailSize:int} MB:,下列檔案超過 {maxThumbnailSize:int} MB：
Studio.GameSettings.General.DevSubsEditHeader,,,Edit Subscription,Edit Subscription,تحرير الاشتراك,Abonnement bearbeiten,Editar suscripción,Modifier abonnement,सब्सक्रिप्शन एडिट करें,Edit Subscription,Modifica abbonamento,サブスクリプションを編集,구독 편집,Edytuj subskrypcje,Editar assinatura,Изменить подписку разработчика,แก้ไขการสมัครสมาชิก,Aboneliği düzenle,Chỉnh Sửa Gói Đăng Ký,编辑订阅,编辑订阅,編輯訂閱
Studio.GameSettings.General.DevSubsListHeader,,,Subscriptions,Subscriptions,الاشتراكات,Abonnements,Suscripciones,Abonnements,सब्सक्रिप्शन,Subscription,Abbonamenti,サブスクリプション,구독,Subskrypcje,Assinaturas,Подписки разработчика,การสมัครสมาชิก,Abonelikler,Gói Đăng Ký,订阅,订阅,訂閱
Studio.GameSettings.General.DevSubsName,,,Name,Name,الاسم,Name,Nombre,Nom,नाम,Nama,Nome,名前,이름,Nazwa,Nome,Имя,ชื่อ,Ad,Tên,名称,名称,名稱
Studio.GameSettings.General.DevSubsTitle,,,Title,Title,العنوان,Titel,Título,Titre,टाइटल,Judul,Titolo,題名,제목,Tytuł,Título,Название,หัวข้อ,Başlık,Tiêu Đề,标题,标题,名稱
Studio.GameSettings.General.DevSubsPrice,,,Price,Price,السعر,Preis,Precio,Prix,कीमत,Harga,Prezzo,価格,가격,Cena,Preço,Цена,ราคา,Fiyat,Giá,价格,价格,價格
Studio.GameSettings.General.DevSubsImage,,,Image,Image,صورة,Bild,Imagen,Image,इमेज,Gambar,Immagine,画像,이미지,Obraz,Imagem,Изображение,ภาพ,Görsel,Hình Ảnh,图片,图片,圖像
Studio.GameSettings.General.DevSubsDuration,,,Pre-paid,Pre-paid,الدفع المسبق,Vorauszahlung,Prepago,Pré-payé,प्री-पेड,Prabayar,Prepagato,プリペイド,선불,Pre-paid,Pré-pago,Продолжительность,จ่ายล่วงหน้า,Ön ödemeli,Trả trước,预付费,预付费,預付
Studio.GameSettings.General.DevSubsId,,,Id,Id,المُعرِّف,ID,ID,ID,Id,Id,ID,ID,ID,Identyfikator,ID,Id,ID,Kimlik,Id,ID,ID,ID
Studio.GameSettings.General.DevSubsSubscribers,,,Subscribers,Subscribers,المشتركون,Abonnenten,Suscriptores,Abonnés,सब्सक्राइबर,Subscriber,Abbonati,サブスクリプション契約者,구독자,Subskrybenci,Assinantes,Подписчики,ผู้สมัครสมาชิก,Aboneler,Người Đăng Ký,订阅者,订阅者,訂閱者
Studio.GameSettings.General.DevSubsActive,,,Active,Active,نشط,Aktiv,Activas,Actif,ऐक्टिव,Aktif,Attivo,アクティブ,활성,Aktywny,Ativo,Активная,ใช้งานอยู่,Etkin,Đang Hoạt Động,活跃,活跃,啟用中
Studio.GameSettings.General.DevSubsCreateAction,,,Create,Create,إنشاء,Erstellen,Crear,Créer,क्रिएट करें,Buat,Crea,作成,만들기,Utwórz,Criar,Создать,สร้าง,Oluştur,Tạo,创建,创建,建立
Studio.GameSettings.General.DevSubsDiscontinueAction,,,Discontinue,Discontinue,إيقاف,Beenden,Suspender,Suspendre,बंद करें,Hentikan,Sospendi,解約,해지,Zakończ,Suspender,Прекратить,หยุด,Durdur,Ngừng,取消,取消,取消
Studio.GameSettings.General.DevSubsUnsaved,,,Unsaved,Unsaved,غير محفوظ,Nicht gespeichert,Sin guardar,Non sauvegardé,सेव नहीं किया गया है,Tidak Disimpan,Non salvato,未保存,저장되지 않음,Nie zapisano,Não salvo,Несохраненная,ยังไม่ได้บันทึก,Kaydedilmemiş,Chưa được lưu,未保存,未保存,未儲存
Studio.GameSettings.General.DevSubsIsActive,,,Yes,Yes,نعم,Ja,Sí,Oui,हाँ,Ya,Sì,はい,예,Tak,Sim,Да,ใช่,Evet,Có,是,是,是
Studio.GameSettings.General.DevSubsIsNotActive,,,No,No,لا,Nein,No,Non,नहीं,Tidak,No,いいえ,아니요,Nie,Não,Нет,ไม่,Hayır,Không,否,否,否
Studio.GameSettings.General.DevSubsDiscontinueTitle,,,Discontinue Subscription,Discontinue Subscription,إيقاف الاشتراك,Abonnement beenden,Suspender suscripción,Suspendre l'abonnement,सब्सक्रिप्शन बंद करें,Hentikan Subscription,Sospendi l'abbonamento,サブスクリプションを解約,구독 해지,Zakończ subskrypcję,Suspender assinatura,Прекратить подписку,หยุดการสมัครสมาชิก,Aboneliği durdur,Tiếp Tục Gói Đăng Ký,取消订阅,取消订阅,取消訂閱
Studio.GameSettings.General.DevSubsDiscontinueHeader,,,Would you like to discontinue this subscription?,Would you like to discontinue this subscription?,هل ترغب في إيقاف هذا الاشتراك؟,Möchtest du dieses Abonnement beenden?,¿Quieres suspender esta suscripción?,Veux-tu suspendre cet abonnement ?,आपको यह सब्सक्रिप्शन बंद करना है?,Apakah kamu ingin menghentikan subscription ini?,Vuoi sospendere l'abbonamento?,サブスクリプション契約を解約しますか。,구독을 해지하시겠어요?,Czy chcesz zakończyć tę subskrypcję?,Gostaria de suspender esta assinatura?,Вы действительно хотите прекратить эту подписку?,คุณต้องการหยุดการสมัครสมาชิกหรือไม่?,Aboneliği durdurmak istiyor musun?,Bạn có muốn ngừng gói đăng ký này không?,确定要取消此订阅吗?,确定要取消此订阅吗?,確定取消此訂閱？
Studio.GameSettings.General.DevSubsDiscontinueDescription,,,This will cancel all renewing payments. You must maintain benefits until no subscribers remain.,This will cancel all renewing payments. You must maintain benefits until no subscribers remain.,سيؤدي هذا إلى إلغاء جميع مدفوعات التجديد. يجب عليك الاحتفاظ بالمزايا حتى لا يتبقى أي مشتركين.,"Dadurch werden alle erneuten Zahlungen abgebrochen. Du musst die Vorteile beibehalten, bis keine Abonnenten mehr übrig sind.",Esta acción cancelará la renovación de todos los pagos. Deberás mantener todos los beneficios activos hasta que haya suscriptores.,Cela va annuler tous tes paiements récurrents. Tu dois maintenir les avantages jusqu'à ce qu'il ne reste plus aucun abonné.,"इससे रिन्यू करने वाले सभी पेमेंट कैंसिल हो जाएँगे. जब तक कोई सब्सक्राइबर नहीं बना रहता, तब तक आपको फ़ायदे मिलते रहेंगे.",Tindakan ini akan membatalkan semua pembayaran perpanjangan. Kamu harus mempertahankan manfaat sampai tidak ada subscriber yang tersisa.,In questo modo tutti i pagamenti per il rinnovo verranno annullati. Continuerai a usufruire dei benefici finché non rimarrà più alcun abbonato.,これですべての更新のお支払いがキャンセルされます。サブスクリプション契約者が一人もいなくなるまでサービスを継続しなければなりません。,정기 결제가 모두 해지됩니다. 가입자가 없을 때까지 혜택을 유지해야 합니다.,"Spowoduje to anulowanie wszystkich płatności za odnowienie. Musisz zachować oferowane korzyści, dopóki liczba subskrybentów nie spadnie do zera.",Isto cancelará a renovação de todos os pagamentos. Você deve manter benefícios até que não haja mais assinantes.,"Это отменит продление платежей. Вы должны сохранять льготы, пока не останется ни одного подписчика.",การดำเนินการนี้จะยกเลิกการชำระเงินการต่ออายุทั้งหมด คุณต้องรักษาสิทธิประโยชน์ไว้จนกระทั่งไม่มีผู้สมัครสมาชิก,Yinelenen tüm ödemeler iptal edilecek. Hiç abone kalmayana kadar avantajları sürdürmen gerekir.,Việc này sẽ hủy bỏ tất cả các thanh toán tái tục. Bạn phải giữ nguyên các quyền lợi cho đến khi không còn người đăng ký nào nữa.,所有例行付款将会取消，你必须维持福利，直到没有订阅者为止。,所有例行付款将会取消，你必须维持福利，直到没有订阅者为止。,所有例行付款將會取消，您必須維持福利直到沒有訂閱者為止。
Studio.GameSettings.General.DevSubsDiscontinueConfirm,,,Discontinue,Discontinue,إيقاف,Beenden,Suspender,Suspendre,बंद करें,Hentikan,Sospendi,解約,해지,Zakończ,Suspender,Прекратить,หยุด,Durdur,Ngừng,取消,取消,取消
Studio.GameSettings.AccessPermissions.NoAccessLabel,,,No Access,No Access,لا يوجد وصول,Kein Zugang,Sin acceso,Aucun accès,ऐक्सेस नहीं है,Tidak Ada Akses,Nessuna autorizzazione,アクセスできません,접근 불가,Brak dostępu,Sem acesso,Нет доступа,ไม่มีสิทธิ์เข้าถึง,Erişim yok,Không Có Quyền Truy Cập,无法访问,无法访问,無法存取
Studio.GameSettings.AccessPermissions.PlayLabel,,,Play,Play,تشغيل,Spielen,Jugar,Jouer,खेलें,Mainkan,Gioca,プレイ,플레이,Zagraj,Jogar,Воспроизвести,เล่น,Oyna,Chơi,开始游戏,开始游戏,開始
Studio.GameSettings.AccessPermissions.EditLabel,,,Edit,Edit,تحرير,Bearbeiten,Editar,Modifier,एडिट करें,Edit,Modifica,編集,편집,Edytuj,Editar,Изменить,แก้ไข,Düzenle,Chỉnh Sửa,编辑,编辑,編輯
Studio.GameSettings.AccessPermissions.AdminLabel,,,Manage,Manage,إدارة,Verwalten,Gestionar,Gérer,मैनेज करें,Kelola,Gestisci,管理する,관리,Zarządzaj,Gerenciar,Управление,จัดการ,Yönet,Quản Lý,管理,管理,管理
Studio.GameSettings.AccessPermissions.OwnerLabel,,,Owner,Owner,المالك,Eigentümer,Propietario,Propriétaire,ओनर,Pemilik,Proprietario,所有者,소유자,Właściciel,Proprietário,Владелец,เจ้าของ,Sahip,Người Sở Hữu,所有者,所有者,主人
Studio.GameSettings.AccessPermissions.MultipleLabel,,,(Multiple),(Multiple),(متعدد),(Mehrere),(Múltiple),(Multiple),(मल्टीपल),(Beberapa),(Molteplici),（複数）,（여러 항목）,(Wiele),(Múltiplo),(Множество),(หลายรายการ),(Çoklu),(Nhiều),(多项),(多项),（多項）
Studio.GameSettings.AccessPermissions.NoAccessDescription,,,Cannot play or edit this game,Cannot play or edit this game,لا يمكن تشغيل هذه اللعبة أو تحريرها,Kann dieses Spiel nicht spielen oder bearbeiten,No se puede jugar a este juego o reproducirlo,Impossible de jouer ou de modifier ce jeu,इस गेम को खेला या एडिट नहीं किया जा सकता,Tidak bisa memainkan atau mengedit game ini,Impossibile giocare o modificare questo gioco,このゲームをプレイしたり編集したりできません,이 게임을 플레이하거나 편집할 수 없음,Użytkownik nie może grać w tę grę ani jej edytować,Não pode jogar ou editar este jogo,Вы не можете воспроизводить или редактировать эту игру,ไม่สามารถเล่นหรือแก้ไขเกมนี้ได้,Oyunu oynayamaz veya düzenleyemez,Không thể chơi hoặc chỉnh sửa trò chơi này,无法玩此游戏，或对其进行编辑,无法玩此游戏，或对其进行编辑,無法遊玩或編輯此遊戲
Studio.GameSettings.AccessPermissions.PlayDescription,,,Can play this game,Can play this game,يمكن تشغيل هذه اللعبة,Kann dieses Spiel spielen,Puede jugar a este juego,Possible de jouer à ce jeu ,इस गेम को खेला जा सकता है,Bisa memainkan game ini,È possibile giocare a questo gioco,このゲームをプレイできます,이 게임을 플레이할 수 있음,Użytkownik może grać w tę grę,Não pode jogar este jogo,Вы можете играть в эту игру,สามารถเล่นเกมนี้ได้,Oyunu oynayabilir,Có thể chơi trò chơi này,可以玩此游戏,可以玩此游戏,可遊玩此遊戲
Studio.GameSettings.AccessPermissions.EditDescription,,,Can play and edit this game,Can play and edit this game,يمكن تشغيل هذه اللعبة وتحريرها,Kann dieses Spiel spielen und bearbeiten,Puede jugar a este juego y editarlo,Possible de jouer et de modifier ce jeu,इस गेम को खेला और एडिट किया जा सकता है,Bisa memainkan dan mengedit game ini,È possibile giocare e modificare questo gioco,このゲームをプレイして編集できます,이 게임을 플레이하거나 편집할 수 있음,Użytkownik może grać w tę grę i edytować ją,Pode jogar e editar este jogo,Вы можете играть и редактировать эту игру,สามารถเล่นและแก้ไขเกมนี้ได้,Oyunu oynayabilir ve düzenleyebilir,Có thể chơi và chỉnh sửa trò chơi này,可以玩此游戏，或对其进行编辑,可以玩此游戏，或对其进行编辑,可遊玩與編輯此遊戲
Studio.GameSettings.AccessPermissions.AdminDescription,,,"Can play, edit, and manage this game","Can play, edit, and manage this game",يمكن تشغيل هذه اللعبة وتحريرها وإدارتها,"Kann dieses Spiel spielen, bearbeiten und verwalten","Puede jugar a este juego, editarlo y gestionarlo","Possible de jouer, de modifier et de gérer ce jeu","इस गेम को खेला, एडिट और मैनेज किया जा सकता है","Bisa memainkan, mengedit, dan mengelola game ini","È possibile giocare, modificare e gestire questo gioco",このゲームをプレイして、編集と管理ができます,"이 게임을 플레이, 편집, 관리할 수 있음","Użytkownik może grać w tę grę, edytować ją i zarządzać nią","Pode jogar, editar e gerenciar este jogo","Вы можете играть, редактировать и управлять этой игрой",สามารถเล่น แก้ไข และจัดการเกมนี้ได้,"Oyunu oynayabilir, düzenleyebilir ve yönetebilir","Có thể chơi, chỉnh sửa và quản lý trò chơi này",可以玩此游戏，或对其进行编辑与管理,可以玩此游戏，或对其进行编辑与管理,可遊玩、編輯及管理此遊戲
Studio.GameSettings.General.DevSubsDescription,,,Description,Description,الوصف,Beschreibung,Descripción,Description,विवरण,Deskripsi,Descrizione,詳細,설명,Opis,Descrição,Описание,คำอธิบาย,Açıklama,Mô Tả,描述,描述,說明
Studio.GameSettings.General.ErrorNameDescModerated,,,Filtered to %s,Filtered to %s,تمت التصفية إلى %s,Gefiltert nach %s,Moderado a %s,Filtré à %s,इसमें फ़िल्टर किया गया %s,Difilter ke %s,Filtrato per %s,%s にフィルタ済み,다음과 같이 검열됨: %s,Odfiltrowano do: %s,Filtrado para %s,Фильтр: %s,กรองเป็น %s,%s ile filtrelendi,Đã lọc sang %s,过滤为 %s,过滤为 %s,已過濾為 %s
Studio.GameSettings.General.ErrorNameDescHttp,,,An error has occurred with moderating the name and description. Please try again later!,An error has occurred with moderating the name and description. Please try again later!,حدث خطأ أثناء الإشراف على الاسم والوصف. يُرجى المحاولة مرة أخرى لاحقًا!,Beim Moderieren des Namens und der Beschreibung ist ein Fehler aufgetreten. Bitte versuche es später erneut!,Se produjo un error al moderar el nombre y la descripción. Inténtalo de nuevo más tarde.,Une erreur est survenue dans la modération du nom et de la description. Essaie plus tard !,नाम और विवरण को मॉडरेट करने में कोई गड़बड़ी हुई है. बाद में फिर से कोशिश करें!,Terjadi eror terkait moderasi nama dan deskripsi. Coba lagi nanti!,Si è verificato un errore nel processo di moderazione del nome e della descrizione. Riprova più tardi!,名前と詳細が規制対象かレビュー中にエラーが起きました。後でもう一度お試しください。,이름과 설명을 검열하는 데 오류가 발생했어요. 잠시 후 다시 시도하세요!,Podczas moderowania nazwy i opisu wystąpił błąd. Spróbuj ponownie później!,Ocorreu um erro com a moderação do nome e da descrição. Tente novamente mais tarde.,"При модерировании имени и описания возникла ошибка. Пожалуйста, повторите попытку позже!",เกิดข้อผิดพลาดในการกลั่นกรองชื่อและคำอธิบาย โปรอลองอีกครั้งในภายหลัง!,Ad ve açıklama denetlenirken bir hata oluştu. Lütfen daha sonra tekrar dene!,Đã có lỗi xảy ra khi kiểm duyệt tên và mô tả. Vui lòng thử lại sau!,过滤名称与描述时发生错误。请稍候重试!,过滤名称与描述时发生错误。请稍候重试!,審核名稱和說明時發生錯誤，請稍後再試！
Studio.GameSettings.General.ErrorDevSubFiltered,,,Filtered to {filteredText},Filtered to {filteredText},تمت التصفية إلى {filteredText},Gefiltert nach {filteredText},Moderado a {filteredText},Filtré à {filteredText},इसमें फ़िल्टर किया गया {filteredText},Difilter ke {filteredText},Filtrato per {filteredText},{filteredText} にフィルタ済み,다음과 같이 검열됨: {filteredText},Odfiltrowano do: {filteredText},Filtrado para {filteredText},Фильтр: {filteredText},กรองเป็น {filteredText},{filteredText} ile filtrelendi,Đã lọc sang {filteredText},过滤为 {filteredText},过滤为 {filteredText},已過濾為 {filteredText}
Studio.GameSettings.General.TitleScriptCollab,,,Enable Collaborative Editing,Enable Collaborative Editing,تمكين التحرير التعاوني,Kollaboratives Bearbeiten aktivieren,Activar la edición colaborativa,Permettre les modifications collectives,कोलैबरेट करके एडिटिंग चालू करें,Aktifkan Pengeditan Kolaboratif,Abilita scrittura collaborativa,共同編集を有効化,공동 편집 활성화,Włącz edytowanie w trybie współpracy,Permitir edição colaborativa,Включить совместное редактирование,เปิดใช้งานการแก้ไขร่วมกัน,Ortak düzenlemeyi etkinleştir,Bật Chỉnh Sửa Hợp Tác,启用协作编辑,启用协作编辑,啟用共同編輯
Studio.GameSettings.General.TitleWorldPresets,,,Presets,Presets,الإعدادات المسبقة,Voreinstellungen,Preajustes,Présets,प्रीसेट,Preset,Preset,初期設定,사전 설정,Ustawienia wstępne,Predefinições,Заданные настройки,การตั้งค่าล่วงหน้า,Ön ayarlar,Cài đặt trước,预设,预设,預設
Studio.GameSettings.General.TitleGravity,,,Gravity,Gravity,الجاذبية,Schwerkraft,Gravedad,Gravité,ग्रैविटी,Gravitasi,Gravità,重力,중력,Grawitacja,Gravidade,Гравитация,แรงดึงดูด,Yer çekimi,Trọng Lực,重力,重力,重力
Studio.GameSettings.General.TitleJump,,,Jump,Jump,قفز,Springen,Salto,Sauter,जंप,Loncat,Salto,ジャンプ,점프,Skok,Pular,Прыжок,การกระโดด,Zıplama,Nhảy,跳跃,跳跃,跳躍
Studio.GameSettings.General.TitleWalk,,,Walk,Walk,مشي,Gehen,Caminata,Marcher,वॉक,Jalan,Camminata,歩行,걷기,Chód,Andar,Ходьба,การเดิน,Yürüme,Đi Bộ,行走,行走,步行
Studio.GameSettings.General.TitleSlope,,,Slope,Slope,انحدار,Neigung,Pendiente,Pente,ढलान,Kemiringan,Inclinazione,傾斜,경사,Nachylenie,Ladeira,Уклон,ความลาดชัน,Eğim,Độ Dốc,斜坡,斜坡,斜坡
Studio.GameSettings.General.ScriptCollabDesc,,,Enable collaborative editing for scripts.,Enable collaborative editing for scripts.,تمكين التحرير التعاوني للنصوص البرمجية.,Kollaboratives Bearbeiten für Skripte aktivieren.,Activar la edición colaborativa para los scripts.,Activer les modifications en collaboration pour les scripts.,स्क्रिप्ट्स के लिए कोलैबरेट करके एडिटिंग चालू करें.,Mengaktifkan pengeditan kolaboratif untuk skrip.,Abilita la scrittura collaborativa degli script.,スクリプトの共同編集を有効化。,스크립트에 대한 공동 편집을 활성화합니다.,Włącz edytowanie skryptów w trybie współpracy.,Permitir edição colaborativa para scripts.,Включить совместное редактирование скриптов,เปิดใช้งานการแก้ไขร่วมกันสำหรับสคริปต์,Betiklerde ortak düzenlemeyi etkinleştir.,Cho phép chỉnh sửa hợp tác đối với các kịch bản.,启用脚本协作编辑。,启用脚本协作编辑。,啟用指令碼的共同編輯功能。
Studio.GameSettings.General.ErrorDevSubMaxPrice,,,Must be less than {maxRobuxAmount:int},Must be less than {maxRobuxAmount:int},يجب أن يكون أقل من {maxRobuxAmount:int},Muss kleiner als {maxRobuxAmount:int} sein,Debe ser inferior a {maxRobuxAmount:int},Doit être moins de {maxRobuxAmount:int},{maxRobuxAmount:int} से कम होना चाहिए,Harus kurang dari {maxRobuxAmount:int},Deve essere inferiore a {maxRobuxAmount:int},{maxRobuxAmount:int} 以下であることが必須です,{maxRobuxAmount:int} 이하여야 합니다.,Wartość musi być mniejsza niż {maxRobuxAmount:int},Deve ser menos que {maxRobuxAmount:int},Значение не должно превышать {maxRobuxAmount:int},ต้องน้อยกว่า {maxRobuxAmount:int},En fazla {maxRobuxAmount:int} olabilir,Phải thấp hơn {maxRobuxAmount:int},必须少于 {maxRobuxAmount:int},必须少于 {maxRobuxAmount:int},必須小於 {maxRobuxAmount:int}
Studio.GameSettings.General.ErrorDevSubInvalidPrice,,,Must be a valid positive integer,Must be a valid positive integer,يجب أن يكون عددًا صحيحًا موجبًا صالحًا,Muss eine gültige positive ganze Zahl sein,Debe ser un número positivo válido,Doit être un nombre entier positif valide,वैलिड पॉज़िटिव इंटीजर होना चाहिए,Harus berupa integer positif yang valid,Deve essere un numero intero positivo valido,正の整数であることが必須です,유효한 양수 정수여야 합니다,Wartość musi być prawidłową liczbą całkowitą dodatnią,Deve ser uma integral positiva válida,Должно быть положительным целым числом,ต้องเป็นเลขจำนวนเต็มบวกที่ถูกต้อง,Geçerli bir pozitif tam sayı olması gerekir,Phải là một số nguyên dương hợp lệ,必须是有效的正整数,必须是有效的正整数,必須為有效正整數
Studio.GameSettings.General.ErrorImageRequired,,,You must provide an image,You must provide an image,يجب عليك تقديم صورة,Du musst ein Bild bereitstellen,Debes proporcionar una imagen,Tu dois fournir une image,आपको एक इमेज देनी होगी,Kamu harus memasukkan gambar,Devi fornire un'immagine,画像を提供しなければなりません,이미지를 제공해야 합니다,Musisz dostarczyć obraz,Você deve fornecer uma imagem,Требуется изображение,คุณต้องใส่รูปภาพ,Görsel eklemen gerekir,Bạn phải cung cấp một hình ảnh,必须提供一个图像,必须提供一个图像,必須提供圖像
Studio.GameSettings.General.ScaleSliderLabel,,,{number}%,{number}%,{number}%,{number}%,{number}%,{number} %,{number}%,{number}%,{number}%,{number}%,{number}%,{number}%,{number}%,{number}%,{number}%,%{number},{number}%,{number}%,{number}%,{number}%
Studio.GameSettings.General.ScaleSliderUnits,,,%,%,%,%,%,%,%,%,%,%,%,%,%,%,%,%,%,%,%,%
Studio.GameSettings.General.PublishingHintLink,,,Publishing the game to Roblox,Publishing the game to Roblox,نشر اللعبة على Roblox,Veröffentlichen des Spiels auf Roblox,Es necesario publicar el juego en Roblox,Publier le jeu sur Roblox,गेम को Roblox पर पब्लिश करना,Memublikasikan game ke Roblox,Pubblicare il gioco su Roblox,ゲームをRobloxで公開,Roblox에 게임 게시,Publikowanie gry na platformie Roblox,Publicando o jogo na Roblox,Публикация игры в Roblox,การเผยแพร่เกมไปยัง Roblox,Oyun Roblox'ta yayınlanıyor,Đăng trò chơi lên Roblox,正在将游戏发布到 Roblox,正在将游戏发布到 Roblox,遊戲發布到 Roblox
Studio.GameSettings.General.PublishingHintLinkExplanation,,, is required for changing Avatar game settings, is required for changing Avatar game settings, مطلوب لتغيير إعدادات أفاتار اللعبة," ist erforderlich, um die Avatar-Spieleinstellungen zu ändern", para cambiar la configuración del avatar en el juego, exigé pour changer les paramètres du jeu de l'avatar,Avatar गेम सेटिंग बदलने के लिए यह ज़रूरी है, diperlukan untuk mengubah pengaturan gambar Avatar, è necessario per modificare le impostazioni di gioco dell'avatar, がアバターゲーム設定の変更には必要です,은(는) 아바타 게임 설정을 변경하는 데 필요합니다, to wymóg w przypadku zmiany ustawień gry związanych z awatarem, é necessário para mudar as configurações do avatar no jogo,требуется для изменения игровых настроек аватара, จำเป็นสำหรับการเปลี่ยนแปลงการตั้งค่าเกมอวาตาร์, olmadan oyunun avatar ayarları değiştirilemez, là cần thiết để thay đổi cài đặt trò chơi Avatar,是更改虚拟形象游戏设置所必需的,是更改虚拟形象游戏设置所必需的,才可變更虛擬人偶遊戲設定
Studio.GameSettings.General.TitleCollaborators,,,Collaborators,Collaborators,المتعاونون,Mitwirkende,Colaboradores,Collaborateurs,कोलैबरेटर,Kolaborator,Collaboratori,共同制作者,공동 작업자,Współtwórcy,Colaboradores,Участники совместной работы,ผู้ร่วมงาน,Ortak Çalışanlar,Cộng Tác Viên,协作者,协作者,合夥人
Studio.GameSettings.General.DevSubsNewHeader,,,New Subscription,New Subscription,اشتراك جديد,Neues Abonnement,Nueva suscripción,Nouvel abonnement,नया सब्सक्रिप्शन,Subscription Baru,Nuovo abbonamento,新規サブスクリプション,새 구독,Nowa subskrypcja,Nova assinatura,Новая подписка разработчика,การสมัครสมาชิกใหม่,Yeni abonelik,Gói Đăng Ký Mới,新订阅,新订阅,新訂閱
Studio.GameSettings.General.DevSubsDiscontinuedHeader,,,Discontinued Developer Subscription,Discontinued Developer Subscription,اشتراك مطور متوقف,Abonnement für Entwickler eingestellt,Suscripción del desarrollador suspendida,Interruption de l'abonnement développeur,बंद किया गया डेवलपर सब्सक्रिप्शन,Subscription Developer Dihentikan,Abbonamento sviluppatore sospeso,失効済み開発者サブスクリプション,중단된 개발자 구독,Zakończona subskrypcja deweloperska,Assinatura de desenvolvedor suspensa,Не продленная подписка разработчика,หยุดการสมัครสมาชิกผู้พัฒนา,Durdurulmuş geliştirici aboneliği,Gói Đăng Ký Phát Triển Đã Ngừng Cung Cấp,取消的开发者订阅,取消的开发者订阅,已取消的開發者訂閱
Studio.GameSettings.General.DevSubsDeleteAction,,,Delete,Delete,حذف,Löschen,Eliminar,Supprimer,डिलीट करें,Hapus,Elimina,削除,삭제,Usuń,Apagar,Удалить,ลบ,Sil,Xóa,删除,删除,刪除
Studio.GameSettings.General.PublishIsRequiredHyperlink,,,Publishing the game to Roblox,Publishing the game to Roblox,نشر اللعبة على Roblox,Veröffentlichen des Spiels auf Roblox,Es necesario publicar el juego en Roblox,Publication du jeu sur Roblox,गेम को Roblox पर पब्लिश करना,Memublikasikan game ke Roblox,Pubblicare il gioco su Roblox,ゲームをRobloxで公開,Roblox에 게임 게시,Publikowanie gry na platformie Roblox,Publicando o jogo na Roblox,Публикация игры в Roblox,การเผยแพร่เกมไปยัง Roblox,Oyun Roblox'ta yayınlanıyor,Đăng trò chơi lên Roblox,正在将游戏发布到 Roblox,正在将游戏发布到 Roblox,遊戲發布到 Roblox
Studio.GameSettings.General.PublishIsRequiredSentence1,,, is required for {requiredForWhat}, is required for {requiredForWhat}, مطلوب لأجل {requiredForWhat}, ist erforderlich für {requiredForWhat}, se requiere para {requiredForWhat}, est exigé pour {requiredForWhat},{requiredForWhat} के लिए यह ज़रूरी है, diperlukan untuk {requiredForWhat}, è necessario per {requiredForWhat}, が {requiredForWhat} に必要です,은(는) {requiredForWhat}에 필요합니다, to wymóg w następującym przypadku: {requiredForWhat}, é necessário para {requiredForWhat},требуется для: {requiredForWhat}, จำเป็นสำหรับ{requiredForWhat}, olmadan {requiredForWhat} yapılamaz, là cần thiết cho {requiredForWhat},是 {requiredForWhat} 所必需的,是 {requiredForWhat} 所必需的,才可{requiredForWhat}
Studio.GameSettings.General.WorldPresetsClassic,,,Classic,Classic,كلاسيكي,Klassisch,Clásico,Classique,क्लासिक,Klasik,Classico,定番,클래식,Klasyczny,Clássico,Классический,คลาสสิก,Klasik,Cổ Điển,经典,经典,經典
Studio.GameSettings.General.WorldPresetsRealistic,,,Realistic,Realistic,واقعي,Realistisch,Realístico,Réaliste,रियल जैसा,Realistis,Realistico,リアル,리얼,Realistyczny,Realista,Реалистичный,สมจริง,Gerçekçi,Thực Tế,现实,现实,真實
Studio.GameSettings.General.WorldPresetsAction,,,Action,Action,أكشن,Action,Acción,Action,ऐक्शन,Tindakan,Azione,動作,액션,Akcja,Ação,Действие,แอ็คชัน,Eylem,Hành Động,动作,动作,動作
Studio.GameSettings.General.WorldPresetsClassicToolTip,,,"Classic Roblox, heavier gravity, higher jump","Classic Roblox, heavier gravity, higher jump",Roblox كلاسيكي، جاذبية أثقل، قفزة أعلى,"Klassisches Roblox, schwerere Schwerkraft, höherer Sprung","Roblox clásico, más gravedad, salto más alto","Roblox classique, gravité plus forte, saut plus haut","क्लासिक Roblox, भारी ग्रैविटी, ज़्यादा ऊँचा जंप","Classic Roblox, gravitasi lebih berat, loncat lebih tinggi","Preset tipico di Roblox, gravità più elevata, salto più alto",定番のRoblox、高い重力、もっと高いジャンプ,"전형적 Roblox, 무거운 중력, 높은 점프","Klasyczny Roblox, zmodyfikowana grawitacja, wyższe skoki","Roblox clássico, gravidade mais pesada, pulo mais alto","Классика Roblox, гравитация выше, прыжки выше","Roblox คลาสสิก, แรงโน้มถ่วงสูง, กระโดดสูงขึ้น","Klasik Roblox, daha ağır yer çekimi, daha yükseğe zıplama","Roblox Cổ Điển, trọng lực lớn hơn, nhảy cao hơn",经典 Roblox，重力加倍，跳得更高,经典 Roblox，重力加倍，跳得更高,經典 Roblox，重力和跳躍力增加
Studio.GameSettings.General.WorldPresetsRealisticToolTip,,,"Real world gravity, athletic human","Real world gravity, athletic human",جاذبية العالم الحقيقي، إنسان رياضي,"Reale Schwerkraft, athletischer Mensch","Gravedad del mundo real, humano atlético","Gravité du monde réel, humain athlétique","रियल वर्ल्ड ग्रैविटी, एथलेटिक ह्यूमन","Gravitasi dunia nyata, manusia atletis","Gravità del mondo reale, atleticità umana",現実世界の重力、アスレチックな人間,"실제 중력, 근육질 사람","Grawitacja świata rzeczywistego, atletyczni ludzie","Gravidade do mundo real, humano atlético","Реалистичная гравитация, человек спортивного телосложения","แรงโน้มถ่วงโลกแห่งความจริง, มนุษย์แข็งแรงว่องไว","Gerçek dünyadaki yer çekimi, atletik insan","Trọng lực chân thực, vận động viên",真实世界重力，运动员级别体能,真实世界重力，运动员级别体能,真實世界重力、健壯人物
Studio.GameSettings.General.WorldPresetsActionToolTip,,,"Slightly heavier gravity, jump higher, walk faster","Slightly heavier gravity, jump higher, walk faster",جاذبية أثقل قليلاً، قفزة أعلى، مشي أسرع,"Etwas schwerere Schwerkraft, höher springen, schneller gehen","Un poco más de gravedad, salto más alto, caminata más rápida","Gravité légèrement plus lourde, sauter plus haut, marcher plus vite","थोड़ी भारी ग्रैविटी, ज़्यादा ऊँचा जंप, तेज़ी से चलना","Gravitasi sedikit lebih berat, loncat lebih tinggi, berjalan lebih cepat","Gravità leggermente più elevata, salto più alto, camminata più veloce",少し高い重力、もっと高いジャンプ、もっと速い歩行,"다소 무거운 중력, 높은 점프, 빠른 걸음걸이","Lekko zmodyfikowana grawitacja, wyższe skoki, szybszy chód","Gravidade um pouco mais pesada, pulo mais alto, caminhada mais rápida","Гравитация немного выше, прыжки выше, ходьба быстрее","แรงโน้มถ่วงค่อนข้างสูง, กระโดดสูงขึ้น, เดินเร็วขึ้น","Biraz daha ağır yer çekimi, daha yükseğe zıplama, daha hızlı yürüme","Trọng lực lớn hơn một chút, nhảy cao hơn, đi bộ nhanh hơn",重力稍大，跳得更高，走得更快,重力稍大，跳得更高，走得更快,重力稍微增加、跳躍力和步行速度增加
Studio.GameSettings.General.GravityWorkspaceGravity,,,Workspace Gravity:,Workspace Gravity:,جاذبية Workspace:,Schwerkraft des Arbeitsbereichs:,Gravedad del espacio de trabajo:,Gravité de Workspace :,Workspace ग्रैविटी:,Gravitasi Workspace:,Gravità workspace:,ワークスペースの重力:,작업 공간 중력:,Grawitacja w przestrzeni roboczej:,Gravidade da área de trabalho:,Гравитация рабочей области:,แรงโน้มถ่วง Workspace:,Atölye yer çekimi:,Trọng Lực tại Workspace:,工作空间重力：,工作空间重力：,工作區重力：
Studio.GameSettings.General.JumpHeight,,,Jump Height:,Jump Height:,ارتفاع القفزة:,Sprunghöhe:,Altura del salto:,Hauteur de saut :,Jump की ऊँचाई:,Tinggi Loncat:,Altezza salto:,ジャンプの高さ:,점프 높이:,Wysokość skoku:,Altura do pulo:,Высота прыжка:,ความสูงการกระโดด:,Zıplama yüksekliği:,Chiều Cao Nhảy:,跳跃高度：,跳跃高度：,跳躍高度：
Studio.GameSettings.General.JumpPower,,,Jump Power:,Jump Power:,قوة القفزة:,Sprungkraft:,Potencia del salto:,Force du saut :,Jump पावर:,Kekuatan Loncat:,Potenza salto:,ジャンプ力:,점프력:,Siła skoku:,Força do pulo:,Сила прыжка:,พลังการกระโดด:,Zıplama gücü:,Lực nhảy:,跳跃强度：,跳跃强度：,跳躍力：
Studio.GameSettings.General.JumpDistance,,,Max Jump Distance:,Max Jump Distance:,أقصى مسافة للقفزة:,Maximale Sprungweite:,Distancia máxima del salto:,Distance de saut maximale :,Jump की मैक्सिमम दूरी:,Jarak Loncat Maks:,Distanza massima di salto:,最大ジャンプ距離:,최대 점프 거리:,Maks. odległość skoku:,Distância máxima do pulo:,Макс. длина прыжка:,ระยะการกระโดดสูงสุด:,Maksimum zıplama mesafesi:,Khoảng Cách Nhảy Tối Đa:,最大跳跃距离：,最大跳跃距离：,最大跳躍距離：
Studio.GameSettings.General.WalkSpeed,,,Walk Speed:,Walk Speed:,سرعة المشي:,Gehgeschwindigkeit:,Velocidad de la caminata:,Vitesse de marche :,वॉक स्पीड:,Kecepatan Jalan:,Velocità camminata:,歩行スピード:,걷기 속도:,Szybkość chodzenia:,Velocidade de caminhada:,Скорость ходьбы:,ความเร็วการเดิน:,Yürüme hızı:,Tốc Độ Đi Bộ:,行走速度：,行走速度：,步行速度：
Studio.GameSettings.General.SlopeAngle,,,Max Slope Angle:,Max Slope Angle:,أقصى زاوية انحدار:,Maximaler Neigungswinkel:,Ángulo máximo de la pendiente:,Angle de pente maximum :,मैक्स स्लोप ऐंगल:,Sudut Kemiringan Maks:,Angolo di inclinazione massimo:,最大傾斜角度:,최대 경사각:,Maks. kąt nachylenia:,Ângulo máximo de ladeira:,Макс. угол уклона:,มุมลาดชันสูงสุด:,Maksimum eğim açısı:,Góc Dốc Tối Đa:,最大斜坡角度：,最大斜坡角度：,最大斜坡角度：
Studio.GameSettings.General.UnitsMetersPerSecondSquared,,,({number} meters/second^2),({number} meters/second^2),({number} متر/ثانية^2),({number} Meter/Sekunde^2),({number} metros/segundo^2),({number} mètre/seconde ^2),({number} मीटर/सेकंड^2),({number} meter/detik^2),({number} metri/secondo^2),({number} メートル/秒^2),({number}미터/초^2),({number} m/s^2),({number} metros/segundo^2),({number} м/сек^2),({number} เมตร/วินาที^2),({number} metre/saniye kare),({number} mét/giây^2),（{number} 米/秒^2）,（{number} 米/秒^2）,（{number} 米每平方秒）
Studio.GameSettings.General.UnitsMeters,,,({number} meters),({number} meters),({number} متر),({number} Meter),({number} metros),({number} mètre),({number} मीटर),({number} meter),({number} metri),({number} メートル),({number}미터),({number} m),({number} metros),({number} м),({number} เมตร),({number} metre),({number} mét),（{number} 米）,（{number} 米）,（{number} 公尺）
Studio.GameSettings.General.UnitsMetersPerSecond,,,({number} meters/second),({number} meters/second),({number} متر/ثانية),({number} Meter/Sekunde),({number} metros/segundo),({number} mètre/seconde),({number} मीटर/सेकंड),({number} meter/detik),({number} metri/secondo),({number} メートル/秒),({number}미터/초),({number} m/s),({number} metros/segundo),({number} м/сек),({number} เมตร/วินาที),({number} metre/saniye),({number} mét/giây),（{number} 米/秒）,（{number} 米/秒）,（{number} 公尺每秒）
Studio.GameSettings.General.PublishTheGameToRoblox,,,Publish the game to Roblox,Publish the game to Roblox,نشر اللعبة على Roblox,Spiel auf Roblox veröffentlichen,Publicar el juego en Roblox,Publier le jeu sur Roblox,गेम को Roblox पर पब्लिश करें,Publikasikan game ke Roblox,Pubblica il gioco su Roblox,ゲームをRobloxで公開,Roblox에 게임 게시,Opublikuj grę na platformie Roblox,Publicar o jogo na Roblox,Опубликовать игру в Roblox,เผยแพร่เกมไปยัง Roblox,Oyunu Roblox'ta yayınla,Đăng trò chơi lên Roblox,将游戏发布到 Roblox,将游戏发布到 Roblox,將遊戲發布到 Roblox
Studio.GameSettings.AccessPermissions.FriendsCollaboratorType,,,Friends,Friends,الأصدقاء,Freunde,Amigos,Amis,फ़्रेंड्स,Teman,Amici,友達,친구,Znajomi,Amigos,Друзья,เพื่อน,Arkadaşlar,Bạn Bè,好友,好友,好友
Studio.GameSettings.AccessPermissions.UsersCollaboratorType,,,Users,Users,المستخدمون,Benutzer,Usuarios,Utilisateurs,यूज़र्स,Pengguna,Utenti,ユーザー,사용자,Użytkownicy,Usuários,Пользователи,ผู้ใช้งาน,Kullanıcılar,Người Dùng,用户,用户,使用者
Studio.GameSettings.AccessPermissions.GroupsCollaboratorType,,,Groups,Groups,المجموعات,Gruppen,Grupos,Groupes,ग्रुप्स,Grup,Gruppi,グループ,그룹,Grupy,Grupos,Группы,กลุ่ม,Gruplar,Nhóm,群组,群组,群組
Studio.GameSettings.AccessPermissions.MyFriendsCollaborator,,,My Friends,My Friends,أصدقائي,Meine Freunde,Mis amigos,Mes amis,मेरे फ़्रेंड्स,Teman Saya,I miei amici,自分の友達,내 친구,Moi znajomi,Meus amigos,Мои друзья,เพื่อนของฉัน,Arkadaşlarım,Bạn Bè Của Tôi,我的好友,我的好友,我的好友
Studio.GameSettings.AccessPermissions.CollaboratorSearchbarDefaultText,,,Search by username,Search by username,البحث حسب اسم المستخدم,Suche nach Benutzernamen,Buscar por nombre de usuario,Recherche par nom d'utilisateur,यूज़रनेम से सर्च करें,Cari dengan nama pengguna,Cerca per nome utente,ユーザーネームでサーチ,사용자 이름으로 검색,Wyszukaj po nazwie użytkownika,Buscar por nome de usuário,Искать по имени пользователя или названию группы,ค้นหาโดยใช้ชื่อผู้ใช้งาน,Kullanıcı adıyla ara,Tìm theo tên tài khoản,按用户名搜索,按用户名搜索,以使用者名稱搜尋
Studio.GameSettings.AccessPermissions.CollaboratorSearchbarTooManyText1,,,You cannot add more than {maxNumCollaborators:int} collaborators,You cannot add more than {maxNumCollaborators:int} collaborators,لا يمكنك إضافة أكثر من {maxNumCollaborators:int} من المتعاونين,Du kannst nicht mehr als {maxNumCollaborators:int} Mitwirkende hinzufügen,No puedes añadir más de {maxNumCollaborators:int} colaboradores,Tu ne peux pas ajouter plus de {maxNumCollaborators:int} collaborateurs,{maxNumCollaborators:int} कोलैबरेटर से ज़्यादा नहीं जोड़े जा सकते,Kamu tidak bisa menambahkan lebih dari {maxNumCollaborators:int} kolaborator,Non puoi aggiungere più di {maxNumCollaborators:int} collaboratori,共同制作者は {maxNumCollaborators:int} 人以上、追加できません,공동 작업자는 최대 {maxNumCollaborators:int}명까지만 추가할 수 있습니다.,Nie można dodać więcej niż {maxNumCollaborators:int} współtwórców,Você não pode adicionar mais do que {maxNumCollaborators:int} colaboradores,Можно добавить не более {maxNumCollaborators:int} участников,คุณไม่สามารถเพิ่มผู้ร่วมงานได้มากกว่า {maxNumCollaborators:int} คน,En fazla {maxNumCollaborators:int} ortak çalışan ekleyebilirsin,Bạn không thể thêm nhiều hơn {maxNumCollaborators:int} cộng tác viên,无法添加 {maxNumCollaborators:int} 位以上的协作者,无法添加 {maxNumCollaborators:int} 位以上的协作者,無法增加超過 {maxNumCollaborators:int} 名合夥人
Studio.GameSettings.AccessPermissions.CollaboratorSearchbarNoResultsText,,,There were no results,There were no results,لم يتم العثور على نتائج,Es gab keine Ergebnisse,No hay resultados,Il n'y a pas de résultats,कोई रिज़ल्ट नहीं मिला,Tidak ada hasil,Nessun risultato,結果がありませんでした,결과가 없습니다,Brak wyników,Não há resultados,Результатов нет,ไม่มีผลลัพธ์,Sonuç bulunamadı,Không có kết quả,没有结果,没有结果,沒有結果
Studio.GameSettings.AccessPermissions.PublishRequiredForCollaborators,,,adding collaborators,adding collaborators,إضافة متعاونين,Mitwirkende hinzufügen,añadiendo colaboradores,ajout de collaborateurs,कोलैबरेटर जोड़ना,menambahkan kolaborator,per l'aggiunta dei collaboratori,共同制作者を追加中,공동 작업자 추가,dodawanie współtwórców,adicionar colaboradores,добавление участников совместной работы,กําลังเพิ่มผู้ร่วมงาน,ortak çalışan ekleme,thêm cộng tác viên,正在添加协作者,正在添加协作者,增加合夥人
Studio.GameSettings.AccessPermissions.TeamCreateWarning,,,"To add collaborators, turn on Team Create","To add collaborators, turn on Team Create","لإضافة متعاونين، شغِّل أداة ""إنشاء فريق""","Um Mitwirkende hinzuzufügen, aktiviere Team Create","Para añadir colaboradores, activa Creación en equipo","Pour ajouter des collaborateurs, mettre sur Créer équipe","कोलैबरेटर जोड़ने के लिए, 'टीम क्रिएट' चालू करें","Untuk menambahkan kolaborator, aktifkan Kreasi Bersama","Per aggiungere collaboratori, attiva Creazione di squadra",共同制作者を追加するには、チーム制作機能をオンにする,공동 작업자를 추가하려면 팀 제작을 활성화하세요,"Aby dodać współtwórców, należy włączyć tworzenie zespołowe","Para adicionar colaboradores, habilite a criação em equipe",Для добавления включите совместную разработку,หากต้องการเพิ่มผู้ร่วมงาน เปิดการสร้างร่วมกับเพื่อน,Ortak çalışan ekleyebilmek için Takım Çalışması özelliğini aç,"Để thêm cộng tác viên, hãy bật Team Create",要添加协作者，请打开“组队创作”,要添加协作者，请打开“组队创作”,若要增加合夥人，請開啟團隊創作
Studio.GameSettings.DraftGames.PublishRequiredToActivatePlayability,,, to activate Playability options, to activate Playability options, لتنشيط خيارات قابلية اللعب, um Spielbarkeitsoptionen zu aktivieren, para activar las opciones de Jugabilidad, pour activer les options de capacité de jouer, खेलने के लायक विकल्पों को ऐक्टिवेट करने के लिए, untuk mengaktifkan opsi Bisa Dimainkan, per attivare le opzioni di giocabilità, ことでプレイヤビリティオプションを有効化, 플레이 가능 옵션 활성화, w celu aktywowania opcji możliwości grania, para ativar opções de Jogabilidade,для активации параметров играемости, เพื่อเปิดใช้งานตัวเลือกสิทธิ์ในการเล่น, Oynanabilirlik seçeneklerini etkinleştirmek için, để kích hoạt các tùy chọn Khả Năng Chơi, 以激活“游戏受众”选项, 以激活“游戏受众”选项,才可啟用權限選項
Studio.GameSettings.AccessPermissions.DEPRECATED_CollaboratorSearchbarDefaultText,,,Search by user or group name,Search by user or group name,البحث حسب اسم المستخدم أو المجموعة,Suche nach Benutzer- oder Gruppennamen,Buscar por usuario o nombre de grupo,Rechercher par utilisateur ou nom de groupe,यूज़र या ग्रुप नाम से सर्च करें,Cari berdasarkan pengguna atau nama grup,Cerca per nome utente o per nome del gruppo,ユーザーかグループ名でサーチ,사용자 또는 그룹 이름으로 검색,Wyszukaj według nazwy użytkownika lub grupy,Pesquisar por nome de usuário ou nome de grupo,,ค้นหาโดยชื่อผู้ใช้งานหรือชื่อกลุ่ม,Kullanıcı veya grup adıyla ara,Tìm kiếm theo tên tài khoản hoặc tên nhóm,按用户或群组名称搜索,按用户或群组名称搜索,依使用者或群組名稱搜尋
Studio.GameSettings.AccessPermissions.PermissionsUpdateMessage,,, We've updated our permission system!, We've updated our permission system!, لقد حدّثنا نظام الأذونات لدينا!, Wir haben unser Berechtigungssystem aktualisiert!, Hemos actualizado nuestro sistema de permisos., Nous avons mis à jour le système de permission !, हमने अपना परमिशन सिस्टम अपडेट कर दिया है!, Kami telah memperbarui sistem izin kami!, Abbiamo aggiornato il nostro sistema di autorizzazioni!, 権限システムを更新しました！,권한 시스템을 업데이트했습니다!, Zaktualizowaliśmy nasz system uprawnień!, Atualizamos nosso sistema de permissões!,, เราได้อัปเดตระบบสิทธิ์ของเราแล้ว!, İzin sistemimizi güncelledik!, Chúng tôi đã cập nhật hệ thống phân quyền!, 我们对权限系统进行了更新！, 我们对权限系统进行了更新！,我們更新了權限系統！
Studio.GameSettings.AccessPermissions.UpdateHyperlinkText,,, Learn more, Learn more, معرفة المزيد, Mehr erfahren, Aprende más, En apprendre plus, ज़्यादा जानें, Pelajari selengkapnya, Maggiori informazioni, もっと詳しく, 더 알아보기, Dowiedz się więcej, Saiba mais,, เรียนรู้เพิ่มเติม, Daha fazla bilgi edin, Tìm hiểu thêm, 了解更多, 了解更多,了解更多
Studio.GameSettings.General.CategoryLocalization,,,Localization,Localization,التعريب,Lokalisierung,Localización,Localisation,लोकलाइज़ेशन,Pelokalan,Localizzazione,多言語化,로컬라이제이션,Lokalizacja,Localização,,การแปล,Yerelleştirme,Bản Địa Hóa,本地化,本地化,在地化
Studio.GameSettings.General.SourceLanguageTitle,,,Source Language,Source Language,اللغة المصدر,Ausgangssprache,Idioma de origen,Langue source,सोर्स लैंग्वेज,Bahasa Sumber,Lingua di origine,ソース言語,소스 언어,Język źródłowy,Idioma fonte,,ภาษาต้นฉบับ,Kaynak Dil,Ngôn Ngữ Nguồn,源语言,源语言,原始語言
Studio.GameSettings.General.SourceLanguageDesc,,,The source language represents the language that the game has been written in.,The source language represents the language that the game has been written in.,تمثل اللغة المصدر اللغة الأصلية التي أُنشئت بها اللعبة.,"Die Ausgangssprache steht für die Sprache, in der das Spiel geschrieben wurde.",El idioma de origen representa el idioma en el que se escribió el juego.,La langue source représente la langue dans laquelle le jeu a été écrit.,"सोर्स लैंग्वेज वही भाषा है, जिसमें वह एक्सपीरिएंस लिखा गया है.",Bahasa sumber merepresentasikan bahasa yang digunakan saat game pertama kali dibuat.,La lingua di origine rappresenta la lingua in cui è stato scritto il gioco.,ソース言語は、ゲームが書かれた言語を意味します。,소스 언어란 게임 제작 시 사용된 언어를 뜻합니다.,"Język źródłowy odzwierciedla język, w którym gra została stworzona.",O idioma fonte representa a língua em que o jogo foi escrito.,,ภาษาต้นฉบับคือภาษาที่ใช้ในการเขียนเกม,"Kaynak dil, oyunun yazıldığı dili temsil eder.",Ngôn ngữ nguồn là ngôn ngữ được dùng để viết trò chơi.,源语言代表制作游戏时使用的开发语言。,源语言代表制作游戏时使用的开发语言。,原始語言為創作遊戲使用的語言。
Studio.GameSettings.General.AutoTextCaptureTitle,,,Automatic Text Capture,Automatic Text Capture,التقاط النص التلقائي,Automatische Texterfassung,Captura automática del texto,Capture automatique du texte,ऑटोमैटिक टेक्स्ट कैप्चर,Pengambilan Teks Otomatis,Cattura testo automatica,自動テキスト抽出,자동 텍스트 캡처,Automatyczne przechwytywanie tekstu,Captura automática de texto,,ดึงข้อความโดยอัตโนมัติ,Otomatik Metin Yakalama,Tự Động Chụp Văn Bản,自动文本抓取,自动文本抓取,自動文字擷取
Studio.GameSettings.General.AutoTextCaptureDesc,,,Automatically capture text from game UI while players play.,Automatically capture text from game UI while players play.,التقاط النص تلقائيًا من واجهة مستخدم اللعبة أثناء لعب اللاعبين.,"Erfasse automatisch Text von der Benutzeroberfläche des Spiels, während die Spieler spielen.",Captura automáticamente el texto de la interfaz de usuario mientras los jugadores están jugando.,Capture automatique du texte dans l'interface utilisateur pendant que les joueurs sont en train de jouer.,"खिलाड़ियों के खेलने के दौरान, ऑटोमैटिक रूप से गेम UI से टेक्स्ट कैप्चर करना",Mengambil teks secara otomatis dari UI game saat pemain sedang bermain.,Cattura automaticamente il testo dall'interfaccia di gioco mentre gli utenti giocano.,プレイヤーがプレイしている間、ゲームUIから自動的にテキスト抽出。,플레이어가 플레이하는 동안 게임 UI에서 텍스트를 자동으로 캡처합니다.,Automatycznie przechwytuj tekst z interfejsu gry w projekcie podczas rozgrywki.,Captura texto automaticamente da interface de usuário enquanto os jogadores jogam.,,ดึงข้อความจาก UI ของเกมโดยอัตโนมัติในขณะที่ผู้เล่นกำลังเล่นอยู่,Oyun sırasında oyun arayüzünden otomatik metin yakala.,Tự động chụp văn bản từ UI của trò chơi khi người chơi chơi.,当玩家进行游戏时自动从游戏界面抓取文本。,当玩家进行游戏时自动从游戏界面抓取文本。,在玩家玩遊戲時自動從遊戲使用者介面擷取文字。
Studio.GameSettings.General.UseTranslatedContentTitle,,,Use Translated Content,Use Translated Content,استخدام المحتوى المترجم,Übersetzten Inhalt benutzen,Usar contenido traducido,Utiliser le contenu traduit,अनुवादित कॉन्टेंट का इस्तेमाल करें:,Gunakan Konten yang Diterjemahkan,Utilizza contenuti tradotti,翻訳済みのコンテンツを使用,번역된 콘텐츠 사용,Użycie przetłumaczonych treści,Usar conteúdo traduzido,,ใช้เนื้อหาที่แปลแล้ว,Çevrilmiş içerik kullan,Sử Dụng Nội Dung Đã Dịch,使用已翻译的内容,使用已翻译的内容,使用已翻譯內容
Studio.GameSettings.General.UseTranslatedContentDesc,,,Enable translated content in game.,Enable translated content in game.,تمكين المحتوى المترجم في اللعبة.,Aktiviere übersetzte Inhalte im Spiel.,Activar contenido traducido en el juego.,Activer le contenu gratuit dans le jeu.,गेम में ट्रांसलेट किया गया कॉन्टेंट चालू करें.,Mengaktifkan konten yang diterjemahkan di game.,Abilita i contenuti tradotti nel gioco.,ゲーム内で翻訳済みコンテンツを有効化。,번역된 콘텐츠를 게임에서 활성화합니다.,Włącz przetłumaczone treści w grze.,Ativar conteúdo traduzido no jogo.,,เปิดใช้เนื้อหาที่แปลแล้วในเกม,Çevrilmiş içerikleri oyunda etkinleştir.,Bật nội dung đã được dịch trong trò chơi.,在游戏中启用已翻译的内容。,在游戏中启用已翻译的内容。,在遊戲內啟用已翻譯內容。
Studio.GameSettings.General.AutoTranslationTitle,,,Automatic Translation,Automatic Translation,الترجمة التلقائية,Automatische Übersetzung,Traducción automática,Traduction automatique,ऑटोमैटिक अनुवाद,Terjemahan Otomatis,Traduzione automatica,自動翻訳,자동 번역,Tłumaczenie automatyczne,Tradução automática,,แปลโดยอัตโนมัติ,Otomatik Çeviri,Bản Dịch Tự Động,自动翻译,自动翻译,自動翻譯
Studio.GameSettings.General.AutoTranslationOnlyAvailableForEnMessage,,,Automatic translation is unavailable for current source language.,Automatic translation is unavailable for current source language.,الترجمة التلقائية غير متاحة للغة المصدر الحالية.,Die automatische Übersetzung ist für die aktuelle Ausgangssprache nicht verfügbar.,La traducción automática no está disponible para ese idioma de origen.,La traduction automatique n'est pas disponible pour la langue source en cours.,मौजूदा सोर्स भाषा के लिए ऑटोमैटिक अनुवाद उपलब्ध नहीं है.,Terjemahan otomatis tidak tersedia untuk bahasa sumber saat ini.,La traduzione automatica non è disponibile per la lingua di origine in uso.,自動翻訳は現在のソース言語には利用できません。,해당 소스 언어에는 자동 번역이 제공되지 않습니다.,Tłumaczenie automatyczne jest niedostępne dla bieżącego języka źródłowego.,A tradução automática não está disponível para o idioma-fonte atual.,,การแปลโดยอัตโนมัติไม่พร้อมใช้งานสำหรับภาษาต้นฉบับปัจจุบัน,Mevcut kaynak dil için otomatik çeviri kullanılamıyor.,Bản dịch tự động không có sẵn cho ngôn ngữ nguồn hiện tại.,当前源语言无法使用自动翻译。,当前源语言无法使用自动翻译。,目前原始語言無法使用自動翻譯。
Studio.GameSettings.General.LocalizationSettingsLinkText,,,Click here,Click here,اضغط هنا,Hier klicken,Hacer clic aquí,Clique ici,यहाँ क्लिक करें,Klik di sini,Clicca qui,ここをクリック,여기를 클릭하면,Kliknij tutaj,Clique aqui,,คลิกที่นี่,Buraya tıklayarak,Bấm vào đây,点击此处,点击此处,按下此處
Studio.GameSettings.General.LocalizationSettingsNonLinkText,,, to further manage the cloud localization table for this game., to further manage the cloud localization table for this game., لإدارة جدول التعريب السحابي لهذه اللعبة بشكل أكبر.,", um die Cloud-Lokalisierungstabelle für dieses Spiel weiter zu verwalten.", para seguir gestionando la tabla de localización en la nube para este juego., pour gérer davantage le tableau de localization cloud pour ce jeu., इस गेम के लिए क्लाउड लोकलाइज़ेशन टेबल को और मैनेज करने के लिए., untuk mengelola lebih lanjut tabel pelokalan cloud untuk game ini., per gestire la tabella di localizzazione del cloud di questo gioco., でこのゲームのクラウド多言語化テーブルをさらに管理する。, 이 게임의 클라우드 로컬라이제이션 테이블을 추가로 관리할 수 있습니다., w celu zarządzania tabelą lokalizacji w chmurze dla tej gry., para o gerenciamento avançado da tabela de localização na nuvem para este jogo.,, เพื่อจัดการตารางการแปลคลาวด์ของเกมนี้เพิ่มเติม, oyunun bulut yerelleştirme tablosunu daha detaylı bir şekilde yönet., để quản lý thêm bảng bản địa hóa đám mây cho trò chơi này., 进一步管理此游戏的云本地化表格。, 进一步管理此游戏的云本地化表格。,才可進一步管理此遊戲的雲端在地化表格。
Studio.GameSettings.General.LocalizationSettingsPublishMessageLinkText,,,Publishing a game is required,Publishing a game is required,يلزم نشر لعبة,Veröffentlichen eines Spiels auf Roblox ist erforderlich,Se requiere publicar el juego,La publication d'un jeu est exigée,गेम पब्लिश करना ज़रूरी है,Diperlukan publikasi game,Occorre pubblicare un gioco,ゲームの公開が必要です,먼저 게임을 게시해야 합니다,Wymagane jest opublikowanie gry,É necessário publicar o jogo,,จำเป็นต้องมีการเผยแพร่เกม,Oyun yayınlamadan,Yêu cầu phát hành một trò chơi,必须先发布游戏,必须先发布游戏,必須先發布遊戲
Studio.GameSettings.General.LocalizationSettingsPublishMessageNonLinkText,,, to activate Localization options., to activate Localization options., لتنشيط خيارات التعريب.,", um Lokalisierungsoptionen zu aktivieren.", para activar las opciones de localización., pour activer les options de localization., लोकलाइज़ेशन ऑप्शन्स को ऐक्टिवेट करें., untuk mengaktifkan opsi Pelokalan., per attivare le opzioni di localizzazione., で多言語化オプションを有効化。, 그러면 로컬라이제이션 옵션을 활성화할 수 있습니다., w celu aktywowania opcji lokalizacji., para ativar as opções de localização.,, เพื่อเปิดใช้งานตัวเลือกการแปล, Yerelleştirme seçenekleri etkinleştirilemez., để kích hoạt các tùy chọn Bản Địa Hóa., 方可启用本地化选项。, 方可启用本地化选项。,才可啟用在地化選項。
Studio.GameSettings.General.CategoryPlaces,,,Places,Places,أماكن,Orte,Lugares,Emplacements,प्लेस,Tempat,Località,プレース,플레이스,Miejsca,Locais,,สถานที่,Mekânlar,Địa Điểm,场景,场景,地點
Studio.GameSettings.General.ButtonCreate,,,Create,Create,إنشاء,Erstellen,Crear,Créer,क्रिएट करें,Buat,Crea,作成,만들기,Utwórz,Criar,,สร้าง,Oluştur,Tạo,创建,创建,創作
Studio.GameSettings.General.ButtonEdit,,,Edit,Edit,تحرير,Bearbeiten,Editar,Modifier,एडिट करें,Edit,Modifica,編集,편집,Edytuj,Editar,,แก้ไข,Düzenle,Chỉnh Sửa,编辑,编辑,編輯
Studio.GameSettings.General.ButtonView,,,View,View,عرض,Anzeigen,Ver,Visualiser,देखें,Lihat,Visualizza,表示,보기,Wyświetl,Ver,,มุมมอง,Görüntüle,Xem,视图,视图,檢視
Studio.GameSettings.General.UnitsMetersPerSecondSquared1,,,({1} meters/second^2),({1} meters/second^2),({1} متر/ثانية^2),({1} Meter/Sekunde^2),({1} metros/segundo^2),({1} mètre/seconde^2),({1} मीटर/सेकंड^2),({1} meter/detik^2),({1} metri/secondo^2),({1} メートル/秒^2),({1}미터/초^2),({1} m/s^2),({1} metros/segundo^2),,({1} เมตร/วินาที^2),({1} metre/saniye kare),({1} mét/giây^2),（{1} 米/秒 ^ 2）,（{1} 米/秒 ^ 2）,（{1} 公尺每平方秒）
Studio.GameSettings.General.UnitsMeters1,,,({1} meters),({1} meters),({1} متر),({1} Meter),({1} metros),({1} mètres),({1} मीटर),({1} meter),({1} metri),({1} メートル),({1}미터),({1} m),({1} metros),,({1} เมตร),({1} metre),({1} mét),（{1} 米）,（{1} 米）,（{1} 公尺）
Studio.GameSettings.General.UnitsMetersPerSecond1,,,({1} meters/second),({1} meters/second),({1} متر/ثانية),({1} Meter/Sekunde),({1} metros/segundo),({1} mètre/seconde),({1} मीटर/सेकंड^2),({1} meter/detik),({1} metri/secondo),({1} メートル/秒),({1}미터/초),({1} m/s),({1} metros/segundo),,({1} เมตร/วินาที),({1} metre/saniye),({1} mét/giây),（{1} 米/秒）,（{1} 米/秒）,（{1} 公尺每秒）
Studio.GameSettings.Places.PlaceVersion,,,Place Version,Place Version,إصدار المكان,Orts-Version,Versión del lugar,Version emplacement,प्लेस वर्शन,Versi Tempat,Versione della località,プレースのバージョン,플레이스 버전,Wersja miejsca,Versão do local,,เวอร์ชันสถานที่,Mekân sürümü,Phiên Bản Địa Điểm,场景版本,场景版本,地點版本
Studio.GameSettings.Places.PlaceName,,,Place Name,Place Name,اسم المكان,Ortsname,Nombre del lugar,Nom de l'emplacement,प्लेस का नाम,Nama Tempat,Nome della località,プレース名,플레이스 이름,Nazwa miejsca,Nome do local,,ชื่อสถานที่,Mekân adı,Tên Địa Điểm,场景名称,场景名称,地點名稱
Studio.GameSettings.Places.EditPlace,,,Edit Place,Edit Place,تحرير المكان,Ort bearbeiten,Editar lugar,Modifier emplacement,प्लेस में बदलाव करें,Edit Tempat,Modifica località,プレースを編集,플레이스 편집,Edytuj miejsce,Editar local,,แก้ไขสถานที่,Mekânı düzenle,Chỉnh Sửa Địa Điểm,编辑场景,编辑场景,編輯地點
Studio.GameSettings.Places.MaxPlayers,,,Max Players,Max Players,الحد الأقصى لعدد اللاعبين,Max. Spieler,Máx. de jugadores,Max Joueurs,ज़्यादा से ज़्यादा प्लेयर,Pemain Maks,Giocatori max,最大プレイヤー数,최대 플레이어 수,Maks. liczba graczy,Máximo de jogadores,,จำนวนผู้เล่นสูงสุด,Maks. Oyuncu,Số Người Chơi Tối Đa,玩家数量上限,玩家数量上限,玩家人數上限
Studio.GameSettings.Places.MaxPlayersSubText,,,Maximum number of players allowed in a single instance of the game.,Maximum number of players allowed in a single instance of the game.,الحد الأقصى لعدد اللاعبين المسموح به في حالة واحدة من اللعبة.,"Maximale Anzahl von Spielern, die in einer einzigen Instanz des Spiels erlaubt sind.",Número máximo de jugadores que se permite en una instancia única de juego.,Nombre maximum de joueurs permis dans une seule instance de jeu.,गेम के एक ही इंस्टैंस में अनुमत प्लेयर्स की मैक्सिमम संख्या.,Jumlah maksimum pemain yang diizinkan dalam satu instance game.,Numero massimo di giocatori consentito in una singola istanza del gioco.,1つのゲームインスタンスで許可されている最大プレイヤー数。,하나의 게임 인스턴스에서 허용되는 최대 플레이어 수.,Maksymalna liczba graczy dozwolona w jednej instancji gry.,Número máximo de jogadores permitidos em uma única instância do jogo.,,จํานวนผู้เล่นสูงสุดที่อนุญาตในอินสแตนซ์เดียวของเกม,Tek oyun örneğinde izin verilen maksimum oyuncu sayısı.,Số người chơi tối đa được phép trong một phiên bản duy nhất của trò chơi.,游戏的每个实例中所允许的玩家数量上限。,游戏的每个实例中所允许的玩家数量上限。,每一個遊戲個體允許的玩家人數上限。
Studio.GameSettings.Places.ServerFill,,,Server Fill,Server Fill,تعبئة الخادم,Serverfüllung,Relleno del servidor,Alimentation serveur,सर्वर भरना,Isi Server,Riempimento server,サーバー充填,서버 채우기,Zapełnienie serwera,Preenchimento do servidor,,การเติมเต็มเซิร์ฟเวอร์,Sunucu Doldurma,Làm Đầy Máy Chủ,服务器填充,服务器填充,伺服器填滿方式
Studio.GameSettings.Places.OptimizedTitle,,,Roblox Optimized,Roblox Optimized,تحسين التجربة في Roblox,Roblox-optimiert,Roblox optimizado,Roblox optimisé,Roblox ऑप्टिमाइज़ किया गया,Dioptimalkan untuk Roblox,Ottimizzazione Roblox,Roblox最適化済み,Roblox 최적화됨,Optymalizacja pod kątem platformy Roblox,Roblox otimizada,,ปรับ Roblox ให้เหมาะสมแล้ว,Roblox Optimizasyonu,Roblox Được Tối Ưu Hóa,Roblox 优化,Roblox 优化,Roblox 優化
Studio.GameSettings.Places.OptimizedDescription,,,Fills your server to optimize for the best social gameplay experience.,Fills your server to optimize for the best social gameplay experience.,تعبئة الخادم لديك لتحسين الأداء والحصول على أفضل تجربة للعب على منصات التواصل الاجتماعي.,"Füllt deinen Server, um das beste soziale Spiel-Experience zu ermöglichen.",Llena tu servidor para optimizar la mejor experiencia social de juego.,Alimente ton serveur pour optimiser la meilleure expérience de jeu.,"सबसे अच्छे सोशल गेमप्ले एक्सपीरिएंस को ऑप्टिमाइज़ करने के लिए, आपका सर्वर भरता है.",Mengisi server kamu untuk mengoptimalkan pengalaman gameplay sosial terbaik.,Riempie il tuo server per garantire la migliore esperienza di gioco sociale.,最高のソーシャルゲームプレイ体験のためには、サーバーを充填して最適化。,최고의 소셜 게임 플레이 경험을 위해 서버를 채워 최적화합니다.,Zapełnia serwer w celu zapewnienia optymalnych wrażeń z rozgrywki w ramach społeczności.,Preencha seu servidor para otimizar e obter a melhor experiência de jogo social.,,เติมเซิร์ฟเวอร์ของคุณเพื่อประสบการณ์การเล่นเกมทางสังคมที่ดีที่สุด,En iyi sosyal oyun deneyimini sunmaya yönelik optimizasyon için sunucunu doldurur.,Làm đầy máy chủ của bạn để tối ưu hóa cho trải nghiệm lối chơi xã hội tốt nhất.,Roblox 将自动优化服务器的填充方式以获得最佳社交游戏体验。,Roblox 将自动优化服务器的填充方式以获得最佳社交游戏体验。,使用優化社交遊戲體驗的伺服器填滿方式。
Studio.GameSettings.Places.MaximumTitle,,,Maximum,Maximum,الحد الأقصى,Maximum,Máximo,Maximum,ज़्यादा से ज़्यादा,Maksimum,Massimo,最大,최대,Maksymalne,Máximo,,สูงสุด,Maksimum,Tối Đa,最大人数,最大人数,最大化
Studio.GameSettings.Places.MaximumWarning,,,Choosing this option could cause you to lose out on gameplay time and Robux earned.,Choosing this option could cause you to lose out on gameplay time and Robux earned.,قد يؤدي اختيار هذا الخيار إلى خسارتك لوقت اللعب وعملات Robux التي كسبتها.,"Wenn du diese Option wählst, kann es sein, dass du Spielzeit und verdiente Robux verlierst.","Si eliges esta opción, puedes perder tiempo de juego y Robux ganados.","En choisissant cette option, tu risques de perdre du temps de jeu et des Robux que tu as gagnés.","इस विकल्प को चुनने से गेमप्ले का समय और कमाए हुए Robux, आपसे वापस लिए जा सकते हैं.",Memilih opsi ini dapat membuatmu kehilangan waktu gameplay dan Robux yang diperoleh.,"Se scegli quest'opzione, potresti perdere tempo di gioco e i Robux guadagnati.",このオプションを選ぶと、ゲームプレイ時間と獲得済みのRobuxが減る原因となる可能性があります。,이 옵션을 선택하면 게임 플레이 시간 및 Robux 수익이 감소할 수 있습니다.,Wybranie tej opcji może ograniczyć czas rozgrywki i liczbę zarabianych Robuxów.,Escolher esta opção pode causar a perda de tempo de jogo e Robux recebidos.,,การเลือกตัวเลือกนี้อาจทําให้คุณเสียเวลาในการเล่นเกมและ Robux ที่ได้รับ,Bu seçeneğin etkinleştirilmesi oyun süresi ve kazanılan Robux kaybına yol açabilir.,Chọn tùy chọn này có thể khiến bạn tốn nhiều thời gian chơi và tiêu nhiều Robux hơn.,选择该选项后可能会导致产品的游戏时间与 Robux 收入下降。,选择该选项后可能会导致产品的游戏时间与 Robux 收入下降。,此選項可能會導致您的遊戲時間與賺取 Robux 下降。
Studio.GameSettings.Places.CustomizeSlotsTitle,,,Customize Reserved Server Slots,Customize Reserved Server Slots,تخصيص مواضع الخادم المحجوزة,Reservierte Serverplätze anpassen,Personalizar los espacios reservados en el servidor,Personnaliser les slots de serveurs réservés,कस्टमाइज़ किए गए रिज़र्व्ड सर्वर स्लॉट,Kustomisasi Slot Server yang Disisihkan,Personalizza slot server riservati,予約済みのサーバースロットをカスタマイズ,예약 서버 슬롯 사용자 정의,Dostosuj zarezerwowane miejsca na serwerze,Personalizar espaços reservados de servidor,,กำหนดช่องเซิร์ฟเวอร์ที่จองไว้,Sunucuda Özel Ayrılmış Yerler,Tùy Chỉnh Các Chỗ Mà Bạn Giữ Trong Máy Chủ,自定义服务器留位数量,自定义服务器留位数量,自訂預留伺服器名額
Studio.GameSettings.Places.CustomizeSlotsDescription,,,Friends are more likely to join players in your game if you reserve slots.,Friends are more likely to join players in your game if you reserve slots.,من المرجح أن ينضم الأصدقاء إلى اللاعبين في لعبتك إذا حجزت مواضع لهم.,"Es ist wahrscheinlicher, dass Freunde den Spielern in deinem Spiel beitreten, wenn du Plätze reservierst.",Es más probable que los amigos se unan a tu juego si reservar espacios.,Les amis sont plus susceptibles de rejoindre les joueurs dans ton jeu si tu réserves des créneaux.,"अगर स्लॉट रिज़र्व किए जाते हैं, तो आपके फ़्रेंड की आपके गेम में खिलाड़ियों से जुड़ने की संभावना ज़्यादा हो जाएगी.",Teman lebih mungkin bergabung bersama pemain di game kamu jika kamu menyisihkan slot.,"Riservando gli slot, gli amici saranno più propensi a unirsi al tuo gioco.",スロットを予約すると、友達があなたのゲーム上のプレイヤーに参加する可能性が高くなります。,슬롯을 예약하면 플레이어가 내 게임에서 친구와 합류할 수 있는 가능성이 높아집니다.,"Jeśli zarezerwujesz miejsca, zwiększysz prawdopodobieństwo, że do osób grających w twoją grę będą dołączać znajomi.",Amigos tendem a se juntar a jogadores em seu jogo se você reservar espaços.,,เพื่อนจะมีแนวโน้มที่จะเข้าร่วมกับผู้เล่นในเกมของคุณหากคุณจองช่องไว้,Oyununda onlara yer ayırırsan arkadaşlarının katılma ihtimalini artırırsın.,Bạn bè có nhiều khả năng tham gia trong trò chơi của bạn hơn nếu bạn giữ chỗ.,如果在服务器上预留位置，玩家更有可能在游戏中加入其好友。,如果在服务器上预留位置，玩家更有可能在游戏中加入其好友。,若您為伺服器預留名額，玩家將更有可能加入在您的遊戲內的好友。
Studio.GameSettings.Places.VersionHistory,,,Version History,Version History,سجل الإصدارات,Versionsverlauf,Historial de la versión,Historique de la version,वर्शन हिस्ट्री,Histori Versi,Cronologia versioni,バージョン履歴,버전 기록,Historia wersji,Histórico da versão,,ประวัติเวอร์ชัน,Sürüm Geçmişi,Lịch Sử Phiên Bản,版本历史记录,版本历史记录,版本歷史紀錄
Studio.GameSettings.General.CategoryMonetization,,,Monetization,Monetization,الحصول على عائد,Monetarisierung,Monetización,Monétisation,मॉनेटाइज़ेशन,Monetisasi,Monetizzazione,収益化,수익 창출,Monetyzacja,Monetização,,การสร้างรายได้,Para Kazanma,Kiếm Tiền,盈利,盈利,營利
Studio.GameSettings.Monetization.FeeLabel,,,{1}% Fee:,{1}% Fee:,{1}% رسوم:,{1}% Gebühr:,Cuota del {1}%:,{1}% de frais :,{1}% शुल्क:,Biaya {1}%:,Commissione del {1}%:,{1}% の手数料:,{1}% 수수료:,Opłata {1}%:,{1}% de taxa:,,ค่าธรรมเนียม {1}%:,%{1} komisyon:,{1}% Phí:,{1}% 费用：,{1}% 费用：,{1}% 費用：
Studio.GameSettings.Monetization.TitlePaidAccess,,,Paid Access,Paid Access,استخدام مقابل الدفع,Bezahlter Zugang,Acceso de pago,Accès payant,पेड ऐक्सेस,Akses Berbayar,Accesso a pagamento,有料アクセス,유료 액세스,Płatny dostęp,Acesso pago,,การเข้าถึงที่มีค่าใช้จ่าย,Ücretli Erişim,Truy Cập Trả Phí,付费访问,付费访问,付費通行
Studio.GameSettings.Monetization.TitleVIPServers,,,VIP Servers,VIP Servers,خوادم VIP,VIP-Server,Servidores VIP,Serveurs VIP,VIP सर्वर,Server VIP,Server VIP,VIPサーバー,VIP 서버,Serwery VIP,Servidores VIP,,เซิร์ฟเวอร์ VIP,VIP Sunucular,Máy Chủ VIP,VIP 服务器,VIP 服务器,VIP 伺服器
Studio.GameSettings.Monetization.Price,,,Price:,Price:,السعر:,Preis:,Precio:,Prix :,कीमत:,Harga:,Prezzo:,価格:,가격:,Cena:,Preço:,,ราคา:,Fiyat:,Giá:,价格:,价格:,價格：
Studio.GameSettings.Monetization.EarnLabel,,,You Earn:,You Earn:,ما كسبته:,Du verdienst:,Recibirás:,Tu gagnes :,आपकी कमाई:,Kamu Mendapatkan:,Guadagni:,獲得額:,내 수익금:,Zarobek:,Você receberá:,,คุณจะได้รับ:,Kazancın:,Bạn Kiếm Được:,你的赚取：,你的赚取：,您將賺取：
Studio.GameSettings.Monetization.PaidAccessHint,,,"Private Servers must not be enabled, and the game must be public to enable Paid Access.","Private Servers must not be enabled, and the game must be public to enable Paid Access.",يجب عدم تمكين الخوادم الخاصة، ويجب أن تكون اللعبة عامة لتمكين الاستخدام مقابل الدفع.,"Private Server dürfen nicht aktiviert sein, und das Spiel muss öffentlich sein, um den bezahlten Zugang zu aktivieren.","Para habilitar el Acceso de pago, no deben activarse los servidores privados y el juego debe ser público.",Le serveurs privés ne doivent pas être activés et le jeu doit être public pour permettre un accès payant.,"प्राइवेट सर्वर को चालू नहीं किया जाना चाहिए, और पेड ऐक्सेस को चालू करने के लिए, गेम को सार्वजनिक होना चाहिए.",Server Privat tidak boleh diaktifkan dan status game harus publik untuk mengaktifkan Akses Berbayar.,"Per abilitare l'accesso a pagamento, i server privati non devono essere abilitati e il gioco deve essere pubblico.",有料アクセスを有効化するには、プライベートサーバーが有効化されておらず、ゲームが公開済みであることが必須です。,유료 액세스를 활성화하려면 비공개 서버를 비활성화하고 게임을 공개해야 합니다.,"Aby umożliwić włączenie płatnego dostępu, serwery prywatne nie mogą być włączone, a gra musi być publiczna.",Servidores privados não devem ser habilitados e o jogo deve ser público para permitir acesso pago.,,ต้องไม่เปิดใช้งานเซิร์ฟเวอร์ส่วนตัว และเกมต้องเป็นสาธารณะเพื่อเปิดใช้งานการเข้าถึงที่มีค่าใช้จ่าย,Ücretli Erişimi etkinleştirmek için Özel Sunucuların devre dışı ve oyunun herkese açık olması gerekir.,Không bật các Máy Chủ Riêng Tư và công khai trò chơi để bật tính năng Truy Cập Trả Phí.,启用付费访问前，需要禁用私人服务器并将游戏设为公开。,启用付费访问前，需要禁用私人服务器并将游戏设为公开。,若要啟用付費通行，必須先停用私人伺服器，並將遊戲設為公開。
Studio.GameSettings.Monetization.VIPServersHint,,,Paid Access must not be enabled and the game must be public to enable VIP Servers.,Paid Access must not be enabled and the game must be public to enable VIP Servers.,يجب عدم تمكين الاستخدام مقابل الدفع ويجب أن تكون اللعبة عامة لتمكين خوادم VIP.,"Der bezahlte Zugang darf nicht aktiviert sein, und das Spiel muss öffentlich sein, um VIP-Server zu aktivieren.",No se debe activar el Acceso de pago y el juego debe ser público para habilitar los Servidores VIP.,L'accès payant ne doit pas être activé et le jeu doit être public pour activer les serveurs VIP.,"पेड ऐक्सेस को चालू नहीं किया जाना चाहिए और VIP सर्वर को चालू करने के लिए, गेम को सार्वजनिक होना चाहिए.",Akses Berbayar tidak boleh diaktifkan dan status game harus publik untuk mengaktifkan Server VIP.,"Per abilitare i server VIP, l'accesso a pagamento non deve essere abilitato e il gioco deve essere pubblico.",VIPサーバーを有効化するには、有料アクセスが有効化されておらず、ゲームが公開されていることが必須です。,VIP 서버를 활성화하려면 유료 액세스를 비활성화하고 게임을 공개해야 합니다.,"Aby umożliwić włączenie serwerów VIP, płatny dostęp nie może być włączony, a gra musi być publiczna.",Acesso pago não deve ser habilitado e o jogo deve ser público para permitir servidores VIP.,,ต้องไม่เปิดใช้งานการเข้าถึงที่มีค่าใช้จ่าย และเกมต้องเป็นสาธารณะเพื่อเปิดใช้งานเซิร์ฟเวอร์ VIP,VIP Sunucuları etkinleştirmek için Ücretli Erişimin devre dışı ve oyunun herkese açık olması gerekir.,Không bật tính năng Truy Cập Trả Phí và công khai trò chơi để bật các Máy Chủ VIP.,启用 VIP 服务器前，需要禁用付费访问并将游戏设为公开。,启用 VIP 服务器前，需要禁用付费访问并将游戏设为公开。,若要啟用 VIP 伺服器，必須先停用付費通行，並將遊戲設為公開。
Studio.GameSettings.Monetization.Subscriptions,,,Subscriptions: {numOfSubscriptions:int},Subscriptions: {numOfSubscriptions:int},الاشتراكات: {numOfSubscriptions:int},Abonnements: {numOfSubscriptions:int},Suscripciones: {numOfSubscriptions:int},Abonnement : {numOfSubscriptions:int},सब्सक्रिप्शन: - {numOfSubscriptions:int},Subscription: {numOfSubscriptions:int},Abbonamenti: {numOfSubscriptions:int},サブスクリプション: {numOfSubscriptions:int},구독 수: {numOfSubscriptions:int},Subskrypcje: {numOfSubscriptions:int},Assinaturas: {numOfSubscriptions:int},,การสมัครสมาชิก: {numOfSubscriptions:int},Abonelikler: {numOfSubscriptions:int},Gói Đăng Ký: {numOfSubscriptions:int},订阅数：{numOfSubscriptions:int},订阅数：{numOfSubscriptions:int},訂閱數：{numOfSubscriptions:int}
Studio.GameSettings.Monetization.TotalVIPServers,,,Total: {totalVipServers:int},Total: {totalVipServers:int},الإجمالي: {totalVipServers:int},Gesamt: {totalVipServers:int},Total: {totalVipServers:int},Total : {totalVipServers:int},कुल: {totalVipServers:int},Total: {totalVipServers:int},Totale: {totalVipServers:int},合計: {totalVipServers:int},총계: {totalVipServers:int},Łącznie: {totalVipServers:int},Total: {totalVipServers:int},,รวมทั้งหมด: {totalVipServers:int},Toplam: {totalVipServers:int},Tổng: {totalVipServers:int},服务器数：{totalVipServers:int},服务器数：{totalVipServers:int},伺服器數：{totalVipServers:int}
Studio.GameSettings.Monetization.ProductName,,,Product Name,Product Name,اسم المنتج,Produktname,Nombre del producto,Nom du produit,प्रॉडक्ट का नाम,Nama Produk,Nome prodotto,製品名,제품 이름,Nazwa produktu,Nome do produto,,ชื่อผลิตภัณฑ์,Ürün adı,Tên Sản Phẩm,产品名称,产品名称,產品名稱
Studio.GameSettings.Monetization.ProductID,,,Product ID,Product ID,مُعرِّف المنتج,Produkt-ID,ID del producto,Identifiant produit,प्रॉडक्ट ID,ID Produk,ID prodotto,製品ID,제품 ID,Identyfikator produktu,ID do produto,,ID ผลิตภัณฑ์,Ürün kimliği,ID Sản Phẩm,产品 ID,产品 ID,產品 ID
Studio.GameSettings.Monetization.ProductIcon,,,Product Icon,Product Icon,أيقونة المنتج,Produkt-Symbol,Ícono del producto,Icône du produit,प्रॉडक्ट का आइकॉन,Ikon Produk,Icona prodotto,製品アイコン,제품 아이콘,Ikona produktu,Ícone do produto,,ไอคอนผลิตภัณฑ์,Ürün simgesi,Biểu Tượng Sản Phẩm,产品图标,产品图标,產品圖示
Studio.GameSettings.Monetization.PriceTitle,,,Price,Price,السعر,Preis,Precio,Prix,कीमत,Harga,Prezzo,価格,가격,Cena,Preço,,ราคา,Fiyat,Giá,价格,价格,價格
Studio.GameSettings.Monetization.EditDeveloperProduct,,,Edit Developer Product,Edit Developer Product,تحرير منتج المطوّر,Entwicklerprodukt bearbeiten,Editar producto de desarrollador,Éditer le produit du développeur,डेवलपर प्रॉडक्ट एडिट करें,Edit Produk Developer,Modifica prodotto sviluppatore,開発者製品を編集,개발자 제품 편집,Edytuj produkt deweloperski,Editar produto do desenvolvedor,,แก้ไขผลิตภัณฑ์นักพัฒนา,Geliştirici ürününü düzenle,Chỉnh Sửa Sản Phẩm Phát Triển,编辑开发者产品,编辑开发者产品,編輯開發者產品
Studio.GameSettings.Monetization.DevProducts,,,Developer Products,Developer Products,منتجات المطوّر,Entwicklerprodukte,Productos de desarrollador,Produits du développeur,डेवलपर प्रॉडक्ट,Produk Developer,Prodotti sviluppatore,開発者製品,개발자 제품,Produkty deweloperskie,Produtos do desenvolvedor,,ผลิตภัณฑ์นักพัฒนา,Geliştirici Ürünleri,Sản Phẩm Phát Triển,开发者产品,开发者产品,開發者產品
Studio.GameSettings.General.ButtonPublish,,,Publish,Publish,نشر,Veröffentlichen,Publicar,Publier,पब्लिश करें,Publikasikan,Pubblica,公開,게시,Opublikuj,Publicar,,เผยแพร่,Yayınla,Đăng,发布,发布,發布
Studio.GameSettings.AccessPermissions.OwnerDescription,,,Owner of the game,Owner of the game,مالك اللعبة,Eigentümer des Spiels,Propietario del juego,Propriétaire,गेम के ओनर,Pemilik game,Proprietario del gioco,ゲームの所有者,게임 소유자,Właściciel gry,Proprietário do jogo,,เจ้าของเกม,Oyunun sahibi,Người sở hữu trò chơi,游戏的所有者,游戏的所有者,遊戲主人
Studio.GameSettings.General.PublishText,,,Publish to access Game Settings. ,Publish to access Game Settings. ,انشر اللعبة للوصول إلى إعدادات اللعبة. ,"Veröffentlichen, um auf Spieleinstellungen zuzugreifen. ",Publicar para acceder a Configuración del juego. ,Publier pour accéder aux paramètres du jeu. ,गेम की सेटिंग ऐक्सेस करने के लिए पब्लिश करें. ,Publikasikan untuk mengakses Pengaturan Game. ,Pubblica per accedere alle impostazioni di gioco. ,公開してゲーム設定にアクセス。 ,게시 후 게임 설정 기능을 사용할 수 있습니다.,"Opublikuj, aby uzyskać dostęp do ustawień gry. ",Publique para acessar as configurações do jogo. ,,เผยแพร่เพื่อเข้าถึงการตั้งค่าเกม ,Oyun Ayarları'na erişmek için yayınla. ,Phát hành để truy cập Cài Đặt Trò Chơi. ,发布后即可使用游戏设置功能。 ,发布后即可使用游戏设置功能。 ,發布後即可進入遊戲設定。
Studio.GameSettings.Places.NumberError,,,Please enter a number between {minRange:int} and {maxRange:int}.,Please enter a number between {minRange:int} and {maxRange:int}.,يُرجى إدخال رقم بين {minRange:int} و{maxRange:int}.,Bitte gib eine Zahl zwischen {minRange:int} und {maxRange:int} ein.,Ingresa un número entre {minRange:int} y {maxRange:int}.,Saisir un nombre compris entre {minRange:int} et {maxRange:int}.,कृपया {minRange:int} और {maxRange:int} के बीच का कोई नंबर डालें.,Masukkan angka antara {minRange:int} dan {maxRange:int}.,Inserisci un numero compreso tra {minRange:int} e {maxRange:int}.,{minRange:int} から {maxRange:int} までの数字を入力してください。,{minRange:int}에서 {maxRange:int} 사이의 숫자를 입력하세요.,Wprowadź liczbę z zakresu {minRange:int}–{maxRange:int}.,Insira um número entre {minRange:int} e {maxRange:int}.,,โปรดป้อนหมายเลขระหว่าง {minRange:int} ถึง {maxRange:int},Lütfen {minRange:int} ila {maxRange:int} arasında bir sayı gir.,Vui lòng nhập một số giữa {minRange:int} và {maxRange:int}.,请输入 {minRange:int} 至 {maxRange:int} 之间的数字。,请输入 {minRange:int} 至 {maxRange:int} 之间的数字。,請輸入 {minRange:int} 到 {maxRange:int} 之間的數字。
Studio.GameSettings.Errors.ErrorPriceBelowMin,,,Price must be greater than {1}.,Price must be greater than {1}.,يجب أن يكون السعر أكبر من {1}.,Der Preis muss größer als {1} sein.,El precio debe ser superior a {1}.,Le prix doit être supérieur à {1}.,किराया {1} से ज़्यादा होना चाहिए.,Harga harus lebih dari {1}.,Il prezzo deve essere superiore a {1}.,{1} 以上のサイズであることが必須です。,가격은 {1}보다 높아야 합니다.,Cena musi być większa niż {1}.,O preço deve ser maior que {1}.,,ราคาต้องไม่เกิน {1},Fiyat {1} üzerinde olmalı.,Giá phải cao hơn {1}.,价格必须大于 {1}。,价格必须大于 {1}。,價格應高於 {1}。
Studio.GameSettings.Errors.ErrorPriceAboveMax,,,Price must be less than {1}.,Price must be less than {1}.,يجب أن يكون السعر أقل من {1}.,Der Preis muss kleiner als {1} sein.,El precio debe ser inferior a {1}.,Le prix doit être inférieur à {1}.,किराया {1} से कम होना चाहिए.,Harga harus kurang dari {1}.,Il prezzo deve essere inferiore a {1}.,{1} 以下であることが必須です。,가격은 {1}보다 낮아야 합니다.,Cena musi być mniejsza niż {1}.,O preço deve ser menor que {1}.,,ราคาต้องน้อยกว่า {1},Fiyat {1} altında olmalı.,Giá phải thấp hơn {1}.,价格必须小于 {1}。,价格必须小于 {1}。,價格應低於 {1}。
Studio.GameSettings.Errors.ErrorPriceInvalid,,,Enter a valid price (e.g. 1000),Enter a valid price (e.g. 1000),أدخِل سعرًا صالحًا (مثل 1000),Gib einen gültigen Preis ein (z.B. 1000),Ingresar un precio válido (p. ej. 1000),Entre un prix valide (ex : 1 000),"कोई मान्य किराया डालें (जैसे, 1000)","Masukkan harga yang valid (misalnya, 1000)",Inserisci un prezzo valido (per es. 1000),有効な価格を入力（例：1000）,유효한 가격을 입력하세요 (예: 1000),Wprowadź prawidłową cenę (np. 1000),Insira um preço válido (ex.: 1000),,ป้อนราคาที่ถูกต้อง (เช่น 1000),Geçerli bir fiyat gir (ör. 1000),Nhập một giá hợp lệ (ví dụ: 1000),输入有效的价格 （例：1000）,输入有效的价格 （例：1000）,請輸入有效的價格（例：1000）
Studio.GameSettings.Monetization.UnsavedDevProduct,,,(Not Saved),(Not Saved),(غير محفوظ),(Nicht gespeichert),(sin guardar),(Non sauvegardé),(सेव नहीं किया गया),(Tidak Disimpan),(Non salvato),(未保存),(저장되지 않음),(Nie zapisano),(Não salvo),,(ยังไม่ได้บันทึก),(Kaydedilmedi),(Chưa Lưu),（未保存）,（未保存）,（未儲存）
Studio.GameSettings.Monetization.UnsavedDevProductName,,,Developer Product {1}{2},Developer Product {1}{2},منتج المطوّر {1}{2},Entwicklerprodukt {1}{2},Producto de desarrollador {1}{2},Produit développeur {1}{2},डेवलपर प्रॉडक्ट {1}{2},Produk Developer {1}{2},Prodotto sviluppatore {1}{2},開発者製品 {1}{2},개발자 제품 {1}{2},Produkt deweloperski {1}{2},Produto do desenvolvedor {1}{2},,ผลิตภัณฑ์นักพัฒนา {1}{2},Geliştirici Ürünü {1}{2},Sản Phẩm Phát Triển {1}{2},开发者产品 {1}{2},开发者产品 {1}{2},開發者產品 {1}{2}
Studio.GameSettings.General.ButtonShutdownAllServers,,,Shutdown,Shutdown,إغلاق,Abschalten,Cerrar,Fermer,शटडाउन करें,Matikan,Arresta,シャットダウン,종료,Zamykanie,Desligar,,ปิดการทำงาน,Kapat,Tắt,关闭,关闭,關閉
Studio.GameSettings.General.TitleShutdownAllServers,,,Shutdown All Servers,Shutdown All Servers,إغلاق جميع الخوادم,Alle Server abschalten,Cerrar todos los servidores,Fermer tous les serveurs,सभी सर्वर को शटडाउन करें,Matikan Semua Server,Arresta tutti i server,すべてのサーバーをシャットダウン,모든 서버 종료,Zamknij wszystkie serwery,Desligar todos os servidores,,ปิดการทำงานของเซิร์ฟเวอร์ทั้งหมด,Tüm sunucuları kapat,Tắt Tất Cả Máy Chủ,关闭所有服务器,关闭所有服务器,關閉所有伺服器
Studio.GameSettings.General.TitleAllowCopying,,,Allow Copying,Allow Copying,السماح بالنسخ,Kopieren zulassen,Permitir hacer una copia,Autoriser la copie,कॉपी करने की परमिशन दें,Izinkan Penyalinan,Consenti copia,コピーを許可,복사 허용,Zezwalaj na kopiowanie,Permitir cópia,,อนุญาตให้คัดลอก,Kopyalamaya izin ver,Cho Phép Sao Chép,允许复制,允许复制,允許複製
Studio.GameSettings.General.StudioShutdownAllServicesDesc,,,This button will shutdown all currently running instances of your game,This button will shutdown all currently running instances of your game,سيؤدي الضغط على هذا الزر إلى إغلاق جميع حالات اللعبة التي قيد التشغيل حاليًا,Diese Schaltfläche schaltet alle derzeit ausgeführten Instanzen deines Spiels ab,Este botón cerrará todas las instancias actualmente en ejecución de tu juego.,Ce bouton permet de fermer toutes les instances de ton jeu en cours,यह बटन आपके गेम के सभी मौजूदा इंस्टैंस को बंद कर देगा,Tombol ini akan menutup semua instance game kamu yang sedang berjalan,Questo pulsante arresterà tutte le istanze attualmente in esecuzione del tuo gioco,このボタンはすべての現在、実行中のゲームをシャットダウンします,이 버튼을 누르면 현재 실행 중인 모든 게임 인스턴스가 종료됩니다.,Ten przycisk spowoduje zamknięcie wszystkich uruchomionych obecnie instancji gry,Este botão desligará todas as instâncias do seu jogo que estão em execução,,ปุ่มนี้จะปิดการทำงานอินสแตนซ์ทั้งหมดที่กำลังทำงานอยู่ในขณะนี้ของเกมของคุณ,"Bu düğme, oyununun çalışan tüm örneklerini kapatır",Nút này sẽ tắt tất cả các phiên bản hiện đang chạy của trò chơi của bạn,按下此按钮将会关闭当前游戏所有正在运行的实例,按下此按钮将会关闭当前游戏所有正在运行的实例,此按鈕將會關閉所有正在運行的遊戲個體
Studio.GameSettings.General.AllowCopyingDesc,,,This option grants every user of Roblox the right to use (in various ways) the content you are not sharing. For more information about sharing content please review the Terms of Use.,This option grants every user of Roblox the right to use (in various ways) the content you are not sharing. For more information about sharing content please review the Terms of Use.,يمنح هذا الخيار كل مستخدم في Roblox الحق في استخدام المحتوى الذي لا تشاركه (بطرق مختلفة). لمزيد من المعلومات حول مشاركة المحتوى، يرجى مراجعة شروط الاستخدام.,"Diese Option gewährt allen Benutzern von Roblox das Recht, den Inhalt, den du nicht teilst, (auf verschiedene Weise) zu nutzen. Weitere Informationen zum Teilen von Inhalten findest du in den Nutzungsbedingungen.","Esta opción otorgará a todos los usuarios de Roblox el derecho a usar (de varias formas) el contenido que no compartes. Para más información sobre cómo compartir contenido, revisa los Términos de uso.","Cette option accorde à chaque utilisateur de Roblox le droit d'utiliser (de plusieurs manières) le contenu que tu ne partages pas. Pour plus d'informations sur le partage de contenu, consulte les conditions d'utilisation.","यह विकल्प Roblox के हर यूज़र को उस कॉन्टेंट को इस्तेमाल करने का अधिकार (अलग-अलग तरीकों से) देता है जिसे आपने शेयर नहीं किया है. कॉन्टेंट शेयर करने के बारे में ज़्यादा जानकारी के लिए, उपयोग की शर्तें देखें.","Opsi ini membuat setiap pengguna Roblox memiliki hak untuk menggunakan (dengan berbagai cara) konten yang saat ini tidak sedang kamu bagikan. Untuk mengetahui informasi selengkapnya tentang berbagi konten, baca Ketentuan Penggunaan.","Questa opzione concede a tutti gli utenti di Roblox il diritto di utilizzare (in vari modi) i contenuti che non condividi. Per ulteriori informazioni sulla condivisione dei contenuti, consulta i Termini di servizio.",このオプションは、あなたが共有していないコンテンツをすべてのRobloxのユーザーが使用する（さまざまな方法で）権利を付与します。コンテンツ共有についてのさらに詳しい情報は、利用規約をごらんください。,이 옵션은 회원님이 공유하지 않은 콘텐츠를 다양한 방식으로 사용할 수 있는 권한을 Roblox의 모든 사용자에게 부여합니다. 콘텐츠 공유에 대한 자세한 정보는 이용 약관에서 확인하세요.,"Ta opcja przyznaje wszystkim użytkownikom platformy Roblox prawo do korzystania (na różne sposoby) z zawartości, której nie udostępniasz. Aby uzyskać więcej informacji na temat udostępniania zawartości, zapoznaj się z Warunkami użytkowania.","Esta opção permite a cada usuário Roblox o direito de usar (de várias maneiras) o conteúdo que você não compartilha. Para mais informações sobre compartilhamento de conteúdo, consulte os Termos de Uso.",,ตัวเลือกนี้จะมอบสิทธิ์ในการใช้งาน (ในรูปแบบต่างๆ) เนื้อหาที่คุณไม่ได้แชร์อยู่ในขณะนี้ให้แก่ผู้ใช้งาน Roblox ทุกคน สำหรับข้อมูลเพิ่มเติมเกี่ยวกับการแชร์เนื้อหา โปรดอ่านข้อกำหนดการใช้งาน,Bu seçenek tüm Roblox kullanıcılarına şu anda paylaşmakta olduğun içeriği (çeşitli şekillerde) kullanma hakkı verir. İçerik paylaşımı hakkında daha fazla bilgi için lütfen Kullanım Koşullarını incele.,"Tùy chọn này cho phép người dùng Roblox có thể sử dụng (theo nhiều cách khác nhau) nội dung mà bạn không đang chia sẻ. Để biết thêm thông tin về việc chia sẻ nội dung, vui lòng xem lại Điều Khoản Sử Dụng.",开启此选项即表示 Roblox 的所有用户将会对您未进行分享的内容拥有（多种方式的）使用权限。如需获取关于分享内容的更多信息，请详见我们的使用条款。,开启此选项即表示 Roblox 的所有用户将会对您未进行分享的内容拥有（多种方式的）使用权限。如需获取关于分享内容的更多信息，请详见我们的使用条款。,此選項將會授權所有 Roblox 使用者以不同方式使用您未分享的內容。若您不想授權，請勿勾選此方塊。若要了解更多關於分享內容的資訊，請前往 Roblox 使用條款。
Studio.GameSettings.General.ShutdownDialogHeader,,,Shutdown all servers,Shutdown all servers,إغلاق جميع الخوادم,Alle Server abschalten,Cerrar todos los servidores,Fermer tous les serveurs,सभी सर्वर को शटडाउन करें,Matikan semua server,Arresta tutti i server,すべてのサーバーをシャットダウン,모든 서버 종료,Zamknij wszystkie serwery,Desligar todos os servidores,,ปิดการทำงานของเซิร์ฟเวอร์ทั้งหมด,Tüm sunucuları kapat,Tắt tất cả máy chủ,关闭所有服务器,关闭所有服务器,關閉所有伺服器
Studio.GameSettings.General.ShutdownDialogBody,,,Are you sure you want to shutdown all servers for this game?,Are you sure you want to shutdown all servers for this game?,هل أنت متأكد من أنك تريد إغلاق جميع الخوادم لهذه اللعبة؟,Möchtest du wirklich alle Server für dieses Spiel abschalten?,¿Seguro que quieres cerrar todos los servidores para este juego?,Es-tu sûr de vouloir fermer tous les serveurs de ce jeu ?,वाकई इस गेम के सभी सर्वर शटडाउन करने हैं?,Kamu yakin ingin mematikan semua server untuk tempat ini?,Vuoi davvero arrestare tutti i server di questo gioco?,このゲームのすべてのサーバーをシャットダウンしてよろしいですか？,이 게임의 모든 서버를 종료할까요?,Czy na pewno chcesz zamknąć wszystkie serwery związane z tą grą?,Tem certeza de que deseja desligar todos os servidores deste jogo?,,คุณแน่ใจหรือไม่ว่าต้องการปิดการทำงานเซิร์ฟเวอร์ทั้งหมดของเกมนี้?,Oyunun tüm sunucularını kapatmak istediğinden emin misin?,Bạn có chắc muốn tắt tất cả các máy chủ cho trò chơi này không?,确定要关闭当前游戏的所有服务器吗？,确定要关闭当前游戏的所有服务器吗？,確定關閉此遊戲所有伺服器？
Studio.GameSettings.Monetization.UnsavedDevProductName1,,,Developer Product {1},Developer Product {1},منتج المطوّر {1},Entwicklerprodukt {1},Productos de desarrollador {1},Produit développeur {1},डेवलपर प्रॉडक्ट {1},Produk Developer {1},Prodotto sviluppatore {1},開発者製品 {1},개발자 제품 {1},Produkt deweloperski {1},Produto do desenvolvedor {1},,ผลิตภัณฑ์นักพัฒนา {1},Geliştirici Ürünü {1},Sản Phẩm Phát Triển {1},开发者产品 {1},开发者产品 {1},開發者產品 {1}
Studio.GameSettings.General.ButtonRetry,,,Retry,Retry,إعادة المحاولة,Erneut versuchen,Reintentar,Réessayer,फिर से कोशिश करें,Coba Lagi,Riprova,再試行,다시 시도,Spróbuj ponownie,Tentar novamente,,ลองอีกครั้ง,Tekrar dene,Thử Lại,重试,重试,重試
Studio.GameSettings.General.SettingsFailedToLoad,,,Failed to load settings for page,Failed to load settings for page,تعذَّر تحميل إعدادات الصفحة,Einstellungen für Seite konnten nicht geladen werden,Error al cargar la configuración para esta página,Echec du chargement des paramètres de la page,पेज के लिए सेटिंग लोड नहीं हो सकीं,Gagal me-load pengaturan untuk halaman,Impossibile caricare le impostazioni della pagina,ページ設定を読み込めませんでした,페이지 설정을 불러오지 못했습니다,Nie udało się wczytać ustawień strony,Falha ao carregar configurações para a página,,โหลดการตั้งค่าของหน้าไม่สำเร็จ,Sayfa ayarları yüklenemedi,Không tải được cài đặt cho trang,页面设置加载失败,页面设置加载失败,無法載入頁面設定
Studio.GameSettings.General.SettingsInsufficientPermission,,,Only the game owner can edit these settings,Only the game owner can edit these settings,يمكن لمالك اللعبة فقط تحرير هذه الإعدادات,Nur Eigentümer des Spiels können diese Einstellungen ändern,Solo el propietario del juego puede editar estas configuraciones,Seul le propriétaire du jeu peut modifier ces paramètres,इन सेटिंग को सिर्फ़ गेम ओनर एडिट कर सकते हैं,Hanya pemilik game yang dapat mengedit pengaturan ini,Solo il proprietario del gioco può modificare queste impostazioni,これらの設定はゲーム所有者だけが編集できます,게임 소유자만 이 설정을 편집할 수 있습니다,Tylko właściciel gry może edytować te ustawienia,Somente o proprietário do jogo pode editar estas configurações,,มีเพียงเจ้าของเกมเท่านั้นที่สามารถแก้ไขการตั้งค่าเหล่านี้ได้,Bu ayarları yalnızca oyun sahibi düzenleyebilir,Chỉ người sở hữu trò chơi mới có thể chỉnh sửa các cài đặt này,只有游戏所有者才能对这些设置进行编辑,只有游戏所有者才能对这些设置进行编辑,只有遊戲主人可以編輯這些設定
Studio.GameSettings.Monetization.DEPRECATED_PaidAccessHint,,,VIP Servers must not be enabled and the game must be public to enable Paid Access.,VIP Servers must not be enabled and the game must be public to enable Paid Access.,يجب عدم تمكين خوادم VIP، ويجب أن تكون اللعبة عامة لتمكين الاستخدام مقابل الدفع.,"VIP-Server dürfen nicht aktiviert sein, und das Spiel muss öffentlich sein, um den bezahlten Zugang zu aktivieren.","Para habilitar el acceso de pago, no deben activarse los servidores VIP y el juego debe ser público.",Les serveurs VIP ne doivent être pas être activés et le jeu doit être public pour permettre un accès payant.,"VIP सर्वर को चालू नहीं किया जाना चाहिए और पेड ऐक्सेस को चालू करने के लिए, गेम को पब्लिक होना चाहिए.",Server VIP tidak boleh diaktifkan dan status game harus publik untuk mengaktifkan Akses Berbayar.,"Per abilitare l'accesso a pagamento, i server VIP non devono essere abilitati e il gioco deve essere pubblico.",有料アクセスを有効化するには、VIPサーバーが有効化されておらず、ゲームが公開済みであることが必須です。,유료 액세스를 활성화하려면 VIP 서버를 비활성화하고 게임을 공개해야 합니다.,"Aby umożliwić włączenie płatnego dostępu, serwery VIP nie mogą być włączone, a gra musi być publiczna.",Servidores VIP devem estar desabilitados e o jogo deve ser público para permitir acesso pago.,,ต้องไม่เปิดใช้งานเซิร์ฟเวอร์ VIP และเกมต้องเป็นสาธารณะเพื่อเปิดใช้งานการเข้าถึงที่มีค่าใช้จ่าย,Ücretli Erişimi etkinleştirmek için VIP Sunucuların devre dışı ve oyunun herkese açık olması gerekir.,Không bật các Máy Chủ VIP và công khai trò chơi để bật tính năng Truy Cập Trả Phí.,启用付费访问前，需要禁用 VIP 服务器并将游戏设为公开。,启用付费访问前，需要禁用 VIP 服务器并将游戏设为公开。,若要啟用付費通行，必須先停用 VIP 伺服器，並將遊戲設為公開。
Studio.GameSettings.Monetization.DEPRECATED_VIPServersHint,,,Paid Access must not be enabled and the game must be public to enable VIP Servers.,Paid Access must not be enabled and the game must be public to enable VIP Servers.,يجب عدم تمكين الاستخدام مقابل الدفع ويجب أن تكون اللعبة عامة لتمكين خوادم VIP.,"Der bezahlte Zugang darf nicht aktiviert sein, und das Spiel muss öffentlich sein, um VIP-Server zu aktivieren.","Para habilitar los servidores VIP, no debe activarse el acceso de pago y el juego debe ser público.",L'Accès Payant ne doit pas être activé et le jeu doit être public pour activer les serveurs VIP.,"पेड ऐक्सेस को चालू नहीं किया जाना चाहिए और VIP सर्वर को चालू करने के लिए, गेम को पब्लिक होना चाहिए.",Akses Berbayar tidak boleh diaktifkan dan status game harus publik untuk mengaktifkan Server VIP.,"Per abilitare i server VIP, l'accesso a pagamento non deve essere abilitato e il gioco deve essere pubblico.",VIPサーバーを有効化するには、有料アクセスが有効化されておらず、ゲームが公開されていることが必須です。,VIP 서버를 활성화하려면 유료 액세스를 비활성화하고 게임을 공개해야 합니다.,"Aby umożliwić włączenie serwerów VIP, płatny dostęp nie może być włączony, a gra musi być publiczna.",Acesso pago deve estar desabilitado e o jogo deve ser público para permitir servidores VIP.,,ต้องไม่เปิดใช้งานการเข้าถึงที่มีค่าใช้จ่าย และเกมต้องเป็นสาธารณะเพื่อเปิดใช้งานเซิร์ฟเวอร์ VIP,VIP Sunucuları etkinleştirmek için Ücretli Erişimin devre dışı ve oyunun herkese açık olması gerekir.,Không bật tính năng Truy Cập Trả Phí và công khai trò chơi để bật các Máy Chủ VIP.,启用 VIP 服务器前，需要禁用付费访问并将游戏设为公开。,启用 VIP 服务器前，需要禁用付费访问并将游戏设为公开。,若要啟用 VIP 伺服器，必須先停用付費通行，並將遊戲設為公開。
Studio.GameSettings.Monetization.Free,,,Free,Free,مجاني,Kostenlos,Gratis,Gratuit,फ़्री,Gratis,Gratis,無料,무료,Za darmo,Grátis,,ฟรี,Ücretsiz,Miễn Phí,免费,免费,免費
Studio.GameSettings.Monetization.Paid,,,Paid,Paid,مدفوع,Bezahlt,Pagado,Payé,पेड,Berbayar,A pagamento,有料,유료,Płatne,Pago,,มีค่าใช้จ่าย,Ücretli,Có Trả Phí,付费,付费,付費
Studio.GameSettings.Monetization.MarketplaceFee,,,Marketplace Fee:,Marketplace Fee:,رسوم المتجر:,Marktplatzgebühr:,Cuota de mercado:,Frais du marketplace :,मार्केटप्लेस शुल्क,Biaya Marketplace:,Commissione di mercato:,マーケットプレイス手数料:,마켓플레이스 수수료:,Opłata rynkowa:,Taxa de mercado:,,ค่าธรรมเนียมมาร์เก็ตเพลส:,Pazar Yeri komisyonu:,Phí Sàn Giao Dịch:,商城费用：,商城费用：,商城費用：
Studio.GameSettings.Monetization.MarketplaceFeeIs,,,Marketplace Fee is {1}%.,Marketplace Fee is {1}%.,تبلغ رسوم المتجر {1}%.,Die Marktplatzgebühr beträgt {1}%.,La cuota de mercado es el {1}%.,Les frais du marketplace s'élèvent à {1}%.,मार्केटप्लेस शुल्क {1}% है.,Biaya Marketplace sebesar {1}%.,La commissione di mercato è del {1}%.,マーケットプレイス手数料は {1}%です。,마켓플레이스 수수료는 {1}%입니다.,Opłata rynkowa wynosi {1}%.,A taxa de mercado é {1}%.,,ค่าธรรมเนียมมาร์เก็ตเพลสคือ {1}%,%{1} Pazar Yeri komisyonu alınır.,Phí Sàn Giao Dịch là {1}%.,商城费用为 {1}%。,商城费用为 {1}%。,商城費用為 {1}%。
Studio.GameSettings.Monetization.PrivateServersTitle,,,Private Servers,Private Servers,خوادم خاصة,Private Server,Servidores privados,Serveurs privés,प्राइवेट सर्वर,Server Privat,Server privati,プライベートサーバー,비공개 서버,Serwery prywatne,Servidores privados,,เซิร์ฟเวอร์ส่วนตัว,Özel Sunucular,Máy Chủ Riêng Tư,私人服务器,私人服务器,私人伺服器
Studio.GameSettings.Monetization.VIPServersPriceChangeWarning,,,Warning: Changing the price of VIP Servers will cancel all existing subscriptions.,Warning: Changing the price of VIP Servers will cancel all existing subscriptions.,تحذير: سيؤدي تغيير سعر خوادم VIP إلى إلغاء جميع الاشتراكات الحالية.,"Warnung: Wenn du den Preis von VIP-Servern änderst, werden alle bestehenden Abonnements gekündigt.","Advertencia: Si se cambia el precio de los servidores VIP, se cancelarán todas las suscripciones vigentes.",Avertissement : changer le prix des serveurs VIP annulera toutes les inscriptions existantes.,वॉर्निंग: VIP सर्वर की कीमत बदलने से सभी मौजूदा सब्सक्रिप्शन कैंसिल हो जाएँगे.,Peringatan: Mengubah harga Server VIP akan membatalkan semua subscription yang ada.,Attenzione: la modifica del prezzo dei server VIP annullerà tutti gli abbonamenti attivi.,警告: VIPサーバーの価格変更をすると、現在あるすべてのサブスクリプションがキャンセルされます。,주의: VIP 서버 가격을 변경하면 기존 구독 사항이 모두 취소됩니다.,Ostrzeżenie: zmiana ceny serwerów VIP spowoduje anulowanie wszystkich istniejących subskrypcji.,Aviso: Mudar o preço dos servidores VIP cancelará todas as assinaturas existentes.,,คําเตือน: การเปลี่ยนแปลงราคาของเซิร์ฟเวอร์ VIP จะยกเลิกการสมัครสมาชิกที่มีอยู่ทั้งหมด,"Uyarı: VIP Sunucuların fiyatını değiştirmek, mevcut tüm abonelikleri iptal edecek.",Cảnh báo: Thay đổi giá của các Máy Chủ VIP sẽ hủy bỏ tất cả các gói đăng ký hiện có.,警告：更改 VIP 服务器价格后将会取消所有当前订阅。,警告：更改 VIP 服务器价格后将会取消所有当前订阅。,警告：若變更 VIP 伺服器價錢，目前的訂閱將會全部取消。
Studio.GameSettings.Monetization.PrivateServersPriceChangeWarning,,,Warning: Changing the price of Private Servers will cancel all existing subscriptions.,Warning: Changing the price of Private Servers will cancel all existing subscriptions.,تحذير: سيؤدي تغيير سعر الخوادم الخاصة إلى إلغاء جميع الاشتراكات الحالية.,"Warnung: Wenn du den Preis von privaten Servern änderst, werden alle bestehenden Abonnements gekündigt.","Advertencia: Si se cambia el precio de los servidores privados, se cancelarán todas las suscripciones vigentes.",Avertissement : Changer le prix de Private Servers annulera toutes les inscriptions existantes.,वॉर्निंग: प्राइवेट सर्वर की कीमत बदलने से सभी मौजूदा सब्सक्रिप्शन कैंसिल हो जाएँगे.,Peringatan: Mengubah harga Server Privat akan membatalkan semua subscription yang ada.,Attenzione: la modifica del prezzo dei server privati annullerà tutti gli abbonamenti attivi.,警告: プライベートサーバーの価格変更をすると、現在あるすべてのサブスクリプションがキャンセルされます。,주의: 비공개 서버 가격을 변경하면 기존 구독 사항이 모두 취소됩니다.,Ostrzeżenie: zmiana ceny serwerów prywatnych spowoduje anulowanie wszystkich istniejących subskrypcji.,Aviso: Mudar o preço dos servidores privados cancelará todas as assinaturas existentes.,,คําเตือน: การเปลี่ยนแปลงราคาของเซิร์ฟเวอร์ส่วนตัวจะยกเลิกการสมัครสมาชิกที่มีอยู่ทั้งหมด,"Uyarı: Özel Sunucuların fiyatını değiştirmek, mevcut tüm abonelikleri iptal edecek.",Cảnh báo: Thay đổi giá của Máy chủ Riêng Tư sẽ hủy bỏ tất cả các gói đăng ký hiện có.,警告：更改私人服务器价格后将会取消所有当前订阅。,警告：更改私人服务器价格后将会取消所有当前订阅。,警告：若變更私人伺服器價錢，目前的訂閱將會全部取消。
Studio.GameSettings.Monetization.PrivateServersHint,,,"Paid Access must not be enabled, and the game must be public to enable Private Servers.","Paid Access must not be enabled, and the game must be public to enable Private Servers.",يجب عدم تمكين الاستخدام مقابل الدفع ويجب أن تكون اللعبة عامة لتمكين الخوادم الخاصة.,"Der bezahlte Zugang darf nicht aktiviert sein, und das Spiel muss öffentlich sein, um private Server zu aktivieren.","Para habilitar los servidores privados, no debe activarse el acceso de pago y el juego debe ser público.",L'Accès Payant ne doit pas être activé et le jeu doit être public pour activer les Serveurs Privés.,"पेड ऐक्सेस को चालू नहीं किया जाना चाहिए और प्राइवेट सर्वर को चालू करने के लिए, गेम को पब्लिक होना चाहिए.",Akses Berbayar tidak boleh diaktifkan dan status game harus publik untuk mengaktifkan Server Privat.,"Per abilitare i server privati, l'accesso a pagamento non deve essere abilitato e il gioco deve essere pubblico.",プライベートサーバーを有効化するには、有料アクセスが有効化されておらず、ゲームが公開済みであることが必須です。,비공개 서버를 활성화하려면 유료 액세스를 비활성화하고 게임을 공개해야 합니다.,"Aby umożliwić włączenie serwerów prywatnych, płatny dostęp nie może być włączony, a gra musi być publiczna.",O acesso deve estar desabilitado e o jogo deve ser público para permitir servidores privados.,,ต้องไม่เปิดใช้งานการเข้าถึงที่มีค่าใช้จ่าย และเกมต้องเป็นสาธารณะเพื่อเปิดใช้งานเซิร์ฟเวอร์ส่วนตัว,Özel Sunucuları etkinleştirmek için Ücretli Erişimin devre dışı ve oyunun herkese açık olması gerekir.,Không bật tính năng Truy Cập Trả Phí và công khai trò chơi để bật các Máy Chủ Riêng Tư.,启用私人服务器前，需要禁用付费访问并将游戏设为公开。,启用私人服务器前，需要禁用付费访问并将游戏设为公开。,若要啟用 VIP 伺服器，必須先停用付費通行，並將遊戲設為公開。
Studio.GameSettings.General.CategorySecurity,,,Security,Security,الأمان,Sicherheit,Seguridad,Sécurité,सुरक्षा,Keamanan,Sicurezza,セキュリティ,보안,Zabezpieczenia,Segurança,,ความปลอดภัย,Güvenlik,Bảo Mật,安全,安全,安全性
Studio.GameSettings.Monetization.VIPServersShutdownWarning,,,Warning: Turning off VIP Servers will cancel all existing subscriptions.,Warning: Turning off VIP Servers will cancel all existing subscriptions.,تحذير: سيؤدي إيقاف خوادم VIP إلى إلغاء جميع الاشتراكات الحالية.,"Warnung: Wenn du VIP-Server abschaltest, werden alle bestehenden Abonnements gekündigt.","Advertencia: Si desactivas los Servidores VIP, se cancelarán todas las suscripciones vigentes.",Avertissement : La désactivation des serveurs VIP entraînera l'annulation de tous les abonnements existants.,वॉर्निंग: वीआईपी सर्वर को बंद करने से सभी मौजूदा सब्सक्रिप्शन कैंसिल हो जाएँगे.,Peringatan: Mematikan Server VIP akan membatalkan semua subscription yang ada.,Attenzione: la disattivazione dei server VIP annullerà tutti gli abbonamenti attivi.,警告: VIPサーバーをオフにすると、現在あるすべてのサブスクリプションがキャンセルされます。,주의: VIP 서버를 비활성화하면 기존 구독 사항이 모두 취소됩니다.,Ostrzeżenie: wyłączenie serwerów VIP spowoduje anulowanie wszystkich istniejących subskrypcji.,Aviso: Desativar os servidores VIP cancelará todas as assinaturas existentes.,,คําเตือน: การปิดเซิร์ฟเวอร์ VIP จะยกเลิกการสมัครสมาชิกที่มีอยู่ทั้งหมด,"Uyarı: VIP Sunucuları kapatmak, mevcut tüm abonelikleri iptal edecek.",Cảnh báo: Tắt các Máy Chủ VIP sẽ hủy bỏ tất cả các gói đăng ký hiện có.,警告：关闭 VIP 服务器后将会取消所有当前订阅。,警告：关闭 VIP 服务器后将会取消所有当前订阅。,警告：若關閉 VIP 伺服器，目前的訂閱將會全部取消。
Studio.GameSettings.Monetization.PrivateServersShutdownWarning,,,Warning: Turning off Private Servers will cancel all existing subscriptions.,Warning: Turning off Private Servers will cancel all existing subscriptions.,تحذير: سيؤدي إيقاف الخوادم الخاصة إلى إلغاء جميع الاشتراكات الحالية.,"Warnung: Wenn du private Server abschaltest, werden alle bestehenden Abonnements gekündigt.","Advertencia: Si desactivas los Servidores privados, se cancelarán todas las suscripciones vigentes.",Avertissement : La désactivation des serveurs privés entraînera l'annulation de tous les abonnements existants.,वॉर्निंग: निजी सर्वर को बंद करने से सभी मौजूदा सब्सक्रिप्शन कैंसिल हो जाएँगे.,Peringatan: Mematikan Server Privat akan membatalkan semua subscription yang ada.,Attenzione: la disattivazione dei server privati annullerà tutti gli abbonamenti attivi.,警告: プライベートサーバーをオフにすると、現在あるすべてのサブスクリプションがキャンセルされます。,주의: 비공개 서버를 비활성화하면 기존 구독 사항이 모두 취소됩니다.,Ostrzeżenie: wyłączenie serwerów prywatnych spowoduje anulowanie wszystkich istniejących subskrypcji.,Aviso: Desativar os servidores privados cancelará todas as assinaturas existentes.,,คําเตือน: การปิดเซิร์ฟเวอร์ส่วนตัวจะยกเลิกการสมัครสมาชิกที่มีอยู่ทั้งหมด,"Uyarı: Özel Sunucuları kapatmak, mevcut tüm abonelikleri iptal edecek.",Cảnh báo: Tắt các Máy Chủ Riêng Tư sẽ hủy bỏ tất cả các gói đăng ký hiện có.,警告：关闭私人服务器后将会取消所有当前订阅。,警告：关闭私人服务器后将会取消所有当前订阅。,警告：若關閉私人伺服器，目前的訂閱將會全部取消。
Studio.GameSettings.Monetization.VIPServersActive,,,There are currently {totalVipServers:int} VIP Servers active for this place.,There are currently {totalVipServers:int} VIP Servers active for this place.,توجد حاليًا {totalVipServers:int} من خوادم VIP النشطة لهذا المكان.,Es sind derzeit {totalVipServers:int} VIP-Server für diesen Ort aktiv.,"Actualmente, hay {totalVipServers:int} Servidores VIP activos para este lugar.",Il y a {totalVipServers:int} serveurs VIP actifs pour cet emplacement en ce moment.,"फ़िलहाल इस साइट के लिए, {totalVipServers:int} VIP सर्वर ऐक्टिव हैं.",Saat ini terdapat {totalVipServers:int} Server VIP yang aktif untuk tempat ini.,Attualmente sono attivi {totalVipServers:int} server VIP per questa località.,このプレースには現在、使用中のVIPサーバーが {totalVipServers:int} 件あります。,현재 이 플레이스에서 {totalVipServers:int}개의 VIP 서버를 사용 중입니다.,Liczba aktywnych serwerów VIP powiązanych z tym miejscem wynosi obecnie {totalVipServers:int}.,"No momento, há {totalVipServers:int} servidores VIP ativos para este local.",,ขณะนี้มีเซิร์ฟเวอร์ VIP ที่ใช้งานอยู่สำหรับสถานที่นี้ {totalVipServers:int} เซิร์ฟเวอร์,Bu mekânın etkin {totalVipServers:int} VIP Sunucusu var.,Hiện đang có {totalVipServers:int} Máy Chủ VIP đang hoạt động cho nơi này.,当前场景目前拥有 {totalVipServers:int} 个使用中的 VIP 服务器。,当前场景目前拥有 {totalVipServers:int} 个使用中的 VIP 服务器。,此地點目前有 {totalVipServers:int} 個活躍 VIP 伺服器。
Studio.GameSettings.Monetization.PrivateServersActive,,,There are currently {totalVipServers:int} Private Servers active for this place.,There are currently {totalVipServers:int} Private Servers active for this place.,توجد حاليًا {totalVipServers:int} من الخوادم الخاصة النشطة لهذا المكان.,Es sind derzeit {totalVipServers:int} private Server für diesen Ort aktiv.,"Actualmente, hay {totalVipServers:int} Servidores privados activos para este lugar.",Il y a {totalVipServers:int} serveurs privés actifs pour cet emplacement en ce moment.,"फ़िलहाल इस प्लेस के लिए, {totalVipServers:int} प्राइवेट सर्वर ऐक्टिव हैं.",Saat ini terdapat {totalVipServers:int} Server Privat yang aktif untuk tempat ini.,Attualmente sono attivi {totalVipServers:int} server privati per questa località.,このプレースには現在、使用中のプライベートサーバーが {totalVipServers:int} 件あります。,현재 이 플레이스에서 {totalVipServers:int}개의 비공개 서버를 사용 중입니다.,Liczba aktywnych serwerów prywatnych powiązanych z tym miejscem wynosi obecnie {totalVipServers:int}.,"No momento, há {totalVipServers:int} servidores privados ativos para este local.",,ขณะนี้มีเซิร์ฟเวอร์ส่วนตัวที่ใช้งานอยู่สำหรับสถานที่นี้ {totalVipServers:int} เซิร์ฟเวอร์,Bu mekânın etkin {totalVipServers:int} Özel Sunucusu var.,Hiện đang có {totalVipServers:int} Máy Chủ Riêng Tư đang hoạt động cho địa điểm này.,当前场景目前拥有 {totalVipServers:int} 个使用中的私人服务器。,当前场景目前拥有 {totalVipServers:int} 个使用中的私人服务器。,此地點目前有 {totalVipServers:int} 個活躍私人伺服器。
Studio.GameSettings.Monetization.OverVIPServerSubscriptions,,,There are currently over {numOfSubscriptions:int} VIP Server Subscriptions active for this place.,There are currently over {numOfSubscriptions:int} VIP Server Subscriptions active for this place.,يوجد حاليًا ما يزيد عن {numOfSubscriptions:int} من اشتراكات خوادم VIP النشطة لهذا المكان.,Es sind derzeit über {numOfSubscriptions:int} Abonnements für VIP-Server für diesen Ort aktiv.,"Actualmente, hay más de {numOfSubscriptions:int} suscripciones activas a Servidores VIP para este lugar.",Il y a plus de {numOfSubscriptions:int} abonnements aux serveurs VIP pour cet emplacement en ce moment.,"फ़िलहाल इस प्लेस के लिए, {numOfSubscriptions:int} से ज़्यादा VIP सर्वर सब्सक्रिप्शन ऐक्टिव हैं.",Saat ini terdapat lebih dari {numOfSubscriptions:int} Subscription Server VIP yang aktif untuk tempat ini.,Attualmente sono attivi più di {numOfSubscriptions:int} abbonamenti ai server VIP per questa località.,このプレースには現在、 有効なVIPサーバーサブスクリプションが {numOfSubscriptions:int} 件以上あります。,현재 이 플레이스에는 {numOfSubscriptions:int}건 이상의 활성화된 VIP 서버 구독이 있습니다.,Liczba aktywnych subskrypcji serwerów VIP powiązanych z tym miejscem wynosi obecnie ponad {numOfSubscriptions:int}.,"No momento, há {numOfSubscriptions:int} assinaturas de servidores VIP ativas para este local.",,ขณะนี้มีการสมัครสมาชิกเซิร์ฟเวอร์ VIP ที่ใช้งานอยู่สำหรับสถานที่นี้มากกว่า {numOfSubscriptions:int} เซิร์ฟเวอร์,Bu mekânın etkin {numOfSubscriptions:int} üzerinde VIP Sunucu Aboneliği var.,Hiện đang có hơn {numOfSubscriptions:int} Gói Đăng Ký Máy Chủ VIP đang hoạt động cho địa điểm này.,当前场景目前拥有超过 {numOfSubscriptions:int} 个以上的活跃 VIP 服务器订阅。,当前场景目前拥有超过 {numOfSubscriptions:int} 个以上的活跃 VIP 服务器订阅。,此地點目前有 {numOfSubscriptions:int} 個以上的活躍 VIP 伺服器訂閱。
Studio.GameSettings.Monetization.OverPrivateServerSubscriptions,,,There are currently over {numOfSubscriptions:int} Private Server Subscriptions active for this place.,There are currently over {numOfSubscriptions:int} Private Server Subscriptions active for this place.,يوجد حاليًا ما يزيد عن {numOfSubscriptions:int} من اشتراكات الخوادم الخاصة النشطة لهذا المكان.,Es sind derzeit über {numOfSubscriptions:int} Abonnements für private Server für diesen Ort aktiv.,"Actualmente, hay más de {numOfSubscriptions:int} suscripciones activas a Servidores privados para este lugar.",Il y a plus de {numOfSubscriptions:int} abonnements aux serveurs privés pour cet emplacement en ce moment.,"फ़िलहाल इस प्लेस के लिए, {numOfSubscriptions:int} प्राइवेट सर्वर सब्सक्रिप्शन ऐक्टिव हैं.",Saat ini terdapat lebih dari {numOfSubscriptions:int} Subscription Server Privat yang aktif untuk tempat ini.,Attualmente sono attivi più di {numOfSubscriptions:int} abbonamenti ai server privati per questa località.,このプレースには現在、 有効なプライベートサーバーサブスクリプションが {numOfSubscriptions:int} 件以上あります。,현재 이 플레이스에는 {numOfSubscriptions:int}건 이상의 활성화된 비공개 서버 구독이 있습니다.,Liczba aktywnych subskrypcji serwerów prywatnych powiązanych z tym miejscem wynosi obecnie ponad {numOfSubscriptions:int}.,"No momento, há mais de {numOfSubscriptions:int} assinaturas de servidores privados ativas para este local.",,ขณะนี้มีการสมัครสมาชิกเซิร์ฟเวอร์ส่วนตัวที่ใช้งานอยู่สำหรับสถานที่นี้มากกว่า {numOfSubscriptions:int} เซิร์ฟเวอร์,Bu mekânın etkin {numOfSubscriptions:int} üzerinde Özel Sunucu Aboneliği var.,Hiện đang có hơn {numOfSubscriptions:int} Gói Đăng Ký Máy Chủ Riêng Tư đang hoạt động cho địa điểm này.,当前场景目前拥有超过 {numOfSubscriptions:int} 个以上的活跃私人服务器订阅。,当前场景目前拥有超过 {numOfSubscriptions:int} 个以上的活跃私人服务器订阅。,此地點目前有 {numOfSubscriptions:int} 個以上的活躍私人伺服器訂閱。
Studio.GameSettings.Monetization.VIPServerSubscriptions,,,There are currently {numOfSubscriptions:int} VIP Server Subscriptions active for this place.,There are currently {numOfSubscriptions:int} VIP Server Subscriptions active for this place.,توجد حاليًا {numOfSubscriptions:int} من اشتراكات خوادم VIP النشطة لهذا المكان.,Es sind derzeit {numOfSubscriptions:int} Abonnements für VIP-Server für diesen Ort aktiv.,"Actualmente, hay {numOfSubscriptions:int} suscripciones activas a Servidores VIP para este lugar.",Il y a plus de {numOfSubscriptions:int} abonnements aux serveurs VIP actifs pour cet emplacement en ce moment.,फ़िलहाल इस प्लेस के लिए {numOfSubscriptions:int} VIP सर्वर सब्सक्रिप्शन ऐक्टिव हैं.,Saat ini terdapat {numOfSubscriptions:int} Subscription Server VIP yang aktif untuk tempat ini.,Attualmente sono attivi {numOfSubscriptions:int} abbonamenti ai server VIP per questa località.,このプレースには現在、有効なVIPサーバーサブスクリプションが {numOfSubscriptions:int} 件あります。,현재 이 플레이스에는 {numOfSubscriptions:int}건의 활성화된 VIP 서버 구독이 있습니다.,Liczba aktywnych subskrypcji serwerów VIP powiązanych z tym miejscem wynosi obecnie {numOfSubscriptions:int}.,"No momento, há {numOfSubscriptions:int} assinaturas de servidores VIP ativas para este local.",,ขณะนี้มีการสมัครสมาชิกเซิร์ฟเวอร์ VIP ที่ใช้งานอยู่สำหรับสถานที่นี้ {numOfSubscriptions:int} เซิร์ฟเวอร์,Bu mekânın etkin {numOfSubscriptions:int} VIP Sunucu Aboneliği var.,Hiện đang có {numOfSubscriptions:int} Gói Đăng Ký Máy Chủ VIP đang hoạt động cho địa điểm này.,当前场景目前拥有 {numOfSubscriptions:int} 个活跃 VIP 服务器订阅。,当前场景目前拥有 {numOfSubscriptions:int} 个活跃 VIP 服务器订阅。,此地點目前有 {numOfSubscriptions:int} 個活躍 VIP 伺服器訂閱。
Studio.GameSettings.Monetization.PrivateServerSubscriptions,,,There are currently {numOfSubscriptions:int} Private Server Subscriptions active for this place.,There are currently {numOfSubscriptions:int} Private Server Subscriptions active for this place.,توجد حاليًا {numOfSubscriptions:int} من اشتراكات الخوادم الخاصة النشطة لهذا المكان.,Es sind derzeit {numOfSubscriptions:int} Abonnements für private Server für diesen Ort aktiv.,"Actualmente, hay {numOfSubscriptions:int} suscripciones activas a Servidores privados para este lugar.",Il y a plus de {numOfSubscriptions:int} abonnements aux serveurs privés actifs pour cet emplacement en ce moment.,फ़िलहाल इस प्लेस के लिए {numOfSubscriptions:int} प्राइवेट सर्वर सब्सक्रिप्शन ऐक्टिव हैं.,Saat ini terdapat {numOfSubscriptions:int} Subscription Server Privat yang aktif untuk tempat ini.,Attualmente sono attivi {numOfSubscriptions:int} abbonamenti ai server privati per questa località.,このプレースには現在、 有効なプライベートサーバーサブスクリプションが {numOfSubscriptions:int} 件のあります。,현재 이 플레이스에는 {numOfSubscriptions:int}건의 활성화된 비공개 서버 구독이 있습니다.,Liczba aktywnych subskrypcji serwerów prywatnych powiązanych z tym miejscem wynosi obecnie {numOfSubscriptions:int}.,"No momento, há {numOfSubscriptions:int} assinaturas de servidores privados ativas para este local.",,ขณะนี้มีการสมัครสมาชิกเซิร์ฟเวอร์ส่วนตัวที่ใช้งานอยู่สำหรับสถานที่นี้ {numOfSubscriptions:int} เซิร์ฟเวอร์,Bu mekânın etkin {numOfSubscriptions:int} Özel Sunucu Aboneliği var.,Hiện đang có {numOfSubscriptions:int} Gói Đăng Ký Máy Chủ Riêng Tư đang hoạt động cho địa điểm này.,当前场景目前拥有 {numOfSubscriptions:int} 个活跃私人服务器订阅。,当前场景目前拥有 {numOfSubscriptions:int} 个活跃私人服务器订阅。,此地點目前有 {numOfSubscriptions:int} 個活躍私人伺服器訂閱。
Studio.GameSettings.Security.EnableThirdPartyPurchases,,,Allow Third Party Sales,Allow Third Party Sales,السماح بمبيعات الجهات الخارجية,Drittanbieter-Verkäufe erlauben,Permitir ventas de terceros,Autoriser les ventes aux tiers,थर्ड पार्टी सेल्स की अनुमति दें,Izinkan Penjualan Pihak Ketiga,Consenti vendite di terzi,サードパーティの販売を許可,제삼자 판매 허용,Zezwalaj na sprzedaż produktów stron trzecich,Permitir vendas de terceiros,,อนุญาตการขายของบุคคลภายนอก,Üçüncü taraf alışverişine izin ver,Cho Phép Bán Hàng Từ Bên Thứ Ba,允许第三方销售,允许第三方销售,允許第三方買賣
Studio.GameSettings.Security.EnableThirdPartyPurchasesDescription,,,"By enabling, players can purchase items provided by third parties.","By enabling, players can purchase items provided by third parties.",من خلال تمكين هذا الخيار، يمكن للاعبين شراء العناصر التي تقدمها جهات خارجية.,"Wenn du diese Option aktivierst, können Spieler Artikel kaufen, die von Dritten angeboten werden.","Al activarlas, los jugadores pueden comprar objetos de terceros.","En l'activant, les joueurs peuvent acheter des articles fournis par des tiers.","चालू करके, खिलाड़ी थर्ड पार्टी के उपलब्ध कराए गए आइटम खरीद सकते हैं.","Dengan mengaktifkan opsi ini, pemain dapat membeli item yang disediakan oleh pihak ketiga.","Abilitando questa opzione, i giocatori potranno acquistare oggetti forniti da terzi.",有効化すると、プレイヤーはサードパーティ提供によるアイテムを購入できます。,이 옵션을 활성화하면 플레이어가 제삼자 판매 아이템을 구매할 수 있습니다.,"Gdy ta opcja jest włączona, gracze mogą kupować przedmioty oferowane przez strony trzecie.","Ao ativar isto, jogadores podem comprar itens disponibilizados por terceiros.",,เมื่อเปิดใช้งาน ผู้เล่นจะสามารถซื้อไอเท็มของบุคคลภายนอกได้,"Etkinleştirildiğinde oyuncular, üçüncü tarafların sağladığı öğeleri satın alabilir.","Khi bật tính năng này, người chơi có thể mua các vật phẩm do các bên thứ ba cung cấp.",启用此选项后，玩家将可以购买第三方销售物品。,启用此选项后，玩家将可以购买第三方销售物品。,若啟用此選項，玩家就可以購買第三方販賣的道具。
Studio.GameSettings.Security.EnableThirdPartyTeleports,,,Allow Third Party Teleports,Allow Third Party Teleports,السماح بالانتقال الفوري إلى جهات خارجية,Teleports von Drittanbietern erlauben,Permitir teletransporte de terceros,Autoriser les téléports de tiers,थर्ड पार्टी टेलीपोर्ट की परमिशन दें,Izinkan Teleportasi Pihak Ketiga,Consenti teletrasporti di terzi,サードパーティのテレポートを許可,제삼자 텔레포트 허용,Zezwalaj na teleporty stron trzecich,Permitir teleportes de terceiros,,อนุญาตให้เทเลพอร์ตไปภายนอก,Üçüncü taraf ışınlamalarına izin ver,Cho Phép Dịch Chuyển Từ Bên Thứ Ba,允许第三方传送,允许第三方传送,允許第三方傳送
Studio.GameSettings.Security.EnableThirdPartyTeleportsDescription,,,"By enabling, players can be teleported to other games. However, teleports between places in this game and between games owned by the same creator will be permitted.","By enabling, players can be teleported to other games. However, teleports between places in this game and between games owned by the same creator will be permitted.",من خلال تمكين هذا الخيار، يمكن للاعبين الانتقال الفوري إلى ألعاب أخرى. ومع ذلك، سيتم السماح بالانتقال الفوري بين الأماكن في هذه اللعبة وبين الألعاب التي يملكها نفس المصمّم.,"Wenn du diese Option aktivierst, können Spieler in andere Spiele teleportiert werden. Teleports zwischen Orten in diesem Spiel und zwischen Spielen, die denselben Creator gehören, sind jedoch erlaubt.","Al activarlos, los jugadores se pueden teletransportar a otros juegos. Sin embargo, se permitirán los telepuertos entre lugares en este juego y entre juegos de propiedad del mismo creador.","En l'activant, les joueurs peuvent être téléportés vers d'autres jeux. Toutefois, les téléportations entre les lieux de ce jeu et entre les jeux appartenant au même créateur seront autorisées.","इसे चालू करके, खिलाड़ियों को अन्य खेलों में टेलीपोर्ट किया जा सकता है. हालांकि, इस गेम में प्लेस के बीच और एक ही क्रिएटर के गेम के बीच टेलीपोर्ट की अनुमति दी जाएगी.","Dengan mengaktifkan opsi ini, pemain dapat diteleportasikan ke game lain. Akan tetapi, teleportasi hanya diizinkan antartempat dalam game ini dan antargame yang dimiliki oleh kreator yang sama.","Abilitando questa opzione, i giocatori potranno essere teletrasportati in altri giochi. Tuttavia, sarà consentito solo il teletrasporto tra località dello stesso gioco e tra giochi dello stesso creatore.",有効化すると、プレイヤーは他のゲームにテレポートされます。しかし、このゲーム上のプレースと同じクリエーターが所有しているゲーム間のテレポートは許可されています。,"이 옵션을 활성화하면 플레이어가 다른 게임으로 텔레포트할 수 있습니다. 단, 이 게임 내의 플레이스 간에, 그리고 동일한 크리에이터가 제작한 다른 게임 간에만 가능합니다.","Gdy ta opcja jest włączona, gracze mogą teleportować się do innych gier, jednak dozwolone będzie używanie teleportów pomiędzy miejscami w tej grze oraz pomiędzy grami będącymi własnością tego samego twórcy.","Ao ativar isto, jogadores podem ser teleportados para outros jogos. No entanto, somente teleportes entre locais neste jogo e entre jogos de propriedade do mesmo criador serão permitidos.",,เมื่อเปิดใช้งาน ผู้เล่นจะสามารถเทเลพอร์ตไปยังเกมอื่นได้ อย่างไรก็ตาม การเทเลพอร์ตไปมาระหว่างสถานที่ต่างๆ ในเกมนี้ และระหว่างเกมที่มีเจ้าของเดียวกันจะได้รับอนุญาตอยู่แล้ว,Etkinleştirildiğinde oyuncular diğer oyunlara ışınlanabilir. Bununla birlikte yalnızca oyunun mekânları arasındaki ve aynı oyun sahibinin oyunları arasındaki ışınlanmalara izin verilir.,"Khi bật tính năng này, người chơi có thể được dịch chuyển đến các trò chơi khác. Tuy nhiên, người chơi vẫn có thể dịch chuyển giữa các địa điểm trong trò chơi này và giữa các trò chơi của cùng một nhà sáng tạo.",启用此选项后，玩家将可以传送至其他游戏。然而，玩家将可以进行此游戏不同场景间的传送及同一游戏创作者不同游戏间的传送。,启用此选项后，玩家将可以传送至其他游戏。然而，玩家将可以进行此游戏不同场景间的传送及同一游戏创作者不同游戏间的传送。,若啟用此選項，玩家就可已傳送到其他遊戲。但是，玩家只能在同一個遊戲的地點之間或同一個創作者的遊戲之間進行傳送。
Studio.GameSettings.General.DevSubsPlanID,,,Plan ID,Plan ID,مُعرِّف الخطة,Plan-ID,ID del plan,ID de plan,प्लान ID,ID Paket,ID piano,プランID,플랜 ID,Identyfikator planu,ID de plano,,ID แผน,Plan kimliği,ID Gói,计划 ID,计划 ID,方案 ID
Studio.GameSettings.General.DevSubsCreationDate,,,Creation Date,Creation Date,تاريخ الإنشاء,Erstellungsdatum,Fecha de creación,Date de création,क्रिएशन की तारीख,Tanggal Kreasi,Data di creazione,作成日,만든 날짜,Data utworzenia,Data de criação,,วันที่สร้าง,Oluşturma tarihi,Ngày Tạo,创建时间,创建时间,建立日期
Studio.GameSettings.General.DevSubsPendingEarning,,,Pending Earning,Pending Earning,الأرباح المُعلقة,Ausstehende Einnahmen,Ingresos pendiente,Gains en attente,पेंडिंग अर्निंग,Pendapatan Pending,Guadagno in sospeso,保留中の収益,대기 중인 수익,Zarobki oczekujące,A receber,,รายได้ที่กำลังรอดำเนินการ,Bekleyen kazanç,Đang Xử Lý Thu Nhập,预定收入,预定收入,待處理收入
Studio.GameSettings.General.DevSubsDeleteTitle,,,Delete Subscription,Delete Subscription,حذف الاشتراك,Abonnement löschen,Eliminar suscripción,Supprimer abonnement,सब्सक्रिप्शन डिलीट करें,Hapus Subscription,Cancella abbonamento,サブスクリプションを削除,구독 삭제,Usuń subskrypcję,Apagar assinatura,,ลบการสมัครสมาชิก,Aboneliği sil,Xóa Gói Đăng Ký,删除订阅,删除订阅,刪除訂閱
Studio.GameSettings.General.DevSubsDeleteHeader,,,Are you sure you want to delete this subscription?,Are you sure you want to delete this subscription?,هل أنت متأكد من أنك تريد حذف هذا الاشتراك؟,Möchtest du dieses Abonnement wirklich löschen?,¿Quieres eliminar esta suscripción?,Es-tu sûr de vouloir supprimer cet abonnement ?,क्या आपको वाकई इस सब्सक्रिप्शन को डिलीट करना है?,Yakin ingin menghapus subscription ini?,Vuoi davvero cancellare l'abbonamento?,このサブスクリプションを削除してよろしいですか？,이 구독을 정말 삭제할까요?,Czy na pewno chcesz usunąć tę subskrypcję?,Tem certeza de que deseja excluir esta assinatura?,,คุณแน่ใจหรือไม่ว่าคุณต้องการลบการสมัครสมาชิกนี้?,Aboneliği silmek istediğinden emin misin?,Bạn có chắc chắn muốn xóa gói đăng ký này?,确定要删除此订阅吗？,确定要删除此订阅吗？,確定刪除此訂閱？
Studio.GameSettings.General.DevSubsDeleteDescription,,,"You will lose pending payments for this subscription, including the current month.","You will lose pending payments for this subscription, including the current month.",ستفقد المدفوعات المُعلقة لهذا الاشتراك، بما في ذلك مدفوعات الشهر الحالي.,"Du verlierst ausstehende Zahlungen für dieses Abonnement, auch für den laufenden Monat.","Perderás los pagos pendientes para esta suscripción, incluso el pago del mes en curso.","Tu perdras tes paiements en attente pour cet abonnement , y compris le mois en cours.","आपको इस सब्सक्रिप्शन के बचे हुए पैसे नहीं दिए जाएँगे, इस महीने के भी नहीं.","Kamu akan kehilangan pembayaran yang masih pending untuk subscription ini, termasuk bulan ini.","I pagamenti in sospeso per questo abbonamento andranno persi, compreso quello del mese corrente.",今月を含む、このサブスクリプションの保留中の支払いを受け取れなくなります。,"이번 달을 포함해, 이 구독의 대기 중인 수익을 잃게 됩니다.","Utracisz płatności oczekujące związane z tą subskrypcją, w tym również płatności za bieżący miesiąc.","Você perderá pagamentos pendentes para esta assinatura, incluindo para o mês atual.",,คุณจะสูญเสียการชำระเงินที่กำลังรอดำเนินการสำหรับการสมัครสมาชิกนี้ รวมถึงเดือนปัจจุบันด้วย,Abonelikten bu ayki de dâhil olmak üzere beklenen ödemeleri kaybedeceksin.,"Bạn sẽ mất các khoản tiền chưa thanh toán cho gói đăng ký này, bao gồm cả tháng hiện tại.",你将失去此订阅的预定收入，包括本月的。,你将失去此订阅的预定收入，包括本月的。,您將會失去此訂閱待處理的付款，包括本月付款。
Studio.GameSettings.General.DevSubsDeleteConfirm,,,Delete,Delete,حذف,Löschen,Eliminar,Supprimer,डिलीट करें,Hapus,Elimina,削除,삭제,Usuń,Excluir,,ลบ,Sil,Xóa,删除,删除,刪除
Studio.GameSettings.General.DevSubsDuration6Months,,,6 months,6 months,6 أشهر,6 Monate,6 meses,6 mois,6 महीने,6 bulan,6 mesi,6ヶ月,6개월,6 miesięcy,6 meses,,6 เดือน,6 ay,6 tháng,6 个月,6 个月,6 個月
Studio.GameSettings.General.DevSubsDuration12Months,,,12 months,12 months,12 شهرًا,12 Monate,12 meses,12 mois,12 महीने,12 bulan,12 mesi,12ヶ月,12개월,12 miesięcy,12 meses,,12 เดือน,12 ay,12 tháng,12 个月,12 个月,12 個月
Studio.GameSettings.General.ThumbnailsLimitLuobu,,,You can set up to {maxThumbnails:int} screenshots for a game.,You can set up to {maxThumbnails:int} screenshots for a game.,يمكنك إعداد ما يصل إلى {maxThumbnails:int} من لقطات الشاشة لكل لعبة.,Du kannst bis zu {maxThumbnails:int} Screenshots für ein Spiel einstellen.,Puedes definir hasta un máximo de {maxThumbnails:int} capturas de pantalla para un juego.,Tu peux faire des captures d'écran de {maxThumbnails:int} pour un jeu.,किसी गेम के लिए {maxThumbnails:int} स्क्रीनशॉट तक सेट किए जा सकते हैं.,Kamu dapat meletakkan maksimum {maxThumbnails:int} screenshot untuk satu game.,Puoi impostare fino a {maxThumbnails:int} screenshot per un gioco.,一つのゲームにつき {maxThumbnails:int} 件までのスクリーンショットを設定できます。,스크린샷은 게임당 최대 {maxThumbnails:int}개까지 설정할 수 있습니다.,Dla jednej gry możesz ustawić do {maxThumbnails:int} zrzutów ekranu.,Você pode definir até {maxThumbnails:int} capturas de tela para um jogo.,,คุณสามารถกำหนดภาพถ่ายหน้าจอได้สูงสุด {maxThumbnails:int} รายการสำหรับเกม,Bir oyun için {maxThumbnails:int} değerine kadar ekran görüntüsü belirleyebilirsin.,Bạn có thể thiết lập lên đến {maxThumbnails:int} ảnh chụp màn hình cho một trò chơi.,一个游戏最多可设置 {maxThumbnails:int} 张屏幕截图。,一个游戏最多可设置 {maxThumbnails:int} 张屏幕截图。,你最多可以替一個遊戲設定 {maxThumbnails:int} 個截圖。
Studio.GameSettings.General.CopyIDToClipboard,,,Copy ID to Clipboard,Copy ID to Clipboard,نسخ المُعرِّف إلى الحافظة,ID in die Zwischenablage kopieren,Copiar ID al portapapeles,Copier ID dans le clipboard,ID को क्लिपबोर्ड पर कॉपी करें,Salin ID ke Clipboard,Copia ID negli appunti,IDをクリップボードにコピー,ID를 클립보드로 복사,Skopiuj identyfikator do schowka,Copiar ID para a área de transferência,,คัดลอก ID ไปยังคลิปบอร์ด,Kimliği panoya kopyala,Sao Chép ID vào Bộ Nhớ Tạm,复制 ID 到剪贴板,复制 ID 到剪贴板,將 ID 複製到剪貼簿
Studio.GameSettings.Monetization.PaidAccessHintLuobu,,,The game must be public to enable Paid Access.,The game must be public to enable Paid Access.,يجب أن تكون اللعبة عامّة لتمكين الاستخدام مقابل الدفع.,"Das Spiel muss öffentlich sein, um den bezahlten Zugang zu aktivieren.",El juego debe ser público para activar Acceso de pago.,Le jeu doit être public pour permettre l'accès payant.,"पेड ऐक्सेस चालू करने के लिए, गेम पब्लिक होना चाहिए.",Status game harus diatur menjadi publik untuk mengaktifkan Akses Berbayar.,"Per abilitare l'accesso a pagamento, il gioco deve essere pubblico.",有料アクセスを有効化するにはゲームが公開されていることが必須です。,유료 액세스를 사용하려면 게임을 공개해야 합니다.,"Gra musi być publiczna, aby można było włączyć płatny dostęp.",Este jogo dever ser público para permitir Acesso pago.,,เกมต้องเป็นสาธารณะเพื่อเปิดใช้งานการเข้าถึงที่มีค่าใช้จ่าย,Ücretli Erişimi etkinleştirmek için oyunun herkese açık olması gerekir.,Phải công khai trò chơi để cho phép Truy Cập Trả Phí.,需要将游戏设为公开才能启用付费访问。,需要将游戏设为公开才能启用付费访问。,若要啟用付費通行，請將遊戲設為公開。
Studio.GameSettings.Monetization.Badges,,,Badges,Badges,الأوسمة,Abzeichen,Emblemas,Badges,बैज,Lencana,Contrassegni,バッジ,배지,Odznaki,Emblemas,,เหรียญตรา,Rozetler,Huy Hiệu,徽章,徽章,徽章
Studio.GameSettings.Monetization.BadgeImage,,,Badge Image,Badge Image,صورة الوسام,Abzeichenbild,Imagen del emblema,Image badge,बैज इमेज,Gambar Lencana,Immagine contrassegno,バッジ画像,배지 이미지,Obraz odznaki,Imagem do emblema,,ภาพเหรียญตรา,Rozet görseli,Hình Ảnh Huy Hiệu,徽章图片,徽章图片,徽章圖像
Studio.GameSettings.Monetization.BadgeName,,,Badge Name,Badge Name,اسم الوسام,Abzeichenname,Nombre del emblema,Nom du badge,बैज का नाम,Nama Lencana,Nome contrassegno,バッジ名,배지 이름,Nazwa odznaki,Nome do emblema,,ชื่อเหรียญตรา,Rozet adı,Tên Huy Hiệu,徽章名称,徽章名称,徽章名稱
Studio.GameSettings.Monetization.BadgeDescription,,,Badge Description,Badge Description,وصف الوسام,Abzeichenbeschreibung,Descripción del emblema,Description du badge,बैज का विवरण,Deskripsi Lencana,Descrizione contrassegno,バッジの詳細,배지 설명,Opis odznaki,Descrição do emblema,,คำอธิบายเหรียญตรา,Rozet açıklaması,Mô Tả Huy Hiệu,徽章描述,徽章描述,徽章說明
Studio.GameSettings.General.Configure,,,Configure,Configure,تهيئة,Konfigurieren,Configurar,Configurer,कॉन्फ़िगर करें,Konfigurasikan,Configura,環境設定,구성,Skonfiguruj,Configurar,,กำหนดค่า,Yapılandır,Định Cấu Hình,配置,配置,設定
Studio.GameSettings.Monetization.NoBadges,,,Not seeing badges? Refresh to update,Not seeing badges? Refresh to update,ألا تظهر لك الأوسمة؟ حدِّث الصفحة لعرضها,"Abzeichen werden nicht angezeigt? Zum Aktualisieren, neu laden",¿No ves los emblemas? Vuelve a cargar para actualizar,Tu ne vois pas les badges ? Rafraîchir pour mettre à jour,बैज नहीं दिख रहे हैं? अपडेट करने के लिए रीफ़्रेश करें,Tidak melihat lencana? Refresh untuk meng-update,"Se non vedi nessun contrassegno, clicca su Aggiorna per aggiornare",バッジが見えない場合。リフレッシュしてから更新,배지가 보이지 않나요? 새로 고침해 업데이트하세요.,"Nie widać odznak? Odśwież, aby zaktualizować",Não está vendo os emblemas? Recarregue para atualizar,,ไม่เห็นเหรียญตราใช่ไหม? รีเฟรชเพื่ออัปเดต,Rozetleri göremiyor musun? Güncellemek için yenile,Bạn không thấy huy hiệu? Làm mới để cập nhật,徽章没有显示？请尝试刷新页面,徽章没有显示？请尝试刷新页面,看不到徽章？重新整理即可更新
Studio.GameSettings.General.TitleOptInLocations,,,Opt-In Locations,Opt-In Locations,مواقع المشاركة,Opt-In-Standorte,Lugares de participación,Emplacements opt-in,ऑप्ट-इन लोकेशन,Lokasi Pilihan,Località opt-in,オプトイン場所,옵트인 위치,Zgłoszone miejsca,Locais de participação,,ตำแหน่งที่เข้าร่วม,Katılım Konumları,Địa Điểm Tham Gia,选择加入的位置,选择加入的位置,同意位置
Studio.GameSettings.General.LocationChina,,,China,China,الصين,China,China,Chine,चीन,Tiongkok,Cina,中国,중국,Chiny,China,,ประเทศจีน,Çin,Trung Quốc,中国,中国,中國
Studio.GameSettings.General.CategoryPermissions,,,Permissions,Permissions,الأذونات,Berechtigungen,Permisos,Autorisations,परमिशंस,Izin,Autorizzazioni,権限,권한,Uprawnienia,Permissões,,สิทธิ์,İzinler,Quyền,权限,权限,權限
Studio.GameSettings.Permissions.NoAccessLabel,,,No Access,No Access,لا يوجد وصول,Kein Zugang,Sin acceso,Pas d'accès,ऐक्सेस नहीं है,Tidak Ada Akses,Nessuna autorizzazione,アクセスできません,액세스 권한 없음,Brak dostępu,Sem acesso,,ไม่มีสิทธิ์เข้าถึง,Erişim yok,Không Có Quyền Truy Cập,无法访问,无法访问,無存取權限
Studio.GameSettings.Permissions.PlayLabel,,,Play,Play,تشغيل,Spielen,Jugar,Jouer,खेलें,Mainkan,Gioca,プレイ,플레이,Zagraj,Jogar,,เล่น,Oyna,Chơi,开始游戏,开始游戏,遊玩
Studio.GameSettings.Permissions.EditLabel,,,Edit,Edit,تحرير,Bearbeiten,Editar,Modifier,एडिट करें,Edit,Modifica,編集,편집,Edytuj,Editar,,แก้ไข,Düzenle,Chỉnh Sửa,编辑,编辑,編輯
Studio.GameSettings.Permissions.AdminLabel,,,Manage,Manage,إدارة,Verwalten,Gestionar,Gérer,मैनेज करें,Kelola,Gestisci,管理する,관리,Zarządzaj,Gerenciar,,จัดการ,Yönet,Quản Lý,管理,管理,管理
Studio.GameSettings.Permissions.OwnerLabel,,,Owner,Owner,المالك,Eigentümer,Propietario,Propriétaire,ओनर,Pemilik,Proprietario,所有者,소유자,Właściciel,Proprietário,,เจ้าของ,Sahip,Người Sở Hữu,所有者,所有者,主人
Studio.GameSettings.Permissions.MultipleLabel,,,(Multiple),(Multiple),(متعدد),(Mehrere),(Múltiple),(Multiple),(मल्टीपल),(Beberapa),(Molteplici),（複数）,(다중),(Wiele),(Múltiplo),,(หลายรายการ),(Çoklu),(Nhiều),（多项）,（多项）,（多項）
Studio.GameSettings.Permissions.NoAccessDescription,,,Cannot play or edit this game,Cannot play or edit this game,لا يمكن تشغيل هذه اللعبة أو تحريرها,Kann dieses Spiel nicht spielen oder bearbeiten,No se puede jugar a este juego o editarlo,Impossible de jouer ou de modifier ce jeu,इस गेम को खेला या एडिट नहीं किया जा सकता,Tidak bisa memainkan atau mengedit game ini,Impossibile giocare o modificare questo gioco,このゲームをプレイしたり編集したりできません,이 게임을 플레이하거나 편집할 수 없습니다,Użytkownik nie może grać w tę grę ani jej edytować,Não pode jogar ou editar este jogo,,ไม่สามารถเล่นหรือแก้ไขเกมนี้ได้,Oyunu oynayamaz veya düzenleyemez,Không thể chơi hoặc chỉnh sửa trò chơi này,无法玩此游戏，或对其进行编辑,无法玩此游戏，或对其进行编辑,無法遊玩或編輯此遊戲
Studio.GameSettings.Permissions.PlayDescription,,,Can play this game,Can play this game,يمكن تشغيل هذه اللعبة,Kann dieses Spiel spielen,Puede jugar a este juego,Possible de jouer à ce jeu ,इस गेम को खेला जा सकता है,Bisa memainkan game ini,È possibile giocare a questo gioco,このゲームをプレイできます,이 게임을 플레이할 수 있습니다,Użytkownik może grać w tę grę,Pode jogar este jogo,,สามารถเล่นเกมนี้ได้,Oyunu oynayabilir,Có thể chơi trò chơi này,可以玩此游戏,可以玩此游戏,可遊玩此遊戲
Studio.GameSettings.Permissions.EditDescription,,,Can play and edit this game,Can play and edit this game,يمكن تشغيل هذه اللعبة وتحريرها,Kann dieses Spiel spielen und bearbeiten,Puede jugar a este juego y editarlo,Possible de jouer et de modifier ce jeu,इस गेम को खेला और एडिट किया जा सकता है,Bisa memainkan dan mengedit game ini,È possibile giocare e modificare questo gioco,このゲームをプレイして編集できます,이 게임을 플레이하고 편집할 수 있습니다,Użytkownik może grać w tę grę i edytować ją,Pode jogar e editar este jogo,,สามารถเล่นและแก้ไขเกมนี้ได้,Oyunu oynayabilir ve düzenleyebilir,Có thể chơi và chỉnh sửa trò chơi này,可以玩此游戏，或对其进行编辑,可以玩此游戏，或对其进行编辑,可遊玩與編輯此遊戲
Studio.GameSettings.Permissions.AdminDescription,,,"Can play, edit, and manage this game","Can play, edit, and manage this game",يمكن تشغيل هذه اللعبة وتحريرها وإدارتها,"Kann dieses Spiel spielen, bearbeiten und verwalten","Puede jugar a este juego, editarlo y gestionarlo","Possible de jouer, de modifier et de gérer ce jeu","इस गेम को खेला, एडिट और मैनेज किया जा सकता है","Bisa memainkan, mengedit, dan mengelola game ini","È possibile giocare, modificare e gestire questo gioco",このゲームをプレイして、編集と管理ができます,"이 게임을 플레이, 편집, 관리할 수 있습니다","Użytkownik może grać w tę grę, edytować ją i zarządzać nią","Pode jogar, editar e gerenciar este jogo",,สามารถเล่น แก้ไข และจัดการเกมนี้ได้,"Oyunu oynayabilir, düzenleyebilir ve yönetebilir","Có thể chơi, chỉnh sửa và quản lý trò chơi này",可以玩此游戏，或对其进行编辑与管理,可以玩此游戏，或对其进行编辑与管理,可遊玩、編輯及管理此遊戲
Studio.GameSettings.Permissions.OwnerDescription,,,Owner of the game,Owner of the game,مالك اللعبة,Eigentümer des Spiels,Propietario del juego,Propriétaire,गेम के ओनर,Pemilik game,Proprietario del gioco,ゲームの所有者,게임 소유자,Właściciel gry,Proprietário do jogo,,เจ้าของเกม,Oyunun sahibi,Người sở hữu trò chơi,游戏的所有者,游戏的所有者,遊戲主人
Studio.GameSettings.General.SaveText,,,Save to access Game Settings. ,Save to access Game Settings. ,احفظ التغييرات للوصول إلى إعدادات اللعبة. ,"Speichern, um auf Spieleinstellungen zuzugreifen. ",Publicar para acceder a Configuración del juego. ,Sauvegarder pour accéder aux paramètres du jeu. ,गेम की सेटिंग ऐक्सेस करने के लिए सेव करें. ,Simpan untuk mengakses Pengaturan Game. ,Salva per accedere alle impostazioni di gioco. ,保存してゲーム設定にアクセス。 ,저장 후 게임 설정 기능을 이용할 수 있습니다. ,"Zapisz, aby uzyskać dostęp do ustawień gry.",Salve para acessar as configurações do jogo. ,,บันทึกเพื่อเข้าถึงการตั้งค่าเกม ,Oyun Ayarları'na erişmek için kaydet. ,Lưu để truy cập Cài Đặt Trò Chơi. ,保存后即可使用游戏设置功能。 ,保存后即可使用游戏设置功能。 ,儲存後即可進入遊戲設定。
Studio.GameSettings.Permissions.FriendsCollaboratorType,,,Friends,Friends,الأصدقاء,Freunde,Amigos,Amis,फ़्रेंड्स,Teman,Amici,友達,친구,Znajomi,Amigos,,เพื่อน,Arkadaşlar,Bạn Bè,好友,好友,好友
Studio.GameSettings.Permissions.UsersCollaboratorType,,,Users,Users,المستخدمون,Benutzer,Usuarios,Utilisateurs,यूज़र्स,Pengguna,Utenti,ユーザー,사용자,Użytkownicy,Usuários,,ผู้ใช้งาน,Kullanıcılar,Người Dùng,用户,用户,使用者
Studio.GameSettings.Permissions.GroupsCollaboratorType,,,Groups,Groups,المجموعات,Gruppen,Grupos,Groupes,ग्रुप्स,Grup,Gruppi,グループ,그룹,Grupy,Grupos,,กลุ่ม,Gruplar,Nhóm,群组,群组,群組
Studio.GameSettings.Permissions.MyFriendsCollaborator,,,My Friends,My Friends,أصدقائي,Meine Freunde,Mis amigos,Mes amis,मेरे फ़्रेंड्स,Teman Saya,I miei amici,自分の友達,내 친구,Moi znajomi,Meus amigos,,เพื่อนของฉัน,Arkadaşlarım,Bạn Bè Của Tôi,我的好友,我的好友,我的好友
Studio.GameSettings.Permissions.CollaboratorSearchbarDefaultText,,,Search by username,Search by username,البحث حسب اسم المستخدم,Suche nach Benutzernamen,Buscar por nombre de usuario,Recherche par nom d'utilisateur,यूज़रनेम से सर्च करें,Cari dengan nama pengguna,Cerca per nome utente,ユーザーネームでサーチ,사용자 이름으로 검색,Wyszukaj po nazwie użytkownika,Busca por usuário,,ค้นหาโดยใช้ชื่อผู้ใช้งาน,Kullanıcı adıyla ara,Tìm theo tên tài khoản,按用户名搜索,按用户名搜索,以使用者名稱搜尋
Studio.GameSettings.Permissions.CollaboratorSearchbarTooManyText1,,,You cannot add more than {maxNumCollaborators:int} collaborators,You cannot add more than {maxNumCollaborators:int} collaborators,لا يمكنك إضافة أكثر من {maxNumCollaborators:int} من المتعاونين,Du kannst nicht mehr als {maxNumCollaborators:int} Mitwirkende hinzufügen,No puedes añadir más de {maxNumCollaborators:int} colaboradores,Tu ne peux pas ajouter plus de {maxNumCollaborators:int} collaborateurs,{maxNumCollaborators:int} कोलैबरेटर से ज़्यादा नहीं जोड़े जा सकते,Kamu tidak bisa menambahkan lebih dari {maxNumCollaborators:int} kolaborator,Non puoi aggiungere più di {maxNumCollaborators:int} collaboratori,共同制作者は {maxNumCollaborators:int} 人以上、追加できません,공동 작업자는 최대 {maxNumCollaborators:int}명까지만 추가할 수 있습니다.,Nie można dodać więcej niż {maxNumCollaborators:int} współtwórców,Você não pode adicionar mais do que {maxNumCollaborators:int} colaboradores,,คุณไม่สามารถเพิ่มผู้ร่วมงานได้มากกว่า {maxNumCollaborators:int} คน,En fazla {maxNumCollaborators:int} ortak çalışan ekleyebilirsin,Bạn không thể thêm nhiều hơn {maxNumCollaborators:int} cộng tác viên,无法添加 {maxNumCollaborators:int} 位以上的协作者,无法添加 {maxNumCollaborators:int} 位以上的协作者,無法增加超過 {maxNumCollaborators:int} 名合夥人
Studio.GameSettings.Permissions.CollaboratorSearchbarNoResultsText,,,There were no results,There were no results,لم يتم العثور على نتائج,Es gab keine Ergebnisse,No hay resultados,Il n'y a pas de résultats,कोई रिज़ल्ट नहीं मिला,Tidak ada hasil,Nessun risultato,結果がありませんでした,결과가 없습니다,Brak wyników,Não há resultados,,ไม่มีผลลัพธ์,Sonuç bulunamadı,Không có kết quả,没有结果,没有结果,沒有結果
Studio.GameSettings.Permissions.PublishRequiredForCollaborators,,,adding collaborators,adding collaborators,إضافة متعاونين,Mitwirkende hinzufügen,añadiendo colaboradores,ajout de collaborateurs,कोलैबरेटर जोड़ना,menambahkan kolaborator,per l'aggiunta dei collaboratori,共同制作者を追加中,공동 작업자 추가,dodawanie współtwórców,adicionando colaboradores,,กําลังเพิ่มผู้ร่วมงาน,ortak çalışan ekleme,thêm cộng tác viên,正在添加协作者,正在添加协作者,增加合夥人
Studio.GameSettings.Permissions.TeamCreateWarning,,,"To add collaborators, turn on Team Create","To add collaborators, turn on Team Create","لإضافة متعاونين، شغِّل أداة ""إنشاء فريق""","Um Mitwirkende hinzuzufügen, aktiviere Team Create","Para añadir colaboradores, activa Creación en equipo","Pour ajouter des collaborateurs, mettre sur Créer équipe","कोलैबरेटर जोड़ने के लिए, 'टीम क्रिएट' चालू करें","Untuk menambahkan kolaborator, aktifkan Kreasi Bersama","Per aggiungere collaboratori, attiva Creazione di squadra",共同制作者を追加するには、チーム制作機能をオンにする,공동 작업자를 추가하려면 팀 제작을 활성화하세요,"Aby dodać współtwórców, należy włączyć tworzenie zespołowe","Para adicionar colaboradores, ative a Criação em equipe",,หากต้องการเพิ่มผู้ร่วมงาน เปิดการสร้างร่วมกับเพื่อน,Ortak çalışan ekleyebilmek için Takım Çalışması özelliğini aç,"Để thêm cộng tác viên, hãy bật Team Create",要添加协作者，请打开“组队创作”,要添加协作者，请打开“组队创作”,若要增加合夥人，請開啟團隊創作
Studio.GameSettings.Permissions.DEPRECATED_CollaboratorSearchbarDefaultText,,,Search by user or group name,Search by user or group name,البحث حسب اسم المستخدم أو المجموعة,Suche nach Benutzer- oder Gruppennamen,Buscar por usuario o nombre de grupo,Rechercher par utilisateur ou nom de groupe,यूज़र या ग्रुप नाम से सर्च करें,Cari berdasarkan pengguna atau nama grup,Cerca per nome utente o per nome del gruppo,ユーザーかグループ名でサーチ,사용자 또는 그룹 이름으로 검색,Wyszukaj według nazwy użytkownika lub grupy,Pesquisar por nome de usuário ou nome de grupo,,ค้นหาโดยชื่อผู้ใช้งานหรือชื่อกลุ่ม,Kullanıcı veya grup adıyla ara,Tìm kiếm theo tên tài khoản hoặc tên nhóm,按用户或群组名称搜索,按用户或群组名称搜索,依使用者或群組名稱搜尋
Studio.GameSettings.Permissions.PermissionsUpdateMessage,,, We've updated our permission system!, We've updated our permission system!, لقد حدّثنا نظام الأذونات لدينا!, Wir haben unser Berechtigungssystem aktualisiert!, Hemos actualizado nuestro sistema de permisos., Nous avons mis à jour le système de permission !, हमने अपना परमिशन सिस्टम अपडेट कर दिया है!, Kami telah memperbarui sistem izin kami!, Abbiamo aggiornato il nostro sistema di autorizzazioni!, 権限システムを更新しました！, 권한 시스템을 업데이트했습니다!, Zaktualizowaliśmy nasz system uprawnień!, Atualizamos nosso sistema de permissões!,, เราได้อัปเดตระบบสิทธิ์ของเราแล้ว!, İzin sistemimizi güncelledik!, Chúng tôi đã cập nhật hệ thống phân quyền!, 我们对权限系统进行了更新！, 我们对权限系统进行了更新！,我們更新了權限系統！
Studio.GameSettings.OptInLocations.Tooltip,,,"Your creation will be published to all locations, including all the selected opt-in locations. See each location for specific requirements.","Your creation will be published to all locations, including all the selected opt-in locations. See each location for specific requirements.",سيتم نشر منتجك في جميع المواقع، بما في ذلك جميع مواقع المشاركة المحددة. تحقَّق من كل موقع لمعرفة المتطلبات المحددة.,"Deine Kreation wird an allen Standorten veröffentlicht, auch an den ausgewählten Opt-in-Standorten. Die spezifischen Anforderungen findest du bei jedem Standort.","Tu creación se publicará en todas las ubicaciones, inclusas todas aquellas seleccionadas. Visita cada una para obtener los requisitos específicos.","Ta sera publiée sur tous les sites, y compris les sites sélectionnés pour l'opt-in. Consulte chaque site pour connaître les exigences spécifiques.",आपकी क्रिएशन सभी सिलेक्ट की हुई ऑप्ट-इन लोकेशन सहित सभी लोकेशन पर पब्लिश की जाएगी. खास ज़रूरतों के लिए हर लोकेशन देखें.,"Kreasimu akan dipublikasikan ke semua lokasi, termasuk lokasi opsional yang dipilih. Lihat setiap lokasi untuk mengetahui syarat spesifiknya.","La tua creazione sarà pubblicata su tutte le località, comprese quelle selezionate tramite opt-in. Per saperne di più sui requisiti specifici, consulta le singole località.",あなたの作品は、すべての選択済みのオプトイン場所に加えてすべての場所で公開されます。各地域ごとの特定の要件をごらんください。,선택한 모든 옵트인 위치를 포함해 전 위치에 본인의 작품이 게시됩니다. 각 위치별로 특정 요구 사항 여부를 확인하세요.,"Twoje dzieło zostanie opublikowane we wszystkich miejscach, w tym we wszystkich wybranych zgłoszonych miejscach. Szczegółowe wymagania sprawdź w każdym z miejsc.","Sua criação será publicada globalmente, além dos locais selecionados. Veja os requerimentos específicos para cada local.",,ผลงานของคุณจะได้รับการเผยแพร่ไปยังตำแหน่งทั้งหมด รวมถึงตำแหน่งที่เข้าร่วมที่ได้เลือกไว้ทั้งหมด ดูแต่ละตำแหน่งเพื่อทราบข้อกำหนดเฉพาะ,"Eserin, seçili tüm katılım konumları da dâhil olmak üzere tüm konumlarda yayınlanacak. Özel gereksinimler için tüm konumlara göz at.","Sản phẩm của bạn sẽ được phát hành đến tất cả các địa điểm, bao gồm cả những địa điểm tham gia. Hãy xem từng địa điểm để biết các yêu cầu cụ thể.",你的作品将会发布到全球，以及所有你选择加入的位置，请查看每个位置了解其要求。,你的作品将会发布到全球，以及所有你选择加入的位置，请查看每个位置了解其要求。,您的創作將會發布到所有位置，選擇的位置在內，請查看個別位置了解其特定需求。
Studio.GameSettings.AccessPermissions.PlayabilityWarning,,,"To change Playability settings, turn off Paid Access or Private Servers","To change Playability settings, turn off Paid Access or Private Servers",لتغيير إعدادات قابلية التشغيل، أوقِف الاستخدام مقابل الدفع أو الخوادم الخاصة,"Schalte den bezahlten Zugang oder private Server aus, um die Spielbarkeitseinstellungen zu ändern","Para cambiar la configuración de Jugabilidad, desactiva Acceso de pago o Servidores privados","Pour modifier les paramètres de jouabilité, désactive l'accès payant ou les serveurs privés","'खेलने लायक' की सेटिंग बदलने के लिए, पेड ऐक्सेस या प्राइवेट सर्वर बंद करें","Untuk mengubah pengaturan Bisa Dimainkan, matikan Akses Berbayar atau Server Privat","Per modificare le impostazioni di giocabilità, disattiva l'accesso a pagamento o i server privati",[課金アクセス] または [プライベートサーバー] をオフにして [プレイアビリティ] 設定を変更,플레이 가능 여부 설정을 변경하려면 유료 액세스 또는 비공개 서버를 끄세요,"Aby zmienić ustawienia możliwości grania, włącz płatny dostęp lub serwery prywatne","Para mudar as configurações de jogabilidade, desative os acesso pago ou os servidores privados",,หากต้องการเปลี่ยนการตั้งค่าความสามารถในการเล่น โปรดปิดการเข้าถึงที่มีค่าใช้จ่ายหรือเซิร์ฟเวอร์ส่วนตัว,Oynanabilirlik ayarlarını değiştirmek için Ücretli Erişimi veya Özel Sunucuları kapat,"Để thay đổi cài đặt Khả Năng Chơi, hãy tắt Truy Cập Trả Phí hoặc Máy Chủ Riêng",要更改权限设置，请关闭付费访问或私人服务器,要更改权限设置，请关闭付费访问或私人服务器,若要變更權限設定，請關閉付費通行或私人伺服器
Studio.GameSettings.OptInLocations.ChinaRequirements,,, to publish to China, to publish to China, للنشر في الصين,", um in China zu veröffentlichen", para publicar en China, à publier en Chine, चीन में पब्लिश करने के लिए, untuk memublikasikan ke Tiongkok, per pubblicare in Cina,中国で公開, 중국에 게시, aby opublikować w Chinach, para publicar na China,, เพื่อเผยแพร่ไปยังประเทศจีน, ve oyununu Çin'e yayınla, để phát hành sang Trung Quốc, 在中国发布, 在中国发布,在中國發布
Studio.GameSettings.OptInLocations.RequirementsLinkText,,,Requirements,Requirements,المتطلبات,Anforderungen,Requisitos,Exigences,शर्तें,Persyaratan,Requisiti,要件,요구 사항,Wymagania,Requerimentos,,ข้อกําหนด,Gereksinimler,Yêu Cầu,要求,要求,需求
Studio.GameSettings.OptInLocations.Status,,,Status: ,Status: ,الحالة: ,Status: ,Estado: ,Statut: ,स्टेटस: ,Status: ,Stato: ,状況: ,상태: ,Status:,Status: ,,สถานะ: ,Durum: ,Trạng Thái: ,状态: ,状态: ,狀態：
Studio.GameSettings.OptInLocations.Rejected,,,Rejected. Please check your email.,Rejected. Please check your email.,مرفوض. يُرجى التحقق من بريدك الإلكتروني.,Abgelehnt. Bitte überprüfe deine E-Mail.,Rechazado. Verifica tu correo electrónico.,Rejeté. Vérifie tes e-mails.,रिजेक्ट किया गया. अपना ईमेल चेक करें.,Ditolak. Harap periksa email kamu.,rifiutato. Controlla la tua e-mail.,却下されました。メールをチェックしてください。,거부되었습니다. 이메일을 확인하세요.,Odrzucono. Sprawdź pocztę e-mail.,Rejeitado. Verifique seu e-mail.,,ถูกปฏิเสธ โปรดตรวจสอบอีเมลของคุณ,Reddedildi. Lütfen e-postanı kontrol et.,Bị từ chối. Vui lòng kiểm tra email của bạn.,已拒绝。请检查电子邮件。,已拒绝。请检查电子邮件。,遭拒，請查看電子郵件。
Studio.GameSettings.OptInLocations.InReview,,,In review.,In review.,قيد المراجعة.,In Überprüfung.,En revisión.,En révision.,रिव्यू हो रहा है.,Sedang di-review.,In fase di revisione.,レビュー中です。,검토 중입니다.,Rozpatrywanie.,Sob revisão.,,อยู่ในระหว่างการตรวจสอบ.,İnceleniyor.,Đang chờ đánh giá.,审核中。,审核中。,審核中。
Studio.GameSettings.OptInLocations.ApprovedChina,,,Live in China.,Live in China.,مباشر في الصين.,In China verfügbar.,Disponible en China.,Live en Chine.,चीन में रहते हैं.,Tersedia di Tiongkok.,Disponibile in Cina.,中国に在住。,이미 중국에서 사용 중입니다.,Mieszkanie w Chinach.,Ativo na China.,,อาศัยอยู่ในประเทศจีน,Çin'de oynanabilir.,Sống ở Trung Quốc.,在中国使用。,在中国使用。,已在中國使用中。
Studio.GameSettings.General.ScriptCollabWarning,,,Warning: The Team Create server needs to restart before this feature is disabled. The server will automatically restart once all editors have left the session. Any unsaved drafts will no longer be accessible until Collaborative Editing is re-enabled.,Warning: The Team Create server needs to restart before this feature is disabled. The server will automatically restart once all editors have left the session. Any unsaved drafts will no longer be accessible until Collaborative Editing is re-enabled.,"تحذير: يحتاج خادم أداة ""إنشاء فريق"" إلى إعادة التشغيل قبل تعطيل هذه الميزة. ستتم إعادة تشغيل الخادم تلقائيًا بمجرد مغادرة جميع المحررين للجلسة. لن تتمكن من الوصول إلى أي مسودات غير محفوظة إلى أن تتم إعادة تمكين التحرير التعاوني.","Warnung: Der Team-Create-Server muss neu gestartet werden, bevor diese Funktion deaktiviert werden kann. Der Server wird automatisch neu gestartet, sobald alle Bearbeiter die Sitzung verlassen haben. Alle ungespeicherten Entwürfe sind nicht mehr zugänglich, bis ""Kollaboratives Bearbeiten"" wieder aktiviert wird.",Advertencia: El servidor de Creación en equipo debe reiniciarse antes de desactivar esta función. El servidor se reiniciará automáticamente cuando todos los editores hayan abandonado la sesión. Los borradores no guardados no serán accesibles hasta que se vuelva a activar la edición colaborativa.,Avertissement : Le serveur Team Create doit être redémarré avant que cette fonction ne soit désactivée. Le serveur redémarre automatiquement lorsque tous les rédacteurs ont quitté la session. Les brouillons non sauvegardés ne seront plus accessibles jusqu'à ce que la fonction Collaborative Editing soit réactivée.,"वॉर्निंग : इस फ़ीचर को बंद करने से पहले टीम क्रिएट सर्वर को रीस्टार्ट करना ज़रूरी है. सभी एडिटर्स के सेशन छोड़ने के बाद सर्वर अपने-आप रीस्टार्ट हो जाएगा. जब तक कोलैबरेटिव एडिटिंग फिर से चालू नहीं हो जाती, तब तक कोई भी सेव नहीं किया गया ड्राफ़्ट ऐक्सेस नहीं किया जा सकेगा.",Peringatan: Server Kreasi Bersama harus dimulai ulang agar fitur ini nonaktif. Server akan secara otomatis dimulai ulang setelah semua editor meninggalkan sesi. Draf yang belum disimpan tidak akan dapat diakses sampai Pengeditan Kolaboratif diaktifkan kembali.,Attenzione: il server Creazione di squadra deve essere riavviato prima che questa funzione venga disabilitata. Il server si riavvierà automaticamente quando tutti i collaboratori avranno abbandonato la sessione. Le bozze non salvate non saranno più accessibili fino a quando la scrittura collaborativa non verrà riabilitata.,警告: チーム制作サーバーは、この機能を無効化できようにする前に再起動する必要があります。サーバーは、編集者全員がセッションから退出したら、自動的に再起動します。すべての未保存の下書きは共同編集が再有効化されるまでアクセスできません。,"경고: 이 기능을 비활성화하기 전에 팀 제작 서버를 다시 시작해야 합니다. 모든 편집자가 세션을 종료하면 서버가 자동으로 다시 시작됩니다. 공동 편집이 다시 활성화될 때까지, 저장되지 않은 초안에는 더 이상 액세스할 수 없습니다.",Ostrzeżenie: przed wyłączeniem tej funkcji konieczne jest ponowne uruchomienie serwera tworzenia zespołowego. Po opuszczeniu sesji przez wszystkich edytujących serwer zostanie automatycznie uruchomiony ponownie. Wszystkie niezapisane wersje robocze przestaną być dostępne do czasu ponownego włączenia edytowania w trybie współpracy.,Aviso: O servidor da Criação em equipe precisa reiniciar para que esta funcionalidade seja desativada. O servidor reiniciará automaticamente quando todos os editores saírem da sessão. Qualquer rascunho não salvo não será mais acessível até que a edição colaborativa seja reativada.,,คำเตือน: เซิร์ฟเวอร์การสร้างร่วมกับเพื่อนต้องรีสตาร์ทก่อนที่จะปิดใช้งานคุณสมบัตินี้ เซิร์ฟเวอร์จะรีสตาร์ทโดยอัตโนมัติเมื่อผู้แก้ไขทั้งหมดออกจากเซสชันแล้ว แบบร่างใดๆ ที่ยังไม่ได้รับการบันทึกไว้จะไม่สามารถเข้าถึงได้จนกว่าการแก้ไขร่วมกันจะเปิดใช้งานอีกครั้งหนึ่ง,Uyarı: Bu özellik devre dışı bırakılmadan önce Takım Çalışması sunucusunun yeniden başlatılması gerekir. Oturumdaki tüm düzenleyiciler çıktığında sunucu otomatik olarak yeniden başlatılır. Kaydedilmemiş taslaklar ortak düzenleme tekrar etkinleştirilene kadar kullanılamaz.,Cảnh báo: Máy chủ Team Create cần khởi động lại trước khi tính năng này bị tắt. Máy chủ sẽ tự động khởi động lại sau khi tất cả trình chỉnh sửa rời khỏi phiên làm việc. Bạn không thể truy cập vào các bản nháp chưa được lưu cho đến khi quy trình Chỉnh Sửa Hợp Tác được bật lại.,警告：停用此功能必须重启组队创作服务器。所有编辑者退出创作后，服务器会自动重启。共同编辑重新启用前将无法读取未保存的草稿。,警告：停用此功能必须重启组队创作服务器。所有编辑者退出创作后，服务器会自动重启。共同编辑重新启用前将无法读取未保存的草稿。,警告：停用此功能前必須重新啟動團隊創作伺服器。所有編輯者退出作業後，伺服器將會自動重新啟動。重新啟用共同編輯前將無法存取為儲存的草稿。
Studio.GameSettings.General.TermsDialogHeader,,,Terms of Use and Privacy Policy,Terms of Use and Privacy Policy,شروط الاستخدام وسياسة الخصوصية,Nutzungsbedingungen und Datenschutzerklärung,Términos de uso y política de privacidad,Conditions d'utilisation et politique de confidentialité,उपयोग की शर्तें और प्राइवेसी पॉलिसी,Ketentuan Penggunaan dan Kebijakan Privasi,Termini di servizio e Informativa sulla privacy,利用規約とプライバシーポリシー,이용 약관 및 개인정보 처리방침,Warunki użytkowania i Zasady zachowania prywatności,Termos de Uso e Política de Privacidade,,ข้อกำหนดการใช้งานและนโยบายความเป็นส่วนตัว,Kullanım Koşulları ve Gizlilik Politikası,Điều Khoản Sử Dụng và Chính Sách Về Quyền Riêng Tư,使用条款与隐私政策,使用条款与隐私政策,使用條款與隱私權政策
Studio.GameSettings.General.TermsDialogBody,,,"In order to publish on the LuoBuLeSi app published and operated by Tencent, you need to register an account with Tencent, and accept Tencent’s Terms of Use and Privacy Policy. [link]","In order to publish on the LuoBuLeSi app published and operated by Tencent, you need to register an account with Tencent, and accept Tencent’s Terms of Use and Privacy Policy. [link]",للنشر على تطبيق LuoBuLeSi الذي تنشره وتديره Tencent، تحتاج إلى تسجيل حساب لدى Tencent، وقبول شروط الاستخدام وسياسة الخصوصية لدى Tencent. [رابط],"Um in der LuoBuLeSi-App, die von Tencent veröffentlicht und betrieben wird, zu veröffentlichen, musst du ein Konto bei Tencent registrieren und die Nutzungsbedingungen und Datenschutzerklärung von Tencent akzeptieren. [link]","Para publicar en la aplicación LuoBuLeSi, publicada y operada por Tencent, es necesario registrar una cuenta en Tencent y aceptar las condiciones de uso y la política de privacidad de Tencent. [link]","Pour publier sur l'application LuoBuLeSi publiée et exploitée par Tencent, tu dois créer un compte auprès de Tencent et accepter les conditions d'utilisation et la politique de confidentialité de Tencent. [link]","Tencent से पब्लिश और ऑपरेट किए जाने वाले LuoBuLeSi ऐप पब्लिश करने के लिए, आपको Tencent के साथ एक अकाउंट रजिस्टर करना होगा और Tencent की उपयोग की शर्तों और प्राइवेसी पॉलिसी को स्वीकार करना होगा. [link]","Untuk memublikasikan di aplikasi LuoBuLeSi yang dipublikasikan dan dioperasikan oleh Tencent, kamu harus membuat akun Tencent serta menerima Ketentuan Penggunaan dan Kebijakan Privasi Tencent. [link]","Per pubblicare sull'applicazione LuoBuLeSi pubblicata e gestita da Tencent, devi creare un account con Tencent e accettare i Termini di servizio e l'Informativa sulla privacy di Tencent. [link]",テンセントが公開し、運営している LuoBuLeSi アプリ上で公開するには、テンセントのアカウントに登録し、テンセントの利用規約とプライバシーポリシーに同意する必要があります。[link],"Tencent에서 게시하고 운영하는 LuoBuLeSi 앱에 게시하려면, Tencent 계정을 생성하고, Tencent의 이용 약관 및 개인정보 처리방침에 동의해야 합니다. [link]","Aby publikować w aplikacji LuoBuLeSi, której wydawcą i operatorem jest Tencent, należy zarejestrować konto Tencent i zaakceptować Warunki użytkowania i Zasady zachowania prywatności firmy Tencent. [link]","Para publicar no aplicativo LuoBuLeSi, operado e publicado pela Tencent, você precisa registrar um conta com a Tencent e aceitar os Termos de Uso e Política de Privacidade da Tencent. [link]",,หากต้องการเผยแพร่ในแอปพลิเคชัน LuoBuLeSi ซึ่งเผยแพร่และดำเนินการโดย Tencent คุณต้องลงทะเบียนบัญชีกับ Tencent และยอมรับข้อกำหนดการใช้งานและนโยบายความเป็นส่วนตัวของ Tencent [link],Tencent'in yayınladığı ve işlettiği LuoBuLeSi uygulamasında yayınlama yapabilmek için bir Tencent hesabı oluşturman ve Tencent'in Kullanım Koşullarını ve Gizlilik Politikasını kabul etmen gerekir. [link],"Để phát hành trên ứng dụng LuoBuLeSi do Tencent phát hành và vận hành, bạn cần đăng ký tài khoản với Tencent và đồng ý với Điều Khoản Sử Dụng và Chính Sách Về Quyền Riêng Tư của Tencent. [liên kết]",如要在腾讯发布与运营的罗布乐思 App 发布作品，你需要注册腾讯账号并接受腾讯使用条款与隐私政策。[link],如要在腾讯发布与运营的罗布乐思 App 发布作品，你需要注册腾讯账号并接受腾讯使用条款与隐私政策。[link],若要在騰訊發行和營運的羅布樂思 App 發布作品，您必須註冊騰訊帳號並接受騰訊的使用條款與隱私權政策。[link]
Studio.GameSettings.General.TermsDialogBodyLink,,,You can download the LuoBuLeSi app here.,You can download the LuoBuLeSi app here.,يمكنك تنزيل تطبيق LuoBuLeSi من هنا.,Du kannst die LuoBuLeSi-App hier herunterladen.,Puedes descargar la aplicación LuoBuLeSi aquí.,Tu peux télécharger l'appli LuoBuLeSi ici.,LuoBuLeSi ऐप यहाँ से डाउनलोड किया जा सकता है.,Kamu bisa men-download aplikasi LuoBuLeSi di sini.,Puoi scaricare l'app LuoBuLeSi qui.,LuoBuLeSi アプリはこちらでダウンロードできます。,여기에서 LuoBuLeSi 앱을 다운로드할 수 있습니다.,Aplikację LuoBuLeSi można pobrać tutaj.,Você pode baixar o LuoBuLeSi aqui.,,คุณสามารถดาวน์โหลดแอปพลิเคชัน LuoBuLeSi ได้ที่นี่,LuoBuLeSi uygulamasını buradan indirebilirsin.,Bạn có thể tải ứng dụng LuoBuLeSi xuống tại đây.,你可以在此下载罗布乐思 App。,你可以在此下载罗布乐思 App。,您可以在此下載羅布樂思 App。
Studio.GameSettings.General.ButtonSubmit,,,Submit,Submit,إرسال,Absenden,Enviar,Soumettre,सबमिट करें,Kirim,Invia,送信,제출,Prześlij,Enviar,,ส่ง,Gönder,Gửi,提交,提交,提交
Studio.GameSettings.OptInLocations.EmailDialogHeader,,,Email for Review Feedback,Email for Review Feedback,البريد الإلكتروني المُخصَّص لتلقي ملاحظات المراجعة,E-Mail für Feedback zur Überprüfung,Correo electrónico para recibir retroalimentación,Courriel pour les commentaires sur la révision,फ़ीडबैक के रिव्यू के लिए ईमेल,Email untuk Tanggapan Review,E-mail per il feedback di revisione,レビューフィードバックのメール,검토 피드백 수신 이메일,Adres e-mail do przesyłania uwag dotyczących moderacji,E-mail para resultado da avaliação,,อีเมลสำหรับการตรวจสอบข้อเสนอแนะ,İnceleme Geri Bildirimi E-Postası,Gửi Email để Nhận Phản Hồi Đánh Giá,审核反馈的电子邮件,审核反馈的电子邮件,審查詳細資料電子郵件
Studio.GameSettings.OptInLocations.EmailDialogBody,,,"Your game will be reviewed by moderators to ensure that your game is compliant with Chinese content regulations. After your game is reviewed, we will send you review feedback.","Your game will be reviewed by moderators to ensure that your game is compliant with Chinese content regulations. After your game is reviewed, we will send you review feedback.",سيراجع المشرفون لعبتك للتأكد من توافقها مع لوائح المحتوى الصينية. وبعد مراجعة لعبتك، سنرسل إليك ملاحظات المراجعة.,"Dein Spiel wird von Moderatoren geprüft, um sicherzustellen, dass es den chinesischen Inhaltsbestimmungen entspricht. Nachdem dein Spiel geprüft wurde, senden wir dir Feedback zur Überprüfung.","Tu juego será revisado por los moderadores para asegurar que cumpla con las normas de contenido chinas. Después de su revisión, te enviaremos retroalimentación.","Ton jeu sera examiné par des modérateurs afin de s'assurer que ton jeu est conforme à la réglementation chinoise en matière de contenu. Après l'examen de ton jeu, nous t'enverrons des commentaires.","यह पक्का करने के लिए कि आपका गेम चीनी कॉन्टेंट नियमों का पालन करता है, मॉडरेटर आपके गेम को रिव्यू करेंगे. आपके गेम को रिव्यू करने के बाद, हम आपको रिव्यू फ़ीडबैक भेजेंगे.","Game buatanmu akan di-review oleh moderator untuk memastikan game tersebut mematuhi peraturan konten yang berlaku di Tiongkok. Setelah game selesai di-review, kami akan mengirimkan tanggapan review.","Il tuo gioco sarà sottoposto a revisione da parte dei moderatori per garantire che sia conforme alle norme cinesi sui contenuti. Al termine della revisione del tuo gioco, ti invieremo un feedback.",あなたのゲームは、中国のコンテンツ規制を確実に遵守するように内容審査スタッフによってレビューされます。ゲームのレビュー後、レビューフィードバックを送信します。,게임이 중국 콘텐츠 규정을 준수하는지 확인하기 위해 검열팀에서 게임을 검토합니다. 게임 검토가 완료되면 검토 피드백을 보내드립니다.,"Gra zostanie sprawdzona przez moderatorów, aby upewnić się, że jest zgodna z przepisami dotyczącymi treści publikowanych w Chinach. Po sprawdzeniu gry prześlemy ci uwagi dotyczące moderacji.","Seu jogo será avaliado por moderadores para garantir que segue as regras de conteúdo da China. Depois que seu jogo for avaliado, enviaremos o resultado da avaliação.",,ผู้กลั่นกรองจะตรวจสอบเกมของคุณเพื่อตรวจสอบให้แน่ใจว่าเกมของคุณปฏิบัติตามกฎหมายด้านเนื้อหาของประเทศจีน หลังจากที่เกมของคุณได้รับการตรวจสอบแล้ว เราจะส่งผลการตรวจสอบให้คุณ,"Denetimciler, oyununun Çin'deki içerik düzenlemelerine uygun olup olmadığını inceleyecek. Oyunun incelendikten sonra sana bir inceleme geri bildirimi göndereceğiz.","Trò chơi của bạn sẽ được các Người kiểm duyệt xem xét để đảm bảo tính tuân thủ với các quy định về nội dung của Trung Quốc. Sau khi trò chơi của bạn được xét duyệt, chúng tôi sẽ gửi cho bạn phản hồi đánh giá.",你的游戏将由审核员进行审核，以确保游戏符合中国的内容规定。在游戏被审核后，我们将向你发送审核反馈。,你的游戏将由审核员进行审核，以确保游戏符合中国的内容规定。在游戏被审核后，我们将向你发送审核反馈。,我們的管理員會審查您的遊戲，確保您的遊戲符合中國內容規定。審查完成後，我們會將詳細資料以電子郵件傳送給您。
Studio.GameSettings.OptInLocations.EmailDialogDescription,,,Please enter the email where you would like to receive review feedback:,Please enter the email where you would like to receive review feedback:,يُرجى إدخال البريد الإلكتروني الذي ترغب في تلقي ملاحظات المراجعة عليه:,"Bitte gib die E-Mail-Adresse an, an die du das Feedback erhalten möchtest:",Introduce el correo electrónico si quieres recibir retroalimentación de la revisión:,Entrer l'adresse électronique à laquelle tu souhaites recevoir les commentaires sur les évaluations :,"कृपया वह ईमेल डालें, जिस पर आपको रिव्यू का फ़ीडबैक चाहिए :",Masukkan email yang ingin kamu gunakan untuk menerima tanggapan review:,Inserisci l'e-mail sulla quale desideri ricevere il feedback di revisione:,レビューフィードバックを受け取りたいところにメールを入力してください:,검토 피드백을 받을 이메일 주소를 입력하세요:,"Wprowadź adres e-mail, na który chcesz otrzymać uwagi dotyczące moderacji:",Digite o e-mail no qual você gostaria de receber o resultado da avaliação:,,โปรดใส่อีเมลที่คุณต้องการรับผลการตรวจสอบ:,Lütfen inceleme geri bildirimini almak istediğin e-postayı gir:,Vui lòng nhập email mà bạn muốn nhận phản hồi đánh giá:,请输入接收审核反馈的电子邮件地址：,请输入接收审核反馈的电子邮件地址：,請輸入要收到審查詳細資料的電子郵件地址：
Studio.GameSettings.OptInLocations.ErrorInvalidEmail,,,You entered an invalid email address.,You entered an invalid email address.,لقد أدخلت عنوان بريد إلكتروني غير صالح.,Du hast eine ungültige E-Mail-Adresse eingegeben.,Ingresaste un correo electrónico no válido.,Tu as saisi une adresse électronique non valide.,"आपने जो ईमेल एड्रेस डाला है, वह अमान्य है.",Kamu memasukkan alamat email yang tidak valid.,Indirizzo e-mail inserito non valido.,入力したメールアドレスが無効です。,입력하신 이메일 주소가 유효하지 않습니다.,Wprowadzono nieprawidłowy adres e-mail.,Você digitou um endereço de e-mail inválido.,,คุณใส่ที่อยู่อีเมลที่ไม่ถูกต้อง,Geçersiz bir e-posta adresi girdin.,Bạn đã nhập địa chỉ email không hợp lệ.,你输入的电子邮件地址无效。,你输入的电子邮件地址无效。,輸入的電子郵件地址無效。
Studio.GameSettings.OptInLocations.EmailAddress,,,Email address,Email address,عنوان البريد الإلكتروني,E-Mail-Adresse,Correo electrónico,Adresse e-mail,ईमेल एड्रेस,Alamat email,Indirizzo e-mail,メールアドレス,이메일 주소,Adres e-mail,Endereço de e-mail,,ที่อยู่อีเมล,E-posta adresi,Địa chỉ email,电子邮件地址,电子邮件地址,電子郵件地址
Studio.GameSettings.OptInLocations.TempLinkDescription,,,"China: to submit your game to the LuoBu app, visit ","China: to submit your game to the LuoBu app, visit ",الصين: لإرسال لعبتك إلى تطبيق LuoBu، يُرجى زيارة ,"China: Um dein Spiel für die LuoBu-App einzureichen, besuche","China: Para enviar tu juego en la aplicación de LuoBu, visita: ","Chine : pour soumettre ton jeu à l'application LuoBu, rendez-vous sur le site suivant ","चीन : LuoBu ऐप पर अपना गेम सबमिट करने के लिए, यहाँ जाएँ ","Tiongkok: untuk mengirimkan game ke aplikasi LuoBu, kunjungi ","Cina: per inviare il tuo gioco all'app LuoBu, consulta ",中国: LuoBu アプリにあなたのゲームを投稿するには、以下を訪問 ,중국: LuoBu 앱에 게임을 제출하려면 다음을 방문하세요 ,"Chiny: aby przesłać grę do aplikacji LuoBu, przejdź pod adres","China: Para submeter seu jogo para o aplicativo Luobu, visite ",,ประเทศจีน: ส่งเกมของคุณไปยังแอปพลิเคชัน LuoBu และเยี่ยมชม ,Çin: Oyununu LuoBu uygulamasına göndermek için şu adrese git ,"Trung Quốc: để gửi trò chơi của bạn đến ứng dụng LuoBu, hãy truy cập ",中国：要将游戏提交到罗布乐思 App，请访问 ,中国：要将游戏提交到罗布乐思 App，请访问 ,中國：若要將遊戲發布到羅布樂思 App，請前往 
Studio.GameSettings.OptInLocations.ErrorEmailNotEqual,,,The emails you have entered do not match. Please try again.,The emails you have entered do not match. Please try again.,عنوانا البريد الإلكتروني اللذان أدخلتهمها غير متطابقَين. يُرجى المحاولة مرة أخرى.,Die von dir eingegebenen E-Mail-Adressen stimmen nicht überein. Bitte versuche es erneut.,Los correos electrónicos que introduciste no coinciden. Inténtalo de nuevo.,Les emails que tu as saisis ne correspondent pas. Réessayer.,"जो ईमेल आपने डाले हैं, वे मैच नहीं करते हैं. कृपया फिर से कोशिश करें.",Email yang kamu masukkan tidak cocok. Coba lagi.,Le e-mail inserite non corrispondono. Riprova.,入力したメールアドレスが一致しません。もう一度お試しください。,입력하신 이메일이 일치하지 않습니다. 다시 시도하세요.,Wprowadzone adresy e-mail nie są zgodne. Spróbuj ponownie.,Os e-mails fornecidos não conferem. Tente novamente.,,อีเมลที่คุณใส่ไม่ตรงกัน โปรดลองอีกครั้ง,Girdiğin e-postalar eşleşmiyor. Lütfen tekrar dene.,Email bạn đã nhập không khớp. Vui lòng thử lại.,你输入的邮件地址不一致。请重试。,你输入的邮件地址不一致。请重试。,輸入的電子郵件地址不符，請重新嘗試。
Studio.GameSettings.OptInLocations.ConfirmEmailAddress,,,Confirm email address,Confirm email address,تأكيد عنوان البريد الإلكتروني,E-Mail-Adresse bestätigen,Confirmar dirección de correo electrónico,Confirmer adresse email,ईमेल एड्रेस कन्फ़र्म करें,Konfirmasi alamat email,Conferma indirizzo e-mail,メールアドレスの確認,이메일 주소 확인,Potwierdź adres e-mail,Confirmar endereço de e-mail,,ยืนยันที่อยู่อีเมล,E-posta adresini onayla,Xác nhận địa chỉ email,确认邮件地址,确认邮件地址,確認電子郵件地址
Studio.GameSettings.OptInLocations.EmailSubmitFailure,,,Failed to submit email for review feedback. Error code: ,Failed to submit email for review feedback. Error code: ,تعذَّر إرسال البريد الإلكتروني لتلقي ملاحظات المراجعة عليه. كود الخطأ: ,Die E-Mail für das Feedback zur Überprüfung konnte nicht gesendet werden. Fehlercode: ,Error al enviar un correo electrónico para recibir la retroalimentación de la revisión. Código del error: ,Échec de l'envoi de l'e-mail pour les commentaires de révision. Code d'erreur : ,रिव्यू फ़ीडबैक के लिए ईमेल सबमिट नहीं किया जा सका. गड़बड़ी का कोड : ,Gagal mengirim email untuk tanggapan review. Kode eror: ,Impossibile inviare l'e-mail per il feedback di revisione. Codice di errore: ,レビューフィードバック用のメールを送信できませんでした。エラーコード: ,검토 피드백 수신 이메일을 제출하지 못했습니다. 오류 코드: ,Nie udało się przesłać adresu e-mail do przesyłania uwag dotyczących moderacji. Kod błędu: ,Erro ao enviar o e-mail para revisão. Código do erro: ,,ส่งอีเมลสำหรับรับผลการตรวจสอบไม่สำเร็จ โค้ดข้อผิดพลาด: ,İnceleme geri bildirimi için e-posta gönderilemedi. Hata kodu: ,Không gửi được email để nhận phản hồi đánh giá. Mã lỗi: ,提交审核反馈的电子邮件时出错。错误代码： ,提交审核反馈的电子邮件时出错。错误代码： ,無法送出審查詳細資料電子郵件地址。錯誤碼：
Studio.GameSettings.General.VoiceChatTitle,,,Spatial Voice,Spatial Voice,الصوت الاستشعاري,Spatial Voice,Voz espacial,Voix spatiale,स्पैशियल वॉइस,Suara Spasial,Voce spaziale,スペーシャルボイス,공간 음성,Głos przestrzenny,Voz Espacial,In-Game Voice Chat,เสียงตามตำแหน่งทิศทาง,Konumsal Ses,Giọng 3D,空间语音,空间语音,空間語音
Studio.GameSettings.General.VoiceChatText,,,Enabling Spatial Voice allows voice-eligible users to use voice chat within your experience.,Enabling Spatial Voice allows voice-eligible users to use voice chat within your experience.,"يسمح تمكين ميزة ""الصوت الاستشعاري"" للمستخدمين المؤهلين لاستخدام الصوت استخدام المحادثة الصوتية في تجربتك.","Wenn du Spatial Voice aktivierst, können Benutzer, die für Voice Chat berechtigt sind, den Voice Chat in deiner Experience nutzen.",La activación de Voz espacial permite a los usuarios que tienen acceso al chat de voz utilizarlo en tu experiencia.,L'activation de la voix spatiale permet aux joueurs qui y sont autorisés d'utiliser le chat vocal dans votre expérience.,"स्पैशियल वॉइस चालू करने से, वॉइस-एलिजिबल यूज़र्स आपके एक्सपीरिएंस में वॉइस चैट का इस्तेमाल कर सकते हैं.","Saat Suara Spasial diaktifkan, pengguna yang memenuhi syarat untuk menggunakan fitur suara dapat menggunakan chat suara dalam pengalaman virtual.","Abilitando Voce spaziale, gli utenti idonei potranno utilizzare la chat vocale nella tua esperienza.",スペーシャルボイスを有効化すると、音声を使用できるユーザーがあなたのバーチャル空間内でボイスチャットを使えるようになります。,공간 음성을 활성화하면 음성 사용 기준을 충족하는 사용자가 체험 내에서 음성 채팅을 할 수 있습니다.,Włączenie głosu przestrzennego umożliwia użytkownikom spełniającym warunki korzystania z funkcji głosowych używanie czatu głosowego w twoim projekcie.,Ativar voz espacial permite que usuários com permissão de voz utilizem o chat de voz em sua experiência.,Enables in-game voice chat. Voice chat will only work if players meet age eligibility criteria.,การเปิดใช้งานเสียงตามตำแหน่งทิศทางจะช่วยให้ผู้ใช้งานที่มีสิทธิ์ในการใช้เสียงสามารถใช้เสียงภายในประสบการณ์ของคุณได้,"Konumsal Ses'in etkinleştirilmesi, ses açısından uygun kullanıcıların deneyimde sesli sohbeti kullanmasına olanak tanır.",Việc bật tính năng Giọng 3D cho phép người dùng đủ điều kiện sử dụng trò chuyện bằng giọng nói trong trải nghiệm của bạn.,启用空间语音将允许可使用语音的用户在你的作品中聊天。,启用空间语音将允许可使用语音的用户在你的作品中聊天。,啟用空間語音後，開啟語音功能的使用者將可以在您的體驗中使用語音聊天。
Studio.GameSettings.General.VoiceChatNonLinkText,,,Enables in-game voice chat. Voice chat will only work if your game meets the eligibility criteria outlined [link].,Enables in-game voice chat. Voice chat will only work if your game meets the eligibility criteria outlined [link].,تمكين المحادثة الصوتية في اللعبة. لن تعمل المحادثة الصوتية إلا في حالة استيفاء لعبتك لمعايير الأهلية الموضحة [الرابط].,"Aktiviert den Voice Chat im Spiel. Der Voice Chat funktioniert nur, wenn dein Spiel die unter [link] aufgeführten Kriterien erfüllt.",Activa el chat de voz en el juego. El chat de voz funcionará solo si tu juego cumple con los criterios especificados [link].,Active le chat vocal dans le jeu. Le chat vocal ne fonctionne que si ton jeu satisfait les critères d'éligibilité indiqués [link].,"गेम में वॉइस चैट को चालू करता है : वॉइस चैट तभी काम करेगी, जब आपका गेम योग्यता की दी गई शर्तों को पूरा करेगा [link].",Mengaktifkan chat suara dalam game. Chat suara hanya akan berfungsi jika game kamu memenuhi kriteria kelayakan yang diuraikan [link].,Abilita la chat vocale di gioco. La chat vocale funziona solo se il tuo gioco soddisfa i criteri di idoneità indicati [link].,ゲーム内ボイスチャットを有効化。ボイスチャットは、プレイヤーが [link] に明記された使用要件を満たしている場合にのみ機能します。,게임 내 음성 채팅을 활성화합니다. 음성 채팅은 게임이 [link]에 명시된 자격 기준을 충족하는 경우에만 작동합니다.,"Udostępnia czat głosowy w grze. Czat głosowy działa tylko wówczas, gdy twoja gra spełnia kryteria wymienione [link].","Permite o chat de voz no jogo. O chat de voz só será permitido se os jogadores cumprirem os critérios de qualificação etária, descritos em [link].",,เปิดใช้งานแชทเสียงในเกม แชทเสียงจะทำงานก็ต่อเมื่อเกมของคุณตรงตามเกณฑ์คุณสมบัติที่กำหนดไว้เท่านั้น [link],"Oyun içi sesli sohbeti etkinleştirir. Sesli sohbet, [link] belirtilen uygunluk kriterlerini karşılamayan oyunlarda kullanılamaz.",Bật tính năng trò chuyện bằng giọng nói trong trò chơi. Trò chuyện bằng giọng nói chỉ khả dụng nếu trò chơi của bạn đáp ứng các tiêu chí đủ điều kiện được đưa ra [liên kết].,启用游戏内语音聊天。此功能只有在你的游戏符合指定要求时可使用，详细要求请参阅[link]。,启用游戏内语音聊天。此功能只有在你的游戏符合指定要求时可使用，详细要求请参阅[link]。,啟用遊戲內語音聊天。此功能只有符合資格（[link]）的玩家可以使用。
Studio.GameSettings.General.VoiceChatLinkText,,,here,here,هنا,hier,aquí,ici,यहाँ,di sini,qui,こちら,여기,tutaj,aqui,,ที่นี่,burada,ở đây,这里,这里,此處
Studio.GameSettings.OptInLocations.SavedGameWarning,,,You must publish your game before publishing to opt-in locations.,You must publish your game before publishing to opt-in locations.,يتعيّن عليك نشر لعبتك قبل النشر في المواقع التي تتطلب اشتراك.,"Du musst dein Spiel veröffentlichen, bevor du es an Opt-in-Standorten veröffentlichen kannst.",Debes publicar tu juego antes de publicarlo en los lugares seleccionados.,Tu dois publier ton jeu avant de le publier sur les sites opt-in.,"ऑप्ट-इन लोकेशंस पर पब्लिश करने से पहले, आपको अपना गेम पब्लिश करना ज़रूरी है.",Kamu harus memublikasikan game kamu sebelum memublikasikan ke lokasi pilihan.,Il gioco deve essere pubblico per poterlo pubblicare su località opt-in.,オプトイン場所に公開する前にあなたのゲームを公開することが必須です。,옵트인 위치에 게시하기 전에 먼저 게임을 게시해야 합니다.,"Aby móc opublikować grę w zgłoszonych miejscach, musisz najpierw opublikować grę.",Você deve publicar seu jogo antes de publicá-lo em locais opcionais.,,คุณต้องเผยแพร่เกมของคุณก่อนที่จะเผยแพร่ตำแหน่งที่เข้าร่วม,Katılım konumlarında yayınlama yapmayı denemek için önce oyununu yayınlaman gerekir.,Bạn phải phát hành trò chơi của mình trước khi phát hành các địa điểm tham gia.,必须先发布游戏后才能在可选择的地点发布。,必须先发布游戏后才能在可选择的地点发布。,發布到同意位置之前須先發布遊戲。
Studio.GameSettings.General.TeamCreateStreamingDesc,,,Enable Streaming to begin editing your experience sooner,Enable Streaming to begin editing your experience sooner,قم بتمكين البث لبدء تحرير تجربتك في وقت أقرب,"Aktiviere Streaming, um mit der Bearbeitung deiner Experience früher zu beginnen",Activa Transmisión para empezar a editar tu experiencia antes,Activer la diffusion en continu pour commencer à éditer votre expérience plus rapidement,अपने एक्सपीरिएंस को जल्द ही एडिट करना शुरू करने के लिए स्ट्रीमिंग चालू करें,Aktifkan Streaming untuk mulai mengedit pengalaman virtualmu lebih awal,Abilita lo streaming per iniziare a modificare la tua esperienza più rapidamente,あなたのバーチャル空間をもっと早く編集するには配信を有効化,스트리밍을 활성화해 체험 편집을 더 빠르게 시작하세요,"Włącz streamowanie, aby wcześniej zacząć edytować swój projekt",Permite streaming para começar a editar sua experiência mais rápido,,เปิดใช้งานการสตรีมเพื่อเริ่มการแก้ไขประสบการณ์ของคุณได้อย่างรวดเร็วยิ่งขึ้น,Deneyimini düzenlemeye daha erken başlamak için yayınlamayı etkinleştir,Bật Phát Trực Tiếp để bắt đầu chỉnh sửa trải nghiệm của bạn sớm hơn,启用串流来更快开始编辑你的作品,启用串流来更快开始编辑你的作品,啟用串流，更快開始編輯體驗
Studio.GameSettings.General.TitleTeamCreateStreaming,,,Streaming for Team Create,Streaming for Team Create,"البث في أداة ""إنشاء فريق""",Streaming für Team Create,Transmisión para Creación en equipo,Streaming pour Team Create,टीम क्रिएट के लिए स्ट्रीमिंग,Streaming untuk Kreasi Bersama,Streaming per Creazione di squadra,チーム制作の配信,팀 제작 스트리밍,Streamowanie w ramach tworzenia zespołowego,Streaming para criação em equipe,,การสตรีมสำหรับการสร้างร่วมกับเพื่อน,Takım Çalışması için Yayın,Phát trực tiếp cho Team Create,组队创作串流,组队创作串流,正在為團隊創作串流
Studio.GameSettings.General.TeamCreateStreamingWarning,,,The Team Create server needs to restart for this change to take effect. The server will automatically restart once all editors have left the session.,The Team Create server needs to restart for this change to take effect. The server will automatically restart once all editors have left the session.,"يحتاج خادم أداة ""إنشاء فريق"" إلى إعادة التشغيل حتى يسري هذا التغيير. ستتم إعادة تشغيل الخادم تلقائيًا بمجرد مغادرة جميع المحررين للجلسة.","Der Team-Create-Server muss neu gestartet werden, damit diese Änderung wirksam wird. Der Server wird automatisch neu gestartet, sobald alle Bearbeiter die Sitzung verlassen haben.",El servidor de Creación en equipo debe reiniciarse para que este cambio tenga efecto. El servidor se reiniciará automáticamente cuando todos los editores hayan abandonado la sesión.,Le serveur Team Create doit être redémarré pour que cette modification prenne effet. Le serveur redémarrera automatiquement une fois que tous les rédacteurs auront quitté la session.,इस बदलाव को प्रभावी करने के लिए टीम क्रिएट सर्वर को रीस्टार्ट करना ज़रूरी है. सभी एडिटर्स के सेशन छोड़ने के बाद सर्वर अपने-आप रीस्टार्ट हो जाएगा.,Server Kreasi Bersama harus dimulai ulang agar perubahan ini dapat diterapkan. Server akan secara otomatis dimulai ulang setelah semua editor meninggalkan sesi.,Il server Creazione di squadra deve essere riavviato affinché questa modifica abbia effetto. Il server si riavvierà automaticamente quando tutti i collaboratori avranno abbandonato la sessione.,この変更を反映させるには、チーム制作サーバーを再起動する必要があります。編集者全員がセッションを終了するとサーバーは自動的に再起動します。,이 변경 사항을 적용하려면 팀 제작 서버를 다시 시작해야 합니다. 모든 편집자가 세션을 나가면 서버가 자동으로 다시 시작됩니다.,"Serwer tworzenia zespołowego musi zostać uruchomiony ponownie, aby ta zmiana została wprowadzona. Po opuszczeniu sesji przez wszystkich edytujących serwer zostanie automatycznie uruchomiony ponownie.",O servidor da criação em equipe precisa reiniciar para que esta mudança ocorra. O servidor reiniciará automaticamente quando todos os editores encerrarem a sessão.,,ต้องรีสตาร์ทเซิร์ฟเวอร์การสร้างร่วมกับเพื่อนเพื่อให้การเปลี่ยนแปลงนี้มีผล เซิร์ฟเวอร์จะรีสตาร์ทโดยอัตโนมัติเมื่อผู้แก้ไขทั้งหมดได้ออกจากเซสชันไปแล้ว,Bu değişikliğin etki gösterebilmesi için Takım Çalışması sunucusunun yeniden başlatılması gerekir. Oturumdaki tüm düzenleyiciler çıktığında sunucu otomatik olarak yeniden başlatılır.,Máy chủ Team Create cần khởi động lại để thay đổi này có hiệu lực. Máy chủ sẽ tự động khởi động lại sau khi tất cả trình chỉnh sửa đã rời khỏi phiên làm việc.,此变更需要重启组队创作服务器才能生效。服务器将在所有编辑者退出进程后自动重启。,此变更需要重启组队创作服务器才能生效。服务器将在所有编辑者退出进程后自动重启。,團隊創作伺服器必須重新啟動才可套用變更，所有編輯者離開此作業後，伺服器將會自動重新啟動。
Studio.GameSettings.General.VoiceChatBody,,,Enabling Spatial Voice allows voice-eligible users to use voice chat within your experience. [link],Enabling Spatial Voice allows voice-eligible users to use voice chat within your experience. [link],"يسمح تمكين ميزة ""الصوت الاستشعاري"" للمستخدمين المؤهلين لاستخدام الصوت استخدام المحادثة الصوتية في تجربتك. [الرابط]","Wenn du Spatial Voice aktivierst, können Benutzer, die für Voice Chat berechtigt sind, den Voice Chat in deiner Experience nutzen. [link]",La activación de Voz espacial permite a los usuarios que tienen acceso al chat de voz utilizarlo en tu experiencia. [link],L'activation de Spatial Voice permet aux utilisateurs éligibles d'utiliser le chat vocal dans votre expérience. [link],"स्पैशियल वॉइस चालू करने से, वॉइस-एलिजिबल यूज़र्स आपके एक्सपीरिएंस में वॉइस चैट का इस्तेमाल कर सकते हैं. [link]","Saat Suara Spasial diaktifkan, pengguna yang memenuhi syarat untuk menggunakan fitur suara dapat menggunakan chat suara dalam pengalaman virtual. [link]","Abilitando Voce spaziale, gli utenti idonei potranno utilizzare la chat vocale nella tua esperienza. [link]",スペーシャルボイスを有効化すると、音声を使用できるユーザーがバーチャル空間内で音声でのチャットを使えるようになります。 [link],공간 음성을 활성화하면 음성 사용 기준을 충족하는 사용자가 체험 내에서 음성 채팅을 할 수 있습니다. [link],Włączenie głosu przestrzennego umożliwia użytkownikom spełniających warunki korzystania z funkcji głosowych używanie z czatu głosowego w twoim projekcie. [link],Ativar voz espacial permite que usuários com permissão de voz utilizem o chat de voz em sua experiência. [link],,การเปิดใช้งานเสียงตามตำแหน่งทิศทางจะช่วยให้ผู้ใช้งานที่มีสิทธิ์ในการใช้เสียงสามารถใช้เสียงภายในประสบการณ์ของคุณได้,"Konumsal Ses'in etkinleştirilmesi, ses açısından uygun kullanıcıların deneyimde sesli sohbeti kullanmasına olanak tanır. [link]",Việc bật tính năng Giọng 3D cho phép người dùng đủ điều kiện sử dụng trò chuyện bằng giọng nói trong trải nghiệm của bạn. [liên kết],启用空间语音可允许可使用语音的用户在你的作品中聊天。[link],启用空间语音可允许可使用语音的用户在你的作品中聊天。[link],啟用空間語音後，開啟語音功能的使用者將可以在您的體驗中使用語音聊天。[link]
Studio.GameSettings.General.VoiceChatLink,,,Click here to learn more!,Click here to learn more!,اضغط هنا لمعرفة المزيد!,"Klicke hier, um mehr zu erfahren!",Haz clic aquí para aprender más.,Clique ici pour en savoir plus !,ज़्यादा जानने के लिए यहाँ क्लिक करें!,Klik di sini untuk mempelajari selengkapnya,Clicca qui per saperne di più!,詳しくは、こちらをクリック！,여기를 클릭해 더 자세히 알아보세요!,"Kliknij tutaj, aby dowiedzieć się więcej!",Clique aqui para saber mais!,,คลิกที่นี่เพื่อเรียนรู้เพิ่มเติม!,Daha fazla bilgi için buraya tıkla!,Nhấp vào đây để tìm hiểu thêm!,点此了解更多！,点此了解更多！,點擊此處了解更多！
Studio.GameSettings.General.ServerRestartWarning,,,The Team Create server needs to restart for this change to take effect. The server will automatically restart once all editors have left the session.,The Team Create server needs to restart for this change to take effect. The server will automatically restart once all editors have left the session.,"يحتاج خادم أداة ""إنشاء فريق"" إلى إعادة التشغيل حتى يسري هذا التغيير. ستتم إعادة تشغيل الخادم تلقائيًا بمجرد مغادرة جميع المحررين للجلسة.","Der Team-Create-Server muss neu gestartet werden, damit diese Änderung wirksam wird. Der Server wird automatisch neu gestartet, sobald alle Bearbeiter die Sitzung verlassen haben.",El servidor de Creación en equipo debe reiniciarse para que este cambio tenga efecto. El servidor se reiniciará automáticamente cuando todos los editores hayan abandonado la sesión.,Le serveur Team Create doit redémarrer pour que ce changement puisse être appliqué. Le serveur redémarrera automatiquement une fois que tous les créateurs auront quitté la session.,इस बदलाव को प्रभावी करने के लिए टीम क्रिएट सर्वर को रीस्टार्ट करना ज़रूरी है. सभी एडिटर्स के सेशन छोड़ने के बाद सर्वर अपने-आप रीस्टार्ट हो जाएगा.,Server Kreasi Bersama harus dimulai ulang agar perubahan ini dapat diterapkan. Server akan secara otomatis dimulai ulang setelah semua editor meninggalkan sesi.,Il server Creazione di squadra deve essere riavviato affinché questa modifica abbia effetto. Il server si riavvierà automaticamente quando tutti i collaboratori avranno abbandonato la sessione.,この変更を反映させるには、チーム制作サーバーを再起動する必要があります。編集者全員がセッションを終了するとサーバーは自動的に再起動します。,이 변경 사항을 적용하려면 팀 제작 서버를 다시 시작해야 합니다. 모든 편집자가 세션을 나가면 서버가 자동으로 다시 시작됩니다.,"Serwer tworzenia zespołowego musi zostać uruchomiony ponownie, aby ta zmiana została wprowadzona. Po opuszczeniu sesji przez wszystkich edytujących serwer zostanie automatycznie uruchomiony ponownie.",O servidor da criação em equipe precisa reiniciar para que esta mudança ocorra. O servidor reiniciará automaticamente quando todos os editores encerrarem a sessão.,,ต้องรีสตาร์ทเซิร์ฟเวอร์การสร้างร่วมกับเพื่อนเพื่อให้การเปลี่ยนแปลงนี้มีผล เซิร์ฟเวอร์จะรีสตาร์ทโดยอัตโนมัติเมื่อผู้แก้ไขทั้งหมดได้ออกจากเซสชันไปแล้ว,Bu değişikliğin etki gösterebilmesi için Takım Çalışması sunucusunun yeniden başlatılması gerekir. Oturumdaki tüm düzenleyiciler çıktığında sunucu otomatik olarak yeniden başlatılır.,Máy chủ Team Create cần khởi động lại để thay đổi này có hiệu lực. Máy chủ sẽ tự động khởi động lại sau khi tất cả trình chỉnh sửa đã rời khỏi phiên làm việc.,此变更需要重启组队创作服务器才能生效。服务器将在所有编辑者退出进程后自动重启。,此变更需要重启组队创作服务器才能生效。服务器将在所有编辑者退出进程后自动重启。,團隊創作伺服器必須重新啟動才可套用變更，所有編輯者離開此作業後，伺服器將會自動重新啟動。
Studio.GameSettings.General.DEPRECATED_ScriptCollabWarning,,,Warning: The Team Create server needs to restart before this feature is disabled. The server will automatically restart once all editors have left the session. Any unsaved drafts will no longer be accessible until Collaborative Editing is re-enabled.,Warning: The Team Create server needs to restart before this feature is disabled. The server will automatically restart once all editors have left the session. Any unsaved drafts will no longer be accessible until Collaborative Editing is re-enabled.,"تحذير: يحتاج خادم أداة ""إنشاء فريق"" إلى إعادة التشغيل قبل تعطيل هذه الميزة. ستتم إعادة تشغيل الخادم تلقائيًا بمجرد مغادرة جميع المحررين للجلسة. لن تتمكن من الوصول إلى أي مسودات غير محفوظة إلى أن تتم إعادة تمكين التحرير التعاوني.","Warnung: Der Team-Create-Server muss neu gestartet werden, bevor diese Funktion deaktiviert werden kann. Der Server wird automatisch neu gestartet, sobald alle Bearbeiter die Sitzung verlassen haben. Alle ungespeicherten Entwürfe sind nicht mehr zugänglich, bis ""Kollaboratives Bearbeiten"" wieder aktiviert wird.",Advertencia: El servidor de Creación en equipo debe reiniciarse antes de desactivar esta función. El servidor se reiniciará automáticamente cuando todos los editores hayan abandonado la sesión. Los borradores no guardados no serán accesibles hasta que se vuelva a activar la edición colaborativa.,Attention : le serveur Team Create doit redémarrer pour que cette fonctionnalité puisse être désactivée. Le serveur redémarrera automatiquement une fois que tous les créateurs auront quitté la session. Les brouillons non enregistrés ne seront plus accessibles tant que la création collaborative n'aura pas été réactivée.,"चेतावनी : इस फ़ीचर को बंद करने से पहले टीम क्रिएट सर्वर को रीस्टार्ट करना ज़रूरी है. सभी एडिटर्स के सेशन छोड़ने के बाद सर्वर अपने-आप रीस्टार्ट हो जाएगा. जब तक कोलैबरेटिव एडिटिंग फिर से चालू नहीं हो जाती, तब तक कोई भी सेव नहीं किया गया ड्राफ़्ट ऐक्सेस नहीं किया जा सकेगा.",Peringatan: Server Kreasi Bersama harus dimulai ulang agar fitur ini nonaktif. Server akan secara otomatis dimulai ulang setelah semua editor meninggalkan sesi. Draf yang belum disimpan tidak akan dapat diakses sampai Pengeditan Kolaboratif diaktifkan kembali.,Attenzione: il server Creazione di squadra deve essere riavviato prima che questa funzione venga disabilitata. Il server si riavvierà automaticamente quando tutti i collaboratori avranno abbandonato la sessione. Le bozze non salvate non saranno più accessibili fino a quando la scrittura collaborativa non verrà riabilitata.,警告：この機能が無効になる前にチーム制作サーバーを再起動する必要があります。編集者全員がセッションを離れるとサーバーは自動的に再起動します。 未保存の下書きは、共同編集が再び有効になるまでアクセスできなくなります。,"경고: 이 기능을 비활성화하기 전에 팀 제작 서버를 다시 시작해야 합니다. 모든 편집자가 세션을 종료하면 서버가 자동으로 다시 시작됩니다. 공동 편집이 다시 활성화될 때까지, 저장되지 않은 초안에는 더 이상 액세스할 수 없습니다.",Ostrzeżenie: przed wyłączeniem tej funkcji konieczne jest ponowne uruchomienie serwera tworzenia zespołowego. Po opuszczeniu sesji przez wszystkich edytujących serwer zostanie automatycznie uruchomiony ponownie. Wszystkie niezapisane wersje robocze przestaną być dostępne do czasu ponownego włączenia edytowania w trybie współpracy.,Aviso: O servidor da Criação em equipe precisa reiniciar para que esta funcionalidade seja desativada. O servidor reiniciará automaticamente quando todos os editores saírem da sessão. Qualquer rascunho não salvo deixará de ser acessível até que a edição colaborativa seja reativada.,,คำเตือน: เซิร์ฟเวอร์การสร้างร่วมกับเพื่อนต้องรีสตาร์ทก่อนที่จะปิดใช้งานคุณสมบัตินี้ เซิร์ฟเวอร์จะรีสตาร์ทโดยอัตโนมัติเมื่อผู้แก้ไขทั้งหมดออกจากเซสชันแล้ว แบบร่างใดๆ ที่ยังไม่ได้รับการบันทึกไว้จะไม่สามารถเข้าถึงได้จนกว่าการแก้ไขร่วมกันจะเปิดใช้งานอีกครั้งหนึ่ง,Uyarı: Bu özellik devre dışı bırakılmadan önce Takım Çalışması sunucusunun yeniden başlatılması gerekir. Oturumdaki tüm düzenleyiciler çıktığında sunucu otomatik olarak yeniden başlatılır. Kaydedilmemiş taslaklar ortak düzenleme tekrar etkinleştirilene kadar kullanılamaz.,Cảnh báo: Máy chủ Team Create cần khởi động lại trước khi tính năng này bị tắt. Máy chủ sẽ tự động khởi động lại sau khi tất cả trình chỉnh sửa rời khỏi phiên làm việc. Bạn không thể truy cập vào các bản nháp chưa được lưu cho đến khi quy trình Chỉnh Sửa Hợp Tác được bật lại.,警告：停用此功能必须重启组队创作服务器。所有编辑者退出创作后，服务器会自动重启。共同编辑重新启用前将无法读取未保存的草稿。,警告：停用此功能必须重启组队创作服务器。所有编辑者退出创作后，服务器会自动重启。共同编辑重新启用前将无法读取未保存的草稿。,警告：停用此功能前必須重新啟動團隊創作伺服器。所有編輯者退出作業後，伺服器將會自動重新啟動。重新啟用共同編輯前將無法存取為儲存的草稿。
Studio.GameSettings.AccessPermissions.DEPRECATED_PermissionsUpdateMessage,,, We've updated our permission system!, We've updated our permission system!, لقد حدّثنا نظام الأذونات لدينا!, Wir haben unser Berechtigungssystem aktualisiert!, Hemos actualizado nuestro sistema de permisos., Nous avons mis à jour notre système d'autorisations !, हमने अपना परमिशन सिस्टम अपडेट कर दिया है!, Kami telah memperbarui sistem izin kami!, Abbiamo aggiornato il nostro sistema di autorizzazioni!, 権限システムを更新しました！, 권한 시스템을 업데이트했습니다!, Zaktualizowaliśmy nasz system uprawnień!, Atualizamos nosso sistema de permissões!,, เราได้อัปเดตระบบสิทธิ์ของเราแล้ว!, İzin sistemimizi güncelledik!, Chúng tôi đã cập nhật hệ thống phân quyền!, 我们对权限系统进行了更新！, 我们对权限系统进行了更新！,我們更新了權限系統！
Studio.GameSettings.Permissions.DEPRECATED_PermissionsUpdateMessage,,, We've updated our permission system!, We've updated our permission system!, لقد حدّثنا نظام الأذونات لدينا!, Wir haben unser Berechtigungssystem aktualisiert!, Hemos actualizado nuestro sistema de permisos., Nous avons mis à jour notre système d'autorisations !, हमने अपना परमिशन सिस्टम अपडेट कर दिया है!, Kami telah memperbarui sistem izin kami!, Abbiamo aggiornato il nostro sistema di autorizzazioni!, 権限システムを更新しました！, 권한 시스템을 업데이트했습니다!, Zaktualizowaliśmy nasz system uprawnień!, Atualizamos nosso sistema de permissões!,, เราได้อัปเดตระบบสิทธิ์ของเราแล้ว!, İzin sistemimizi güncelledik!, Chúng tôi đã cập nhật hệ thống phân quyền!, 我们对权限系统进行了更新！, 我们对权限系统进行了更新！,我們更新了權限系統！
Studio.GameSettings.General.ButtonSaveToRoblox,,,Save to Roblox,Save to Roblox,حفظ في منصة Roblox,Auf Roblox speichern,Guardar en Roblox,Sauvegarder sur Roblox,Roblox पर सेव करें,Simpan ke Roblox,Salva su Roblox,Robloxに保存,Roblox에 저장,Zapisz na platformie Roblox,Salvar na Roblox,,บันทึกไปยัง Roblox,Roblox'a kaydet,Lưu vào Roblox,保存至 Roblox,保存至 Roblox,儲存到 Roblox
Studio.GameSettings.Permissions.NoEditMustBeFriendDescription,,,User must be a friend to edit,User must be a friend to edit,يجب أن يكون المستخدم من الأصدقاء حتى يتمكن من إجراء تحرير,"Benutzer muss ein Freund sein, um zu bearbeiten",El usuario tiene que ser un(a) amigo(a) para poder editar,L'utilisateur doit être un ami à modifier,"एडिट करने के लिए, यूज़र का फ़्रेंड होना ज़रूरी है",Pengguna harus berteman agar bisa mengedit,"Per modificare, l'utente deve essere un amico",編集するには友達である必要があります,편집하려면 사용자가 친구여야 합니다,"Aby móc edytować, użytkownik musi być wśród znajomych",O usuário precisa ser uma amizade para editar,,ผู้ใช้งานต้องเป็นเพื่อนเพื่อแก้ไข,Düzenlemek için arkadaş olması gerekir,Người dùng phải là bạn bè thì mới có thể chỉnh sửa,用户必须是好友才能编辑,用户必须是好友才能编辑,使用者必須為好友才可編輯
Studio.GameSettings.Permissions.NoUserEditGroupGameDescription,,,Must be in owner group to edit,Must be in owner group to edit,يجب أن يكون المستخدم في مجموعة المالكين حتى يتمكن من إجراء تحرير,"Muss in der Eigentümergruppe sein, um zu bearbeiten",Debes pertenecer al grupo del propietario para editar,Doit être dans le groupe propriétaire pour modifier,एडिट करने के लिए ओनर ग्रुप में होना ज़रूरी है,Harus berada dalam grup pemilik agar bisa mengedit,"Per modificare, l'utente deve far parte del gruppo del proprietario",編集するには所有者グループにいる必要があります,수정하려면 소유자 그룹에 있어야 합니다,"Aby móc edytować, użytkownik musi być w grupie właściciela",É preciso estar no grupo de proprietários para editar,,ต้องอยู่ในกลุ่มเจ้าของเพื่อแก้ไข,Düzenlemek için sahip grubunda olması gerekir,Phải trong nhóm người sở hữu thì mới có thể chỉnh sửa,必须在所有者群组才能编辑,必须在所有者群组才能编辑,必須在主人群組中才可編輯
Studio.GameSettings.General.EnableTeamCreateForCollabEditing,,,Turn on Team Create to enable Collaborative Editing for scripts,Turn on Team Create to enable Collaborative Editing for scripts,"شغِّل أداة ""إنشاء فريق"" لتمكين التحرير التعاوني للنصوص البرمجية","Aktiviere Team Create, um Kollaboratives Bearbeiten für Skripte zu aktivieren",Activa Creación en equipo para permitir la Edición colaborativa en los scripts,Active Team Create pour permettre Collaborative Editing des scripts,स्क्रिप्ट के लिए कोलैबरेटिव एडिटिंग शुरू करने के लिए 'टीम क्रिएट' चालू करें,Aktifkan Kreasi Bersama untuk mengaktifkan Pengeditan Kolaboratif untuk skrip,Attiva Creazione di squadra per abilitare la scrittura collaborativa degli script,スクリプトの共同編集を有効にするには、チーム制作機能をオンにしてください,팀 제작을 활성화해 스크립트에 대한 공동 편집을 할 수 있도록 합니다.,"Włącz tworzenie zespołowe, aby umożliwić edytowanie skryptów w trybie współpracy",Ative a Criação em equipe para permitir Edição colaborativa em scripts,,เปิดการสร้างร่วมกับเพื่อนเพื่อเปิดใช้งานการแก้ไขต์ร่วมกันของสคริปต์,Betiklerde ortak düzenlemeyi etkinleştirmek için Takım Çalışması özelliğini aç,Bật Team Create để cho phép Chỉnh Sửa Hợp Tác cho các kịch bản,开启组队创作即可启用脚本合作编辑,开启组队创作即可启用脚本合作编辑,開啟團隊創作即可啟用指令碼共同編輯
Studio.GameSettings.General.CategoryOther,,,Other,Other,أخرى,Sonstiges,Otro,Autre,अन्य,Lainnya,Altro,その他,기타,Inne,Outras,,อื่นๆ,Diğer,Khác,其他,其他,其他
Studio.GameSettings.Security.InsecureWarning,,,Enabling security bypasses may make your experience vulnerable to third party attacks.,Enabling security bypasses may make your experience vulnerable to third party attacks.,قد يؤدي تمكين تجاوزات الأمان إلى جعل تجربتك عرضة لهجمات الجهات الخارجية.,Das Aktivieren von Sicherheitsumgehungen kann deine Experience anfällig für Angriffe von Dritten machen.,Activar la omisión de seguridad puede exponer tu experiencia a ataques de terceros.,L'activation des contournements de sécurité rend votre expérience vulnérable aux attaques des tiers.,सुरक्षा बाईपास चालू करने से आपके एक्सपीरिएंस पर थर्ड पार्टी के हमले हो सकते हैं.,Mengaktifkan bypass keamanan dapat membuat pengalaman virtualmu rentan terhadap serangan pihak ketiga.,"Abilitando i bypass di sicurezza, la tua esperienza potrebbe essere vulnerabile agli attacchi di terzi.",セキュリティバイパスを有効にすると、あなたのバーチャル空間がサードパーティからの攻撃に対して脆弱になるかもしれません。,보안 우회를 활성화하면 체험이 제삼자 공격에 취약해질 수 있습니다.,Włączenie obejść zabezpieczeń może narazić twój projekt na ataki stron trzecich.,Permitir circunvenções de segurança pode tornar sua experiência vulnerável a ataques de terceiros.,,การเปิดใช้งานบายพาสความปลอดภัยอาจทำให้ประสบการณ์ของคุณไม่ปลอดภัยต่อการโจมตีของบุคคลภายนอก,"Güvenlik önlemlerinin atlanmasına izin vermek, deneyimini üçüncü taraf saldırılara açık hâle getirebilir.",Việc cho phép bỏ qua biện pháp bảo mật có thể khiến trải nghiệm của bạn dễ bị tấn công của bên thứ ba.,若启用安全通行证，你的作品可能会更容易遭到第三方攻击。,若启用安全通行证，你的作品可能会更容易遭到第三方攻击。,若啟用安全旁路，您的體驗將會更容易遭到第三方攻擊。
Studio.GameSettings.General.NumberError,,,Please enter a number,Please enter a number,يُرجى إدخال رقم,Bitte gib eine Zahl ein,Ingresa un número,Saisir un nombre,कृपया एक नंबर डालें,Masukkan angka,Per favore inserisci un numero,数字を入力してください,숫자를 입력하세요,Wprowadź liczbę,Digite um número,,โปรดใส่หมายเลข,Lütfen bir sayı gir,Vui lòng nhập một số,请输入数字,请输入数字,請輸入數字
Studio.GameSettings.Permissions.CollaborateButtonMessage,,,Manage collaborators by clicking on the blue Collaborate button in the top right corner of Studio,Manage collaborators by clicking on the blue Collaborate button in the top right corner of Studio,"قم بإدارة المتعاونين بالضغط على الزر ""تعاون"" الذي يظهر باللون الأزرق في الزاوية اليمنى العليا في أداة Studio","Mitwirkende verwalten durch Klicken auf die blaue Schaltfläche ""Zusammenarbeit"" oben rechts in Studio",Administra los colaboradores haciendo clic en el botón azul Colaborar en la esquina superior derecha de Studio,Gérer les collaborateurs en cliquant sur le bouton bleu Collaborer dans le coin supérieur droit de Studio,"Studio के ऊपरी दाएँ कोने में, नीले रंग के 'कोलैबरेट करें' बटन पर क्लिक करके, कोलैबरेटर्स को मैनेज करें",Kelola kolaborator dengan mengklik tombol Kolaborasi biru di sudut kanan atas Studio,Gestisci i collaboratori cliccando sul pulsante Collaborate blu nell'angolo in alto a destra di Studio,Studioの右上の角にある青い「共同作業」ボタンをクリックして共同制作者を管理,Studio의 오른쪽 위 모서리에 있는 파란색 '공동 작업' 버튼을 클릭하면 공동 작업자를 관리할 수 있습니다.,"Zarządzaj współtwórcami, klikając niebieski przycisk współpracy w prawym górnym rogu aplikacji Studio","Gerencie os colaboradores clicando no botão azul ""Colaborar"" no canto superior direito do Studio",,จัดการผู้ร่วมงานโดยการคลิกที่ปุ่มทำงานร่วมกันสีน้ำเงินที่มุมบนขวาของ Studio,Ortak çalışanları yönetmek için Studio'nun sağ üst köşesindeki mavi Ortak Çalışma düğmesine tıkla,Quản lý cộng tác viên bằng cách nhấp vào nút Cộng Tác màu xanh dương ở góc trên cùng bên phải của Studio,点按 Studio 右上角的蓝色“协作”按钮来管理你的协作者,点按 Studio 右上角的蓝色“协作”按钮来管理你的协作者,按下 Studio 右上角的藍色「合作」按鈕管理合夥人
Studio.GameSettings.General.TitleAltText,,,Alt Text,Alt Text,نص بديل,Alternativtext,Texto alternativo,Texte Alt,ऑल्ट टेक्स्ट,Teks Alt,Alt Text,代替テキスト,대체 텍스트,Tekst alternatywny,Texto alternativo,,คำอธิบาย,Alternatif Metin,Văn Bản Thay Thế,替代文字,替代文字,替代文字
Studio.GameSettings.General.ErrorAltTextModerated,,,The alt text didn't go through our moderation. Please revise it and try again.,The alt text didn't go through our moderation. Please revise it and try again.,لم يخضع النص البديل للإشراف من جانبنا. يُرجى مراجعته والمحاولة مرة أخرى.,Der Alternativtext wurde von unserer Moderation nicht zugelassen. Bitte überarbeite ihn und versuche es erneut.,Se moderó el texto alternativo. Modifícalo e inténtalo de nuevo.,Le texte alt n'est pas passé par notre modération. Réviser et réessayer.,ऑल्ट टेक्स्ट हमारे मॉडरेशन से होकर नहीं गुज़रा. इसमें सुधार करके फिर से कोशिश करें.,Teks alt tidak lolos moderasi kami. Silakan revisi nama dan coba lagi.,Il testo alt non ha passato la nostra moderazione. Si prega di rivederlo e riprovare.,代替テキストが内容審査で承認されませんでした。修正してから、もう一度お試しください。,대체 텍스트가 검열을 통과하지 못했습니다. 텍스트를 수정하고 다시 시도하세요.,Tekst alternatywny nie przeszedł pozytywnie moderacji. Zmień go i spróbuj ponownie.,O texto alternativo não foi aprovado pela moderação. Revise-o e tente novamente.,,คำอธิบายนี้ไม่ผ่านการกลั่นกรองของเรา โปรดแก้ไขและลองใหม่อีกครั้ง,"Alternatif metin, denetim aşamamızdan geçemedi. Lütfen gözden geçir ve tekrar dene.",Văn bản thay thế không qua kiểm duyệt của chúng tôi. Vui lòng sửa lại văn bản thay thế và thử lại.,替代文字未通过审核。请修改并重试。,替代文字未通过审核。请修改并重试。,替代文字未通過審核，請修改後重新嘗試。
Studio.GameSettings.Places.ConfigurePlace,,,Configure Place,Configure Place,تهيئة المكان,Ort konfigurieren,Configurar lugar,Configurer le lieu,प्लेस कॉन्फ़िगर करें,Konfigurasikan Tempat,Configura Luogo,プレースの環境設定,플레이스 구성,Skonfiguruj miejsce,Configurar local,,กำหนดค่าสถานที่,Mekânı yapılandır,Định Cấu Hình Địa điểm,配置场景,配置场景,設定地點
Studio.GameSettings.General.DescriptionAltText,,,Add a description to your thumbnails so they are accessible to everyone. Descriptions should be concise and describe your thumbnails accurately enough to understand their context.,Add a description to your thumbnails so they are accessible to everyone. Descriptions should be concise and describe your thumbnails accurately enough to understand their context.,أضِف وصفًا إلى صورك المصغرة لجعلها سهلة الوصول للجميع. يجب أن تكون الأوصاف موجزة وتصف محتوى صورك المصغرة بدقة كافية لفهم سياقها.,"Füge deinen Vorschaubildern eine Beschreibung hinzu, damit sie für alle zugänglich sind. Beschreibungen sollten kurz und bündig sein und deine Vorschaubilder genau genug beschreiben, um ihren Kontext zu verstehen.",Añade una descripción a tus miniaturas para que sean accesibles para todos. Las descripciones deben ser concisas y precisas para entender su contexto.,Ajoute une description à tes vignettes afin qu'elles soient accessibles à tous. Les descriptions doivent être concises et décrire tes vignettes avec suffisamment de précision pour que l'on puisse comprendre leur contexte.,"अपने थंबनेल में विवरण जोड़ें, ताकि सभी उसे ऐक्सेस कर सकें. विवरण संक्षिप्त होने चाहिए. अपने थंबनेल का सटीक विवरण दें, ताकि उसका कॉन्टेक्स्ट समझा जा सके.",Tambahkan deskripsi ke thumbnail agar semua orang bisa memahaminya. Pastikan deskripsimu singkat dan menjelaskan thumbnail dengan cukup akurat sehingga mudah dipahami konteksnya.,Aggiungi una descrizione alle tue miniature in modo che siano accessibili a tutti. Le descrizioni devono essere concise e descrivere le miniature con sufficiente precisione per comprendere il loro contesto.,全員がアクセスできるように、サムネイルに説明文を追加してください。 説明文は、サムネイルの文脈を理解できるように簡潔で正確に書く必要があります。,섬네일에 설명을 추가해 모든 이들이 액세스할 수 있도록 하세요. 섬네일 설명에는 간결하면서도 정확한 내용을 제공해 사람들이 배경 정보를 명확하게 이해할 수 있도록 해야 합니다.,"Dodaj do miniatur opisy, aby wszyscy mogli mieć do nich dostęp. Opisy powinny być zwięzłe i powinny oddawać treść miniatur na tyle precyzyjnie, aby umożliwić zrozumienie kontekstu.",Adicione uma descrição às suas miniaturas para que estejam acessíveis a todos. As descrições devem ser concisas e descrever suas miniaturas com precisão o suficiente para entender seu contexto.,,เพิ่มคำอธิบายไปยังภาพขนาดย่อเพื่อให้ทุกคนสามารถเข้าถึงได้ คำอธิบายควรมีความกระชับ และอธิบายภาพขนาดย่อของคุณได้อย่างแม่นยำเพียงพอที่จะทำให้เข้าใจบริบทได้,Herkesin erişebilmesi için küçük resimlerine açıklama ekle. Açıklamaların kısa ve öz olup küçük resimleri anlaşılabilecek düzeyde tanımlamaları gerekir.,Thêm mô tả cho hình nhỏ của bạn để mọi người có thể sử dụng. Mô tả nên súc tích và miêu tả chính xác hình nhỏ của bạn để người xem hiểu rõ ngữ cảnh.,在缩略图中添加描述，让所有人了解其内容。描述应简明扼要，并让用户精确了解缩略图呈现的内容。,在缩略图中添加描述，让所有人了解其内容。描述应简明扼要，并让用户精确了解缩略图呈现的内容。,在縮圖新增說明，讓所有人都可以了解縮圖內容。說明應簡潔扼要，並能讓讀者確切了解縮圖呈現的內容。
Studio.GameSettings.General.CategoryCommunication,,,Communication,Communication,التواصل,Kommunikation,Comunicación,Communication,कम्यूनिकेशन,Komunikasi,Comunicazione,通信機能,커뮤니케이션,Komunikacja,Comunicação,,การสื่อสาร,İletişim,Giao Tiếp,通讯,通讯,通訊
Studio.GameSettings.General.LearnMoreLink,,,Click here to learn more!,Click here to learn more!,اضغط هنا لمعرفة المزيد!,"Klicke hier, um mehr zu erfahren!",Haz clic aquí para aprender más.,Cliquer ici pour en savoir plus !,ज़्यादा जानने के लिए यहाँ क्लिक करें!,Klik di sini untuk mempelajari selengkapnya,Clicca qui per saperne di più!,詳しくは、こちらをクリック！,여기를 클릭해 더 자세히 알아보세요!,"Kliknij tutaj, aby dowiedzieć się więcej!",Clique aqui para saber mais!,,คลิกที่นี่เพื่อเรียนรู้เพิ่มเติม!,Daha fazla bilgi için buraya tıkla!,Nhấp vào đây để tìm hiểu thêm!,点按此处了解更多！,点按此处了解更多！,點擊此處了解更多！
Studio.GameSettings.AvatarChat.VideoTitle,,,Enable Camera,Enable Camera,تمكين الكاميرا,Kamera aktivieren,Activar cámara,Activer la caméra,कैमरा चालू करें,Aktifkan Kamera,Abilita Telecamera,カメラをオンにする,카메라 활성화,Włącz kamerę,Ativar câmera,,เปิดใช้งานกล้อง,Kamerayı etkinleştir,Bật Camera,启用摄像头,启用摄像头,啟用攝影機
Studio.GameSettings.AvatarChat.VideoBody,,,Enabling camera allows eligible users to animate their avatar with their movement in your experience. [link],Enabling camera allows eligible users to animate their avatar with their movement in your experience. [link],يسمح تمكين الكاميرا للمستخدمين المؤهلين بتحريك أفاتارهم من خلال تتبع حركاتهم في تجربتك. [الرابط],"Das Aktivieren der Kamera ermöglicht es berechtigten Benutzern, ihren Avatar mit ihren Bewegungen in deiner Experience zu animieren. [link]",Activar la cámara permite a los usuarios elegibles animar el avatar usando sus movimientos en tu experiencia. [link],L'activation de la caméra permet aux utilisateurs éligibles d'animer leur avatar en fonction de leurs mouvements dans votre expérience.[link],"कैमरा चालू करने से, योग्य यूज़र आपके एक्सपीरिएंस में अपने मूवमेंट के साथ अपने अवतार को ऐनिमेट कर सकते हैं. [link]","Saat kamera diaktifkan, pengguna yang memenuhi syarat akan dapat menganimasikan avatar dengan gerakan pengguna di pengalaman virtualmu. [link]",Abilitare la telecamera permette a un utente idoneo di animare il proprio avatar utilizzando i propri movimenti nella tua esperienza. [link],カメラをオンにすると、あなたのバーチャル空間内で有資格ユーザーが身体の動きで自分のアバターを動かせきます。 [link],카메라를 활성화하면 기준을 충족하는 사용자가 체험에서 본인의 움직임에 따라 아바타를 애니메이션화할 수 있습니다. [link],Włączenie kamery umożliwia użytkownikom spełniającym warunki animowanie awatarów poprzez ruch w ramach twojego projektu. [link],Ativar a câmera permite que usuários elegíveis animem seus avatar com seus movimentos na sua experiência. [link],,การเปิดใช้งานกล้องจะช่วยให้ผู้ใช้งานที่มีสิทธิ์สามารถทำให้อวาตาร์ของตนเองเคลื่อนไหวด้วยการเคลื่อนไหวของพวกเขาในประสบการณ์ได้ [link],"Kameranın etkinleştirilmesi, deneyimindeki uygun kullanıcıların avatarlarını kendi hareketleriyle animasyona dönüştürmelerine olanak tanır. [link]",Bật camera cho phép người dùng đủ điều kiện tạo chuyển động cho avatar của họ trong trải nghiệm của bạn. [liên kết],启用摄像头将允许符合资格的用户在体验中以自己的动作为虚拟形象形成动画。[link],启用摄像头将允许符合资格的用户在体验中以自己的动作为虚拟形象形成动画。[link],啟用相機可讓符合資格的使用者在您的使用體驗中，顯示帶有動作的虛擬人偶動畫。[連結]
Studio.GameSettings.AvatarChat.AudioTitle,,,Enable Microphone,Enable Microphone,تمكين الميكروفون,Mikrofon aktivieren,Activar micrófono,Activer le Microphone,माइक्रोफ़ोन चालू करें,Aktifkan Mikrofon,Abilita microfono,マイクをオンにする,마이크 활성화,Włącz mikrofon,Ativar microfone,,เปิดใช้งานไมโครโฟน,Mikrofonu etkinleştir,Bật Micro,启用麦克风,启用麦克风,啟用麥克風
Studio.GameSettings.AvatarChat.AudioBody,,,Enabling microphone allows an eligible user to chat with their voice in your experience. [link],Enabling microphone allows an eligible user to chat with their voice in your experience. [link],يسمح تمكين الميكروفون للمستخدم المؤهل بالدردشة باستخدام صوته في تجربتك. [الرابط],"Das Aktivieren des Mikrofons ermöglicht es berechtigten Benutzern, mit ihrer Stimme in deiner Experience zu chatten. [link]",Activar el micrófono permite a un usuario elegible chatear con su voz en tu experiencia. [link],L'activation du microphone permet à un utilisateur éligible de chatter avec sa voix dans ton expérience. [link],"माइक्रोफ़ोन चालू करने से, एक योग्य यूज़र आपके एक्सपीरिएंस में अपनी वॉइस के साथ चैट कर सकता है. [link]","Saat mikrofon diaktifkan, pengguna yang memenuhi syarat dapat melakukan chat dengan suara di pengalaman virtual kamu. [link]",Abilitare il microfono permette a un utente idoneo di chattare con la propria voce nella tua esperienza. [link],マイクをオンにすると有資格ユーザーがあなたのバーチャル空間内で音声を使ってチャットできるようになります。 [link],마이크를 활성화하면 기준을 충족하는 사용자가 체험에서 본인의 음성으로 채팅할 수 있습니다. [link],Włączenie mikrofonu umożliwia użytkownikom spełniającym warunki korzystanie z czatu głosowego w twoim projekcie. [link],Ativar o microfone permite que um usuário possa conversar com voz na sua experiência. [link],,การเปิดใช้งานไมโครโฟนช่วยให้ผู้ใช้ที่มีสิทธิ์สามารถแชทด้วยเสียงในประสบการณ์ของคุณได้ [link],"Mikrofonun etkinleştirilmesi, deneyimindeki uygun kullanıcıların kendi sesleriyle sohbet etmesine olanak tanır. [link]",Việc bật micro cho phép người dùng đủ điều kiện trò chuyện bằng giọng nói của họ trong trải nghiệm của bạn. [liên kết],启用麦克风将允许符合资格的用户在体验中以自己的声音聊天。[link],启用麦克风将允许符合资格的用户在体验中以自己的声音聊天。[link],啟用麥克風可讓符合資格的使用者在您的使用體驗中，用自己的聲音聊天。[連結]
Studio.GameSettings.General.GameNameWasModerated,,,Game name was moderated,Game name was moderated,تم الإشراف على اسم اللعبة,Der Spielname wurde moderiert,Se moderó el nombre del juego,Le nom de l'expérience a été modérée,गेम का नाम मॉडरेट किया गया,Nama game telah dimoderasi,Il nome della partita è stato moderato,ゲーム名が内容規制されました,게임 이름이 검열되었습니다,Nazwa gry została poddana moderacji,O nome do jogo foi moderado,,ชื่อเกมได้รับการกลั่นกรองแล้ว,Oyun adı denetlendi,Tên trò chơi đã được kiểm duyệt,游戏名称被过滤,游戏名称被过滤,遊戲名稱已審核
Studio.GameSettings.General.GameDescriptionWasModerated,,,Game description was moderated,Game description was moderated,تم الإشراف على وصف اللعبة,Die Spielbeschreibung wurde moderiert,Se moderó la descripción del juego,La description de l'expérience a été modérée,गेम का विवरण मॉडरेट किया गया,Deskripsi game telah dimoderasi,La descrizione del gioco è stata moderata,ゲームの概要が内容規制されました,게임 설명이 검열되었습니다,Opis gry został poddany moderacji,A descrição do jogo foi moderada,,คำอธิบายเกมได้รับการกลั่นกรองแล้ว,Oyun açıklaması denetlendi,Mô tả trò chơi đã được cập nhật,游戏描述被过滤,游戏描述被过滤,遊戲描述已審核
Studio.GameSettings.General.TitleGuidelines,,,Guidelines,Guidelines,القواعد الإرشادية,Richtlinien,Directrices,Directives,गाइडलाइंस,Panduan,Linee Guida,ガイドライン,가이드라인,Zalecenia,Diretrizes,,แนวทาง,Yönergeler,Nguyên Tắc,准则,准则,指引
Studio.GameSettings.General.GuidelinesLearnMoreLink,,,Learn More,Learn More,معرفة المزيد,Mehr erfahren,Aprende más,En savoir plus,ज़्यादा जानें,Pelajari Selengkapnya,Maggiori informazioni,もっと詳しく,자세히 보기,Dowiedz się więcej,Saiba mais,,เรียนรู้เพิ่มเติม,Daha fazla bilgi edin,Tìm Hiểu Thêm,了解更多,了解更多,瞭解更多
Studio.GameSettings.General.GuidelinesUnavailable,,,Unavailable,Unavailable,غير متوفر,Nicht verfügbar,No disponible,Indisponible,उपलब्ध नहीं है,Tidak tersedia,Non disponibile,利用できません,사용 불가,Niedostępne,Indisponível,,ไม่พร้อมใช้งาน,Kullanılamıyor,Không Khả Dụng,无法使用,无法使用,無法使用
Studio.GameSettings.General.GuidelinesImpactText,,,Guidelines impact experience discovery and access. You can take the [link] to generate Guidelines.,Guidelines impact experience discovery and access. You can take the [link] to generate Guidelines.,تؤثر القواعد الإرشادية على اكتشاف التجربة والوصول إليها. يمكنك استخدام [الرابط] لتحديد القواعد الإرشادية.,Richtlinien beeinflussen die Entdeckung und den Zugang zu Experiences. Über den [link] kannst du Richtlinien generieren.,Las directrices afectan el descubrimiento de la experiencia y su acceso. Puedes tomar las [link] para generarlas.,Les directives ont un impact sur la découverte et l'accès de l'expérience. Tu peux prendre le [link] pour générer des directives.,गाइडलाइंस एक्सपीरिएंस की खोज और ऐक्सेस पर असर डालती हैं. गाइडलाइंस जनरेट करने के लिए [link] का इस्तेमाल करें.,Panduan akan memengaruhi penemuan dan akses pengalaman virtual. Kamu dapat menggunakan [link] untuk membuat Panduan.,Le linee guida influenzano la scoperta e l'accesso all'esperienza. Puoi utilizzare il [link] per generare le linee guida.,ガイドラインはバーチャル空間を探せるかどうかやアクセスに影響します。ガイドラインを作成するには、 [link] をしてください。,가이드라인은 체험 검색 및 이용에 영향을 줍니다. [link]에서 가이드라인을 생성할 수 있습니다.,"Zalecenia mają wpływ na wyszukiwalność projektu i dostęp do niego. Aby wygenerować zalecenia, możesz skorzystać ze strony [link].",Diretrizes têm impacto na descoberta e acesso à experiência. Você pode usar o [link] para gerar diretrizes.,,แนวทางจะส่งผลกระทบต่อการค้นพบและการเข้าถึงประสบการณ์ คุณสามารถใช้ [link] ในการสร้างแนวทางได้,Yönergeler deneyim keşfini ve erişimini etkiler. Yönerge oluşturmak için [link] bağlantısını kullanabilirsin.,Nguyên tắc ảnh hưởng đến quá trình khám phá và truy cập trải nghiệm. Bạn có thể nhấn vào [liên kết] để tạo Nguyên tắc.,准则将影响体验的探索和访问。你可以前往 [link] 生成准则。,准则将影响体验的探索和访问。你可以前往 [link] 生成准则。,指南會影響體驗的探索和存取。你可以點選 [link] 產生指南。
Studio.GameSettings.General.GuidelinesConfiguredText,,,Guidelines impact experience discovery and access. You must make sure your submission of the [link] accurately reflects the current content in your experience.,Guidelines impact experience discovery and access. You must make sure your submission of the [link] accurately reflects the current content in your experience.,تؤثر القواعد الإرشادية على اكتشاف التجربة والوصول إليها. يجب عليك التأكد من أن تقديم [الرابط] يعكس بدقة المحتوى الحالي في تجربتك.,"Richtlinien beeinflussen die Entdeckung und den Zugang zu Experiences. Du musst sicherstellen, dass deine Einsendung von [link] den aktuellen Inhalt deiner Experience korrekt wiedergibt.",Las directrices afectan el descubrimiento de la experiencia y su acceso. Debes asegurarte de que tu solicitud de [link] refleja con precisión el contenido actual de la experiencia.,Les directives ont un impact sur la découverte et l'accès de l'expérience. Tu dois t'assurer que ta proposition de [link] reflète correctement le contenu actuel de ton expérience.,"गाइडलाइंस एक्सपीरिएंस की खोज और ऐक्सेस पर असर डालती हैं. आपको पक्का करना होगा कि [link] का सबमिशन, आपके एक्सपीरिएंस के मौजूदा कॉन्टेंट को सटीक रूप से दिखाता है.",Panduan akan memengaruhi penemuan dan akses pengalaman virtual. Kamu harus memastikan [link] yang kamu kirim mencerminkan konten terkini dalam pengalaman virtualmu secara akurat.,Le linee guida influenzano la scoperta e l'accesso all'esperienza. Devi assicurarti che l'invio del [link] rifletta accuratamente il contenuto attuale della tua esperienza.,ガイドラインはバーチャル空間を探せるかどうかやアクセスに影響します。提出するガイドライン [link] があなたの仮想空間の現在のコンテンツを正確に反映しているかどうか確認する必要があります。,가이드라인은 체험 검색 및 이용에 영향을 줍니다. [link] 제출 시 반드시 체험의 현재 콘텐츠에 대한 사항을 정확하게 반영해야 합니다.,"Zalecenia mają wpływ na wyszukiwalność projektu i dostęp do niego. Musisz zadbać o to, aby informacje podane na stronie [link] precyzyjnie odzwierciedlały zawartość twojego projektu.",Diretrizes têm impacto na descoberta e acesso à experiência. Você deve certificar-se que seu envio dos [link] reflete com precisão o conteúdo atual da sua experiência.,,แนวทางจะส่งผลกระทบต่อการค้นพบและการเข้าถึงประสบการณ์ คุณต้องตรวจสอบให้แน่ใจว่าการส่ง [link] ของคุณสะท้อนให้เห็นถึงเนื้อหาปัจจุบันในประสบการณ์ของคุณอย่างแม่นยำ,Yönergeler deneyim keşfini ve erişimini etkiler. [link] cevaplarının deneyimdeki mevcut içerikleri doğru bir şekilde yansıttığından emin olmalısın.,Nguyên tắc ảnh hưởng đến quá trình khám phá và truy cập trải nghiệm. Bạn phải đảm bảo bài đăng của bạn trên [liên kết] phản ánh chính xác nội dung hiện tại trong trải nghiệm của bạn.,准则将影响体验的探索和访问。你可必须确定你在 [link] 中提交的内容准确反映你体验中的当前内容。,准则将影响体验的探索和访问。你可必须确定你在 [link] 中提交的内容准确反映你体验中的当前内容。,指南會影響體驗的探索和存取。你必須確保你的 [link] 提交反映了你體驗中當前的內容。
Studio.GameSettings.General.GuidelinesExperienceQuestionnaireLink,,,Experience Questionnaire,Experience Questionnaire,استبيان التجربة,Experience-Fragebogen,Cuestionario de la experiencia,Questionnaire de l'expérience,एक्सपीरिएंस क्वेशचनेयर,Kuesioner Pengalaman Virtual,Questionario sull'esperienza,バーチャル空間についての質問フォーム,체험 설문지,Kwestionariusz dotyczący projektu,Questionário da experiência,,แบบสอบถามประสบการณ์,Deneyim Anketi,Bảng Câu Hỏi Về Trải Nghiệm,体验问卷,体验问卷,體驗問卷
Studio.GameSettings.General.GuidelinesUnavailableNoticeText,,,"Experiences without Guidelines are treated as ""Ages 13+"" for users with parental controls enabled.","Experiences without Guidelines are treated as ""Ages 13+"" for users with parental controls enabled.","تُصنّف التجارب التي تفتقر إلى القواعد الإرشادية على أنها ""مناسبة للأعمار 13 عامًا فما فوق"" للمستخدمين الذين قاموا بتمكين أدوات رقابة الوالدين.","Experiences ohne Richtlinien werden für Benutzer mit aktivierter Kindersicherung als ""ab 13 Jahren"" behandelt.","Las experiencias sin directrices se categorizan como ""Edad 13+"" para usuarios con controles parentales activados.","Les expériences sans lignes directrices sont considérées comme ""13 ans et plus"" pour les utilisateurs dont le contrôle parental est activé.","पेरेंटल कंट्रोल को चालू करने वाले यूज़र्स के लिए, गाइडलाइंस के बिना सभी एक्सपीरिएंस ""13 साल से ज़्यादा उम्र"" वालों के लिए उपयुक्त माने जाते हैं.","Pengalaman virtual tanpa Panduan diperlakukan sebagai ""Usia 13+"" untuk pengguna dengan kontrol orang tua aktif.","Esperienze senza Linee Guida sono trattate come ""Età 13+"" per gli utenti con controlli parentali abilitati.",ガイドラインのないバーチャル空間はすべて保護者コントロールが有効化されている「13歳以上」向けとして扱われます。,가이드라인이 없는 체험은 자녀 보호 기능을 사용 중인 사용자에 한해 '13세 이상 이용가'로 취급됩니다.,Projekty bez zaleceń są traktowane jako projekty z ograniczeniem „13+” w przypadku użytkowników z włączoną kontrolą rodzicielską.,"Experiências sem Diretrizes são tratadas como ""para maiores de 13 anos"" para usuários com controles dos responsáveis ativados.",,"ประสบการณ์ที่ไม่มีแนวทางจะรับเป็น ""อายุ ิ13 ปีขึ้นไป"" สำหรับผู้ใช้งานที่เปิดใช้งานการควบคุมโดยผู้ปกครองแล้ว","Yönergesi olmayan deneyimler ebeveyn denetimi etkin kullanıcılar için ""13 yaş ve üzeri"" olarak kabul edilir.","Trải Nghiệm không có Nguyên Tắc sẽ được coi là nội dung ""Phù hợp lứa tuổi từ 13 trở lên"" đối với người dùng bật các biện pháp kiểm soát của phụ huynh.",对于已启用家长控制功能的用户，没有准则的体验将被视为“年龄 13 岁及以上”。,对于已启用家长控制功能的用户，没有准则的体验将被视为“年龄 13 岁及以上”。,針對啟用家長控制功能的使用者，沒有指南的體驗將被視為「13+」。
Studio.GameSettings.Places.SocialSlotError,,,Value should be between {minRange:int} and {maxRange:int}.,Value should be between {minRange:int} and {maxRange:int}.,يجب أن تكون القيمة بين {minRange:int} و{maxRange:int}.,Der Wert sollte zwischen {minRange:int} und {maxRange:int} liegen.,El valor debe estar entre {minRange:int} y {maxRange:int}.,La valeur doit être comprise entre {minRange:int} et {maxRange:int}.,वैल्यू {minRange:int} और {maxRange:int} के बीच होनी चाहिए.,Nilai harus di antara {minRange:int} dan {maxRange:int}.,Il valore deve essere compreso tra {minRange:int} e {maxRange:int}.,{minRange:int} から {maxRange:int} までの数字を入力してください。,값이 {minRange:int}(와)과 {maxRange:int} 사이여야 합니다.,Wartość powinna mieścić się w zakresie {minRange:int}–{maxRange:int}.,O valor deve estar entre {minRange:int} e {maxRange:int}.,,ค่าควรอยู่ระหว่าง {minRange:int} ถึง {maxRange:int},Değer {minRange:int} ile {maxRange:int} arasında olmalı.,Giá trị phải từ {minRange:int} đến {maxRange:int}.,数值应介于 {minRange:int} 和 {maxRange:int} 之间。,数值应介于 {minRange:int} 和 {maxRange:int} 之间。,數值應介於 {minRange:int} 和 {maxRange:int} 之間。
Studio.GameSettings.Places.SocialSlotAllowedError,,,Allowed social slot is {socialSlot:int}.,Allowed social slot is {socialSlot:int}.,الخانة الاجتماعية (social slot) المسموح بها: {socialSlot:int}.,Erlaubte soziale Plätze sind {socialSlot:int}.,El espacio social permitido es {socialSlot:int}.,Le créneau social autorisé est {socialSlot:int}.,सोशल स्लॉट {socialSlot:int} की परमिशन दी गई है.,Slot sosial yang diizinkan adalah {socialSlot:int}.,Lo slot sociale consentito è {socialSlot:int}.,権限のあるSNSスロットは {socialSlot:int}です。,허용되는 소셜 슬롯은 {socialSlot:int}입니다.,Dozwolone miejsce społecznościowe to {socialSlot:int}.,O espaço social permitido é {socialSlot:int}.,,Social slots ที่อนุญาตคือ {socialSlot:int},{socialSlot:int} sosyal yere izin veriliyor.,Vị trí xã hội được phép là {socialSlot:int}.,允许的社交栏位为 {socialSlot:int}。,允许的社交栏位为 {socialSlot:int}。,允許的社交欄位值為 {socialSlot:int}。
Studio.GameSettings.Guidelines.LearnMoreLink,,,Learn More,Learn More,معرفة المزيد,Mehr erfahren,Aprende más,En savoir plus,ज़्यादा जानें,Pelajari Selengkapnya,Scopri di più,もっと詳しく,자세한 정보,Dowiedz się więcej,Saiba mais,,เรียนรู้เพิ่มเติม,Daha fazla bilgi edin,Tìm Hiểu Thêm,了解更多,了解更多,瞭解更多
Studio.GameSettings.Guidelines.Unavailable,,,Unavailable,Unavailable,غير متوفر,Nicht verfügbar,No disponible,Indisponible,उपलब्ध नहीं है,Tidak tersedia,Non disponibile,利用できません,사용 불가,Niedostępne,Indisponível,,ไม่พร้อมใช้งาน,Kullanılamıyor,Không Khả Dụng,无法使用,无法使用,無法使用
Studio.GameSettings.Guidelines.SubmitQuestionnaire,,,Fill Out Questionnaire,Fill Out Questionnaire,املأ بيانات الاستبيان,Fragebogen ausfüllen,Llenar cuestionario,Remplir le questionnaire,क्वेशचनेयर भरें,Isi Kuesioner,Compila questionario,質問フォームに記入する,설문지 작성,Wypełnij kwestionariusz,Preencher questionário,,กรอกแบบสอบถาม,Anketi doldur,Hoàn Thành Bảng Câu Hỏi,填写问卷,填写问卷,填問卷
Studio.GameSettings.Guidelines.UpdateQuestionnaire,,,Update Questionnaire,Update Questionnaire,تحديث الاستبيان,Fragebogen aktualisieren,Actualizar cuestionario,Mettre à jour le questionnaire,क्वेशचनेयर अपडेट करें,Update Kuesioner,Aggiorna questionario,質問フォームを更新,설문지 업데이트,Zaktualizuj kwestionariusz,Atualizar questionário,,อัพเดทแบบสอบถาม,Anketi güncelle,Cập Nhật Bảng Câu Hỏi,更新问卷,更新问卷,更新問卷
Studio.GameSettings.Guidelines.ImpactText,,,Guidelines impact experience discovery and access. You can take the [link] to generate Guidelines.,Guidelines impact experience discovery and access. You can take the [link] to generate Guidelines.,تؤثر القواعد الإرشادية على اكتشاف التجربة والوصول إليها. يمكنك استخدام [الرابط] لتحديد القواعد الإرشادية.,Richtlinien beeinflussen die Entdeckung und den Zugang zu Experiences. Über den [link] kannst du Richtlinien generieren.,Las directrices afectan el descubrimiento de la experiencia y su acceso. Puedes tomar las [link] para generarlas.,Les directives ont un impact sur la découverte et l'accès de l'expérience. Tu peux prendre le [link] pour générer des directives.,गाइडलाइंस एक्सपीरिएंस की खोज और ऐक्सेस पर असर डालती हैं. गाइडलाइंस जनरेट करने के लिए [link] का इस्तेमाल करें.,Panduan akan memengaruhi penemuan dan akses pengalaman virtual. Kamu dapat menggunakan [link] untuk membuat Panduan.,Le linee guida influenzano la scoperta e l'accesso all'esperienza. Puoi utilizzare il [link] per generare le linee guida.,ガイドラインはバーチャル空間を検索性やアクセスに影響します。 [link] でガイドラインを作成してください。,가이드라인은 체험 검색 및 이용에 영향을 줍니다. [link]에서 가이드라인을 생성할 수 있습니다.,"Zalecenia mają wpływ na wyszukiwalność projektu i dostęp do niego. Aby wygenerować zalecenia, możesz skorzystać ze strony [link].",Diretrizes têm impacto na descoberta e acesso à experiência. Você pode usar o [link] para gerar diretrizes.,,แนวทางจะส่งผลกระทบต่อการค้นพบและการเข้าถึงประสบการณ์ คุณสามารถใช้ [link] ในการสร้างแนวทางได้,Yönergeler deneyim keşfini ve erişimini etkiler. Yönerge oluşturmak için [link] bağlantısını kullanabilirsin.,Nguyên tắc ảnh hưởng đến quá trình khám phá và truy cập trải nghiệm. Bạn có thể nhấn vào [liên kết] để tạo Nguyên tắc.,准则将影响体验的探索和访问。你可以前往 [link] 生成准则。,准则将影响体验的探索和访问。你可以前往 [link] 生成准则。,指南會影響體驗的探索和存取。你可以點選 [link] 產生指南。
Studio.GameSettings.Guidelines.ConfiguredText,,,Guidelines impact experience discovery and access. You must make sure your submission of the [link] accurately reflects the current content in your experience.,Guidelines impact experience discovery and access. You must make sure your submission of the [link] accurately reflects the current content in your experience.,تؤثر القواعد الإرشادية على اكتشاف التجربة والوصول إليها. يجب عليك التأكد من أن تقديم [الرابط] يعكس بدقة المحتوى الحالي في تجربتك.,"Richtlinien beeinflussen die Entdeckung und den Zugang zu Experiences. Du musst sicherstellen, dass deine Einsendung von [link] den aktuellen Inhalt deiner Experience korrekt wiedergibt.",Las directrices afectan el descubrimiento de la experiencia y su acceso. Debes asegurarte de que tu solicitud de [link] refleja con precisión el contenido actual de la experiencia.,Les directives ont un impact sur la découverte et l'accès de l'expérience. Tu dois t'assurer que ta proposition de [link] reflète correctement le contenu actuel de ton expérience.,"गाइडलाइंस एक्सपीरिएंस की खोज और ऐक्सेस पर असर डालती हैं. आपको पक्का करना होगा कि [link] का सबमिशन, आपके एक्सपीरिएंस के मौजूदा कॉन्टेंट को सटीक रूप से दिखाता है.",Panduan akan memengaruhi penemuan dan akses pengalaman virtual. Kamu harus memastikan [link] yang kamu kirim mencerminkan konten terkini dalam pengalaman virtualmu secara akurat.,Le linee guida influenzano la scoperta e l'accesso all'esperienza. Devi assicurarti che l'invio del [link] rifletta accuratamente il contenuto attuale della tua esperienza.,ガイドラインはバーチャル空間を探せるかどうかやアクセスに影響します。提出するガイドライン [link] があなたの仮想空間の現在のコンテンツを正確に反映しているかどうか確認する必要があります。,가이드라인은 체험 검색 및 이용에 영향을 줍니다. [link] 제출 시 반드시 체험의 현재 콘텐츠에 대한 사항을 정확하게 반영해야 합니다.,"Zalecenia mają wpływ na wyszukiwalność projektu i dostęp do niego. Musisz zadbać o to, aby informacje podane na stronie [link] precyzyjnie odzwierciedlały zawartość twojego projektu.",Diretrizes têm impacto na descoberta e acesso à experiência. Você deve certificar-se que seu envio dos [link] reflete com precisão o conteúdo atual da sua experiência.,,แนวทางจะส่งผลกระทบต่อการค้นพบและการเข้าถึงประสบการณ์ คุณต้องตรวจสอบให้แน่ใจว่าการส่ง [link] ของคุณสะท้อนให้เห็นถึงเนื้อหาปัจจุบันในประสบการณ์ของคุณอย่างแม่นยำ,Yönergeler deneyim keşfini ve erişimini etkiler. [link] cevaplarının deneyimdeki mevcut içerikleri doğru bir şekilde yansıttığından emin olmalısın.,Nguyên tắc ảnh hưởng đến quá trình khám phá và truy cập trải nghiệm. Bạn phải đảm bảo bài đăng của bạn trên [liên kết] phản ánh chính xác nội dung hiện tại trong trải nghiệm của bạn.,准则将影响体验的探索和访问。你可必须确定你在 [link] 中提交的内容准确反映你体验中的当前内容。,准则将影响体验的探索和访问。你可必须确定你在 [link] 中提交的内容准确反映你体验中的当前内容。,指南會影響體驗的探索和存取。你必須確保你的 [link] 提交反映了你體驗中當前的內容。
Studio.GameSettings.Guidelines.ExperienceQuestionnaireLink,,,Experience Questionnaire,Experience Questionnaire,استبيان التجربة,Experience-Fragebogen,Cuestionario de la experiencia,Questionnaire de l'expérience,एक्सपीरिएंस क्वेशचनेयर,Kuesioner Pengalaman Virtual,Questionario sull'esperienza,バーチャル空間についての質問フォーム,체험 설문지,Kwestionariusz dotyczący projektu,Questionário da experiência,,แบบสอบถามประสบการณ์,Deneyim Anketi,Bảng Câu Hỏi Về Trải Nghiệm,体验问卷,体验问卷,體驗問卷
Studio.GameSettings.Guidelines.UnavailableNoticeText,,,"Experiences without Guidelines are treated as ""Ages 13+"" for users with parental controls enabled.","Experiences without Guidelines are treated as ""Ages 13+"" for users with parental controls enabled.","تُصنّف التجارب التي تفتقر إلى القواعد الإرشادية على أنها ""مناسبة للأعمار 13 عامًا فما فوق"" للمستخدمين الذين قاموا بتمكين أدوات رقابة الوالدين.","Experiences ohne Richtlinien werden für Benutzer mit aktivierter Kindersicherung als ""ab 13 Jahren"" behandelt.","Las experiencias sin directrices se categorizan como ""Edad 13+"" para usuarios con controles parentales activados.","Les expériences sans directives sont considérées comme ""13 ans et plus"" pour les utilisateurs dont le contrôle parental est activé.","पेरेंटल कंट्रोल को चालू करने वाले यूज़र्स के लिए, गाइडलाइंस के बिना सभी एक्सपीरिएंस ""13 साल से ज़्यादा उम्र"" वालों के लिए उपयुक्त माने जाते हैं.","Pengalaman virtual tanpa Panduan diperlakukan sebagai ""Usia 13+"" untuk pengguna dengan kontrol orang tua aktif.","Esperienze senza Linee Guida sono trattate come ""Età 13+"" per gli utenti con controlli parentali abilitati.",ガイドラインのないバーチャル空間はすべて保護者コントロールが有効化されている「13歳以上」向けとして扱われます。,가이드라인이 없는 체험은 자녀 보호 기능을 사용 중인 사용자에 한해 '13세 이용가'로 취급됩니다.,Projekty bez zaleceń są traktowane jako projekty z ograniczeniem „13+” w przypadku użytkowników z włączoną kontrolą rodzicielską.,"Experiências sem diretrizes são tratadas como ""para maiores de 13 anos"" para usuários com controles dos responsáveis ativados.",,"ประสบการณ์ที่ไม่มีแนวทางจะรับเป็น ""อายุ ิ13 ปีขึ้นไป"" สำหรับผู้ใช้งานที่เปิดใช้งานการควบคุมโดยผู้ปกครองแล้ว","Yönergesi olmayan deneyimler ebeveyn denetimi etkin kullanıcılar için ""13 yaş ve üzeri"" olarak kabul edilir.","Trải Nghiệm không có Nguyên Tắc sẽ được coi là nội dung ""Phù hợp lứa tuổi từ 13 trở lên"" đối với người dùng bật các biện pháp kiểm soát của phụ huynh.",对于已启用家长控制功能的用户，没有准则的体验将被视为“年龄 13 岁及以上”。,对于已启用家长控制功能的用户，没有准则的体验将被视为“年龄 13 岁及以上”。,針對啟用家長控制功能的使用者，沒有指南的體驗將被視為「13+」。
Studio.GameSettings.Guidelines.17PlusWarning,,,"Experiences must be ""Ages 17+"" to contain 17+ content.","Experiences must be ""Ages 17+"" to contain 17+ content.","يجب أن تكون التجارب ""مناسبة للأعمار 17 عامًا فما فوق"" لكي تضم محتوى مخصصًا لهذه الفئة العمرية.","Experiences müssen ""Ab 17 Jahren"" sein, um 17+-Inhalte zu enthalten.","Las experiencias deben categorizarse como ""Edad 17+"" si tienen contenidos para 17+.","Les expériences doivent être ""Âge 17 ans+"" pour contenir du contenu pour les 17 ans et plus de 17ans.","17 साल से ज़्यादा उम्र वालों का कॉन्टेंट शामिल करने के लिए, एक्सपीरिएंस ""17 साल से ज़्यादा उम्र"" वालों के लिए होना ज़रूरी है.","Pengalaman virtual harus diatur menjadi ""Usia 17+"" agar dapat berisi konten 17+.","Le esperienze devono essere ""17+"" per contenere oltre 17 anni.",17歳以上向けのコンテンツを入れるには、バーチャル空間は「17歳以上」でなければなりません。,17세 이용가 콘텐츠를 포함하려면 체험이 '17세 이용가'여야 합니다.,Projekty zawierające treści dla użytkowników powyżej 17 roku życia muszą być oznaczone jako „17+”.,"Experiências devem ser ""para maiores de 17 anos"" para conter conteúdo para maiores de 17 anos.",,"ประสบการณ์ต้องเป็น ""อายุ 17+"" สำหรับการมีเนื้อหา 17+","17 yaş ve üzeri içerik barındıracak deneyimlerin ""17 yaş ve üzeri"" olması gerekir.","Trải nghiệm phải được gắn mác ""Phù hợp lứa tuổi từ 17 trở lên"" để chứa nội dung 17+.",体验必须为“年龄 17 岁及以上”才能包含 17+ 内容。,体验必须为“年龄 17 岁及以上”才能包含 17+ 内容。,體驗必須為「17+」，才能包含 17+ 的內容。
Studio.GameSettings.Places.SocialSlotInvalidError,,,Invalid social slot.,Invalid social slot.,خانة اجتماعية (social slot) غير صالحة.,Ungültiger sozialer Platz.,Espacio social no válido.,Créneau social invalide.,सोशल स्लॉट अमान्य है.,Slot sosial tidak valid.,Slot sociale non valido.,無効なSNSスロットです。,유효하지 않은 소셜 슬롯입니다.,Nieprawidłowe miejsce społecznościowe.,Espaço social inválido.,,Social slots ไม่ถูกต้อง,Sosyal yer geçersiz.,Vị trí xã hội không hợp lệ.,无效的社交栏位。,无效的社交栏位。,社交欄位無效。
Studio.GameSettings.General.DeviceVR,,,VR,VR,جهاز الواقع الافتراضي,VR,RV,RV,VR,VR,VR,VR,VR,Urządzenie VR,RV,,VR,VR,Thực Tế Ảo,VR,VR,VR
Studio.GameSettings.VRPrompt.Title,,,VR Experience Agreement,VR Experience Agreement,اتفاقية تجارب الواقع الافتراضي,VR-Experience-Vereinbarung,Acuerdo de Experiencia RV,Accord sur l'expérience RV,VR एक्सपीरिएंस एग्रीमेंट,Perjanjian Pengalaman Virtual VR,VR Accordo Esperienza,VR体験同意書,VR 체험 계약,Umowa dotycząca projektów na urządzenia VR,Acordo de Experiência RV,,ข้อตกลงประสบการณ์ VR,VR Deneyimi Anlaşması,Thỏa Thuận Trải Nghiệm Thực Tế Ảo,VR 体验协议,VR 体验协议,VR 體驗協議
Studio.GameSettings.VRPrompt.Header,,,Only turn this option on if you want your experience to be available on Virtual Reality headsets.,Only turn this option on if you want your experience to be available on Virtual Reality headsets.,شغِّل هذا الخيار فقط إذا كنت تريد أن تكون تجربتك متاحة على سماعات الواقع الافتراضي.,"Aktiviere diese Option nur, wenn du möchtest, dass deine Experience auf Virtual Reality-Headsets verfügbar ist.",Activa esta opción solo si quieres que tu experiencia esté disponible en cascos de Realidad Virtual.,N'active cette option que si tu souhaites que ton expérience soit disponible sur les casques de réalité virtuelle.,"इस विकल्प को तभी चालू करें, जब आपको 'वर्चुअल रियलिटी' हेडसेट पर अपना एक्सपीरिएंस उपलब्ध करवाना हो.",Hanya aktifkan opsi ini jika kamu ingin pengalaman virtualmu tersedia di headset Virtual Reality.,Attiva questa opzione solo se vuoi che la tua esperienza sia disponibile sugli auricolari Realtà Virtuale.,バーチャル空間をバーチャルリアリティ用ヘッドセットで利用できるようにしたい場合にだけ、このオプションをオンにします。,가상 현실 헤드셋으로 체험할 수 있도록 제작할 경우에만 이 옵션을 켜세요.,"Włącz tę opcję tylko wówczas, jeśli chcesz, aby twój projekt był dostępny na goglach VR.",Ative esta opção somente se você quiser que sua experiência esteja disponível em dispositivos de realidade virtual.,,เปิดตัวเลือกนี้หากคุณต้องการให้ประสบการณ์ของคุณพร้อมใช้งานในชุดหูฟังความเป็นจริงเสมือน,Yalnızca deneyiminin sanal gerçeklik gözlüklerinde de kullanılabilir olmasını istiyorsan etkinleştir.,Chỉ bật tùy chọn này nếu bạn muốn trải nghiệm của mình có sẵn trên kính Thực Tế Ảo.,仅当你希望以虚拟现实头戴设备进行体验时，才开启此选项。,仅当你希望以虚拟现实头戴设备进行体验时，才开启此选项。,僅當您希望以虛擬實境頭戴裝置進行體驗時，才打開此選項。
Studio.GameSettings.VRPrompt.DialogItem1,,,Ensure your experience has been tested in VR and works as expected.,Ensure your experience has been tested in VR and works as expected.,تأكد من اختبار تجربتك في الواقع الافتراضي وأنها تعمل كما هو متوقع.,"Stelle sicher, dass deine Experience in VR getestet wurde und wie erwartet funktioniert.",Asegúrate de que tu experiencia se aprobó para RV y funciona como se espera.,Assure-toi que ton expérience a été testée en RV et fonctionne comme prévu.,पक्का करें कि आपका एक्सपीरिएंस VR में टेस्ट किया गया है और उम्मीद के मुताबिक काम करता है.,Pastikan pengalaman virtual telah dites di VR dan berfungsi seperti yang diharapkan.,Assicurati che la tua esperienza sia stata testata in VR e funzioni come previsto.,バーチャル空間がVR上でテスト済みでうまく機能しているかを確認してください。,체험을 VR에서 테스트하고 예상대로 반드시 작동하는지 확인하세요.,"Upewnij się, że projekt został przetestowany na urządzeniach VR i działa zgodnie z oczekiwaniami.",Certifique-se de que sua experiência foi testada em RV e funciona como esperado.,,ตรวจสอบให้แน่ใจว่าประสบการณ์ของคุณได้รับการทดสอบใน VR แล้ว และทํางานตามที่คาดไว้,Deneyiminin VR ortamında test edildiğinden ve beklendiği gibi çalıştığından emin ol.,Đảm bảo trải nghiệm của bạn đã được thử nghiệm trong Thực Tế Ảo và hoạt động như mong đợi.,请确保你的体验已经过 VR 测试，并能如预期运作。,请确保你的体验已经过 VR 测试，并能如预期运作。,確保您的體驗已在 VR 中經過測試，並如預期運作。
Studio.GameSettings.VRPrompt.DialogItem2,,,If you overwrote default PlayerScripts please test your camera in VR.,If you overwrote default PlayerScripts please test your camera in VR.,إذا استبدلت نصوص PlayerScripts الافتراضية، يُرجى اختبار الكاميرا في الواقع الافتراضي.,"Wenn du die Standard-PlayerScripts überschrieben hast, teste bitte deine Kamera in VR.","Si sobreescribiste PlayerScripts predeterminado, prueba tu cámara en RV.","Si vous avez écrasé les scripts par défaut de PlayerScripts, veuillez tester votre caméra en VR.","अगर आपने डिफ़ॉल्ट PlayerScripts को ओवरराइट किया है, तो कृपया VR में अपना कैमरा टेस्ट करें.","Jika kamu menimpa PlayerScript default, harap tes kameramu di VR.","Se hai sovrascritto PlayerScripts predefinito, prova la tua fotocamera in VR.",デフォルトの PlayerScripts を上書きした場合は、VRでカメラをテストしてください。,기본 PlayerScript를 덮어쓰는 경우 VR에서 카메라를 테스트하세요.,"Jeśli domyślny obiekt PlayerScripts został nadpisany, przetestuj swoją kamerę w urządzeniu VR.","Se você sobrescrever o padrão PlayerScripts, teste sua câmera em RV.",,หากคุณเขียนทับ PlayerScripts ค่าเริ่มต้น โปรดทดสอบกล้องของคุณใน VR,Varsayılan PlayerScript'lerin üzerine yazdıysan lütfen kameranı VR ortamında test et.,"Nếu bạn đã ghi đè lên PlayerScripts mặc định, vui lòng kiểm tra camera của bạn trong Thực Tế Ảo.",如果你重写了默认的 PlayerScripts，请在 VR 中进行视角测试。,如果你重写了默认的 PlayerScripts，请在 VR 中进行视角测试。,如果您覆寫了預設的 PlayerScript，請在 VR 中測試您的攝影機。
Studio.GameSettings.VRPrompt.DialogItem3,,,If you overwrote laserpointer/controller code please test your controls in VR.,If you overwrote laserpointer/controller code please test your controls in VR.,إذا استبدلت كود مؤشر الليزر/وحدة التحكم، يُرجى اختبار عناصر التحكم في الواقع الافتراضي.,"Wenn du den Code für den Laserpointer/Controller überschrieben hast, teste bitte deine Steuerelemente in VR.","Si sobreescribiste el código del puntero láser o controlador, prueba tus controles en RV.","Si tu as écrasé le code laserpointer/controller, teste tes contrôles dans VR.","अगर आपने लेज़रपॉइंटर/कंट्रोलर कोड को ओवरराइट किया है, तो कृपया VR में अपने कंट्रोल टेस्ट करें.","Jika kamu menimpa kode penunjuk laser/kontroler, harap tes kontrolmu di VR.",Se hai sovrascritto il codice laserpointer/controller per favore prova i tuoi controlli in VR.,レーザーポインターまたは操作コードを上書きした場合は、VR上で操作をテストしてください。,레이저 포인터/컨트롤러 코드를 덮어쓰는 경우 VR에서 컨트롤을 테스트하세요.,"Jeśli kod wskaźnika laserowego/kontrolera został nadpisany, przetestuj sterowanie na urządzeniu VR.",Se você sobrescreveu o código laserpointer/controller por favor teste seus controles em RV.,,หากคุณเขียนทับรหัสตัวชี้เลเซอร์/โค้ดคอนโทรลเลอร์ โปรดทดสอบการควบคุมของคุณใน VR,Lazer işaretçi/oyun kumandası kodlarının üzerine yazdıysan lütfen VR ortamında kontrollerini test et.,"Nếu bạn đã ghi đè lên mã con trỏ laser/bộ điều khiển, vui lòng thử nghiệm bộ điều khiển trong Thực Tế Ảo.",如果你重写了激光指示器/控制器代码，请在 VR 中进行控制方式测试。,如果你重写了激光指示器/控制器代码，请在 VR 中进行控制方式测试。,如果您覆寫了雷射指示器/控制器，請在 VR 中測試您的控制選項。
Studio.GameSettings.VRPrompt.DialogItem4,,,Ensure your experience is performant - low FPS can make players sick.,Ensure your experience is performant - low FPS can make players sick.,احرص على أن تكون تجربتك سلسة في الأداء. يمكن أن يؤدي انخفاض عدد الإطارات في الثانية (FPS) إلى شعور اللاعبين بالدوار.,"Stelle sicher, dass deine Experience performant ist – niedrige FPS können bei den Spielern Übelkeit auslösen.",Asegúrate de que tu experiencia tenga un buen rendimiento. Una resolución baja puede marear a los jugadores.,Veille à ce que ton expérience soit performante - un faible taux FPS peut rendre les joueurs malades.,पक्का करें कि आपका एक्सपीरिएंस अच्छी परफ़ॉर्मेंस दे रहा है - कम FPS खिलाड़ियों को बीमार कर सकता है.,Pastikan pengalaman virtualmu berperforma baik. FPS rendah dapat membuat pemain merasa tidak nyaman.,Assicurati che la tua esperienza funzioni bene - il FPS basso può far sentire male i giocatori.,バーチャル空間が作動しているか確認してください。フレームレートが低いとプレイヤーをイラつかせます。,제작한 체험이 성능 기준에 맞는지 확인하세요. FPS가 낮으면 플레이에 어려움을 초래할 수 있습니다.,"Upewnij się, że projekt działa z odpowiednią wydajnością – niska liczba klatek na sekundę może wywoływać u gracza nudności.",Certifique-se de que sua experiência esteja funcional: FPS baixos podem deixar os jogadores com enjoo.,,ตรวจสอบให้แน่ใจว่าประสบการณ์ของคุณทำงานได้อย่างมีประสิทธิภาพ - FPS ต่ำอาจทำให้ผู้เล่นวิงเวียนและรู้สึกไม่สบายได้,"Deneyiminin iyi bir performans sergilediğinden emin ol. Düşük FPS, oyuncularda rahatsızlığa sebep olabilir.",Đảm bảo trải nghiệm của bạn tốt - FPS thấp có thể khiến người chơi bị choáng.,请确保你的体验运行良好。低 FPS 可能会使玩家感到不适。,请确保你的体验运行良好。低 FPS 可能会使玩家感到不适。,確保您的體驗感覺良好 - FPS 過低會使玩家感覺不適。
Studio.GameSettings.Guidelines.SectionTitle,,,Age Recommendation,Age Recommendation,تصنيف العمر المُوصى به,Altersempfehlung,Recomendación de edad,Recommandation de l'âge,उम्र से जुड़ी सिफ़ारिश,Rekomendasi Usia,Raccomandazione Età,年齢推奨,권장 연령,Zalecenie dotyczące wieku,Recomendação de idade,,คำแนะนำเกี่ยวกับอายุ,Önerilen yaş,Đề Xuất Độ Tuổi,年龄推荐,年龄推荐,建議年齡
Studio.GameSettings.Guidelines.NotSubmitted,,,Not Submitted,Not Submitted,لم يتم الإرسال,Nicht gesendet,No enviado,Non soumis,सबमिट नहीं किया गया,Tidak Dikirim,Non Inviato,未提出,제출되지 않음,Nie przesłano,Não enviado,,ยังไม่ได้ส่ง,Gönderilmedi,Không Gửi,未提交,未提交,未送出
Studio.GameSettings.Guidelines.GetAnAgeRecommendation,,,Get an age recommendation to ensure your experience is available to the right audience.,Get an age recommendation to ensure your experience is available to the right audience.,اطلب تصنيفًا عمريًا مُوصى به لضمان وصول تجربتك إلى الجمهور المناسب.,"Hol eine Altersempfehlung ein, um sicherzustellen, dass deine Experience für das richtige Zielpublikum geeignet ist.",Obtén una recomendación de edad para garantizar que tu experiencia esté disponible para el público adecuado.,Obtiens une recommandation d'âge pour t'assurer que ton expérience est accessible au bon public.,उम्र से जुड़ी सिफ़ारिश हासिल करके पक्का करें कि आपका एक्सपीरिएंस सही दर्शकों के लिए उपलब्ध है.,Dapatkan rekomendasi usia untuk memastikan pengalaman virtualmu disediakan untuk pemirsa yang tepat.,Ottieni una raccomandazione sull'età per garantire che la tua esperienza sia disponibile per il pubblico giusto.,バーチャル空間を適切なオーディエンスに利用可能にするために推奨年齢を設定してください。,내 체험이 적절한 오디언스에게 제공되도록 권장 연령을 받으세요.,"Skorzystaj z zalecenia dotyczącego wieku, aby mieć pewność, że twój projekt jest dostępny dla odpowiednich odbiorców.",Receba uma recomendação de idade para garantir que a sua experiência esteja disponível para o público certo.,,รับคำแนะนำเกี่ยวกับอายุเพื่อตรวจสอบให้แน่ใจว่าประสบการณ์พร้อมใช้งานสำหรับผู้ชมที่เหมาะสม,Deneyiminin doğru kitlelere sunulduğundan emin olmak için bir yaş önerisi al.,Nhận đề xuất độ tuổi để đảm bảo trải nghiệm của bạn khả dụng cho đối tượng phù hợp.,获取年龄推荐，以确保你的体验适用于合适的受众。,获取年龄推荐，以确保你的体验适用于合适的受众。,取得適齡遊戲建議，已確保您的體驗提供給適合的受眾。
Studio.GameSettings.Guidelines.RetakeQuestionnaire,,,Retake the questionnaire whenever the content to the experience has been changed.,Retake the questionnaire whenever the content to the experience has been changed.,أعِد الإجابة عن الاستبيان في كل مرة يتم فيها تغيير محتوى التجربة.,"Beantworte den Fragebogen erneut, wenn sich der Inhalt deiner Experience geändert hat.",Vuele a llenar el cuestionario cada vez que cambie el contenido de la experiencia.,Répondre au questionnaire chaque fois que le contenu de l'expérience a été modifié.,एक्सपीरिएंस का कॉन्टेंट बदले जाने पर फिर से क्वेशचनेयर पूरा करें.,Isi ulang kuesioner kapan pun konten pengalaman virtual berubah.,Rifai il questionario ogni volta che il contenuto dell'esperienza viene modificato.,バーチャル空間のコンテンツに変更があった場合は質問フォームに再度回答してください。,체험의 콘텐츠를 변경할 때마다 설문지를 다시 작성하세요.,"Wypełnij kwestionariusz ponownie za każdym razem, gdy zawartość twojego projektu ulegnie zmianie.",Retome o questionário sempre que o conteúdo da experiência for alterado.,,ทําแบบสอบถามใหม่ทุกครั้งที่เปลี่ยนแปลงเนื้อหาของประสบการณ์,Deneyim içeriği her değiştiğinde anketi yeniden doldur.,Làm lại bảng câu hỏi bất cứ khi nào thay đổi nội dung của trải nghiệm.,一旦体验内容发生变化，则须重新填写问卷。,一旦体验内容发生变化，则须重新填写问卷。,只要體驗內容變更，就必須重新填問卷。
Studio.GameSettings.Guidelines.Pending,,,Pending...,Pending...,معلّق...,Ausstehend ...,Pendiente...,En attente...,पेंडिंग...,Pending...,In sospeso...,保留中...,보류 중...,Oczekiwanie...,Pendente...,,กำลังรอดำเนินการ...,Beklemede...,Đang Chờ Xử Lý...,处理中...,处理中...,待進行……
Studio.GameSettings.General.TitleScriptDraftsMode,,,Enable Drafts Mode,Enable Drafts Mode,تمكين وضع المسودات,Entwurfsmodus aktivieren,Activar modo Borradores,Activer le mode Brouillons,ड्राफ़्ट मोड चालू करें,Aktifkan Mode Draf,Abilita la modalità Bozze,下書きモードを有効にする,초안 모드 활성화,Włącz tryb wersji roboczych,Habilitar modo rascunho,,เปิดใช้งานโหมดแบบร่าง,Taslak modunu etkinleştir,Bật Chế Độ Bản Nháp,启用草稿模式,启用草稿模式,啟用草稿模式
Studio.GameSettings.General.EnableTeamCreateForDraftsMode,,,Turn on Team Create to enable Drafts Mode for scripts,Turn on Team Create to enable Drafts Mode for scripts,"شغِّل أداة ""إنشاء فريق"" لتمكين ""وضع المسودات"" في النصوص البرمجية","Aktiviere Team Create, um den Entwurfsmodus für Skripte zu aktivieren",Activar Creación en equipo para permitir el modo Colaboración para los scripts,Activer la fonction Création en équipe pour activer le mode brouillon pour les scripts,स्क्रिप्ट्स के लिए 'ड्राफ़्ट मोड' शुरू करने के लिए 'टीम क्रिएट' को चालू करें,Aktifkan Kreasi Bersama untuk mengaktifkan Mode Draf untuk skrip,Attiva Team Create per abilitare la modalità Bozze per gli script,スクリプトの下書きモードを有効にするにはチーム制作機能をオンにしてください,팀 제작을 활성화해 스크립트에 대한 초안 모드를 활성화합니다,"Włącz tworzenie zespołowe, aby móc korzystać w skryptach z trybu wersji roboczych",Ative a criação de equipe para habilitar o modo rascunho para scripts,,เปิดการสร้างร่วมกับเพื่อนเพื่อเปิดใช้งานโหมดแบบร่างของสคริปต์,Betiklerde taslak modunu etkinleştirmek için Takım Çalışması özelliğini aç,Bật Team Create để cho phép Chế Độ Bản Nháp xử lý kịch bản,开启组队创作以启用脚本的“草稿模式”,开启组队创作以启用脚本的“草稿模式”,開啟團隊創作以啟用指令碼的草稿模式
Studio.GameSettings.General.ScriptDraftsMode,,,Enable Drafts Mode for scripts.,Enable Drafts Mode for scripts.,"تمكين ""وضع المسودات"" في النصوص البرمجية.",Den Entwurfsmodus für Skripte aktivieren.,Activar el modo Borradores para scripts.,Activer le mode Brouillons pour les scripts.,स्क्रिप्ट्स के लिए 'ड्राफ़्ट मोड' शुरू करें.,Aktifkan Mode Draf untuk skrip.,Abilita la modalità Bozze per gli script.,スクリプトの下書きモードを有効にします。,스크립트에 대한 초안 모드를 활성화합니다.,Włącz tryb wersji roboczych dla skryptów.,Habilitar o modo rascunho para scripts.,,เปิดใช้งานโหมดแบบร่างของสคริปต์,Betiklerde taslak modunu etkinleştir.,Bật Chế Độ Bản Nháp để xử lý kịch bản.,启用脚本的草稿模式。,启用脚本的草稿模式。,啟用指令碼的草稿模式。
Studio.GameSettings.General.TitleSecrets,,,Local Secrets,Local Secrets,الأسرار,Lokale Geheimnisse,Secretos locales,Secrets,लोकल सीक्रेट,Rahasia Lokal,Segreti locali,秘密,로컬 보안 비밀,Lokalne sekrety,Segredos,,ข้อมูลที่ละเอียดอ่อนในเครื่อง,Yerel Gizli Anahtarlar,Bí mật lưu trữ trên máy,密钥,密钥,本機密鑰
Studio.GameSettings.General.GenreOverhaulMessageBody,,,Experience genres are currently under construction and not available. Stay tuned as we design an improved genre system. [link],Experience genres are currently under construction and not available. Stay tuned as we design an improved genre system. [link],أنواع التجارب قيد الإنشاء حاليًا وغير متوفرة. ترقبوا قريبًا نظامًا أفضل لأنواع التجارب. [الرابط],"Experience-Genres sind derzeit noch in Arbeit und daher nicht verfügbar. Sei gespannt, während wir ein verbessertes Genresystem entwickeln. [link]",Los géneros de experiencia están actualmente en construcción y no están disponibles por ahora. Regresa aquí a medida que diseñamos un sistema de género mejorado. [link],Les genres d'expérience sont actuellement en cours de construction et ne sont pas disponibles. Reste à l'écoute car nous concevons un système de genre amélioré. [link],"एक्सपीरिएंस की कैटगरी बनाई जा रही हैं और अभी उपलब्ध नहीं हैं. हम एक बेहतर कैटगरी सिस्टम बना रहे हैं, इसलिए हमारे साथ बने रहें. [link]",Genre pengalaman virtual sedang dikembangkan dan belum tersedia. Nantikan kehadirannya sementara kami mendesain sistem genre yang lebih baik. [link],I generi di esperienza sono attualmente in fase di sviluppo e non sono disponibili. Tienili d'occhio mentre miglioriamo il sistema di classificazione. [link],バーチャル空間のジャンルは現在、作成中のためご利用できません。ジャンルシステムのデザインを改良中ですので今後をお楽しみに。[link],체험 장르는 현재 구축 중이라 이용할 수 없습니다. 더욱 향상된 장르 시스템을 디자인 중이니 많이 기대해 주세요. [link],"Strona z gatunkami projektów jest obecnie w budowie i nie jest dostępna. Zaczekaj, aż przygotujemy usprawniony system obsługi gatunków. [link]",Gêneros de experiência estão atualmente em construção e não estão disponíveis. Fique de olho enquanto criamos um sistema de gêneros melhorado. [link],,ประเภทของประสบการณ์กำลังอยู่ในระหว่างการก่อสร้าง และไม่พร้อมใช้งานในขณะนี้ โปรดติดตามการปรับปรุงระบบประเภทของเรา [link],"Deneyim türleri henüz yapım aşamasında ve kullanılamıyor. Daha gelişmiş bir tür sistemi tasarlıyoruz, beklemede kal. [link]",Thể loại trải nghiệm hiện đang được xây dựng và không khả dụng. Hãy đón chờ chúng tôi thiết kế một hệ thống thể loại tốt hơn. [liên kết],体验主题当前正在建造中，尚不可用。请继续关注我们设计的改进型主题系统。 [链接],体验主题当前正在建造中，尚不可用。请继续关注我们设计的改进型主题系统。 [链接],體驗類別目前正在建構中，因此無法使用。我們正在設計並改善類別系統，敬請保持關注。[link]
Studio.GameSettings.General.GenreOverhaulMessageLink,,,Learn more,Learn more,معرفة المزيد,Mehr erfahren,Aprende más,En apprendre plus,ज़्यादा जानें,Pelajari selengkapnya,Maggiori informazioni,もっと詳しく,자세히 보기,Dowiedz się więcej,Saiba mais,,เรียนรู้เพิ่มเติม,Daha fazla bilgi edin,Tìm hiểu thêm,点击此处查看更多信息,点击此处查看更多信息,深入了解
Studio.GameSettings.General.GenreOverhaulInfo,,,Experience genres are currently under construction and not available. Stay tuned as we design an improved genre system.,Experience genres are currently under construction and not available. Stay tuned as we design an improved genre system.,أنواع التجارب قيد الإنشاء حاليًا وغير متوفرة. ترقبوا قريبًا نظامًا أفضل لأنواع التجارب.,"Experience-Genres sind derzeit noch in Arbeit und daher nicht verfügbar. Sei gespannt, während wir ein verbessertes Genresystem entwickeln.",Los géneros de experiencia están actualmente en construcción y no están disponibles por ahora. Regresa aquí a medida que diseñamos un sistema de género mejorado.,Les genres d'expérience sont actuellement en cours de construction et ne sont pas disponibles. Reste à l'écoute car nous concevons un système de genre amélioré.,"एक्सपीरिएंस की कैटगरी बनाई जा रही हैं और अभी उपलब्ध नहीं हैं. हम एक बेहतर कैटगरी सिस्टम बना रहे हैं, इसलिए हमारे साथ बने रहें.",Genre pengalaman virtual sedang dikembangkan dan belum tersedia. Nantikan kehadirannya sementara kami mendesain sistem genre yang lebih baik.,I generi di esperienza sono attualmente in fase di sviluppo e non sono disponibili. Tienili d'occhio mentre miglioriamo il sistema di classificazione.,バーチャル空間のジャンルは現在、作成中のためご利用できません。ジャンルシステムのデザインを改良中ですので今後をお楽しみに。,체험 장르는 현재 구축 중이라 이용할 수 없습니다. 더욱 향상된 장르 시스템을 디자인 중이니 많이 기대해 주세요.,"Strona z gatunkami projektów jest obecnie w budowie i nie jest dostępna. Zaczekaj, aż przygotujemy usprawniony system obsługi gatunków.",Gêneros de experiência estão atualmente em construção e não estão disponíveis. Fique de olho enquanto criamos um sistema de gêneros melhorado.,,ประเภทของประสบการณ์กำลังอยู่ในระหว่างการก่อสร้าง และไม่พร้อมใช้งานในขณะนี้ โปรดติดตามการปรับปรุงระบบประเภทของเรา,"Deneyim türleri henüz yapım aşamasında ve kullanılamıyor. Daha gelişmiş bir tür sistemi tasarlıyoruz, beklemede kal.",Thể loại trải nghiệm hiện đang được xây dựng và không khả dụng. Hãy đón chờ chúng tôi thiết kế một hệ thống thể loại tốt hơn.,体验主题当前正在建造中，尚不可用。请继续关注我们设计的改进型主题系统。,体验主题当前正在建造中，尚不可用。请继续关注我们设计的改进型主题系统。,體驗類別目前正在建構中，因此無法使用。我們正在設計並改善類別系統，敬請保持關注。
Studio.GameSettings.General.GenreReplacementMessage,,,Experience genres are currently under construction and not available. [link],Experience genres are currently under construction and not available. [link],أنواع التجارب قيد الإنشاء حاليًا وغير متوفرة. [الرابط],Experience-Genres sind derzeit in Entwicklung und nicht verfügbar. [link],Los géneros de experiencia están actualmente en construcción y no están disponibles. [link],Les genres d'expériences sont actuellement en construction et ne sont pas disponibles. [link],एक्सपीरिएंस की कैटगरी बनाई जा रही हैं और अभी उपलब्ध नहीं हैं. [link],Genre pengalaman virtualmu sedang dibuat dan saat ini belum tersedia. [link],I generi di esperienza sono attualmente in fase di sviluppo e non sono disponibili. [link],バーチャル空間のジャンルは現在、作成中のため利用できません。[link],체험 장르는 현재 구축 중이라 이용할 수 없습니다. [link],Strona gatunków projektów jest obecnie w przebudowie i nie jest dostępna. [link],Os gêneros de experiência estão atualmente em construção e não estão disponíveis. [link],,ประเภทของประสบการณ์กำลังอยู่ในระหว่างการก่อสร้าง และไม่พร้อมใช้งานในขณะนี้ [link],Deneyim türleri henüz yapım aşamasında ve kullanılamıyor. [link],Các thể loại trải nghiệm hiện đang trong quá trình xây dựng và không khả dụng. [link],,,體驗類別目前正在建構中，因此無法使用。[link]
Studio.GameSettings.Security.EnableMeshTextureApis,,,Allow Mesh / Image APIs,Allow Mesh / Image APIs,السماح بواجهات برمجة تطبيقات (API) Mesh / الصور,Mesh-/Bild-APIs zulassen,Permitir API de malla/imagen,Autoriser les API de maillages / images,मेश / इमेज API की परमिशन दें,Izinkan API Mesh/Gambar,Consenti API Mesh/Immagine,メッシュまたは画像 API を許可,메시/이미지 API 허용,Zezwalaj na interfejsy API siatki/obrazów,Permitir malha / Imagem de APIs,,อนุญาตการเมช / API ภาพ,Mesh / Görüntü API'larına izin ver,Cho Phép API Lưới / Hình Ảnh,,,允許網格/圖像 API
Studio.GameSettings.Security.EnableMeshTextureApisDescription,,,This experience can access {EditableMesh} and {EditableImage} APIs. Using these APIs must comply with the [link].,This experience can access {EditableMesh} and {EditableImage} APIs. Using these APIs must comply with the [link].,يمكن لهذه التجربة الوصول إلى واجهات برمجة التطبيقات (API) {EditableMesh} و{EditableImage}. يجب أن يتوافق استخدام واجهات برمجة التطبيقات (API) هذه مع [الرابط].,Diese Experience kann auf die APIs {EditableMesh} und {EditableImage} zugreifen. Die Verwendung dieser APIs muss mit der [link] übereinstimmen.,Esta experiencia puede acceder a las API {EditableMesh} y {EditableImage}. El uso de estas API debe cumplir con la [link].,Cette expérience peut accéder aux API {EditableMesh} et {EditableImage} . L'utilisation de ces API doit être conforme à la norme [link].,यह एक्सपीरिएंस {EditableMesh} और {EditableImage} API को ऐक्सेस कर सकता है. इन API का इस्तेमाल इस [link] पर दी गई शर्तों के मुताबिक किया जाना चाहिए.,Pengalaman virtual ini bisa mengakses API {EditableMesh} dan {EditableImage}. Penggunaan API ini harus mematuhi [link].,Questa esperienza permette di accedere alle API {EditableMesh} e {EditableImage}. L'utilizzo di queste API deve essere conforme alla [link].,このバーチャル空間は、 {EditableMesh} と {EditableImage} API にアクセスできます。これらのAPIを使用するには、 [link] に従う必要があります。,이 체험은 {EditableMesh} 및 {EditableImage} API에 액세스할 수 있습니다. API를 사용하려면 [link]을 준수해야 합니다.,Ten projekt może uzyskiwać dostęp do interfejsów API {EditableMesh} oraz {EditableImage}. Z tych interfejsów API należy korzystać w sposób zgodny z [link].,Esta experiência pode acessar as APIs {EditableMesh} e {EditableImage}. O uso dessas APIs deve estar em conformidade com a [link].,,ประสบการณ์นี้สามารถเข้าถึง API {EditableMesh} และ {EditableImage} ได้ การใช้ API เหล่านี้ต้องสอดคล้องกับ [link],"Bu deneyim, {EditableMesh} ve {EditableImage} API'larına erişebilir. Bu API'ların kullanımı sırasında [link] uyulması gerekir.",Trải nghiệm này có thể truy cập vào các API {EditableMesh} và {EditableImage}. Hành động sử dụng các API này cần phải tuân thủ [link].,,,此體驗可存取 {EditableMesh} 和 {EditableImage} API。使用這些 API 時，必須遵循[link]。
Studio.GameSettings.Security.MeshTextureApisPolicyLinkText,,,Terms of Use,Terms of Use,شروط الاستخدام,Nutzungsbedingungen,Términos de uso,Conditions d'utilisation,उपयोग की शर्तें,Ketentuan Penggunaan,Termini di servizio,利用規約,이용 약관,Warunki użytkowania,Termos de Uso,,ข้อกำหนดการใช้งาน,Kullanım Koşulları,Điều Khoản Sử Dụng,,,使用條款
Studio.GameSettings.Security.EnableMeshTextureApisIdActionableDescription,,,You must be 13+ ID verified to access this API. [link] or visit Roblox.com > Settings.,You must be 13+ ID verified to access this API. [link] or visit Roblox.com > Settings.,يجب أن يكون عمرك 13 عامًا فما فوق وتم التحقق من هويتك، حتى تتمكن من الوصول إلى واجهة برمجة التطبيقات (API) هذه. [الرابط] أو يُرجى زيارة Roblox.com > الإعدادات.,"Du musst mindestens 13 Jahre alt und identitätsverifiziert sein, um auf diese API zuzugreifen. [link] oder besuche Roblox.com > Einstellungen.",Debes tener 13+ con identificación verificada para acceder a esta API. [link] o visita Roblox.com > Configuración.,Vous devez être âgé de 13 ans et plus et avoir prouvé votre identité pour accéder à cette API. [link] ou consulter Roblox.com > Paramètres.,"इस API को ऐक्सेस करने के लिए, आपका 13+ ID वेरिफ़ाइड होना ज़रूरी है. [link] देखें या Roblox.com > सेटिंग्स पर जाएँ.","Untuk mengakses API ini, kamu harus berusia 13+ yang dibuktikan lewat kartu identitasmu. [link] atau kunjungi Roblox.com > Pengaturan.",Per accedere a questa API devi avere più di 13 anni e aver verificato l'ID. [link] o visita Roblox.com > Impostazioni.,この API にアクセスするには、年齢が13歳以上で本人確認書類が認証済みであるか、Roblox.com > [設定] ページに移動する必要があります。,이 API에 액세스하려면 13세 이상 본인 인증이 필요합니다. [link]을 완료하거나 'Roblox.com' > '설정'을 방문하세요.,"Aby uzyskać dostęp do tego interfejsu API, należy być użytkownikiem w wieku powyżej 13 lat zweryfikowanym dowodem tożsamości. [link] lub przejdź na stronę Roblox.com > Ustawienia.",Você deve ter mais de 13 anos de idade e identidade verificada para acessar esta API. [link] ou visite Roblox.com > Configurações.,,คุณต้องได้รับการยืนยัน ID อายุ 13 ปีขึ้นไปเพื่อเข้าถึง API นี้ [link] หรือไปที่ Roblox.com > การตั้งค่า,Bu API'ya erişebilmek için 13 yaş ya da üzeri olduğunun kimlikle doğrulanmış olması gerekir. [link] ya da Roblox.com > Ayarlar sayfasını ziyaret et.,Bạn phải có căn cước được xác minh là trên 13 tuổi thì mới được sử dụng API này. [link] hoặc truy cập Roblox.com > Cài Đặt.,,,您必須年滿 13 歲並通過 ID 驗證，才能存取此 API。請[link]或造訪 Roblox.com > 設定。
Studio.GameSettings.Security.AccountIdVerificationLinkText,,,Verify your age,Verify your age,التحقق من عمرك,Verifiziere dein Alter,Verifica tu edad,Prouver ton âge,अपनी उम्र वेरिफ़ाई करें,Verifikasi usiamu,Verifica la tua età,年齢を確認,나이 인증,Zweryfikuj swój wiek,Verifique sua idade,,ตรวจสอบยืนยันอายุของคุณ,Yaşını doğrula,Xác minh độ tuổi của bạn,,,驗證年齡
Studio.GameSettings.Security.EnableMeshTextureApisIdDeniedDescription,,,You must be 13+ ID verified to access this API. ID verification may not available in certain countries. [link].,You must be 13+ ID verified to access this API. ID verification may not available in certain countries. [link].,يجب أن يكون عمرك 13 عامًا فما فوق وتم التحقق من هويتك، حتى تتمكن من الوصول إلى واجهة برمجة التطبيقات (API) هذه. قد لا يكون التحقق من الهوية متاحًا في بلدان معينة. [الرابط].,"Du musst mindestens 13 Jahre alt und identitätsverifiziert sein, um auf diese API zuzugreifen. Die ID-Verifizierung ist möglicherweise in einigen Ländern nicht verfügbar. [link].",Debes tener 13+ con identificación verificada para acceder a esta API. La verificación de identificación puede no estar disponible en ciertos países. [link].,Vous devez être âgé de plus de 13 ans et avoir prouvé votre identité pour accéder à cette API. La vérification de l'identité peut ne pas être disponible dans certains pays. [link].,"इस API को ऐक्सेस करने के लिए, आपका 13+ ID वेरिफ़ाइड होना ज़रूरी है. हो सकता है कि कुछ देशों में ID वेरिफ़िकेशन की सुविधा उपलब्ध न हो. [link].","Untuk mengakses API ini, kamu harus berusia 13+ yang dibuktikan lewat kartu identitasmu. Verifikasi kartu identitas mungkin tidak tersedia di beberapa negara. [link].",Per accedere a questa API devi avere più di 13 anni e aver verificato l'ID. La verifica dell'identità potrebbe non essere disponibile in alcuni paesi. [link].,この API にアクセスするには、年齢が13歳以上で本人確認書類が認証済みである必要があります。本人確認書類の認証は一部の国では利用できません。 [link]。,이 API에 액세스하려면 13세 이상 본인 인증이 필요합니다. 일부 국가에서는 본인 인증을 이용하지 못할 수도 있습니다. [link].,"Aby uzyskać dostęp do tego interfejsu API, należy być użytkownikiem w wieku powyżej 13 lat zweryfikowanym dowodem tożsamości. Weryfikacja dowodem tożsamości może nie być dostępna w niektórych krajach. [link].",Você precisa ser maior de 13 anos com identidade verificada para acessar esta API. A verificação de identidade pode não estar disponível em alguns países. Saiba mais.,,คุณต้องได้รับการยืนยันอายุ 13 ปีขึ้นไปเพื่อเข้าถึง API นี้ การตรวจสอบยืนยัน ID อาจไม่พร้อมใช้งานในบางประเทศ [link],"Bu API'ya erişebilmek için 13 yaş ya da üzeri olduğunun kimlikle doğrulanmış olması gerekir. Kimlik doğrulaması, belirli ülkelerde kullanılamıyor olabilir. [link].",Bạn phải có căn cước được xác minh là trên 13 tuổi thì mới được sử dụng API này. Quá trình xác minh danh tính có thể không được áp dụng tại một vài quốc gia cụ thể. [link].,,,您必須年滿 13 歲並通過 ID 驗證，才能存取此 API。部分國家/地區可能無法進行 ID 驗證。[link]。
Studio.GameSettings.Security.EnableMeshTextureApisNotOwnerDescription,,,Only the group owner can edit this setting.,Only the group owner can edit this setting.,يمكن لمالك المجموعة فقط تحرير هذه الإعدادات.,Nur der Gruppeneigentümer kann diese Einstellung bearbeiten.,Solo el propietario del grupo puede editar esta configuración.,Seul le propriétaire du groupe peut modifier ce paramètre.,इस सेटिंग को सिर्फ़ ग्रुप ओनर एडिट कर सकते हैं.,Hanya pemilik grup yang bisa mengedit pengaturan ini.,Solo il proprietario del gruppo può modificare questa impostazione.,この設定はグループ所有者しか編集できません。,그룹 소유자만 이 설정을 편집할 수 있습니다.,Tylko właściciel grupy może edytować to ustawienie.,Somente o proprietário do grupo pode editar esta configuração.,,มีเพียงเจ้าของกลุ่มเท่านั้นที่สามารถแก้ไขการตั้งค่านี้ได้,Bu ayarı yalnızca grup sahibi düzenleyebilir.,Chỉ người sở hữu nhóm mới có thể chỉnh sửa cài đặt này.,,,只有群組擁有者才能編輯此設定。
Studio.GameSettings.Monetization.PaidAccessLinkText,,,Configure on,Configure on,تشغيل التهيئة,Konfigurieren auf,Configurar en,Configurer le,इस पर कॉन्फ़िगर करें,Konfigurasikan di,Configura su,設定場所:,구성:,Skonfiguruj na:,Configurar em,,กำหนดค่ากับ,Şurada yapılandır:,Điều chỉnh ở,,,至此進行設定：
Studio.GameSettings.Monetization.PaidAccessDeepLink,,,Configure on Creator Hub,Configure on Creator Hub,التهيئة في مركز المصمم,Auf Creator Hub konfigurieren,Configurar en el Centro de creación,Configurer sur le Hub Création,Creator Hub पर कॉन्फ़िगर करें,Ubah konfigurasi di Pusat Kreator,Configura sull'Hub Creatore,クリエーターハブで設定,크리에이터 허브에서 구성하기,Skonfiguruj w Centrum twórców,Configurar na Central de Criadores,,กำหนดค่าในศูนย์กลางครีเอเตอร์,Yaratıcı Merkezi'nde yapılandır,Điều Chỉnh ở Trung Tâm Nhà Sáng Tạo,,,在創作者中心進行設定
Studio.GameSettings.General.NewAtcAdditionDescription,,,Capture strings from game UI while users play. It may take up to a few days for strings to be added to your localization table.,Capture strings from game UI while users play. It may take up to a few days for strings to be added to your localization table.,الحصول على سلاسل أحرف من واجهة مستخدم اللعبة أثناء تشغيل المستخدمين للعبة. قد يستغرق الأمر بضعة أيام حتى تتم إضافة سلاسل الأحرف إلى جدول التعريب ذي الصلة.,"Erfasse Strings von der Spiel-Benutzeroberfläche, während die Benutzer spielen. Es kann ein paar Tage dauern, bis die Strings in deine Lokalisierungstabelle aufgenommen werden.",Captura cadenas de la interfaz del juego mientras juegan los usuarios. Puede tardar unos días en añadir cadenas a tu tabla de localización.,Capture les chaînes de caractères à partir de l'interface utilisateur du jeu pendant que les utilisateurs jouent. Il peut s'écouler quelques jours avant que les chaînes soient ajoutées à ta table de localisation.,यूज़र्स के खेलने के दौरान गेम UI से स्ट्रिंग्स कैप्चर करें. आपकी लोकलाइज़ेशन टेबल में स्ट्रिंग्स जोड़ने में कुछ दिनों तक का समय लग सकता है.,Mengambil string dari UI game saat pengguna bermain. Mungkin diperlukan hingga beberapa hari sampai string dapat ditambahkan ke tabel pelokalanmu.,Cattura le stringhe dall'interfaccia utente del gioco mentre gli utenti giocano. L'aggiunta di stringhe alla tabella di localizzazione potrebbe richiedere alcuni giorni.,ユーザーのプレイ中にゲームのユーザーインターフェース（UI）から文字列を抽出します。多言語化テーブルに文字列が追加されるまで数日かかることがあります。,사용자들이 플레이하는 동안 게임 UI의 문자열을 캡처할 수 있습니다. 문자열이 로컬라이제이션 테이블에 추가되는 데에는 며칠 걸릴 수 있습니다.,"Przechwytywanie ciągów z interfejsu użytkownika, podczas gdy użytkownicy grają. Dodawanie ciągów do tabeli lokalizacji może potrwać kilka dni.",Captura cadeias de caracteres da interface do jogo enquanto os usuários jogam. Pode levar alguns dias para que as cadeias de caracteres sejam adicionadas à sua tabela de localização.,,บันทึกสตริงจาก UI ของเกมในระหว่างที่ผู้ใช้เล่น มันอาจจะใช้เวลานานถึงสองวันเพื่อเพิ่มสตริงไปยังตารางการแปลภาษาของคุณ,Kullanıcılar oynarken oyun arayüzünden diziler yakalar. Dizilerin yerelleştirme tablona eklenmesi birkaç güne kadar sürebilir.,Chụp các chuỗi từ giao diện người dùng trò chơi trong khi người dùng chơi. Thời gian thêm chuỗi vào bảng bản địa hóa của bạn có thể mất vài ngày.,,,在使用者遊玩時擷取遊戲 UI 字串。可能需要幾天的時間，字串才會新增至您的在地化表格。
Studio.GameSettings.General.NewAtcAdditionDescriptionLinkText,,,"To add text immediately, use the Studio text capture tool.","To add text immediately, use the Studio text capture tool.",لإضافة نص على الفور، استخدم أداة استخلاص النص في Studio.,"Um Text sofort hinzuzufügen, verwende das Studio-Tool Texterfassung.","Para añadir texto inmediatamente, utiliza la herramienta de captura de texto de Studio.","Pour ajouter du texte immédiatement, utiliser l'outil de capture de texte Studio.","झटपट टेक्स्ट जोड़ने के लिए, Studio टेक्स्ट कैप्चर टूल का इस्तेमाल करें.","Untuk langsung menambahkan teks, gunakan alat ambil teks di Studio.","Per aggiungere subito del testo, usa lo strumento di acquisizione del testo di Studio.",瞬時にテキストを追加するには、Studioのテキスト抽出ツールを使用します。,즉시 텍스트를 추가하려면 Studio의 텍스트 캡처 도구를 사용하세요.,"Aby natychmiast dodać tekst, skorzystaj z dostępnego w aplikacji Studio narzędzia do przechwytywania tekstu.","Para adicionar texto imediatamente, use a ferramenta de captura de texto do Studio.",,ทำการเพิ่มข้อความในทันทีได้โดยให้ใช้เครื่องมือจับข้อความของ Studio,Anında metin eklemek için Studio'nun metin yakalama aracını kullan.,"Để thêm văn bản ngay lập tức, hãy sử dụng công cụ chụp văn bản Studio.",,,若要立即新增文字，請使用 Studio 文字擷取工具。
Studio.GameSettings.General.NewAtcDeletionDescription,,,Allow Roblox to remove stale entries from your localization table. Entries with manually edited translations will not be impacted.,Allow Roblox to remove stale entries from your localization table. Entries with manually edited translations will not be impacted.,اسمح لمنصة Roblox بإزالة الإدخالات القديمة من جدول التعريب. لن تتأثر الإدخالات التي تحتوي على ترجمات محررة يدويًا.,"Erlaube Roblox, veraltete Einträge aus deiner Lokalisierungstabelle zu entfernen. Einträge mit manuell bearbeiteten Übersetzungen sind davon nicht betroffen.",Permitir que Roblox elimine entradas obsoletas de tu tabla de localización. Las entradas con traducciones editadas manualmente no se verán afectadas.,Permettre à Roblox de supprimer les entrées obsolètes de ton tableau de localisation. Les entrées avec des traductions modifiées manuellement ne seront pas impactées.,"Roblox को अपनी लोकलाइज़ेशन टेबल से खराब एंट्री हटाने की परमिशन दें. जिन एंट्री में अनुवादों को मैन्युअल रूप से एडिट किया गया है, उन पर इसका कोई असर नहीं पड़ेगा.",Izinkan Roblox menghapus entri kedaluwarsa dari tabel pelokalanmu. Entri dengan terjemahan yang diedit secara manual tidak akan terpengaruh.,Consenti a Roblox di rimuovere le voci obsolete dalla tabella di localizzazione. Le voci con traduzioni modificate manualmente non saranno interessate.,多言語化テーブルから古い入力内容を削除することをRobloxに許可します。手動で編集された翻訳の入力内容は影響を受けません。,Roblox가 로컬라이제이션 테이블에서 오래된 항목을 제거하도록 허용하세요. 수동으로 편집된 번역이 포함된 항목은 영향을 받지 않습니다.,Zezwalaj platformie Roblox na usuwanie nieaktualnych wpisów z tabeli lokalizacji. Nie będzie to mieć wpływu na wpisy z ręcznie edytowanymi tłumaczeniami.,Permitir que a Roblox remova entradas antigas de sua tabela de localização. Entradas com traduções editadas manualmente não serão impactadas.,,อนุญาตให้ Roblox ลบรายการเก่าที่ค้างอยู่ออกจากตารางการแปลภาษาของคุณ รายการที่คำแปลได้รับการแก้ไขด้วยตนเองจะไม่ได้รับผลกระทบ,Roblox'un sana ait yerelleştirme tablosundaki eskimiş dizileri kaldırmasına izin ver. Çevirileri elle düzenlenmiş girişler bundan etkilenmez.,Cho phép Roblox xóa các mục cũ khỏi bảng bản địa hóa của bạn. Các mục có bản dịch chỉnh sửa thủ công sẽ không bị ảnh hưởng.,,,允許 Roblox 自在地化表格移除過時條目。含有手動編輯翻譯的條目不受影響。
Studio.GameSettings.Guidelines.SectionTitleMaturity,,,Content Maturity Label,Content Maturity Label,ملصق حساسية المحتوى,Inhaltseinstufung,Etiqueta de madurez del contenido,Label de maturité du contenu,कॉन्टेंट मैच्योरिटी लेबल,Label Kedewasaan Konten,Etichetta di maturità dei contenuti,コンテンツ成熟度の分類表示,콘텐츠 성숙도 라벨,Etykieta poziomu treści dla dorosłych,Rótulo da maturidade do conteúdo,,Label ระดับความเหมาะสมของเนื้อหา,İçerik Derecelendirme Etiketi,Nhãn Nội Dung Người Lớn,,,成年適宜內容標籤
Studio.GameSettings.Guidelines.GetAContentMaturityLabel,,,Get a content maturity label to ensure your experience is available to the right audience.,Get a content maturity label to ensure your experience is available to the right audience.,اطلب ملصقًا لحساسية المحتوى لضمان وصول تجربتك إلى الجمهور المناسب.,"Hol eine Inhaltseinstufung ein, um sicherzustellen, dass deine Experience für das richtige Zielpublikum zugänglich ist.",Obtén una etiqueta de madurez de contenido para asegurarte de que tu experiencia esté disponible para el público adecuado.,Obtiens un label de maturité du contenu pour t'assurer que ton expérience est disponible pour le bon public.,कॉन्टेंट मैच्योरिटी लेबल हासिल करके पक्का करें कि आपका एक्सपीरिएंस सही ऑडियंस के लिए उपलब्ध है.,Dapatkan label kedewasaan konten untuk memastikan pengalaman virtualmu tersedia untuk audiens yang tepat.,Ottieni un'etichetta di maturità dei contenuti per assicurarti che la tua esperienza si rivolga al pubblico giusto.,適切なオーディエンスがバーチャル空間を利用できるようにするため、コンテンツ成熟度の分類表示を取得してください。,내 체험이 적절한 오디언스에게 제공되도록 콘텐츠 성숙도 라벨을 받으세요.,"Skorzystaj z etykiety poziomu treści dla dorosłych, aby mieć pewność, że twój projekt jest dostępny dla odpowiednich odbiorców.",Obtenha um rótulo de maturidade de conteúdo para garantir que sua experiência esteja disponível para o público certo.,,รับ Label ระดับความเหมาะสมของเนื้อหาเพื่อตรวจสอบให้แน่ใจว่าประสบการณ์พร้อมใช้งานสำหรับผู้ชมที่เหมาะสม,Deneyiminin doğru kitlelere sunulduğundan emin olmak için bir içerik derecelendirme etiketi al.,Nhận nhãn nội dung người lớn để đảm bảo trải nghiệm của bạn khả dụng cho đối tượng phù hợp.,,,取得成年適宜內容標籤，確保您的體驗能提供給適合的受眾遊玩。
Studio.GameSettings.Guidelines.RetakeQuestionnaireMaturity,,,Retake the Maturity & Compliance Questionnaire whenever the content to the experience has been changed.,Retake the Maturity & Compliance Questionnaire whenever the content to the experience has been changed.,"أعِد الإجابة عن استبيان ""حساسية المحتوى والامتثال"" في كل مرة يتم فيها تغيير محتوى التجربة.","Beantworte den Fragebogen zu Einstufung und Compliance erneut, wenn sich der Inhalt deiner Experience geändert hat.",Vuelve a llenar el cuestionario de Madurez y cumplimiento cada vez que el contenido de la experiencia cambie.,Repasse le questionnaire sur la maturité et la conformité chaque fois que le contenu de l'expérience a été modifié.,"एक्सपीरिएंस का कॉन्टेंट बदले जाने पर, फिर से मैच्योरिटी और कंप्लायंस क्वेशचनेयर पूरा करें.",Isi kembali Kuesioner Kedewasaan & Kepatuhan kapan pun konten pengalaman virtual mengalami perubahan.,Compila nuovamente il questionario sulla maturità e sulla conformità ogni volta che il contenuto dell'esperienza viene modificato.,バーチャル空間のコンテンツに変更があった場合、成熟度とコンプライアンス質問フォームに再度回答してください。,체험의 콘텐츠를 변경할 때마다 성숙도 및 규정 준수 설문지를 다시 작성하세요.,"Ponownie wypełnij kwestionariusz dotyczący poziomu treści dla dorosłych i zgodności za każdym razem, gdy zawartość twojego projektu ulegnie zmianie.",Refaça o questionário de maturidade e conformidade sempre que o conteúdo da experiência for alterado.,,ทําแบบสอบถามความเหมาะสมของเนื้อหาและแนวทางปฏิบัติใหม่ทุกครั้งที่เปลี่ยนแปลงเนื้อหาของประสบการณ์,Deneyimin içeriği her değiştiğinde Derecelendirme ve Uyumluluk Anketini tekrar tamamla.,Làm lại Bảng Câu Hỏi về Nội Dung Người Lớn & Tuân Thủ bất cứ khi nào thay đổi nội dung của trải nghiệm.,,,只要體驗的內容有所變更，就必須重新填寫成年適宜與合規問卷。
Studio.GameSettings.General.NewAtcAdditionDescriptionLink,,,"To add text immediately, use the Studio text capture tool.","To add text immediately, use the Studio text capture tool.",لإضافة نص على الفور، استخدم أداة استخلاص النص في Studio.,"Um Text sofort hinzuzufügen, verwende das Studio-Tool Texterfassung.","Para añadir texto inmediatamente, utiliza la herramienta de captura de texto de Studio.","Pour ajouter du texte immédiatement, utiliser l'outil de capture de texte Studio.","झटपट टेक्स्ट जोड़ने के लिए, Studio टेक्स्ट कैप्चर टूल का इस्तेमाल करें.","Untuk langsung menambahkan teks, gunakan alat ambil teks di Studio.","Per aggiungere subito del testo, usa lo strumento di acquisizione del testo di Studio.",瞬時にテキストを追加するには、Studioのテキスト抽出ツールを使用します。,즉시 텍스트를 추가하려면 Studio의 텍스트 캡처 도구를 사용하세요.,"Aby natychmiast dodać tekst, skorzystaj z dostępnego w aplikacji Studio narzędzia do przechwytywania tekstu.","Para adicionar texto imediatamente, use a ferramenta de captura de texto do Studio.",,ทำการเพิ่มข้อความในทันทีได้โดยให้ใช้เครื่องมือจับข้อความของ Studio,Anında metin eklemek için Studio'nun metin yakalama aracını kullan.,"Để thêm văn bản ngay lập tức, hãy sử dụng công cụ chụp văn bản Studio.",,,若要立即新增文字，請使用 Studio 文字擷取工具。
Studio.GameSettings.Security.LocalSecretsDesc,,,"Secrets are stored locally on this device and are available in local Playtest mode. To use secrets in Team Test or in a live game, please set them on Creator Hub.","Secrets are stored locally on this device and are available in local Playtest mode. To use secrets in Team Test or in a live game, please set them on Creator Hub.","يتم الاحتفاظ بالأسرار على جهازك. أما الأسرار في أداة ""إنشاء فريق"" يجب أن تتم إدارتها من خلال مركز المصمم.","Geheimnisse werden lokal auf diesem Gerät gespeichert und sind im lokalen Spieltest-Modus verfügbar. Um Geheimnisse im Teamtest oder in einem Live-Spiel zu verwenden, lege sie bitte im Creator Hub fest.","Los secretos se almacenan localmente en este dispositivo y están disponibles en el modo más local de Playest. Para usar secretos en Prueba en equipo o en un juego en vivo, establécelos en la Interfaz de creación.",Les secrets au niveau local sur ton appareil. Les secrets de l'équipe création doivent être gérés par l'intermédiaire du Hub Création.,"सीक्रेट इस डिवाइस पर लोकल तौर पर स्टोर किए जाते हैं और लोकल प्लेटेस्ट मोड में उपलब्ध होते हैं. टीम टेस्ट या लाइव गेम में सीक्रेट का इस्तेमाल करने के लिए, कृपया उन्हें Creator Hub पर सेट करें.","Rahasia disimpan secara lokal di perangkat ini dan tersedia dalam mode Playtest lokal. Untuk menggunakan rahasia dalam Tes Tim atau dalam game live, atur di Pusat Kreator.","I segreti vengono archiviati localmente su questo dispositivo e sono disponibili in modalità di test di giocabilità locale. Per utilizzare i segreti nell'ambito di un Test team o di una partita dal vivo, impostali nell'Hub Creatore.",秘密は、あなたのデバイス環境にしか適用されません。 チーム制作用の秘密を作成するには、クリエーターハブで管理する必要があります。,"보안 비밀이 이 기기에 로컬로 저장되며, 로컬 플레이테스트 모드에서 사용할 수 있습니다. 팀 테스트 또는 라이브 게임에서 보안 비밀을 사용하려면 크리에이터 허브에서 설정하세요.","Sekrety są przechowywane lokalnie na tym urządzeniu i są dostępne w lokalnym trybie testowania rozgrywki. Aby użyć sekretów w teście zespołowym lub w grze na żywo, ustaw je w Centrum twórców.",Segredos locais do seu dispositivo. A criação de segredos de equipe deve ser gerenciada através da Central de Criadores.,,รหัสลับจะถูกเก็บไว้ในอุปกรณ์นี้และสามารถใช้ได้ในโหมดทดลองเล่นในเครื่อง หากต้องการใช้รหัสลับในการทดสอบแบบเป็นทีมหรือในเกมจริง โปรดตั้งค่าใน Creator Hub,Gizli anahtarlar bu cihazda yerel olarak saklanır ve yerel Oynanış Testi modunda kullanılabilir. Gizli anahtarları ancak Yaratıcı Merkezi'nde ayarlayarak Ekip Testinde veya aktif bir oyunda kullanabilirsin.,"Các bí mật được lưu trữ trên thiết bị này và khả dụng trong chế độ Chơi thử trên máy. Để sử dụng bí mật trong Thử nghiệm đội hoặc trong trò chơi đang hoạt động, vui lòng thiết lập chúng trên Trung tâm nhà sáng tạo.",,,密鑰會儲存在本機裝置上，並可在本機試玩模式中使用。若要在團隊測試或實況遊戲中使用密鑰，請在創作者中心進行設定。
Studio.GameSettings.General.GenreClickHereLink,,,Click here,Click here,اضغط هنا,Hier klicken,Hacer clic aquí,Cliquer ici,यहाँ क्लिक करें,Klik di sini,Clicca qui,ここをクリック,여기를 클릭,Kliknij tutaj,Clique aqui,,คลิกที่นี่,Buraya tıklayarak,Nhấn vào đây,,,按一下此處
Studio.GameSettings.Genre.Label.Word,,,Word,Word,ألعاب الكلمات,Wort,Juegos de palabras,Mot,वर्ड,Kata,Parole,ワードゲーム,단어 게임,Świat,Palavras,,คำ,Kelime Oyunu,Đố Từ,字谜,字谜,文字
Studio.GameSettings.GenreSettings.GenreClickHereLink,,,Click here,Click here,اضغط هنا,Hier klicken,Hacer clic aquí,Cliquer ici,यहाँ क्लिक करें,Klik di sini,Clicca qui,ここをクリック,여기를 클릭,Kliknij tutaj,Clique aqui,,คลิกที่นี่,Buraya tıklayarak,Nhấn vào đây,点按此处,点按此处,按一下此處
Studio.GameSettings.Genre.Label.Racing,,,Racing,Racing,سباقات,Rennen,Carreras,Courses,रेसिंग,Balapan,Corse,レース,레이싱,Wyścigowe,Corrida,,การแข่งความเร็ว,Yarış,Đua Xe,竞速,竞速,競速
Studio.GameSettings.Genre.Label.OtherAdventure,,,Other Adventure,Other Adventure,مغامرات أخرى,Sonstiges Abenteuer,Otras de Aventura,Autre aventure,अन्य एडवेंचर,Petualangan Lainnya,Altro in Avventura,その他のアドベンチャー,기타 어드벤처,Przygodowe – inne,Outros (Aventura),,การผจญภัยอื่นๆ,Diğer Macera,Phiêu Lưu Khác,其他冒险,其他冒险,其他冒險
Studio.GameSettings.Genre.Label.AvatarShopping,,,Avatar Shopping,Avatar Shopping,التسوّق لشراء عناصر الأفاتار,Avatar Shopping,Compras de avatar,Achats d'avatar,अवतार शॉपिंग,Belanja Avatar,Shopping per avatar,アバターショッピング,아바타 쇼핑,Zakupy dla awatarów,Compras de avatar,,ช็อปปิ้งอวาตาร์,Avatar Alışverişi,Mua Sắm Avatar,虚拟形象购物,虚拟形象购物,虛擬人偶購物
Studio.GameSettings.Genre.Label.NA,,,N/A,N/A,غير متوفر,N/A,No disponible,S. O,लागू नहीं,Tidak Tersedia,N/A,該当なし,해당 없음,nd.,N/A,,ไม่ระบุ,Yok,Không Áp Dụng,N/A,N/A,N/A
Studio.GameSettings.Genre.Label.Tycoon,,,Tycoon,Tycoon,إدارة الثروات,Tycoon,Magnate,Tycoon,टाइकून,Tycoon,Gestionale,経営,타이쿤,Ekonomiczne,Magnata,,ไทคูน,İşletme Simülasyonu,Tycoon,大亨,大亨,大亨
Studio.GameSettings.Genre.Label.Shopping,,,Shopping,Shopping,تجارب التسوّق,Shopping,Compras,Shopping,शॉपिंग,Belanja,Shopping,ショッピング,쇼핑,Zakupowe,Compras,,ช็อปปิ้ง,Alışveriş,Mua Sắm,购物,购物,購物
Studio.GameSettings.GenreSettings.GenreManageMessage,,,{link} to manage your experience's genre.,{link} to manage your experience's genre.,{link} لإدارة نوع تجربتك.,"{link}, um das Genre deiner Experience zu verwalten.",{link} para gestionar el género de tu experiencia.,{link} pour gérer le genre de ton expérience.,आपके एक्सपीरिएंस की कैटगरी मैनेज करने के लिए {link}.,{link} untuk mengelola genre pengalaman virtualmu.,{link} per gestire il genere della tua esperienza.,{link}で、あなたのバーチャル空間のジャンルを管理します。,{link}을(를) 통해 체험의 장르를 관리하세요.,"{link}, aby zarządzać gatunkiem projektu",{link} para gerenciar o gênero da sua experiência.,,{link} เพื่อจัดการประเภทของประสบการณ์ของคุณ,{link} deneyiminin türünü yönet.,{link} để quản lý thể loại trải nghiệm của bạn.,{link} 管理体验主题。,{link} 管理体验主题。,{link}以管理您的體驗類別。
Studio.GameSettings.GenreSettings.GenreManageMessage2,,,{link} to manage.,{link} to manage.,{link} للإدارة.,{link} zum Verwalten.,{link} para gestionar.,{link} à gérer.,मैनेज करने के लिए {link}.,{link} untuk mengelola.,{link} per gestire.,{link}で管理します。,{link}을(를) 통해 관리하세요.,"{link}, aby zarządzać.",{link} para gerenciar.,,{link} เพื่อจัดการ,{link} yönet.,{link} để quản lý.,{link} 进行管理。,{link} 进行管理。,{link}以進行管理。
Studio.GameSettings.GenreSettings.GenreManageMessage3,,,{link} to manage in Creator Hub.,{link} to manage in Creator Hub.,{link} للإدارة في مركز المصمم.,{link} zum Verwalten im Creator Hub.,{link} para gestionar en el Centro de creación.,{link} pour gérer dans le Hub Création.,Creator Hub में मैनेज करने के लिए {link}.,{link} untuk mengelola di Pusat Kreator.,{link} per gestire nell'Hub Creatore.,{link}でクリエーターハブ内で管理します。,{link}을(를) 통해 크리에이터 허브에서 관리하세요.,"{link}, aby zarządzać w Centrum twórców.",{link} para gerenciar na Central de Criadores.,,{link} เพื่อจัดการในศูนย์กลางครีเอเตอร์,{link} Yaratıcı Merkezi'nde yönet.,{link} để quản lý trong Trung Tâm Nhà Sáng Tạo.,{link} 管理创作者中心,{link} 管理创作者中心,{link}以在創作者中心進行管理。
Studio.GameSettings.GenreSettings.TitleGenre,,,TitleGenre,TitleGenre,TitleGenre,TitleGenre,TitleGenre,Titre du genre,TitleGenre,TitleGenre,TitleGenre,タイトルジャンル,TitleGenre,Gatunek,TitleGenre,,TitleGenre,Ana Tür,TitleGenre,主类别,主类别,主類別
Studio.GameSettings.Genre.Label.TowerDefense,,,Tower Defense,Tower Defense,أبراج الدفاع,Tower Defense,Defensa de torres,Défense de la tour,टावर डिफ़ेंस,Tower Defense,Difesa della torre,タワーディフェンス,타워 디펜스,Obrona twierdzy,Defesa à torre,,ป้องกันป้อม,Kule Savunması,Thủ Tháp,塔防,塔防,塔防
Studio.GameSettings.GenreSettings.GenreManageButton,,,Manage Genre,Manage Genre,إدارة نوع التجربة,Genre verwalten,Gestionar género,Gérer le genre,कैटगरी मैनेज करें,Kelola Genre,Gestisci genere,ジャンルを管理,장르 관리,Zarządzaj gatunkiem,Gerenciar gênero,,จัดการประเภท,Türü yönet,Quản Lý Thể Loại,管理类别,管理类别,管理類別
Studio.GameSettings.GenreSettings.GenreManageButton2,,,Manage,Manage,إدارة,Verwalten,Gestionar,Gérer,मैनेज करें,Kelola,Gestisci,管理,관리,Zarządzaj,Gerenciar,,จัดการ,Yönet,Quản lý,管理,管理,管理
Studio.GameSettings.GenreSettings.GenreManageHelperText,,,Manage your experience's genre in Creator Hub.,Manage your experience's genre in Creator Hub.,قم بإدارة نوع تجربتك في مركز المصمم.,Verwalte das Genre deiner Experience im Creator Hub.,Gestiona el género de tu experiencia en el Centro de creación.,Gérer le genre de votre expérience dans le Hub Création.,Creator Hub में अपने एक्सपीरिएंस की कैटगरी मैनेज करें.,Kelola genre pengalaman virtualmu di Pusat Kreator.,Gestisci il genere della tua esperienza nell'Hub Creatore.,クリエーターハブ内で、あなたのバーチャル空間のジャンルを管理しましょう。,크리에이터 허브에서 체험의 장르를 관리하세요.,Zarządzaj gatunkiem projektu w Centrum twórców.,Gerencie o gênero da sua experiência na Central de Criadores.,,จัดการประเภทของประสบการณ์ของคุณในศูนย์กลางครีเอเตอร์,Deneyiminin türünü Yaratıcı Merkezi'nde yönet.,Quản lý thể loại trải nghiệm của bạn trong Trung Tâm Nhà Sáng Tạo.,在创作者中心管理体验主题。,在创作者中心管理体验主题。,在創作者中心管理您的體驗類別。
Studio.GameSettings.GenreSettings.TitleSubgenre,,,Subgenre,Subgenre,نوع التجربة الفرعي,Sub­gen­re,Subgénero,Sous-genre,सब-कैटगरी,Subgenre,Subgenre,サブジャンル,하위 장르,Podgatunek,Subgênero,,Subgenre,Alt Tür,Thể Loại Phụ,子类别,子类别,子類別
Studio.GameSettings.GenreSettings.GenreManageHelperText2,,,View and update your experience's genre in Creator Hub.,View and update your experience's genre in Creator Hub.,قم بعرض وتحديث نوع تجربتك في مركز المصمم.,Zeige das Genre deiner Experience im Creator Hub an und aktualisiere es.,Ve y actualiza el género de tu experiencia en el Centro de creación.,Voir et mettre à jour le genre de ton expérience dans le Hub Création.,Creator Hub में अपने एक्सपीरिएंस की कैटगरी देखें और अपडेट करें.,Lihat dan update genre pengalaman virtualmu di Pusat Kreator.,Visualizza e aggiorna il genere della tua esperienza nell'Hub Creatore.,クリエーターハブ内で、あなたのバーチャル空間のジャンルを確認および更新しましょう。,크리에이터 허브에서 체험의 장르를 확인하고 업데이트하세요.,Wyświetl i zaktualizuj gatunek projektu w Centrum twórców.,Veja e atualize o gênero da sua experiência na Central de Criadores.,,ดูแล้วอัปเดตประเภทของประสบการณ์ของคุณในศูนย์กลางครีเอเตอร์,Deneyiminin türünü Yaratıcı Merkezi'nde görüntüle ve güncelle.,Xem và cập nhật thể loại trải nghiệm của bạn trong Trung Tâm Nhà Sáng Tạo.,在创作者中心查看和更新体验主题。,在创作者中心查看和更新体验主题。,在創作者中心檢視及更新​​您的體驗類別。
Studio.GameSettings.Genre.Label.AnimalSim,,,Animal Sim,Animal Sim,تقمّص أدوار الحيوانات,Tier-Sim,Simulador de animales,Simulation animaux,ऐनिमल सिम्युलेशन,Simulasi Binatang,Simulazione di animali,動物育成,동물 시뮬레이션,Symulacje ze zwierzętami,Simulação de animais,,การจำลองชีวิตสัตว์,Hayvan Simülatörü,Mô Phỏng Động Vật,"动物模拟
","动物模拟
",動物模擬
Studio.GameSettings.GenreSettings.GenreManageHelperText3,,,Update your experience’s genre and subgenre in Creator Hub.,Update your experience’s genre and subgenre in Creator Hub.,قم بتحديث نوع تجربتك ونوعها الفرعي في مركز المصمم.,Aktualisiere das Genre und Subgenre deiner Experience im Creator Hub.,Actualiza el género y el subgénero de tu experiencia en el Centro de creación.,Mettre à jour le genre et le sous-genre de ton expérience dans le Hub Création.,Creator Hub में अपने एक्सपीरिएंस की कैटगरी और सब-कैटगरी अपडेट करें.,Update genre dan subgenre pengalaman virtualmu di Pusat Kreator.,Aggiorna il genere e il sottogenere della tua esperienza nell'Hub Creatore.,クリエーターハブ内で、あなたのバーチャル空間のジャンルとサブジャンルを更新しましょう。,크리에이터 허브에서 체험의 장르 및 하위 장르를 업데이트하세요.,Zaktualizuj gatunek i podgatunek projektu w Centrum twórców.,Atualize o gênero e o subgênero da sua experiência na Central de Criadores.,,อัปเดตประเภทของประสบการณ์ของคุณในศูนย์กลางครีเอเตอร์,Deneyiminin türünü ve alt türünü Yaratıcı Merkezi'nde yönet.,Cập nhật thể loại và thể loại phụ cho trải nghiệm của bạn trong Trung Tâm Nhà Sáng Tạo.,在创作者中心更新体验主题和子题。,在创作者中心更新体验主题和子题。,在創作者中心更新您的體驗類別和子類別。
Studio.GameSettings.Genre.Label.ColoringAndDrawing,,,Coloring & Drawing,Coloring & Drawing,الرسم والتلوين,Ausmalen & Zeichnen,Colorear y dibujar,Colorier et dessiner,कलरिंग-ड्रॉइंग,Mewarnai dan Menggambar,Pittura e disegno,ぬりえ・お絵かき,색칠 및 그림,Kolorowanie i rysowanie,Colorir e desenhar,,การระบายสีและการวาดภาพ,Boyama ve Çizim,Tô Màu & Vẽ,上色与绘画,上色与绘画,上色和繪畫
Studio.GameSettings.Genre.Label.Education,,,Education,Education,التعليم,Bildung,Educación,Éducation,शिक्षा,Edukasi,Apprendimento,学習・知育,교육,Edukacja,Educativo,,การศึกษา,Eğitim,Giáo Dục,教育,教育,教育
Studio.GameSettings.Genre.Label.Entertainment,,,Entertainment,Entertainment,الترفيه,Unterhaltung,Entretenimiento,Divertissement,मनोरंजन,Hiburan,Intrattenimento,エンターテイメント,엔터테인먼트,Rozrywkowe,Entretenimento,,ความบันเทิง,Eğlence,Giải Trí,娱乐,娱乐,娛樂
Studio.GameSettings.Genre.Label.OtherAction,,,Other Action,Other Action,أنواع أخرى من الأكشن,Sonstige Action,Otras de Acción,Autre action,अन्य ऐक्शन,Action Lainnya,Altro in Azione,その他のアクション,기타 액션,Akcja – inne,Outros (Ação),,แอ็คชันอื่นๆ,Diğer Aksiyon,Hành Động Khác,其他动作,其他动作,其他動作
Studio.GameSettings.Genre.Label.MusicAndAudio,,,Music & Audio,Music & Audio,الموسيقى والصوت,Musik & Audio,Música y audio,Musique et audio,म्यूज़िक और ऑडियो,Musik dan Audio,Musica e audio,音楽・音源,음악 및 오디오,Muzyczne i dźwiękowe,Música e áudio,,ดนตรีและเสียง,Müzik ve Ses,Âm Nhạc & Âm Thanh,音乐和音频,音乐和音频,音樂和音訊
Studio.GameSettings.Genre.Label.MusicAndRhythm,,,Music & Rhythm,Music & Rhythm,الموسيقى والإيقاع,Musik & Rhythmus,Música y ritmos,Musique et rythme,म्यूज़िक और धुन,Musik dan Ritme,Musica e ritmo,音楽・リズム,음악 및 리듬,Muzyczne i rytmiczne,Música e ritmo,,ดนตรีและจังหวะ,Müzik ve Ritim,Âm Nhạc & Nhịp Điệu,音乐和旋律,音乐和旋律,音樂和節奏
Studio.GameSettings.Genre.Label.ShowcaseAndHub,,,Showcase & Hub,Showcase & Hub,تجارب Showcase والمركز,Showcase & Hub,Exposición y hub,Présentation et hub,शोकेस और हब,Showcase dan Hub,Presentazioni e idee,展示・ハブ,쇼케이스 및 허브,Prezentacje i hub,Exposição e Salão,,แสดงผลงานและศูนย์กลาง,Sergi ve Merkez,Ngắm Cảnh & Trung Tâm,展示和中心,展示和中心,展示和中心
Studio.GameSettings.Genre.Label.ClassicObby,,,Classic Obby,Classic Obby,مسارات العوائق الكلاسيكية,Klassischer Obby,Obby clásico,Obby classique,क्लासिक ऑबी,Obby Klasik,Percorso a ostacoli classico,定番の障害物アスレ,클래식 오비,Klasyczne tory przeszkód,Obby clássico,,อ็อบบี้แบบคลาสสิก,Klasik Engel Parkuru,Obby Cổ Điển,经典障碍跑,经典障碍跑,經典障礙賽
Studio.GameSettings.Genre.Label.Video,,,Video,Video,فيديو,Video,Video,Vidéo,वीडियो,Video,Video,ビデオ,동영상,Filmy,Vídeo,,วิดีโอ,Video,Video,视频,视频,影片
Studio.GameSettings.Genre.Label.OtherEntertainment,,,Other Entertainment,Other Entertainment,وسائل ترفيهية أخرى,Sonstige Unterhaltung,Otras de Entretenimiento,Autre divertissement,अन्य मनोरंजन,Hiburan Lainnya,Altro in Intrattenimento,その他のエンターテイメント,기타 엔터테인먼트,Rozrywka – inne,Outros (Entretenimento),,ความบันเทิงอื่นๆ,Diğer Eğlence,Giải Trí Khác,其他娱乐,其他娱乐,其他娛樂
Studio.GameSettings.Genre.Label.UtilityAndOther,,,Utility & Other,Utility & Other,الأدوات والتجارب الأخرى,Dienst & Sonstiges,Utilidad y otras,Utilités et autres,यूटिलिटी और अन्य,Utilitas dan Lainnya,Strumenti e altro,実用・その他,유틸리티 및 기타,Użytkowe i inne,Utilidade e outros,,ยูทิลิตี้และอื่นๆ,Bakım ve Diğer,Tiện Ích & Khác,公共服务与其他,公共服务与其他,實用和其他
Studio.GameSettings.Genre.Label.Game,,,Game,Game,اللعبة,Spiel,Juego,Jeu,गेम,Game,Gioco,ゲーム,게임,Gry,Jogo,,เกม,Oyun,Trò Chơi,游戏,游戏,遊戲
Studio.GameSettings.Genre.Label.Action,,,Action,Action,الحركة والإثارة,Action,Acción,Action,ऐक्शन,Action,Azione,アクション,액션,Akcja,Ação,,แอ็คชัน,Aksiyon,Hành Động,动作,动作,動作
Studio.GameSettings.Genre.Label.Rpg,,,RPG,RPG,تقمّص الشخصيات,RPG,RPG,RPG,RPG,RPG,RPG,RPG,RPG,RPG,RPG,,เกมสวมบทบาท,Rol Yapma Oyunu,RPG,RPG,RPG,角色扮演
Studio.GameSettings.Genre.Label.BattlegroundsAndFighting,,,Battlegrounds & Fighting,Battlegrounds & Fighting,ساحات المعارك والقتال,Kampfarenen & Kämpfen,Campo de batalla y combate,Champs de bataille et combats,लड़ाई का मैदान और लड़ाई,Medan Perang dan Pertarungan,Arene e combattimenti,戦場・戦闘,배틀그라운드 및 격투,Bitwy i walka,Batalha e luta,,สนามรบและการต่อสู้,Savaş Alanları ve Dövüş,Chiến Trường & Chiến Đấu,战场和格斗,战场和格斗,戰場與格鬥
Studio.GameSettings.Genre.Label.OpenWorldAction,,,Open World Action,Open World Action,أكشن في عالم مفتوح,Open World Action,Acción de mundo abierto,Action en monde ouvert,ओपन वर्ल्ड ऐक्शन,Action Dunia Terbuka,Azione Open World,オープンワールドアクション,오픈 월드 액션,Akcja w otwartym świecie,Ação em mundo aberto,,แอ็คชัน Open World,Açık Dünya Aksiyonu,Hành Động Thế Giới mở,开放世界动作,开放世界动作,開放世界動作
Studio.GameSettings.Genre.Label.PveShooter,,,PvE Shooter,PvE Shooter,إطلاق النار في بيئات معادية,PvE Shooter,Shooter JcE (Jugador contra Entorno),Tireur JcE,PvE शूटर,Penembak PvE,Tiratore PvE,プレイヤー対環境射撃,PvE 슈팅,Strzelanki PvE,Tiro JxA,,เกมยิงแบบ PvE,PvE Nişancı,Bắn Súng PvE,PvE 射击,PvE 射击,玩家對抗環境射擊遊戲
Studio.GameSettings.Genre.Label.Adventure,,,Adventure,Adventure,المغامرات,Abenteuer,Aventura,Aventure,एडवेंचर,Petualangan,Avventura,アドベンチャー,어드벤처,Przygodowe,Aventura,,การผจญภัย,Macera,Phiêu Lưu,冒险,冒险,冒險
Studio.GameSettings.Genre.Label.Exploration,,,Exploration,Exploration,الاستكشاف,Erkundung,Exploración,Exploration,एक्सप्लोरेशन,Eksplorasi,Esplorazione,探検,탐험,Odkrywanie,Exploração,,การสำรวจ,Keşif,Thám Hiểm,探索,探索,探索
Studio.GameSettings.Genre.Label.OtherObbyAndPlatformer,,,Other Obby & Platformer,Other Obby & Platformer,تجارب أخرى في مسارات العوائق والمنصات,Sonstiger Obby & Platformer,Otras de Obby y plataforma,Autres obby et platformes,अन्य ऑबी और प्लैटफ़ॉर्मर,Obby dan Platformer Lainnya,Altro in Percorso a ostacoli e piattaforme,その他の障害物アスレ・フリーランニング,기타 오비 및 플랫폼,Z przeszkodami i platformówki – inne,Outros (Obby e plataforma),,อ็อบบี้และแพลตฟอร์มอื่นๆ,Diğer Engel Parkuru ve Platform Oyunu,Obby & Trò Chơi Đi Cảnh Khác,其他障碍跑与平台游戏,其他障碍跑与平台游戏,其他障礙賽與平台遊戲
Studio.GameSettings.Genre.Label.Shooter,,,Shooter,Shooter,إطلاق النار,Shooter,Shooter,Tireur,शूटर,Penembak,Tiratore,射撃,슈팅 게임,Strzelanki,Tiro,,เกมยิง,Nişancı,Bắn Súng,射击,射击,射擊遊戲
Studio.GameSettings.Genre.Label.Hangout,,,Hangout,Hangout,قضاء الوقت في الخارج,Hangout,Pasar el rato,Traîner un peu,हैंगआउट,Hangout,Interazione sociale,集いの場,행아웃,Towarzyskie,Passeios,,แฮงค์เอาท์,Sosyal Buluşma,Giao Lưu,聚会,聚会,聚會
Studio.GameSettings.Genre.Label.ScavengerHunt,,,Scavenger Hunt,Scavenger Hunt,البحث عن الأشياء المخبأة,Schnitzeljagd,Búsqueda del tesoro,Chasse aux trésors,ट्रेज़र हंट,Perburuan Harta Karun,Caccia al tesoro,宝さがし,보물찾기,Polowanie na padlinożerców,Caça ao tesouro,,ล่าสมบัติ,Hazine Avı,Truy Tìm Đồ Vật,寻宝,寻宝,尋寶
Studio.GameSettings.Genre.Label.ChildhoodGame,,,Childhood Game,Childhood Game,ألعاب الطفولة,Kindheitsspiel,Juegos infantiles,Jeu d'enfants,चाइल्डहुड गेम,Game Anak-Anak,Infanzia,子供向けゲーム,추억의 게임,Gry z dzieciństwa,Jogo de infância,,เกมในวัยเด็ก,Çocukluk Oyunları,Trò Chơi Tuổi Thơ,儿童游戏,儿童游戏,兒時遊戲
Studio.GameSettings.Genre.Label.Quiz,,,Quiz,Quiz,اختبارات المعلومات العامة,Quiz,Quiz,Quiz,क्विज़,Kuis,Quiz,クイズ,퀴즈,Quiz,Perguntas e respostas,,แบบทดสอบ,Quiz,Đố Vui,问答比赛,问答比赛,猜題
Studio.GameSettings.Genre.Label.OneVsAll,,,1 vs All,1 vs All,واحد ضد الكل,1 gegen Alle,1 contra todos,1 contre tous,1 vs ऑल,1 lawan Semua,Uno contro tutti,一人対全員,일대다 게임,1 przeciw wszystkim,1 contra todos,,หนึ่งคนต่อทั้งหมด,Herkese Karşı Tek,1 Đấu Tất Cả,一对多,一对多,一對多
Studio.GameSettings.Genre.Label.Story,,,Story,Story,ألعاب مبنية على قصة,Story,Historia,Histoire,स्टोरी,Cerita,Storia,ストーリー,스토리,Fabularne,História,,เรื่องราว,Hikâye,Câu Chuyện,剧情,剧情,故事
Studio.GameSettings.Genre.Label.Survival,,,Survival,Survival,تجارب النجاة,Survival,Supervivencia,Survie,सर्वाइवल,Bertahan Hidup,Sopravvivenza,サバイバル,서바이벌,Survival,Sobrevivência,,เอาชีวิตรอด,Hayatta Kalma,Sinh Tồn,生存,生存,生存
Studio.GameSettings.Genre.Label.RoleplayAndAvatarSim,,,Roleplay & Avatar Sim,Roleplay & Avatar Sim,تقمّص الأدوار والشخصيات عبر الأفاتار,Rollenspiel & Avatarsimulation,Juegos de rol y simulador de avatar,Jeux de rôle et simulation avatar,रोलप्ले और अवतार सिम्युलेशन,Simulasi Role Play dan Avatar,Gioco di ruolo e simulazione di avatar,ロールプレイ・アバターシミュレーション,롤플레이 및 아바타 시뮬레이션,Odgrywanie ról i symulacje z awatarami,Jogo de interpretação de papéis e simulação com avatares,,การสวมบทบาทและการจำลองอวาตาร์,Rol Yapma ve Avatar Simülatörü,Avatar Mô Phỏng & Nhập Vai,角色扮演与虚拟形象模拟,角色扮演与虚拟形象模拟,角色扮演和虛擬人偶模擬
Studio.GameSettings.Genre.Label.DressUp,,,Dress Up,Dress Up,التلبيس والتزيين,Mode,Disfrazarse,Déguisement,ड्रेस अप,Berdandan,Moda,ドレスアップ,드레스업,Przebieranki,Moda,,แต่งตัว,Giydirme,Hóa Trang,换装,换装,打扮
Studio.GameSettings.Genre.Label.PetCare,,,Pet Care,Pet Care,الاعتناء بالحيوانات الأليفة,Haustierpflege,Cuidado de mascotas,Soins pour les animaux de compagnie,पेट-केयर,Perawatan Hewan Peliharaan,Cura di animali,ペットの世話,애완동물 키우기,Opieka nad zwierzętami,Cuidado aos animais,,การดูแลสัตว์เลี้ยง,Evcil Hayvan Bakımı,Chăm Sóc Thú Cưng,宠物护理,宠物护理,寵物照顧
Studio.GameSettings.Genre.Label.Life,,,Life,Life,الحياة الواقعية,Leben,Vida,Vie,लाइफ़,Kehidupan,Vita quotidiana,ライフ,일상,Życie,Vida,,ชีวิต,Yaşam,Đời Sống,生活,生活,生命
Studio.GameSettings.Genre.Label.MorphRoleplay,,,Morph Roleplay,Morph Roleplay,تقمّص الأدوار عبر أفاتار متحول,Morph-Rollenspiel,Juego de rol morfológico,Jeu de rôle morphe,मॉर्फ़ रोलप्ले,Role Play Morph,Gioco di ruolo con figure,変身ロールプレイ,모프 롤플레이,Odgrywanie ról z morfowaniem,Jogo de interpretação de papéis com transformação,,การสวมบทบาทการแปลงร่าง,Morph Rol Yapma,Nhập Vai Biến Hình,变形角色扮演,变形角色扮演,變身角色扮演
Studio.GameSettings.Genre.Label.OtherRoleplayAndAvatarSim,,,Other Roleplay & Avatar Sim,Other Roleplay & Avatar Sim,تجارب أخرى في تقمّص الأدوار والشخصيات عبر الأفاتار,Sonstiges Rollenspiel & Avatarsimulation,Otras de Juegos de rol y simulador de avatar,Autres jeux de rôles et simulation avatar,अन्य रोलप्ले और अवतार सिम्युलेशन,Simulasi Role Play dan Avatar Lainnya,Altro in Gioco di ruolo e simulazione di avatar,その他のロールプレイ・アバターシミュレーション,기타 롤플레이 및 아바타 시뮬레이션,Odgrywanie ról i symulacje z awatarami – inne,Outros (Simuladores de avatar e jogos de interpretação de papéis),,การสวมบทบาทและการจำลองอวาตาร์อื่นๆ,Diğer Rol Yapma ve Avatar Simülatörü,Avatar Mô Phỏng & Nhập Vai Khác,其他角色扮演与虚拟形象模拟,其他角色扮演与虚拟形象模拟,其他角色扮演和虛擬人偶模擬
Studio.GameSettings.Genre.Label.ObbyAndPlatformer,,,Obby & Platformer,Obby & Platformer,مسارات العوائق والمنصات,Obby & Platformer,Obby y plataforma,Obby et plateforme,ऑबी और प्लैटफ़ॉर्मर,Obby dan Platformer,Percorso a ostacoli e piattaforme,障害物アスレ・フリーランニング,오비 및 플랫폼,Z przeszkodami i platformówki,Obby e plataforma,,อ็อบบี้และแพลตฟอร์ม,Engel Parkuru ve Platform Oyunu,Obby & Trò Chơi Đi Cảnh,障碍跑与平台游戏,障碍跑与平台游戏,障礙賽與平台遊戲
Studio.GameSettings.Genre.Label.OtherSocial,,,Other Social,Other Social,تجارب تواصل اجتماعي أخرى,Sonstiges Sozial,Otras de Encuentros sociales,Autres activités sociales,अन्य सोशल,Sosial Lainnya,Altro in Social,その他のソーシャル,기타 소셜,Społecznościowe – inne,Outros (Social),,โซเชียลอื่นๆ,Diğer Sosyal Oyunlar,Xã Hội Khác,其他社交,其他社交,其他社交
Studio.GameSettings.Genre.Label.Runner,,,Runner,Runner,الجري وتخطي العوائق,Runner,Juegos de correr,Coureur,रनर,Runner,Corsa,ランナー,달리기,Bieganie,Correria,,นักวิ่ง,Koşu,Runner,奔跑,奔跑,奔跑
Studio.GameSettings.Genre.Label.TowerObby,,,Tower Obby,Tower Obby,التسلّق وتخطي العوائق,Tower Obby,Obby de torre,Tour obby,टावर ऑबी,Obby Menara,Percorso a ostacoli verticale,タワー障害物アスレ,타워 오비,Wieża z przeszkodami,Obby de torre,,อ็อบบี้หอคอย,Kule Engel Parkuru,Obby Tháp,高塔障碍跑,高塔障碍跑,高塔障礙賽
Studio.GameSettings.Genre.Label.EscapeRoom,,,Escape Room,Escape Room,الهروب من الأماكن,Escape Room,Escape Room,Jeux d'évasion,इस्केप रूम,Kamar Gelap,Escape room,脱出ゲーム,방 탈출,Escape Room,Fuga,,ไขปริศนาเพื่อออกจากห้อง,Kaçış Odası,Trò Chơi Thoát Hiểm,密室逃脱,密室逃脱,密室逃脫
Studio.GameSettings.Genre.Label.PartyAndCasual,,,Party & Casual,Party & Casual,الحفلات والتجارب العفوية,Party & Casual,Equipo y casual,Fête et détente,पार्टी और कैज़ुअल,Pesta dan Kasual,Di tendenza in Party e casual,パーティ系・カジュアル,파티 및 캐주얼,Imprezowe i rekreacyjne,Festa e casual,,ปาร์ตี้และแคชชวล,Takım Tabanlı ve Gündelik,Tổ Đội & Phổ Thông,派对与休闲,派对与休闲,派對和休閒
Studio.GameSettings.Genre.Label.Minigame,,,Minigame,Minigame,جولات الألعاب القصيرة,Minispiel,Minijuegos,Mini-jeux,मिनीगेम,Minigame,Minigioco,ミニゲーム,미니 게임,Minigry,Minijogos,,มินิเกม,Mini Oyun,Trò Chơi Mini,小游戏,小游戏,小遊戲
Studio.GameSettings.Genre.Label.OtherPartyAndCasual,,,Other Party & Casual,Other Party & Casual,حفلات وتجارب عفوية أخرى,Sonstiges Party & Casual,Otras de Equipo y casuales,Autre fête et détente,अन्य पार्टी और कैज़ुअल,Pesta dan Kasual Lainnya,Altro in Party e casual,他のパーティ系・カジュアル,기타 파티 및 캐주얼,Imprezowe i rekreacyjne – inne,Outros (Festa e casual),,ปาร์ตี้และแคชชวลอื่นๆ,Diğer Takım Tabanlı ve Gündelik,Đội Nhóm & Phổ Thông Khác,其他派对与休闲,其他派对与休闲,其他派對和休閒
Studio.GameSettings.Genre.Label.Puzzle,,,Puzzle,Puzzle,الألغاز,Rätsel,Rompecabezas,Puzzle,पज़ल,Puzzle,Puzzle,パズル,퍼즐,Logiczne,Quebra-cabeças,,ปริศนา,Bulmaca,Giải Đố,解谜,解谜,解謎
Studio.GameSettings.Genre.Label.MatchAndMerge,,,Match & Merge,Match & Merge,المطابقة والدمج,Match & Merge,Coincidir y combinar,Match et Fusion,मैच और मर्ज,Mencocokkan dan Menggabungkan,Abbinamento,落ち物パズル,매치 머지 퍼즐,Dopasowywanie i łączenie,Combinar e fundir,,จับคู่และประสาน,Eşleştir ve Birleştir,Ghép Hình,消除与合并,消除与合并,配對和合併
Studio.GameSettings.Genre.Label.OtherPuzzle,,,Other Puzzle,Other Puzzle,ألعاب الألغاز الأخرى,Sonstiges Rätsel,Otras de Rompecabezas,Autres puzzles,अन्य पज़ल,Puzzle Lainnya,Altro in Puzzle,その他のパズル,기타 퍼즐,Logiczne – inne,Outros (Quebra-cabeças),,ปริศนาอื่นๆ,Diğer Bulmaca,Giải Đố Khác,其他解谜,其他解谜,其他解謎
Studio.GameSettings.Genre.Label.ActionRpg,,,Action RPG,Action RPG,تقمّص شخصيات الأكشن,Action RPG,RPG de acción,Action RPG,ऐक्शन RPG,RPG Action,RPG Azione,アクション系RPG,액션 RPG,Akcja RPG,RPG de ação,,เกมสวมบทบาทแบบแอ็คชัน,Aksiyon Rol Yapma Oyunu,RPG Hành Động,动作 RPG,动作 RPG,動作角色扮演
Studio.GameSettings.Genre.Label.OtherSportsAndRacing,,,Other Sports & Racing,Other Sports & Racing,تجارب الرياضات والسباقات الأخرى,Sonstiger Sport & Rennen,Otras de Deportes y carreras,Autres sports et courses,अन्य स्पोर्ट्स और रेसिंग,Olahraga dan Balapan Lainnya,Altro in Sport e corse,他のスポーツ・レース,기타 스포츠 및 레이싱,Inne sportowe i wyścigowe,Outros (Esportes e corrida),,กีฬาและแข่งความเร็วอื่นๆ,Diğer Spor ve Yarış,Thể Thao & Đua Xe Khác,其他运动与竞速,其他运动与竞速,其他運動和競速
Studio.GameSettings.Genre.Label.TurnBasedRpg,,,Turn-based RPG,Turn-based RPG,تقمّص الشخصيات بتناوب الأدوار,Rundenbasiertes RPG,RPG por turnos,RPG à tour de rôle,टर्न-बेस्ड RPG,Turn-based RPG,RPG a turni,ターン制RPG,턴제 RPG,RPG turowe,RPG de turno,,เกมสวมบทบาทแบบผลัดกันเล่น,Sıra Tabanlı Rol Yapma Oyunu,RPG Theo Lượt,回合制 RPG,回合制 RPG,回合制角色扮演
Studio.GameSettings.Genre.Label.OpenWorldAndSurvivalRpg,,,Open World & Survival RPG,Open World & Survival RPG,تقمّص الشخصيات في عالم مفتوح ومهارات البقاء على قيد الحياة,Open World & Survival RPG,Mundo abierto y supervivencia RPG,RPG de survie en monde ouvert,ओपन वर्ल्ड और सर्वाइवल RPG,RPG Dunia Terbuka dan Bertahan Hidup,RPG Open World e sopravvivenza,オープンワールド・サバイバル系RPG,오픈 월드 및 서바이벌 RPG,RPG w otwartym świecie i survivalowe,RPG de mundo aberto e sobrevivência,,Open World และเกมสวมบทบาทแบบเอาชีวิตรอด,Açık Dünya ve Hayatta Kalma Rol Yapma Oyunu,RPG Thế Giới Mở & Sinh Tồn,开放式世界与生存 RPG,开放式世界与生存 RPG,開放世界和生存角色扮演
Studio.GameSettings.Genre.Label.OtherRpg,,,Other RPG,Other RPG,تقمّص شخصيات أخرى,Sonstiges RPG,Otras de RPG,Autres RPG,अन्य RPG,RPG Lainnya,Altro in RPG,その他のRPG,기타 RPG,RPG – inne,Outros (RPG),,เกมสวมบทบาทอื่นๆ,Diğer Rol Yapma Oyunları,RPG Khác,其他 RPG,其他 RPG,其他角色扮演
Studio.GameSettings.Genre.Label.Escape,,,Escape,Escape,تجارب الهروب,Escape,Escape,Évasion,इस्केप,Melarikan Diri,Fuga,脱出,탈출,Escape,Fuga,,หลบหนี,Kaçış,Thoát Hiểm,逃脱,逃脱,逃脫
Studio.GameSettings.Genre.Label.BattleRoyaleShooter,,,Battle Royale,Battle Royale,معارك البقاء حتى النهاية,Battle Royale,Battle Royale,Battle Royale,बैटल रोयाल,Battle Royale,Battle Royale,バトルロイヤル,배틀 로열,Battle royale,Battle Royale,,Battle Royale,Battle Royale,Đấu Súng Sinh Tồn,大逃杀,大逃杀,大逃殺
Studio.GameSettings.Genre.Label.DeathmatchShooter,,,Deathmatch Shooter,Deathmatch Shooter,إطلاق النار لإقصاء الخصوم,Deathmatch Shooter,Shooter de combate a muerte,Tireur match à mort,डेथमैच शूटर,Penembak Deathmatch,Sparatutto mortale,射撃デスマッチ,데스매치 슈팅,Strzelanki deathmatch,Tiro Mata-mata,,เกมยิงแบบ Deathmatch,Ölüm Maçı Nişancı Oyunları,Bắn Súng Ám Sát,死亡竞赛射击,死亡竞赛射击,死亡競賽射擊遊戲
Studio.GameSettings.Genre.Label.OtherShooter,,,Other Shooter,Other Shooter,تجارب إطلاق نار أخرى,Sonstiger Shooter,Otras de Shooter,Autre tireur,अन्य शूटर,Penembak Lainnya,Altro in Tiratore,その他の射撃,기타 슈팅,Strzelanki – inne,Outros (Tiro),,เกมยิงอื่นๆ,Diğer Nişancı,Bắn Súng Khác,其他射击,其他射击,其他射擊遊戲
Studio.GameSettings.Genre.Label.Simulation,,,Simulation,Simulation,المحاكاة,Simulation,Simulación,Simulation,सिम्युलेशन,Simulasi,Simulazione,シミュレーション,시뮬레이션,Symulacje,Simulação,,การจำลอง,Simülasyon,Mô Phỏng,模拟,模拟,模擬
Studio.GameSettings.Genre.Label.VehicleSim,,,Vehicle Sim,Vehicle Sim,محاكاة المركَبات,Fahrzeug-Sim,Simulador de vehículos,Simulation véhicule,व्हीकल सिम्युलेशन,Simulasi Kendaraan,Simulazione di veicoli,乗り物シミュレータ,차량 시뮬레이션,Symulacje samochodowe,Simulação de veículos,,การจำลองยานพาหนะ,Araç Simülasyonu,Mô Phỏng Xe,汽车模拟,汽车模拟,車輛模擬
Studio.GameSettings.Genre.Label.PhysicsSim,,,Physics Sim,Physics Sim,محاكاة الآثار الفيزيائية,Physik-Sim,Simulador de física,Simulation en physique,फ़िज़िक्स सिम्युलेशन,Simulasi Fisika,Simulazione di fisica,物理シミュレータ,물리 시뮬레이션,Symulacje fizyczne,Simulação de física,,การจำลองฟิสิกส์,Fizik Simülasyonu,Mô Phỏng Vật Lý,物理模拟,物理模拟,物理模擬
Studio.GameSettings.Genre.Label.IncrementalSimulator,,,Incremental Simulator,Incremental Simulator,محاكي التقدم التراكمي,Clicker-Sim,Simulador incremental,Simulateur incrémental,इन्क्रीमेंटल सिम्युलेटर,Simulasi Inkremental,Simulatore incrementale,放置系,증분 시뮬레이터,Symulacje przyrostowe,Simulação incremental,,การจำลองแบบเพิ่มขึ้น,Kademeli Simülatör,Trò Chơi Chạm/Nhấn Liên Tục,增量模拟器,增量模拟器,增量模擬器
Studio.GameSettings.Genre.Label.Idle,,,Idle,Idle,الخمول,Idle-Game,Inactivo,Inactif,आइडिल,Diam,Inattività,放置系,방치형 게임,Idle,Inativo,,การอยู่นิ่ง,Boşta Durma Oyunları,Game Rảnh Tay,放置,放置,放置
Studio.GameSettings.Genre.Label.Sandbox,,,Sandbox,Sandbox,بيئات الإبداع,Sandbox,Mundo abierto,Bac à sable,सैंडबॉक्स,Sandbox,Area test,サンドボックス,샌드박스,Piaskownica,Sandbox,,แซนด์บ็อกซ์,Sandbox,Sandbox,沙盒,沙盒,沙盒
Studio.GameSettings.Genre.Label.Strategy,,,Strategy,Strategy,تجارب استراتيجية,Strategie,Estrategia,Stratégie,स्ट्रेटेजी,Strategi,Strategia,戦略,전략,Strategiczne,Estratégia,,กลยุทธ์,Strateji,Chiến Lược,策略,策略,策略
Studio.GameSettings.Genre.Label.OtherSimulation,,,Other Simulation,Other Simulation,تجارب محاكاة أخرى,Sonstige Simulation,Otras de Simulación,Autre simulation,अन्य सिम्युलेशन,Simulasi Lainnya,Altro in Simulazione,その他のシミュレーション,기타 시뮬레이션,Symulacje – inne,Outros (Simulação),,การจำลองอื่นๆ,Diğer Simülasyon,Mô Phỏng Khác,其他模拟,其他模拟,其他模擬
Studio.GameSettings.Genre.Label.SportsAndRacing,,,Sports & Racing,Sports & Racing,الرياضات والسباقات,Sport & Rennen,Deportes y carreras,Sports et courses,स्पोर्ट्स और रेसिंग,Olahraga dan Balapan,Sport e corse,スポーツ・レース,스포츠 및 레이싱,Sportowe i wyścigowe,Esportes e corrida,,กีฬาและการแข่งความเร็ว,Spor ve Yarış,Thể Thao & Đua Xe,运动与竞速,运动与竞速,運動和競速
Studio.GameSettings.Genre.Label.Sports,,,Sports,Sports,الرياضات,Sport,Deportes,Sports,स्पोर्ट्स,Olahraga,Sport,スポーツ,스포츠,Sportowe,Esportes,,กีฬา,Spor,Thể Thao,运动,运动,運動
Studio.GameSettings.Genre.Label.BoardAndCardGames,,,Board & Card Games,Board & Card Games,ألعاب الألواح والبطاقات,Brett- & Kartenspiele,Juegos de tableros y cartas,Jeux de cartes et de société,बोर्ड और कार्ड गेम्स,Board Game dan Kartu,Giochi da tavolo e di carte,ボード・カードゲーム,보드·카드 게임,Gry planszowe i karciane,Jogos de carta e tabuleiro,,เกมกระดานและเกมการ์ด,Masa ve Kart Oyunları,Cờ Bàn & Đánh Bài,桌游与卡牌游戏,桌游与卡牌游戏,桌遊和卡牌遊戲
Studio.GameSettings.Genre.Label.OtherStrategy,,,Other Strategy,Other Strategy,تجارب استراتيجية أخرى,Sonstige Strategie,Otras de Estrategia,Autre stratégie,अन्य स्ट्रेटेजी,Strategi Lainnya,Altro in Strategia,その他の戦略,기타 전략,Strategiczne – inne,Outros (Estratégia),,กลยุทธ์อื่นๆ,Diğer Strateji,Chiến Lược Khác,其他策略,其他策略,其他策略
Studio.GameSettings.Genre.Label.OtherSurvival,,,Other Survival,Other Survival,تجارب النجاة الأخرى,Sonstiges Survival,Otras de Supervivencia,Autre survie,अन्य सर्वाइवल,Bertahan Hidup Lainnya,Altro in Sopravvivenza,その他のサバイバル,기타 서바이벌,Survival – inne,Outros (Sobrevivência),,เอาชีวิตรอดอื่นๆ,Diğer Hayatta Kalma Oyunları,Sinh Tồn Khác,其他生存,其他生存,其他生存
Studio.GameSettings.Genre.Label.OtherShopping,,,Other Shopping,Other Shopping,تجارب تسوّق أخرى,Sonstiges Shopping,Otras de Compras,Autre shopping,अन्य शॉपिंग,Belanja Lainnya,Altro in Shopping,その他のショッピング,기타 쇼핑,Zakupowe – inne,Outros (Compras),,ช็อปปิ้งอื่นๆ,Diğer Alışveriş Oyunları,Mua Sắm Khác,其他购物,其他购物,其他購物
Studio.GameSettings.Genre.Label.Social,,,Social,Social,تجارب التواصل الاجتماعي,Sozial,Social,Social,सोशल,Sosial,Sociale,通信・社交,소셜,Społecznościowe,Social,,โซเชียล,Sosyal,Xã Hội,社交,社交,社交
Studio.GameSettings.Genre.Label.ContentSharing,,,Content Sharing,Content Sharing,مشاركة المحتوى,Teilen von Inhalten,Compartir contenido,Partage de contenu,कॉन्टेंट शेयरिंग,Berbagi Konten,Condivisione di contenuti,コンテンツ共有,콘텐츠 공유,Udostępnianie treści,Compartilhamento de conteúdo,,แชร์เนื้อหา,İçerik Paylaşma,Chia Sẻ Nội Dung,内容分享,内容分享,內容分享
Studio.GameSettings.Genre.Label.Communication,,,Communication,Communication,التواصل,Kommunikation,Comunicación,Communication,कम्यूनिकेशन,Komunikasi,Comunicazione,通信,커뮤니케이션,Komunikacja,Comunicação,,การสื่อสาร,İletişim,Giao Tiếp,交流,交流,通訊
Studio.GameSettings.General.CreatorHubManageLink,,,Manage on Creator Hub,Manage on Creator Hub,الإدارة في مركز المصمم,Im Creator Hub verwalten,Gestionar en el Centro de creación,Gérer dans le Hub création,Creator Hub पर मैनेज करें,Kelola di Pusat Kreator,Gestisci sull'Hub Creatore,クリエーターハブで管理,크리에이터 허브에서 관리하기,Zarządzaj w Centrum twórców,Gerenciar na Central de Criadores,,จัดการในศูนย์กลางครีเอเตอร์,Yaratıcı Merkezi'nde yönet,Quản lý trên Trung Tâm Nhà Sáng Tạo,,,在創作者中心進行管理
Studio.GameSettings.Monetization.RewardedAdsSubtextLink,,,Learn more.,Learn more.,تعرَّف على المزيد.,Mehr erfahren.,Aprender más.,En savoir plus.,ज़्यादा जानें.,Pelajari selengkapnya.,Maggiori informazioni.,もっと詳しく。,자세한 정보.,Dowiedz się więcej.,Saiba mais.,,เรียนรู้เพิ่มเติม,Daha fazla bilgi edin.,Tìm hiểu thêm.,,,深入了解。
Studio.GameSettings.Input.NumberErrorAbove,,,Please enter a number that is at least {minRange:int}.,Please enter a number that is at least {minRange:int}.,يُرجى إدخال رقم لا يقل عن {minRange:int}.,"Bitte gib eine Zahl ein, die mindestens {minRange:int} ist.",Ingresa un número que sea al menos {minRange:int}.,Entrer un nombre qui est au moins {minRange:int}.,"कृपया कोई ऐसा नंबर डालें, जो कम-से-कम {minRange:int} हो.","Masukkan angka, minimal {minRange:int}.",Inserisci un numero non inferiore a {minRange:int}.,{minRange:int} 以上の数字を入力してください。,{minRange:int} 이상의 숫자를 입력하세요.,Wprowadź liczbę nie mniejszą od {minRange:int}.,"Por favor, insira um número que seja pelo menos {minRange:int}.",,โปรดกรอกตัวเลขอย่างน้อย {minRange:int} ตัว,Lütfen en az {minRange:int} olacak şekilde bir sayı gir.,Vui lòng nhập một số có giá trị tối thiểu là {minRange:int}.,请输入最小为 {minRange:int} 的一个数字。,请输入最小为 {minRange:int} 的一个数字。,請輸入 {minRange:int} 以上的數字。
Studio.GameSettings.Input.NumberErrorBelow,,,Please enter a number up to {maxRange:int}.,Please enter a number up to {maxRange:int}.,يُرجى إدخال رقم لا يتجاوز {maxRange:int}.,Bitte gib eine Zahl bis {maxRange:int} ein.,Ingresa un número hasta {maxRange:int}.,Entrer un nombre jusqu'à {maxRange:int}.,कृपया {maxRange:int} तक का कोई नंबर डालें.,"Masukkan angka, maksimal {maxRange:int}.",Inserisci un numero non superiore a {maxRange:int}.,{maxRange:int} 以下の数字を入力してください。,{maxRange:int} 이하의 숫자를 입력하세요.,Wprowadź liczbę nie większą od {maxRange:int}.,Insira um número até {maxRange:int}.,,โปรดกรอกตัวเลขสูงสุดไม่เกิน {maxRange:int} ตัว,Lütfen en çok {maxRange:int} olacak şekilde bir sayı gir.,Vui lòng nhập một số có giá trị tối đa là {maxRange:int}.,请输入最大为 {maxRange:int} 的一个数字。,请输入最大为 {maxRange:int} 的一个数字。,請輸入 {maxRange:int} 以下的數字。
Studio.GameSettings.Input.NumberErrorBetween,,,Please enter a number between {minRange:int} and {maxRange:int}.,Please enter a number between {minRange:int} and {maxRange:int}.,يُرجى إدخال رقم بين {minRange:int} و{maxRange:int}.,Bitte gib eine Zahl zwischen {minRange:int} und {maxRange:int} ein.,Ingresa un número entre {minRange:int} y {maxRange:int}.,Saisir un nombre compris entre {minRange:int} et {maxRange:int}.,कृपया {minRange:int} और {maxRange:int} के बीच का कोई नंबर डालें.,Masukkan angka antara {minRange:int} dan {maxRange:int}.,Inserisci un numero compreso tra {minRange:int} e {maxRange:int}.,{minRange:int} から {maxRange:int} までの数字を入力してください。,{minRange:int}에서 {maxRange:int} 사이의 숫자를 입력하세요.,Wprowadź liczbę z zakresu {minRange:int}–{maxRange:int}.,Insira um número entre {minRange:int} e {maxRange:int}.,,โปรดกรอกตัวเลขระหว่าง {minRange:int} ถึง {maxRange:int},Lütfen {minRange:int} ile {maxRange:int} arasında bir sayı gir.,Vui lòng nhập một số từ {minRange:int} đến {maxRange:int}.,请输入 {minRange:int} 至 {maxRange:int} 之间的数字。,请输入 {minRange:int} 至 {maxRange:int} 之间的数字。,請輸入 {minRange:int} 到 {maxRange:int} 之間的數字。
Studio.GameSettings.General.PlayabilityConnections,,,Connections,Connections,جهات التواصل,Connections,Conexiones,Connexions,कनेक्शंस,Koneksi,Contatti,つながり,인맥,Znajomi,Conexões,,คนรู้จัก,Bağlantılar,Người quen,,,聯絡對象
Studio.GameSettings.General.PlayabilityConnectionsDesc,,,Connections on Roblox,Connections on Roblox,جهات التواصل على Roblox,Connections auf Roblox,Conexiones en Roblox,Connexions sur Roblox,Roblox पर कनेक्शंस,Koneksi di Roblox,Contatti su Roblox,Robloxでのつながり,Roblox에서의 인맥,Znajomi na Robloxie,Conexões na Roblox,,คนรู้จักใน Roblox,Roblox'taki bağlantılar,Người quen trên Roblox,,,Roblox 上的聯絡對象
Studio.GameSettings.Places.CustomizeSlotsDescriptionConnections,,,Connections are more likely to join players in your game if you reserve slots.,Connections are more likely to join players in your game if you reserve slots.,من المرجح أن تنضم جهات التواصل إلى اللاعبين في لعبتك إذا حجزت مواضع لهم.,"Connections treten Spielern in deinem Spiel mit höherer Wahrscheinlichkeit bei, wenn du Slots reservierst.",Es más probable que las conexiones se unan a los jugadores de tu juego si reservas espacios.,Les connexions sont plus susceptibles de rejoindre les joueurs dans ton jeu si tu réserves des créneaux.,"अगर स्लॉट रिज़र्व किए जाते हैं, तो आपके कनेक्शंस की आपके गेम में खिलाड़ियों से जुड़ने की संभावना ज़्यादा हो जाएगी.",Memesan slot akan memperbesar kemungkinan Koneksi bergabung dengan pemain di game-mu.,"Riservando gli slot, i contatti saranno più propensi a unirsi al tuo gioco.",スロットを予約すると、つながっている人があなたのゲーム上のプレイヤーと一緒に参加する可能性が高くなります。,슬롯을 예약하면 플레이어가 내 게임에서 인맥과 합류할 수 있는 가능성이 높아집니다.,"Znajomi chętniej dołączą do graczy w Twojej grze, jeśli zarezerwujesz miejsca.",É mais provável que as conexões se juntem aos jogadores em seu jogo se você reservar um espaço.,,คนรู้จักมีแนวโน้มที่จะเข้าร่วมกับผู้เล่นในเกมของคุณมากขึ้น หากคุณจองที่ไว้,Bağlantılarına belirli zaman aralıklarını ayırırsan oyuncu olarak oyununa katılma olasılıkları yükselir.,Người quen sẽ có thêm cơ hội tham gia vào trò chơi của bạn nếu bạn dành riêng chỗ trống cho họ.,,,如果你預留空位，聯絡對象更有可能加入你的遊戲成為玩家。
Studio.GameSettings.General.CreatorRestrictionDeepLink,,,Configure on Creator Hub,Configure on Creator Hub,,Im Creator Hub konfigurieren,Configurar en Centro de creación,Configurer sur le Hub Création,Creator Hub पर कॉन्फ़िगर करें,Konfigurasikan di Pusat Kreator,Configura sull'Hub Creatore,クリエーターハブで設定,크리에이터 허브에서 구성,Skonfiguruj w Centrum twórców,Configurar na Central de Criadores,,กำหนดค่าในศูนย์กลางครีเอเตอร์,Yaratıcı Merkezi'nde yapılandır,Định cấu hình trong Trung tâm nhà sáng tạo,,,在創作者中心設定
Studio.GameSettings.General.TitleCreatorRestriction,,,Creator Restrictions,Creator Restrictions,,Creator-Einschränkungen,Restricciones de creador,Restrictions du créateur,क्रिएटर पर लगी पाबंदियाँ,Pembatasan Kreator,Restrizioni del creatore,,크리에이터 제한,Ograniczenia twórcy,Restrições do criador,,ข้อจำกัดของครีเอเตอร์,Yaratıcı Kısıtlamaları,Hạn chế dành cho Nhà sáng tạo,,,創作者限制
Studio.GameSettings.Security.EnableClientTeleports,,,Allow Client Side Teleports,Allow Client Side Teleports,,Client-seitige Teleportationen zulassen,Permite teletransportes del cliente,Activer les téléports côté client,क्लाइंट साइड टेलीपोर्ट की अनुमति दें,Izinkan Teleportasi Sisi Klien,Consenti il teletrasporto lato client,クライアント側のテレポートを有効化,클라이언트 측 텔레포트 허용,Zezwalaj na teleporty po stronie klienta,Habilitar teletransporte lateral do cliente,,อนุญาตให้เทเลพอร์ตฝั่งไคลเอ็นต์,İstemci Tarafında Işınlanmaya İzin Ver,Cho phép dịch chuyển trên máy khách,,,允許用戶端傳送
Studio.GameSettings.Security.EnableClientTeleportsDescription,,,Teleports can be initiated from local scripts. Disabling the setting ensures only server scripts can initiate teleports. Migrate any client-side teleports before disabling. [link].,Teleports can be initiated from local scripts. Disabling the setting ensures only server scripts can initiate teleports. Migrate any client-side teleports before disabling. [link].,,"Teleports können von lokalen Skripten aus initiiert werden. Durch Deaktivieren der Einstellung wird sichergestellt, dass nur Server-Skripte Teleports initiieren können. Migriere alle Client-seitigen Teleports, bevor du sie deaktivierst. [Link].",Los teletransportes pueden iniciarse desde scripts locales. Deshabilitar la configuración asegura que solo los scripts del servidor pueden iniciarlos. Migrar cualquier teletransporte del lado del cliente antes de desactivar. [link].,Les téléportations peuvent être initiées à partir de scripts locaux. La désactivation du paramètre garantit que seuls les scripts du serveur peuvent initier des téléportations. Migrer les téléportations côté client avant de le désactiver. [link].,लोकल स्क्रिप्ट से टेलीपोर्ट शुरू किए जा सकते हैं. सेटिंग को बंद करना सुनिश्चित करता है कि सिर्फ़ सर्वर स्क्रिप्ट टेलीपोर्ट शुरू कर सकती हैं. बंद करने से पहले किसी भी क्लाइंट-साइड टेलीपोर्ट को माइग्रेट करें. [link].,Teleportasi dapat dimulai dari skrip lokal. Menonaktifkan pengaturan ini memastikan hanya skrip server yang dapat memulai teleportasi. Migrasikan teleportasi sisi klien sebelum menonaktifkan. [link].,"Il teletrasporto può essere avviato da script locali. Disabilitando l'impostazione, solo gli script del server potranno avviarlo. Migra tutti i teletrasporti lato client prima di disabilitarli. [link].",テレポートはローカルスクリプトから発動できます。設定を無効にすると、サーバースクリプトだけがテレポートを発動できます。無効にする前にクライアント側のテレポートをすべて移行してください。 [link],텔레포트는 로컬 스크립트에서 시작할 수 있습니다. 이 설정을 비활성화하면 서버 스크립트만이 텔레포트를 시작할 수 있게 됩니다. 비활성화하기 전에는 클라이언트 측 텔레포트를 마이그레이션하세요. [링크].,"Teleportacja może być inicjowana z poziomu skryptów lokalnych. Wyłączenie tej opcji sprawi, że tylko skrypty serwerowe będą mogły uruchamiać teleportację. Przenieś wszystkie teleporty po stronie klienta przed wyłączeniem tej opcji. [link].",Teletransportes podem ser iniciados a partir de scripts locais. A desativação da configuração garante que apenas os scripts do servidor possam iniciar teletransportes. Migre quaisquer teletransportadores do lado do cliente antes de desativar. [link].,,การเทเลพอร์ตสามารถเริ่มต้นได้จากสคริปต์ในเครื่องไคลเอ็นต์ การปิดใช้งานการตั้งค่านี้จะทำให้มั่นใจได้ว่าการเริ่มเทเลพอร์ตต้องใช้เพียงสคริปต์ของเซิร์ฟเวอร์เท่านั้น โปรดย้ายการเทเลพอร์ตฝั่งไคลเอ็นต์ก่อนปิดใช้งาน [ลิงก์],"Işınlanma yerel komut dosyalarından başlatılabilir. Ayarın devre dışı bırakılması, yalnızca sunucu komut dosyalarının ışınlanma başlatabilmesini sağlar. Devre dışı bırakmadan önce istemci tarafındaki ışınlanmaları taşı. [link].",Lệnh dịch chuyển có thể được khởi tạo từ tập lệnh cục bộ. Việc tắt cài đặt này sẽ đảm bảo chỉ tập lệnh máy chủ mới có thể khởi tạo dịch chuyển. Hãy chuyển đổi các lệnh dịch chuyển đang chạy ở phía máy khách sang máy chủ trước khi vô hiệu hóa. [link].,,,傳送可從本機指令碼啟動。停用設定可確保只有伺服器指令碼可以啟動傳送。停用前，請遷移任何用戶端傳送。[連結]。
Studio.GameSettings.Security.SecretNameLabel,,,Name,Name,,Name,Nombre,Nom,नाम,Nama,Nome,名前,이름,Nazwa,Nome,,ชื่อ,Ad,Tên,,,名稱
Studio.GameSettings.Security.SecretValueLabel,,,Value,Value,,Wert,Valor,Valeur,वैल्यू,Nilai,Valore,値,값,Wartość,Valor,,ค่า,Değer,Giá trị,,,價值
Studio.GameSettings.Security.SecretDomainLabel,,,Domain,Domain,,Domain,Dominio,Domaine,डोमेन,Domain,Dominio,ドメイン,도메인,Domena,Domínio,,โดเมน,Alan adı,Miền,,,網域
Studio.GameSettings.Security.ErrorSecretNameCannotBeEmpty,,,Secret name cannot be empty.,Secret name cannot be empty.,,Der Secret Name darf nicht leer sein.,El nombre secreto no puede estar vacío.,Le nom secret ne peut pas être vide.,सीक्रेट नाम वाला फ़ील्ड खाली नहीं हो सकता.,Nama rahasia tidak boleh kosong.,Il nome del segreto non può essere vuoto.,秘密の名前は空白にできません。,보안 비밀 이름은 비워둘 수 없습니다.,Nazwa obiektu tajnego nie może być pusta.,O nome do segredo não pode estar vazio.,,ต้องระบุชื่อข้อมูลลับ,Gizli ad boş olamaz.,Không được để trống tên bí mật.,,,秘密名稱不可空白。
Studio.GameSettings.Security.ErrorSecretNameTooLong,,,Secret name cannot be longer than 256 characters.,Secret name cannot be longer than 256 characters.,,Der Secret Name darf nicht länger als 256 Zeichen sein.,El nombre secreto no puede tener más de 256 caracteres.,Le nom secret ne peut pas contenir plus de 256 caractères.,सीक्रेट नाम में 256 से ज़्यादा वर्ण नहीं हो सकते.,Nama rahasia tidak boleh lebih dari 256 karakter.,Il nome del segreto non può superare i 256 caratteri.,秘密の名前は最大256文字までです。,보안 비밀 이름은 256자를 초과할 수 없습니다.,Nazwa obiektu tajnego nie może być dłuższa niż 256 znaków.,O nome do segredo não pode ter mais de 256 caracteres.,,ชื่อข้อมูลลับต้องมีความยาวไม่เกิน 256 อักขระ,Gizli ad 256 karakterden uzun olamaz.,Tên bí mật không được dài hơn 256 ký tự.,,,秘密名稱不可超過 256 個字元。
Studio.GameSettings.ErrorSecretNameNotAvailable,,,Secret name has been used.,Secret name has been used.,,Der Secret Name wird bereits verwendet.,Se utilizó el nombre secreto.,Le nom secret a été utilisé.,सीक्रेट नाम का इस्तेमाल कर लिया गया है.,Nama rahasia telah digunakan.,Questo nome del segreto è già in uso.,秘密の名前はすでに使用されています。,사용된 보안 비밀 이름입니다.,Ta nazwa obiektu tajnego jest już używana.,O nome do segredo já foi usado.,,มีชื่อข้อมูลลับนี้อยู่แล้ว,Gizli ad kullanıldı.,Tên bí mật đã được sử dụng.,,,秘密名稱已被使用。
Studio.GameSettings.Security.ErrorSecretNameNotAvailable,,,Secret name has been used.,Secret name has been used.,,Der Secret Name wird bereits verwendet.,Se utilizó el nombre secreto.,Le nom secret a été utilisé.,सीक्रेट नाम का इस्तेमाल कर लिया गया है.,Nama rahasia telah digunakan.,Questo nome del segreto è già in uso.,秘密の名前はすでに使用されています。,사용된 보안 비밀 이름입니다.,Ta nazwa obiektu tajnego jest już używana.,O nome do segredo foi usado.,,มีชื่อข้อมูลลับนี้อยู่แล้ว,Gizli ad kullanıldı.,Tên bí mật đã được sử dụng.,,,秘密名稱已被使用。
Studio.GameSettings.Security.ErrorDomainNameCannotBeEmpty,,,Domain cannot be empty.,Domain cannot be empty.,,Domain darf nicht leer sein.,El dominio no puede estar vacío.,Le domaine ne peut pas être vide.,डोमेन वाला फ़ील्ड खाली नहीं हो सकता.,Domain tidak boleh kosong.,Il dominio non può essere vuoto.,ドメインは空欄にできません。,도메인은 비워둘 수 없습니다.,Domena nie może być pusta.,O domínio não pode estar vazio.,,ต้องระบุโดเมน,Alan adı boş olamaz.,Không được để trống tên miền.,,,網域不可空白。
Studio.GameSettings.Security.ErrorDomainNameTooLong,,,Domain name cannot be longer than 1024 characters.,Domain name cannot be longer than 1024 characters.,,Der Domainname darf nicht länger als 1.024 Zeichen sein.,El nombre de dominio no puede tener más de 1024 caracteres.,Le nom de domaine ne peut pas contenir plus de 1024 caractères.,डोमेन नाम में 1024 से ज़्यादा कैरेक्टर नहीं हो सकते.,Nama domain tidak boleh lebih dari 1024 karakter.,Il nome del dominio non può superare i 1024 caratteri.,ドメイン名は最大1024文字までです。,도메인 이름은 1024자를 초과할 수 없습니다.,Nazwa domeny nie może być dłuższa niż 1024 znaki.,O nome do domínio não pode ter mais de 1024 caracteres.,,ชื่อโดเมนต้องมีความยาวไม่เกิน 1024 อักขระ,Alan adı 1024 karakterden uzun olamaz.,Tên miền không được dài hơn 1024 ký tự.,,,網域名稱不可超過 1024 個字元。
Studio.GameSettings.Security.TitleUnsavedChanges,,,Unsaved Changes,Unsaved Changes,,Nicht gespeicherte Änderungen,Cambios sin guardar,Changements non sauvegardés,बदलाव सेव नहीं किए गए हैं,Perubahan Belum Disimpan,Modifiche non salvate,未保存の変更内容,저장되지 않은 변경 사항,Niezapisane zmiany,Alterações não salvas,,การเปลี่ยนแปลงที่ยังไม่ได้บันทึก,Kaydedilmemiş Değişiklikler,Thay đổi chưa lưu,,,未儲存的變更
Studio.GameSettings.Security.TextInputErrors,,,"You have errors in your input. If you go back now, your changes will be discarded. Do you want to continue?","You have errors in your input. If you go back now, your changes will be discarded. Do you want to continue?",,"Deine Eingabe enthält Fehler. Wenn du jetzt zurückgehst, werden deine Änderungen verworfen. Möchtest du fortfahren?","Tienes errores en tu entrada. Si regresas ahora, tus cambios serán descartados. ¿Quieres continuar?","Tes données sont erronées. Si tu reviens en arrière maintenant, tes modifications ne seront pas prises en compte. Veux-tu continuer ?","आपके इनपुट में गड़बड़ियाँ हैं. अभी वापस जाने पर, आपके बदलाव सेव नहीं होंगे. क्या आपको जारी रखना है?","Ada kesalahan dalam inputmu. Jika kamu kembali sekarang, perubahanmu akan dihapus. Kamu ingin melanjutkan?",L'input contiene degli errori. Tornando indietro perderai le modifiche effettuate. Vuoi continuare?,入力にエラーがあります。戻ると変更内容は破棄されます。続けますか？,입력한 내용에 오류가 있습니다. 지금 뒤로 가면 변경 사항이 폐기됩니다. 계속할까요?,"Wprowadzone dane zawierają błędy. Jeśli teraz przejdziesz wstecz, zmiany zostaną odrzucone. Czy chcesz kontynuować?","Você tem erros na sua entrada. Se você voltar agora, suas alterações serão descartadas. Você quer continuar?",,ข้อมูลที่คุณป้อนมีข้อผิดพลาด หากย้อนกลับตอนนี้ การเปลี่ยนแปลงจะถูกยกเลิก ต้องการดำเนินการต่อหรือไม่?,Girdiğin bilgide hatalar var. Şimdi geri dönersen değişikliklerin silinecek. Devam etmek istiyor musun?,"Thông tin bạn nhập có lỗi. Nếu bạn quay lại vào lúc này, các thay đổi của bạn sẽ bị xóa. Bạn có muốn tiếp tục không?",,,你輸入的內容有誤。如果現在返回，你的變更會被捨棄。確定繼續？
Studio.GameSettings.Security.TitleEditSecret,,,Edit Secret,Edit Secret,,Secret bearbeiten,Editar secreto,Modifier le secret,सीक्रेट एडिट करें,Edit Rahasia,Modifica segreto,秘密を編集,보안 비밀 편집,Edytuj obiekt tajny,Editar segredo,,แก้ไขข้อมูลลับ,Gizli değeri düzenle,Chỉnh sửa bí mật,,,編輯秘密
Studio.GameSettings.Security.TextEditSecret,,,"You are editing a draft. Your changes won't be saved until you click Back, then Save.","You are editing a draft. Your changes won't be saved until you click Back, then Save.",,"Du bearbeitest einen Entwurf. Deine Änderungen werden erst gespeichert, wenn du auf Zurück und dann auf Speichern klickst.","Estás editando un borrador. Tus cambios no se guardarán hasta que hagas clic en Volver, luego Guardar.","Tu es en train de modifier un brouillon. Tes modifications ne seront pas enregistrées tant que tu n'auras pas cliqué sur Retour, puis sur Enregistrer.",आप ड्राफ़्ट एडिट कर रहे हैं. पहले 'वापस जाएँ' और फिर 'सेव करें' पर क्लिक करने के बाद ही आपके बदलाव सेव होंगे. ,"Kamu sedang mengedit draf. Perubahanmu tidak akan disimpan sampai kamu mengeklik Kembali, lalu Simpan.",Stai modificando una bozza. Per salvare le modifiche sarà necessario cliccare su Indietro e poi su Salva.,,초안을 편집하고 있습니다. '뒤로'를 클릭한 뒤 저장할 때까지 변경 사항이 저장되지 않습니다.,"Edytujesz wersję roboczą. Zmiany nie zostaną zapisane, dopóki nie klikniesz przycisku Wstecz, a następnie Zapisz.","Você está editando um rascunho. Suas alterações não serão salvas até que você clique em voltar, e então salve.",,คุณกำลังแก้ไขฉบับร่าง การเปลี่ยนแปลงจะไม่ถูกบันทึกจนกว่าคุณจะคลิกย้อนกลับ จากนั้นคลิกบันทึก,Bir taslağı düzenliyorsun. Geri'ye ve ardından Kaydet'e tıklayana kadar değişikliklerin kaydedilmeyecek.,Bạn đang chỉnh sửa bản nháp. Thay đổi của bạn sẽ chưa được lưu cho đến khi bạn nhấp chuột vào Quay lại rồi chọn Lưu.,,,你正在編輯草稿。若要儲存變更，按一下「返回」，接著再按一下「儲存」。
Studio.GameSettings.Security.SecretNewValueLabel,,,New Value,New Value,,Neuer Wert,Nuevo valor,Nouvelle valeur,नई वैल्यू,Nilai Baru,Nuovo valore,新しい値,새 값,Nowa wartość,Novo valor,,ค่าใหม่,Yeni Değer,Giá trị mới,,,新增價值
Studio.GameSettings.General.ButtonDelete,,,Delete,Delete,,Löschen,Eliminar,Supprimer,डिलीट करें,Hapus,Elimina,削除,삭제,Usuń,Excluir,,ลบ,Sil,Xóa,,,刪除
Studio.GameSettings.Security.PlaceholderTextSecretNewValueInput,,,Enter new secret value,Enter new secret value,,Neuen Wert für das Secret eingeben,Introduce un nuevo valor secreto,Entrer une nouvelle valeur secrète,नई सीक्रेट वैल्यू डालें,Masukkan nilai rahasia baru,Inserisci un nuovo valore del segreto,新しい秘密の値を入力,새 보안 비밀 값 입력,Wprowadź nową wartość obiektu tajnego,Digite o novo valor do secreto,,ใส่ค่าข้อมูลลับใหม่,Yeni gizli değeri gir,Nhập giá trị bí mật mới,,,輸入新的秘密價值
Studio.GameSettings.Security.BottomTextSecretNewValueInput,,,"Leave this field empty to keep the current value. Enter ""<blank>"" without quotes to save an empty value.","Leave this field empty to keep the current value. Enter ""<blank>"" without quotes to save an empty value.",,"Lass dieses Feld leer, um den aktuellen Wert beizubehalten. Gib ""<blank>"" ohne Anführungszeichen ein, um einen leeren Wert zu speichern.","Deja este campo vacío para mantener el valor actual. Introduce ""<blank>"" sin comillas para guardar un valor vacío.","Laisser ce champ vide pour conserver la valeur actuelle. Entrer ""<blank>"" sans guillemets pour enregistrer une valeur vide.","मौजूदा वैल्यू रखने के लिए इस फ़ील्ड को खाली छोड़ दें. खाली वैल्यू को सेव करने के लिए, कोट के बिना ""<blank>"" डालें.","Biarkan bidang ini kosong untuk mempertahankan nilai saat ini. Masukkan ""<blank>"" tanpa tanda kutip untuk menyimpan nilai kosong.","Lascia il campo vuoto per mantenere il valore esistente. Inserisci ""<blank>"" senza virgolette per salvare un valore vuoto.",,현재 값을 유지하려면 이 필드를 비워 두세요. 빈 값을 저장하려면 '<blank>'(을)를 따옴표 없이 입력하세요.,"Pozostaw to pole puste, aby zachować bieżącą wartość. Wprowadź „<blank>” bez cudzysłowów, aby zapisać pustą wartość.","Deixe este campo vazio para manter o valor atual. Digite ""<blank>"" sem aspas para salvar um valor vazio.",,"เว้นช่องนี้ไว้เพื่อใช้ค่าปัจจุบันต่อ ใส่ ""<blank>"" โดยไม่ต้องใส่เครื่องหมายคำพูด เพื่อบันทึกค่าที่เว้นว่าง","Geçerli değeri korumak için bu alanı boş bırak. Boş bir değeri kaydetmek için tırnak işaretleri olmadan ""<blank>"" gir.","Hãy để trống trường này để giữ nguyên giá trị hiện tại. Nhập ""<blank>"" (bỏ dấu ngoặc kép) để lưu giá trị trống.",,,將此欄位留空即可保留目前的值。輸入「<blank>」但不加括弧，即可儲存空值。
Studio.GameSettings.Security.TextSecretValueHidden,,,hidden,hidden,,verborgen,ocultado,caché,छिपा हुआ,tersembunyi,nascosto,非表示,숨김,ukryto,,,ซ่อนอยู่,gizli,ẩn,,,隱藏
Studio.GameSettings.Security.TextSecretValueUpdated,,,updated,updated,,aktualisiert,actualizado,actualisé,अपडेट किया गया,di-update,aggiornato,更新済み,업데이트됨,zaktualizowano,,,อัปเดตแล้ว,güncellendi,đã cập nhật,,,已更新
Studio.GameSettings.General.AllowInsertFreeAssetsTitle,,,Allow Loading Third Party Assets,Allow Loading Third Party Assets,,LoadAsset APIs erlauben,Permitir API de LoadAsset,Autoriser les API LoadAsset,LoadAsset API की अनुमति दें,Izinkan API LoadAsset,Consenti API LoadAsset,,LoadAsset API 허용,Zezwalaj na interfejsy API LoadAsset,,,อนุญาตให้ใช้ API LoadAsset,LoadAsset API'lerine izin ver,Cho phép API LoadAsset,,,允許 LoadAsset API
Studio.GameSettings.General.AllowInsertFreeAssetsDesc,,,Enables AssetService APIs to load assets not in your inventory.,Enables AssetService APIs to load assets not in your inventory.,,"Durch die Aktivierung können Server LoadAssetAsync verwenden, um Objekte in die Experience zu importieren.","Al activar, los servidores pueden usar LoadAssetAsync para importar recursos a la experiencia.","En activant, les serveurs peuvent utiliser LoadAssetAsync pour importer des ressources dans l'expérience.","चालू करके सर्वर, एक्सपीरिएंस में ऐसेट इंपोर्ट करने के लिए LoadAssetAsync का इस्तेमाल कर सकते हैं.","Dengan mengaktifkan, server dapat menggunakan LoadAssetAsync untuk mengimpor aset ke dalam pengalaman virtual.","Abilitando questa opzione, i server potranno utilizzare LoadAssetAsync per importare risorse nell'esperienza.",,활성화하면 서버가 애셋을 체험에 가져오는 데에 LoadAssetAsync를 사용할 수 있습니다.,"Po włączeniu tej opcji serwery mogą używać funkcji LoadAssetAsync, aby importować zasoby do projektu.",,,เมื่อเปิดใช้งาน เซิร์ฟเวอร์จะใช้ LoadAssetAsync เพื่อนำเข้าทรัพยากรลงในประสบการณ์ได้,"Etkinleştirildiğinde sunucular, deneyime varlıkları aktarmak için LoadAssetAsync'i kullanabilir.","Khi bật, máy chủ có thể dùng LoadAssetAsync để nhập tài sản vào trải nghiệm.",,,啟用後，伺服器即可使用 LoadAssetAsync 將素材匯入體驗。
Studio.GameSettings.General.PlayabilityWarning,,,Complete the {link} to make this experience playable by others.,Complete the {link} to make this experience playable by others.,,,,,,,,,{link}를 완료해 다른 플레이어가 이 체험을 플레이할 수 있게 해주세요.,,,,,,,,,
Studio.GameSettings.General.PlayabilityWarningLink,,,Content & Maturity questionnaire,Content & Maturity questionnaire,,,,,,,,,콘텐츠 및 수위 설문지,,,,,,,,,
Studio.GameSettings.Guidelines.UnratedExpPlayabilityWaringBeforeSept30,,,This experience may be unplayable after Sept 30. Complete the Maturity & Compliance questionnaire to assign a content maturity label. {link},This experience may be unplayable after Sept 30. Complete the Maturity & Compliance questionnaire to assign a content maturity label. {link},,,,,,,,,이 체험은 9월 30일 이후 플레이할 수 없게 됩니다. 수위 및 규정 준수 설문지를 완료해 콘텐츠 수위 레이블을 배정하세요. {link},,,,,,,,,
Studio.GameSettings.Guidelines.UnratedExpPlayabilityWaringLink,,,View policy details.,View policy details.,,,,,,,,,정책 세부 정보 보기.,,,,,,,,,
Studio.GameSettings.Guidelines.UnratedExpPlayabilityWaring,,,Experiences must have a content maturity label to be playable. {link},Experiences must have a content maturity label to be playable. {link},,,,,,,,,체험은 콘텐츠 수위 레이블을 받아야 플레이할 수 있습니다. {link},,,,,,,,,
