Key,Context,Example,Source,en-us,ar-001,de-de,es-es,fr-fr,hi-in,id-id,it-it,ja-jp,ko-kr,pl-pl,pt-br,ru-ru,th-th,tr-tr,vi-vn,zh-cjv,zh-cn,zh-tw
Studio.AssetImporter.Plugin.Name,,,AssetImporter,AssetImporter,AssetImporter,AssetImporter,AssetImporter,AssetImporter,AssetImporter,AssetImporter,Importatore Asset,アセットインポーター,AssetImporter,AssetImporter,Importador de ativos,,AssetImporter,Varlık Aktarıcı,Trình Nhập Tài Sản,AssetImporter,AssetImporter,AssetImporter
Studio.AssetImporter.Plugin.Toolbar,,,Mesh Importer,Mesh Importer,أداة استيراد Mesh,Mesh-Importer,Importador de mallas,Importation de maillage,मेश इंपोर्टर,Pengimpor Mesh,Importazione mesh,メッシュインポーター,메시 임포터,Importowanie siatki,Importador de malhas,,เครื่องมือนำเข้าเมช,Mesh Aktarıcı,Trình Nhập Mesh,网格导入器,网格导入器,網格編輯器
Studio.AssetImporter.Plugin.Button,,,Import,Import,استيراد,Importieren,Importar,Importation,इंपोर्ट करें,Impor,Importa,インポートする,가져오기,Importuj,Importar,,นำเข้า,İçe aktar,Nhập,导入,导入,匯入
Studio.AssetImporter.Plugin.Description,,,Import a mesh rig or avatar from a file using the import UI.,Import a mesh rig or avatar from a file using the import UI.,استيراد mesh rig أو أفاتار من ملف باستخدام واجهة مستخدم الاستيراد.,Ein Mesh-Rig oder einen Avatar aus einer Datei über die Import-UI importieren.,Importa una malla de rig o avatar desde un archivo usando la interfaz de usuario de importación.,Importer une rig de maillage ou un avatar à partir d'un fichier en utilisant l'interface d'importation.,इंपोर्ट UI का उपयोग करके फ़ाइल से मेश रिग या अवतार इंपोर्ट करें.,Impor rig mesh atau avatar dari file menggunakan UI impor.,Importa un mesh rig o un avatar da un file usando l'interfaccia utente di importazione.,インポート UI を使用して、メッシュリグまたはアバターをファイルからインポート。,가져오기 UI를 사용해 파일에서 메시 리그 또는 아바타를 가져옵니다.,"Zaimportuj szkielet siatki lub awatara z pliku, korzystając z interfejsu graficznego do importowania.",Importe uma rig de malha ou de avatar de um arquivo usando a interface de importação.,,"นำเข้า ""Rig เมช"" หรืออวาตาร์จากไฟล์โดยใช้ UI การนำเข้า",İçe aktarım UI'ını kullanarak dosyadan mesh düzeneği ya da avatar aktar.,Nhập một khung xương mesh hoặc avatar từ một tệp bằng cách sử dụng UI nhập.,使用导入界面从文件导入网格骨架或虚拟形象。,使用导入界面从文件导入网格骨架或虚拟形象。,使用匯入 UI 從檔案匯入網格骨架或虛擬人偶。
Studio.AssetImporter.Plugin.Browse,,,Browse...,Browse...,استعراض...,Durchsuchen ...,Buscar...,Recherche...,ब्राउज़ करें...,Jelajahi...,Sfoglia...,閲覧する...,둘러보기...,Przeglądaj...,Procurar...,,เรียกดู...,Göz at...,Duyệt...,浏览...,浏览...,瀏覽……
Studio.AssetImporter.Plugin.ImportConfiguration,,,Settings for the current import,Settings for the current import,إعدادات الاستيراد الحالي,Einstellungen für den aktuellen Import,Configuración para la importación actual,Paramètres de l'importation actuelle,मौजूदा इंपोर्ट के लिए सेटिंग्स,Pengaturan untuk impor saat ini,Impostazioni per l'importazione attuale,現在のインポートの設定,현재 가져오기 설정,Ustawienia bieżącego importu,Configurações para a importação atual,,การตั้งค่าสำหรับการนำเข้าปัจจุบัน,Mevcut içe aktarım ayarları,Cài đặt cho lần nhập hiện tại,当前导入的设置,当前导入的设置,目前匯入設定
Studio.AssetImporter.TreeViewToolbar.Expand,,,Expand,Expand,توسيع,Erweitern,Ampliar,Étendre,बड़ा करें,Perluas,Espandi,展開する,확장,Rozwiń,Expandir,,ขยาย,Genişlet,Mở Rộng,扩展,扩展,展開
Studio.AssetImporter.TreeViewToolbar.Collapse,,,Collapse,Collapse,طي,Minimieren,Contraer,Réduire,छोटा करें,Ciutkan,Comprimi,折り畳み表示,축소,Zwiń,Recolher,,ย่อ,Daralt,Thu Gọn,收起,收起,摺疊
Studio.AssetImporter.AssetImportTree.Contains,,,Contains %d %s,Contains %d %s,يحتوي على %d %s,Enthält %d %s,Contiene %d %s,Contient %d %s,इसमें %d %s शामिल हैं,Berisi %d %s,Contiene %d %s,%d %s が含まれています,%d %s 포함,Zawiera: %d %s,Contém %d %s,,มี %d %s,%d %s içerir,Chứa %d %s,包含 %d %s,包含 %d %s,包含 %d %s
Studio.AssetImporter.AssetImportTree.Descendants,,,Descendants contain %d %s,Descendants contain %d %s,تحتوي التوابع على %d %s,Untergeordnete Elemente enthalten %d %s,Los descendientes contienen %d %s,Les descendants contiennent %d %s,डिसेंडेंट्स में %d %s शामिल हैं,Descendant berisi %d %s,I discendenti contengono %d %s,子孫に %d %s が含まれています,하위 항목에 %d %s(이)가 포함되어 있습니다,Elementy podrzędne zawierają: %d %s,Descendentes contém %d %s,,Descendant มี %d %s,Alt öğeler %d %s içerir,Đối Tượng Hậu Duệ chứa %d %s,后代包含 %d %s,后代包含 %d %s,後代包含 %d %s
Studio.AssetImporter.AssetImportTree.Errors,,,error(s),error(s),خطأ (أخطاء),Fehler,error(es),erreur(s),गड़बड़ी (गड़बड़ियाँ),eror,errore(i),エラー,오류,bł.,erro(s),,ข้อผิดพลาด,hata,lỗi,错误,错误,錯誤
Studio.AssetImporter.AssetImportTree.Warnings,,,warning(s),warning(s),تحذير (تحذيرات),Warnung(en),advertencia(s),avertissement(s),वॉर्निंग (वॉर्निंग्स),peringatan,avviso/i,警告,주의,ostrz.,aviso(s),,คำเตือน,uyarı,cảnh báo,警告,警告,警告
Studio.AssetImporter.Plugin.Cancel,,,Cancel,Cancel,إلغاء,Abbrechen,Cancelar,Annuler,कैंसिल करें,Batalkan,Annulla,キャンセル,취소,Anuluj,Cancelar,,ยกเลิก,İptal,Hủy Bỏ,取消,取消,取消
Studio.AssetImporter.Plugin.Import,,,Import,Import,استيراد,Importieren,Importar,Importer,इंपोर्ट करें,Impor,Importa,インポートする,가져오기,Importuj,Importar,,นำเข้า,İçe aktar,Nhập,导入,导入,匯入
Studio.AssetImporter.Plugin.WindowTitle,,,Import Preview,Import Preview,معاينة الاستيراد,Import-Vorschau,Importar vista previa,Aperçu de l'import,इंपोर्ट का प्रीव्यू,Preview Impor,Importa anteprima,インポートプレビュー,가져오기 미리 보기,Podgląd importowania,Importar prévia,,ตัวอย่างการนำเข้า,İçe aktarım ön izlemesi,Nhập Bản Xem Trước,导入预览,导入预览,匯入預覽
Studio.AssetImporter.Sections.FileGeneral,,,File General,File General,ملف عام,Datei Allgemein,Archivo general,Fichier Général,फ़ाइल जनरल,File Umum,File generale,ファイル全般,파일 일반,Plik – ogólne,Arquivo geral,,ภาพรวมไฟล์,Dosya Geneli,Tổng Quát về Tệp,文件概况,文件概况,檔案概況
Studio.AssetImporter.Sections.FileGeometry,,,File Geometry,File Geometry,هندسة الملف,Dateigeometrie,Geometría del archivo,Géométrie du fichier,फ़ाइल ज्योमेट्री,Geometri File,Geometria file,ファイルのジオメトリ,파일 지오메트리,Plik – geometria,Arquivo de geometria,,รูปทรงไฟล์,Dosya Geometrisi,Cấu Trúc Tệp,文件几何体,文件几何体,檔案幾何體
Studio.AssetImporter.Sections.FileTransform,,,File Transform,File Transform,تحويل الملف,Dateitransformation,Transformación del archivo,Transformation de fichier,फ़ाइल ट्रांसफ़ॉर्म,Transformasi File,Trasformazione file,ファイル変換,파일 변환,Plik – transformacja,Arquivo transformar,,การแปรสภาพไฟล์,Dosya Dönüşümü,Biến Đổi Tệp,文件变形,文件变形,檔案轉換
Studio.AssetImporter.Sections.ObjectGeneral,,,Object General,Object General,كائن عام,Objekt Allgemein,General del objeto,Objet général,ऑब्जेक्ट जनरल,Objek Umum,Oggetto generale,オブジェクト全般,개체 일반,Obiekt – ogólne,Objeto geral,,ภาพรวมวัตถุ,Nesne Geneli,Tổng Quát về Đối Tượng,对象概况,对象概况,物件概況
Studio.AssetImporter.Sections.ObjectGeometry,,,Object Geometry,Object Geometry,هندسة الكائن,Objektgeometrie,Geometría del objeto,Géométrie de l'objet,ऑब्जेक्ट ज्योमेट्री,Geometri Objek,Geometria oggetto,オブジェクトのジオメトリ,개체 지오메트리,Obiekt – geometria,Objeto de geometria,,รูปทรงวัตถุ,Nesne Geometrisi,Cấu Trúc của Đối Tượng,对象几何体,对象几何体,物件幾何體
Studio.AssetImporter.Properties.Dimensions,,,Object Dimensions,Object Dimensions,أبعاد الكائن,Objektdimensionen,Dimensiones del objeto,Dimensions de l'objet,ऑब्जेक्ट का माप,Dimensi Objek,Dimensioni oggetto,オブジェクトの寸法,개체 크기,Obiekt – wymiary,Objeto dimensões,,มิติวัตถุ,Nesne boyutları,Kích Thước của Đối Tượng,对象尺寸,对象尺寸,物件尺寸
Studio.AssetImporter.Properties.DoubleSided,,,Make Double-Sided,Make Double-Sided,جعلها على الوجهين,Doppelseitig machen,Hacer de doble cara,Faire recto-verso,डबल-साइडेड बनाएँ,Buat Dua Sisi,Rendi doppio fronte,両面にする,양면으로,Obustronnie,Fazer com lado duplo,,ทำให้เป็นสองด้าน,Çift taraflı yap,Tạo Hai Mặt,双面制作,双面制作,設為雙面
Studio.AssetImporter.Properties.FileDimensions,,,File Dimensions,File Dimensions,أبعاد الملف,Dateidimensionen,Dimensiones del archivo,Dimensions du fichier,फ़ाइल का माप,Dimensi File,Dimensioni file,ファイルの寸法,파일 크기,Wymiary pliku,Dimensões do arquivo,,มิติไฟล์,Dosya boyutları,Kích Thước Tệp,文件尺寸,文件尺寸,檔案尺寸
Studio.AssetImporter.Properties.IgnoreVertexColors,,,Ignore Vertex Colors,Ignore Vertex Colors,تجاهل ألوان القمة,Scheitelpunktfarben ignorieren,Omitir colores de vértices,Ignorer les couleurs des sommets,वर्टेक्स कलर्स इग्नोर करें,Abaikan Warna Puncak,Ignora colori vertice,頂点の色を無視,정점 색상 무시,Ignoruj kolory wierzchołków,Ignorar cores de vértice,,ละเว้นสีจุดยอด,Köşe renklerini yok say,Bỏ Qua Màu Đỉnh,忽略顶点颜色,忽略顶点颜色,忽略頂點顏色
Studio.AssetImporter.Properties.ImportName,,,Name,Name,الاسم,Name,Nombre,Nom,नाम,Nama,Nome,名前,이름,Nazwa,Nome,,ชื่อ,Ad,Tên,名称,名称,名稱
Studio.AssetImporter.Properties.InvertNegativeFaces,,,Invert Negative Faces,Invert Negative Faces,عكس الوجوه السلبية,Negative Gesichter invertieren,Invertir caras negativas,Inverser les faces négatives,नेगेटिव फ़ेस इन्वर्ट करें,Balik Wajah Negatif,Inverti facce negative,マイナス面を反転,음의 면 반전,Odwróć ujemne powierzchnie,Inverter faces negativas,,กลับหน้าที่เป็นลบ,Negatif yüzleri ters çevir,Đảo Mặt Âm,翻转负面表面,翻转负面表面,翻轉負面表面
Studio.AssetImporter.Properties.MergeMeshes,,,Merge Meshes,Merge Meshes,دمج أصول mesh,Meshes zusammenführen,Combinar mallas,Fusionner les maillages,मेश मर्ज करें,Gabungkan Mesh,Unisci meshes,メッシュを併合,메시 병합,Scal siatki,Mesclar malhas,,รวมเมช,Mesh yapılarını birleştir,Hợp Nhất Mesh,合并网格,合并网格,合併網格
Studio.AssetImporter.Properties.PolygonCount,,,Polygon Count,Polygon Count,عدد المضلعات,Polygonanzahl,Conteo de polígono,Nombre de polygones,पॉलीगन काउंट,Jumlah Poligon,Conteggio poligoni,ポリゴン数,다각형 수,Liczba wielokątów,Contagem de polígonos,,จำนวนโพลิกอน,Poligon sayısı,Số Lượng Đa Giác,多边形数量,多边形数量,多邊形數量
Studio.AssetImporter.Properties.ScaleUnit,,,Scale Unit,Scale Unit,وحدة المقياس,Maßstabseinheit,Unidad de escala,Unité d'échelle,स्केल यूनिट,Unit Skala,Scala unità,拡大/縮小の単位,스케일 단위,Jednostka skali,Unidade de escala,,ปรับขนาดยูนิต,Ölçek birimi,Đơn Vị Quy Mô,缩放单位,缩放单位,縮放單位
Studio.AssetImporter.Properties.WorldForward,,,World Forward,World Forward,العالم إلى الأمام,Welt vorwärts,Mundo adelante,Avance du monde,वर्ल्ड फ़ॉरवर्ड,Dunia Maju,Mondo avanti,ワールド 前方,월드 앞으로,Wektor przedni świata,Mundo à frente,,โลกทางด้านหน้า,İleri Dünya,Thế Giới Về Phía Trước,世界向前,世界向前,世界往前
Studio.AssetImporter.Properties.WorldUp,,,World Up,World Up,العالم لأعلى,Welt nach oben,Mundo superior,World Up,वर्ल्ड अप,Dunia Atas,Mondo su,ワールド 上,월드 위로,Wektor górny świata,Mundo acima,,โลกทางด้านบน,Yukarı Dünya,Thế Giới Hướng Lên Trên,世界向上,世界向上,世界往上
Studio.AssetImporter.Properties.ZeroOrigin,,,Zero Origin,Zero Origin,أصل الصفر,Null-Ursprung,Origen cero,Origine zéro,ज़ीरो ओरिजिन,Asal Nol,Origine zero,ゼロオリジン,제로 원점,Zerowy początek,Origem zero,,ต้นกำเนิดเป็นศูนย์,Sıfır Köken,Gốc Tọa Độ Không,零始点,零始点,零原點
Studio.AssetImporter.Properties.ImportAsModelAsset,,,Import Only as a Model,Import Only as a Model,استيراد فقط كنموذج,Nur als Modell importieren,Importar Solo como Modelo,Importer uniquement en tant que modèle,सिर्फ़ मॉडल के तौर पर इंपोर्ट करें,Impor Hanya sebagai Model,Importa solo come modello,モデルとしてのみインポート,모델로만 가져오기,Importuj tylko jako model,Importar somente como um modelo,,นำเข้าในฐานะโมเดลเท่านั้น,Yalnızca model olarak içe aktar,Chỉ Nhập dưới dạng Mô Hình,仅以模型导入,仅以模型导入,只以模型匯入
Studio.AssetImporter.Sections.AvatarGeneral,,,Avatar General,Avatar General,أفاتار عام,Avatar Allgemein,General de avatar,Généralités sur l'avatar,अवतार जनरल,Avatar Umum,Avatar generale,アバター全般,아바타 일반,Awatar – ogólne,Avatar geral,,ภาพรวมอวาตาร์,Avatar Geneli,Tổng Quát về Avatar,虚拟形象概况,虚拟形象概况,虛擬人偶概況
Studio.AssetImporter.Properties.Anchored,,,Anchored,Anchored,مثبت,Verankert,Anclado,Ancré,ऐंकर्ड,Dijangkarkan,Ancorato,固定済み,고정됨,Zakotwiczone,Ancorado,,ที่ตรึงไว้,Sabitlenmiş,Đã neo,已锚固,已锚固,已固定
Studio.AssetImporter.Properties.InsertInWorkspace,,,Add to Workspace,Add to Workspace,إضافة إلى مساحة العمل,Zum Arbeitsbereich hinzufügen,Añadir a Workspace,Ajouter à Workspace,Workspace में जोड़ें,Tambahkan ke Workspace,Aggiungi all'area di lavoro,ワークスペースに追加,작업 공간에 추가,Dodaj do przestrzeni roboczej,Adicionar à área de trabalho,,เพิ่มไปยัง Workspace,Atölyeye ekle,Thêm vào Workspace,添加至工作区,添加至工作区,新增至 Workspace
Studio.AssetImporter.Properties.RigType,,,Rig Type,Rig Type,نوع Rig,Rig-Typ,Tipo de rig,Type de faille,रिग टाइप,Tipe Rig,Tipo di rig,リグタイプ,리그 유형,Typ szkieletu,Tipo de rig,,ประเภท Rig,Düzenek Türü,Kiểu Khung Xương,骨架类型,骨架类型,骨架類型
Studio.AssetImporter.Statues.MeshScaleWarning,,,One of the objects dimensions are larger than can be imported,One of the objects dimensions are larger than can be imported,أحد أبعاد الكائنات أكبر مما يمكن استيراده,Eine der Objektdimensionen ist größer als importiert werden kann,Una de las dimensiones de los objetos es mayor de lo que se puede importar,Une des dimensions des objets est plus grande que ce qui peut être importé,एक ऑब्जेक्ट का आकार इंपोर्ट किए जा सकने वाले ऑब्जेक्ट के आकार से बड़ा है,Salah satu dimensi objek lebih besar daripada dimensi yang dapat diimpor,Uno degli oggetti è più grande di quello che può essere importato,オブジェクトの一つの大きさがインポート可能なサイズを超えています,개체 중 하나의 크기가 가져올 수 있는 크기를 초과합니다,Wymiary jednego z obiektów są większe niż wymiary możliwe do zaimportowania,Uma das dimensões dos objetos é maior do que pode ser importada,,หนึ่งในมิติของวัตถุมีขนาดใหญ่เกินกว่าจะสามารถนำเข้าได้,"Nesnelerden birinin boyutları, içe aktarılamayacak kadar büyük",Một trong những kích thước đối tượng lớn hơn kích thước có thể được nhập,其中一个对象尺寸大于可导入上限,其中一个对象尺寸大于可导入上限,其中一個物件的尺寸大於可匯入上限
Studio.AssetImporter.Statues.MeshSizeWarning,,,The number of triangles is greater than is supported. Object will be simplified,The number of triangles is greater than is supported. Object will be simplified,عدد المثلثات أكبر من المدعوم. سيتم تبسيط الكائن,Die Anzahl der Dreiecke ist größer als unterstützt wird. Das Objekt wird vereinfacht,El número de triángulos es mayor que la cantidad compatible. El objeto será simplificado.,Le nombre de triangles est plus grand que celui supporté. L'objet sera simplifié,ट्राइऐंगल्स की संख्या काम करने के लिए ज़रूरी संख्या से अधिक है. ऑब्जेक्ट को सरल बनाया जाएगा,Jumlah segitiga lebih besar dari jumlah yang didukung. Objek akan disederhanakan,Il numero di triangoli è maggiore di quello supportato. L'oggetto sarà semplificato,三角形の数が対応可能な数を超えています。オブジェクトは簡素化されます,삼각형의 수가 지원되는 개수를 초과합니다. 개체가 단순화됩니다.,Liczba trójkątów jest większa od obsługiwanej liczby. Obiekt zostanie uproszczony.,O número de triângulos é maior que o suportado. O objeto será simplificado,,จำนวนสามเหลี่ยมมากกว่าที่รองรับ วัตถุจะได้รับการทำให้มีความเรียบง่ายมากขึ้น,"Üçgen sayısı, desteklenenin üzerinde. Nesne basitleştirilecek",Số lượng tam giác lớn hơn số lượng được hỗ trợ. Đối tượng sẽ được lược bớt,三角形的数量大于支持上限。对象将被简化,三角形的数量大于支持上限。对象将被简化,三角形數量大於可支援上限。物件將被簡化
Studio.AssetImporter.Statuses.MeshScaleWarning,,,One of the objects dimensions are larger than can be imported.,One of the objects dimensions are larger than can be imported.,أحد أبعاد الكائنات أكبر مما يمكن استيراده.,Eine der Objektdimensionen ist größer als importiert werden kann.,Una de las dimensiones de los objetos es mayor de lo que se puede importar.,Une des dimensions des objets est plus grande que ce qui peut être importé.,एक ऑब्जेक्ट का आकार इंपोर्ट किए जा सकने वाले ऑब्जेक्ट के आकार से बड़ा है.,Salah satu dimensi objek lebih besar daripada dimensi yang dapat diimpor.,Uno degli oggetti è più grande di quello che può essere importato.,オブジェクトのうち一つの大きさがインポート可能なサイズを超えています,개체 중 하나의 크기가 가져올 수 있는 크기를 초과합니다.,Wymiary jednego z obiektów są większe niż wymiary możliwe do zaimportowania.,Uma das dimensões dos objetos é maior do que pode ser importada.,,หนึ่งในมิติของวัตถุมีขนาดใหญ่เกินกว่าจะสามารถนำเข้าได้,"Nesnelerden birinin boyutları, içe aktarılamayacak kadar büyük.",Một trong những kích thước đối tượng lớn hơn kích thước có thể được nhập.,其中一个对象尺寸大于可导入上限。,其中一个对象尺寸大于可导入上限。,其中一個物件的尺寸大於可匯入上限。
Studio.AssetImporter.Statuses.MeshSizeWarning,,,"The number of triangles is greater than 20,000. Your original asset will be uploaded at full quality but will be decimated down to 20,000 triangles when rendered.","The number of triangles is greater than 20,000. Your original asset will be uploaded at full quality but will be decimated down to 20,000 triangles when rendered.","عدد المثلثات أكبر من الحد المدعوم البالغ 10,000. سيتم تدمير الكائن.","Die Anzahl der Dreiecke übersteigt 20.000. Dein ursprüngliches Objekt wird in voller Qualität hochgeladen, beim Rendern aber auf 20.000 Dreiecke reduziert.","El número de triángulos es superior a 20,000. Tu recurso original se cargará con total calidad pero será diezmado hasta 20,000 triángulos cuando se procese.",Le nombre de triangles est supérieur à 20 000. Ton contenu original sera téléchargé en pleine qualité mais sera décimé jusqu'à 20 000 triangles lors du rendu.,"ट्राएंगल्स की संख्या 20,000 से ज़्यादा है. आपके ओरिजनल ऐसेट को फ़ुल क्वालिटी पर अपलोड किया जाएगा, लेकिन रेंडर किए जाने पर इसे 20,000 ट्राएंगल तक घटा दिया जाएगा.","Jumlah segitiga lebih dari 20.000. Aset orisinalmu akan di-upload dengan kualitas penuh, tapi akan berkurang menjadi 20.000 segitiga saat dirender.","Il numero di triangoli è superiore a 20.000. La risorsa originale verrà caricata con la massima qualità, ma verrà decimata fino a 20.000 triangoli durante il rendering.","三角形の数が 20,000 以上になっています。元のアセットは完全な品質でアップロードされますが、レンダリング時に三角形の数が 20,000 に削減されます。","삼각형의 수가 20,000를 초과합니다. 오리지널 애셋은 완전한 품질로 업로드되지만 렌더링 시 삼각형이 20,000개로 훼손됩니다.","Liczba trójkątów jest większa niż 20 000. Twój oryginalny zasób zostanie przesłany w pełnej jakości, ale po renderowaniu zostanie zredukowany do 20 000 trójkątów.","O número de triângulos é maior que 20.000. Seu ativo original será carregado em qualidade total, mas será reduzido para 20.000 triângulos quando renderizado.",,"มีจำนวนสามเหลี่ยมเกิน 20,000 ชิ้น แอสเซทต้นฉบับของคุณจะถูกอัปโหลดเต็มคุณภาพ แต่จะถูกลดลงเหลือสามเหลี่ยม 20,000 ชิ้นเมื่อเรนเดอร์",Üçgen sayısı 20.000'den fazla. Orijinal varlığın tam kalitede yüklenecek ancak görsele dönüştürüldüğünde 20.000 üçgene düşürülecek.,"Số lượng tam giác nhiều hơn 20.000. Tài sản gốc của bạn sẽ được tải lên với chất lượng đầy đủ, nhưng sẽ giảm xuống còn 20.000 tam giác khi kết xuất.","三角形的数量大于 20,000。你的原始素材将以完整质量上传，但在渲染时将减少到 20,000 个三角形。","三角形的数量大于 20,000。你的原始素材将以完整质量上传，但在渲染时将减少到 20,000 个三角形。","三角形的數量大於 20,000 個。原始素材將以完整品質上傳，但在成像時將大幅削減至 20,000 個三角形。"
Studio.AssetImporter.Properties.FilePath,,,File Path,File Path,مسار الملف,Dateipfad,Ruta del archivo,Chemin du fichier,फ़ाइल पाथ,Jalur File,Percorso file,ファイルパス,파일 경로,Ścieżka do pliku,Endereço do arquivo,,เส้นทางไฟล์,Dosya yolu,Đường dẫn tệp,文件路径,文件路径,檔案路徑
Studio.AssetImporter.PropertiesTooltip.Anchored,,,"If enabled, makes the asset anchored","If enabled, makes the asset anchored",إذا تم التمكين، يجعل الأصل مثبتًا,"Wenn diese Option aktiviert ist, wird das Objekt verankert","Si está activado, ancla el recurso","Si activé, rend le contenu ancré","चालू किए जाने पर, ऐसेट को ऐंकर्ड बना देता है","Jika diaktifkan, membuat aset menjadi dijangkarkan","Se abilitato, rende la risorsa ancorata",有効にすると、アセットが固定されます,활성화하면 애셋이 고정됩니다,Włączenie tej opcji powoduje zakotwiczenie zasobu,"Se ativado, faz com que o ativo seja ancorado",,หากเปิดใช้งานจะตรึงทรัพยากร,Etkinleştirilirse varlık sabitlenir,"Nếu bật, hãy neo tài sản",启用后将锚固素材,启用后将锚固素材,若啟用，會使素材固定
Studio.AssetImporter.PropertiesTooltip.Dimensions,,,The size of the given object in studs,The size of the given object in studs,حجم الكائن المعطى بالأزرار,Die Größe des gegebenen Objekts in Noppen,El tamaño del objeto en studs,La taille de l'objet donné dans les studs,दिए गए ऑब्जेक्ट का स्टड में साइज़,Ukuran objek tertentu dalam kotak,La dimensione dell'oggetto in borchie,指定されたオブジェクトのマス数でのサイズ,지정된 개체의 크기(스터드),Rozmiar danego obiektu w studach,O tamanho do objeto dado em quadrículas,,ขนาดของวัตถุที่กำหนดเป็น Stud,Nesnenin birimkare cinsinden boyutu,Kích thước của đối tượng nhất định tính bằng stud,指定对象大小（格）,指定对象大小（格）,指定物件大小（磚塊）
Studio.AssetImporter.PropertiesTooltip.DoubleSided,,,"If disabled, sets only one side of your model's faces as opaque. If enabled, sets both sides of your model's faces as opaque and doubles the triangle count.","If disabled, sets only one side of your model's faces as opaque. If enabled, sets both sides of your model's faces as opaque and doubles the triangle count.",إذا تم التعطيل، يتم تعيين جانب واحد فقط من وجوه النموذج الخاص بك على أنه معتم. إذا تم التمكين، يتم تعيين كلا جانبي وجوه النموذج الخاص بك على أنهما معتمان ويضاعف عدد المثلثات.,"Wenn diese Option deaktiviert ist, wird nur eine Seite der Flächen deines Modells undurchsichtig. Wenn diese Option aktiviert ist, werden beide Seiten der Flächen deines Modells undurchsichtig und die Anzahl der Dreiecke wird verdoppelt.","Si está desactivado, opaca solo un lado de las caras de tu modelo. Si está activado, establece ambos lados de las caras de tu modelo como opaco y duplica el recuento de triángulos.","Si cette option est désactivée, un seul côté des faces du modèle est opaque. Si elle est activée, les deux côtés des faces du modèle sont opaques et le nombre de triangles est doublé.","बंद किए जाने पर, आपके मॉडल के चेहरों की सिर्फ़ एक साइड को ओपेक के रूप में सेट करता है. चालू किए जाने पर, आपके मॉडल के चेहरों की दोनों साइड को ओपेक के रूप में सेट करता है और ट्राइऐंगल काउंट को डबल कर देता है.","Jika dinonaktifkan, mengatur hanya satu sisi wajah modelmu menjadi buram. Jika diaktifkan, mengatur kedua sisi wajah model menjadi buram dan menggandakan jumlah segitiga.","Se disabilitato, imposta solo un lato delle facce del modello come opache. Se abilitato, imposta entrambi i lati delle facce del modello come opachi e raddoppia il numero di triangoli.",無効にすると、モデルの面の片側だけを不透明に設定します。 有効にした場合、モデルの両面を不透明に設定し、三角形の数を倍増します。,비활성화하면 모델 면의 한쪽만 불투명하게 설정됩니다. 활성화하면 모델 면의 양쪽을 불투명하게 설정하고 삼각형 개수를 두 배로 늘립니다.,Wyłączenie tej opcji powoduje ustawienie powierzchni modelu jako nieprzezroczystych tylko z jednej strony. Włączenie jej ustawia powierzchnie modelu jako nieprzezroczyste z obu stron i podwaja liczbę trójkątów.,"Se desativado, define somente um lado dos rostos do seu modelo como opaco. Se ativado, defina ambos os lados das faces de seu modelo como opacas e dobre o triângulo da contagem.",,หากปิดใช้งานจะกำหนดให้ด้านหนึ่งของหน้าโมเดลของคุณเป็นแบบทึบ หากเปิดใช้งานจะกำหนดให้ทั้งสองด้านของหน้าโมเดลของคุณเป็นแบบทึบ และเพิ่มจำนวนสามเหลี่ยมเป็นสองเท่า,Devre dışı bırakıldığında modelinin yüzlerinin yalnızca bir tarafını opak yapar. Etkinleştirildiğinde model yüzlerinin iki tarafını da opak yapar ve üçgen sayısını ikiye katlar.,"Nếu tắt, chỉ đặt một mặt của mô hình thành mờ đục. Nếu bật, đặt cả hai mặt của mô hình thành mờ đục và tăng gấp đôi số lượng tam giác.",禁用后，模型面部中的一侧将设置为不透明。启用后，模型面部的两侧都将设置为不透明，三角形数量也会翻倍。,禁用后，模型面部中的一侧将设置为不透明。启用后，模型面部的两侧都将设置为不透明，三角形数量也会翻倍。,若停用，則模型僅有一面會設為不透明。若啟用，則模型兩面都會設為不透明，且三角形數量加倍。
Studio.AssetImporter.PropertiesTooltip.FileDimensions,,,The size of the contents of the file in studs,The size of the contents of the file in studs,حجم محتويات الملف بالأزرار,Die Größe des Inhalts der Datei in Noppen,El tamaño de los contenidos del archivo en studs,"La taille du contenu du fichier, en points de repère",फ़ाइल के कॉन्टेंट का स्टड में साइज़,Ukuran konten file dalam satuan kotak,La dimensione del contenuto del file in stud,マス数でのファイルのコンテンツサイズ,파일 내용의 크기(스터드),Rozmiar elementu w studach,O tamanho do conteúdo do arquivo em quadrículas,,ขนาดของเนื้อหาไฟล์เป็น Stud,Dosya içeriğinin birimkare cinsinden boyutu,Kích thước của nội dung tệp tính bằng stud,格中文件内容尺寸,格中文件内容尺寸,檔案內容大小（磚塊數）
Studio.AssetImporter.PropertiesTooltip.IgnoreVertexColors,,,"If disabled, extracts vertex color information from your mesh. If enabled, ignores vertex color information.","If disabled, extracts vertex color information from your mesh. If enabled, ignores vertex color information.",إذا تم التعطيل، يتم استخراج معلومات لون القمة من أصل mesh الخاص بك. إذا تم التمكين، يتم تجاهل معلومات لون القمة.,"Wenn diese Option deaktiviert ist, werden Informationen zur Scheitelpunktfarbe aus deinem Mesh extrahiert. Wenn diese Option aktiviert ist, werden die Informationen über die Scheitelpunktfarbe ignoriert.","Si está desactivado, extrae la información del color de los vértices de la malla. Si está activado, ignora la información del color de los vértices.","S'il est désactivé, il extrait les informations de couleur des vertex de votre maillage. Si il est activée, ignore les informations relatives à la couleur des vertex.","बंद किए जाने पर, आपके मेश से वर्टेक्स कलर्स की जानकारी निकालता है. चालू किए जाने पर, वर्टेक्स कलर्स की जानकारी को इग्नोर कर देता है.","Jika dinonaktifkan, mengekstrak informasi warna puncak dari mesh kamu. Jika diaktifkan, mengabaikan informasi warna puncak.","Se disabilitato, estrae le informazioni sul colore del vertice dalla mesh. Se abilitato, ignora le informazioni sul colore del vertice.",無効にすると、メッシュから頂点の色情報を抽出します。有効にすると、頂点の色情報を無視します。,비활성하면 메시로부터 정점 색상 정보를 추출합니다. 활성화하면 정점 색상 정보를 무시합니다.,Wyłączenie tej opcji powoduje wyodrębnienie informacji o kolorze wierzchołków z siatki. Po jej włączeniu informacje o kolorze wierzchołków są ignorowane.,"Se desativado, extrai informações de cor do vértice de sua malha. Se ativado, ignora informações de cor dos vértices.",,หากปิดใช้งานจะแยกข้อมูลสีจุดยอดจากเมชของคุณ หากเปิดใช้งานจะละเว้นข้อมูลสีจุดยอด,Devre dışı bırakıldığında mesh yapından köşe rengi bilgisi çıkarır. Etkinleştirildiğinde köşe rengi bilgilerini yok sayar.,"Nếu tắt, trích xuất thông tin màu đỉnh từ mesh. Nếu bật, bỏ qua thông tin màu đỉnh.",禁用后，将从网格中提取顶点颜色信息。启用后，将忽略顶点颜色信息。,禁用后，将从网格中提取顶点颜色信息。启用后，将忽略顶点颜色信息。,若停用，則會從網格抽出頂點顏色資訊。若啟用，則會忽略頂點顏色資訊。
Studio.AssetImporter.PropertiesTooltip.ImportName,,,The name of the object,The name of the object,اسم الكائن,Der Name des Objekts,El nombre del objeto,Le nom de l'objet,ऑब्जेक्ट का नाम,Nama objek,Il nome dell'oggetto,オブジェクトの名前,개체의 이름,Nazwa obiektu,O nome do objeto,,ชื่อของวัตถุ,Nesnenin adı,Tên của đối tượng,对象名称,对象名称,物件名稱
Studio.AssetImporter.PropertiesTooltip.InsertInWorkspace,,,Adds imported assets to your Workspace,Adds imported assets to your Workspace,إضافة الأصول المستوردة إلى مساحة العمل,Fügt importierte Objekte zu deinem Arbeitsbereich hinzu,Añade recursos importados a Workspace,Ajoute des actifs importés à Workspace,आपके Workspace में इंपोर्ट किए गए ऐसेट जोड़ता है,Menambahkan aset yang diimpor ke Workspace,Aggiunge risorse importate alla tua area di lavoro,ワーススペースにインポート済みアセットを追加,가져온 애셋을 작업 공간에 추가합니다,Dodaje zaimportowane zasoby do przestrzeni roboczej,Adiciona mídias importadas para sua área de trabalho,,เพิ่มทรัพยากรที่นำเข้าไปยัง Workspace ของคุณ,İçe aktarılmış varlıkları atölyene ekler,Thêm tài sản đã nhập vào Workspace,将导入的素材添加至工作区,将导入的素材添加至工作区,將匯入的素材新增至 Workspace
Studio.AssetImporter.PropertiesTooltip.InvertNegativeFaces,,,Whether or not to flip negative faces,Whether or not to flip negative faces,ما إذا كان يجب قلب الوجوه السلبية أم لا,Ob negative Gesichter umgedreht werden sollen,Si se voltean las caras negativas o no,Retourner ou non des faces négatives,नेगेटिव फ़ेस को फ़्लिप करे या नहीं,Apakah wajah negatif dibalik atau tidak,Indica se capovolgere o meno le facce negative,マイナス面を反転するかどうか,음의 면 뒤집기 여부,Decyduje o odwracaniu powierzchni ujemnych,Girar ou não as faces negativas,,ไม่ว่าจะกลับหน้าที่เป็นลบหรือไม่,Negatif yüzlerin çevrilip çevrilmeyeceği,Có lật mặt âm hay không,是否翻转负面表面,是否翻转负面表面,是否翻轉負面表面
Studio.AssetImporter.PropertiesTooltip.MergeMeshes,,,Combine sub meshes into one mesh,Combine sub meshes into one mesh,دمج أصول mesh الفرعية في أصل mesh واحد,Untermeshes zu einem Mesh kombinieren,Combinar submallas en una malla,Combiner les sous-mailles en un seul maillage,सब मेशेज़ को एक मेश में कंबाइन करें,Gabungkan sub mesh menjadi satu mesh,Combina le sotto-maglie in una sola maglia,サブメッシュを一つのメッシュに併合,하위 메시를 하나의 메시로 병합,Połączenie siatek podrzędnych w jedną siatkę,Combinar sub malhas em uma malha,,ผสานรวมเมชย่อยเป็นเมชเดียว,Alt mesh yapılarını tek bir mesh yapısında birleştir,Kết hợp các mesh phụ thành một mesh,将子网格合并为一个网格,将子网格合并为一个网格,將子網格合成一個網格
Studio.AssetImporter.PropertiesTooltip.PolygonCount,,,The total count of polygons in this object,The total count of polygons in this object,العدد الإجمالي للمضلعات في هذا الكائن,Die Gesamtzahl der Polygone in diesem Objekt,El recuento total de polígonos en este objeto,Le nombre total de polygones dans cet objet,इस ऑब्जेक्ट में पॉलीगन की कुल संख्या,Jumlah total poligon dalam objek ini,Il conteggio totale dei poligoni in questo oggetto,このオブジェクト上のポリゴン合計数,이 개체의 총 다각형 수,Łączna liczba wielokątów w tym obiekcie,A contagem total de polígonos neste objeto,,จำนวนรวมของโพลิกอนในวัตถุนี้,Nesnenin toplam poligon sayısı,Tổng số đa giác trong đối tượng này,此对象中的多边形总数,此对象中的多边形总数,此物件中的多邊形總數
Studio.AssetImporter.PropertiesTooltip.RigType,,,"Defines the type of rig included in the model to connect meshes with Motor6Ds. If joints are detected, an additional R15 option displays","Defines the type of rig included in the model to connect meshes with Motor6Ds. If joints are detected, an additional R15 option displays",يحدد نوع rig المتضمن في النموذج لتوصيل أصول mesh بـ Motor6Ds. في حالة اكتشاف مفاصل، يتم عرض خيار R15 إضافي,"Definiert den Typ des Rigs, der im Modell enthalten ist, um die Meshes mit Motor6D zu verbinden. Wenn Verbindungen erkannt werden, wird eine zusätzliche R15-Option angezeigt","Define el tipo de rig incluido en el modelo para conectar mallas con Motor6Ds. Si se detectan articulaciones, se mostrará una opción R15 adicional","Définit le type de rig inclus dans le modèle pour connecter des mailles avec des Motor6D. Si des joints sont détectés, une option R15 supplémentaire s'affiche","Motor6Ds के साथ मेश कनेक्ट करने के लिए मॉडल में शामिल रिग के टाइप को डिफ़ाइन करता है. अगर जॉइंट्स का पता चला है, तो एक अतिरिक्त R15 विकल्प दिखता है","Menentukan tipe rig yang disertakan dalam model untuk menghubungkan mesh dengan Motor6Ds. Jika sendi terdeteksi, opsi R15 tambahan akan ditampilkan","Definisce il tipo di rig incluso nel modello per collegare le maglie con i Motor6D. Se vengono rilevate articolazioni, viene visualizzata un'opzione aggiuntiva R15",Motor6Dsとメッシュを繋げるためにモデルに含まれるリグの種類を定義します。ジョイントが検出されると、R15オプションが追加表示されます。,메시를 Motor6D와 연결하기 위해 모델에 포함된 리그 유형을 정의합니다. 조인트가 감지되면 추가 R15 옵션이 표시됩니다.,Definiuje typy szkieletów użytych w modelu na potrzeby łączenia siatek przy użyciu techniki Motor6D. W przypadku wykrycia stawów wyświetlone zostają dodatkowe opcje R15.,"Define o tipo de rig incluído no modelo para conectar malhas com o Motor6Ds. Se juntas forem detectadas, uma opção de R15 é exibida",,กำหนดประเภท Rig ที่รวมอยู่ในโมเดลเพื่อเชื่อต่อเมชกับ Motor6D หากตรวจพบข้อต่อ ระบบจะแสดงตัวเลือก R15,Modelde mesh yapılarını Motor6D'lerle bağlamak için kullanılacak düzenek türünü tanımlar. Eklem tespit edilirse ek R15 seçeneği görüntülenir,"Xác định loại khung xương có trong mô hình để kết nối các mesh với Motor6D. Nếu tìm thấy khớp, một tùy chọn R15 bổ sung sẽ được hiển thị",定义模型中所含的骨架类型，以将网格接入 Motor6D。如果检测到关节，则会显示一个额外的 R15 选项,定义模型中所含的骨架类型，以将网格接入 Motor6D。如果检测到关节，则会显示一个额外的 R15 选项,定義模型中的骨架類型，以透過 Motor6D 連結網格。若系統偵測到關節，就會顯示額外的 R15 選項
Studio.AssetImporter.PropertiesTooltip.ScaleUnit,,,The scale used when importing the file,The scale used when importing the file,المقياس المستخدم عند استيراد الملف,Der Maßstab beim Importieren einer Datei,La escala utilizada al importar el archivo,L'échelle utilisée lors de l'exportation du fichier,फ़ाइल इंपोर्ट करते समय इस्तेमाल होने वाला स्केल,Skala digunakan saat mengimpor file,La scala utilizzata durante l'importazione del file,ファイルのインポートに使用された拡大/縮小,파일을 가져올 때 사용되는 스케일,Skala używana podczas importowania pliku,A escala usada durante a exportação do arquivo,,การปรับขนาดที่ใช้ขณะที่นำเข้าไฟล์,Dosya içe aktarılırken kullanılan ölçek,Tỷ lệ được sử dụng khi nhập tệp,导入文件时使用缩放,导入文件时使用缩放,匯入檔案時使用的比例
Studio.AssetImporter.PropertiesTooltip.WorldForward,,,Transforms the file's forward vector to Studio vectors,Transforms the file's forward vector to Studio vectors,يحول المتجه الأمامي للملف إلى متجهات Studio,Verwandelt den Vorwärtsvektor der Datei in Studio-Vektoren,Transforma el vector de avance del archivo en vectores de Studio,Transforme le vecteur avant du fichier en vecteurs Studio,फ़ाइल के फ़ॉरवर्ड वेक्टर को Studio वेक्टर में ट्रांसफ़ॉर्म कर देता है,Mengubah vektor maju dalam file menjadi vektor Studio,Trasforma il vettore di inoltro del file in vettori Studio,ファイルの前向きベクトルをStudioベクトルに変換,파일의 전방 벡터를 Studio 벡터로 변환합니다,Transformuje wektor przedni pliku na wektory Studio,Transforma o vetor dianteiro do arquivo em vetores do Studio,,แปรสภาพเวกเตอร์ด้านหน้าของไฟล์เป็นเวกเตอร์ Studio,Dosyanın ileri vektörünü Studio vektörlerine dönüştürür,Chuyển đổi vector hướng trước của tệp thành vector Studio,将文件的向前矢量转换为 Studio 矢量,将文件的向前矢量转换为 Studio 矢量,將檔案的前進向量轉換為 Studio 向量
Studio.AssetImporter.PropertiesTooltip.WorldUp,,,Transforms the file's up vector to Studio vectors,Transforms the file's up vector to Studio vectors,يحول الاتجاه الصاعد للملف إلى متجهات Studio,Verwandelt den Aufwärtsvektor der Datei in Studio-Vektoren,Transforma el vector ascendente del archivo en vectores de Studio,Transforme le vecteur up du fichier en vecteurs Studio,फ़ाइल के अप वेक्टर को Studio वेक्टर में ट्रांसफ़ॉर्म कर देता है,Mengubah vektor ke atas dalam file menjadi vektor Studio,Trasforma il vettore del file in alto in vettori Studio,ファイルの上向きベクトルをStudioベクトルに変換,파일의 상향 벡터를 Studio 벡터로 변환합니다,Transformuje wektor górny pliku na wektory Studio,Transforma o vetor superior do arquivo em vetores do Studio,,แปรสภาพเวกเตอร์ด้านบนของไฟล์เป็นเวกเตอร์ Studio,Dosyanın yukarı vektörünü Studio vektörlerine dönüştürür,Chuyển đổi vector hướng lên của tệp thành vector Studio,将文件的向上矢量转换为 Studio 矢量,将文件的向上矢量转换为 Studio 矢量,將檔案的上升向量轉換為 Studio 向量
Studio.AssetImporter.PropertiesTooltip.ImportAsModelAsset,,,Controls whether individual MeshParts are imported as separate assets in addition to being grouped into a model,Controls whether individual MeshParts are imported as separate assets in addition to being grouped into a model,يتحكم في ما إذا كان يتم استيراد MeshParts الفردية كأصول منفصلة بالإضافة إلى تجميعها في نموذج,"Legt fest, ob einzelne MeshParts als separate Objekte zusätzlich zur Gruppierung in ein Modell importiert werden sollen",Controla si MeshParts individuales son importadas como recursos separados además de ser agrupadas en un modelo,Contrôle si des MeshParts individuels sont importés en tant que contenus séparés en plus d'être regroupés dans un modèle,नियंत्रित करता है कि मॉडल में ग्रुप होने के अलावा अलग-अलग MeshParts को अलग-अलग ऐसेट के रूप में इंपोर्ट किया जाता है या नहीं,Mengendalikan apakah MeshPart individu diimpor sebagai aset terpisah selain dikelompokkan ke dalam satu model,Controlla se le singole MeshParts sono importate come attività separate oltre a essere raggruppate in un modello,一つのモデルにグループ化されることに加えて、個々の MeshParts を個別のアセットとしてインポートするかどうかをコントロールします,모델로 그룹화하는 것 외에도 개별 MeshPart를 별도의 애셋으로 가져올지 여부를 제어합니다,"Kontroluje, czy poszczególne części MeshPart są importowane jako osobne zasoby oprócz tego, że są grupowane w ramach modelu","Controla se MeshPartes individuais são importadas como arquivos separados, além de serem agrupadas em um modelo",,ควบคุมว่าจะนำเข้า MeshParts แต่ละส่วนเป็นทรัพยากรแยกเพิ่มเติมจากการรวมกลุ่มเป็นโมเดลหรือไม่,Tekli MeshPart'ların bir modelde gruplandırılmanın yanı sıra içe ayrı varlıklar olarak aktarılıp aktarılmayacaklarını denetler,Kiểm soát việc các Bộ Phận Mesh riêng lẻ được nhập thành các tài sản riêng biệt ngoài việc được nhóm thành một mô hình,控制单个 MeshPart 除了被组合至模型中之外，是否可作为单独的素材导入,控制单个 MeshPart 除了被组合至模型中之外，是否可作为单独的素材导入,控制個別 MeshPart 在組合成模型之外是否當作單獨素材匯入
Studio.AssetImporter.Plugin.Close,,,Close,Close,إغلاق,Schließen,Cerrar,Fermer,बंद करें,Tutup,Chiudi,閉じる,닫기,Zamknij,Fechar,,ปิด,Kapat,Đóng,关闭,关闭,關閉
Studio.AssetImporter.Statuses.CouldNotReadTextureError,,,Could not read the texture file associated with this object.,Could not read the texture file associated with this object.,تعذَّرت قراءة ملف الهيئة المرتبط بهذا الكائن.,Die mit diesem Objekt verknüpfte Texturdatei konnte nicht gelesen werden.,No se pudo leer el archivo de textura asociado con este objeto.,Impossible de lire le fichier de texture associé à cet objet.,इस ऑब्जेक्ट से जुड़ी टेक्स्चर फ़ाइल नहीं पढ़ी जा सकी.,Tidak dapat membaca file tekstur yang berhubungan dengan objek ini.,Impossibile leggere il file di texture normale associato a questo oggetto.,このオブジェクトと関連したテクスチャファイルを読み取れませんでした。,이 개체와 연결된 텍스처 파일을 읽을 수 없습니다.,Nie można odczytać pliku tekstury powiązanego z tym obiektem.,Não foi possível ler o arquivo de textura associado a este objeto.,,ไม่สามารถอ่านไฟล์พื้นผิวที่เกี่ยวข้องกับวัตถุนี้ได้,Nesneyle ilişkili doku dosyası okunamadı.,Không thể đọc tệp kết cấu được liên kết với đối tượng này.,无法读取与此对象关联的纹理文件。,无法读取与此对象关联的纹理文件。,無法讀取此物件相關的紋理檔案。
Studio.AssetImporter.Statuses.MaterialIgnoredWarning,,,The material included with this object is currently unsupported.,The material included with this object is currently unsupported.,المادة المضمنة مع هذا الكائن غير مدعومة حاليًا.,Das in diesem Objekt enthaltene Material wird derzeit nicht unterstützt.,El material incluido con este objeto no es compatible en este momento.,Le matériel inclus avec cet objet n'est pas pris en charge.,इस ऑब्जेक्ट के साथ शामिल किए गए मटीरियल के लिए फ़िलहाल सपोर्ट उपलब्ध नहीं है.,Material yang disertakan dengan objek ini sedang tidak didukung.,Il materiale incluso con questo oggetto non è attualmente supportato.,このオブジェクトに含まれている素材には、現在、対応していません。,이 개체에 포함되어 있는 재질은 현재 지원되지 않습니다.,Materiał zawarty w tym obiekcie obecnie nie jest obsługiwany.,O material incluído neste objeto não é suportado no momento.,,ไม่รองรับวัสดุที่รวมอยู่กับวัตถุนี้ในขณะนี้,Nesneye dâhil malzeme henüz desteklenmiyor.,Vật liệu đi kèm với đối tượng này hiện không được hỗ trợ.,当前不支持此对象附带的材质。,当前不支持此对象附带的材质。,目前不支援此物件附帶的材質。
Studio.AssetImporter.Statuses.DefaultWarnings,,,Import experienced a {type} warning.,Import experienced a {type} warning.,واجه الاستيراد تحذيرًا من النوع {type}.,Beim Import wurde eine {type}-Warnung ausgegeben.,La importación tiene una advertencia de {type}.,L'importation a connu un avertissement de {type}.,इंपोर्ट के दौरान {type} वॉर्निंग मिली.,Impor mengalami peringatan {type}.,Importazione con un avviso {type}.,インポート中に {type} の警告がありました。,가져오는 중에 {type} 경고가 발생했습니다.,Podczas importowania pojawiło się ostrzeżenie typu {type}.,A importação experimentou um aviso {type}.,,การนำเข้าได้รับคำเตือน {type},İçe aktarım sırasında {type} uyarısı alındı.,Thao tác nhập gặp phải cảnh báo {type}.,导入时出现“{type}”警告。,导入时出现“{type}”警告。,匯入遭受 {type} 警告。
Studio.AssetImporter.Statuses.DefaultError,,,Import experienced a {type} error.,Import experienced a {type} error.,واجه الاستيراد خطأ من النوع {type}.,Beim Import wurde ein {type}-Fehler ausgegeben.,La importación tiene un error de {type}.,L'importation a rencontré une erreur {type}.,इंपोर्ट के दौरान {type} गड़बड़ी हुई.,Impor mengalami eror {type}.,L'importazione ha avuto un errore di {type}.,インポート中に {type} エラーが発生しました。,가져오는 중에 {type} 오류가 발생했습니다.,Podczas importowania pojawił się błąd typu {type}.,Importação experimentou um erro {type}.,,การนำเข้าเกิดข้อผิดพลาด {type},İçe aktarım sırasında {type} hatası alındı.,Thao tác nhập gặp phải lỗi {type}.,导入时出现“{type}”错误。,导入时出现“{type}”错误。,匯入遭受 {type} 錯誤。
Studio.AssetImporter.Upload.WindowTitle,,,Importing,Importing,جارٍ الاستيراد,Wird importiert,Importando,Importation,इंपोर्ट किया जा रहा है,Mengimpor,Importazione,インポート中,가져오는 중,Importowanie,Importando,,กำลังนำเข้า,İçe aktarılıyor,Đang nhập,正在导入,正在导入,正在匯入
Studio.AssetImporter.Upload.Success,,,Successfully Imported!,Successfully Imported!,تم الاستيراد بنجاح!,Erfolgreich importiert!,Importado correctamente,Importé avec succès !,इंपोर्ट हो गया है!,Berhasil Diimpor!,Importato con successo!,インポートできました！,가져오기를 완료했습니다!,Zaimportowano!,Importado com sucesso!,,นำเข้าสำเร็จแล้ว!,Başarıyla içe aktarıldı!,Đã Nhập Thành Công!,导入成功！,导入成功！,已成功匯入！
Studio.AssetImporter.Upload.SuccessDescription,,,You may find your asset in Toolbox or Asset Manager.,You may find your asset in Toolbox or Asset Manager.,قد تجد الأصل في صندوق الأدوات أو مدير الأصول.,Du kannst dein Objekt in der Toolbox oder im Asset Manager finden.,Puedes encontrar tu recurso en Caja de herramientas o Gestor de recursos.,Tu peux trouver ton contenu dans la Boîte à outils ou dans le Gestionnaire des contenus.,आपको अपना ऐसेट टूलबॉक्स या ऐसेट मैनेजर में मिल सकता है.,Kamu bisa menemukan asetmu di Toolbox atau Manajer Aset.,Puoi trovare il tuo asset in Toolbox o Asset Manager.,ツールボックスかアセット管理でアセットが見つかります。,도구 상자 또는 애셋 관리자에서 애셋을 찾을 수 있습니다.,Zasób możesz znaleźć w przyborniku lub w menedżerze zasobów.,Você pode encontrar seus ativos na Caixa de ferramentas ou no Gerenciador de ativos.,,คุณสามารถค้นหาทรัพยากรของคุณได้ในกล่องเครื่องมือหรือเครื่องมือจัดการทรัพยากร,Varlığını Araç Kutusu'nda veya Varlık Yöneticisi'nde bulabilirsin.,Bạn có thể tìm tài sản của mình trong Hộp Công Cụ hoặc Trình Quản Lý Tài Sản.,您可能可在工具箱或素材管理器中找到您的素材。,您可能可在工具箱或素材管理器中找到您的素材。,您可以在工具箱或素材管理器找到素材。
Studio.AssetImporter.Upload.Failure,,,Import Failed,Import Failed,تعذَّر الاستيراد,Import fehlgeschlagen,Error al importar,Échec de l'importation,इंपोर्ट नहीं किया जा सका,Impor Gagal,Importazione non riuscita,インポートできませんでした,가져오기 실패,Nie udało się zaimportować,Falha ao importar,,นำเข้าไม่สำเร็จ,İçe aktarım başarısız,Nhập Không Thành Công,导入失败,导入失败,匯入失敗
Studio.AssetImporter.Upload.FailureDescription,,,Errors:,Errors:,الأخطاء:,Fehler:,Errores:,Erreurs :,गड़बड़ियाँ :,Eror:,Errori:,エラー:,오류:,Błędy:,Erros:,,ข้อผิดพลาด:,Hatalar:,Lỗi:,错误：,错误：,錯誤：
Studio.AssetImporter.Upload.Uploading,,,Uploading,Uploading,جارٍ التحميل,Wird hochgeladen,Cargando,Téléchargement en cours,अपलोड किया जा रहा है,Meng-upload,Caricamento,アップロード中,업로드 중,Przesyłanie,Enviando,,กำลังอัปโหลด,Yükleniyor,Đang tải lên,正在上传,正在上传,正在上傳
Studio.AssetImporter.Error.WindowTitle,,,Error,Error,خطأ,Fehler,Error,Erreur,गड़बड़ी,Eror,Errore,エラー,오류,Błąd,Erro,,เกิดข้อผิดพลาด,Hata,Lỗi,错误,错误,錯誤
Studio.AssetImporter.Error.Header,,,Failed to open the selected file.,Failed to open the selected file.,تعذَّر فتح الملف المحدد.,Fehler beim Öffnen der ausgewählten Datei.,Error al abrir el archivo seleccionado.,Impossible d'ouvrir le fichier sélectionné.,चुनी गई फ़ाइल खोली नहीं जा सकी.,Gagal membuka file yang dipilih.,Impossibile importare i file selezionati.,選択済みファイルを開けませんでした。,선택한 파일을 열지 못했습니다.,Nie udało się otworzyć zaznaczonego pliku.,Falha ao abrir o arquivo selecionado.,,เปิดไฟล์ที่เลือกไม่สำเร็จ,Seçili dosya açılamadı.,Không mở được tệp đã chọn.,无法开启所选文件。,无法开启所选文件。,無法開啟選擇的檔案。
Studio.AssetImporter.Error.Default,,,Status: {type},Status: {type},الحالة: {type},Status: {type},Estado: {type},Status : {type},स्टेटस : {type},Status: {type},Stato: {type},状況: {type},상태: {type},Status: {type},Status: {type},,สถานะ: {type},Durum: {type},Trạng thái: {type},状态：{type},状态：{type},狀態：{type}
Studio.AssetImporter.Error.DefaultNoStatus,,,Import Failed,Import Failed,تعذَّر الاستيراد,Import fehlgeschlagen,Error al importar,Échec de l'importation,इंपोर्ट नहीं किया जा सका,Impor Gagal,Importazione non riuscita,インポートできませんでした,가져오기 실패,Nie udało się zaimportować,Falha ao importar,,นำเข้าไม่สำเร็จ,İçe aktarım başarısız,Nhập Không Thành Công,导入失败,导入失败,匯入失敗
Studio.AssetImporter.Error.OK,,,OK,OK,موافق,OK,Aceptar,Ok,ठीक है,OK,OK,了解,확인,OK,OK,,ตกลง,Tamam,OK,确认,确认,確定
Studio.AssetImporter.EnumItem.R15,,,R15,R15,R15,R15,R15,R15,R15,R15,R15,15才以上,R15,R15,R15,,R15,R15,R15,R15,R15,R15
Studio.AssetImporter.EnumItem.Rthro,,,Rthro,Rthro,Rthro,Rthro,Rthro,Rthro,Rthro,Rthro,Rthro,Rthro,Rthro,R-tropoidalne,Rthro,,Rthro,Rthro,Rthro,Rthro,Rthro,Rthro
Studio.AssetImporter.EnumItem.RthroNarrow,,,Rthro Narrow,Rthro Narrow,Rthro ضيق,Rthro Schmal,Rthro angosto,Rthro étroit,Rthro नैरो,Rthro Ramping,Rthro smilzo,Rthro（細身）,Rthro 날씬,R-tropoidalne wąskie,Rthro estreito,,Rthro แคบ,Rthro Dar,Rthro Narrow,Rthro 窄身,Rthro 窄身,Rthro 細
Studio.AssetImporter.EnumItem.Custom,,,Custom,Custom,تخصيص,Benutzerdefiniert,Personalizar,Personnaliser,कस्टम,Kustom,Personalizzato,カスタム,사용자 정의,Niestandardowe,Personalizar,,กำหนดเอง,Özel,Tùy Chỉnh,自定义,自定义,自訂
Studio.AssetImporter.EnumItem.None,,,No Rig,No Rig,لا يوجد Rig,Kein Rig,Sin Rig,Pas de rig,कोई रिग नहीं,Tidak Ada Rig,Nessun Rig,リグなし,리그 없음,Brak szkieletu,Sem rig,,ไม่มี Rig,Düzenek yok,Không Có Khung Xương,无骨架,无骨架,沒有骨架
Studio.AssetImporter.EnumItem.Back,,,Back,Back,الظهر,Zurück,Trasero,Arrière,पीछे,Belakang,Schiena,背面,후면,Tył,Costas,,กลับ,Geri,Phía Sau,背面,背面,後
Studio.AssetImporter.EnumItem.Front,,,Front,Front,الجزء الأمامي,Vorderseite,Frontal,Avant,आगे,Depan,Davanti,正面,전면,Przód,Frente,,หน้า,İleri,Phía Trước,正面,正面,前
Studio.AssetImporter.EnumItem.Right,,,Right,Right,يمين,Rechts,Derecho,Droite,दायाँ,Kanan,Destra,右,오른쪽,Prawa strona,Direita,,ขวา,Sağ,Phải,右,右,右
Studio.AssetImporter.EnumItem.Left,,,Left,Left,يسار,Links,Izquierdo,Gauche,बायाँ,Kiri,Sinistra,左,왼쪽,Lewa strona,Esquerda,,ซ้าย,Sol,Trái,左,左,左
Studio.AssetImporter.EnumItem.Top,,,Top,Top,أعلى,Oben,Superior,Haut,ऊपर,Atas,Top,上,상단,Góra,Superior,,บน,Üst,Trên,顶部,顶部,上
Studio.AssetImporter.EnumItem.Bottom,,,Bottom,Bottom,أسفل,Unten,Inferior,Bas,नीचे,Bawah,In basso,下,하단,Dół,Inferior,,ล่าง,Alt,Dưới,底部,底部,下
Studio.AssetImporter.EnumItem.Stud,,,Stud,Stud,مسمار,Stud,Stud,Stud,स्टड,Kotak,Stud,マス,스터드,Stud,Quadrícula,,Stud,Birimkare,Stud,格,格,磚塊
Studio.AssetImporter.EnumItem.Meter,,,Meter,Meter,متر,Meter,Medidor,Compteur,मीटर,Meter,Contatore,メートル,미터,Metr,Medidor,,เมตร,Metre,Mét,米,米,公尺
Studio.AssetImporter.EnumItem.CM,,,CM,CM,سم,CM,CM,CM,CM (सेमी),CM,CM,CM,CM,CM,CM,,CM,cm,CM,厘米,厘米,CM
Studio.AssetImporter.EnumItem.MM,,,MM,MM,ملم,MM,MM,MM,MM (मिमी),MM,MM,MM,MM,MM,MM,,MM,mm,MM,毫米,毫米,MM
Studio.AssetImporter.EnumItem.Foot,,,Foot,Foot,قدم,Fuß,Pie,Pied,फ़ुट,Kaki,Piede,フィート,피트,Stopy,Pé,,ฟุต,Fit,Foot,英尺,英尺,英尺
Studio.AssetImporter.EnumItem.Inch,,,Inch,Inch,بوصة,Zoll,Pulgada,Pouce,इंच,Inci,Pollici,インチ,인치,Cale,Polegada,,นิ้ว,İnç,Inch,英寸,英寸,英吋
Studio.AssetImporter.Statuses.TextureBadFileFormatError,,,Unsupported texture file format.,Unsupported texture file format.,تنسيق ملف الهيئة غير مدعوم.,Nicht unterstütztes Texturdateiformat.,Formato de archivo de textura no compatible.,Format de fichier de texture non pris en charge.,टेक्स्चर फ़ाइल फ़ॉर्मैट के लिए सपोर्ट उपलब्ध नहीं है.,Format file tekstur tidak didukung.,Formato di texture non supportato.,テクスチャのファイル形式に対応していません。,지원되지 않는 텍스처 파일 형식입니다.,Nieobsługiwany format pliku tekstury.,Formato de textura não suportado.,,รูปแบบไฟล์พื้นผิวที่ไม่รองรับ,Doku dosyası formatı desteklenmiyor.,Định dạng tệp kết cấu không được hỗ trợ.,不支持的纹理文件格式。,不支持的纹理文件格式。,未支援的紋理檔案格式。
Studio.AssetImporter.Upload.FailureDescriptionNoError,,,Something went wrong. Please try again.,Something went wrong. Please try again.,حدث خطأ ما. الرجاء المحاولة مجددًا.,Etwas ist schiefgelaufen. Bitte versuche es erneut.,Algo salió mal. Inténtalo de nuevo.,Une erreur s'est produite. Réessayer.,कोई गड़बड़ी हुई. फिर से कोशिश करें.,Terjadi kesalahan. Coba lagi.,Qualcosa è andato storto. Riprova.,問題が発生しました。もう一度やり直してください。,문제가 발생했습니다. 다시 시도하세요.,Coś poszło nie tak. Spróbuj ponownie.,Algo deu errado. Tente novamente.,,เกิดข้อผิดพลาดบางอย่าง โปรดลองอีกครั้ง,Bir şeyler yanlış gitti. Lütfen tekrar dene.,Đã xảy ra sự cố. Vui lòng thử lại.,发生错误。请再试一次。,发生错误。请再试一次。,發生錯誤，請重新嘗試。
Studio.AssetImporter.HttpError.OK,,,OK,OK,موافق,OK,Aceptar,Ok,ठीक है,OK,OK,了解,확인,OK,OK,,ตกลง,Tamam,OK,确认,确认,確定
Studio.AssetImporter.HttpError.422,,,Name was moderated. Please rename and try again.,Name was moderated. Please rename and try again.,تم الإشراف على الاسم. يرجى إعادة التسمية والمحاولة مجددًا.,Der Name wurde moderiert. Bitte benenne ihn um und versuche es erneut.,Se moderó el nombre. Renómbralo e inténtalo otra vez.,Le nom a été modéré. Renommer et réessayer.,नाम मॉडरेट किया गया था. नाम बदलें और फिर से कोशिश करें.,Nama telah dimoderasi. Ubah nama dan coba lagi.,Nome moderato. Rinominare e riprovare.,名前が内容規制されました。名前を変更してもう一度お試し下さい。,이름이 검열되었습니다. 이름을 변경하고 다시 시도하세요.,Nazwa została poddana moderacji. Zmień ją i spróbuj ponownie.,O nome foi moderado. Renomeie e tente novamente.,,ชื่อได้รับการกลั่นกรอง โปรดตั้งชื่อใหม่แล้วลองอีกครั้ง,Ad denetlendi. Lütfen ad değiştir ve tekrar dene.,Tên đã được kiểm duyệt. Vui lòng đổi tên và thử lại.,名称已被过滤。请重命名并重试。,名称已被过滤。请重命名并重试。,名稱遭到過濾，請變更名稱並重新嘗試。
Studio.AssetImporter.HttpError.429,,,Upload failed. Endpoint has too many requests - please try again later.,Upload failed. Endpoint has too many requests - please try again later.,فشل التحميل. تحتوي نقطة النهاية على العديد من الطلبات - يرجى المحاولة مرة أخرى لاحقًا.,Upload fehlgeschlagen. Endpunkt hat zu viele Anfragen – bitte versuche es später erneut.,Error al cargar. Endpoint tiene demasiadas solicitudes. Inténtalo otra vez más tarde.,Échec du téléchargement. Le point de terminaison a trop de requêtes - Réessayer plus tard.,"अपलोड नहीं किया जा सका. एंडपॉइंट में बहुत सारी रिक्वेस्ट हैं - बाद में, फिर से कोशिश करें.",Upload gagal. Endpoint memiliki terlalu banyak permintaan - coba lagi nanti.,Caricamento fallito. Il punto finale ha troppe richieste - si prega di riprovare più tardi.,アップロードできませんでした。エンドポイントにリクエストが多すぎます。後でもう一度お試しください。,업로드 실패. 끝점에 요청이 너무 많습니다. 나중에 다시 시도하세요.,Nie udało się przesłać. Zbyt wiele żądań w punkcie końcowym. Spróbuj ponownie później.,Falha no upload. O Endpoint tem muitas solicitações - tente novamente mais tarde.,,อัปโหลดไม่สำเร็จ ปลายทางมีคำขอจำนวนมากเกินไป โปรดลองอีกครั้งในภายหลัง,Yükleme başarısız. Uç noktasına çok fazla istek geldi. Lütfen daha sonra tekrar dene.,Tải lên không thành công. Điểm cuối có quá nhiều yêu cầu. Vui lòng thử lại sau.,上传失败。端点有太多请求，请稍后重试。,上传失败。端点有太多请求，请稍后重试。,上傳失敗。終點請求過多，請稍後再試。
Studio.AssetImporter.HttpError.UnknownStatusCode,,,Upload failed. Status Code:,Upload failed. Status Code:,تعذَّر الرفع. Status Code:,Upload fehlgeschlagen. Statuscode:,Error al cargar. Código de estado:,Le téléchargement a échoué. Statut code :,अपलोड नहीं किया जा सका. स्टेटस कोड :,Upload gagal. Kode Status:,Caricamento fallito. Codice di stato:,アップロードできませんでした。状況コード:,업로드하지 못했습니다. 상태 코드:,Błąd przesyłania. Kod statusu:,Falha no upload. Código de status:,,อัปโหลดไม่สำเร็จ สถานะของโค้ด:,Yükleme başarısız. Durum kodu:,Tải lên không thành công. Mã Trạng Thái:,上传失败。状态代码：,上传失败。状态代码：,上傳失敗。狀態碼：
Studio.AssetImporter.HttpError.UploadResultBadIdParse,,,Could not upload. Asset name may have been rejected by moderation.,Could not upload. Asset name may have been rejected by moderation.,تعذَّر التحميل. قد يكون اسم الأصل مرفوض من جانب المشرفين.,Konnte nicht hochgeladen werden. Der Name des Objekts wurde möglicherweise von der Moderation abgelehnt.,No se pudo cargar. Es posible que el nombre del recurso se haya rechazado por la moderación.,Impossible de télécharger. Le nom du contenu a peut-être été rejeté par modération.,अपलोड नहीं किया जा सका. हो सकता है कि ऐसेट का नाम मॉडरेशन द्वारा रिजेक्ट कर दिया गया हो.,Tidak dapat meng-upload. Nama aset mungkin telah ditolak oleh moderasi.,Impossibile caricare. Il nome dell'asset potrebbe essere stato rifiutato dalla moderazione.,アップロードできませんでした。アセット名が内容審査によって却下された可能性があります。,업로드할 수 없습니다. 애셋 이름이 검열되었을 수 있습니다.,"Nie udało się przesłać. Możliwe, że nazwa zasobu została odrzucona przez moderatorów.",Não foi possível enviar. O nome do ativo pode ter sido rejeitado pela moderação.,,ไม่สามารถอัปโหลดได้ การกลั่นกรองอาจจะปฏิเสธชื่อทรัพยากร,Yüklenemedi. Varlık adı denetimden geçememiş olabilir.,Không thể tải lên. Tên tài sản có thể đã bị người kiểm duyệt từ chối.,无法上传。素材名称可能已被审核团队拒绝。,无法上传。素材名称可能已被审核团队拒绝。,無法上傳。素材名稱可能遭到過濾。
Studio.AssetImporter.Statuses.IncorrectR15Warning,,,This rig does not follow the guidelines of chosen rig type.,This rig does not follow the guidelines of chosen rig type.,لا يتبع rig هذا الإرشادات الخاصة بنوع rig المختار.,Dieses Rig entspricht nicht den Richtlinien des gewählten Rig-Typs.,Este rig no sigue las pautas del tipo de rig elegido.,Cette rig ne suit pas les directives du type de rig choisi.,यह रिग चुनी हुई रिग टाइप की गाइडलाइन का पालन नहीं करता है.,Rig ini tidak mematuhi panduan tipe rig yang dipilih.,Questo impianto non segue le linee guida del tipo di impianto scelto.,このリグは、選択されたリグタイプのガイドラインに従っていません。,이 리그는 선택한 리그 유형의 가이드라인을 따르고 있지 않습니다.,Ten szkielet nie jest zgodny z zaleceniami dla wybranego typu szkieletu.,Esta rig não segue as diretrizes do tipo de rig escolhida.,,Rig ไม่ปฏิบัติตามแนวทางประเภทของ Rig ที่เลือก,"Düzenek, seçili düzenek türü yönergelerine uymuyor.",Khung xương này không tuân theo các hướng dẫn của loại khung xương đã chọn.,此骨架未遵循所选骨架类型的准则。,此骨架未遵循所选骨架类型的准则。,此骨架未遵守指定骨架類型的準則。
Studio.AssetImporter.Statuses.CouldNotReadDiffuseError,,,Could not read the color map texture file associated with this object.,Could not read the color map texture file associated with this object.,تعذَّرت قراءة ملف هيئة خريطة الألوان المرتبط بهذا الكائن.,Die mit diesem Objekt verknüpfte Farb-Map-Texturdatei konnte nicht gelesen werden.,No se pudo leer el archivo de textura de mapa del color asociado con este objeto.,Impossible de lire le fichier de texture de la carte des couleurs associé à cet objet.,इस ऑब्जेक्ट से जुड़ी कलर मैप टेक्स्चर फ़ाइल नहीं पढ़ी जा सकी.,Tidak dapat membaca file tekstur peta warna yang berhubungan dengan objek ini.,Impossibile leggere il file di texture per la mappa di colori associato a questo oggetto.,このオブジェクトと関連したカラーマップ・テクスチャファイルを読み取れませんでした。,이 개체와 연결된 색상 맵 텍스처 파일을 읽을 수 없습니다.,Nie można odczytać pliku tekstury mapy kolorów powiązanego z tym obiektem.,Não foi possível ler o arquivo de mapa de cores associado a este objeto.,,ไม่สามารถอ่านไฟล์พื้นผิวแผนที่สีที่เกี่ยวข้องกับวัตถุนี้ได้,Nesneyle ilişkili renk haritası doku dosyası okunamadı.,Không thể đọc tệp kết cấu bản đồ màu được liên kết với đối tượng này.,无法读取与此对象关联的颜色贴图纹理文件。,无法读取与此对象关联的颜色贴图纹理文件。,無法讀取此物件相關的顏色圖紋理檔案。
Studio.AssetImporter.Statuses.DiffuseBadFileFormatError,,,Unsupported color map texture file format.,Unsupported color map texture file format.,تنسيق ملف هيئة خريطة الألوان غير مدعوم.,Nicht unterstütztes Farb-Map-Texturdateiformat.,Formato de archivo de textura de mapa del color no compatible.,Format de fichier de texture de carte de couleur non pris en charge.,इस कलर मैप टेक्स्चर फ़ाइल फ़ॉर्मैट के लिए सपोर्ट उपलब्ध नहीं है.,Format file tekstur peta warna tidak didukung.,Formato file di texture per la mappa di colori non supportato.,対応していないカラーマップ・テクスチャファイル形式です。,지원되지 않는 색상 맵 텍스처 파일 형식입니다.,Nieobsługiwany format pliku tekstury mapy kolorów.,Formato de textura de mapa de cores não suportado.,,รูปแบบไฟล์พื้นผิวแผนที่สีที่ไม่รองรับ,Renk haritası doku dosyası formatı desteklenmiyor.,Định dạng tệp kết cấu bản đồ màu không được hỗ trợ.,不支持的颜色贴图纹理文件格式,不支持的颜色贴图纹理文件格式,未支援的顏色圖紋理檔案格式。
Studio.AssetImporter.Statuses.CouldNotReadMetalnessError,,,Could not read the metalness texture file associated with this object.,Could not read the metalness texture file associated with this object.,تعذَّرت قراءة ملف الهيئة المعدنية المرتبط بهذا الكائن.,Die mit diesem Objekt verknüpfte Metallartigkeits-Texturdatei konnte nicht gelesen werden.,No se pudo leer el archivo de textura de metalidad asociado con este objeto.,Impossible de lire le fichier de texture métallisation associé à cet objet.,इस ऑब्जेक्ट से जुड़ी मेटलनेस टेक्स्चर फ़ाइल नहीं पढ़ी जा सकी.,Tidak dapat membaca file tekstur kelogaman yang berhubungan dengan objek ini.,Impossibile leggere il file di texture diffusa associato a questo oggetto.,このオブジェクトと関連した金属度テクスチャファイルを読み取れませんでした。,이 개체와 연결된 금속성 텍스처 파일을 읽을 수 없습니다.,Nie można odczytać pliku tekstury metaliczności powiązanego z tym obiektem.,Não foi possível ler o arquivo de textura metálica associado a este objeto.,,ไม่สามารถอ่านไฟล์พื้นผิวความเป็นโลหะที่เกี่ยวข้องกับวัตถุนี้ได้,Nesneyle ilişkili metaliklik doku dosyası okunamadı.,Không thể đọc tệp kết cấu kim loại được liên kết với đối tượng này.,无法读取与此对象关联的金属纹理文件。,无法读取与此对象关联的金属纹理文件。,無法讀取此物件相關的金屬性紋理檔案。
Studio.AssetImporter.Statuses.MetalnessBadFileFormatError,,,Unsupported metalness texture file format.,Unsupported metalness texture file format.,تنسيق ملف الهيئة المعدنية غير مدعوم.,Nicht unterstütztes Metallartigkeits-Texturdateiformat.,Formato de archivo de textura de metalidad no compatible.,Format de texture de métaux non pris en charge.,इस मेटलनेस टेक्स्चर फ़ाइल फ़ॉर्मैट के लिए सपोर्ट उपलब्ध नहीं है.,Format file tekstur kelogaman tidak didukung.,Formato di file di texture metalness non supportato.,対応していない金属度テクスチャのファイル形式です。,지원되지 않는 금속성 텍스처 파일 형식입니다.,Nieobsługiwany format pliku tekstury mapy metaliczności.,Formato de textura metálica não suportado.,,รูปแบบไฟล์พื้นผิวความเป็นโลหะที่ไม่รองรับ,Metaliklik doku dosyası formatı desteklenmiyor.,Định dạng tệp kết cấu kim loại không được hỗ trợ.,不支持的金属纹理文件格式。,不支持的金属纹理文件格式。,未支援的金屬性紋理檔案格式。
Studio.AssetImporter.Statuses.CouldNotReadRoughnessError,,,Could not read the roughness texture file associated with this object.,Could not read the roughness texture file associated with this object.,تعذَّرت قراءة ملف هيئة الخشونة المرتبط بهذا الكائن.,Die mit diesem Objekt verknüpfte Rauheits-Texturdatei konnte nicht gelesen werden.,No se pudo leer el archivo de textura de rugosidad asociado con este objeto.,Impossible de lire le fichier de texture de rugosité associé à cet objet.,इस ऑब्जेक्ट से जुड़ी रफ़नेस टेक्स्चर फ़ाइल नहीं पढ़ी जा सकी.,Tidak dapat membaca file tekstur kekasaran yang berhubungan dengan objek ini.,Impossibile leggere il file di texture ruvidità associato a questo oggetto.,このオブジェクトと関連した粗さテクスチャファイルを読み取れませんでした。,이 개체와 연결된 거칠기 텍스처 파일을 읽을 수 없습니다.,Nie można odczytać pliku tekstury mapy chropowatości powiązanego z tym obiektem.,Não foi possível ler o arquivo de textura ríspida associado a este objeto.,,ไม่สามารถอ่านไฟล์พื้นผิวความขรุขระที่เกี่ยวข้องกับวัตถุนี้ได้,Nesneyle ilişkili pürüzlülük doku dosyası okunamadı.,Không thể đọc tệp kết cấu độ nhám được liên kết với đối tượng này.,无法读取与此对象关联的粗糙度纹理文件。,无法读取与此对象关联的粗糙度纹理文件。,無法讀取此物件相關的粗糙度紋理檔案。
Studio.AssetImporter.Statuses.RoughnessBadFileFormatError,,,Unsupported roughness texture file format.,Unsupported roughness texture file format.,تنسيق ملف هيئة الخشونة غير مدعوم.,Nicht unterstütztes Rauheits-Texturdateiformat.,Formato de archivo de textura de rugosidad no compatible.,Format de fichier de texture de rugosité non pris en charge.,इस रफ़नेस टेक्स्चर फ़ाइल फ़ॉर्मैट के लिए सपोर्ट उपलब्ध नहीं है.,Format file tekstur kekasaran tidak didukung.,Formato di file di texture ruvidità non supportato.,対応していない粗さのテクスチャファイル形式です。,지원되지 않는 거칠기 텍스처 파일 형식입니다.,Nieobsługiwany format pliku tekstury mapy chropowatości.,Formato de textura ríspida não suportado.,,รูปแบบไฟล์พื้นผิวความขรุขระที่ไม่รองรับ,Pürüzlülük doku dosyası formatı desteklenmiyor.,Định dạng tệp kết cấu độ nhám không được hỗ trợ.,不支持的粗糙度纹理文件格式。,不支持的粗糙度纹理文件格式。,未支援的粗糙度紋理檔案格式。
Studio.AssetImporter.Statuses.CouldNotReadNormalError,,,Could not read the normal texture file associated with this object.,Could not read the normal texture file associated with this object.,تعذَّرت قراءة ملف الهيئة العادية المرتبط بهذا الكائن.,Die mit diesem Objekt verknüpfte normale Texturdatei konnte nicht gelesen werden.,No se pudo leer el archivo de textura normal asociado con este objeto.,Impossible de lire le fichier de texture normale associé à cet objet.,इस ऑब्जेक्ट से जुड़ी नॉर्मल टेक्स्चर फ़ाइल नहीं पढ़ी जा सकी.,Tidak dapat membaca file tekstur normal yang berhubungan dengan objek ini.,Impossibile leggere il file di texture normale associato a questo oggetto.,このオブジェクトと関連した標準テクスチャファイルを読み取れませんでした。,이 개체와 연결된 일반 텍스처 파일을 읽을 수 없습니다.,Nie można odczytać pliku tekstury mapy normalnych powiązanego z tym obiektem.,Não foi possível ler o arquivo de textura normal associado a este objeto.,,ไม่สามารถอ่านไฟล์พื้นผิวปกติที่เกี่ยวข้องกับวัตถุนี้ได้,Nesneyle ilişkili normal doku dosyası okunamadı.,Không thể đọc tệp kết cấu bình thường được liên kết với đối tượng này.,无法读取与此对象关联的法线纹理文件。,无法读取与此对象关联的法线纹理文件。,無法讀取此物件相關的法線紋理檔案。
Studio.AssetImporter.Statuses.NormalBadFileFormatError,,,Unsupported normal texture file format.,Unsupported normal texture file format.,تنسيق ملف الهيئة العادية غير مدعوم.,Nicht unterstütztes normales Texturdateiformat.,Formato del archivo de textura normal no compatible.,Format de fichier de texture normale non pris en charge.,इस टेक्स्चर फ़ाइल फ़ॉर्मैट के लिए सपोर्ट उपलब्ध नहीं है.,Format file tekstur normal tidak didukung.,Formato di file di texture normale non supportato.,対応していない通常テクスチャファイル形式です。,지원되지 않는 일반 텍스처 파일 형식입니다.,Nieobsługiwany format pliku tekstury mapy normalnych.,Formato de textura normal não suportado.,,รูปแบบไฟล์พื้นผิวปกติที่ไม่รองรับ,Normal doku dosyası formatı desteklenmiyor.,Định dạng tệp kết cấu bình thường không được hỗ trợ.,不支持的法线纹理文件格式。,不支持的法线纹理文件格式。,未支援的法線紋理檔案格式。
Studio.AssetImporter.Properties.DiffuseFilePath,,,Color File Path,Color File Path,مسار ملف اللون,Farbdateipfad,Ruta de archivo del color,Chemin du fichier de couleur,कलर फ़ाइल पाथ,Jalur File Warna,Percorso file di colori,ファイルパスを色づけ,색상 파일 경로,Ścieżka do pliku mapy kolorów,Caminho do arquivo de cores,,เส้นทางไฟล์สี,Renk dosyası yolu,Đường Dẫn Tệp Màu,颜色文件路径,颜色文件路径,顏色檔案路徑
Studio.AssetImporter.Properties.NormalFilePath,,,Normal File Path,Normal File Path,مسار الملف العادي,Dateipfad für Normal,Ruta de archivo normal,Chemin de fichier normal,नॉर्मल फ़ाइल पाथ,Jalur File Normal,Percorso file normale,通常のファイルパス,일반 파일 경로,Ścieżka do pliku mapy normalnych,Caminho do arquivo normal,,เส้นทางไฟล์ปกติ,Normal dosya yolu,Đường Dẫn Tệp Thông Thường,法线文件路径,法线文件路径,法線檔案路徑
Studio.AssetImporter.Properties.MetalnessFilePath,,,Metalness File Path,Metalness File Path,مسار ملف المعدنية,Dateipfad für Metallartigkeit,Ruta de archivo de metalidad,Chemin du fichier de métallisation,मेटलनेस फ़ाइल पाथ,Jalur File Kelogaman,Percorso file metalness,金属度ファイルパス,금속성 파일 경로,Ścieżka do pliku mapy metaliczności,Caminho do arquivo metálico,,เส้นทางไฟล์ความเป็นโลหะ,Metaliklik dosyası yolu,Đường Dẫn Tệp Kim Loại,金属文件路径,金属文件路径,金屬性檔案路徑
Studio.AssetImporter.Properties.RoughnessFilePath,,,Roughness File Path,Roughness File Path,مسار ملف الخشونة,Dateipfad für Rauheit,Ruta de archivo de rugosidad,Chemin du fichier de rugosité,रफनेस फ़ाइल पाथ,Jalur File Kekasaran,Percorso file ruvidità,粗さファイルパス,거칠기 파일 경로,Ścieżka do pliku mapy chropowatości,Caminho do arquivo ríspido,,เส้นทางไฟล์ความขรุขระ,Pürüzlülük dosyası yolu,Đường Dẫn Tệp Độ Nhám,粗糙度文件路径,粗糙度文件路径,粗糙度檔案路徑
Studio.AssetImporter.Properties.NoFilePath,,,No file provided,No file provided,لم يتم توفير ملف,Keine Datei bereitgestellt,Ningún archivo proporcionado,Aucun fichier fourni,कोई फ़ाइल नहीं दी गई,Tidak ada file yang diberikan,Nessun file fornito,ファイルが提供されていません,제공된 파일이 없습니다,Nie dostarczono pliku,Nenhum arquivo fornecido,,ไม่มีไฟล์ที่ให้มา,Dosya sağlanmadı,Không có tệp nào được cung cấp,未提供文件,未提供文件,未提供檔案
Studio.AssetImporter.PropertiesTooltip.DiffuseFilePath,,,The file path of the color map. The color map is an RGB[A] image used to determine the base color of the surface.,The file path of the color map. The color map is an RGB[A] image used to determine the base color of the surface.,مسار ملف خريطة الألوان. خريطة الألوان هي صورة RGB[A] تستخدم لتحديد اللون الأساسي للسطح.,"Der Dateipfad für die Farb-Map. Die Farb-Map ist ein RGB[A]-Bild, das verwendet wird, um die Grundfarbe der Oberfläche zu bestimmen.",La ruta del archivo de mapa del color. El mapa del color es una imagen RGB[A] usada para determinar el color base de la superficie.,Le chemin du fichier de la carte des couleurs. La carte des couleurs est une image RVB[A] utilisée pour déterminer la couleur de base de la surface.,कलर मैप का फ़ाइल पाथ. कलर मैप एक RGB[A] इमेज होती है जिसका उपयोग सरफ़ेस का बेस कलर तय करने के लिए किया जाता है.,Jalur file peta warna. Peta warna adalah gambar RGB[A] yang digunakan untuk menentukan warna dasar permukaan.,Il percorso del file della mappa di colori. La mappa di colori è un'immagine RGB[A] utilizzata per determinare il colore di base della superficie.,カラーマップのファイルパス。カラーマップは、表面のベースカラーを決定するために使用される RGB[A] 画像。,색상 맵의 파일 경로입니다. 색상 맵은 표면의 기본 색상을 결정하는 데 사용되는 RGB[A] 이미지입니다.,Ścieżka do pliku mapy kolorów. Mapa kolorów to obraz RGB[A] użyty do ustalenia koloru podstawowego powierzchni.,O caminho do arquivo de mapa de cores. O mapa de cores é uma imagem RGB[A] usada para determinar a cor base da superfície.,,เส้นทางไฟล์ของแผนที่สี แผนที่สีคือภาพ RGB[A] ที่ใช้ในการพิจารณาสีพื้นฐานของพื้นผิว,"Renk haritasının dosya yolu. Renk haritası, yüzeyin taban rengini belirlemek için kullanılan RGB[A] bir görseldir.",Đường dẫn tệp của bản đồ màu. Bản đồ màu là hình ảnh RGB[A] được sử dụng để xác định màu cơ bản của bề mặt.,颜色贴图文件路径。颜色贴图是一种确定表明的基准颜色的 RGB[A] 图像。,颜色贴图文件路径。颜色贴图是一种确定表明的基准颜色的 RGB[A] 图像。,顏色圖的檔案路徑。顏色圖是決定表面基本顏色的 RGB[A] 圖像。
Studio.AssetImporter.PropertiesTooltip.NormalFilePath,,,The file path of the normal map. The normal map is an RGB image used to enhance surface details for lighting.,The file path of the normal map. The normal map is an RGB image used to enhance surface details for lighting.,مسار ملف الخريطة العادية. الخريطة العادية هي صورة RGB تُستخدم لتعزيز تفاصيل السطح للإضاءة.,"Der Dateipfad für die normale Map. Die normale Map ist ein RGB-Bild, das verwendet wird, um Oberflächendetails für die Beleuchtung zu verbessern.",La ruta del archivo de mapa normal. El mapa normal es una imagen RGB usada para mejorar los detalles de la superficie para la iluminación.,Le chemin du fichier de la carte normale. La carte normale est une image RVB utilisée pour améliorer les détails de la surface pour l'éclairage.,नॉर्मल मैप का फ़ाइल पाथ. नॉर्मल मैप एक RGB इमेज होती है जिसका उपयोग लाइटिंग के लिए सरफे़स डिटेल्स को बढ़ाने के लिए किया जाता है.,Jalur file peta normal. Peta normal adalah gambar RGB yang digunakan untuk menyempurnakan detail permukaan untuk pencahayaan.,Il percorso del file della mappa normale. La mappa normale è un'immagine RGB usata per migliorare i dettagli della superficie per l'illuminazione.,標準マップのファイルパス。標準マップは、照明用に表面の細部を強化するのに使用されるRGB画像。,일반 맵의 파일 경로입니다. 일반 맵은 조명의 표면 세부 사항을 향상시키는 데 사용되는 RGB 이미지입니다.,Ścieżka do pliku mapy normalnych. Mapa normalnych to obraz RGB użyty do zwiększenia szczegółowości powierzchni na potrzeby oświetlenia.,O caminho de arquivo do mapa normal. O mapa normal é uma imagem RGB usada para melhorar os detalhes de superfície para iluminação.,,เส้นทางไฟล์ของแผนที่ปกติ แผนที่ปกติคือภาพ RGB ที่ใช้ในการเสริมรายละเอียดพื้นผิวสำหรับการจัดแสง,"Normal haritasının dosya yolu. Normal haritası, yüzeydeki aydınlatma detaylarını iyileştirmek için kullanılan RGB bir görseldir.",Đường dẫn tệp của bản đồ bình thường. Bản đồ bình thường là hình ảnh RGB được sử dụng để tăng cường chi tiết bề mặt cho mục đích chiếu sáng.,法线贴图文件路径。法线贴图是一种增强表面亮光细节的 RGB 图像。,法线贴图文件路径。法线贴图是一种增强表面亮光细节的 RGB 图像。,法線圖的檔案路徑。法線圖是為了照明加強表面細節用的 RGB 圖像。
Studio.AssetImporter.PropertiesTooltip.MetalnessFilePath,,,The file path of the metalness map. The metalness map is a grayscale image used to determine how metallic a surface should look.,The file path of the metalness map. The metalness map is a grayscale image used to determine how metallic a surface should look.,مسار ملف خريطة المعدن. خريطة المعدن هي صورة بتدرج الرمادي تُستخدم لتحديد مدى لمعان السطح المعدني.,"Der Dateipfad für die Metalligkeits-Map. Die Metalligkeits-Map ist ein Graustufenbild, mit dem festgelegt wird, wie metallisch eine Oberfläche aussehen soll.",La ruta del archivo de mapa de metalidad. El mapa de metalidad es una imagen de escala de grises usada para determinar cómo debe verse una superficie metálica.,Le chemin du fichier de la carte métallisée. La carte des métaux est une image en niveaux de gris utilisée pour déterminer à quel point une surface métallique doit être métallisée.,मेटलनेस मैप का फ़ाइल पाथ. मेटलनेस मैप एक ग्रे-स्केल इमेज होती है जिसका उपयोग यह तय करने के लिए किया जाता है कि सरफ़ेस कैसी दिखनी चाहिए.,Jalur file peta kelogaman. Peta kelogaman adalah gambar skala abu-abu yang digunakan untuk menentukan seberapa metalik tampilan suatu permukaan.,Il percorso del file della mappa di metallicità. La mappa di metallicità è un'immagine in scala di grigi usata per determinare come dovrebbe apparire una superficie metallica.,金属度マップのファイルパス。金属度マップは、表面がどの程度メタリックに見えるかを決めるのに使われるグレースケール画像。,금속성 맵의 파일 경로입니다. 금속성 맵은 표면의 금속성 정도를 결정하는 데 사용되는 회색조 이미지입니다.,Ścieżka do pliku mapy metaliczności. Mapa metaliczności to obraz w skali szarości użyty do ustalenia wyglądu powierzchni metalicznych.,O caminho do arquivo do mapa metálico. O mapa metálico é uma imagem cinza usada para determinar quão metálica a superfície deve parecer.,,เส้นทางไฟล์ของแผนที่ความเป็นโลหะ แผนที่ความเป็นโลหะคือภาพสเกลสีเทาที่ใช้ในการพิจารณาว่าพื้นผิวโลหะควรมีลักษณะเป็นอย่างไร,"Metaliklik haritasının dosya yolu. Metaliklik haritası, bir yüzeyin ne kadar metalik görüneceğini belirlemek için kullanılan gri tonlama görseldir.",Đường dẫn tệp của bản đồ kim loại. Bản đồ kim loại là ảnh xám được sử dụng để xác định bề mặt kim loại trông như thế nào.,金属度贴图文件路径。金属度贴图是一种确定表面金属光泽程度的灰度图像。,金属度贴图文件路径。金属度贴图是一种确定表面金属光泽程度的灰度图像。,金屬性圖的檔案路徑。金屬性圖是決定表面外觀金屬性的灰階圖像。
Studio.AssetImporter.PropertiesTooltip.RoughnessFilePath,,,The file path of the roughness map. The roughness map is a grayscale image used to determine how light should be reflected off a surface.,The file path of the roughness map. The roughness map is a grayscale image used to determine how light should be reflected off a surface.,مسار ملف خريطة الخشونة. خريطة الخشونة هي صورة بتدرج الرمادي تُستخدم لتحديد كيفية انعكاس الضوء عن السطح.,"Der Dateipfad für die Rauheits-Map. Die Rauheits-Map ist ein Graustufenbild, mit dem festgelegt wird, wie das Licht von einer Oberfläche reflektiert werden soll.",La ruta del archivo de mapa de rugosidad. El mapa de rugosidad es una imagen de escala de grises usada para determinar cómo la luz debe reflejarse en una superficie.,Le chemin du fichier de la carte de rugosité. La carte de rugosité est une image en niveaux de gris utilisée pour déterminer comment la lumière doit être reflétée sur une surface.,रफ़नेस मैप का फ़ाइल पाथ. रफ़नेस मैप एक ग्रे-स्केल इमेज होती है जिसका उपयोग यह तय करने के लिए किया जाता है कि सरफ़ेस से प्रकाश कैसे रिफ़्लेक्ट होना चाहिए.,Jalur file peta kekasaran. Peta kekasaran adalah gambar skala abu-abu yang digunakan untuk menentukan cara sinar terpantul dari permukaan.,Il percorso del file della mappa di ruvidità. La mappa di ruvidità è un'immagine in scala di grigi usata per determinare come la luce dovrebbe essere riflessa da una superficie.,粗さマップのファイルパス。粗さマップは、表面から光がどのように反射するかを決定するのに使用されるグレースケールの画像です。,거칠기 맵의 파일 경로입니다. 거칠기 맵은 빛이 표면에서 반사되는 방식을 결정하는 데 사용되는 회색조 이미지입니다.,"Ścieżka do pliku mapy chropowatości. Mapa chropowatości to obraz w skali szarości użyty do ustalenia, w jaki sposób światło odbija się od powierzchni.",O caminho do arquivo do mapa de rispidez. O mapa de rispidez é uma imagem cinza usada para determinar como a luz deve ser refletida em uma superfície.,,เส้นทางไฟล์ของแผนที่ความขรุขระ แผนที่ความขรุขระคือภาพสเกลสีเทาที่ใช้ในการพิจารณาว่าแสงควรตกกระทบบนพื้นผิวอย่างไร,"Pürüzlülük haritasının dosya yolu. Pürüzlülük haritası, ışığın yüzeyden nasıl yansıtılacağını belirlemek için kullanılan gri tonlama görseldir.",Đường dẫn đến tệp bản đồ độ nhám. Bản đồ độ nhám là một ảnh xám được sử dụng để xác định cách ánh sáng phản chiếu trên bề mặt.,粗糙度贴图文件路径。粗糙度贴图是一种确定表面光照反射程度的灰度图像。,粗糙度贴图文件路径。粗糙度贴图是一种确定表面光照反射程度的灰度图像。,粗糙度圖的檔案路徑。粗糙度圖是決定表面反射光線方式的灰階圖像。
Studio.AssetImporter.PreviewTooltip.ResetCam,,,Reset camera,Reset camera,إعادة تعيين الكاميرا,Kamera zurücksetzen,Restablecer cámara,Réinitialiser la caméra,कैमरा रीसेट करें,Reset kamera,Reimposta fotocamera,カメラをリセット,카메라 재설정,Zresetuj kamerę,Reiniciar câmera,,รีเซ็ตกล้อง,Kamerayı sıfırla,Đặt lại camera,重置视角,重置视角,重置攝影機
Studio.AssetImporter.Properties.Manifold,,,Manifold,Manifold,متشعبة,Mannigfaltig,Múltiples,Manifold,मैनिफ़ोल्ड,Manifold,Manifold,多様体,다양체,Manifold,Múltipla,,แมนิโฟลด์,Çok katlı,Đa tạp,流形,流形,流形
Studio.AssetImporter.Statuses.CageManifoldWarning,,,This cage mesh is not a manifold. Non-manifold area is marked in the preview render,This cage mesh is not a manifold. Non-manifold area is marked in the preview render,أصل mesh هذا للقفص ليس متشعبًا. يتم وضع علامة على المنطقة غير المتشعبة في عرض المعاينة,Dieses Kafig-Mesh ist keine Mannigfaltigkeit. Der nicht-mannigfaltige Bereich ist in der Rendervorschau markiert,Esta malla de jaula no es múltiple. El área no múltiple está marcada en la vista previa,Ce maillage de la cage n'est pas un manifold. La zone non-manifold est marquée dans le rendu de l'aperçu,यह केज मेश मैनिफ़ोल्ड नहीं है. नॉन-मैनिफ़ोल्ड एरिया प्रीव्यू रेंडर में मार्क किया गया है,Mesh cage ini bukan manifold. Area non-manifold ditandai di render preview,Questa rete di gabbia non è un manifold. L'area non manifold è contrassegnata nel rendering di anteprima,このケージメッシュは多様体ではありません。非多様体エリアは、プレビューのレンダリングでマークされています,이 케이지 메시는 다양체가 아닙니다. 비다양체 영역은 미리 보기 렌더링에 표시됩니다.,Ta siatka obramowania nie jest siatką typu manifold. Obszar typu non-manifold jest oznaczony na podglądzie renderu.,Esta malha de gaiola não é múltipla. A área não multifacetada é marcada na renderização de gaiolas,,เมช Cage นี้ไม่ใช่แมนิโฟลด์ พื้นที่ที่ไม่ใช่แมนิโฟลด์จะถูกทำเครื่องหมายในการเรนเดอร์,Bu kafes mesh yapısı çok katlı değil. Çok katlı olmayan bölgeler ön izleme işlenirken işaretlenir,Mesh khung này không phải là cấu trúc đa tạp. Khu vực không đa tạp được đánh dấu trong bản kết xuất xem trước,此围笼网格并非流形。非流形区域已于预览渲染中标记出来。,此围笼网格并非流形。非流形区域已于预览渲染中标记出来。,此圍籠網格不是流形。非流形區域已在預覽成像標出
Studio.AssetImporter.Statuses.CageOverlappingVerticesWarning,,,"Multiple vertices share identical or near-identical positions, which can cause deformation issues, and they are marked in the preview render.","Multiple vertices share identical or near-identical positions, which can cause deformation issues, and they are marked in the preview render.",تشترك القمم المتعددة في مواضع متطابقة أو شبه متطابقة، مما قد يتسبب في حدوث مشكلات تشوه، ويتم تمييزها في عرض المعاينة.,"Mehrere Eckpunkte haben identische oder nahezu identische Positionen, was zu Verformungsproblemen führen kann. Diese werden in der Rendervorschau markiert.",Múltiples vértices comparten posiciones idénticas o casi idénticas que pueden causar problemas de deformación y están marcadas en el renderizado de la previsualización.,"Plusieurs sommets partagent des positions identiques ou quasi identiques, ce qui peut entraîner des problèmes de déformation, et ils sont marqués dans le rendu de l'aperçu.","अनेक वर्टेक्स की पोज़ीशन एक-जैसी या लगभग एक-जैसी है, जिससे डीफ़ॉर्मेशन की समस्याएँ पैदा हो सकती हैं, और उन्हें प्रीव्यू रेंडर में मार्क किया गया है.",Beberapa titik sudut memiliki posisi yang identik atau hampir identik sehingga dapat menyebabkan masalah deformasi. Titik-titik sudut ini ditandai di render preview.,"I vertici multipli condividono posizioni identiche o quasi identiche, che possono causare problemi di deformazione, e sono contrassegnati nel rendering di anteprima.",複数の頂点が同じか、ほぼ同じの近くの位置を共有し、変形の問題を引き起こす可能性があると、プレビューレンダリングでマークされます。,"여러 정점이 동일하거나 거의 동일한 위치를 공유하므로 변형 문제가 발생할 수 있으며, 이는 미리 보기 렌더링에 표시됩니다.","Wiele wierzchołków ma identyczne lub prawie identyczne pozycje, co może powodować problemy z deformacją. Zaznaczono je w podglądzie renderu.","Múltiplos vértices compartilham posições idênticas ou quase idênticas, o que pode causar problemas de deformação e eles são marcados renderizador de prévia.",,จุดยอดหลายจุดมีตำแหน่งเดียวกันหรือใกล้เคีัยงกันมาก ซึ่งอาจก่อให้เกิดปัญหาในการเปลี่ยนรูปร่าง และจะถูกทำเครื่องหมายในการเรนเดอร์,"Birden fazla köşenin aynı ya da birbirine çok yakın konumlarda bulunması biçimsizleşme sorunlarına yol açabilir, bu köşeler ön izleme işlenirken işaretlenir.","Nhiều đỉnh có vị trí giống nhau hoặc gần giống nhau, điều này có thể gây biến dạng và chúng được đánh dấu trong bản kết xuất xem trước.",多个顶点共用相同或近乎相同的位置，这可能会导致变形问题。这些顶点已于预览渲染中标记出来。,多个顶点共用相同或近乎相同的位置，这可能会导致变形问题。这些顶点已于预览渲染中标记出来。,有多個頂點使用相同或幾乎相同的位置，可能會造成變形問題。該頂點已在預覽成像標出。
Studio.AssetImporter.Properties.InsertWithScenePosition,,,Insert Using Scene Position,Insert Using Scene Position,إدراج باستخدام موضع المشهد,Mittels Szenenposition einfügen,Insertar usando la posición de escena,Insérer à l'aide de la position de la scène,सीन पोज़ीशन का इस्तेमाल करके इन्सर्ट करें,Masukkan Menggunakan Posisi Adegan,Inserisci la posizione della scena,シーン位置を使用して挿入,씬 위치를 사용해 삽입,Wstaw przy użyciu pozycji sceny,Inserir usando a posição da cena,,แทรกโดยใช้ตำแหน่งฉาก,Sahne konumu kullanarak ekle,Chèn Bằng Vị Trí Cảnh,使用场景位置插入,使用场景位置插入,使用場景位置插入
Studio.AssetImporter.Properties.UseSceneOriginAsPivot,,,Set Pivot to Scene Origin,Set Pivot to Scene Origin,تعيين المحور إلى أصل المشهد,Drehpunkt auf Szenenursprung setzen,Fijar pivote a origen de escena,Définir le pivot à l'origine de la scène,पिवट को सीन ऑरिजिन पर सेट करें,Atur Pivot ke Asal Adegan,Imposta il perno all'origine della scena,ピボットをシーン起源に設定,피벗을 씬 원점으로 설정,Ustaw punkt obrotu w miejscu początkowym sceny,Definir pivô para a origem da cena,,ตั้งค่าจุดหมุนเป็นแบบดั้งเดิมของฉาก,Ekseni sahne orijinine ayarla,Đặt Điểm Xoay Là Gốc Cảnh,将枢轴设为场景原点,将枢轴设为场景原点,將軸點設為場景原點
Studio.AssetImporter.Properties.CageManifoldPreview,,,Non-Manifold Geometry,Non-Manifold Geometry,هندسة غير متشعبة,Nicht-mannigfaltige Geometrie,Geometría no múltiple,Géométrie non-maniforme,नॉन-मैनिफ़ोल्ड ज्योमेट्री,Geometri Non-Manifold,Geometria non-manifold,非多様体ジオメトリ,비다양체 지오메트리,Geometria typu non-manifold,Geometria não-múltipla,,รูปทรงที่ไม่ใช่แมนิโฟลด์,Çok katlı olmayan geometri,Cấu Trúc Không Đa Tạp,非流形几何,非流形几何,非流形幾何
Studio.AssetImporter.Properties.CageNoOverlappingVerticesPreview,,,Coincident Vertices,Coincident Vertices,قمم متزامنة,Gleiche Eckpunkte,Vértices coincidentes,Sommets coïncidents,कोइंसीडेंट वर्टेक्स,Titik Sudut Sama,Vertici coincidenti,一致する頂点,일치 정점,Zbieżne wierzchołki,Vértices coincidentes,,จุดยอดที่ตรงกัน,Çakışan köşeler,Đỉnh Ngẫu Nhiên,顶点重合,顶点重合,重合頂點
Studio.AssetImporter.PropertiesTooltip.CageManifoldPreview,,,"This cage has non-manifold geometry, which can cause deformation issues. Non-manifold area is marked in the preview render","This cage has non-manifold geometry, which can cause deformation issues. Non-manifold area is marked in the preview render",يحتوي هذا القفص على هندسة غير متشعبة، مما قد يتسبب في حدوث مشكلات تشوه. يتم وضع علامة على المنطقة غير المتشعبة في عرض المعاينة,"Dieser Cage hat eine nicht-mannigfaltige Geometrie, die zu Verformungsproblemen führen kann. Der nicht-mannigfaltige Bereich ist in der Rendervorschau markiert",Esta jaula tiene geometría no múltiple que puede causar problemas de deformación. El área no múltiple está marcada en la vista previa,"Cette cage a une géométrie non-maniforme, ce qui peut causer des problèmes de déformation. La zone non-maniforme est marquée dans le rendu de l'aperçu","इस केज में नॉन-मैनिफ़ोल्ड ज्योमेट्री है, जिससे डीफ़ॉर्मेशन की समस्याएँ पैदा हो सकती हैं. नॉन-मैनिफ़ोल्ड एरिया प्रीव्यू रेंडर में मार्क किया गया है",Cage ini memiliki geometri non-manifold sehingga dapat menyebabkan masalah deformasi. Area non-manifold ditandai di render preview,"Questa gabbia ha una geometria non manifold, che può causare problemi di deformazione. L'area non manifold è contrassegnata nel rendering di anteprima",このゲージには、変形の問題を起こす可能性のある非多様体ジオメトリがあります。非多様体エリアは、プレビューのレンダリングでマークされています,이 케이지에는 변형 문제를 일으킬 수 있는 비다양체 지오메트리가 있습니다. 비다양체 영역은 미리 보기 렌더링에 표시됩니다.,"To obramowanie ma geometrię typu non-manifold, co może powodować problemy z deformacją. Obszar typu non-manifold jest oznaczony na podglądzie renderu.","Esta gaiola tem geometria não múltipla, o que pode causar problemas de deformação. A área não múltipla é marcada na prévia de renderização",,Cage นี้มีรูปทรงที่ไม่ใช่แมนิโฟลด์ ซึ่งอาจก่อให้เกิดปัญหาในการเปลี่ยนรูปร่าง พื้นที่ที่ไม่ใช่แมนิโฟลด์จะถูกทำเครื่องหมายในการเรนเดอร์ตัวอย่าง,Kafes mesh yapısında çok katlı olmayan geometri bulunması biçimsizleşme sorunlarına yol açabilir. Çok katlı olmayan bölgeler ön izleme işlenirken işaretlenir,"Khung lưới này có cấu trúc không đa tạp, có thể gây biến dạng. Khu vực không đa tạp được đánh dấu trong bản kết xuất xem trước",此围笼具有非流形几何，可能会导致变形问题。非流形区域已于预览渲染中标记出来。,此围笼具有非流形几何，可能会导致变形问题。非流形区域已于预览渲染中标记出来。,此圍籠使用非流形幾何，可能會造成變形問題。非流形區域已在預覽成像標出
Studio.AssetImporter.PropertiesTooltip.CageNoOverlappingVerticesPreview,,,"Multiple vertices share identical or near-identical positions, which can cause deformation issues, and they are marked in the preview render","Multiple vertices share identical or near-identical positions, which can cause deformation issues, and they are marked in the preview render",تشترك القمم المتعددة في مواضع متطابقة أو شبه متطابقة، مما قد يتسبب في حدوث مشكلات تشوه، ويتم تمييزها في عرض المعاينة,"Mehrere Eckpunkte haben identische oder nahezu identische Positionen, was zu Verformungsproblemen führen kann. Diese werden in der Rendervorschau markiert",Múltiples vértices comparten posiciones idénticas o casi idénticas que pueden causar problemas de deformación y están marcados en la vista previa de renderizado,"Plusieurs sommets partagent des positions identiques ou quasi identiques, ce qui peut entraîner des problèmes de déformation, et ils sont marqués dans le rendu de l'aperçu","अनेक वर्टेक्स की पोज़ीशन एक-जैसी या लगभग एक-जैसी है, जिससे डीफ़ॉर्मेशन की समस्याएँ पैदा हो सकती हैं और उन्हें प्रीव्यू रेंडर में मार्क किया गया है",Beberapa titik sudut memiliki posisi yang identik atau hampir identik sehingga dapat menyebabkan masalah deformasi. Titik-titik sudut ini ditandai di render preview,"I vertici multipli condividono posizioni identiche o quasi identiche, che possono causare problemi di deformazione, e sono contrassegnati nel rendering di anteprima",複数の頂点が同じか、ほぼ同じの近くの位置を共有し、変形の問題を引き起こす可能性があると、プレビューレンダリングでマークされます。,"여러 정점이 동일하거나 거의 동일한 위치를 공유하므로 변형 문제가 발생할 수 있으며, 이는 미리 보기 렌더링에 표시됩니다.","Wiele wierzchołków ma identyczne lub prawie identyczne pozycje, co może powodować problemy z deformacją. Zaznaczono je w podglądzie renderu.","Múltiplos vértices compartilham posições idênticas ou quase idênticas, o que pode causar problemas de deformação e eles são marcados renderizador de prévia",,จุดยอดหลายจุดมีตำแหน่งเดียวกันหรือใกล้เคีัยงกันมาก ซึ่งอาจก่อให้เกิดปัญหาในการเปลี่ยนรูปร่าง และจะถูกทำเครื่องหมายในการเรนเดอร์,"Birden fazla köşenin aynı ya da birbirine çok yakın konumlarda bulunması biçimsizleşme sorunlarına yol açabilir, bu köşeler ön izleme işlenirken işaretlenir","Nhiều đỉnh có vị trí giống nhau hoặc gần giống nhau, điều này có thể gây biến dạng và chúng được đánh dấu trong bản kết xuất xem trước",多个顶点共用相同或近乎相同的位置，这可能会导致变形问题。这些顶点已于预览渲染中标记出来。,多个顶点共用相同或近乎相同的位置，这可能会导致变形问题。这些顶点已于预览渲染中标记出来。,有多個頂點使用相同或幾乎相同的位置，可能會造成變形問題。該頂點已在預覽成像標出
Studio.AssetImporter.PropertiesTooltip.InsertWithScenePosition,,,If this object should be inserted using its location in the imported scene,If this object should be inserted using its location in the imported scene,إذا كان يجب إدراج هذا الكائن باستخدام موقعه في المشهد المستورد,Ob dieses Objekt anhand seiner Position in der importierten Szene eingefügt werden soll,Si este objeto debe insertarse usando su ubicación en la escena importada,Si cet objet doit être inséré en utilisant son emplacement dans la scène importée,अगर इस ऑब्जेक्ट को इंपोर्टेड व्यू में इसकी लोकेशन का उपयोग करके इंसर्ट करना हो,Menentukan apakah objek ini harus dimasukkan menggunakan lokasinya dalam adegan yang diimpor atau tidak,Se questo oggetto deve essere inserito usando la sua posizione nella scena importata,このオブジェクトをインポートされたシーンでの位置を使用して挿入する必要がある場合,가져온 씬의 해당 위치를 사용해 이 개체를 삽입할지 여부,Czy ten obiekt ma zostać wstawiony do importowanej sceny przy użyciu jego lokalizacji,Se este objeto deve ser inserido usando sua localização na cena importada,,หากควรแทรกวัตถุนี้โดยใช้ตำแหน่งในฉากที่นำเข้า,İçe aktarılan sahnede bu nesne eklenirken konumunun kullanılıp kullanılmayacağı,Nếu đối tượng này được chèn bằng cách sử dụng vị trí của nó trong cảnh được nhập,如果此对象应使用它在导入场景中的位置插入,如果此对象应使用它在导入场景中的位置插入,此物件是否使用匯入場景的位置插入
Studio.AssetImporter.PropertiesTooltip.UseSceneOriginAsPivot,,,If the model's pivot point should be set at the imported scene's origin,If the model's pivot point should be set at the imported scene's origin,إذا كان يجب تعيين نقطة محورية للنموذج في أصل المشهد المستورد,Ob der Drehpunkt des Modells auf den Ursprung der importierten Szene gesetzt werden soll,Si el punto pivote del modelo debe establecerse en el origen de la escena importada,Si le point de pivot du modèle doit être défini à l'origine de la scène importée,अगर मॉडल का पिवट पॉइंट इंपोर्टेड सीन के ओरिजिन पर सेट करना हो,Menentukan apakah titik pivot model harus diletakkan di asal adegan yang diimpor atau tidak,Se il punto di perno del modello deve essere impostato all'origine della scena importata,モデルのピボットポイントをインポートされたシーン起源に設定する必要がある場合,모델의 피벗 포인트가 가져온 씬의 원점에 설정될지 여부,Czy punkt obrotu modelu ma być ustawiony w punkcie początkowym importowanej sceny,Se o ponto pivô do modelo deve ser definido na origem da cena importada,,หากควรกำหนดจุดหมุนของโมเดลไว้ที่จุดกำเนิดของฉากที่นำเข้า,Modelin eksen noktasının içe aktarılan sahne orijininde ayarlanıp ayarlanmayacağı,Nếu điểm xoay của mô hình được đặt ở gốc cảnh được nhập,如果模型的枢轴点应设在导入场景的原点,如果模型的枢轴点应设在导入场景的原点,模型的軸點是否涉在匯入場景的原點
Studio.AssetImporter.Statuses.CageNonManifoldWarning,,,"This cage has non-manifold geometry, which can cause deformation issues. Non-manifold area is marked in the preview render.","This cage has non-manifold geometry, which can cause deformation issues. Non-manifold area is marked in the preview render.",يحتوي هذا القفص على هندسة غير متشعبة، مما قد يتسبب في حدوث مشكلات تشوه. يتم وضع علامة على المنطقة غير المتشعبة في عرض المعاينة.,"Dieser Cage hat eine nicht-mannigfaltige Geometrie, die zu Verformungsproblemen führen kann. Der nicht-mannigfaltige Bereich ist in der Rendervorschau markiert.",Esta jaula tiene geometría no múltiple que puede causar problemas de deformación. El área no múltiple está marcada en el renderizado de vista previa.,"Cette cage a une géométrie non-maniforme, ce qui peut causer des problèmes de déformation. La zone non-maniforme est marquée dans le rendu de l'aperçu.","इस केज में नॉन-मैनिफ़ोल्ड ज्योमेट्री है, जिससे डीफ़ॉर्मेशन की समस्याएँ पैदा हो सकती हैं. नॉन-मैनिफ़ोल्ड एरिया प्रीव्यू रेंडर में मार्क किया गया है.",Cage ini memiliki geometri non-manifold sehingga dapat menyebabkan masalah deformasi. Area non-manifold ditandai di render preview.,"Questa gabbia ha una geometria non manifold, che può causare problemi di deformazione. L'area non manifold è contrassegnata nel rendering di anteprima.",このゲージには、変形の問題を起こす可能性のある非多様体ジオメトリがあります。非多様体エリアは、プレビューのレンダリングでマークされています。,이 케이지에는 변형 문제를 일으킬 수 있는 비다양체 지오메트리가 있습니다. 비다양체 영역은 미리 보기 렌더링에 표시됩니다.,"To obramowanie ma geometrię typu non-manifold, co może powodować problemy z deformacją. Obszar typu non-manifold jest oznaczony na podglądzie renderu.","Esta gaiola tem geometria não múltipla, o que pode causar problemas de deformação. A área não múltipla é marcada na prévia de renderização.",,Cage นี้มีรูปทรงที่ไม่ใช่แมนิโฟลด์ ซึ่งอาจก่อให้เกิดปัญหาในการเปลี่ยนรูปร่าง พื้นที่ที่ไม่ใช่แมนิโฟลด์จะถูกทำเครื่องหมายในการเรนเดอร์ตัวอย่าง,Kafes mesh yapısında çok katlı olmayan geometri bulunması biçimsizleşme sorunlarına yol açabilir. Çok katlı olmayan bölgeler ön izleme işlenirken işaretlenir.,"Khung lưới này có cấu trúc không đa tạp, có thể gây biến dạng. Khu vực không đa tạp được đánh dấu trong bản kết xuất xem trước.",此围笼具有非流形几何，可能会导致变形问题。非流形区域已于预览渲染中标记出来。,此围笼具有非流形几何，可能会导致变形问题。非流形区域已于预览渲染中标记出来。,此圍籠使用非流形幾何，可能會造成變形問題。非流形區域已在預覽成像標出.
Studio.AssetImporter.Statuses.CageUVMisMatchedWarning,,,"For this asset to be Layered Clothing compatible, you need to use the original cage template and ensure that you do not modify the UV map.","For this asset to be Layered Clothing compatible, you need to use the original cage template and ensure that you do not modify the UV map.",لكي يكون هذا الأصل متوافقًا مع الثياب ذات الطبقات، تحتاج إلى استخدام قالب القفص الأصلي والتأكد من عدم تعديل خريطة UV.,"Damit dieses Objekt mit mehrschichtiger Kleidung kompatibel ist, musst du die ursprüngliche Cage-Vorlage verwenden und sicherstellen, dass du die UV-Map nicht modifizierst.","Para que este recurso sea compatible con Ropa de capas, necesitas utilizar la plantilla original de la jaula y asegurarte de que no modifique el mapa UV.","Pour que cette ressource soit compatible avec les vêtements, tu dois utiliser le modèle cage original et t'assurer que tu ne modifies pas la carte UV.","इस ऐसेट को लेयर्ड क्लोदिंग कम्पेटिबल होने के लिए, आपको ओरिजिनल केज टेंप्लेट का इस्तेमाल करना होगा और यह पक्का करना होगा कि आप UV मैप को मॉडिफ़ाई न करें.","Agar aset ini dapat menjadi kompatibel dengan Pakaian Berlapis, kamu harus menggunakan templat cage original dan memastikan peta UV tidak dimodifikasi.","Affinché questo asset sia compatibile con l'abbigliamento a strati, è necessario utilizzare il modello di gabbia originale e assicurarsi di non modificare la mappa UV.",このアセットに重ね着との互換性を持たせるには、元のケージテンプレートを使って、UVマップを変更しないようにする必要があります。,이 애셋이 레이어드 복장과 호환되도록 하려면 원본 케이지 템플릿을 사용해야 하며 UV 맵을 수정하지 않아야 합니다.,"Aby ten zasób był zgodny z ubraniami warstwowymi, konieczne jest użycie oryginalnego szablonu obramowania i pozostawienie mapy UV bez modyfikacji.","Para que este ativo seja compatível com roupas em camadas, você precisa usar o modelo original da gaiola e garantir que você não modifique o mapa UV.",,เพื่อให้ทรัพยากรนี้เข้ากันได้กับเสื้อผ้าซ้อนชั้น คุณต้องใช้เทมเพลต Cage ดั้งเดิม และตรวจสอบให้แน่ใจว่าคุณไม่ได้แก้ไขแผนที่ UV,Varlığın Üst Üste Giyilen Kıyafet uyumlu olması için orijinal kafes taslağını kullanman ve UV haritası üzerinde değişiklik yapmadığından emin olman gerekir.,"Để tài sản này tương thích với Trang Phục Nhiều Lớp, bạn cần sử dụng mẫu khung lưới gốc và đảm bảo rằng bạn không sửa đổi bản đồ UV.",如要使此素材与叠层服装兼容，您需要使用原始围笼样板并保留原本的 UV 贴图不进行修改。,如要使此素材与叠层服装兼容，您需要使用原始围笼样板并保留原本的 UV 贴图不进行修改。,若要此素材與多層次穿搭相容，您必須使用原本的圍籠樣板，並確保 UV 圖未經修改。
Studio.AssetImporter.Properties.CageUVMatchedPreview,,,Modified UV map,Modified UV map,خريطة UV معدلة,Modifizierte UV-Map,Mapa UV modificado,Carte UV modifiée,मॉडिफ़ाइ़ड UV मैप,Peta UV dimodifikasi,Mappa UV modificata,修正済みUVマップ,수정된 UV 맵,Zmodyfikowana mapa UV,Mapa UV modificado,,แผนที่ UV ที่แก้ไขแล้ว,Düzenlenmiş UV haritası,Bản đồ UV đã sửa đổi,修改后的 UV 贴图,修改后的 UV 贴图,已修改的 UV 圖
Studio.AssetImporter.Properties.UseImportedPivot,,,Use Imported Pivot,Use Imported Pivot,استخدام المحور المستورد,Importierten Drehpunkt verwenden,Usar pivote importado,Utiliser le Pivot importé,इंपोर्टेड पिवट इस्तेमाल करें,Gunakan Pivot yang Diimpor,Usa perno importato,インポートされたピボットを使用,가져온 피벗 사용,Użyj zaimportowanego punktu obrotu,Usar pivô importado,,ใช้จุดหมุนที่นำเข้า,İçe aktarılan ekseni kullan,Sử dụng Điểm Xoay Đã Nhập,使用导入的枢轴,使用导入的枢轴,使用匯入的軸點
Studio.AssetImporter.PropertiesTooltip.CageUVMatchedPreview,,,"For this asset to be Layered Clothing compatible, you need to use the original cage template and ensure that you do not modify the UV map.","For this asset to be Layered Clothing compatible, you need to use the original cage template and ensure that you do not modify the UV map.",لكي يكون هذا الأصل متوافقًا مع الثياب ذات الطبقات، تحتاج إلى استخدام قالب القفص الأصلي والتأكد من عدم تعديل خريطة UV.,"Damit dieses Objekt mit mehrschichtiger Kleidung kompatibel ist, musst du die ursprüngliche Cage-Vorlage verwenden und sicherstellen, dass du die UV-Map nicht modifizierst.","Para que este recurso sea compatible con Ropa de capas, necesitas utilizar la plantilla original de la jaula y asegurarte de que no modifique el mapa UV.","Pour que cette ressource soit compatible avec les vêtements, tu dois utiliser le modèle cage original et t'assurer que tu ne modifies pas la carte UV.","इस ऐसेट को लेयर्ड क्लोदिंग कम्पेटिबल होने के लिए, आपको ओरिजिनल केज टेंप्लेट का इस्तेमाल करना होगा और यह पक्का करना होगा कि आप UV मैप को मॉडिफ़ाई न करें.","Agar aset ini dapat menjadi kompatibel dengan Pakaian Berlapis, kamu harus menggunakan templat cage original dan memastikan peta UV tidak dimodifikasi.","Affinché questo asset sia compatibile con l'abbigliamento a strati, è necessario utilizzare il modello di gabbia originale e assicurarsi di non modificare la mappa UV.",このアセットに重ね着との互換性を持たせるには、元のケージテンプレートを使って、UVマップを変更しないようにする必要があります。,이 애셋이 레이어드 복장과 호환되도록 하려면 원본 케이지 템플릿을 사용해야 하며 UV 맵을 수정하지 않아야 합니다.,"Aby ten zasób był zgodny z ubraniami warstwowymi, konieczne jest użycie oryginalnego szablonu obramowania i pozostawienie mapy UV bez modyfikacji.","Para que este ativo seja compatível com roupas em camadas, você precisa usar o modelo original da gaiola e garantir que você não modifique o mapa UV.",,เพื่อให้ทรัพยากรนี้เข้ากันได้กับเสื้อผ้าซ้อนชั้น คุณต้องใช้เทมเพลต Cage ดั้งเดิม และตรวจสอบให้แน่ใจว่าคุณไม่ได้แก้ไขแผนที่ UV,Varlığın Üst Üste Giyilen Kıyafet uyumlu olması için orijinal kafes taslağını kullanman ve UV haritası üzerinde değişiklik yapmadığından emin olman gerekir.,"Để tài sản này tương thích với Trang Phục Nhiều Lớp, bạn cần sử dụng mẫu khung lưới gốc và đảm bảo rằng bạn không sửa đổi bản đồ UV.",如要使此素材与叠层服装兼容，您需要使用原始围笼样板并保留原本的 UV 贴图不进行修改。,如要使此素材与叠层服装兼容，您需要使用原始围笼样板并保留原本的 UV 贴图不进行修改。,若要此素材與多層次穿搭相容，您必須使用原本的圍籠樣板，並確保 UV 圖未經修改。
Studio.AssetImporter.PropertiesTooltip.UseImportedPivot,,,Whether or not to use the pivot defined in the scene file (instead of centering the pivot within the object's geometry),Whether or not to use the pivot defined in the scene file (instead of centering the pivot within the object's geometry),ما إذا كان يجب استخدام المحور المحدد في ملف المشهد أم لا (بدلاً من توسيط المحور داخل هندسة الكائن),Ob der in der Szenendatei definierte Drehpunkt verwendet werden soll (anstatt den Drehpunkt in der Geometrie des Objekts zu zentrieren),Usar o no el pivote definido en el archivo de escena (en lugar de centrar el pivote dentro de la geometría del objeto),Utiliser ou non le pivot défini dans le fichier scène (au lieu de centrer le pivot dans la géométrie de l'objet),सीन फ़ाइल में निर्धारित पिवट का उपयोग करना है या नहीं (पिवट को ऑब्जेक्ट की ज्योमेट्री के भीतर केंद्रित करने के बजाय),Menentukan apakah akan menggunakan pivot yang ditentukan dalam file adegan (sehingga tidak meletakkan pivot di tengah geometri objek) atau tidak,Indica se usare o meno il perno definito nel file di scena (invece di centrare il perno nella geometria dell'oggetto),シーンファイルで定義されたピボットを使用するかどうか (オブジェクトのジオメトリ内でピボットを中心にするのではなく),씬 파일에 정의된 피벗을 사용할지 여부(개체의 지오메트리 내에서 피벗을 중앙에 배치하는 대신),Czy użyty ma zostać punkt obrotu zdefiniowany w pliku sceny (zamiast wyśrodkowania punktu obrotu w ramach geometrii obiektu),Se deve ou não usar o pivô definido no arquivo de cena (em vez de centralizar o pivô dentro da geometria do objeto),,ไม่ว่าจะใช้จุดหมุนที่กำหนดไว้ในไฟล์ฉากหรือไม่ (แทนที่จะกำหนดจุดหมุนให้อยู่ตรงกลางภายในรูปทรงของวัตถุ),Sahne dosyasında tanımlanan eksenin kullanılıp kullanılmayacağı (ekseni nesne geometrisi içerisinde merkezlemek yerine),Có sử dụng điểm xoay được xác định trong tệp cảnh hay không (thay vì căn giữa điểm xoay trong cấu trúc của đối tượng),是否使用场景文件中定义的枢轴（而不是将枢轴置于对象几何体的中心）,是否使用场景文件中定义的枢轴（而不是将枢轴置于对象几何体的中心）,是否使用場景檔案定義的軸點（而不是在物件的幾何內置中軸點）
Studio.AssetImporter.Statuses.CageMismatchWarning,,,The number of cage vertices between the outer and inner cage don't match.,The number of cage vertices between the outer and inner cage don't match.,عدد قمم القفص بين القفص الخارجي والداخلي غير متطابق.,Die Anzahl der Cage-Eckpunkte zwischen dem äußeren und dem inneren Cage stimmt nicht überein.,El número de vértices de jaula entre la jaula externa y la jaula interior no coincide.,Le nombre de sommets de cage entre la cage extérieure et la cage intérieure ne correspond pas.,बाहरी और भीतरी केज के बीच केज वर्टेक्स की संख्या मैच नहीं करती है.,Jumlah titik sudut cage antara cage luar dan dalam tidak sesuai.,Il numero di vertici della gabbia tra la gabbia esterna e quella interna non corrisponde.,外側と内側のケージの頂点の数が一致しません。,외부 케이지와 내부 케이지 사이의 케이지 정점 수가 일치하지 않습니다.,Liczba wierzchołków obramowania pomiędzy obramowaniem zewnętrznym a wewnętrznym nie jest zgodna.,O número de vértices da gaiola entre a gaiola externa e interna não coincidem.,,จำนวนของจุดยอด Cage ระหว่าง Cage ภายในและภายนอกไม่ตรงกัน,Dış ve iç kafesin köşe sayıları eşleşmiyor.,Số lượng đỉnh khung giữa khung ngoài và khung trong không khớp nhau.,外围笼与内围笼之间的围笼顶点数不相符。,外围笼与内围笼之间的围笼顶点数不相符。,外圍籠和內圍籠的圍籠頂點數量不相符。
Studio.AssetImporter.Statuses.CageHasMaterialWarning,,,Material(s) found under this cage mesh will be ignored. Materials cannot be applied to CageWrap instances.,Material(s) found under this cage mesh will be ignored. Materials cannot be applied to CageWrap instances.,سيتم تجاهل المادة (المواد) الموجودة تحت هذا القفص. لا يمكن تطبيق المواد على حالات CageWrap.,"Material, das sich unter Cage Käfig-Mesh befindet, wird ignoriert. Material kann nicht auf CageWrap-Instanzen angewandt werden.",Los materiales encontrados en esta malla de jaula se omitirán. Los materiales no se pueden aplicar a instancias de CageWrap.,Les matériaux trouvés sous cette cage seront ignorés. Les matériaux ne peuvent pas être appliqués aux instances CageWrap .,इस केज मेश के तहत पाए गए मटीरियल को इग्नोर कर दिया जाएगा. मटीरियल को CageWrap इंस्टैंस पर लागू नहीं किया जा सकता.,Material yang ditemukan di mesh cage ini akan diabaikan. Material tidak dapat diterapkan ke instance CageWrap.,I materiali trovati sotto questa rete di gabbia verranno ignorati. I materiali non possono essere applicati alle istanze di CageWrap,このケージメッシュの下にある素材は無視されます。素材は CageWrap インスタンスには適用できません。,이 케이지 메시 아래의 재질은 무시됩니다. 재질은 CageWrap 인스턴스에 적용할 수 없습니다.,Materiały znalezione w ramach tej siatki obramowania zostaną zignorowane. Nie można zastosować materiałów do instancji CageWrap.,Materiais encontrados sob esta malha de gaiola serão ignorados. Materiais não podem ser aplicados a instâncias de CageWrap.,,ละเว้นวัสดุที่พบในเมช Cage นี้ ไม่สามารถปรับใช้วัสดุกับอินสแตนซ์ CageWrap ได้,Bu kafes mesh yapısı altında bulunan malzeme(ler) yok sayılacak. Malzemeler CageWrap örneklerine uygulanamaz.,Vật liệu tìm thấy trong mesh khung này sẽ bị bỏ qua. Không thể áp dụng vật liệu cho các phiên bản CageWrap.,于此围笼网格下找到的材质将被忽略。材质无法应用于 CageWrap 实例。,于此围笼网格下找到的材质将被忽略。材质无法应用于 CageWrap 实例。,此圍籠網格底下找到的材質將被忽略。材質無法套用到 CageWrap 個體。
Studio.AssetImporter.Statuses.CageMeshIntersectedWarning,,,"There are cage vertices intersecting with the clothing mesh, which could lead to interpenetration issues.","There are cage vertices intersecting with the clothing mesh, which could lead to interpenetration issues.",هناك قمم قفص تتقاطع مع أصل mesh للثياب، مما قد يؤدي إلى حدوث مشاكل اختراق.,"Es gibt Cage-Eckpunkte, die sich mit dem Kleidungs-Mesh überschneiden, was zu Durchdringungsproblemen führen kann.","Hay vértices en la jaula que se cruzan con la malla de ropa, lo que podría conducir a problemas de interpenetración.","Il y a des sommets de cage qui se croisent avec le maillage des vêtements, ce qui pourrait entraîner des problèmes d'interpénétration.","केज वर्टेक्स ड्रेस मेश के साथ इंटरसेक्ट कर रहे हैं, जिससे इंटरपेनेट्रेशन की समस्याएँ पैदा हो सकती हैं.",Terdapat titik sudut cage yang berpotongan dengan mesh pakaian sehingga dapat menyebabkan masalah interpenetrasi.,"Ci sono vertici della gabbia che si intersecano con il mesh dell'abbigliamento, il che potrebbe portare a problemi di compenetrazione.",ケージの頂点が衣装メッシュと交差し、それが相互貫通の問題につながることがあります。,복장 메시와 교차하는 케이지 정점이 있어 상호관입 문제가 발생할 수 있습니다.,"Niektóre wierzchołki obramowania mają punkty przecięcia z siatką ubrania , co może spowodować problemy z wzajemnym przenikaniem się.","Há vértices de gaiola se interseccionando com a malha da roupa, o que pode levar a problemas de interpenetração.",,มีจุดยอด Cage ที่ตัดกับเมชเสื้อผ้า ซึ่งอาจนำไปสู่ปัญหาการแทรกผ่านได้,Kafes köşelerinin kıyafet mesh yapısıyla kesişmesi iç içe geçme sorunlarına yol açabilir.,"Có các đỉnh khung giao cắt với mesh trang phục, điều này có thể dẫn đến tình trạng xâm nhập lẫn nhau.",有围笼顶点与服装网格相交，这可能会导致互相穿透的问题。,有围笼顶点与服装网格相交，这可能会导致互相穿透的问题。,籠子頂點與衣服網格相交、可能會導致互穿問題。
Studio.AssetImporter.Properties.CageNonManifoldPreview,,,Non-Manifold Geometry,Non-Manifold Geometry,هندسة غير متشعبة,Nicht-mannigfaltige Geometrie,Geometría no múltiple,Géométrie non-maniforme,नॉन-मैनिफ़ोल्ड ज्योमेट्री,Geometri Non-Manifold,Geometria non-manifold,非多様体ジオメトリ,비다양체 지오메트리,Geometria typu non-manifold,Geometria não-múltipla,,รูปทรงที่ไม่ใช่แมนิโฟลด์,Çok katlı olmayan geometri,Cấu trúc Không Đa Tạp,非流形几何,非流形几何,非流形幾何
Studio.AssetImporter.Properties.CageOverlappingVerticesPreview,,,Overlapping Vertices,Overlapping Vertices,قمم متداخلة,Überlappende Eckpunkte,Superposición de vértices,Chevauchement de sommets,ओवरलैपिंग वर्टेक्स,Titik Sudut Saling Timpa,Vertici sovrapposti,重なり合う頂点,겹치는 정점,Nakładające się wierzchołki,Vértices sobrepostos,,จุดยอดที่ทับซ้อนกัน,Örtüşen köşeler,Các Đỉnh Chồng Chéo,重叠顶点,重叠顶点,重疊頂點
Studio.AssetImporter.Properties.CageUVMisMatchedPreview,,,Modified UV map,Modified UV map,خريطة UV معدلة,Modifizierte UV-Map,Mapa UV modificado,Carte UV modifiée,मॉडिफ़ाइ़ड UV मैप,Peta UV dimodifikasi,Mappa UV modificata,修正済みUVマップ,수정된 UV 맵,Zmodyfikowana mapa UV,Mapa UV modificado,,แผนที่ UV ที่แก้ไขแล้ว,Düzenlenmiş UV haritası,Bản đồ UV đã sửa đổi,修改后的 UV 贴图,修改后的 UV 贴图,已修改的 UV 圖
Studio.AssetImporter.Properties.CageMeshIntersectedPreview,,,Cage vertices intersects clothing,Cage vertices intersects clothing,تقاطعات رؤوس القفص بالثياب,Cage-Eckpunkte überschneiden sich mit Kleidung,Los vértices de la jaula se cruzan con la ropa,Les extrémités de la cage traversent le vêtement,केज वर्टेक्स ड्रेस के साथ इंटरसेक्ट कर रहे हैं,Titik sudut cage berpotongan dengan pakaian,I vertici della gabbia intersecano con l'abbigliamento,ゲージの頂点が衣装と交差,케이지 정점이 복장과 교차합니다,Wierzchołki obramowania przecinają ubranie,Vértices de gaiola se interseccionam com roupas,,จุดยอด Cage ตัดกับเสื้อผ้า,Kafes köşeleri giysiyle kesişiyor,Các đỉnh khung giao cắt với trang phục,围笼顶点与服装相交,围笼顶点与服装相交,籠子頂點與衣物相交
Studio.AssetImporter.PropertiesTooltip.CageNonManifoldPreview,,,"This cage has non-manifold geometry, which can cause deformation issues. Non-manifold area is marked in the preview render","This cage has non-manifold geometry, which can cause deformation issues. Non-manifold area is marked in the preview render",يحتوي هذا القفص على هندسة غير متشعبة، مما قد يتسبب في حدوث مشكلات تشوه. يتم وضع علامة على المنطقة غير المتشعبة في عرض المعاينة,"Dieser Cage hat eine nicht-mannigfaltige Geometrie, die zu Verformungsproblemen führen kann. Der nicht-mannigfaltige Bereich ist in der Rendervorschau markiert",Esta jaula tiene geometría no múltiple que puede causar problemas de deformación. El área no múltiple está marcada en la vista de renderizado,"Cette cage a une géométrie non-maniforme, ce qui peut causer des problèmes de déformation. La zone non-maniforme est marquée dans le rendu de l'aperçu","इस केज में नॉन-मैनिफ़ोल्ड ज्योमेट्री है, जिससे डीफ़ॉर्मेशन की समस्याएँ पैदा हो सकती हैं. नॉन-मैनिफ़ोल्ड एरिया प्रीव्यू रेंडर में मार्क किया गया है",Cage ini memiliki geometri non-manifold sehingga dapat menyebabkan masalah deformasi. Area non-manifold ditandai di render preview,"Questa gabbia ha una geometria non manifold, che può causare problemi di deformazione. L'area non manifold è contrassegnata nel rendering di anteprima",このゲージには、変形の問題を起こす可能性のある非多様体ジオメトリがあります。非多様体エリアは、プレビューのレンダリングでマークされています,이 케이지에는 변형 문제를 일으킬 수 있는 비다양체 지오메트리가 있습니다. 비다양체 영역은 미리 보기 렌더링에 표시됩니다.,"To obramowanie ma geometrię typu non-manifold, co może powodować problemy z deformacją. Obszar typu non-manifold jest oznaczony na podglądzie renderu.","Esta gaiola tem geometria não múltipla, o que pode causar problemas de deformação. A área não múltipla é marcada na prévia de renderização",,Cage นี้มีรูปทรงที่ไม่ใช่แมนิโฟลด์ ซึ่งอาจก่อให้เกิดปัญหาในการเปลี่ยนรูปร่าง พื้นที่ที่ไม่ใช่แมนิโฟลด์จะถูกทำเครื่องหมายในการเรนเดอร์ตัวอย่าง,Kafes mesh yapısında çok katlı olmayan geometri bulunması biçimsizleşme sorunlarına yol açabilir. Çok katlı olmayan bölgeler ön izleme işlenirken işaretlenir,"Khung lưới này có cấu trúc không đa tạp, có thể gây biến dạng. Khu vực không đa tạp được đánh dấu trong bản kết xuất xem trước",此围笼具有非流形几何，可能会导致变形问题。非流形区域已于预览渲染中标记出来。,此围笼具有非流形几何，可能会导致变形问题。非流形区域已于预览渲染中标记出来。,此圍籠使用非流形幾何，可能會造成變形問題。非流形區域已在預覽成像標出
Studio.AssetImporter.PropertiesTooltip.CageOverlappingVerticesPreview,,,"Multiple vertices share identical or near-identical positions, which can cause deformation issues, and they are marked in the preview render","Multiple vertices share identical or near-identical positions, which can cause deformation issues, and they are marked in the preview render",تشترك القمم المتعددة في مواضع متطابقة أو شبه متطابقة، مما قد يتسبب في حدوث مشكلات تشوه، ويتم تمييزها في عرض المعاينة,"Mehrere Eckpunkte haben identische oder nahezu identische Positionen, was zu Verformungsproblemen führen kann. Diese werden in der Rendervorschau markiert","Múltiples vértices comparten posiciones idénticas o casi idénticas que pueden causar problemas de deformación, y están marcados en la vista previa de renderizado","Plusieurs sommets partagent des positions identiques ou quasi identiques, ce qui peut entraîner des problèmes de déformation, et ils sont marqués dans le rendu de l'aperçu","अनेक वर्टेक्स की पोज़ीशन एक-जैसी या लगभग एक-जैसी है, जिससे डीफ़ॉर्मेशन की समस्याएँ पैदा हो सकती हैं और उन्हें प्रीव्यू रेंडर में मार्क किया गया है",Beberapa titik sudut memiliki posisi yang identik atau hampir identik sehingga dapat menyebabkan masalah deformasi. Titik-titik sudut ini ditandai di render preview,"I vertici multipli condividono posizioni identiche o quasi identiche, che possono causare problemi di deformazione, e sono contrassegnati nel rendering di anteprima",複数の頂点が同じか、ほぼ同じの近くの位置を共有し、変形の問題を引き起こす可能性があると、プレビューレンダリングでマークされます,"여러 정점이 동일하거나 거의 동일한 위치를 공유하므로 변형 문제가 발생할 수 있으며, 이는 미리 보기 렌더링에 표시됩니다.","Wiele wierzchołków ma identyczne lub prawie identyczne pozycje, co może powodować problemy z deformacją. Zaznaczono je w podglądzie renderu.","Múltiplos vértices compartilham posições idênticas ou quase idênticas, o que pode causar problemas de deformação, e eles são marcados no renderizador de prévia",,จุดยอดหลายจุดมีตำแหน่งเดียวกันหรือใกล้เคีัยงกันมาก ซึ่งอาจก่อให้เกิดปัญหาในการเปลี่ยนรูปร่าง และจะถูกทำเครื่องหมายในการเรนเดอร์,"Birden fazla köşenin aynı ya da birbirine çok yakın konumlarda bulunması biçimsizleşme sorunlarına yol açabilir, bu köşeler ön izleme işlenirken işaretlenir","Nhiều đỉnh có vị trí giống nhau hoặc gần giống nhau, điều này có thể gây biến dạng và chúng được đánh dấu trong bản kết xuất xem trước",多个顶点共用相同或近乎相同的位置，这可能会导致变形问题。这些顶点已于预览渲染中标记出来。,多个顶点共用相同或近乎相同的位置，这可能会导致变形问题。这些顶点已于预览渲染中标记出来。,有多個頂點使用相同或幾乎相同的位置，可能會造成變形問題。該頂點已在預覽成像標出
Studio.AssetImporter.PropertiesTooltip.CageUVMisMatchedPreview,,,"For this asset to be Layered Clothing compatible, you need to use the original cage template and ensure that you do not modify the UV map.","For this asset to be Layered Clothing compatible, you need to use the original cage template and ensure that you do not modify the UV map.",لكي يكون هذا الأصل متوافقًا مع الثياب ذات الطبقات، تحتاج إلى استخدام قالب القفص الأصلي والتأكد من عدم تعديل خريطة UV.,"Damit dieses Objekt mit mehrschichtiger Kleidung kompatibel ist, musst du die ursprüngliche Käfigvorlage verwenden und sicherstellen, dass du die UV-Map nicht modifizierst.","Para que este recurso sea compatible con Ropa de capas, necesitas utilizar la plantilla original de la jaula y asegurarte de que no modifique el mapa UV.","Pour que cette ressource soit compatible avec les vêtements, tu dois utiliser le modèle cage original et t'assurer que tu ne modifies pas la carte UV.","इस ऐसेट को लेयर्ड क्लोदिंग कम्पेटिबल होने के लिए, आपको ओरिजिनल केज टेंप्लेट का इस्तेमाल करना होगा और यह पक्का करना होगा कि आप UV मैप को मॉडिफ़ाई न करें.","Agar aset ini dapat menjadi kompatibel dengan Pakaian Berlapis, kamu harus menggunakan templat cage original dan memastikan peta UV tidak dimodifikasi.","Affinché questo asset sia compatibile con l'abbigliamento a strati, è necessario utilizzare il modello di gabbia originale e assicurarsi di non modificare la mappa UV.",このアセットに重ね着との互換性を持たせるには、元のケージテンプレートを使って、UVマップを変更しないようにする必要があります。,이 애셋이 레이어드 복장과 호환되도록 하려면 원본 케이지 템플릿을 사용해야 하며 UV 맵을 수정하지 않아야 합니다.,"Aby ten zasób był zgodny z ubraniami warstwowymi, konieczne jest użycie oryginalnego szablonu obramowania i pozostawienie mapy UV bez modyfikacji.","Para que este ativo seja compatível com roupas em camadas, você precisa usar o modelo original da gaiola e garantir que você não modifique o mapa UV.",,เพื่อให้ทรัพยากรนี้เข้ากันได้กับเสื้อผ้าซ้อนชั้น คุณต้องใช้เทมเพลต Cage ดั้งเดิม และตรวจสอบให้แน่ใจว่าคุณไม่ได้แก้ไขแผนที่ UV,Varlığın Üst Üste Giyilen Kıyafet uyumlu olması için orijinal kafes taslağını kullanman ve UV haritası üzerinde değişiklik yapmadığından emin olman gerekir.,"Để tài sản này tương thích với Trang Phục Nhiều Lớp, bạn cần sử dụng mẫu khung lưới gốc và đảm bảo rằng bạn không sửa đổi bản đồ UV.",如要使此素材与叠层服装兼容，您需要使用原始围笼样板并保留原本的 UV 贴图不进行修改。,如要使此素材与叠层服装兼容，您需要使用原始围笼样板并保留原本的 UV 贴图不进行修改。,若要此素材與多層次穿搭相容，您必須使用原本的圍籠樣板，並確保 UV 圖未經修改。
Studio.AssetImporter.PropertiesTooltip.CageMeshIntersectedPreview,,,"There are cage vertices intersecting with the clothing mesh, which could lead to interpenetration issues.","There are cage vertices intersecting with the clothing mesh, which could lead to interpenetration issues.",هناك قمم قفص تتقاطع مع أصل mesh للثياب، مما قد يؤدي إلى حدوث مشاكل اختراق.,"Es gibt Cage-Eckpunkte, die sich mit dem Kleidungs-Mesh überschneiden, was zu Durchdringungsproblemen führen kann.","Hay vértices en la jaula que se cruzan con la malla de ropa, lo que podría conducir a problemas de interpenetración.","Il y a des sommets de cage qui se croisent avec le maillage des vêtements, ce qui pourrait entraîner des problèmes d'interpénétration.","केज वर्टेक्स ड्रेस मेश के साथ इंटरसेक्ट कर रहे हैं, जिससे इंटरपेनेट्रेशन की समस्याएँ पैदा हो सकती हैं.",Terdapat titik sudut cage yang berpotongan dengan mesh pakaian sehingga dapat menyebabkan masalah interpenetrasi.,"Ci sono vertici della gabbia che si intersecano con la maglia dell'abbigliamento, il che potrebbe portare a problemi di compenetrazione.",ケージの頂点が衣装メッシュと交差し、それが相互貫通の問題につながることがあります。,복장 메시와 교차하는 케이지 정점이 있어 상호관입 문제가 발생할 수 있습니다.,"Niektóre wierzchołki obramowania mają punkty przecięcia z siatką ubrania , co może spowodować problemy z wzajemnym przenikaniem się.","Há vértices de gaiola se interseccionando com a malha da roupa, o que pode levar a problemas de interpenetração.",,มีจุดยอด Cage ที่ตัดกับเมชเสื้อผ้า ซึ่งอาจนำไปสู่ปัญหาการแทรกผ่านได้,Kafes köşelerinin kıyafet mesh yapısıyla kesişmesi iç içe geçme sorunlarına yol açabilir.,"Có các đỉnh khung giao cắt với mesh trang phục, điều này có thể dẫn đến tình trạng xâm nhập lẫn nhau.",有围笼顶点与服装网格相交，这可能会导致互相穿透的问题。,有围笼顶点与服装网格相交，这可能会导致互相穿透的问题。,籠子頂點與衣服網格相交、可能會導致互穿問題。
Studio.AssetImporter.Statuses.MeshHoleDetectedWarning,,,"This mesh is not watertight, meaning there is an unexpected number of holes in it. If this is a clothing mesh, this can impact Hidden Surface Removal. If this is a different type of mesh, this may have some unexpected rendering effect.","This mesh is not watertight, meaning there is an unexpected number of holes in it. If this is a clothing mesh, this can impact Hidden Surface Removal. If this is a different type of mesh, this may have some unexpected rendering effect.",أصل mesh هذا غير مانع لتسرب الماء، مما يعني وجود عدد غير متوقع من الثقوب فيه. إذا كان ذلك أصل mesh للثياب، فقد يؤثر ذلك على إزالة السطح المخفي. إذا كان ذلك نوعًا مختلفًا من أصل mesh، فقد يكون له بعض تأثير العرض غير المتوقع.,"Dieses Mesh ist nicht wasserdicht, d.h. es hat eine unerwartete Anzahl von Löchern darin. Wenn es sich um ein Kleidungs-Mesh handelt, kann sich dies auf die Entfernung von versteckten Oberflächen auswirken. Wenn es sich um eine andere Art von Mesh handelt, kann dies unerwartete Rendering-Effekte verursachen.","Esta malla no es impermeable, lo que significa que hay un número inesperado de agujeros en ella. Si se trata de una malla de ropa, esto puede afectar a la eliminación de superficies ocultas. Si este es un tipo diferente de malla puede tener algún efecto inesperado de renderizado.","Ce maillage n'est pas étanche, ce qui signifie qu'il présente un nombre inattendu de trous. S'il s'agit d'un maillage de vêtements, cela peut avoir un impact sur l'élimination des surfaces cachées. S'il s'agit d'un autre type de maillage, cela peut avoir un effet de rendu inattendu.","यह मेश वॉटरटाइट नहीं है, यानी इसमें बहुत से छेद हैं. अगर यह ड्रेस मेश है, तो इसका असर छिपी हुई सरफ़ेस को हटाने पर पड़ सकता है. अगर यह एक अलग तरह का मेश है, तो इसका कुछ अप्रत्याशित रेंडरिंग असर हो सकता है.","Mesh ini tidak sepenuhnya ketat, yang berarti ada sejumlah lubang tidak terduga di dalamnya. Jika ini adalah mesh pakaian, hal ini berdampak terhadap Penghapusan Permukaan Tersembunyi. Jika ini adalah tipe mesh lain, hal ini dapat memiliki efek render yang tidak terduga.","Questa mesh non è ermetica, il che significa che presenta un numero inaspettato di buchi. Se si tratta di un capo di abbigliamento, questa caratteristica può incidere sulla Rimozione delle superfici nascoste. Se si tratta di un diverso tipo di maglia, potrebbe presentare un effetto di rendering imprevedibile.",このメッシュは防水ではありません。これは、予想できないくらいの数の穴があるという意味です。衣装のメッシュの場合、表面の削除lに影響を与える可能性があります。 これが異なるタイプのメッシュである場合、予期しないレンダリング効果が見られる可能性があります。,이 메시는 방수가 되지 않습니다. 즉 구멍이 많이 있습니다. 복장 메시일 경우 숨겨진 표면 제거에 영향을 미칠 수 있습니다. 다른 유형의 메시인 경우 예상 밖의 렌더링 효과가 있을 수 있습니다.,"Ta siatka nie jest wodoszczelna, co oznacza, że jest w niej nieoczekiwana liczba otworów. Jeśli jest to siatka ubrania, może to wpłynąć na usuwanie powierzchni ukrytych. Jeśli jest to siatka innego typu, może się to wiązać z nieoczekiwanymi efektami renderowania.","Esta malha não é à prova d'água, o que significa que há um número inesperado de buracos nela. Se esta é uma malha de roupa, isso pode afetar a remoção de superfície oculta. Se este é um tipo diferente de malha, isso pode ter algum efeito inesperado de renderização.",,เมชนี้ไม่กันน้ำ หมายความว่าเมชนี้มีรูที่ไม่คาดคิดอยู่จำนวนหนึ่ง หากนี่คือเมชเสื้อผ้า สิ่งนี้อาจส่งผลกระทบต่อการลบแนวเส้นที่ซ่อนอยู่ หากนี่คือเมชที่ต่างประเภทออกไป สิ่งนี้อาจมีผลกระทบในการเรนเดอร์ที่ไม่คาดคิด,"Mesh yapısı sızdırmaz değil yani üzerinde beklenmedik miktarda delik var. Bu bir kıyafet mesh yapısıysa durum, görünmeyen yüzeylerin kaldırılmasını etkileyebilir. Bu farklı bir mesh yapısıyla durum bazı beklenmedik görüntü işleme etkilerine sebep olabilir.","Mesh này không kín nước, nghĩa là có nhiều lỗ không mong muốn trên đó. Nếu đây là mesh trang phục, điều này có thể ảnh hưởng đến việc Loại Bỏ Bề Mặt Ẩn. Nếu đây là một loại mesh khác, điều này có thể có một số hiệu ứng kết xuất không mong muốn.",此网格并不严密，意味着其中存在意想不到的漏洞。如果是服装网格，则会影响隐藏表面移除。如果是其他类型的网格，则会产生一些意想不到的渲染效果。,此网格并不严密，意味着其中存在意想不到的漏洞。如果是服装网格，则会影响隐藏表面移除。如果是其他类型的网格，则会产生一些意想不到的渲染效果。,此網格非密封，含有非預期數量的洞孔。如果這是服裝網格，隱藏表面移除功能可能會受到影響。如果這是其他網格，可能會有意外的成像效果。
Studio.AssetImporter.Statuses.IrrelevantCageModifiedWarning,,,Some outer cage geometry that is far away from the clothing mesh has been modified. This will lead to issues when other clothing is layered on top.,Some outer cage geometry that is far away from the clothing mesh has been modified. This will lead to issues when other clothing is layered on top.,تم تعديل بعض هندسة القفص الخارجي البعيدة عن أصل mesh للثياب. سيؤدي ذلك إلى حدوث مشكلات عند وضع طبقات من الثياب الأخرى في الأعلى.,"Eine äußere Cage-Geometrie, die weit vom Kleidungs-Mesh entfernt ist, wurde modifiziert. Dies führt zu Problemen, wenn andere Kleidungsstücke übereinander gelegt werden.",Se modificó la geometría de algunas jaulas externas que están lejos de la malla de ropa. Esto creerá problemas cuando se ponga otra ropa encima.,Une géométrie de la cage externe éloignée de la maille de vêtement a été modifiée. Cela provoquera des problèmes lorsque d'autres vêtements seront superposés.,"कुछ बाहरी केज ज्योमेट्री, जो ड्रेस मेश से काफ़ी दूर है, को मॉडिफ़ाई किया गया है. इससे दूसरी ड्रेस टॉप लेयर में होने पर समस्याएँ पैदा होंगी.",Sebagian geometri cage luar yang jauh dari mesh pakaian telah dimodifikasi. Hal ini akan menyebabkan masalah saat pakaian lain diletakkan di atasnya.,È stata modificata una geometria delle gabbie esterne lontana dalla rete di abbigliamento. Questo porterà a problemi quando altri capi di abbigliamento sono stratificati in alto.,衣装メッシュから遠く離れている外側ケージのジオメトリが何点か変更されました。 これは、他の衣装を上に重ね着したときに問題になります。,복장 메시에서 멀리 떨어져 있는 일부 외부 케이지 지오메트리가 수정되었습니다. 이는 위에 다른 복장을 레이어드할 때 문제가 됩니다.,Zmodyfikowano część geometrii obramowania zewnętrznego znajdującą się daleko od siatki ubrania. Spowoduje to problemy w przypadku dodania nad nią kolejnej warstwy ubrania.,Alguma geometria exterior que está longe da malha de roupa foi modificada. Isto levará a problemas quando outras roupas forem colocadas em camadas em cima.,,มีการแก้ไขรูปทรง Cage ภายนอกบางอันที่อยู่ไกลจากเมช การดำเนินการนี้จะนำไปสู่ปัญหาเมื่อเสื้อผ้าชิ้นอื่นซ้อนชั้นอยู่ด้านบน,"Kıyafet mesh yapısının uzağındaki dış kafes geometrisi üzerinde değişiklik yapıldı. Bu, üste başka kıyafetler eklendiğinde sorunlara yol açacak.",Một số cấu trúc khung ngoài cách xa mesh trang phục đã được sửa đổi. Điều này sẽ dẫn đến vấn đề khi trang phục khác được chồng lên trên.,某些距服装网格较远的外围笼几何已被修改。当其他服装叠加在其上时，这会导致问题。,某些距服装网格较远的外围笼几何已被修改。当其他服装叠加在其上时，这会导致问题。,距離服飾網格較遠的部分外圍籠幾何已被修改。其他服飾覆蓋在上時將會出現問題。
Studio.AssetImporter.Properties.MeshHoleDetectedPreview,,,Not watertight,Not watertight,غير مانع لتسرب الماء,Nicht wasserdicht,No impermeable,Non étanche,वॉटरटाइट नहींं है,Kurang ketat,Non impermeabile,防水性なし,방수 아님,Brak wodoszczelności,Não é à prova d'água,,ไม่กันน้ำ,Sızdırır,Không thấm nước,非密封,非密封,非密封
Studio.AssetImporter.Properties.IrrelevantCageModifiedPreview,,,Unnecessary cage edits,Unnecessary cage edits,تعديلات غير ضرورية على القفص,Unnötige Cage-Bearbeitung,Ediciones de jaula innecesarias,Modifications de cage inutiles,गैर-ज़रूरी केज एडिट्स,Pengeditan cage yang tidak diperlukan,Modifiche gabbia non necessarie,不要なケージ編集,불필요한 케이지 편집,Niepotrzebne edycje obramowania,Edições desnecessárias da gaiola,,การแก้ไข Cage โดยไม่จำเป็น,Gereksiz kafes düzenlemeleri,Chỉnh sửa khung không cần thiết,非必要的围笼编辑,非必要的围笼编辑,不必要的圍籠編輯
Studio.AssetImporter.PropertiesTooltip.MeshHoleDetectedPreview,,,"This mesh is not watertight, meaning there is an unexpected number of holes in it in it. If this is a clothing mesh, this can impact Hidden Surface Removal. If this is a different type of mesh, this may have some unexpected rendering effect.","This mesh is not watertight, meaning there is an unexpected number of holes in it in it. If this is a clothing mesh, this can impact Hidden Surface Removal. If this is a different type of mesh, this may have some unexpected rendering effect.",أصل mesh هذا غير مانع لتسرب الماء، مما يعني وجود عدد غير متوقع من الثقوب فيه. إذا كان ذلك أصل mesh للثياب، فقد يؤثر ذلك على إزالة السطح المخفي. إذا كان ذلك نوعًا مختلفًا من أصل mesh، فقد يكون له بعض تأثير العرض غير المتوقع.,"Dieses Mesh ist nicht wasserdicht, d.h. es hat eine unerwartete Anzahl von Löchern darin. Wenn es sich um ein Kleidungs-Mesh handelt, kann sich dies auf die Entfernung von versteckten Oberflächen auswirken. Wenn es sich um eine andere Art von Mesh handelt, kann dies unerwartete Rendering-Effekte verursachen.","Esta malla no es impermeable, lo que significa que hay un número inesperado de agujeros en ella. Si se trata de una malla de ropa, esto puede afectar a la eliminación de superficies ocultas. Si este es un tipo diferente de malla puede tener algún efecto inesperado de renderizado.","Cette maille n'est pas étanche, ce qui signifie qu'elle comporte un nombre inattendu de trous. S'il s'agit d'un maillage de vêtements, cela peut avoir un impact sur la suppression des surfaces cachées. S'il s'agit d'un autre type de maillage, cela peut avoir un effet de rendu inattendu.","यह मेश वॉटरटाइट नहीं है, यानी इसमें बहुत से छेद हैं. अगर यह ड्रेस मेश है, तो इसका असर छिपी हुई सरफ़ेस को हटाने पर पड़ सकता है. अगर यह एक अलग तरह का मेश है, तो इसका कुछ अप्रत्याशित रेंडरिंग असर हो सकता है.","Mesh ini tidak sepenuhnya ketat, yang berarti ada sejumlah lubang tidak terduga di dalamnya. Jika ini adalah mesh pakaian, hal ini berdampak terhadap Penghapusan Permukaan Tersembunyi. Jika ini adalah tipe mesh lain, hal ini dapat memiliki efek render yang tidak terduga.","Questa rete non è stagna, il che significa che c'è un numero inaspettato di fori in esso. Se si tratta di una rete di abbigliamento, questo può influenzare la rimozione superficiale nascosta. Se questo è un tipo diverso di maglia, questo può avere un effetto di rendering inaspettato.",このメッシュは防水ではありません。これは、予想できないくらいの数の穴があるという意味です。衣類のメッシュの場合、表面の削除lに影響を与える可能性があります。 これが異なるタイプのメッシュである場合、予期しないレンダリング効果が見られる可能性があります。,이 메시는 방수가 되지 않습니다. 즉 구멍이 많이 있습니다. 복장 메시일 경우 숨겨진 표면 제거에 영향을 미칠 수 있습니다. 다른 유형의 메시인 경우 예상 밖의 렌더링 효과가 있을 수 있습니다.,"Ta siatka nie jest wodoszczelna, co oznacza, że jest w niej nieoczekiwana liczba otworów. Jeśli jest to siatka ubrania, może to wpłynąć na usuwanie powierzchni ukrytych. Jeśli jest to siatka innego typu, może się to wiązać z nieoczekiwanymi efektami renderowania.","Esta malha não é à prova d'água, o que significa que há um número inesperado de buracos nela. Se esta é uma malha de roupa, isso pode afetar a remoção de superfície oculta. Se este é um tipo diferente de malha, isso pode ter algum efeito inesperado de renderização.",,เมชนี้ไม่กันน้ำ หมายความว่าเมชนี้มีรูที่ไม่คาดคิดอยู่จำนวนหนึ่ง หากนี่คือเมชเสื้อผ้า สิ่งนี้อาจส่งผลกระทบต่อการลบแนวเส้นที่ซ่อนอยู่ หากนี่คือเมชที่ต่างประเภทออกไป สิ่งนี้อาจมีผลกระทบในการเรนเดอร์ที่ไม่คาดคิด,"Mesh yapısı sızdırmaz değil yani üzerinde beklenmedik miktarda delik var. Bu bir kıyafet mesh yapısıysa durum, görünmeyen yüzeylerin kaldırılmasını etkileyebilir. Bu farklı bir mesh yapısıyla durum bazı beklenmedik görüntü işleme etkilerine sebep olabilir.","Mesh này không kín nước, nghĩa là có nhiều lỗ không mong muốn trên đó. Nếu đây là mesh trang phục, điều này có thể ảnh hưởng đến việc Loại Bỏ Bề Mặt Ẩn. Nếu đây là một loại mesh khác, điều này có thể có một số hiệu ứng kết xuất không mong muốn.",此网格未密封，这表示其中有非预期的孔洞。如果这是服装网格，这可能会影响隐藏面移除的成效。如果此为不同类型的网格，这可能会产生一些非预期的渲染效果。,此网格未密封，这表示其中有非预期的孔洞。如果这是服装网格，这可能会影响隐藏面移除的成效。如果此为不同类型的网格，这可能会产生一些非预期的渲染效果。,此網格非密封；網格含有多個洞孔。如果這是服裝網格，隱藏表面移除功能可能會受到影響。如果這是其他網格，可能會有意外的成像效果。
Studio.AssetImporter.PropertiesTooltip.IrrelevantCageModifiedPreview,,,Some outer cage geometry that is far away from the clothing mesh has been modified. This will lead to issues when other clothing is layered on top.,Some outer cage geometry that is far away from the clothing mesh has been modified. This will lead to issues when other clothing is layered on top.,تم تعديل بعض هندسة القفص الخارجي البعيدة عن أصل mesh للثياب. سيؤدي ذلك إلى حدوث مشكلات عند وضع طبقات من الثياب الأخرى في الأعلى.,"Eine äußere Cage-Geometrie, die weit vom Kleidungs-Mesh entfernt ist, wurde modifiziert. Dies führt zu Problemen, wenn andere Kleidungsstücke übereinander gelegt werden.",Se modificó la geometría de algunas jaulas externas que están lejos de la malla de ropa. Esto causará problemas cuando se ponga otra ropa encima.,Une géométrie de la cage externe éloignée de la maille de vêtement a été modifiée. Cela provoquera des problèmes lorsque d'autres vêtements seront superposés.,"कुछ बाहरी केज ज्योमेट्री, जो ड्रेस मेश से काफ़ी दूर है, को मॉडिफ़ाई किया गया है. इससे दूसरी ड्रेस टॉप लेयर में होने पर समस्याएँ पैदा होंगी.",Sebagian geometri cage luar yang jauh dari mesh pakaian telah dimodifikasi. Hal ini akan menyebabkan masalah saat pakaian lain diletakkan di atasnya.,È stata modificata una geometria delle gabbie esterne lontana dalla rete di abbigliamento. Questo porterà a problemi quando altri capi di abbigliamento sono stratificati in alto.,衣装メッシュから遠く離れている外側ケージのジオメトリが何点か変更されました。 これは、他の衣装を上に重ね着したときに問題になります。,복장 메시에서 멀리 떨어져 있는 일부 외부 케이지 지오메트리가 수정되었습니다. 이는 위에 다른 복장을 레이어드할 때 문제가 될 수 있습니다.,Zmodyfikowano część geometrii obramowania zewnętrznego znajdującą się daleko od siatki ubrania. Spowoduje to problemy w przypadku dodania nad nią kolejnej warstwy ubrania.,Alguma geometria exterior que está longe da malha de roupa foi modificada. Isto levará a problemas quando outras roupas forem colocadas em camadas em cima.,,มีการแก้ไขรูปทรง Cage ภายนอกบางอันที่อยู่ไกลจากเมช การดำเนินการนี้จะนำไปสู่ปัญหาเมื่อเสื้อผ้าชิ้นอื่นซ้อนชั้นอยู่ด้านบน,"Kıyafet mesh yapısının uzağındaki dış kafes geometrisi üzerinde değişiklik yapıldı. Bu, üste başka kıyafetler eklendiğinde sorunlara yol açacak.",Một số cấu trúc khung ngoài cách xa mesh trang phục đã được sửa đổi. Điều này sẽ dẫn đến vấn đề khi trang phục khác được chồng lên trên.,某些距服装网格较远的外围笼几何已被修改。当其他服装叠加在其上时，这会导致问题。,某些距服装网格较远的外围笼几何已被修改。当其他服装叠加在其上时，这会导致问题。,距離服飾網格較遠的部分外圍籠幾何已被修改。其他服飾覆蓋在上時將會出現問題。
Studio.AssetImporter.Statuses.UGCMeshVertColorsWarning,,,"Mesh has non-white vertex color values, which violates UGC upload requirements","Mesh has non-white vertex color values, which violates UGC upload requirements",يحتوي أصل mesh على قيم ألوان غير بيضاء للقمم، مما ينتهك متطلبات تحميل المحتوى الذي ينشئه المستخدم (UGC),"Mesh hat nicht-weiße Scheitelpunktfarben, was gegen die UGC-Upload-Anforderungen verstößt","La malla tiene valores de color de vértices que no son blancos, lo que va en contra de los requisitos de la carga de accesorios UGC","Le maillage a des valeurs de couleur de sommet non blanches, ce qui viole les exigences de téléchargement de l'UGC","मेश में नॉन-व्हाइट वर्टेक्स कलर वैल्यू हैं, जो UGC अपलोड की शर्तों का उल्लंघन करते हैं",Mesh memiliki nilai warna puncak non-putih sehingga melanggar persyaratan upload UGC,"Mesh ha valori di colore non bianchi del vertice, che viola i requisiti di caricamento UGC",メッシュには、UGCのアップロード要件に違反する、白ではない頂点色の値があります,"메시에 흰색이 아닌 정점 색상 값이 있어, UGC 업로드 요구 사항에 위반됩니다.","Siatka ma wierzchołki, dla których wartość koloru jest inna niż biały, co stanowi niezgodność z wymogami dotyczącymi przesyłania ZGU","A malha possui valores de cores de vértice não-brancos, o que viola os requisitos de upload de CGU",,เมชมีค่าสีจุดยอดที่ไม่ใช่สีขาว ซึ่งเป็นการละเมิดข้อกำหนดในการอัปโหลด UGC,"Mesh yapısındaki beyaz olmayan köşe rengi değerleri, kullanıcı tarafından oluşturulmuş içerik yükleme gereksinimlerini ihlal ediyor","Mesh có giá trị màu đỉnh không phải màu trắng, điều này vi phạm yêu cầu tải lên UGC",网格具有非白色的顶点颜色值，这违反了 UGC 上传要求,网格具有非白色的顶点颜色值，这违反了 UGC 上传要求,網格擁有非白色的頂點顏色值，這已違反 UGC 上傳需求。
Studio.AssetImporter.Statuses.UGCMaxMeshTrianglesWarning,,,Mesh exceeds the max triangle limit (4000) for UGC upload requirements.,Mesh exceeds the max triangle limit (4000) for UGC upload requirements.,يتجاوز أصل Mesh الحد الأقصى للمثلث (4000) لمتطلبات تحميل المحتوى الذي ينشئه المستخدم ( UGC).,Mesh überschreitet das maximale Dreieckslimit (4000) für UGC-Upload-Anforderungen.,La malla excede el límite máximo de triángulo (4000) para los requisitos de carga de UGC.,Le maillage dépasse la limite maximale de triangle (4000) pour les exigences de téléchargement UGC.,मेश UGC अपलोड की शर्तों के लिए मैक्स ट्रायंगल लिमिट (4000) से ज़्यादा है.,Mesh melampaui batas segitiga maksimum (4000) untuk persyaratan upload UGC.,Mesh supera il limite massimo del triangolo (4000) per i requisiti di caricamento UGC.,UGC のアップロード要件である三角形の最大制限 (4000) を超えるメッシュ。,UGC 업로드 요구사항인 삼각형 최대 한도(4000)를 초과하는 메시입니다.,Siatka przekracza limit maksymalnej liczby trójkątów (4000) podany w wymogach dotyczących przesyłania ZGU.,A malha excede o limite máximo de triângulo (4000) para os requisitos de upload de CGU.,,เมชมีจำนวนสามเหลี่ยมเกินขีดจำกัด (4000) สำหรับข้อกำหนดในการอัปโหลด UGC,"Mesh yapısı, kullanıcı tarafından oluşturulmuş içerik yükleme gereksinimlerinde belirlenen maksimum üçgen sınırını (4000) aşıyor.",Mesh vượt quá giới hạn tam giác tối đa (4000) trong yêu cầu tải lên UGC.,网格超过了 UGC 上传要求的三角形数量上限（4000）。,网格超过了 UGC 上传要求的三角形数量上限（4000）。,網格超過 UGC 上傳需求的三角形上限（4000）。
Studio.AssetImporter.Statuses.UGCExceedUVSpaceWarning,,,Mesh has UVs defined outside 0-1 space. This can lead to texturing discrepancies and violates UGC upload requirements.,Mesh has UVs defined outside 0-1 space. This can lead to texturing discrepancies and violates UGC upload requirements.,يحتوي mesh على UVs محددة خارج المساحة 0-1. قد يؤدي ذلك إلى تناقضات في التركيب وانتهاكات متطلبات تحميل المحتوى الذي ينشئه المستخدم (UGC).,"Das Mesh hat UVs, die außerhalb von 0 bis 1 definiert sind. Dies kann zu Texturierungsabweichungen führen und verstößt gegen die UGC-Upload-Anforderungen.",La malla tiene las UV definidas fuera del espacio 0-1. Esto puede llevar a discrepancias de texturizado y va en contra de los requisitos de carga de accesorios UGC.,Le maillage a des UV définis en dehors de l'espace 0-1. Cela peut conduire à des différences de texturation et enfreindre les exigences de téléchargement UGC.,मेश में 0-1 स्पेस के बाहर UV रखे गए हैं. इससे टेक्स्चर में विसंगतियाँ पैदा हो सकती हैं और UGC अपलोड की शर्तों का उल्लंघन हो सकता है.,Mesh memiliki UV yang ditentukan di luar ruang 0-1. Hal ini dapat menyebabkan ketidaksesuaian tekstur dan melanggar persyaratan upload UGC.,Mesh ha UV definite al di fuori dello spazio 0-1. Questo può portare a discrepanze di texture e viola i requisiti di caricamento UGC.,メッシュには、0-1 空間外に定義されているUVがあります。これによってテクスチャ化の不一致が生じ、UGCのアップロード要件に違反する可能性があります。,메시에 0-1 공간 외부에 정의된 UV가 있습니다. 이로 인해 텍스처 불일치가 발생하며 UGC 업로드 요구 사항을 위반할 수 있습니다.,Siatka ma współrzędne UV zdefiniowane poza przestrzenią 0-1. Może to spowodować rozbieżności w teksturowaniu i jest niezgodne z wymogami dotyczącymi przesyłania ZGU.,A Malha tem UVs definidos fora do espaço 0-1. Isto pode levar a discrepâncias de textura e viola os requisitos de upload de CGU.,,เมชมี UV ที่กำหนดภายนอกพื้นที่ 0-1 สิ่งนี้อาจนำไปสู่ความคลาดเคลื่อนของพื้นผิว และการละเมิดข้อกำหนดในการอัปโหลด UGC,Mesh yapısında 0-1 alanının dışında tanımlanmış UV'ler bulunuyor. Bu durum doku tutarsızlıklarına yol açabilir ve kullanıcı tarafından oluşturulmuş içerik gereksinimlerini ihlal eder.,Mesh có UV được xác định bên ngoài không gian 0-1. Điều này có thể gây khác biệt về kết cấu và vi phạm yêu cầu tải lên UGC.,网格具有界定于 0 到 1 之外的 UV 值。这可能会导致纹理差异并使您违反 UGC 上传要求。,网格具有界定于 0 到 1 之外的 UV 值。这可能会导致纹理差异并使您违反 UGC 上传要求。,網格有定義在 0-1 空間之外的 UV。這可能會導致紋理誤差，並違反 UGC 上傳需求。
Studio.AssetImporter.Statuses.UGCExceedTextureSizeWarning,,,Textures exceeds the max texture size limit for UGC upload requirements.,Textures exceeds the max texture size limit for UGC upload requirements.,تتجاوز الهيئات الحد الأقصى لحجم الهيئة لمتطلبات تحميل المحتوى الذي ينشئه المستخدم (UGC).,Die Texturen überschreiten die maximale Texturgröße für die UGC-Upload-Anforderungen.,Las texturas exceden el límite máximo de tamaño de textura para los requisitos de carga de UGC.,Les textures dépassent la limite maximale de taille de texture pour les exigences de téléchargement UGC.,टेक्स्चर UGC अपलोड की शर्तों के लिए टेक्सचर की साइज़ की अधिकतम सीमा से ज़्यादा है.,Tekstur melampaui batas ukuran tekstur maksimum untuk persyaratan upload UGC.,Le texture superano il limite massimo di dimensione delle texture per i requisiti di caricamento UGC.,テクスチャがUGCアップロード要件の最大テクスチャサイズ制限を超えています。,UGC 업로드 요구사항인 텍스처 크기 최대 한도를 초과하는 텍스처입니다.,Tekstury przekraczają limit maksymalnego rozmiaru tekstury podany w wymogach dotyczących przesyłania ZGU.,As texturas excedem o limite máximo de tamanho de textura para requisitos de upload de CGU.,,ขนาดพื้นผิวเกินขีดจำกัดของข้อกำหนดในการอัปโหลด UGC,"Dokular, kullanıcı tarafından oluşturulmuş içerik yükleme gereksinimlerinde belirlenen maksimum doku boyutu sınırını aşıyor.",Kết cấu vượt quá giới hạn kích thước kết cấu tối đa trong yêu cầu tải lên UGC.,纹理超过了 UGC 上传要求的纹理大小上限。,纹理超过了 UGC 上传要求的纹理大小上限。,紋理超過 UGC 上傳需求的紋理大小上限。
Studio.AssetImporter.Statuses.DeletedCageGeometryWarning,,,Some cage geometry has been removed. This will result in layering issues.,Some cage geometry has been removed. This will result in layering issues.,تمت إزالة بعض هندسة القفص. سيؤدي ذلك إلى حدوث مشكلات في الطبقات.,Einige Cage-Geometrien sind entfernt worden. Dies führt zu Problemen beim Layering.,Se eliminaron algunas geometrías de jaulas. Esto causará problemas de capa.,Une certaine géométrie de la cage a été supprimée. Cela entraînera des problèmes de superposition.,कुछ केज ज्योमेट्री को हटा दिया गया है. इससे लेयरिंग समस्याएँ पैदा होंगी.,Sebagian geometri cage telah dihapus. Hal ini akan menyebabkan masalah layering.,Alcune geometrie delle gabbie sono state rimosse. Questo causerà problemi di layering.,ケージジオメトリの一部が削除されました。これによってレイヤーの問題が発生します。,일부 케이지 지오메트리가 제거되었습니다. 이로 인해 레이어링 문제가 발생합니다.,Część geometrii obramowania została usunięta. Spowoduje to problemy z obsługą warstw.,Alguma geometria de gaiola foi removida. Isso resultará em problemas de camadas.,,ลบรูปทรง Cage บางอันแล้ว การดำเนินการนี้จะส่งผลให้เกิดปัญหาในการแบ่งซ้อนชั้น,"Kaldırılan kafes geometrisi, katmanlama sorunlarına yol açacak.",Một số cấu trúc khung đã được loại bỏ. Điều này sẽ dẫn đến các vấn đề về chồng lớp.,某些围笼几何已被移除。这将导致分层问题。,某些围笼几何已被移除。这将导致分层问题。,已移除部分圍籠幾何，可能會發生覆蓋問題。
Studio.AssetImporter.Statuses.CageNoGeoParentError,,,"Couldn't find geometry for cage, check your mesh names and spelling.","Couldn't find geometry for cage, check your mesh names and spelling.",تعذر العثور على هندسة للقفص، تحقق من أسماء أصل mesh والتهجئة.,"Geometrie für Cage konnte nicht gefunden werden, überprüfe deine Mesh-Namen und die Rechtschreibung.",No se pudo encontrar la geometría para la jaula. Comprueba tus nombres de malla y ortografía.,"Impossible de trouver la géométrie de la cage, vérifie les noms de tes mailles et l'orthographe.","केज के लिए ज्योमेट्री नहीं मिली, अपने मेश का नाम और स्पेलिंग चेक करें.",Tidak dapat menemukan geometri untuk cage. Cek nama dan ejaan mesh.,"Impossibile trovare la geometria per la gabbia, controllare i nomi delle mesh e l'ortografia.",ケージのジオメトリが見つかりませんでした。メッシュ名とスペルを確認してください。,케이지의 지오메트리를 찾을 수 없습니다. 메시 이름과 철자를 확인하세요.,Nie można znaleźć geometrii obramowania. Sprawdź nazwy siatek i ich pisownię.,"Não foi possível encontrar geometria para a gaiola, verifique os nomes da malha e ortografia.",,ไม่สามารถหารูปทรงสำหรับ Cage ได้ ตรวจสอบชื่อและการสะกดคำเมชของคุณ,Kafes geometrisi bulunamadı. Mesh adlarını ve yazımını kontrol et.,"Không thể tìm thấy cấu trúc khung, hãy kiểm tra tên và cách viết chính tả của mesh.",找不到围笼的几何，请检查您的网格名称和拼写。,找不到围笼的几何，请检查您的网格名称和拼写。,找不到圍籠的幾何，請檢查網格的名稱和拼字。
Studio.AssetImporter.Statuses.OuterCageFarExtendedFromMeshWarning,,,There are outer cage vertex(s) that are too far away from the clothing mesh. This will lead to issues when other clothing is layered on top.,There are outer cage vertex(s) that are too far away from the clothing mesh. This will lead to issues when other clothing is layered on top.,توجد قمة (قمم) قفص خارجي بعيدة جدًا عن أصل mesh للثياب. سيؤدي ذلك إلى حدوث مشكلات عند وضع طبقات من الثياب الأخرى في الأعلى.,"Es gibt äußere Cage-Eckpunkte, die zu weit vom Kleidungs-Mesh entfernt sind. Dies führt zu Problemen, wenn andere Kleidungsstücke übereinander gelegt werden.",Hay vértices externos en jaulas que están demasiado lejos de la malla de ropa. Esto dará lugar a problemas cuando se ponga otra ropa en la parte superior.,Il y a des sommet(s) de cage externes qui sont trop éloignés du maillage des vêtements. Cela provoquera des problèmes lorsque d'autres vêtements seront superposés.,कुछ बाहरी केज वर्टेक्स ड्रेस मेश से बहुत दूर हैं. इससे दूसरी ड्रेस टॉप लेयर में होने पर समस्याएँ पैदा होंगी.,Terdapat puncak cage luar yang letaknya terlalu jauh dari mesh pakaian. Hal ini akan menyebabkan masalah saat pakaian lain diletakkan di atasnya.,Ci sono vertici esterni della gabbia che sono troppo lontani dalla rete di abbigliamento. Questo porterà a problemi quando altri capi di abbigliamento sono stratificati in alto.,衣装メッシュから遠く離れている外側ケージの頂点があります。これは、他の衣装を上に重ね着したときに問題になります。,복장 메시에서 지나치게 멀리 떨어진 외부 케이지 정점이 있습니다. 이는 위에 다른 복장을 레이어드할 때 문제가 됩니다.,Niektóre wierzchołki obramowania zewnętrznego znajdują się zbyt daleko od siatki ubrania. Spowoduje to problemy w przypadku dodania nad nim kolejnej warstwy ubrania.,Há um vértice externo que está muito longe da malha de roupas. Isto levará a questões quando outras roupas forem colocadas em camadas em cima.,,มีจุดยอด Cageภายนอกที่อยู่ไกลเกินไปจากเมชเสื้อผ้า การดำเนินการนี้จะนำไปสู่ปัญหาเมื่อเสื้อผ้าชิ้นอื่นซ้อนชั้นอยู่ด้านบน,"Kıyafet mesh yapısının çok uzağında dış kafes köşesi/köşeleri var. Bu, üste başka kıyafetler eklendiğinde sorunlara yol açacak.",Có đỉnh khung ngoài cách quá xa so với mesh trang phục. Điều này sẽ dẫn đến vấn đề khi trang phục khác được chồng lên trên.,有一些外围笼顶点距服装网格太远。当其他服装叠加在其上时，这会导致问题。,有一些外围笼顶点距服装网格太远。当其他服装叠加在其上时，这会导致问题。,有從服飾網格延伸過遠的外圍籠頂點。其他服飾覆蓋在上時將會出現問題。
Studio.AssetImporter.Statuses.OuterCageBloatingWarning,,,The average distance between the clothing and outer cage is too large. This will lead to bloating issues when other clothing is layered on top.,The average distance between the clothing and outer cage is too large. This will lead to bloating issues when other clothing is layered on top.,متوسط المسافة بين الثياب والقفص الخارجي كبير جدًا. سيؤدي ذلك إلى حدوث مشكلات تضخم عند وضع طبقات من الثياب الأخرى في الأعلى.,"Der durchschnittliche Abstand zwischen Kleidung und äußerem Cage ist zu groß. Dies führt zu Aufblähungsproblemen, wenn andere Kleidungsstücke übereinander gelegt werden.",La distancia promedio entre la ropa y la jaula externa es demasiado grande. Esto causará problemas hinchables cuando se coloquen otras prendas en la parte superior.,La distance moyenne entre le vêtement et la cage extérieure est trop importante. Cela entraînera des problèmes de gonflements lorsque d'autres vêtements seront superposés.,ड्रेस और बाहरी केज के बीच की औसत दूरी बहुत ज़्यादा है. इससे दूसरी ड्रेस टॉप लेयर में होने पर ब्लोटिंग की समस्याएँ पैदा होंगी.,Jarak rata-rata antara pakaian dan cage luar terlalu besar. Hal ini akan menyebabkan masalah penggembungan saat pakaian lain diletakkan di atasnya.,La distanza media tra l'abbigliamento e la gabbia esterna è troppo grande. Questo porterà a problemi di gonfiore quando altri capi sono stratificati in alto.,衣装と外側のケージの平均距離が大きすぎます。他の衣装を重ね着すると肥大化する可能性があります。,복장과 외부 케이지 사이의 평균 거리가 너무 큽니다. 이는 위에 다른 복장 레이어드 시 부풀어 오르는 문제를 일으킬 것입니다.,Średnia odległość pomiędzy ubraniem a obramowaniem zewnętrznym jest zbyt duża. Spowoduje to problemy z wydymaniem ubrania nałożonego jako kolejna warstwa.,A distância média entre o vestuário e a gaiola externa é muito grande. Isso levará a problemas de inchamento quando outras roupas estiverem em camadas em cima.,,ระยะห่างโดยเฉลี่ยระหว่างเสื้อผ้าและ Cage ภายนอกกว้างใหญ่เกินไป การดำเนินการนี้จะนำไปสู่ปัญหาในการบวมพองเมื่อเสื้อผ้าชิ้นอื่นซ้อนชั้นอยู่ด้านบน,"Kıyafet ve dış kafes arasındaki ortalama uzaklık çok yüksek. Bu, üste başka kıyafetler eklendiğinde şişkinlik sorunlarına yol açacak.",Khoảng cách trung bình giữa trang phục và khung ngoài quá lớn. Điều này sẽ dẫn đến tình trạng phồng khi mặc nhiều lớp trang phục khác lên trên.,服装和外围笼之间的平均距离过大。当其他服装叠加在其上时，这会导致膨胀问题。,服装和外围笼之间的平均距离过大。当其他服装叠加在其上时，这会导致膨胀问题。,服飾和外圍籠之間的平均距離過大。其他服飾覆蓋在上時可能會出現膨脹問題。
Studio.AssetImporter.Properties.OuterCageFarExtendedFromMeshPreview,,,Outer cage extends too far,Outer cage extends too far,يمتد القفص الخارجي بعيدًا جدًا,Der äußere Cage reicht zu weit,La jaula externa se extiende demasiado lejos,La cage extérieure s'étend trop loin,बाहरी केज बहुत दूर तक फैला हुआ है,Cage luar menjangkau terlalu jauh,Gabbia esterna si estende troppo lontano,外側のケージが遠すぎます,외부 케이지가 너무 멉니다,Obramowanie zewnętrzne rozciąga się zbyt daleko,A gaiola externa se estende muito longe,,Cage ภายนอกขยายออกไปไกลเกินไป,Dış kafes çok dışa açılıyor,Khung ngoài mở rộng quá xa,外围笼延伸太远,外围笼延伸太远,外圍籠延伸過遠
Studio.AssetImporter.PropertiesTooltip.OuterCageFarExtendedFromMeshWarning,,,There are outer cage vertex(s) that are too far away from the clothing mesh. This will lead to issues when other clothing is layered on top.,There are outer cage vertex(s) that are too far away from the clothing mesh. This will lead to issues when other clothing is layered on top.,توجد قمة (قمم) قفص خارجي بعيدة جدًا عن أصل mesh للثياب. سيؤدي ذلك إلى حدوث مشكلات عند وضع طبقات من الثياب الأخرى في الأعلى.,"Es gibt äußere Cage-Eckpunkte, die zu weit vom Kleidungs-Mesh entfernt sind. Dies führt zu Problemen, wenn andere Kleidungsstücke übereinander gelegt werden.",Hay vértices externos en jaulas que están demasiado lejos de la malla de ropa. Esto causará problemas cuando se ponga otra ropa en la parte superior.,Il y a des sommet(s) de cage externes qui sont trop éloignés du maillage des vêtements. Cela provoquera des problèmes lorsque d'autres vêtements seront superposés.,कुछ बाहरी केज वर्टेक्स ड्रेस मेश से बहुत दूर हैं. इससे दूसरी ड्रेस टॉप लेयर में होने पर समस्याएँ पैदा होंगी.,Terdapat puncak cage luar yang letaknya terlalu jauh dari mesh pakaian. Hal ini akan menyebabkan masalah saat pakaian lain diletakkan di atasnya.,Ci sono vertici esterni della gabbia che sono troppo lontani dalla rete di abbigliamento. Questo porterà a problemi quando altri capi di abbigliamento sono stratificati in alto.,衣装メッシュから遠く離れている外側ケージの頂点があります。これは、他の衣装を上に重ね着したときに問題になります。,복장 메시에서 지나치게 멀리 떨어진 외부 케이지 정점이 있습니다. 이는 위에 다른 복장을 레이어드할 때 문제가 됩니다.,Niektóre wierzchołki obramowania zewnętrznego znajdują się zbyt daleko od siatki ubrania. Spowoduje to problemy w przypadku dodania nad nim kolejnej warstwy ubrania.,Há vértices externos de gaiola que estão muito longe da malha de roupa. Isto levará a problemas quando outras roupas forem colocadas em camadas em cima.,,มีจุดยอด Cageภายนอกที่อยู่ไกลเกินไปจากเมชเสื้อผ้า การดำเนินการนี้จะนำไปสู่ปัญหาเมื่อเสื้อผ้าชิ้นอื่นซ้อนชั้นอยู่ด้านบน,"Kıyafet mesh yapısının çok uzağında dış kafes köşesi/köşeleri var. Bu, üste başka kıyafetler eklendiğinde sorunlara yol açacak.",Có đỉnh khung ngoài cách quá xa so với mesh trang phục. Điều này sẽ dẫn đến vấn đề khi trang phục khác được chồng lên trên.,有一些外围笼顶点距服装网格太远。当其他服装叠加在其上时，这会导致问题。,有一些外围笼顶点距服装网格太远。当其他服装叠加在其上时，这会导致问题。,有從服飾網格延伸過遠的外圍籠頂點。其他服飾覆蓋在上時將會出現問題。
Studio.AssetImporter.Statuses.CageNameHasTypoWarning,,,"Cage name contains a typo, try renaming to {name}.","Cage name contains a typo, try renaming to {name}.",اسم القفص به خطأ مطبعي، حاول إعادة التسمية إلى {name}.,"Der Cage-Name enthält einen Tippfehler, versuche ihn in {name} umzubenennen.",El nombre de la jaula contiene un error tipográfico. Intenta renombrar a {name}.,"Le nom de la cage contient une faute, essayez de renommer en {name}.","केज के नाम में एक टाइपो है, इसका नाम बदलकर {name} करके देखें.",Nama cage mengandung kesalahan ketik. Coba ubah nama menjadi {name}.,"Il nome della gabbia contiene un tipo, prova a rinominare {name}.",ケージ名にタイプミスが含まれています。 {name} に名前を変更してみてください。,케이지 이름에 오타가 있습니다. 이름을 {name}(으)로 변경해 보세요.,Nazwa obramowania zawiera błąd. Spróbuj zmienić ją na {name}.,"O nome da gaiola contém um erro de digitação, tente renomear para {name}.",,ชื่อ Cage มีการพิมพ์ผิด ลองเปลี่ยนชื่อใหม่เป็น {name},"Kafes adında yazım hatası var, {name} olarak adlandırmayı dene.","Tên khung có lỗi chính tả, hãy thử đổi tên thành {name}.",围笼名称中有错字，请尝试重命名为 {name}。,围笼名称中有错字，请尝试重命名为 {name}。,圍籠名稱有錯字，請重新命名為 {name}。
Studio.AssetImporter.Statuses.AvatarCagesMissingWarning,,,Corresponding cage mesh is missing for this mesh. All R15 Body Parts must have a cage.,Corresponding cage mesh is missing for this mesh. All R15 Body Parts must have a cage.,أصل mesh للقفص المقابل مفقود لأصل mesh هذا. يجب أن تحتوي جميع أجزاء الجسد R15 على قفص.,Für dieses Mesh fehlt ein entsprechendes Cage-Mesh. Alle R15-Körperteile müssen einen Cage haben.,Falta la malla de la jaula correspondiente. Todas las piezas del cuerpo R15 deben tener una jaula.,La maille de cage correspondante est manquante pour cette maille. Toutes les pièces de carrosserie R15 doivent avoir une cage.,इस मेश के लिए संबंधित केज मेश गायब है. सभी R15 बॉडी पार्ट्स में केज होना चाहिए.,Mesh cage yang sesuai untuk mesh ini tidak ada. Semua Bagian Tubuh R15 harus memiliki cage.,Manca una rete di gabbia corrispondente per questa maglia. Tutte le parti del corpo R15 devono avere una gabbia.,このメッシュに対応するケージメッシュがありません。すべてのR15ボディパーツにはケージが必要です。,이 메시에 해당하는 케이지 메시가 없습니다. 모든 R15 신체 파트에는 케이지가 있어야 합니다.,Brak odpowiedniej siatki obramowania dla tej siatki. Wszystkie części ciała R15 muszą mieć obramowanie.,Está faltando a malha de gaiola correspondente para esta malha. Todas as partes R15 de corpo devem ter uma gaiola.,,เมช Cage ที่สอดคล้องกันหายไปจากเมชนี้ ส่วนประกอบร่างกาย R15 ทั้งหมดต้องมี Cage,Bu mesh yapısına karşılık gelen kafes mesh yapısı bulunamadı. Tüm R15 vücut parçalarının bir kafesinin olması gerekir.,Mesh khung tương ứng bị thiếu đối với mesh này. Tất cả các Bộ Phận Cơ Thể R15 phải có khung.,此网格缺少对应的围笼网格。所有的 R15 身体部件都必须要有一个围笼。,此网格缺少对应的围笼网格。所有的 R15 身体部件都必须要有一个围笼。,此網格找不到對應的幾何網格。所有 R15 身體部位都須擁有網格。
Studio.AssetImporter.Statuses.NoRefMeshForCageWarning,,,Could not find corresponding Geo Mesh for Cage Mesh.,Could not find corresponding Geo Mesh for Cage Mesh.,تعذَّر العثور على Geo Mesh مناسبة لأصل Cage Mesh.,Das entsprechende Geo-Mesh für Cage-Mesh konnte nicht gefunden werden.,No se pudo encontrar Geo Mesh correspondiente para la jaula Malla.,Impossible de trouver le maillage Geo correspondant pour le maillage Cage.,केज मेश के लिए संबंधित जियो मेश नहीं मिला.,Tidak dapat menemukan Mesh Geo untuk Mesh Cage yang sesuai.,Impossibile trovare Geo Mesh corrispondente per Cage Mesh.,ケージメッシュに対応するジオメッシュが見つかりませんでした。,케이지 메시에 해당하는 지오 메시를 찾을 수 없습니다.,Nie można znaleźć odpowiedniej siatki Geo Mesh dla siatki obramowania.,Não foi possível encontrar a geo malha correspondente para a gaiola de malha.,,ไม่สามารถหาจีโอเมชที่สอดคล้องกับเมช Cage ได้,Kafes mesh yapısına karşılık gelen geometri mesh yapısı bulunamadı.,Không thể tìm thấy Mesh Hình Học tương ứng cho Mesh Khung.,无法为围笼网格找到对应的几何网格。,无法为围笼网格找到对应的几何网格。,圍籠網格找不到對應的幾何網格。
Studio.AssetImporter.Statuses.NoRefMeshForCageWarningWithSuggestion,,,Could not find corresponding Geo Mesh for Cage Mesh. Try renaming to {name}.,Could not find corresponding Geo Mesh for Cage Mesh. Try renaming to {name}.,تعذَّر العثور على Geo Mesh مناسبة لأصل Cage Mesh. حاول إعادة التسمية إلى {name}.,Das entsprechende Geo-Mesh für Cage-Mesh konnte nicht gefunden werden. Versuche es in {name} umzubenennen.,No se pudo encontrar la Geo Mesh correspondiente para la jaula Malla. Intenta renombrar a {name}.,Impossible de trouver le maillage Geo correspondant pour le maillage Cage. Essaie de renommer en {name}.,केज मेश के लिए संबंधित जियो मेश नहीं मिला. इसका नाम बदलकर {name} करके देखें.,Tidak dapat menemukan Mesh Geo untuk Mesh Cage yang sesuai. Coba ubah nama menjadi {name}.,Impossibile trovare la Geo Mesh corrispondente per la Gabbia Mesh. Prova a rinominare {name}.,ケージメッシュに対応するジオメッシュが見つかりませんでした。 {name} に名前を変更してみてください。,케이지 메시에 해당하는 지오 메시를 찾을 수 없습니다. 이름을 {name}(으)로 변경하세요.,Nie można znaleźć odpowiedniej siatki Geo Mesh dla siatki obramowania. Spróbuj zmienić jej nazwę na {name}.,Não foi possível encontrar a geo malha correspondente para a malha de gaiola. Tente renomear para {name}.,,ไม่สามารถหาจีโอเมชที่สอดคล้องกับเมช Cage ได้ ลองเปลี่ยนชื่อเป็น {name},Kafes mesh yapısına karşılık gelen geometri mesh yapısı bulunamadı. {name} olarak adlandırmayı dene.,Không thể tìm thấy Mesh Hình Học tương ứng cho Mesh Khung. Hãy thử đổi tên thành {name}.,无法为围笼网格找到对应的几何网格。请尝试重命名为 {name}。,无法为围笼网格找到对应的几何网格。请尝试重命名为 {name}。,圍籠網格找不到對應的幾何網格。請重新命名為 {name}。
Studio.AssetImporter.Statuses.InnerButNoOuterCageWarning,,,Inner Cage has no corresponding Outer Cage.,Inner Cage has no corresponding Outer Cage.,القفص الداخلي ليس له قفص خارجي مناسب.,Der innere Cage hat keinen entsprechenden äußeren Cage.,La Jaula interior no tiene la correspondiente Jaula externa.,La Cage Intérieure n'a pas de Cage Extérieure correspondante.,भीतरी केज से संबंधित कोई बाहरी केज नहीं है.,Cage Dalam tidak memiliki Cage Luar yang sesuai.,La gabbia interna non ha una gabbia esterna corrispondente.,内側のケージに対応する外側のケージがありません。,내부 케이지에 해당하는 외부 케이지가 없습니다.,Obramowanie wewnętrzne nie ma odpowiadającego mu obramowania zewnętrznego.,A gaiola interna não possui uma gaiola externa correspondente.,,Cage ภายในไม่มี Cage ภายนอกที่สอดคล้องกัน,İç kafese karşılık gelen dış kafes yok.,Khung Trong không có Khung Ngoài tương ứng.,内围笼有对应的外围笼。,内围笼有对应的外围笼。,內圍籠沒有對應的外圍籠。
Studio.AssetImporter.Statuses.UnsupportedPreviewTextureType,,,".tga and .gif are not fully supported. They may not be visible in previews, and in some cases may cause the upload to fail, but they'll appear if the upload succeeds. You may convert them to a different file type such as .png or .jpg to view them in the preview window.",".tga and .gif are not fully supported. They may not be visible in previews, and in some cases may cause the upload to fail, but they'll appear if the upload succeeds. You may convert them to a different file type such as .png or .jpg to view them in the preview window.",لا يتم دعم الملفات بتنسيق .tga و .gif بالكامل. قد لا تكون مرئية في المعاينات، وفي بعض الحالات قد تتسبب في فشل التحميل، ولكنها ستظهر إذا نجح التحميل. يمكنك تحويلها إلى نوع ملف مختلف مثل .png أو .jpg لعرضها في نافذة المعاينة.,".tga und .gif werden nicht vollständig unterstützt. Sie sind möglicherweise in der Vorschau nicht sichtbar und können in manchen Fällen dazu führen, dass der Upload fehlschlägt, aber sie werden angezeigt, wenn der Upload erfolgreich ist. Du kannst sie in einen anderen Dateityp wie .png oder .jpg umwandeln, um sie im Vorschaufenster zu sehen.",".tga y .gif no son totalmente compatibles. Puede que no sean visibles en las previsualizaciones, y en algunos casos pueden causar que la carga falle, pero aparecerán si la carga tiene éxito. Puede convertirlos a un tipo de archivo diferente como .png o .jpg para verlos en la ventana de vista previa.",".tga et .gif ne sont pas entièrement pris en charge. Ils peuvent ne pas être visibles dans les aperçus et, dans certains cas, peuvent causer l'échec du téléchargement, mais ils apparaîtront si le téléchargement réussi. Tu peux les convertir en un autre type de fichier tel que .png ou .jpg pour les afficher dans la fenêtre de prévisualisation.",".tga और .gif को पूरा सपोर्ट नहीं हैं. हो सकता है कि वे प्रीव्यू में दिखाई न दें और कुछ मामलों में उनके कारण अपलोड विफल हो सकता है, लेकिन अपलोड सफल होने पर वे दिखाई देंगे. उन्हें प्रीव्यू विंडो में देखने के लिए, .png या .jpg जैसे अलग फ़ाइल टाइप में कन्वर्ट किया जा सकता है.","File .tga dan .gif tidak sepenuhnya didukung. Kedua tipe file ini mungkin tidak akan tampak di preview, dan dalam beberapa kasus mungkin dapat menyebabkan kegagalan upload, tetapi akan tampak seolah upload berhasil. Kamu dapat mengonversinya menjadi tipe file lain, seperti .png atau .jpg untuk menampilkannya di jendela preview.",".tga e .gif non sono completamente supportati. Essi potrebbero non essere visibili nelle anteprime, e in alcuni casi potrebbero causare il caricamento di fallire, ma appariranno se il caricamento ha successo. È possibile convertirli in un tipo di file diverso come .png o .jpg per visualizzarli nella finestra di anteprima.",.tga と .gif には完全に対応していません。プレビューでは表示されない場合があり、アップロードできない場合もありますが、アップロードできれば表示されます。 プレビューウィンドウで表示するには、.png や .jpg などの別のファイル形式に変換できます。,.tga 및 .gif 파일은 아직 완전히 지원되지 않습니다. 이는 미리 보기에 표시되지 않을 수 있으며 경우에 따라 업로드되지 못할 수 있지만 업로드에 성공하면 표시됩니다. 미리 보기 창에서 보려면 .png 또는 .jpg 등 다른 파일 형식으로 변환하세요.,"Pliki .tga i .gif nie są w pełni obsługiwane. Mogą być niewidoczne na podglądach, a w niektórych przypadkach mogą wywołać błąd przesyłania. Będą jednak widoczne, jeśli przesyłanie się powiedzie. Aby wyświetlić te pliki w oknie podglądu, można je przekonwertować na pliki innego typu, takie jak .png lub .jpg.",".tga e .gif não são totalmente suportados. Eles podem não ser visíveis nas pré-visualizações e, em alguns casos, podem causar falha no upload, mas aparecerão se o upload for bem-sucedido. Você pode convertê-los para um tipo de arquivo diferente como .png ou .jpg para visualizá-los na janela de visualização.",,ไม่รองรับ .tga และ .gif อย่างเต็มรูปแบบ ไฟล์เหล่านี้อาจไม่สามารถมองเห็นได้ในการดูตัวอย่าง และอาจทำให้เกิดการอัปโหลดไม่สำเร็จในบางกรณี แต่จะปรากฏให้เห็นหากการอัปโหลดสำเร็จ คุณสามารถแปลงเป็นประเภทไฟล์ที่แตกต่างออกไป เช่น .png หรือ .jpg เพื่อดูในหน้าต่างตัวอย่างได้,.tga ve .gif tam olarak desteklenmez. Bu dosyalar ön izlemelerde görünmeyebilir ve bazı durumlarda yüklemenin başarısız olmasına yol açabilir ama yükleme başarılı olursa dosyalar görünür. Dosyaları ön izleme penceresinde görüntüleyebilmek için .png veya .jpg gibi türlere dönüştürebilirsin.,".tga và .gif không được hỗ trợ đầy đủ. Các định dạng tệp này có thể không hiển thị trong bản xem trước và trong một số trường hợp có thể khiến việc tải lên thất bại, nhưng các định dạng tệp này sẽ xuất hiện nếu quá trình tải lên thành công. Bạn có thể chuyển đổi .tga và .gif sang định dạng tệp khác như .png hoặc .jpg để xem trong cửa sổ xem trước.",尚未完全支持 .tga 与 .gif 格式。该文件无法预览，有时也无法上传，但一旦上传成功将会显示。若要在预览窗口查看，请将文件转为 .png、.jpg 等文件类型。,尚未完全支持 .tga 与 .gif 格式。该文件无法预览，有时也无法上传，但一旦上传成功将会显示。若要在预览窗口查看，请将文件转为 .png、.jpg 等文件类型。,.tga 與 .gif 尚未獲得完整支援。該檔案無法在預覽看到，有時候也會無法上傳，但上傳成功時將會出現。若要在預覽視窗查看，可以將檔案轉為 .png、.jpg 等檔案類型。
Studio.AssetImporter.Statuses.CageNameHasTypoWarning_Deprecated,,,"Cage name contains a typo, try renaming to {name}.","Cage name contains a typo, try renaming to {name}.",اسم القفص به خطأ مطبعي، حاول إعادة التسمية إلى {name}.,"Der Cage-Name enthält einen Tippfehler, versuche ihn in {name} umzubenennen.",El nombre de la jaula contiene un error tipográfico. Intenta renombrar a {name}.,"Le nom de la cage contient une faute, essaie de renommer en {name}.","केज के नाम में एक टाइपो है, इसका नाम बदलकर {name} करके देखें.",Nama cage mengandung kesalahan ketik. Coba ubah nama menjadi {name}.,"Il nome della gabbia contiene un tipo, prova a rinominare {name}.",ケージ名にタイプミスが含まれています。 {name} に名前を変更してみてください。,케이지 이름에 오타가 있습니다. 이름을 {name}(으)로 변경해 보세요.,Nazwa obramowania zawiera błąd. Spróbuj zmienić ją na {name}.,"O nome da gaiola contém um erro de digitação, tente renomear para {name}.",,ชื่อ Cage มีการพิมพ์ผิด ลองเปลี่ยนชื่อใหม่เป็น {name},"Kafes adında yazım hatası var, {name} olarak adlandırmayı dene.","Tên khung có lỗi chính tả, hãy thử đổi tên thành {name}.",围笼名称中有错字，请尝试重命名为 {name}。,围笼名称中有错字，请尝试重命名为 {name}。,圍籠名稱有錯字，請重新命名為 {name}。
Studio.AssetImporter.Statuses.CageNameHasTypoWarning_v1,,,"Cage name contains a typo, try renaming to {SuggestedName}.","Cage name contains a typo, try renaming to {SuggestedName}.",اسم القفص به خطأ مطبعي، حاول إعادة التسمية إلى {SuggestedName}.,"Der Cage-Name enthält einen Tippfehler, versuche ihn in {SuggestedName} umzubenennen.",El nombre de la jaula contiene un error tipográfico. Intenta renombrar a {SuggestedName}.,"Le nom de la cage contient une faute, essaie de renommer en {SuggestedName}.","केज के नाम में एक टाइपो है, इसका नाम बदलकर {SuggestedName} करके देखें.",Nama cage mengandung kesalahan ketik. Coba ubah nama menjadi {SuggestedName}.,"Il nome della gabbia contiene un tipo, prova a rinominare {SuggestedName}.",ケージ名にタイプミスが含まれています。 {SuggestedName} に名前を変更してみてください。,케이지 이름에 오타가 있습니다. 이름을 {SuggestedName}(으)로 변경해 보세요.,Nazwa obramowania zawiera błąd. Spróbuj zmienić ją na {SuggestedName}.,"O nome da gaiola contém um erro de digitação, tente renomear para {SuggestedName}.",,ชื่อ Cage มีการพิมพ์ผิด ลองเปลี่ยนชื่อเป็น {SuggestedName},"Kafes adında yazım hatası var, {SuggestedName} olarak adlandırmayı dene.","Tên khung có lỗi chính tả, hãy thử đổi tên thành {SuggestedName}.",围笼名称中有错字，请尝试重命名为 {SuggestedName}。,围笼名称中有错字，请尝试重命名为 {SuggestedName}。,圍籠名稱有錯字，請重新命名為 {SuggestedName}。
Studio.AssetImporter.Statuses.NoRefMeshForCageWarningWithSuggestion_v1,,,Could not find corresponding Geo Mesh for Cage Mesh. Try renaming to {SuggestedName}.,Could not find corresponding Geo Mesh for Cage Mesh. Try renaming to {SuggestedName}.,تعذر العثور على Geo Mesh مناسبة لأصل Cage Mesh. حاول إعادة التسمية إلى {SuggestedName}.,Das entsprechende Geo-Mesh für Cage-Mesh konnte nicht gefunden werden. Versuche es in {SuggestedName} umzubenennen.,No se pudo encontrar la Geo Mesh correspondiente para la jaula Malla. Intenta renombrar a {SuggestedName}.,Impossible de trouver le maillage Geo correspondant pour le maillage Cage. Essaie de renommer en {SuggestedName}.,केज मेश के लिए संबंधित जियो मेश नहीं मिला. इसका नाम बदलकर {SuggestedName} करके देखें.,Tidak dapat menemukan Mesh Geo untuk Mesh Cage yang sesuai. Coba ubah nama menjadi {SuggestedName}.,Impossibile trovare la Geo Mesh corrispondente per la Gabbia Mesh. Prova a rinominare {SuggestedName}.,ケージメッシュに対応するジオメッシュが見つかりませんでした。 {SuggestedName} に名前を変更してみてください。,케이지 메시에 해당하는 지오 메시를 찾을 수 없습니다. 이름을 {SuggestedName}(으)로 변경해 보세요.,Nie można znaleźć odpowiedniej siatki Geo Mesh dla siatki obramowania. Spróbuj zmienić jej nazwę na {SuggestedName}.,Não foi possível encontrar a geo malha correspondente para a malha de gaiola. Tente renomear para {SuggestedName}.,,ไม่พบจีโอเมชที่สอดคล้องกับเมช Cage ลองเปลี่ยนชื่อเป็น {SuggestedName},Kafes mesh yapısına karşılık gelen geometri mesh yapısı bulunamadı. {SuggestedName} olarak adlandırmayı dene.,Không thể tìm thấy Mesh Hình Học tương ứng cho Mesh Khung. Hãy thử đổi tên thành {SuggestedName}.,无法为围笼网格找到对应的几何网格。请尝试重命名为 {SuggestedName}。,无法为围笼网格找到对应的几何网格。请尝试重命名为 {SuggestedName}。,圍籠網格找不到對應的幾何網格。請重新命名為 {SuggestedName}。
Studio.AssetImporter.Statuses.FacsFrameExtraCharsWarning1,,,"Ignoring {FrameAttr} because it contains underscores or spaces.  Must be of the form ""Frame#"" where ""#"" is an integer with no spaces or underscores.","Ignoring {FrameAttr} because it contains underscores or spaces.  Must be of the form ""Frame#"" where ""#"" is an integer with no spaces or underscores.","يتم تجاهل {FrameAttr} لأنه يحتوي على شرطات سفلية أو مسافات. يجب أن يكون بتنسيق السلسلة ""Frame#"" حيث يمثل ""#"" عددًا صحيحًا بدون استخدام مسافات أو شرطات سفلية.","{FrameAttr} wird ignoriert, weil es Unterstriche oder Leerzeichen enthält. Muss die Form ""Frame#"" haben, wobei ""#"" eine ganze Zahl ohne Leerzeichen oder Unterstriche ist.","Se ignora {FrameAttr} porque contiene guiones bajos o espacios. Debe ser de la forma ""Frame#"" donde ""#"" es un entero sin espacios o guiones bajos.","Ignorer {FrameAttr} parce qu'il contient des traits de soulignement ou des espaces.  Doit être de la forme ""Frame#"" où ""#"" est un nombre entier sans espace ni trait de soulignement.","{FrameAttr} को इग्नोर किया जा रहा है क्योंकि इसमें अंडरस्कोर या स्पेस हैं. ""Frame#"" फ़ॉर्म में होना चाहिए जहाँ ""#"" एक इंटीजर है जिसमें कोई स्पेस या अंडरस्कोर नहीं है.","Mengabaikan {FrameAttr} karena mengandung garis bawah atau spasi. Harus berupa bentuk ""Frame#"" dengan ""#"" adalah integer tanpa spasi atau garis bawah.","Ignorato ""{FrameAttr}"" perché contiene trattini o spazi. Deve essere del modulo ""Frame#"" dove ""#"" è un intero senza spazi o trattini.",アンダースコアやスペースが含まれているため {FrameAttr} を無視。「#」がアンダースコアやスペースがついていない整数のとき、必ず「Frame#」の形式にします。,밑줄이나 공백이 포함되어 있으므로 {FrameAttr}(을)를 무시합니다. 유형은 'Frame#'이어야 하며 '#'은 공백이나 밑줄이 없는 정수여야 합니다.,"Element {FrameAttr} zostanie zignorowany, ponieważ zawiera podkreślenia lub spacje. Musi mieć format „Frame#”, gdzie „#” to liczba całkowita bez spacji i podkreśleń.","Ignorando ""{FrameAttr}"" porque contém sublinhados ou espaços. Deve ser da forma ""Frame#"" em que ""#"" é um número inteiro sem espaços ou sublinhados.",,"ไม่สนใจ {FrameAttr} เนื่องจากมีเส้นใต้อักขระหรือการเว้นวรรค ต้องอยู่ในรูปแบบ ""Frame# ที่ ""#"" คือเลขจำนวนเต็มซึ่งไม่มีการเว้นวรรคหรือเส้นใต้อักขระ","{FrameAttr} alt çizgi ya da boşluk içerdiği için yok sayılıyor. ""#"" değeri boşluk ya da alt çizgi içermeyen bir tam sayı olacak şekilde ""Frame#"" formunda olmalı.","Bỏ qua {FrameAttr} vì nó chứa dấu gạch dưới hoặc ký tự trống. Phải có dạng ""Frame#"", trong đó ""#"" là số nguyên không có dấu cách hoặc dấu gạch dưới.",{FrameAttr}由于包含下划线或空格而遭到忽略。形式必须为“Frame#”，“#”应该为整数，并且不包含空格或下划线。,{FrameAttr}由于包含下划线或空格而遭到忽略。形式必须为“Frame#”，“#”应该为整数，并且不包含空格或下划线。,「{FrameAttr}」因含有空格或下橫線而遭到忽略。型態必須為「Frame#」，「#」應為整數並不包含有空格或下橫線。
Studio.AssetImporter.Statuses.FacsMax3CorrectivesError3,,,"Correctives can be for at most 3 control names.  Found {Size} for attribute ""{FrameAttr}"": ""{FacsControlName}""","Correctives can be for at most 3 control names.  Found {Size} for attribute ""{FrameAttr}"": ""{FacsControlName}""","يمكن إجراء التصحيحات في 3 فقط من أسماء التحكم بحد أقصى. تم العثور على {Size} للسمة ""{FrameAttr}"": ""{FacsControlName}""","Korrektive können für höchstens 3 Kontrollnamen sein. {Size} gefunden für Attribut ""{FrameAttr}"": ""{FacsControlName}""","Las correcciones pueden ser como máximo 3 nombres de control. Se encontró {Size} para el atributo ""{FrameAttr}"": ""{FacsControlName}""","Les correctifs peuvent contenir au maximum 3 noms de contrôle. Trouvé {Size} pour l'attribut ""{FrameAttr}"": ""{FacsControlName}""","करेक्टिव अधिकतम 3 कंट्रोल नामों के लिए हो सकते हैं. एट्रिब्यूट ""{FrameAttr}"" : ""{FacsControlName}"" के लिए {Size} मिला","Korektif dapat digunakan untuk maksimal 3 nama kontrol. Ditemukan {Size} untuk atribut ""{FrameAttr}"": ""{FacsControlName}""","I corretti possono essere per al massimo 3 nomi di controllo. Trovato {Size} per l'attributo ""{FrameAttr}"": ""{FacsControlName}""",矯正は3つのコントロール名に対して行うことができます。属性「{FrameAttr}」の 「{Size}」を見つけました:「{FacsControlName}」,보정은 최대 3개의 컨트롤 이름으로 사용할 수 있습니다. '{FrameAttr}' 특성에 대한 {Size} 발견: '{FacsControlName}',Skorygować można maksymalnie 3 nazwy elementów sterujących. Znaleziono {Size} dla atrybutu „{FrameAttr}”: „{FacsControlName}”,"Corretivos podem ser no máximo 3 nomes de controle. Encontrado {Size} para o atributo ""{FrameAttr}"": ""{FacsControlName}""",,"สามารถแก้ไขชื่อการควบคุมได้สูงสุด 3 ชื่อ  พบ {Size} ของคุณลักษณะ ""{FrameAttr}"": ""{FacsControlName}""","Düzelticiler en fazla 3 kontrol adı için olabilir. ""{FrameAttr}"" niteliği için {Size} bulundu: ""{FacsControlName}""","Các bản sửa lỗi có thể áp dụng cho tối đa 3 tên điều khiển. Đã tìm thấy {Size} cho thuộc tính ""{FrameAttr}"": ""{FacsControlName}""",校正器最多可以是 3 个控制名称。已找到 {Size} 的属性“{FrameAttr}”：“{FacsControlName}”,校正器最多可以是 3 个控制名称。已找到 {Size} 的属性“{FrameAttr}”：“{FacsControlName}”,校正最多可以由 3 個控制名稱使用。已為特性「{FrameAttr}」找到 {Size}：「{FacsControlName}」
Studio.AssetImporter.Statuses.FacsUnrecognizedFACSError2,,,"Unrecognized FACS control name ""{FacsControlName}"" for attribute ""{FrameAttr}""","Unrecognized FACS control name ""{FacsControlName}"" for attribute ""{FrameAttr}""","اسم عنصر التحكم FACS غير معروف ""{FacsControlName}"" للسمة ""{FrameAttr}""","Nicht erkannter FACS-Kontrollname ""{FacsControlName}"" für Attribut ""{FrameAttr}""","Nombre de control de FACS no reconocido ""{FacsControlName}"" para atributo ""{FrameAttr}""","Nom de contrôle FACS non reconnu ""{FacsControlName}"" pour l'attribut ""{FrameAttr}""","एट्रिब्यूट ""{FrameAttr}"" के लिए अंजान FACS कंट्रोल नाम ""{FacsControlName}""","Nama kontrol FACS ""{FacsControlName}"" tidak dikenal untuk atribut ""{FrameAttr}""","Nome di controllo FACS non riconosciuto ""{FacsControlName}"" per l'attributo ""{FrameAttr}""",属性 「{FrameAttr}」の未認識のFACS コントロール名「{FacsControlName}」,'{FrameAttr}' 특성의 인식할 수 없는 FACS 컨트롤 이름 '{FacsControlName}',Nie rozpoznano nazwy elementu sterującego FACS „{FacsControlName}” dla atrybutu „{FrameAttr}”,"Nome de controle FACS desconhecido ""{FacsControlName}"" para o atributo ""{FrameAttr}""",,"ชื่อการควบคุม FACS ที่ไม่รู้จัก ""{FacsControlName}"" ของคุณลักษณะ ""{FrameAttr}""","""{FrameAttr}"" niteliği için ""{FacsControlName}"" yüz hareketi kodlama sistemi kontrol adı tanınamadı","Không thể nhận dạng tên control FACS ""{FacsControlName}"" cho thuộc tính ""{FrameAttr}""",属性“{FrameAttr}”的无法识别的 FACS 控制项名称“{FacsControlName}”,属性“{FrameAttr}”的无法识别的 FACS 控制项名称“{FacsControlName}”,特性「{FrameAttr}」有無法識別的 FACS 控制名稱「{FacsControlName}」
Studio.AssetImporter.Statuses.FacsInvalidCorrectiveError2,,,"Invalid corrective name ""{FacsControlName}"" for attribute""{FrameAttr}"": Neutral cannot be part of a corrective","Invalid corrective name ""{FacsControlName}"" for attribute""{FrameAttr}"": Neutral cannot be part of a corrective","اسم التصحيح غير صالح ""{FacsControlName}"" للسمة""{FrameAttr}"": لا يمكن أن يكون المحايد جزءًا من تصحيح","Ungültiger Korrektivname ""{FacsControlName}"" für Attribut ""{FrameAttr}"": Neutral kann nicht Teil eines Korrektivs sein","Nombre correctivo no válido ""{FacsControlName}"" para el atributo""{FrameAttr}"": Neutral no puede ser parte de un correctivo","Nom correctif invalide ""{FacsControlName}"" pour l'attribut ""{FrameAttr}"" : le neutre ne peut pas faire partie d'un correctif","एट्रिब्यूट ""{FrameAttr}"" के लिए अमान्य करेक्टिव नाम ""{FacsControlName}"": न्यूट्रल किसी करेक्टिव का हिस्सा नहीं हो सकता","Nama korektif ""{FacsControlName}"" tidak valid untuk atribut ""{FrameAttr}"": Netral tidak dapat menjadi bagian korektif","Nome correttivo non valido ""{FacsControlName}"" per l'attributo""{FrameAttr}"": Neutro non può far parte di un correttivo",属性「{FrameAttr}」の無効な矯正名 「{FacsControlName}」: Neutral （ニュートラル）は矯正の一部にはなれません,'{FrameAttr}' 특성의 유효하지 않은 보정 이름 '{FacsControlName}': Neutral은 보정의 일부가 될 수 없습니다,Nieprawidłowa skorygowana nazwa „{FacsControlName}” dla atrybutu „{FrameAttr}”: ustawienie Neutralna nie może być częścią korekty,"Nome corretivo inválido ""{FacsControlName}"" para o atributo ""{FrameAttr}"": Neutro não pode ser parte de um corretivo",,"ชื่อการแก้ไขไม่ถูกต้อง ""{FacsControlName}"" ของคุณลักษณะ ""{FrameAttr}"": Neutral ไม่สามารถเป็นส่วนหนึ่งของการแก้ไขได้","""{FrameAttr}"" niteliği için ""{FacsControlName}"" düzeltici adı geçersiz: Düzeltici parçaları nötr olamaz","Tên bản sửa lỗi không hợp lệ ""{FacsControlName}"" cho thuộc tính ""{FrameAttr}"": Trung Tính không được nằm trong bản sửa lỗi",属性“{FrameAttr}”的无效的校正名称“{FacsControlName}”：Neutral 不能作为校正器的一部分,属性“{FrameAttr}”的无效的校正名称“{FacsControlName}”：Neutral 不能作为校正器的一部分,特性「{FrameAttr}」有無效的校正名稱「{FacsControlName}」：Neutral 不可為校正的一部分
Studio.AssetImporter.Statuses.FacsCorrectiveDupeError3,,,"Found duplicate FACS control name ""{FacsDupeName}"" for corrective ""{FacsControlName}"" in attribute ""{FrameAttr}""","Found duplicate FACS control name ""{FacsDupeName}"" for corrective ""{FacsControlName}"" in attribute ""{FrameAttr}""","تم العثور على اسم عنصر تحكم FACS مكرر ""{FacsDupeName}"" للتصحيح ""{FacsControlName} "" في السمة ""{FrameAttr}""","Doppelter FACS-Kontrollname ""{FacsDupeName}"" für Korrektiv ""{FacsControlName}"" in Attribut ""{FrameAttr}"" gefunden","Se encontró el nombre de control FACS duplicado ""{FacsDupeName}"" para corregir ""{FacsControlName}"" en el atributo ""{FrameAttr}""","Le nom de contrôle FACS ""{FacsDupeName}"" trouvé pour le correctif ""{FacsControlName}"" dans l'attribut ""{FrameAttr}""","एट्रिब्यूट ""{FrameAttr}"" में करेक्टिव ""{FacsControlName}"" के लिए डुप्लिकेट FACS कंट्रोल नाम ""{FacsDupeName}"" मिला","Ditemukan nama kontrol FACS ""{FacsDupeName}"" untuk korektif ""{FacsControlName}"" dalam atribut ""{FrameAttr}""","Trovato duplicato nome di controllo FACS ""{FacsDupeName}"" per correttivo ""{FacsControlName}"" nell'attributo ""{FrameAttr}""",属性「{FrameAttr}」で矯正「{FacsControlName}」 と重複する FACS コントロール名 「{FacsDupeName}」が見つかりました,'{FrameAttr}' 특성에서 보정 '{FacsControlName}'에 대한 중복 FACS 컨트롤 이름 '{FacsDupeName}'(이)가 발견되었습니다,Znaleziono powieloną nazwę elementu sterującego FACS „{FacsDupeName}” dla skorygowanej nazwy „{FacsControlName}” w atrybucie „{FrameAttr}”,"Encontrado um nome de controle FACS duplicado ""{FacsDupeName}"" para corretivo ""{FacsControlName}"" no atributo ""{FrameAttr}""",,"พบชื่อการควบคุม FACS ซ้ำ ""{FacsDupeName}"" ของการแก้ไข ""{FacsControlName}"" ในคุณลักษณะ ""{FrameAttr}""","""{FrameAttr}"" niteliğindeki ""{FacsControlName}"" düzelticisi için ""{FacsDupeName}"" yüz hareketi kodlama sistemi kontrol adı birden fazla kez bulundu","Đã tìm thấy tên điều khiển FACS trùng lặp ""{FacsDupeName}"" cho bản sửa lỗi ""{FacsControlName}"" trong thuộc tính ""{FrameAttr}""",在属性“{FrameAttr}”的校正“{FacsControlName}”中发现重复的 FACS 控制名称“{FacsDupeName}”,在属性“{FrameAttr}”的校正“{FacsControlName}”中发现重复的 FACS 控制名称“{FacsDupeName}”,在特性「{FrameAttr}」中的校正「{FacsControlName}」找到重複 FACS 控制名稱「{FacsDupeName}」
Studio.AssetImporter.Statuses.FacsRootFaceJointNotStringError,,,RootFaceJoint attribute must be of type string,RootFaceJoint attribute must be of type string,يجب أن تكون سمة RootFaceJoint من نوع السلسلة,RootFaceJoint-Attribut muss vom Typ string sein,El atributo RootFaceJoint debe ser de tipo cadena,L'attribut RootFaceJoint doit être de type string,RootFaceJoint एट्रिब्यूट स्ट्रिंग टाइप का होना चाहिए,Atribut RootFaceJoint harus berupa string tipe,L'attributo RootFaceJoint deve essere di tipo stringa,RootFaceJoint 属性は文字列型でなければなりません,RootFaceJoint 특성은 문자열 유형이어야 합니다,Typem atrybutu RootFaceJoint musi być ciąg,O atributo RootFaceJoint deve ser do tipo string,,คุณลักษณะ RootFaceJoint ต้องเป็นสตริงประเภท,RootFaceJoint niteliği dizi türünde olmalı,Thuộc tính RootFaceJoint phải là kiểu chuỗi,RootFaceJoint 属性的类型必须是字符串,RootFaceJoint 属性的类型必须是字符串,RootFaceJoint 特性類型應為字符串
Studio.AssetImporter.Statuses.FacsRootFaceJointNoValueError,,,RootFaceJoint attribute has no value,RootFaceJoint attribute has no value,لا تحتوي سمة RootFaceJoint على قيمة,RootFaceJoint-Attribut hat keinen Wert,El atributo RootFaceJoint no tiene valor,L'attribut RootFaceJoint n'a aucune valeur,RootFaceJoint एट्रिब्यूट में कोई वैल्यू नहीं है,Atribut RootFaceJoint tidak memiliki nilai,L'attributo RootFaceJoint non ha valore,RootFaceJoint 属性に値がありません,RootFaceJoint 특성에 값이 없습니다,Brak wartości atrybutu RootFaceJoint,O atributo RootFaceJoint não tem nenhum valor,,คุณลักษณะ RootFaceJoint ไม่มีค่า,RootFaceJoint niteliğinin değeri yok,Thuộc tính RootFaceJoint không có giá trị,RootFaceJoint 属性没有值,RootFaceJoint 属性没有值,RootFaceJoint 特性沒有值
Studio.AssetImporter.Statuses.FacsFrameAttrNotStringError1,,,"""{FrameAttr}"" attribute must be of type string","""{FrameAttr}"" attribute must be of type string","يجب أن تكون السمة ""{FrameAttr}"" من نوع السلسلة","""{FrameAttr}""-Attribut muss vom Typ string sein","El atributo ""{FrameAttr}"" debe ser de tipo cadena","L'attribut ""{FrameAttr}"" doit être de type string","""{FrameAttr}"" एट्रिब्यूट स्ट्रिंग टाइप का होना चाहिए","Atribut ""{FrameAttr}"" harus berupa string tipe","""{FrameAttr}"" l'attributo deve essere di tipo stringa",「{FrameAttr}」属性は文字列型でなければなりません,'{FrameAttr}' 특성은 문자열 유형이어야 합니다,Typem atrybutu „{FrameAttr}” musi być ciąg,"O atributo ""{FrameAttr}"" deve ser do tipo string",,"คุณลักษณะ ""{FrameAttr}"" ต้องเป็นสตริงประเภท","""{FrameAttr}"" niteliği dizi türünde olmalı","Thuộc tính ""{FrameAttr}"" phải là kiểu chuỗi",“{FrameAttr}”属性的类型必须是字符串,“{FrameAttr}”属性的类型必须是字符串,「{FrameAttr}」特性類型應為字符串
Studio.AssetImporter.Statuses.FacsUnparseableFrameNumberError1,,,"Couldn't parse the frame number in attribute ""{FrameAttr}"".","Couldn't parse the frame number in attribute ""{FrameAttr}"".","تعذَّر تحليل رقم الإطار في السمة ""{FrameAttr}"".","Die Bildnummer im Attribut ""{FrameAttr}"" konnte nicht analysiert werden.","No se pudo analizar el número de fotograma en el atributo ""{FrameAttr}"".","Impossible d'analyser le numéro de la trame dans l'attribut ""{FrameAttr}"".","एट्रिब्यूट ""{FrameAttr}"" में फ़्रेम नंबर को पार्स नहीं किया जा सका,","Tidak dapat melakukan parsing terhadap jumlah frame dalam atribut ""{FrameAttr}"".","Impossibile analizzare il numero di frame nell'attributo ""{FrameAttr}"".",属性「{FrameAttr}」のフレーム番号を解析できませんでした。,특성 '{FrameAttr}'의 프레임 번호를 구문 분석할 수 없습니다.,Nie udało się przetworzyć liczby klatek w atrybucie „{FrameAttr}”.,"Não foi possível analisar o número do quadro no atributo ""{FrameAttr}.",,"ไม่สามารถแยกค่าจำนวนเฟรมในคุณลักษณะ ""{FrameAttr}"" ได้","""{FrameAttr}"" niteliğinde kare numarası ayrıştırılamadı.","Không thể phân tích số khung hình trong thuộc tính ""{FrameAttr}"".",无法从属性“{FrameAttr}”中解析帧编号。,无法从属性“{FrameAttr}”中解析帧编号。,無法分析特性「{FrameAttr}」中的影格數。
Studio.AssetImporter.Statuses.FacsEmptyAttributeWarning1,,,"Empty value found for attribute ""{FrameAttr}"".  Ignoring this.","Empty value found for attribute ""{FrameAttr}"".  Ignoring this.","تم العثور على قيمة فارغة للسمة ""{FrameAttr}"". سيتم تجاهل هذا.","Leerer Wert für Attribut ""{FrameAttr}"" gefunden. Dies wird ignoriert.","Valor vacío encontrado para el atributo ""{FrameAttr}"". Se ignorará.","Valeur vide trouvée pour l'attribut ""{FrameAttr}"". Ignorer ceci.","एट्रिब्यूट ""{FrameAttr}"" के लिए खाली वैल्यू मिली. इसे इग्नोर किया जा रहा है.","Nilai kosong ditemukan untuk atribut ""{FrameAttr}"". Hal ini diabaikan.","Valore vuoto trovato per l'attributo extra chiamato ""{FrameAttr}"". questo verrà ignorato.",「{FrameAttr}」に空の属性が見つかりました。これは無視してください。,특성 '{FrameAttr}'에 대해 빈 값이 발견되어 이를 무시합니다.,Znaleziono pustą wartość w atrybucie „{FrameAttr}”. Zostanie zignorowany.,"Valor vazio encontrado para o atributo ""{FrameAttr}"". Ignorando isto.",,"พบค่าว่างเปล่าของคุณลักษณะ ""{FrameAttr}""  กำลังเพิกเฉยสิ่งนี้","""{FrameAttr}"" niteliği için boş değer bulundu. Yok sayılıyor.","Đã tìm thấy giá trị trống cho thuộc tính ""{FrameAttr}"". Bỏ qua điều này.",属性“{FrameAttr}”发现空值。请忽略。,属性“{FrameAttr}”发现空值。请忽略。,屬性「{FrameAttr}」因找到空白值而被忽略。
Studio.AssetImporter.Statuses.FacsDupeControlError3,,,"Duplicate control name found: ""{FacsControlName}"" in frame {FrameNumber1} and frame {FrameNumber2}","Duplicate control name found: ""{FacsControlName}"" in frame {FrameNumber1} and frame {FrameNumber2}","تم العثور على اسم عنصر تحكم مكرر: ""{FacsControlName}"" في الإطار {FrameNumber1} والإطار {FrameNumber2}","Doppelter Kontrollename gefunden: ""{FacsControlName}"" im Bild {FrameNumber1} und Bild {FrameNumber2}","Se encontró un nombre de control duplicado: ""{FacsControlName}"" en el frame {FrameNumber1} y el frame {FrameNumber2}","Nom de contrôle dupliqué trouvé : ""{FacsControlName}"" dans la trame {FrameNumber1} et la trame {FrameNumber2}","डुप्लिकेट कंट्रोल नाम मिला: फ़्रेम {FrameNumber1} और फ़्रेम {FrameNumber2} में ""{FacsControlName}""","Duplikat nama kontrol ditemukan: ""{FacsControlName}"" di frame {FrameNumber1} dan frame {FrameNumber2}","Trovato nome di controllo duplicato: ""{FacsControlName}"" nel frame {FrameNumber1} e nel frame {FrameNumber2}",重複したコントロール名が見つかりました: フレーム {FrameNumber1} とフレーム {FrameNumber2} 内の「{FacsControlName}」,중복 컨트롤 이름 발견: {FrameNumber1} 프레임 및 {FrameNumber2} 프레임의 '{FacsControlName}',Znaleziono powieloną nazwę elementu sterującego: „{FacsControlName}” w klatce {FrameNumber1} oraz klatce {FrameNumber2},"Nome de controle duplicado encontrado: ""{FacsControlName}"" no quadro {FrameNumber1} e no quadro {FrameNumber2}",,"พบชื่อการควบคุมที่ซ้ำกัน: ""{FacsControlName}"" ในเฟรม {FrameNumber1} และเฟรม {FrameNumber2}","{FrameNumber1}. ve {FrameNumber2}. karede ""{FacsControlName}"" kontrol adına birden fazla kez rastlandı","Đã tìm thấy tên điều khiển trùng lặp: ""{FacsControlName}"" trong khung hình {FrameNumber1} và khung hình {FrameNumber2}",在帧 {FrameNumber1} 和帧 {FrameNumber2} 中发现重复的控制名称“{FacsControlName}”,在帧 {FrameNumber1} 和帧 {FrameNumber2} 中发现重复的控制名称“{FacsControlName}”,影格 {FrameNumber1} 和影格 {FrameNumber2}找到重複控制名稱：「{FacsControlName}」
Studio.AssetImporter.Statuses.FacsRootFaceJointExtraCharsError1,,,"""{FacsControlName}"" must be exactly ""RootFaceJoint"" with no spaces or underscores.","""{FacsControlName}"" must be exactly ""RootFaceJoint"" with no spaces or underscores.","يجب أن يكون ""{FacsControlName}"" مطابقًا تمامًا للسلسلة ""RootFaceJoint"" بدون استخدام مسافات أو شرطات سفلية.","""{FacsControlName}"" muss genau RootFaceJoint sein, ohne Leerzeichen oder Unterstriche.","""{FacsControlName}"" debe ser exactamente ""RootFaceJoint"" sin espacios ni guiones bajos.","""{FacsControlName}"" doit être exactement ""RootFaceJoint"" sans espace ni underscore.","""{FacsControlName}"" बिलकुल ""RootFaceJoint"" जैसा होना चाहिए जिसमें कोई स्पेस या अंडरस्कोर न हो.","""{FacsControlName}"" harus tepat tertulis ""RootFaceJoint"" tanpa spasi atau garis bawah.","""{FacsControlName}"" deve essere esattamente ""RootFaceJoint"" senza spazi o sottolineature.",「{FacsControlName}」はスペースやアンダースコアなしで、文字通り「RootFaceJoint」でなければなりません。,'{FacsControlName}'(은)는 공백이나 밑줄 없이 정확히 'RootFaceJoint'여야 합니다.,Nazwa „{FacsControlName}” musi brzmieć dokładnie „RootFaceJoint” bez spacji i podkreśleń.,"""{FacsControlName}"" deve ser exatamente ""RootFaceJoint"", sem espaços ou sublinhados.",,"""{FacsControlName}"" ต้องเป็น ""RootFaceJoint"" ที่ไม่มีการเว้นวรรคหรือเส้นใต้อักขระ","""{FacsControlName}"", boşluk ya da alt çizgi içermeden tam olarak ""RootFaceJoint"" olmalı.","""{FacsControlName}"" phải chính xác là ""RootFaceJoint"" và không có ký tự trống hoặc dấu gạch dưới.",“{FacsControlName}”必须和“RootFaceJoint”完全一致，不能包括空格或下划线。,“{FacsControlName}”必须和“RootFaceJoint”完全一致，不能包括空格或下划线。,「{FacsControlName}」必須與「RootFaceJoint」一致，不可含有空格或下橫線。
Studio.AssetImporter.Statuses.FacsHasFramesNoRootFaceJointError1,,,"Found ""Frame#"" attributes in mesh ""{ParentNodeName}"" but no ""RootFaceJoint"" attribute.  No FACS mapping will be created for this mesh.","Found ""Frame#"" attributes in mesh ""{ParentNodeName}"" but no ""RootFaceJoint"" attribute.  No FACS mapping will be created for this mesh.","تم العثور على سمات ""Frame#"" في أصل mesh ""{ParentNodeName}"" ولكن لم يتم العثور على سمة RootFaceJoint. لن يتم إنشاء تعيين لنظام FACS لأصل mesh هذا.","Es wurden ""Frame#""-Attribute im Mesh ""{ParentNodeName}"" gefunden, aber kein ""RootFaceJoint""-Attribut.  Für dieses Mesh wird keine FACS-Zuordnung erstellt.","Se encontraron atributos ""Frame#"" en la malla ""{ParentNodeName}"", pero no se encontró ningún atributo ""RootFaceJoint"". No se asignará FACS para esta malla.","Des attributs ""Frame#"" trouvés dans le maillage ""{ParentNodeName}"" mais aucun attribut ""RootFaceJoint"". Aucune correspondance FACS ne sera créée pour ce maillage.","मेश ""{ParentNodeName}"" में ""Frame#"" एट्रिब्यूट मिले लेकिन कोई ""RootFaceJoint"" एट्रिब्यूट नहीं मिला. इस मेश के लिए कोई FACS मैपिंग क्रिएट नहीं की जाएगी.","Ditemukan atribut ""Frame#"" di mesh ""{ParentNodeName}"", tetapi tidak ada atribut ""RootFaceJoint"". Tidak ada pemetaan FACS yang akan dibuat untuk mesh ini.","Trovati attributi ""Frame#"" in mesh ""{ParentNodeName}"" ma nessun attributo ""RootFaceJoint"". Non verrà creata alcuna mappatura FACS per questa mesh.",メッシュ「{ParentNodeName}」内に「Frame#」属性が見つかりましたが、「RootFaceJoint」属性はありません。このメッシュにはFACSマッピングは作成されません。,메시 '{ParentNodeName}'에서 'Frame#' 특성은 찾았지만 'RootFaceJoint' 특성은 찾지 못했습니다. 이 메시에 대해 FACS 매핑이 생성되지 않습니다.,"Znaleziono atrybuty „Frame#” w ramach siatki „{ParentNodeName}”, ale brakuje atrybutu „RootFaceJoint”. Nie zostanie utworzone mapowanie FACS dla tej siatki.","Encontrado atributos ""Frame#"" na malha ""{ParentNodeName}"", mas não há o atributo ""RootFaceJoint"". Nenhum mapeamento FACS será criado para esta malha.",,"พบคุณลักษณะ ""Frame#"" ในเมช ""{ParentNodeName}"" แต่ไม่มีคุณลักษณะ ""RootFaceJoint""  จะไม่มีการสร้างแผนที่ FACS สำหรับเมชนี้","""{ParentNodeName}"" mesh yapısında ""Frame#"" niteliklerine rastlandı ama ""RootFaceJoint"" niteliği bulunamadı. Bu mesh yapısı için yüz hareketi kodlama sistemi eşlemesi oluşturulmayacak.","Đã tìm thấy các thuộc tính ""Frame#"" trong mesh ""{ParentNodeName}"" nhưng không có thuộc tính ""RootFaceJoint"". Không tạo ánh xạ FACS cho mesh này.",在网格“{ParentNodeName}”中找到“Frame#”属性，但没有“RootFaceJoint”属性。无法为此网格创建 FACS 映射。,在网格“{ParentNodeName}”中找到“Frame#”属性，但没有“RootFaceJoint”属性。无法为此网格创建 FACS 映射。,網格「{ParentNodeName}」找到「Frame#」特性，但找不到「RootFaceJoint」特性。無法建立此網格的 FACS 配對。
Studio.AssetImporter.Statuses.FacsNoAttributesError1,,,"""{ParentNodeName}"" has no ""Frame#"" attributes that map FACS controls to animation frames.","""{ParentNodeName}"" has no ""Frame#"" attributes that map FACS controls to animation frames.","لا يحتوي ""{ParentNodeName}"" على سمات ""Frame#"" التي تقوم بتعيين عناصر تحكم FACS إلى إطارات الحركة.","""{ParentNodeName}"" hat keine ""Frame#""-Attribute, die FACS-Steuerelemente auf Animationsbilder abbilden.","""{ParentNodeName}"" no tiene atributos de ""Frame#"" que mapeen controles FACS a fotogramas de animación.","""{ParentNodeName}"" n'a pas d'attributs ""Frame#"" qui associent les contrôles FACS aux images d'animation.","""{ParentNodeName}"" में कोई ""Frame#"" एट्रिब्यूट नहीं हैं जो FACS कंट्रोल को एनिमेशन फ़्रेम में मैप करते हैं.","""{ParentNodeName}"" tidak memiliki atribut ""Frame#"" yang memetakan kontrol FACS untuk menganimasikan frame.","""{ParentNodeName}"" non ha attributi ""Frame#"" che mappino i controlli FACS ai quadri di animazione.",「{ParentNodeName}」には、FACS コントロールをアニメーションフレームにマップする「Frame#」属性がありません。,'{ParentNodeName}'에 FACS 컨트롤을 애니메이션 프레임에 매핑하는 'Frame#' 특성이 없습니다.,„{ParentNodeName}” nie ma atrybutów „Frame#” mapujących elementy sterujące FACS do klatek animacji.,"""{ParentNodeName}"" não tem atributos de ""Frame#"" que mapeiam controles FACS para quadros de animação.",,"""{ParentNodeName}"" ไม่มีคุณลักษณะ ""Frame#"" ที่ FACS แผนที่ควบคุมเฟรมแอนิเมชัน","""{ParentNodeName}"" kapsamında yüz hareketi kodlama sistemi kontrollerini animasyon karelerine eşleyen ""Frame#"" niteliği yok.","""{ParentNodeName}"" không có thuộc tính ""Frame#"" ánh xạ điều khiển FACS đến các khung hiệu ứng động.",“{ParentNodeName}”没有可将 FACS 控制项映射至动画帧的“Frame#”属性。,“{ParentNodeName}”没有可将 FACS 控制项映射至动画帧的“Frame#”属性。,「{ParentNodeName}」沒有將 FACS 控制配對到動畫影格的「Frame#」特性
Studio.AssetImporter.Statuses.FacsNoNeutralError,,,"No frame was set to ""Neutral"" in animation.","No frame was set to ""Neutral"" in animation.","لم يتم تعيين أي إطار إلى الوضع ""محايد"" في الحركة.","In der Animation wurde kein Bild auf ""Neutral"" gesetzt.","No se estableció ningún marco en ""Neutral"" en la animación.","Aucune image n'a été définie à ""Neutre"" dans l'animation.","ऐनिमेशन में ""न्यूट्रल"" पर कोई फ़्रेम सेट नहीं किया गया था.","Tidak ada frame yang diatur sebagai ""Netral"" dalam animasi.","Nessun fotogramma impostato su ""Neutrale"" nell'animazione.","アニメーションでフレームが ""Neutral""（ニュートラル）に設定されていません。",애니메이션에 'Neutral'로 설정된 프레임이 없습니다.,W animacji nie wybrano dla żadnej klatki ustawienia „Neutralna”.,"Nenhum quadro foi definido como ""Neutro"" na animação.",,"ไม่มีเฟรมที่กำหนดเป็น ""Neutral"" ในแอนิเมชัน","Animasyonda hiçbir kare ""Nötr"" olarak ayarlanmadı.","Không có khung hình nào được đặt thành ""Trung Tính"" trong hiệu ứng động.",动画中没有设置为“Neutral”的帧。,动画中没有设置为“Neutral”的帧。,動畫沒有設為「Neutral」的影格。
Studio.AssetImporter.Statuses.FacsMissingSupportCorrectiveWarning2,,,"Found corrective ""{FacsControlName}"" but missing corrective ""{FacsControlName2}"" to support it.  This may cause odd deformations.","Found corrective ""{FacsControlName}"" but missing corrective ""{FacsControlName2}"" to support it.  This may cause odd deformations.","تم العثور على تصحيح ""{FacsControlName}"" ولكن بدون وجود ""تصحيح {FacsControlName2}"" داعم له. قد يؤدي ذلك إلى حدوث تشوهات غريبة.","Korrektiv ""{FacsControlName}"" gefunden, aber es fehlt das Korrektiv ""{FacsControlName2}"", um es zu unterstützen. Dies kann zu seltsamen Verformungen führen.","Se encontró un correctivo ""{FacsControlName}"", pero no se ha corregido ""{FacsControlName2}"" para soportarlo. Esto puede causar deformaciones impares.","Correctif ""{FacsControlName}"" trouvé mais correctif "" ""{FacsControlName2}"" manquant pour le supporter. Cela peut causer des déformations inhabituelles.","करेक्टिव ""{FacsControlName}"" मिला लेकिन उसे सपोर्ट करने के लिए करेक्टिव ""{FacsControlName2}"" नहीं मिला. इससे अजीब डीफ़ॉर्मेशन पैदा हो सकते हैं.","Ditemukan korektif ""{FacsControlName}"", tetapi tidak ada korektif ""{FacsControlName2}"" untuk mendukungnya. Hal ini dapat menyebabkan deformasi tidak normal.","È presente il correttore {FacsControlName}, ma manca il correttore {FacsControlName2} per supportarlo. Ciò potrebbe causare strane deformazioni.",矯正 「{FacsControlName}」が見つかりましたが、矯正 {FacsControlName2} がありません。これは、奇妙な変形を引き起こす可能性があります。,보정 '{FacsControlName}'(을)를 찾았지만 이를 지원하는 '{FacsControlName2}'(이)가 없습니다. 이는 비정상적인 변형을 일으킬 수 있습니다.,"Znaleziono korektę „{FacsControlName}”, ale brakuje korekty wspomagającej „{FacsControlName2}”. Może to spowodować dziwne deformacje.","Encontrado o corretivo ""{FacsControlName}"" mas sem o corretivo ""{FacsControlName2}"" para suportá-lo. Isso pode causar deformações.",,"พบการแก้ไข ""{FacsControlName}"" แต่ขาดการแก้ไข ""{FacsControlName2}"" ในการองรับ สิ่งนี้อาจก่อให้เกิดการเปลี่ยนรูปร่างที่ไม่ปกติ","""{FacsControlName}"" düzelticisi bulundu ama onu destekleyecek ""{FacsControlName2}"" düzelticisi eksik. Bu, tuhaf deformasyonlara yol açabilir.","Đã tìm thấy bản sửa lỗi ""{FacsControlName}"" nhưng thiếu bản sửa lỗi ""{FacsControlName2}"" để hỗ trợ. Điều này có thể gây ra tình trạng biến dạng kỳ lạ.",找到校正“{FacsControlName}”，但缺少辅助的校正“{FacsControlName2}”。这可能导致异常的变形。,找到校正“{FacsControlName}”，但缺少辅助的校正“{FacsControlName2}”。这可能导致异常的变形。,找到校正「{FacsControlName}」，但沒有輔助的校正「{FacsControlName2}」。這可能會導致異常變形。
Studio.AssetImporter.Statuses.FacsMissingBaseError2,,,"""{FacsControlName}"" has not been specified. This is needed for corrective ""{FacsControlName2}"".","""{FacsControlName}"" has not been specified. This is needed for corrective ""{FacsControlName2}"".","لم يتم تحديد ""{FacsControlName}"". هذا ضروري للتصحيح ""{FacsControlName2}"".","""{FacsControlName}"" wurde nicht definiert. Dies wird für das Korrektiv ""{FacsControlName2}"" benötigt.","""{FacsControlName}"" no se especificó. Esto es necesario para corregir ""{FacsControlName2}"".","""{FacsControlName}"" n'a pas été spécifié. Ceci est nécessaire pour corriger ""{FacsControlName2}"".","""{FacsControlName}"" को स्पेसिफ़ाई नहीं किया गया है. यह करेक्टिव ""{FacsControlName2}"" के लिए ज़रूरी है.","""{FacsControlName}"" belum ditentukan. Hal ini diperlukan untuk korektif ""{FacsControlName2}"".","""{FacsControlName}"" non è stato specificato. Questo è necessario per la correzione ""{FacsControlName2}"".",「{FacsControlName}」が特定されていません。矯正 「{FacsControlName2}」にはこれが必要です。,'{FacsControlName}'(이)가 지정되지 않았습니다. 이는 보정 '{FacsControlName2}'에 필요합니다.,Nie określono korekty „{FacsControlName}”. Jest niezbędna dla korekty „{FacsControlName2}”.,"""{FacsControlName}"" não foi especificado. Isso é necessário para o corretivo ""{FacsControlName2}"".",,"ยังไม่ได้ระบุ ""{FacsControlName}"" การดำเนินการนี้จำเป็นสำหรับการแก้ไข ""{FacsControlName2}""","""{FacsControlName}"" belirtilmedi. Buna ""{FacsControlName2}"" düzelticisi için ihtiyaç duyulur.","""{FacsControlName}"" không được xác định. Cần phải xác định để sửa ""{FacsControlName2}"".",未指定“{FacsControlName}”，需要指定才可以使用校正“{FacsControlName2}”。,未指定“{FacsControlName}”，需要指定才可以使用校正“{FacsControlName2}”。,未指定「{FacsControlName}」。須指定才可使用校正「{FacsControlName2}」。
Studio.AssetImporter.Statuses.FacsMissingKeyFrameError2,,,"Animation has no frame {FrameNumber1} for ""{FacsControlName}"".","Animation has no frame {FrameNumber1} for ""{FacsControlName}"".","لا تحتوي الحركة {FrameNumber1} على إطار من أجل ""{FacsControlName}"".","Animation hat kein Bild {FrameNumber1} für ""{FacsControlName}"".","La animación no tiene fotograma {FrameNumber1} para ""{FacsControlName}"".","L'animation n'a pas de cadre {FrameNumber1} pour ""{FacsControlName}"".","ऐनिमेशन में ""{FacsControlName}"" के लिए कोई फ़्रेम {FrameNumber1} नहीं है.","Animasi tidak memiliki frame {FrameNumber1} untuk ""{FacsControlName}"".","L'animazione non ha frame {FrameNumber1} per ""{FacsControlName}"".",「{FacsControlName}」のフレーム {FrameNumber1} にアニメーションがありません。,애니메이션에 '{FacsControlName}'에 대한 {FrameNumber1} 프레임이 없습니다.,W animacji nie ma klatki {FrameNumber1} dla: „{FacsControlName}”.,"A animação não tem um quadro {FrameNumber1} para ""{FacsControlName}"".",,"แอนิเมชันไม่มีเฟรม {FrameNumber1} ของ ""{FacsControlName}""","Animasyonda ""{FacsControlName}"" için {FrameNumber1}. kare yok.","hiệu ứng động không có khung hình {FrameNumber1} cho ""{FacsControlName}"".",动画没有“{FacsControlName}”的帧 {FrameNumber1}。,动画没有“{FacsControlName}”的帧 {FrameNumber1}。,"「{FacsControlName}」動畫沒有劃格 {FrameNumber1}。
"
Studio.AssetImporter.Statuses.FacsNoAnimationStackError,,,No animation timeline found in FBX file.,No animation timeline found in FBX file.,لم يتم العثور على جدول زمني للحركة في ملف FBX.,In der FBX-Datei wurde keine Animationszeitleiste gefunden.,No se encontró línea de tiempo de animación en el archivo FBX.,Aucune timeline d'animation trouvée dans le fichier FBX.,FBX फ़ाइल में कोई ऐनिमेशन टाइमलाइन नहीं मिली.,Tidak ada garis waktu animasi yang ditemukan di file FBX.,Nessuna timeline di animazione trovata nel file FBX.,FBX ファイルにアニメーションのタイムラインが見つかりません。,FBX 파일에서 애니메이션 타임라인을 찾을 수 없습니다.,W pliku FBX nie znaleziono osi czasu animacji.,Nenhuma linha do tempo de animação encontrada no arquivo FBX.,,ไม่พบไทม์ไลน์แอนิเมชันในไฟล์ FBX,FBX dosyasında animasyon zaman çizelgesi bulunamadı.,Không tìm thấy dòng thời gian hiệu ứng động nào trong tệp FBX.,在 FBX 文件中找不到动画时间轴。,在 FBX 文件中找不到动画时间轴。,FBX 檔案沒有動畫時間軸。
Studio.AssetImporter.Statuses.FacsMultipleAnimationStackWarning,,,Found multiple animation stacks in FBX file.  Using the first one for extract FACS controls.,Found multiple animation stacks in FBX file.  Using the first one for extract FACS controls.,تم العثور على مجموعات حركات متعددة في ملف FBX. جارٍ استخدام المجموعة الأولى لاستخراج عناصر تحكم نظام FACS.,Es wurden mehrere Animationsstapel in der FBX-Datei gefunden. Verwende den ersten für die Extraktion der FACS-Kontrollen.,Se encontraron varias pilas de animación en el archivo FBX. Se usa la primera para los controles FACS de extracción.,Plusieurs piles d'animation trouvées dans le fichier FBX. Utiliser la première pour extraire les contrôles FACS.,FBX फ़ाइल में अनेक ऐनिमेशन स्टैक मिले. FACS कंट्रोल निकालने के लिए पहले वाले का उपयोग किया जा रहा है.,Ditemukan beberapa stack animasi di file FBX. Menggunakan tumpukan pertama untuk kontrol ekstrak FACS.,Trovato più pile di animazione nel file FBX. Usando il primo per estrarre i controlli FACS.,FBXファイル内に複数のアニメーションスタックが見つかりました。FACSコントロールを抽出するために最初のものを使用。,FBX 파일에서 여러 애니메이션 스택을 찾았습니다. 첫 번째 스택이 FACS 컨트롤 추출에 사용됩니다.,W pliku FBX znaleziono wiele stosów animacji. Do wyodrębnienia elementów sterujących FACS zostanie użyty pierwszy z nich.,Encontradas várias pilhas de animação no arquivo FBX. Usando a primeira para extrair controles FACS.,,พบการทับซ้อนแอนิเมชันหลายรายการในไฟล์ FBX  กำลังใช้รายการแรกเพื่อแยกการควบคุม FACS,FBX dosyasında birden fazla animasyon yığını bulundu. Yüz hareketi kodlama sistemi kontrollerini almak için ilki kullanılıyor.,Đã tìm thấy nhiều ngăn xếp hiệu ứng động trong tệp FBX. Sử dụng ngăn xếp đầu tiên để trích xuất điều khiển FACS.,在 FBX 文件中找到多个动画叠加。当前使用第一个来提取 FACS 控制项。,在 FBX 文件中找到多个动画叠加。当前使用第一个来提取 FACS 控制项。,FBX 檔案找到多個動畫堆疊。將會使用第一個堆疊做為擷取 FACS 控制用途。
Studio.AssetImporter.Statuses.FacsNoRootFaceJoint1,,,"No joint named ""{JointName}"" found as specified by extra attribute ""RootFaceJoint"".","No joint named ""{JointName}"" found as specified by extra attribute ""RootFaceJoint"".","لم يتم العثور على مفصل باسم ""{JointName}"" كما هو محدد بواسطة السمة الإضافية ""RootFaceJoint"".","Es wurde keine Verbindung mit dem Namen ""{JointName}"" gefunden, wie durch das Extra-Attribut ""RootFaceJoint"" angegeben.","No se encontró ningún conjunto llamado ""{JointName}"" como especificado por el atributo extra ""RootFaceJoint"".","Aucun joint nommé ""{JointName}"" trouvé comme spécifié par l'attribut supplémentaire ""RootFaceJoint"".","""{JointName}"" नाम का कोई जॉइंट नहीं मिला जैसा कि एक्स्ट्रा एट्रिब्यूट ""RootFaceJoint"" ने स्पेसिफ़ाई किया है.","Tidak ada sendi bernama ""{JointName}"" yang ditemukan seperti ditentukan oleh atribut ekstra ""RootFaceJoint"".","Nessun congiunto chiamato ""{JointName}"" trovato come specificato dall'attributo extra ""RootFaceJoint"".",追加属性「RootFaceJoint」で指定されているように、「{JointName}」という名前のジョイントが見つかりません。,추가 특성 'RootFaceJoint'에 의해 지정된 '{JointName}' 조인트를 찾을 수 없습니다.,Nie znaleziono stawu o nazwie „{JointName}” określonego w ramach atrybutu dodatkowego „RootFaceJoint”.,"Nenhuma articulação de nome ""{JointName}"" encontrada como especificada pelo atributo extra ""RootFaceJoint"".",,"ไม่พบข้อต่อชื่อ ""{JointName}""ตามที่ได้ระบุไว้โดยคุณลักษณะพิเศษ ""RootFaceJoint""","Ekstra nitelik ""RootFaceJoint"" tarafından belirtilen ""{JointName}"" adlı eklem bulunamadı.","Không tìm thấy khớp có tên ""{JointName}"" như được chỉ định bởi thuộc tính bổ sung ""RootFaceJoint"".",未找到根据额外属性“RootFaceJoint”所指定名为“{JointName}”的关节。,未找到根据额外属性“RootFaceJoint”所指定名为“{JointName}”的关节。,指定的額外屬性「RootFaceJoint」找不到名稱為「{JointName}」的接合。
Studio.AssetImporter.Statuses.FacsMultipleRootFaceJoints1,,,"Multiple joints named ""{JointName}"" were found as specified by extra attribute ""RootFaceJoint"".  Joint names must be unique.","Multiple joints named ""{JointName}"" were found as specified by extra attribute ""RootFaceJoint"".  Joint names must be unique.","تم العثور على مفاصل متعددة باسم ""{JointName}"" كما هو محدد بواسطة السمة الإضافية ""RootFaceJoint"". يجب أن تكون أسماء المفاصل فريدة من نوعها.","Es wurden mehrere Verbindungen mit dem Namen ""{JointName}"" gefunden, wie im Extra-Attribut ""RootFaceJoint"" angegeben. Verbindungsnamen müssen eindeutig sein.","Se encontraron múltiples conexiones denominadas ""{JointName}"" como se especificó por el atributo extra ""RootFaceJoint"". Los nombres de conjuntos deben ser únicos.","Les joints multiples nommés ""{JointName}"" ont été trouvés comme spécifié par l'attribut supplémentaire ""RootFaceJoint"". Les noms de jointures doivent être uniques.","""{JointName}"" नाम के अनेक जॉइंट मिले जैसा कि एक्स्ट्रा एट्रिब्यूट ""RootFaceJoint"" ने स्पेसिफ़ाई किया है.  जॉइंट के नाम यूनिक होने चाहिए.","Beberapa sendi bernama ""{JointName}"" ditemukan dengan penentuan menggunakan atribut ekstra ""RootFaceJoint"". Nama sendi harus unik.","Giunti multipli denominati ""{JointName}"" sono stati trovati come specificato dall'attributo extra ""RootFaceJoint"". I nomi delle giunzioni devono essere unici.",追加属性「RootFaceJoint」で指定されているように「{JointName}」という名前の複数のジョイントが見つかりました。ジョイント名は一意でなければなりません。,추가 특성 'RootFaceJoint'에 지정된 대로 이름이 '{JointName}'인 여러 조인트가 발견되었습니다. 조인트 이름은 고유해야 합니다.,Znaleziono wiele stawów o nazwie „{JointName}” określonych w ramach atrybutu dodatkowego „RootFaceJoint”. Nazwy stawów muszą być unikatowe.,"Múltiplas articulações chamadas ""{JointName}"" foram encontradas como especificadas pelo atributo extra ""RootFaceJoint"". Nomes conjuntos devem ser únicos.",,"พบข้อต่อหลายรายการชื่อ ""{JointName}""ตามที่ได้ระบุไว้โดยคุณลักษณะพิเศษ ""RootFaceJoint""  ชื่อข้อต่อต้องไม่ซ้ำกัน","Ekstra nitelik ""RootFaceJoint"" tarafından belirtilen birden fazla ""{JointName}"" adlı eklem bulundu. Eklemlerin kendilerine özel adlarının olması gerekir.","Đã tìm thấy nhiều khớp có tên ""{JointName}"" như được chỉ định bởi thuộc tính bổ sung ""RootFaceJoint"". Tên khớp phải là duy nhất.",已找到根据额外属性“RootFaceJoint”所指定名为“{JointName}”的多个关节。关节名称不得与他者相同。,已找到根据额外属性“RootFaceJoint”所指定名为“{JointName}”的多个关节。关节名称不得与他者相同。,指定的額外屬性「RootFaceJoint」找到多個名稱為「{JointName}」的接合。接合名稱不可重複。
Studio.AssetImporter.Statuses.FacsNoJointsErrors1,,,"No joints were found under ""{JointName}"".","No joints were found under ""{JointName}"".","لم يتم العثور على مفاصل ضمن ""{JointName}"".","Unter ""{JointName}"" wurden keine Verbindungen gefunden.","No se encontraron conexiones bajo ""{JointName}"".","Aucune articulation n'a été trouvée sous ""{JointName}"".","""{JointName}"" के तहत कोई जॉइंट नहीं मिला.","Tidak ada sendi yang ditemukan dalam ""{JointName}"".","Non sono state trovate giunzioni sotto ""{JointName}"".",「{JointName}」にジョイントが見つかりませんでした。,'{JointName}'에서 조인트를 찾을 수 없습니다.,Nie znaleziono stawów o nazwie „{JointName}”.,"Nenhuma articulação foi encontrada sob ""{JointName}"".",,"ไม่พบข้อต่อใน ""{JointName}""","""{JointName}"" kapsamında eklem bulunamadı.","Không tìm thấy khớp nào có tên ""{JointName}"".",在“{JointName}”下没有找到关节。,在“{JointName}”下没有找到关节。,「{JointName}」底下找不到接合。
Studio.AssetImporter.Statuses.FacsNearNeutralWarning1,,,Control {FacsControlName} is nearly identical to Neutral.,Control {FacsControlName} is nearly identical to Neutral.,"عنصر التحكم {FacsControlName} مطابق تقريبًا للعنصر ""محايد"".",Kontrolle {FacsControlName} ist fast identisch mit Neutral.,El control {FacsControlName} es casi idéntico a Neutral.,Le contrôle {FacsControlName} est presque identique à Neutre.,कंट्रोल {FacsControlName} लगभग न्यूट्रल के जैसा ही है.,Kontrol {FacsControlName} hampir identik dengan Netral.,Control {FacsControlName} è quasi identico a Neutral.,コントロール {FacsControlName} は Neutral （ニュートラル）とほぼ同一です.,컨트롤 {FacsControlName}(은)는 Neutral과 거의 동일합니다.,,O controle {FacsControlName} é quase idêntico ao neutro.,,การควบคุม {FacsControlName} เกือบจะเหมือนกับ Neutral,{FacsControlName} kontrolü neredeyse Nötr ile aynı.,Điều Khiển {FacsControlName} gần giống với Trung Tính.,控制 {FacsControlName} 与 Neutral 几乎相同。,控制 {FacsControlName} 与 Neutral 几乎相同。,控制項 {FacsControlName} 與 Neutral 幾乎一樣。
Studio.AssetImporter.Statuses.FacsIncompletePosesWarning1,,,Found only {Size} base poses. You character may not be able to express itself.,Found only {Size} base poses. You character may not be able to express itself.,تم العثور على وضعيات  أساسية فقط بحجم {Size}. قد يتعذر على شخصيتك التعبير عن نفسها.,Es wurden nur {Size} Basisposen gefunden. Dein Charakter kann sich möglicherweise nicht selbst ausdrücken.,Solo se encontraron {Size} poses. Es posible que tu personaje no pueda expresarse.,Seules les poses de base {Size} ont été trouvées. Ton personnage ne pourra peut-être pas s'exprimer.,सिर्फ़ {Size} बेस पोज़ मिले. हो सकता है कि आपका कैरेक्टर खुद को एक्सप्रेस न कर पाए.,Ditemukan hanya {Size} pose dasar. Karaktermu mungkin tidak akan dapat mengekspresikan dirinya.,Sono state trovate solo {Size} pose di base. Il tuo personaggio potrebbe non essere in grado di mostrare espressioni.,{Size} 個の基本ポーズしか見つかりませんでした。あなたのキャラクターは自己表現できないかもしれません。,{Size}개의 기본 포즈만을 찾았습니다. 캐릭터가 자신을 표현하지 못할 수 있습니다.,Znaleziono tylko {Size} podstawowe(-ych) wyrazy(-ów) twarzy. Postać nie będzie w stanie wyrażać emocji.,Encontrado apenas {Size} poses básicas. Seu personagem pode não ser capaz de se expressar.,,พบเฉพาะการโพสท่าพื้นฐาน {Size} เท่านั้น ตัวละครของคุณอาจจะไม่สามารถแสดงออกด้วยตนเองได้,Yalnızca {Size} temel poz bulundu. Karakterin kendini ifade edemeyebilir.,Chỉ tìm thấy tư thế cơ bản {Size}. Nhân vật của bạn có thể không thể biểu đạt bản thân.,只找到 {Size} 个基本表情。您的角色可能无法充分自我表达。,只找到 {Size} 个基本表情。您的角色可能无法充分自我表达。,只找到 {Size} 個基本表情，您的角色可能無法充分自我表達。
Studio.AssetImporter.Statuses.FacsOnlyNeutralError,,,"Only ""Neutral"" pose exists.  No facial expressions possible.","Only ""Neutral"" pose exists.  No facial expressions possible.","لا يوجد سوى وضعية ""محايد"". لا يُسمح بوجود تعبيرات الوجه.","Es gibt nur die Pose ""Neutral"". Keine Gesichtsausdrücke möglich.","Solo existe la pose ""Neutral"". No es posible ninguna expresión facial.","Seule la pose ""Neutre"" existe. Aucune expression faciale possible.","सिर्फ़ ""न्यूट्रल"" पोज़ मौजूद है. कोई फ़ेशियल एक्सप्रेशन मुमकिन नहीं है.","Hanya ada pose ""Netral"". Tidak ada ekspresi yang memungkinkan.","Esiste solo una posa ""Neutrale"". Nessuna espressione facciale possibile.",「中立」ポーズしかありません。表情はできません。,'Neutral' 포즈만 존재합니다. 표정을 사용할 수 없습니다.,Jedyny istniejący wyraz twarzy to „Neutralna”. Brak możliwości przybierania wyrazów twarzy.,"Só existe a pose ""Neutro"". Não há expressões faciais possíveis.",,"มีเพียงการโพสท่า ""Neutral"" เท่านั้นที่มีอยู่ ไม่มีการแสดงออกทางสีหน้าที่ใช้งานได้","Yalnızca ""Nötr"" poz mevcut. Yüz ifadeleri mümkün değil.","Chỉ có tư thế ""Trung Tính"" tồn tại. Không có biểu cảm khuôn mặt nào.",仅有“Neutral”姿势。无法使用面部表情。,仅有“Neutral”姿势。无法使用面部表情。,只存在「Neutral」姿勢。無法使用臉部動作。
Studio.AssetImporter.Error.FileOpenError,,,Could not open. File may be corrupted.,Could not open. File may be corrupted.,تعذر الفتح. قد يكون الملف تالفًا.,Konnte nicht geöffnet werden. Die Datei ist möglicherweise beschädigt.,No se pudo abrir. El archivo puede estar dañado.,Impossible d'ouvrir. Le fichier est peut-être corrompu.,खोला नहीं जा सका. फ़ाइल करप्ट हो सकती है.,Tidak dapat dibuka. File mungkin rusak.,Impossibile aprire. Il file potrebbe essere danneggiato.,開けませんでした。ファイルが破損している可能性があります。,열 수 없습니다. 파일이 손상되었을 수 있습니다.,"Nie można otworzyć. Możliwe, że plik jest uszkodzony.",Não foi possível abrir. O arquivo pode estar corrompido.,,ไม่สามารถเปิดได้ ไฟล์อาจชำรุดเสียหาย,Açılamadı. Dosya bozuk olabilir.,Không thể mở. Tệp có thể bị hỏng.,无法开启。文件可能已损坏。,无法开启。文件可能已损坏。,無法開啟。檔案可能已損壞。
Studio.AssetImporter.Error.FileEmptyError,,,File has no importable content (at least one mesh must exist).,File has no importable content (at least one mesh must exist).,لا يحتوي الملف على محتوى قابل للاستيراد (يجب أن يوجد أصل mesh واحد على الأقل).,Die Datei hat keinen importierbaren Inhalt (mindestens ein Mesh muss vorhanden sein).,El archivo no tiene contenido importable (debe existir al menos una malla).,Le fichier n'a pas de contenu importable (au moins un maillage doit exister).,फ़ाइल में कोई इंपोर्ट करने योग्य कॉन्टेंट नहीं है (कम-से-कम एक मेश मौजूद होना चाहिए).,File tidak berisi konten yang dapat diimpor (setidaknya harus ada satu mesh).,Il file non ha alcun contenuto importabile (almeno una mesh deve esistere).,ファイルにインポート可能なコンテンツがありません（少なくとも1つはメッシュがなければいけません）。,파일에 가져올 수 있는 콘텐츠가 없습니다(최소 하나의 메시가 있어야 함).,Brak zawartości do zaimportowania w pliku (musi istnieć co najmniej jedna siatka).,O arquivo não tem conteúdo importável (deve haver pelo menos uma malha).,,ไฟล์ไม่มีเนื้อหาที่สามารถนำเข้าได้ (ต้องมีอยู่อย่างน้อยหนึ่งเมช),Dosyada içe aktarılabilir içerik yok (en az bir mesh olması gerekir).,Tệp không có nội dung có thể nhập được (ít nhất phải có ít nhất một lưới).,文件没有可导入的内容（至少必须存在一个网格）。,文件没有可导入的内容（至少必须存在一个网格）。,檔案沒有可匯入內容（需要至少一個網格）。
Studio.AssetImporter.HttpError.500,,,"Upload failed. Please try again. If the issue persists, please let us know by filing a bug report.","Upload failed. Please try again. If the issue persists, please let us know by filing a bug report.",فشل التحميل. يُرجى المحاولة مرة أخرى. إذا استمرت المشكلة، يُرجى إعلامنا عن طريق تقديم تقرير عن الأخطاء.,"Upload fehlgeschlagen. Bitte versuche es erneut. Falls das Problem weiterhin besteht, melde uns dies bitte, indem du einen Fehlerbericht einreichst.","Error al cargar. Inténtelo de nuevo. Si el problema persiste, envíanos un reporte de error.","Le téléchargement a échoué. Réessayer. Si le problème persiste, nous le faire savoir en remplissant un rapport pour bug.","अपलोड नहीं हो सका. फिर से कोशिश करें. अगर समस्या बनी रहती है, तो बग रिपोर्ट दर्ज करके हमें बताएँ.","Upload gagal. Coba lagi. Jika masalah terus berlanjut, silakan beri tahu kami dengan mengirimkan laporan bug.","Caricamento fallito. Si prega di riprovare. Se il problema persiste, si prega di farci sapere segnalando con un ticket.",アップロードできませんでした。もう一度やり直してください。問題が解決しない場合は、バグレポートを提出してお知らせください。,업로드 실패. 다시 시도하세요. 문제가 지속되면 버그 신고를 해 주세요.,"Nie udało się przesłać. Spróbuj ponownie. Jeśli błąd będzie się powtarzać, poinformuj nas o tym, wypełniając formularz zgłoszenia błędu.","Falha no upload. Tente novamente. Se o problema persistir, contate-nos apresentando um relatório de erro.",,อัปโหลดไม่สำเร็จ โปรดลองใหม่อีกครั้ง หากยังคงประสบปัญหาอยู่ โปรดแจ้งให้เราทราบโดยการกรอกรายงานจุดบกพร่อง,Yükleme başarısız. Lütfen tekrar dene. Sorun devam ederse lütfen hata bildirimi göndererek durumu bize ilet.,"Không tải lên được. Vui lòng thử lại. Nếu sự cố vẫn tiếp diễn, vui lòng báo cho chúng tôi bằng cách gửi báo cáo lỗi.",上传失败，请再试一次。如果问题持续发生，请提交错误报告通知我们。,上传失败，请再试一次。如果问题持续发生，请提交错误报告通知我们。,上傳失敗，請重新嘗試。若問題持續，請填寫問題報告。
Studio.AssetImporter.Properties.AddModelToInventory,,,Upload to Roblox,Upload to Roblox,رفع إلى Roblox,Auf Roblox hochladen,Cargar a Roblox,Télécharger sur Roblox,Roblox पर अपलोड करें,Upload ke Roblox,Carica su Roblox,Robloxにアップロード,Roblox에 업로드,Prześlij na platformę Roblox,Fazer o upload para a Roblox,,อัปโหลดไปยัง Roblox,Roblox'a yükle,Tải lên Roblox,上传至 Roblox,上传至 Roblox,上傳到 Roblox
Studio.AssetImporter.PropertiesTooltip.AddModelToInventory,,,Adds imported assets to your Inventory,Adds imported assets to your Inventory,إضافة الأصول المستوردة إلى المقتنيات,Fügt importierte Objekte zu deinem Inventar hinzu,Añade recursos importados a tu Inventario,Ajoute des contenus importés à ton inventaire,आपकी इन्वेंट्री में इंपोर्ट किए गए ऐसेट जोड़ता है,Menambahkan aset yang diimpor ke Inventarismu,Aggiunge risorse importate al tuo inventario,持ち物にインポート済みアセットを追加,가져온 애셋을 인벤토리에 추가합니다,Dodaje zaimportowane zasoby do twojego wyposażenia,Adiciona ativos importados ao seu inventário,,เพิ่มทรัพยากรที่นำเข้าไปยังคลังไอเท็มของคุณ,İçe aktarılmış varlıkları envanterine ekler,Thêm tài sản đã nhập vào Kho,将导入的素材添加至道具栏,将导入的素材添加至道具栏,將匯入的素材新增至您的道具欄
Studio.AssetImporter.Properties.UsesCages,,,Uses Cages,Uses Cages,استخدام الأقفاص,Verwendet Cages,Usa jaulas,Utilise des cages,केज का इस्तेमाल करता है,Menggunakan Cage,Usa gabbie,ケージを使用,케이지 사용,Wykorzystuje obramowania,Usar jaulas,,ใช้ Cage,Kafes kullanır,Sử Dụng Khung,使用围笼,使用围笼,使用圍籠
Studio.AssetImporter.PropertiesTooltip.UsesCages,,,"If enabled, meshes with _InnerCage and _OuterCage in their names are imported the appropriate WrapLayer or WrapTarget. If disabled, cage meshes import as regular meshes.","If enabled, meshes with _InnerCage and _OuterCage in their names are imported the appropriate WrapLayer or WrapTarget. If disabled, cage meshes import as regular meshes.",إذا تم التمكين، يتم استيراد أصول mesh التي تحتوي على _InnerCage و_OuterCage في أسمائها إلى WrapLayer أو WrapTarget المناسب. إذا تم التعطيل، يتم استيراد أصول mesh للأقفاص كأصول mesh عادية.,"Wenn diese Option aktiviert ist, werden Meshes mit _InnerCage und _OuterCage im Namen in den entsprechenden WrapLayer oder das WrapTarget importiert. Wenn diese Option deaktiviert ist, werden Käfig-Meshes als reguläre Meshes importiert.","Si está activado, las mallas con _InnerCage y _OuterCage en sus nombres se importan en WrapLayer o WrapTarget apropiados. Si está desactivado, las mallas de jaula se importan como mallas normales.","Si activé, les mailles avec _InnerCage et _OuterCage dans leur nom sont importées le WrapLayer ou WrapTarget. Si désactivé, les mailles de cage importées comme des mailles ordinaires.","चालू किए जाने पर, जिन मेश के नामों में_InnerCage और _OuterCage हो, वे उपयुक्त WrapLayer या WrapTarget पर इंपोर्ट किए जाते हैं. बंद किए जाने पर, केज मेश सामान्य मेश के रूप में इंपोर्ट किए जाते हैं.","Jika diaktifkan, mesh dengan nama yang mengandung _InnerCage dan _OuterCage akan diimpor dengan WrapLayer atau WrapTarget yang sesuai. Jika dinonaktifkan, mesh cage akan diimpor sebagai mesh biasa.","Se abilitate, le mesh che includono le diciture _InnerCage e _OuterCage nel nome vengono importate come WrapLayer o WrapTarget appropriati. Se disabilitate, le mesh a gabbia vengono importate come mesh normali.",有効にすると、_InnerCage と _OuterCage が名前に含まれているメッシュは適切な WrapLayer または WrapTarget をインポートします。無効にすると、ケージメッシュは通常のメッシュとしてインポートされます。,활성화하면 이름에 _InnerCage 및 _OuterCage가 포함된 메시를 적절한 WrapLayer 또는 WrapTarget으로 가져옵니다. 비활성화하면 케이지 메시를 일반 메시로 가져옵니다.,"Jeśli ta opcja jest włączona, siatki mające w nazwie _InnerCage oraz _OuterCage są importowane odpowiednio do: WrapLayer lub WrapTarget. Jeśli ta opcja jest wyłączona, siatki obramowania są importowane jako zwykłe siatki.","Se ativado, malhas com _InnerCage e _OuterCage em seus nomes são importadas para o WrapLayer ou WrapTarget apropriados. Se desativado, as gaiolas de malha são importadas como malhas normais.",,หากเปิดใช้งาน เมชที่มี _InnerCage และ _OuterCage ในชื่อจะนำเข้าเป็น WrapLayer หรือ WrapTarget ที่เหมาะสม หากปิดใช้งาน เมช Cage จะนำเข้าเป็นเมชทั่วไป,"Etkinleştirildiğinde adında _InnerCage ve _OuterCage bulunan mesh yapıları, uygun WrapLayer veya WrapTarget ile içe aktarılır. Devre dışı bırakıldığında kafes mesh yapıları, sıradan mesh yapısı olarak içe aktarılır.","Nếu bật, các lưới có _InnerCage và _OuterCage trong tên sẽ được nhập WrapLayer hoặc WrapTarget thích hợp. Nếu tắt, lưới khung sẽ được nhập dưới dạng lưới thông thường.",启用后，名称中带有 _InnerCage 和 _OuterCage 的网格将导入相应的 WrapLayer 或 WrapTarget。禁用后，围笼网格将导入为常规网格。,启用后，名称中带有 _InnerCage 和 _OuterCage 的网格将导入相应的 WrapLayer 或 WrapTarget。禁用后，围笼网格将导入为常规网格。,若啟用，名稱中含有 _InnerCage 和 _OuterCage 的網格會匯入到對應的 WrapLayer 或 WrapTarget。若停用，圍籠網格會以一般網格形式匯入。
Studio.AssetImporter.Properties.UseSceneOriginAsCFrame,,,Preserve Scene Origin,Preserve Scene Origin,الحفاظ على أصل المشهد,Szenenursprung erhalten,Conservar el origen de la escena,Conserver l'origine de la scène,सीन ओरिजिन को सुरक्षित रखें,Pertahankan Asal Adegan,Preserva L'Origine Scena,シーン起源を保持,씬 원점 유지,Zachowaj punkt początkowy sceny,Preservar origem da cena,,เก็บต้นกำเนิดฉาก,Sahne orijinini koru,Dự Trữ Gốc Cảnh,保留场景原点,保留场景原点,保存場景原點
Studio.AssetImporter.PropertiesTooltip.UseSceneOriginAsCFrame,,,If the model's CFrame should be set at the imported scene's origin,If the model's CFrame should be set at the imported scene's origin,إذا كان يجب تعيين CFrame الخاص بالنموذج في أصل المشهد المستورد,Ob der CFrame des Modells auf den Ursprung der importierten Szene gesetzt werden soll,Si el CFrame del modelo debe establecerse en el origen de la escena importada,Si le CFrame du modèle doit être défini à l'origine de la scène importée,अगर मॉडल का CFrame इंपोर्टेड सीन के ओरिजिन पर सेट करना हो,Menentukan apakah CFrame model harus diletakkan di asal adegan yang diimpor atau tidak,Se il punto di perno del modello deve essere impostato all'origine della scena importata,モデルの CFrame をインポートされたシーン起源に設定する必要がある場合,가져오기한 씬의 원점에 모델의 CFrame이 설정될지 여부,Czy klatka CFrame modelu ma być ustawiona w punkcie początkowym importowanej sceny,Se o modelo CFrame deve ser colocado na origem da cena importada,,หากควรกำหนด CFrame ของโมเดลไว้ที่ต้นกำเนิดของฉากที่นำเข้า,Modelin CFrame'inin içe aktarılan sahne orijininde ayarlanıp ayarlanmayacağı,Nếu CFrame của mô hình được đặt ở gốc cảnh được nhập,如果模型的 CFrame 应设在导入场景的原点,如果模型的 CFrame 应设在导入场景的原点,模型的 CFrame 是否設在匯入場景的原點
Studio.AssetImporter.Properties.RigScale,,,Rig Scale,Rig Scale,مقياس Rig,Rig-Maßstab,Escala de rig,Échelle rig,रिग स्केल,Skala Rig,Scala Rig,リグの拡大/縮小,리그 스케일,Skala szkieletu,Escala da rig,,ขนาด Rig,Düzenek ölçeklendirme,Tỷ Lệ Khung Xương,骨架比例,骨架比例,骨架比例
Studio.AssetImporter.PropertiesTooltip.RigScale,,,Defines the type of scaling for rigid accessories based on dimensions of the rig type.,Defines the type of scaling for rigid accessories based on dimensions of the rig type.,يُحدد نوع تغيير الحجم للإكسسوارات الصلبة استنادًا إلى أبعاد نوع rig.,Definiert die Art der Skalierung für starre Accessoires anhand der Abmessungen des Rig-Typs.,Define el tipo de escala para los accesorios rígidos en función de las dimensiones del tipo de rig.,Définit le type de mise à l'échelle pour les accessoires rigides en fonction des dimensions du type de rig.,रिग टाइप के डाइमेंशंस के आधार पर कठोर ऐक्सेसरी के लिए स्केलिंग का टाइप निर्धारित करता है.,Menentukan tipe penskalaan untuk aksesori kaku berdasarkan dimensi tipe rig.,Definisce il tipo di ridimensionamento per gli accessori rigidi in base alle dimensioni del tipo di rig.,リグタイプの寸法に基づいて、剛性アクセサリの拡大/縮小の種類を定義します。,리그 유형의 크기를 기반으로 강성 장신구의 스케일 유형을 정의합니다.,Definiuje typ skalowania akcesoriów sztywnych na podstawie wymiarów typu szkieletu.,Define o tipo de escala para acessórios rígidos com base nas dimensões do tipo de rig.,,กำหนดประเภทของการปรับขนาดสำหรับไอเท็มเสริมตายตัวตามมิติของประเภท Rig,Düzenek türünün boyutlarını temel alarak rijit aksesuarların ölçeklendirme türünü tanımlar.,Xác định loại tỷ lệ cho phụ kiện cứng dựa trên kích thước của loại khung xương.,基于骨架类型尺寸定义硬质配饰的缩放类型。,基于骨架类型尺寸定义硬质配饰的缩放类型。,根據骨架類型的尺寸，定義固定飾品的縮放類型。
Studio.AssetImporter.EnumItem.Default,,,Default,Default,افتراضي,Standard,Predeterminado,Par défaut,डिफ़ॉल्ट,Default,Predefinito,デフォルト,기본값,Domyślne,Padrão,,ค่าเริ่มต้น,Varsayılan,Mặc Định,默认,默认,預設
Studio.AssetImporter.Properties.ImportAsPackage,,,Import as Package,Import as Package,استيراد كحزمة,Als Paket importieren,Importar como Paquete,Importer en tant que package,पैकेज के रूप में इंपोर्ट करें,Impor sebagai Paket,Importa come pacchetto,パッケージとしてインポート,패키지로 가져오기,Zaimportuj pakiet,Importar como pacote,,นำเข้าเป็นแพ็คเกจ,Paket olarak içe aktar,Nhập dưới dạng Gói,以套装导入,以套装导入,以套件匯入
Studio.AssetImporter.Properties.ExistingPackageId,,,Update Package ID,Update Package ID,تحديث معرّف الحزمة,Paket-ID aktualisieren,Actualizar ID del paquete,Mettre à jour l'ID du package,पैकेज ID अपडेट करें,Update ID Paket,Aggiorna ID pacchetto,パッケージIDを更新,패키지 ID 업데이트,Zaktualizuj identyfikator pakietu,Atualizar ID do pacote,,อัปเดต ID แพ็คเกจ,Paket kimliğini güncelle,Cập Nhật ID Gói,更新套装 ID,更新套装 ID,更新封包 ID
Studio.AssetImporter.PropertiesTooltip.ImportAsPackage,,,Imports asset as a package,Imports asset as a package,استيراد الأصل كحزمة,Importiert Objekt als Paket,Importa recursos como paquete,Importe le contenu en tant que package,ऐसेट को पैकेज के रूप में इंपोर्ट करता है,Mengimpor aset sebagai paket,Importa risorsa come pacchetto,アセットをパッケージとしてインポート,애셋을 패키지로 가져옵니다,Importuje zasób jako pakiet,Importa ativo como pacote,,นำเข้าทรัพยากรเป็นแพ็คเกจ,Varlığı paket olarak içe aktarır,Nhập tài sản dưới dạng gói,将素材以素材包形式导入,将素材以素材包形式导入,將素材匯入為套件
Studio.AssetImporter.PropertiesTooltip.ExistingPackageId,,,"If a package ID is present, updates the package using the imported asset(s)","If a package ID is present, updates the package using the imported asset(s)",إذا كان معرّف الحزمة موجودًا، يتم تحديث الحزمة باستخدام الأصل (الأصول) التي تم استيرادها,"Wenn eine Paket-ID vorhanden ist, wird das Paket mit den importierten Objekten aktualisiert","Si un ID de paquete está presente, actualiza el paquete usando los recursos importados","Si un identifiant de package est présent, met à jour le package en utilisant le(s) contenu(s) importé(s)","अगर कोई पैकेज ID मौजूद है, तो इंपोर्टेड ऐसेट(ऐसेट्स) का इस्तेमाल करके पैकेज को अपडेट करता है","Jika ID paket ada, meng-update paket menggunakan aset yang diimpor","Se è presente un ID pacchetto, aggiorna il pacchetto con le risorse importate",パッケージIDがある場合、インポート済みアセットを使用してパッケージを更新します。,"패키지 ID가 있는 경우, 가져온 애셋을 사용해 패키지를 업데이트합니다","Jeśli istnieje identyfikator pakietu, zostaje on zaktualizowany na podstawie importowanego zasobu","Se uma ID de pacote estiver presente, atualiza o pacote usando o(s) ativo(s) importado(s)",,หากมี ID แพ็คเกจ อยู่ อัปเดตแพ็คเกจโดยใช้ทรัพยากรที่นำเข้า,Paket kimliği mevcutsa paketi içe aktarılan varlığı/varlıkları kullanarak günceller,"Nếu có ID gói, cập nhật gói bằng cách sử dụng tài sản được nhập",如果存在素材包 ID，则使用导入的素材更新此包,如果存在素材包 ID，则使用导入的素材更新此包,如果存在套件 ID，則使用匯入的素材更新套件
Studio.AssetImporter.Statuses.AnimationInPackageWarning,,,Animations currently will not be included in the final package.,Animations currently will not be included in the final package.,لن يتم تضمين الحركات حاليًا في الحزمة النهائية.,Animationen werden derzeit nicht im endgültigen Paket enthalten sein.,Las animaciones no se incluirán actualmente en el paquete final.,Les animations ne seront pas incluses dans le package final.,"फ़िलहाल, ऐनिमेशन फ़ाइनल पैकेज में शामिल नहीं किए जाएँगे.",Animasi saat ini tidak akan disertakan dalam paket akhir.,Le animazioni attualmente non saranno incluse nel pacchetto finale.,現在のところ、アニメーションは最終パッケージには含まれません。,현재 애니메이션은 최종 패키지에 포함되지 않습니다.,Animacje nie będą obecnie uwzględniane w finalnym pakiecie.,As animações não serão incluídas no pacote final.,,แอนิเมชันจะไม่รวมอยู่ในแพ็คเกจสุดท้ายในขณะนี้,Animasyonlar son pakete dâhil edilmeyecek.,hiệu ứng động hiện tại sẽ không có trong gói cuối cùng.,动画目前将不会包含在最终套装中。,动画目前将不会包含在最终套装中。,動畫目前不會包含在最終封包中。
Studio.AssetImporter.HttpError.PackageError,,,Upload failed. Update package ID may have been invalid.,Upload failed. Update package ID may have been invalid.,فشل التحميل. قد يكون معرّف حزمة التحديث غير صالح.,Upload fehlgeschlagen. Aktualisierungspaket-ID war möglicherweise ungültig.,Error al cargar. El ID del paquete de actualización puede no ser válido.,Échec du téléchargement. L'ID du package de mise à jour est peut-être invalide.,अपलोड नहीं किया जा सका. अपडेट पैकेज ID अमान्य हो सकती है.,Upload gagal. ID paket update mungkin tidak valid.,Caricamento non riuscito. ID dell' aggiornamento pacchetto potrebbe essere non valido.,アップロードできませんでした。パッケージIDの更新が無効だった可能性があります。,업로드하지 못했습니다. 업데이트 패키지 ID가 유효하지 않을 수 있습니다.,"Nie udało się przesłać. Możliwe, że zaktualizowany identyfikator pakietu jest nieprawidłowy.",O upload falhou. A atualização da ID do pacote pode ter sido inválida.,,อัปโหลดไม่สำเร็จ ID แพ็คเกจการอัปเดตอาจจะไม่ถูกต้อง,Yükleme başarısız. Güncelleme paketi kimliği geçersiz olabilir.,Không tải lên được. ID gói cập nhật có thể không hợp lệ.,上传失败。更新套装 ID 可能无效。,上传失败。更新套装 ID 可能无效。,上傳失敗。更新封包 ID 可能無效。
Studio.AssetImporter.Sections.RigGeneral,,,Rig General,Rig General,هيكل Rig عام,Rig Allgemein,Rig general,Général Rig,रिग जेनरल,Rig Umum,Rig General,リグ全般,리그 일반,Szkielet – ogólne,Rig geral,,Rig ทั่วไป,Genel Düzenek,Tổng Quát Về Khung Xương,骨架通用,骨架通用,骨架一般
Studio.AssetImporter.Sections.AnimationGeneral,,,Animation General,Animation General,حركة عامة,Animation Allgemein,General de animación,Animation générale,ऐनिमेशन जेनरल,Animasi Umum,Animazione generale,アニメーション全般,애니메이션 일반,Animacja – ogólne,Animação geral,,แอนิเมชันทั่วไป,Genel Animasyon,Tổng Quát Về Hiệu Ứng Động,动画通用,动画通用,動畫一般
Studio.AssetImporter.Properties.AnimationIdForRestPose,,,Custom Rest Pose Animation,Custom Rest Pose Animation,حركة لوضعية الجمود المخصصة,Benutzerdefinierte Ruhepose-Animation,Animación de pose de descanso personalizada,Animation de la pose repos personnalisée,कस्टम रेस्ट पोज़ ऐनिमेशन,Animasi Pose Istirahat Kustom,Animazione della posa di riposo personalizzata,休息ポーズ アニメーションをカスタマイズ,사용자 정의 휴식 포즈 애니메이션,Niestandardowa animacja pozy spoczynkowej,Animação de pose de descanso personalizada,,แอนิเมชันท่าโพสการพักผ่อนแบบกำหนดเอง,Özel dinlenme pozu animasyonu,Hiệu Ứng Động Tư Thế Nghỉ Ngơi Tùy Chỉnh,自定义静止姿势动画,自定义静止姿势动画,自訂靜止姿勢動畫
Studio.AssetImporter.Properties.RestPose,,,Rest Pose Animation,Rest Pose Animation,حركة لوضعية الجمود,Ruhepose-Animation,Animación de pose de descanso,Arrêter l'animation pose,रेस्ट पोज़ ऐनिमेशन,Animasi Pose Istirahat,Animazione della posa riposo,休息ポーズ アニメーション,휴식 포즈 애니메이션,Animacja – poza spoczynkowa,Animação de pose de descanso,,แอนิเมชันท่าโพสการพักผ่อน,Dinlenme pozu animasyonu,Hiệu Ứng Động Tư Thế Nghỉ Ngơi,静止姿势动画,静止姿势动画,靜止姿勢動畫
Studio.AssetImporter.PropertiesTooltip.RestPose,,,Sets the rest pose based off of the first animation frame. Select Custom to specify an animation.,Sets the rest pose based off of the first animation frame. Select Custom to specify an animation.,"لتعيين وضعية الجمود بناءً على إطار الحركة الأول. حدد ""مخصص"" لتحديد حركة.","Legt die Restpose anhand des ersten Animationsbildes fest. Wähle ""Benutzerdefiniert"", um eine Animation festzulegen.",Establece la pose de descanso basada en el primer cuadro de animación. Selecciona Personalizar para especificar una animación.,Définit la pose de repos sur la base de la première image de l'animation. Sélectionner Personnalisé pour spécifier une animation.,पहले एनीमेशन फ़्रेम के आधार पर रेस्ट पोज़ सेट करता है. ऐनिमेशन स्पेसिफ़ाई करने के लिए कस्टम चुनें.,Menentukan pose istirahat berdasarkan frame animasi pertama. Pilih Kustom untuk menentukan animasi.,Imposta la posa a riposo secondo il primo fotogramma di animazione. Seleziona Personalizza per scegliere un'animazione.,最初のアニメーションフレームに基づいて残りのポーズを設定します。カスタムを選択してアニメーションを指定します。,첫 번째 애니메이션 프레임을 기준으로 나머지 포즈를 설정합니다. 애니메이션을 지정하려면 사용자 정의를 선택하세요.,"Ustawia pozę spoczynkową na podstawie pierwszej klatki animacji. Aby ustawić konkretną animację, wybierz opcję Niestandardowa.",Define a pose restante com base no primeiro quadro de animação. Selecione Personalizado para especificar uma animação.,,กำหนดท่าโพสที่เหลือตามเฟรมแอนิเมชันแรก เลือกกำหนดเองเพื่อระบุแอนิเมชันใดๆ,İlk animasyon karesini temel alarak dinlenme pozunu ayarlar. Animasyon belirlemek için özeli seç.,Đặt tư thế nghỉ ngơi dựa trên khung hiệu ứng động đầu tiên. Chọn Tùy Chỉnh để chỉ định hiệu ứng động.,基于首个动画帧设置静止姿势。选择“自定义”以指定动画。,基于首个动画帧设置静止姿势。选择“自定义”以指定动画。,根據第一個動畫影格設定休息姿勢。選擇「自訂」以指定動畫。
Studio.AssetImporter.PropertiesTooltip.AnimationIdForRestPose,,,Sets the specific animation of the rest pose,Sets the specific animation of the rest pose,تعيين الحركة المحددة لوضعية الجمود,Legt die spezifische Animation der Restpose fest,Establece la animación específica de la pose de descanso,Définit l'animation spécifique de la pose de repos,रेस्ट पोज़ का विशिष्ट ऐनिमेशन सेट करता है,Menentukan animasi spesifik untuk pose istirahat,Imposta l'animazione specifica della posa a riposo,休息ポーズの特定のアニメーションを設定,휴식 포즈의 특정 애니메이션을 설정합니다,Ustawia konkretną animację dla pozy spoczynkowej,Define a animação específica da pose de descanso,,กำหนดแอนิเมชันที่เฉพาะเจาะจงของท่าโพสที่เหลือ,Belirli dinlenme pozu animasyonunu ayarlar,Đặt hiệu ứng động cụ thể của các tư thế còn lại,设置静止姿势的指定动画,设置静止姿势的指定动画,設定休息姿勢的特定動畫
Studio.AssetImporter.EnumItem.RotationsReset,,,Default with rotations zeroed out,Default with rotations zeroed out,افتراضي مع ضبط الدوران على الصفر,Standardmäßig mit Drehungen auf Null gesetzt,Por defecto con las rotaciones a cero,Valeur par défaut avec les rotations réduites à zéro,ज़ीरो रोटेशन के साथ डिफ़ॉल्ट,Default dengan rotasi diatur menjadi nol,Predefinito con rotazione azzerata,ローテーションをゼロにした既定値,회전이 0인 기본값,Domyślna z wyzerowanym obrotem,Padrão com rotações zeradas,,ค่าเริ่มต้นที่มีการหมุนเป็นศูนย์,Sıfırlanmış döndürme ile varsayılan,Mặc định với số lần quay bằng không,默认旋转归零,默认旋转归零,預設旋轉歸零
Studio.AssetImporter.Statuses.CantImportAvatarGltfsWarning,,,This file looks like it contains rigging data (Bones/Animations/Skinning). The importer does not yet support rigging in gLTF files.,This file looks like it contains rigging data (Bones/Animations/Skinning). The importer does not yet support rigging in gLTF files.,يبدو أن هذا الملف يحتوي على بيانات rigging (العظام/الرسوم المتحركة/التصميم). لا يدعم المستورد rigging في ملفات gLTF حتى الآن.,"Diese Datei sieht aus, als ob sie Rigging-Daten enthält (Bones/Animations/Skinning). Der Importer unterstützt noch kein Rigging in gLTF-Dateien.",Este archivo parece que contiene datos de rigging (Bones/Animations/Skinning). El importador aún no es compatible con el rigging en archivos gLTF.,Ce fichier semble contenir des données de truquage (Bons/Animations/Skinning). L'importateur ne prend pas encore en charge le truquage dans les fichiers gLTF.,लगता है कि इस फ़ाइल में रिगिंग डेटा (बोन्स/ऐनिमेशन/स्किनिंग) है. इंपोर्टर अभी तक gLTF फ़ाइलों में रिगिंग को सपोर्ट नहीं करता है.,File ini tampaknya berisi data rigging (Rangka/Animasi/Skinning). Pengimpor belum dapat mendukung rigging dalam file gLTF.,Questo file sembra contenere dati di rigging (Bones/Animations/Skinning). L'importatore non supporta ancora il rigging nei file gLTF.,このファイルにはリギングデータ（骨格/アニメーション/スキニング）が含まれているようです。このインポーターはgLTFファイルのリギングをまだサポートしていません。,"파일에 리깅 데이터(뼈대, 애니메이션, 스키닝)가 포함되어 있는 것 같습니다. 임포터는 아직 gLTF 파일의 리깅을 지원하지 않습니다.","Zdaje się, że ten plik zawiera dane riggingu (kości/animacje/skinning). Narzędzie do importowania nie obsługuje jeszcze riggingu w plikach gLTF.",Este arquivo parece conter dados de rigging (ossos/animações/skinning). O importador ainda não suporta rigging de arquivos gLTF.,,ดูเหมือนว่าไฟล์นี้จะมีข้อมูลการ Rig (กระดูก/แอนิเมชัน/Skinning) ผู้นำเข้ายังไม่รองรับการ Rig ในไฟล์ gLTF,Dosya içeriğinde düzenek oluşturma verileri var gibi görünüyor (Kemik/Animasyon/Ciltleme). İçe aktarıcı henüz gLTF dosyalarıyla düzenek oluşturmayı desteklemiyor.,Có vẻ như tệp này chứa dữ liệu tạo khung xương (Xương/Hiệu Ứng Động/Da). Trình nhập hiện chưa hỗ trợ tạo khung xương trong tệp gLTF.,此文件似乎包含骨架数据（骨骼/动画/蒙皮）。导入程序尚不支持 gLTF 文件中的骨架。,此文件似乎包含骨架数据（骨骼/动画/蒙皮）。导入程序尚不支持 gLTF 文件中的骨架。,這份檔案似乎包含骨架資料（骨頭/動畫/皮膚）。匯入器尚不支援 gLTF 檔的骨架資料。
Studio.AssetImporter.Statuses.FacsNoFaceControlsAllowedError,,,FaceControls cannot be imported.  Uncheck this item.,FaceControls cannot be imported.  Uncheck this item.,يتعذَّر استيراد FaceControls. قم بإلغاء تحديد هذا العنصر.,FaceControls kann nicht importiert werden. Deaktiviere dieses Element.,FaceControls no se puede importar. Deselecciona este elemento.,FaceControls ne peut pas être importé. Déselectionne cet item.,FaceControls इंपोर्ट नहीं किया जा सकता. इस आइटम से चेक का निशान हटाएँ.,FaceControls tidak dapat diimpor. Hapus centang dari item ini.,Non è possibile importare FaceControls. Deseleziona questo elemento.,FaceControls はインポートできません。このアイテムのチェックマークを外してください。,FaceControl을 가져올 수 없습니다. 이 항목을 선택 해제하세요.,Nie można zaimportować elementu FaceControls. Usuń jego zaznaczenie.,FaceControls não podem ser importados. Desmarque este item.,,ไม่สามารถนำเข้า FaceControl ได้  โปรดยกเลิกการทำเครื่องหมายรายการนี้,Yüz kontrolleri içe aktarılamıyor. Öğenin işaretini kaldır.,Không thể nhập Điều Khiển Mặt. Bỏ chọn mục này.,FaceControls 无法导入。请取消选中此项目。,FaceControls 无法导入。请取消选中此项目。,無法匯入 FaceControls。請解鎖此項目。
Studio.AssetImporter.AssetImportTree.RightClickApplyToAll,,,Apply settings to all,Apply settings to all,تطبيق الإعدادات على الكل,Einstellungen auf alle anwenden,Aplicar configuración a todos,Appliquer les paramètres à tous,सभी पर सेटिंग्स लागू करें,Terapkan pengaturan ke semua,Applica le impostazioni a tutto,すべてに設定を適用,설정 모두 적용,Zastosuj ustawienia do wszystkich,Aplicar configurações para todos,,ปรับใช้การตั้งค่ากับทั้งหมด,Ayarları tümüne uygula,Áp dụng cài đặt cho tất cả,将设置应用于全部,将设置应用于全部,將設定套用至全部
Studio.AssetImporter.Properties.RigVisualization,,,Rig Visualization,Rig Visualization,تصور هيكل Rig,Rig-Visualisierung,Visualización de rig,Visualisation rig,रिग विज़ुअलाइज़ेशन,Visualisasi Rig,Visualizzazione Rig,リグの視覚化,리그 시각화,Wizualizacja szkieletu,Visualização de rig,,การแสดงผล Rig,Düzenek görselleştirme,Hình Ảnh Khung Xương,骨架可视化,骨架可视化,骨架視覺效果
Studio.AssetImporter.PreviewTooltip.ToggleInsertContext,,, Toggle insert location preview, Toggle insert location preview,تبديل معاينة موقع الإدراج, Vorschau der Einfügeposition umschalten, Alternar la vista previa de la ubicación de inserción, Basculer l'aperçu de l'emplacement d'insertion, इंसर्ट लोकेशन प्रीव्यू टॉगल करें, Nyalakan/matikan masukkan preview lokasi, Attiva/disattiva l'anteprima della posizione di inserimento, 位置プレビュー挿入の切りかえ, 삽입 위치 미리보기 전환, Włącza/wyłącza podgląd wstawiania lokalizacji,Alternar inserir pré-visualização de local,, เปิด/ปิดการดูตัวอย่างตำแหน่งการแทรก, Ekleme konumu ön izlemesini aç/kapa, Bật/tắt xem trước vị trí chèn, 切换插入位置预览, 切换插入位置预览, 切換插入位置預覽
Studio.AssetImporter.Templates.LastImportTooltip,,,Root settings from the last time you imported a file,Root settings from the last time you imported a file,إعدادات الأصل من آخر مرة قمت فيها باستيراد ملف,Stamm-Einstellungen vom letzten Import einer Datei,Configuración de raíz de la última vez que importaste un archivo,Paramètres racine de la dernière fois que tu as importé un fichier,"पिछली बार जब आपने कोई फ़ाइल इंपोर्ट की थी, तब की रूट सेटिंग",Pengaturan akar dari terakhir kali kamu mengimpor file,Impostazioni per le radici in base all'ultima volta che hai importato un file,前回、ファイルをインポートしたときのルート設定,마지막으로 파일을 가져온 시점의 루트 설정,Ustawienia źródłowe z ostatniego importu pliku,Configurações de raiz da última vez que você importou um arquivo,,การตั้งค่ารากจากครั้งล่าสุดที่คุณนำเข้าไฟล์,Son dosya içe aktarımındaki temel ayarlar,Cài đặt gốc từ lần cuối cùng bạn nhập tệp,上次导入文件时的根设置,上次导入文件时的根设置,從您上次匯入檔案的資料進行根設定
Studio.AssetImporter.Templates.ResetTooltip,,,Reset settings back to selected template,Reset settings back to selected template,إعادة تعيين الإعدادات إلى القالب المحدد,Einstellungen auf die ausgewählte Vorlage zurücksetzen,Restablecer la configuración de nuevo a la plantilla seleccionada,Réinitialiser les paramètres au modèle sélectionné,सेटिंग को वापस चुने हुए टेम्प्लेट पर रीसेट करें,Reset pengaturan kembali menjadi templat yang dipilih,Ripristina le impostazioni al modello selezionato,選択済みテンプレートに設定を戻す,선택한 템플릿으로 설정 재설정,Zresetuj ustawienia do zaznaczonego szablonu,Redefinir as configurações de volta ao modelo selecionado,,รีเซ็ตการตั้งค่ากลับไปที่เทมเพลตที่เลือก,Ayarları seçili taslağa geri döndür,Đặt lại cài đặt về mẫu đã chọn,将设置重置回所选模板,将设置重置回所选模板,將設定重置回選定的範本
Studio.AssetImporter.Templates.ModifiedTemplateTooltip,,,You have made some changes based on the settings from your last imported file,You have made some changes based on the settings from your last imported file,لقد قمت بإجراء بعض التغييرات بناءً على الإعدادات من آخر ملف تم استيراده,Du hast einige Änderungen anhand der Einstellungen aus deiner zuletzt importierten Datei vorgenommen,Realizaste algunos cambios en función de la configuración de tu último archivo importado,Tu as fait quelques changements basés sur les paramètres de ton dernier fichier importé,"आपने अपनी पिछली इंपोर्ट की गई फ़ाइल की सेटिंग के आधार पर, कुछ बदलाव किए हैं",Kamu telah melakukan beberapa perubahan berdasarkan pengaturan dari file yang terakhir kamu impor,Hai apportato alcune modifiche in base alle impostazioni dell'ultimo file importato,最後にインポートしたファイルの設定に基づいていくつかの変更を加えました,마지막으로 가져온 파일의 설정을 기반으로 몇 가지 사항을 변경했습니다,Wprowadzono zmiany na podstawie ustawień z ostatniego importu pliku,Você fez algumas alterações com base nas configurações do seu último arquivo importado,,คุณได้ทำการเปลี่ยนแปลงบางอย่างกับการตั้งค่าจากไฟล์ที่นำเข้าล่าสุด,Son dosya içe aktarımındaki ayarları temel alan değişiklikler yaptın,Bạn đã thực hiện một số thay đổi dựa trên cài đặt từ tệp mà bạn đã nhập lần cuối,你已根据上次导入文件中的设置进行了一些更改,你已根据上次导入文件中的设置进行了一些更改,您已依據上次匯入檔案的設定進行了一些變更
Studio.AssetImporter.Templates.Default,,,Default,Default,افتراضي,Standard,Predeterminado,Par défaut,डिफ़ॉल्ट,Default,Predefinite,デフォルト,기본값,Domyślne,Padrão,,ค่าเริ่มต้น,Varsayılan,Mặc Định,默认,默认,預設
Studio.AssetImporter.Templates.LastImported,,,Last Imported,Last Imported,آخر استيراد,Zuletzt importiert,Último importado,Dernière importation,पिछली बार इंपोर्ट किया गया,Terakhir Diimpor,Ultima importazione,最終インポート,마지막으로 가져옴,Ostatni import,Último importado,,ที่นำเข้าล่าสุด,Son içe aktarılan,Đã Nhập Lần Cuối,上次导入,上次导入,最近匯入
Studio.AssetImporter.Statuses.CantImportScaleOrWeightAnimationsWarning,,,This file looks like it contains scale or weight animations. The importer does not support these animation types so your animations may not work as expected.,This file looks like it contains scale or weight animations. The importer does not support these animation types so your animations may not work as expected.,يبدو أن هذا الملف يحتوي على حركات لتغيير القياس أو الوزن. لا يدعم المستورد أنواع الحركات هذه، لذا قد لا تعمل أنواع الحركات هذه كما هو متوقع.,"Diese Datei sieht so aus, als ob sie Skalierungs- oder Gewichtsanimationen enthält. Der Importer unterstützt diese Animationstypen nicht, sodass Ihre Animationen möglicherweise nicht wie erwartet funktionieren.","Este archivo parece que contiene animaciones de escala o peso. El importador no es compatible con estos tipos de animación, por lo que tus animaciones pueden no funcionar como esperabas.",Ce fichier semble contenir des animations d'échelle ou de poids. L'importateur ne prend pas en charge ces types d'animation de sorte que tes animations peuvent ne pas fonctionner comme prévu.,"लगता है कि इस फ़ाइल में स्केल या वेट ऐनिमेशन हैं. इंपोर्टर इन ऐनिमेशन टाइप को सपोर्ट नहीं करता है, इसलिए हो सकता है कि आपके ऐनिमेशन उम्मीद के मुताबिक काम न करें.","File ini tampaknya berisi animasi skala atau beban. Pengimpor tidak mendukung tipe animasi ini, jadi animasimu mungkin tidak akan bekerja seperti yang diharapkan.","Questo file sembra contenere animazioni di scale o pesi. Poiché l'importatore non supporta questi tipi di animazione, le tue animazioni potrebbero non funzionare come previsto.",このファイルには拡大/縮小または重量アニメーションが含まれているようです。インポーターはそのアニメーションタイプには対応していないため、アニメーションが期待どおりに機能しないかもしれません。,이 파일에는 스케일 또는 웨이트 애니메이션이 포함되어 있습니다. 임포터는 이러한 애니메이션 유형을 지원하지 않으므로 애니메이션이 예상대로 작동하지 않을 수 있습니다.,"Zdaje się, że ten plik zawiera animacje z użyciem skali lub masy. Narzędzie do importowania nie obsługuje tych typów animacji, w związku z czym animacje mogą nie działać w oczekiwany sposób.","Este arquivo parece conter animações de escala ou peso. O importador não suporta esses tipos de animação, pois suas animações podem não funcionar como esperado.",,ดูเหมือนว่าไฟล์นี้จะมีแอนิเมชันการปรับขนาดหรือน้ำหนัก ผู้นำเข้าไม่รองรับประเภทแอนิเมชันเหล่านี้ ดังนั้นแอนิเมชันของคุณจึงอาจจะไม่ทำงานตามที่คาดหวัง,Dosya içeriğinde ölçek veya ağırlık animasyonu var gibi görünüyor. İçe aktarıcı bu animasyon türlerini desteklemediğinden animasyonların beklediğin gibi görünmeyebilir.,Có vẻ như tệp này chứa hiệu ứng động có tỷ lệ hoặc trọng lượng. Trình nhập không hỗ trợ các loại hiệu ứng động này nên hiệu ứng động của bạn có thể không hoạt động như mong đợi.,此文件看上去似乎包含比例或权重动画。导入程序不支持这些动画类型，因此你的动画可能无法按预期运行。,此文件看上去似乎包含比例或权重动画。导入程序不支持这些动画类型，因此你的动画可能无法按预期运行。,此檔案似乎包含縮放或權重動畫。匯入器不支援這些動畫類型，所以您的動畫執行可能會不如預期。
Studio.AssetImporter.PreviewTooltip.RigVisualization,,,Show Rig Visualization,Show Rig Visualization,عرض تصور هيكل Rig,Rig-Visualisierung anzeigen,Mostrar visualización de rig,Afficher la visualisation du rig,रिग विज़ुअलाइज़ेशन दिखाएँ,Tampilkan Visualisasi Rig,Mostra la visualizzazione del rig,リグの視覚化を表示,리그 시각화 표시,Pokaż wizualizację szkieletu,Mostrar visualização de rig,,แสดงการแสดงผล Rig,Düzenek görselleştirmeyi göster,Hiển Thị Hình Ảnh Khung Xương,显示骨架可视化,显示骨架可视化,顯示骨架視覺效果
Studio.AssetImporter.Statuses.NoValidParentError,,,Incompatible with current parent. Please note textures cannot be under attachment or cage meshes.,Incompatible with current parent. Please note textures cannot be under attachment or cage meshes.,غير متوافق مع الأصل الحالي. يرجى ملاحظة أنه يتعذَّر وضع الهيئات أسفل مرفقات أو أصول mesh للأقفاص.,"Inkompatibel mit dem aktuellen übergeordneten Element. Bitte beachte, dass Texturen nicht unter Anhängen oder Cage-Meshes liegen können.",Incompatible con el padre actual. Ten en cuenta que las texturas no pueden estar bajo el archivo adjunto o mallas de jaula.,Incompatible avec le parent actuel. Les textures ne peuvent pas être sous maillage ou maillages de cage.,मौजूदा पेरेंट के साथ कंपैटिबल नहीं है. कृपया ध्यान दें कि टेक्स्चर अटैचमेंच या केज मेश के तहत नहीं हो सकते हैं.,Tidak kompatibel dengan induk saat ini. Perhatikan bahwa tekstur tidak dapat diletakkan di bawah sambungan atau mesh cage.,Incompatibile con il parent corrente. Ti ricordiamo che le strutture non possono essere né allegate né maglie della gabbia.,現在の親と互換性がありません。テクスチャはアタッチメントまたはケージメッシュの下にすることはできません。,현재 부모 항목과 호환되지 않습니다. 텍스처는 연결부나 케이지 메시 아래에 위치할 수 없습니다.,"Niezgodność z bieżącym elementem nadrzędnym. Pamiętaj, że tekstury nie mogą znajdować się pod punktem zaczepienia ani pod siatkami obramowania.","Incompatível com o pai atual. Por favor, note que as texturas não podem estar em anexo ou gaiola de malha.",,เข้ากันไม่ได้กับรายการหลักปัจจุบัน โปรดทราบว่าพื้นผิวต้องไม่อยู่ภายใต้เมชสิ่งที่แนบมาหรือเมช Cage,Mevcut üst öğeyle uyumsuz. Lütfen dokuların eklentiler ya da kafes yapıları altında olamayacağını unutma.,Không tương thích với mục chính hiện tại. Xin lưu ý rằng kết cấu không thể nằm dưới mesh đính kèm hoặc mesh khung.,与当前父元素不兼容。请注意，纹理不能位于附件或围笼网格下。,与当前父元素不兼容。请注意，纹理不能位于附件或围笼网格下。,無法與目前的父元素相容。請注意，紋理不可位於附件或圍籠網格之下。
Studio.AssetImporter.Statuses.DefaultWarnings1,,,Import experienced a {type} warning.,Import experienced a {type} warning.,واجه الاستيراد تحذيرًا من النوع {type}.,Beim Import wurde eine {type}-Warnung ausgegeben.,La importación tiene una advertencia de {type}.,L'importation a connu un avertissement de {type}.,इंपोर्ट के दौरान {type} वॉर्निंग मिली.,Impor mengalami peringatan {type}.,L'importazione presenta un avviso {type}.,インポート中に {type} 警告がありました。,가져오는 중에 {type} 경고가 발생했습니다.,Podczas importowania pojawiło się ostrzeżenie typu {type}.,A importação experimentou um aviso {type}.,,การนำเข้าได้รับคำเตือน {type},İçe aktarım sırasında {type} uyarısı alındı.,Thao tác nhập gặp phải cảnh báo {type}.,导入时遇到 {type} 警告。,导入时遇到 {type} 警告。,匯入遭受 {type} 警告。
Studio.AssetImporter.Statuses.DefaultWarning1,,,Import experienced a {type} warning.,Import experienced a {type} warning.,واجه الاستيراد تحذيرًا من النوع {type}.,Beim Import wurde eine {type}-Warnung ausgegeben.,La importación tiene una advertencia de {type}.,L'importation a connu un avertissement de {type}.,इंपोर्ट के दौरान {type} वॉर्निंग मिली.,Impor mengalami peringatan {type}.,L'importazione presenta un avviso {type}.,インポート中に {type} 警告がありました。,가져오는 중에 {type} 경고가 발생했습니다.,Podczas importowania pojawiło się ostrzeżenie typu {type}.,A importação experimentou um aviso {type}.,,การนำเข้าได้รับคำเตือน {type},İçe aktarım sırasında {type} uyarısı alındı.,Thao tác nhập gặp phải cảnh báo {type}.,导入时遇到 {type} 警告。,导入时遇到 {type} 警告。,匯入遭受 {type} 警告。
Studio.AssetImporter.Statuses.DefaultError1,,,Import experienced a {type} error.,Import experienced a {type} error.,واجه الاستيراد خطأ من النوع {type}.,Beim Import wurde ein {type}-Fehler ausgegeben.,La importación tiene un error de {type}.,L'importation a rencontré une erreur {type}.,इंपोर्ट के दौरान {type} गड़बड़ी हुई.,Impor mengalami eror {type}.,L'importazione presenta un errore {type}.,インポート中に {type} エラーが発生しました。,가져오는 중에 {type} 오류가 발생했습니다.,Podczas importowania pojawił się błąd typu {type}.,A importação experimentou um erro {type}.,,การนำเข้าเกิดข้อผิดพลาด {type},İçe aktarım sırasında {type} hatası alındı.,Thao tác nhập gặp phải lỗi {type}.,导入时遇到 {type} 错误。,导入时遇到 {type} 错误。,匯入遭受 {type} 錯誤。
Studio.AssetImporter.Statuses.CageNameHasTypoWarning1,,,"Cage name contains a typo, try renaming to {SuggestedName}.","Cage name contains a typo, try renaming to {SuggestedName}.",اسم القفص به خطأ مطبعي، حاول إعادة التسمية إلى {SuggestedName}.,"Der Cage-Name enthält einen Tippfehler, versuche ihn in {SuggestedName} umzubenennen.",El nombre de la jaula contiene un error tipográfico. Intenta renombrar a {SuggestedName}.,"Le nom de la cage contient une faute, essaie de renommer en {SuggestedName}.","केज के नाम में एक टाइपो है, इसका नाम बदलकर {SuggestedName} करके देखें.",Nama cage mengandung kesalahan ketik. Coba ubah nama menjadi {SuggestedName}.,"Il nome della gabbia contiene un errore, prova a rinominarlo {SuggestedName}.",ケージ名にタイプミスがあります。 {SuggestedName} に名前を変更してみてください。,케이지 이름에 오타가 있습니다. 이름을 {SuggestedName}(으)로 변경해 보세요.,Nazwa obramowania zawiera błąd. Spróbuj zmienić ją na {SuggestedName}.,"O nome da gaiola contém um erro de digitação, tente renomear para {SuggestedName}.",,ชื่อ Cage มีการพิมพ์ผิด ลองเปลี่ยนชื่อเป็น {SuggestedName},"Kafes adında yazım hatası var, {SuggestedName} olarak adlandırmayı dene.","Tên khung có lỗi chính tả, hãy thử đổi tên thành {SuggestedName}.",围笼名称包含拼写错误，请尝试重命名为 {SuggestedName}。,围笼名称包含拼写错误，请尝试重命名为 {SuggestedName}。,圍籠名稱有錯字，建議重新命名為 {SuggestedName}。
Studio.AssetImporter.Statuses.CageNameHasTypoV1Warning1,,,"Cage name contains a typo, try renaming to {SuggestedName}.","Cage name contains a typo, try renaming to {SuggestedName}.",اسم القفص به خطأ مطبعي، حاول إعادة التسمية إلى {SuggestedName}.,"Der Cage-Name enthält einen Tippfehler, versuche ihn in {SuggestedName} umzubenennen.",El nombre de la jaula contiene un error tipográfico. Intenta renombrar a {SuggestedName}.,"Le nom de la cage contient une faute, essaie de renommer en {SuggestedName}.","केज के नाम में एक टाइपो है, इसका नाम बदलकर {SuggestedName} करके देखें.",Nama cage mengandung kesalahan ketik. Coba ubah nama menjadi {SuggestedName}.,"Il nome della gabbia contiene un errore, prova a rinominarlo {SuggestedName}.",ケージ名にタイプミスが含まれています。 {SuggestedName} に名前を変更してみてください。,케이지 이름에 오타가 있습니다. 이름을 {SuggestedName}(으)로 변경해 보세요.,Nazwa obramowania zawiera błąd. Spróbuj zmienić ją na {SuggestedName}.,"O nome da gaiola contém um erro de digitação, tente renomear para {SuggestedName}.",,ชื่อ Cage มีการพิมพ์ผิด ลองเปลี่ยนชื่อเป็น {SuggestedName},"Kafes adında yazım hatası var, {SuggestedName} olarak adlandırmayı dene.","Tên khung có lỗi chính tả, hãy thử đổi tên thành {SuggestedName}.",围笼名称中有错字，请尝试重命名为 {SuggestedName}。,围笼名称中有错字，请尝试重命名为 {SuggestedName}。,圍籠名稱有錯字，請重新命名為 {SuggestedName}。
Studio.AssetImporter.Statuses.NoRefMeshForCageWithSuggestionWarning1,,,Could not find corresponding Geo Mesh for Cage Mesh. Try renaming to {SuggestedName}.,Could not find corresponding Geo Mesh for Cage Mesh. Try renaming to {SuggestedName}.,تعذر العثور على Geo Mesh مناسبة لأصل Cage Mesh. حاول إعادة التسمية إلى {SuggestedName}.,Das entsprechende Geo-Mesh für Cage-Mesh konnte nicht gefunden werden. Versuche es in {SuggestedName} umzubenennen.,No se pudo encontrar la malla Geo correspondiente para la jaula Malla. Intenta renombrar a {SuggestedName}.,Impossible de trouver le maillage Geo correspondant pour le maillage Cage. Essaie de renommer en {SuggestedName}.,केज मेश के लिए संबंधित जियो मेश नहीं मिला. इसका नाम बदलकर {SuggestedName} करके देखें.,Tidak dapat menemukan Mesh Geo untuk Mesh Cage yang sesuai. Coba ubah nama menjadi {SuggestedName}.,Impossibile trovare la mesh Geo corrispondente alla mesh Cage. Prova a rinominarla {SuggestedName}.,ケージメッシュに対応するGeo（ジオ）メッシュが見つかりませんでした。 {SuggestedName} に名前を変更してみてください。,케이지 메시에 해당하는 지오 메시를 찾을 수 없습니다. 이름을 {SuggestedName}(으)로 변경해 보세요.,Nie można znaleźć odpowiedniej siatki Geo Mesh dla siatki obramowania. Spróbuj zmienić jej nazwę na {SuggestedName}.,Não foi possível encontrar a geomalha correspondente para a malha de gaiola. Tente renomear para {SuggestedName}.,,ไม่พบจีโอเมชที่สอดคล้องกับเมช Cage ลองเปลี่ยนชื่อเป็น {SuggestedName},Kafes mesh yapısına karşılık gelen geometri mesh yapısı bulunamadı. {SuggestedName} olarak adlandırmayı dene.,Không thể tìm thấy Mesh Hình Học tương ứng cho Mesh Khung. Hãy thử đổi tên thành {SuggestedName}.,无法为围笼网格找到对应的几何网格。请尝试重命名为 {SuggestedName}。,无法为围笼网格找到对应的几何网格。请尝试重命名为 {SuggestedName}。,圍籠網格找不到對應的幾何網格。建議重新命名為 {SuggestedName}。
Studio.AssetImporter.Statuses.NoRefMeshForCageWithSuggestionV1Warning1,,,Could not find corresponding Geo Mesh for Cage Mesh. Try renaming to {SuggestedName}.,Could not find corresponding Geo Mesh for Cage Mesh. Try renaming to {SuggestedName}.,تعذر العثور على Geo Mesh مناسبة لأصل Cage Mesh. حاول إعادة التسمية إلى {SuggestedName}.,Das entsprechende Geo-Mesh für Cage-Mesh konnte nicht gefunden werden. Versuche es in {SuggestedName} umzubenennen.,No se pudo encontrar la malla Geo correspondiente para la jaula Malla. Intenta renombrar a {SuggestedName}.,Impossible de trouver le maillage Geo correspondant pour le maillage Cage. Essaie de renommer en {SuggestedName}.,केज मेश के लिए संबंधित जियो मेश नहीं मिला. इसका नाम बदलकर {SuggestedName} करके देखें.,Tidak dapat menemukan Mesh Geo untuk Mesh Cage yang sesuai. Coba ubah nama menjadi {SuggestedName}.,Impossibile trovare la mesh Geo corrispondente alla mesh Cage. Prova a rinominarla {SuggestedName}.,ケージメッシュに対応するGeo（ジオ）メッシュが見つかりませんでした。 {SuggestedName} に名前を変更してみてください。,케이지 메시에 해당하는 지오 메시를 찾을 수 없습니다. 이름을 {SuggestedName}(으)로 변경해 보세요.,Nie można znaleźć odpowiedniej siatki Geo Mesh dla siatki obramowania. Spróbuj zmienić jej nazwę na {SuggestedName}.,Não foi possível encontrar a geo malha correspondente para a malha de gaiola. Tente renomear para {SuggestedName}.,,ไม่พบจีโอเมชที่สอดคล้องกับเมช Cage ลองเปลี่ยนชื่อเป็น {SuggestedName},Kafes mesh yapısına karşılık gelen geometri mesh yapısı bulunamadı. {SuggestedName} olarak adlandırmayı dene.,Không thể tìm thấy Mesh Hình Học tương ứng cho Mesh Khung. Hãy thử đổi tên thành {SuggestedName}.,无法为围笼网格找到对应的几何网格。请尝试重命名为 {SuggestedName}。,无法为围笼网格找到对应的几何网格。请尝试重命名为 {SuggestedName}。,圍籠網格找不到對應的幾何網格。請重新命名為 {SuggestedName}。
Studio.AssetImporter.Statuses.UnsupportedPreviewTextureTypeWarning,,,".tga and .gif are not fully supported. They may not be visible in previews, and in some cases may cause the upload to fail, but they'll appear if the upload succeeds. You may convert them to a different file type such as .png or .jpg to view them in the preview window.",".tga and .gif are not fully supported. They may not be visible in previews, and in some cases may cause the upload to fail, but they'll appear if the upload succeeds. You may convert them to a different file type such as .png or .jpg to view them in the preview window.",لا يتم دعم الملفات بتنسيق .tga و .gif بالكامل. قد لا تكون مرئية في المعاينات، وفي بعض الحالات قد تتسبب في فشل التحميل، ولكنها ستظهر إذا نجح التحميل. يمكنك تحويلها إلى نوع ملف مختلف مثل .png أو .jpg لعرضها في نافذة المعاينة.,".tga und .gif werden nicht vollständig unterstützt. Sie sind möglicherweise in der Vorschau nicht sichtbar und können in manchen Fällen dazu führen, dass der Upload fehlschlägt, aber sie werden angezeigt, wenn der Upload erfolgreich ist. Du kannst sie in einen anderen Dateityp wie .png oder .jpg umwandeln, um sie im Vorschaufenster zu sehen.",".tga y .gif no son totalmente compatibles. Puedes que no sean visibles en las previsualizaciones, y en algunos casos pueden causar que la carga falle, pero aparecerán si la carga tiene éxito. Puedes convertirlos a un tipo de archivo diferente como .png o .jpg para verlos en la ventana de vista previa.",".tga et .gif ne sont pas entièrement pris en charge. Ils peuvent ne pas être visibles dans les aperçus et, dans certains cas, peuvent causer l'échec du téléchargement, mais ils apparaîtront si le téléchargement réussi. Tu peux les convertir en un autre type de fichier tel que .png ou .jpg pour les afficher dans la fenêtre de prévisualisation.",".tga और .gif को पूरा सपोर्ट नहीं है. हो सकता है कि वे प्रीव्यू में दिखाई न दें और कुछ मामलों में उनके कारण अपलोड न भी हो पाए, लेकिन अपलोड हो जाने पर वे दिखाई देंगे. उन्हें प्रीव्यू विंडो में देखने के लिए, .png या .jpg जैसे अलग फ़ाइल टाइप में कन्वर्ट किया जा सकता है.","File .tga dan .gif tidak sepenuhnya didukung. Kedua tipe file ini mungkin tidak akan tampak di preview, dan dalam beberapa kasus mungkin dapat menyebabkan kegagalan upload, tetapi akan tampak seolah upload berhasil. Kamu dapat mengonversinya menjadi tipe file lain, seperti .png atau .jpg untuk menampilkannya di jendela preview.",".tga e .gif non sono completamente supportati. Perciò, potrebbero non essere visibili nelle anteprime e, in alcuni casi, potrebbero impedire il caricamento, ma verranno visualizzate se quest'ultimo sarà effettuato correttamente. Per visualizzarli nella finestra di anteprima, è possibile convertirli in un tipo di file diverso, come .png o .jpg.",.tga と .gif には完全に対応していません。プレビューでは表示されない場合があり、アップロードできない場合もありますが、アップロードできれば表示されます。 プレビューウィンドウで表示するには、.png や .jpg などの別のファイル形式に変換できます。,.tga 및 .gif 파일은 아직 완전히 지원되지 않습니다. 이는 미리 보기에 표시되지 않을 수 있으며 경우에 따라 업로드되지 못할 수 있지만 업로드에 성공하면 표시됩니다. 미리 보기 창에서 보려면 .png 또는 .jpg 등 다른 파일 형식으로 변환하세요.,"Pliki .tga i .gif nie są w pełni obsługiwane. Mogą być niewidoczne na podglądach, a w niektórych przypadkach mogą wywołać błąd przesyłania. Będą jednak widoczne, jeśli przesyłanie się powiedzie. Aby wyświetlić te pliki w oknie podglądu, można je przekonwertować na pliki innego typu, takie jak .png lub .jpg.",".tga e .gif não são totalmente suportados. Eles podem não ser visíveis nas pré-visualizações e, em alguns casos, podem causar falha no upload, mas aparecerão se o upload for bem-sucedido. Você pode convertê-los para um tipo de arquivo diferente como .png ou .jpg para visualizá-los na janela de visualização.",,ไม่รองรับ .tga และ .gif อย่างเต็มรูปแบบ ไฟล์เหล่านี้อาจไม่สามารถมองเห็นได้ในการดูตัวอย่าง และอาจทำให้เกิดการอัปโหลดไม่สำเร็จในบางกรณี แต่จะปรากฏให้เห็นหากการอัปโหลดสำเร็จ คุณสามารถแปลงเป็นประเภทไฟล์ที่แตกต่างออกไป เช่น .png หรือ .jpg เพื่อดูในหน้าต่างตัวอย่างได้,.tga ve .gif tam olarak desteklenmez. Bu dosyalar ön izlemelerde görünmeyebilir ve bazı durumlarda yüklemenin başarısız olmasına yol açabilir ama yükleme başarılı olursa dosyalar görünür. Dosyaları ön izleme penceresinde görüntüleyebilmek için .png veya .jpg gibi türlere dönüştürebilirsin.,".tga và .gif không được hỗ trợ đầy đủ. Các định dạng tệp này có thể không hiển thị trong bản xem trước và trong một số trường hợp có thể khiến việc tải lên thất bại, nhưng các định dạng tệp này sẽ xuất hiện nếu quá trình tải lên thành công. Bạn có thể chuyển đổi .tga và .gif sang định dạng tệp khác như .png hoặc .jpg để xem trong cửa sổ xem trước.",尚未完全支持 .tga 与 .gif 格式。该文件无法预览，有时也会导致上传失败，但一旦上传成功就会显示。若要在预览窗口查看，请将文件转换为 .png、.jpg 等文件类型。,尚未完全支持 .tga 与 .gif 格式。该文件无法预览，有时也会导致上传失败，但一旦上传成功就会显示。若要在预览窗口查看，请将文件转换为 .png、.jpg 等文件类型。,.tga 與 .gif 尚未獲得完整支援。該檔案無法在預覽看到，有時候也會無法上傳，但上傳成功時將會出現。若要在預覽視窗查看，可以將檔案轉為 .png、.jpg 等檔案類型。
Studio.AssetImporter.Statuses.FacsNoRootFaceJointError1,,,"No joint named ""{JointName}"" found as specified by extra attribute ""RootFaceJoint"".","No joint named ""{JointName}"" found as specified by extra attribute ""RootFaceJoint"".","لم يتم العثور على مفصل باسم ""{JointName}"" كما هو محدد بواسطة السمة الإضافية ""RootFaceJoint"".","Es wurde keine Verbindung mit dem Namen ""{JointName}"" gefunden, wie durch das Extra-Attribut ""RootFaceJoint"" angegeben.","No se encontró ningún conjunto llamado ""{JointName}"" como especificado por el atributo extra ""RootFaceJoint"".","Aucun joint nommé ""{JointName}"" trouvé comme spécifié par l'attribut supplémentaire ""RootFaceJoint"".","""{JointName}"" नाम का कोई जॉइंट नहीं मिला जैसा कि एक्स्ट्रा एट्रिब्यूट ""RootFaceJoint"" ने स्पेसिफ़ाई किया है.","Tidak ada sendi bernama ""{JointName}"" yang ditemukan seperti ditentukan oleh atribut ekstra ""RootFaceJoint"".","Nessun giunto trovato con il nome di ""{JointName}"", come specificato dall'attributo extra ""RootFaceJoint"".",追加属性「RootFaceJoint」で指定されているように、「{JointName}」という名前のジョイントが見つかりません。,추가 특성 'RootFaceJoint'에 의해 지정된 '{JointName}' 조인트를 찾을 수 없습니다.,Nie znaleziono stawu o nazwie „{JointName}” określonego w ramach atrybutu dodatkowego „RootFaceJoint”.,"Nenhuma articulação de nome ""{JointName}"" encontrada como especificada pelo atributo extra ""RootFaceJoint"".",,"ไม่พบข้อต่อชื่อ ""{JointName}""ตามที่ได้ระบุไว้โดยคุณลักษณะพิเศษ ""RootFaceJoint""","Ekstra nitelik ""RootFaceJoint"" tarafından belirtilen ""{JointName}"" adlı eklem bulunamadı.","Không tìm thấy khớp có tên ""{JointName}"" như được chỉ định bởi thuộc tính bổ sung ""RootFaceJoint"".",未找到根据额外属性“RootFaceJoint”所指定的名为“{JointName}”的关节。,未找到根据额外属性“RootFaceJoint”所指定的名为“{JointName}”的关节。,指定的額外屬性「RootFaceJoint」找不到名稱為「{JointName}」的接合。
Studio.AssetImporter.Statuses.FacsMultipleRootFaceJointsError1,,,"Multiple joints named ""{JointName}"" were found as specified by extra attribute ""RootFaceJoint"".  Joint names must be unique.","Multiple joints named ""{JointName}"" were found as specified by extra attribute ""RootFaceJoint"".  Joint names must be unique.","تم العثور على مفاصل متعددة باسم ""{JointName}"" كما هو محدد بواسطة السمة الإضافية ""RootFaceJoint"". يجب أن تكون أسماء المفاصل فريدة من نوعها.","Es wurden mehrere Verbindungen mit dem Namen ""{JointName}"" gefunden, wie im Extra-Attribut ""RootFaceJoint"" angegeben. Verbindungsnamen müssen eindeutig sein.","Se encontraron múltiples conexiones denominadas ""{JointName}"" como se especificó por el atributo extra ""RootFaceJoint"". Los nombres de conjuntos deben ser únicos.","Les joints multiples nommés ""{JointName}"" ont été trouvés comme spécifié par l'attribut supplémentaire ""RootFaceJoint"". Les noms de jointures doivent être uniques.","""{JointName}"" नाम के अनेक जॉइंट मिले जैसा कि एक्स्ट्रा एट्रिब्यूट ""RootFaceJoint"" ने स्पेसिफ़ाई किया है.  जॉइंट के नाम यूनिक होने चाहिए.","Beberapa sendi bernama ""{JointName}"" ditemukan dengan penentuan menggunakan atribut ekstra ""RootFaceJoint"". Nama sendi harus unik.","Giunti multipli denominati ""{JointName}"" sono stati trovati come specificati dall'attributo extra ""RootFaceJoint"". I nomi dei giunti devono essere unici.",追加属性「RootFaceJoint」で指定されているように「{JointName}」という名前の複数のジョイントが見つかりました。ジョイント名は一意でなければなりません。,추가 특성 'RootFaceJoint'에 지정된 대로 이름이 '{JointName}'인 여러 조인트가 발견되었습니다. 조인트 이름은 고유해야 합니다.,Znaleziono wiele stawów o nazwie „{JointName}” określonych w ramach atrybutu dodatkowego „RootFaceJoint”. Nazwy stawów muszą być unikatowe.,"Múltiplas articulações chamadas ""{JointName}"" foram encontradas como especificadas pelo atributo extra ""RootFaceJoint"". Nomes conjuntos devem ser únicos.",,"พบข้อต่อหลายรายการชื่อ ""{JointName}""ตามที่ได้ระบุไว้โดยคุณลักษณะพิเศษ ""RootFaceJoint""  ชื่อข้อต่อต้องไม่ซ้ำกัน","Ekstra nitelik ""RootFaceJoint"" tarafından belirtilen birden fazla ""{JointName}"" adlı eklem bulundu. Eklemlerin kendilerine özel adlarının olması gerekir.","Đã tìm thấy nhiều khớp có tên ""{JointName}"" như được chỉ định bởi thuộc tính bổ sung ""RootFaceJoint"". Tên khớp phải là duy nhất.",已找到根据额外属性“RootFaceJoint”所指定的名为“{JointName}”的多个关节。关节名称不得重复。,已找到根据额外属性“RootFaceJoint”所指定的名为“{JointName}”的多个关节。关节名称不得重复。,指定的額外屬性「RootFaceJoint」找到多個名稱為「{JointName}」的接合。接合名稱不可重複。
Studio.AssetImporter.Statuses.FacsNoJointsError1,,,"No joints were found under ""{JointName}"".","No joints were found under ""{JointName}"".","لم يتم العثور على مفاصل ضمن ""{JointName}"".","Unter ""{JointName}"" wurden keine Verbindungen gefunden.","No se encontraron conexiones bajo ""{JointName}"".","Aucune articulation n'a été trouvée sous ""{JointName}"".","""{JointName}"" के तहत कोई जॉइंट नहीं मिला.","Tidak ada sendi yang ditemukan dalam ""{JointName}"".","Nessun giunto trovato con il nome di ""{JointName}"".",「{JointName}」にジョイントが見つかりませんでした。,'{JointName}'에서 조인트를 찾을 수 없습니다.,Nie znaleziono stawów o nazwie „{JointName}”.,"Nenhuma articulação foi encontrada sob ""{JointName}"".",,"ไม่พบข้อต่อใน ""{JointName}""","""{JointName}"" kapsamında eklem bulunamadı.","Không tìm thấy khớp nào có tên ""{JointName}"".",“{JointName}”下没有找到关节。,“{JointName}”下没有找到关节。,「{JointName}」底下找不到接合。
Studio.AssetImporter.Templates.Reset,,,Reset all,Reset all,إعادة تعيين الكل,Alles zurücksetzen,Restablecer todo,Tout réinitialiser,सभी को रीसेट करें,Reset semua,Ripristina tutto,すべてリセット,모두 재설정,Zresetuj wszystko,Redefinir tudo,,รีเซ็ตทั้งหมด,Tümünü sıfırla,Đặt lại tất cả,重置全部,重置全部,全部重置
Studio.AssetImporter.Templates.Rename,,,Rename,Rename,إعادة التسمية,Umbenennen,Renombrar,Renommer,नाम बदलें,Ubah Nama,Rinomina,名前を変更,이름 변경,Zmień nazwę,Renomear,,เปลี่ยนชื่อ,Yeniden adlandır,Đổi tên,重命名,重命名,重新命名
Studio.AssetImporter.Templates.SaveChanges,,,Save selection,Save selection,حفظ الاختيار,Auswahl speichern,Guardar selección,Enregistrer la sélection,सिलेक्शन सेव करें,Simpan Pilihan,Salva selezione,選択内容を保存,선택 항목 저장,Zapisz zaznaczenie,Salvar seleção,,บันทึกการเลือก,Seçimi kaydet,Lưu lựa chọn,保存选项,保存选项,儲存選取項目
Studio.AssetImporter.Templates.Delete,,,Delete,Delete,حذف,Löschen,Eliminar,Supprimer,डिलीट करें,Hapus,Elimina,削除,삭제,Usuń,Excluir,,ลบ,Sil,Xóa,删除,删除,刪除
Studio.AssetImporter.Templates.SaveNewPreset,,,Save as new,Save as new,حفظ كجديد,Als neu speichern,Guardar como nuevo,Enregistrer comme nouveau,नए के तौर पर सेव करें,Simpan sebagai baru,Salva come nuovo,新規として保存,새 항목으로 저장,Zapisz jako nowy,Salvar como novo,,บันทึกเป็นรายการใหม่,Yeni olarak kaydet,Lưu mới,另存为新预设,另存为新预设,另存為新預置
Studio.AssetImporter.Statuses.ValidateUgcButNoInsertError,,,"Please enable ""Insert In Workspace"" to open the Avatar Setup after import.","Please enable ""Insert In Workspace"" to open the Avatar Setup after import.","يُرجى تمكين الخيار ""إدراج في Workspace"" لفتح ""إعداد الأفاتار"" بعد الاستيراد.","Bitte aktiviere ""In Arbeitsbereich einfügen"", um die Avatareinrichtung nach dem Import zu öffnen.","Activa ""Insertar en Workspace"" para abrir el Previsualizador de avatar después de la importación.",Activer « Insérer dans Workspace » pour ouvrir la configuration de l'avatar après l'importation.,"इंपोर्ट के बाद अवतार सेटअप खोलने के लिए, कृपया ""Workspace में इंसर्ट करें"" चालू करें.","Aktifkan ""Masukkan Dalam Workspace"" untuk membuka Pengatur Avatar setelah impor.","Abilita ""Inserisci nell'Area di lavoro"" per aprire la Configurazione dell'avatar dopo l'importazione.",インポート後にアバター設定を開くには、「ワークスペースに挿入」を有効にしてください。,대상을 가져온 후 아바타 설정을 열려면 '작업 공간에 삽입'을 활성화하세요.,"Włącz opcję „Wstaw w przestrzeni roboczej”, aby otworzyć konfigurację awatara po zaimportowaniu.","Ative ""Inserir na área de trabalho"" para abrir o visualizador de avatar após a importação.",,"โปรดเปิดใช้งาน ""แทรกใน Workspace"" เพื่อเปิดการตั้งค่าอวาตาร์หลังจากการนำเข้า","İçe aktarımdan sonra Avatar Kurulumu ekranını açmak için lütfen ""Atölyeye ekle"" seçeneğini etkinleştir.","Vui lòng bật ""Chèn Vào Workspace"" để mở Cài Đặt Avatar sau khi nhập.",导入后，请启用“插入工作区”以打开虚拟形象设置。,导入后，请启用“插入工作区”以打开虚拟形象设置。,請在匯入後啟用「插入 Workspace」以開啟虛擬人偶設定工具。
Studio.AssetImporter.Properties.ValidateUgcBody,,,Validate UGC Body,Validate UGC Body,التحقق من صحة محتوى الجسد من تصميم المستخدم,UGC-Körper validieren,Validar cuerpo UGC,Valider le corps de l'UGC,UGC बॉडी वेरिफ़ाई करें,Validasi Tubuh UGC,Convalida il corpo dell'UGC,UGCボディを検証,UGC 신체 유효성 검사,Zweryfikuj ciało ZGU,Validar o corpo CGU,,ตรวจสอบความถูกต้องเนื้อหา UGC,Kullanıcı tarafından oluşturulmuş vücut içeriğini doğrula,Xác Thực Cơ Thể UGC,验证用户生成内容身体,验证用户生成内容身体,驗證使用者創作內容身體
Studio.AssetImporter.PropertiesTooltip.ValidateUgcBody,,,Inserts model in Workspace and opens Avatar Previewer to run UGC validation,Inserts model in Workspace and opens Avatar Previewer to run UGC validation,إدراج نموذج في Workspace وفتح مستعرض الأفاتار لتشغيل التحقق من صحة المحتوى من تصميم المستخدم,"Fügt das Modell in den Arbeitsbereich ein und öffnet die Avatar-Vorschau, um die UGC-Validierung durchzuführen",Inserta el modelo en Workspace y abre el Previsualizador de avatar para ejecutar la validación de UGC,Insère le modèle dans Workspace et ouvre l'aperçu d'avatar pour exécuter la validation UGC,वर्कस्पेस में मॉडल इंसर्ट करता है और UGC वैलिडेशन रन करने के लिए अवतार प्रीव्यूअर खोलता है,Memasukkan model dalam Workspace dan membuka Preview Avatar untuk menjalankan validasi UGC,Inserisce il modello nell'Area di lavoro e apre l'Anteprima Avatar per eseguire la convalida del contenuto generato dall'utente,ワークスペースにモデルを挿入し、アバタープレビュー機能を開いてUGC検証を実行,모델을 작업 공간에 삽입하고 아바타 미리 보기를 열어 UGC 유효성 검사를 실행합니다,Wstawia model w przestrzeni roboczej i otwiera okno podglądu awatara w celu przeprowadzenia weryfikacji ZGU,Insere o modelo na área de trabalho e abre o visualizador de avatar para executar a validação de CGU,,แทรกโมเดลใน Workspace และเปิดเครื่องมือดูตัวอย่างอวาตาร์เพื่อเริ่มการตรวจสอบความถูกต้อง UGC,Atölyeye model ekler ve kullanıcı tarafından oluşturulmuş içerik doğrulaması yapmak için Avatar Ön İzleme Aracı'nı açar,Chèn mô hình vào Workspace và mở Trình Xem Trước Avatar để chạy xác nhận UGC,在工作区中插入模型并打开虚拟形象预览器以运行用户生成内容验证,在工作区中插入模型并打开虚拟形象预览器以运行用户生成内容验证,在 Workspace 中插入模型，並開啟虛擬人偶預覽工具以執行 UGC 驗證
Studio.AssetImporter.Plugin.Save,,,Save,Save,حفظ,Speichern,Guardar,Sauvegarder,सेव करें,Simpan,Salva,保存,저장,Zapisz,Salvar,,บันทึก,Kaydet,Lưu,保存,保存,儲存
Studio.AssetImporter.Templates.SaveInitialPreset,,,Save as initial preset,Save as initial preset,حفظ كإعداد مسبق أولي,Als anfängliche Voreinstellung speichern,Guardar como preajuste inicial,Sauvegarder comme préréglage initial,शुरुआती प्रीसेट के तौर पर सेव करें,Simpan sebagai preset awal,Salva come preimpostazione iniziale,初期プリセットとして保存,최초 사전 설정으로 저장,Zapisz jako początkowe ustawienie wstępne,Salvar como predefinição inicial,,บันทึกเป็นการกำหนดค่าล่วงหน้าเริ่มต้น,Başlangıç ön ayarı olarak kaydet,Lưu dưới dạng bản cài đặt trước ban đầu,另存为初始预设,另存为初始预设,儲存為初始預置
Studio.AssetImporter.Templates.WindowTitleNewPreset,,,Create new preset,Create new preset,إنشاء إعداد مسبق جديد,Neue Voreinstellung erstellen,Crear nuevo ajuste,Créer un nouveau préréglage,नया प्रीसेट क्रिएट करें,Buat preset baru,Crea un nuovo preset,新規プリセットを作成,새 사전 설정 생성,Utwórz nowe ustawienia wstępne,Crie uma nova predefinição,,สร้างการกำหนดค่าล่วงหน้าใหม่,Yeni ön ayar oluştur,Tạo bản cài đặt trước mới,新建预设,新建预设,建立新預置
Studio.AssetImporter.Templates.WindowTitleRenamePreset,,,Rename,Rename,إعادة التسمية,Umbenennen,Cambiar nombre,Renommer,नाम बदलें,Ubah Nama,Rinomina,名前の変更,이름 바꾸기,Zmień nazwę,Renomear,,เปลี่ยนชื่อ,Yeniden adlandır,Đổi Tên,重命名,重命名,重新命名
Studio.AssetImporter.Templates.TooManyPresets,,,No preset slots left. Please delete or edit an existing preset.,No preset slots left. Please delete or edit an existing preset.,لا توجد مواضع محددة مسبقًا متبقية. يُرجى حذف إعداد مسبق موجود أو تحريره.,Es sind keine Steckplätze mehr vorhanden. Bitte lösche oder bearbeite eine bestehende Voreinstellung.,No quedan espacios predefinidos. Elimina o edita un ajuste existente.,Aucun emplacement prédéfini restant. Supprimer ou modifier un préréglage existant.,कोई प्रीसेट स्लॉट नहीं बचा है. कृपया किसी मौजूदा प्रीसेट को डिलीट या एडिट करें.,Tidak ada slot preset tersisa. Hapus atau edit preset yang sudah ada.,Nessuno slot preimpostato rimasto. Elimina o modifica una preimpostazione esistente.,プリセット用スロットがありません。既存のプリセットの1つを削除するか編集してください。,남은 사전 설정 슬롯이 없습니다. 기존 사전 설정을 삭제하거나 편집하세요.,Nie ma więcej miejsc na ustawienia wstępne. Usuń lub edytuj istniejące ustawienie wstępne.,Não há espaços de predefinição. Exclua ou edite uma predefinição existente.,,ไม่มีสล็อตการกำหนดค่าล่วงหน้าเหลือ โปรดลบหรือแก้ไขการตั้งค่าล่วงหน้าที่มีอยู่,Ön ayar yeri kalmadı. Lütfen mevcut bir ön ayarı sil veya düzenle.,Không còn vị trí cài đặt trước nào. Vui lòng xóa hoặc chỉnh sửa một bản cài đặt trước hiện có.,没有剩余的预设栏位。请删除或编辑现有预设。,没有剩余的预设栏位。请删除或编辑现有预设。,預置欄位不足。請刪除或編輯現有預置。
Studio.AssetImporter.Templates.PresetsRemaining1,,,{presetsRemaining} preset slot(s) left.,{presetsRemaining} preset slot(s) left.,{presetsRemaining}موضع (مواضع) الإعداد المسبق المتبقية.,{presetsRemaining} Steckplatz/Steckplätze für Voreinstellungen vorhanden.,{presetsRemaining} espacios(s) preestablecido(s) restante(s).,{presetsRemaining} emplacement(s) prédéfini(s) restant(s).,{presetsRemaining} प्रीसेट स्लॉट बचे हैं.,{presetsRemaining} slot preset tersisa.,{presetsRemaining} slot preimpostati rimasti.,{presetsRemaining} 件のプリセット用スロットが残っています。,사전 설정 슬롯이 {presetsRemaining}개 남았습니다.,Liczba pozostałych miejsc na ustawienia wstępne: {presetsRemaining}.,{presetsRemaining} espaço(s) de predefinição restantes.,,เหลือสล็อตการกำหนดค่าล่วงหน้า {presetsRemaining} สล็อต,{presetsRemaining} ön ayar yeri kaldı.,Còn {presetsRemaining} vị trí cài đặt trước.,剩余 {presetsRemaining} 个预设栏位。,剩余 {presetsRemaining} 个预设栏位。,剩下 {presetsRemaining} 個預置欄位。
Studio.AssetImporter.Callouts.UgcValidationTitle,,,Avatar Detected,Avatar Detected,تم اكتشاف الأفاتار,Avatar gefunden,Avatar detectado,Avatar détecté,अवतार का पता चला,Avatar Terdeteksi,Avatar rilevato,アバターが検出されました,아바타가 감지됨,Wykryto awatara,Avatar Detectado,,ตรวจพบอวาตาร์,Avatar tespit edildi,Đã Phát Hiện Avatar,检测到虚拟形象,检测到虚拟形象,虛擬人偶已偵測
Studio.AssetImporter.Callouts.UgcValidationDesc,,,Enable “Validate UGC Body” to open in Avatar Setup after importing and validate if your model meets UGC publication requirements.,Enable “Validate UGC Body” to open in Avatar Setup after importing and validate if your model meets UGC publication requirements.,"قم بتمكين ""التحقق من صحة محتوى الجسد من تصميم المستخدم"" لفتحه في إعداد الأفاتار بعد الاستيراد وتحقق مما إذا كان نموذج التطبيقات يفي بمتطلبات نشر محتوى من إنشاء المستخدمين (UGC).","Aktiviere ""UGC-Körper validieren"", um die Avatareinrichtung nach dem Import zu öffnen und zu prüfen, ob dein Modell die UGC-Anforderungen zum Veröffentlichen erfüllt.",Activar “Validar el cuerpo UGC” para abrir en Configuración de avatar después de importar y validar si tu modelo cumple con los requisitos de publicación UGC.,Active « Valider le corps UGC » pour ouvrir dans la configuration d'avatar après importation et valide si ton modèle répond aux exigences de publication UGC.,"अगर आपका मॉडल UGC  पब्लिश ज़रूरतों को पूरा करता है, तो इंपोर्ट करने और वैलिडेट करने के बाद अवतार सेटअप में खोलने के लिए, ""UGC बॉडी को वैलिडेट करें"" चालू करें.","Memungkinkan ""Validasi Tubuh UGC"" dibuka di Pengatur Avatar setelah mengimpor dan memvalidasi jika modelmu memenuhi syarat publikasi UGC.","Abilita ""Convalida corpo CGU"" nella Configurazione dell'avatar dopo l'importazione e verifica se il tuo modello soddisfa i requisiti per la pubblicazione di contenuti generati dall'utente.",インポート後にアバター設定で「UGCボディを検証」を有効にして、あなたのモデルが公開要件を満たしているかどうか検証してください。,대상을 가져온 후 아바타 설정에서 열려면 'UGC 신체 유효성 검사'를 활성화하고 모델이 UGC 게시 요구 사항을 충족하는지 확인하세요.,"Włącz opcję „Zweryfikuj ciało ZGU”, aby po zaimportowaniu otworzyć konfigurację awatara i zweryfikować model pod kątem zgodności z wymogami dotyczącymi publikowania ZGU.","Ativa ""Validar o corpo CGU"" para abrir no configurador de avatar depois de importar e validar se seu modelo atende aos requisitos de publicação CGU.",,"เปิดใช้งาน ""ตรวจสอบความถูกต้องเนื้อหา UGC"" เพื่อเปิดในการตั้งค่าอวาตาร์หลังจากการนำเข้าและตรวจสอบความถูกต้อง หากโมเดลของคุณตรงตามข้อกำหนดการเผยแพร่ UGC","İçe aktarımdan sonra Avatar Kurulumu ekranını açmak ve modelinin kullanıcı tarafından oluşturulmuş içerik yayınlama gereksinimlerini karşıladığını doğrulamak için ""Kullanıcı tarafından oluşturulmuş vücut içeriğini doğrula"" seçeneğini etkinleştir.",Bật “Xác Thực Cơ Thể UGC” để mở trong Cài Đặt Avatar sau khi nhập và xác thực xem mô hình của bạn có đáp ứng các yêu cầu đăng UGC hay không.,导入后，启用“验证用户生成内容身体”以在虚拟形象设置中打开，并验证你的模型是否符合用户生成内容发布要求。,导入后，启用“验证用户生成内容身体”以在虚拟形象设置中打开，并验证你的模型是否符合用户生成内容发布要求。,啟用「驗證使用者創作內容身體」以在匯入後在虛擬人偶設定工具中開啟，並驗證您的模型是否符合 UGC 發佈規定。
Studio.AssetImporter.Templates.PresetsRemaining2,,,{presetsRemaining}/{totalPresets} preset slot(s) left.,{presetsRemaining}/{totalPresets} preset slot(s) left.,{presetsRemaining}/{totalPresets} موضع (مواضع) الإعداد المسبق المتبقية.,{presetsRemaining}/{totalPresets} Steckplatz/Steckplätze für Voreinstellungen vorhanden.,{presetsRemaining}/{totalPresets} ranura(s) preestablecida(s) restante(s).,{presetsRemaining}/{totalPresets} emplacement (s) prédéfini (s) à gauche.,{presetsRemaining}/{totalPresets} प्रीसेट स्लॉट बचे हैं.,{presetsRemaining}/{totalPresets} slot preset tersisa.,{presetsRemaining}/{totalPresets} slot preimpostati rimasti.,{totalPresets} 件中 {presetsRemaining} 件のプリセットスロットが残っています。,사전 설정 슬롯이 {totalPresets} 중 {presetsRemaining}개 남았습니다.,Liczba pozostałych miejsc na ustawienia wstępne: {presetsRemaining}/{totalPresets},{presetsRemaining}/{totalPresets} espaço(s) de predefinição restantes.,,เหลือสล็อตการกำหนดค่าล่วงหน้า {presetsRemaining}/{totalPresets} สล็อต,{presetsRemaining}/{totalPresets} ön ayar yeri kaldı.,Còn {presetsRemaining}/{totalPresets} vị trí cài đặt trước.,剩余 {presetsRemaining}/{totalPresets} 个预设栏位。,剩余 {presetsRemaining}/{totalPresets} 个预设栏位。,剩下 {presetsRemaining}/{totalPresets} 個預置欄位。
Studio.AssetImporter.Templates.PresetNameOverwriteWarning,,,Saving will overwrite the existing configuration of this preset.,Saving will overwrite the existing configuration of this preset.,يؤدي الحفظ إلى استبدال التهيئة الحالية لهذا الإعداد المسبق.,Durch das Speichern wird die bestehende Konfiguration dieser Voreinstellung überschrieben.,Guardar sobrescribirá la configuración existente de este ajuste preestablecido.,La sauvegarde écrasera la configuration existante de ce paramètre prédéfini.,"सेव करने पर, यह प्रीसेट के मौजूदा कॉन्फ़िगरेशन को ओवरराइट कर देगा.","Jika kamu menyimpan, konfigurasi yang sudah ada untuk preset ini akan ditimpa.",Il salvataggio sovrascriverà la configurazione esistente di questa preimpostazione.,保存すると、このプリセットの既存の設定が上書きされます。,저장하면 이 사전 설정의 기존 구성을 덮어쓰게 됩니다.,Zapisanie spowoduje zastąpienie istniejącej konfiguracji tego ustawienia wstępnego.,Salvar irá sobrescrever a configuração existente desta predefinição.,,การบันทึกจะเขียนทับการกำหนดค่าปัจจุบันของการกำหนดค่าล่วงหน้านี้,"Kayıt, ön ayarın mevcut yapılandırmasının üzerine yazılacak.",Thao tác lưu sẽ ghi đè lên cấu hình hiện có của bản cài đặt trước này.,如果进行保存，则会覆盖此预设的现有配置。,如果进行保存，则会覆盖此预设的现有配置。,儲存將會覆寫此預置既有的設定。
Studio.AssetImporter.Templates.OverwritingReservedName1,,,{name} is the name of a standard preset. Please choose a different name.,{name} is the name of a standard preset. Please choose a different name.,{name} هو اسم الإعداد المسبق القياسي. يُرجى اختيار اسم مختلف.,{name} ist der Name einer Standardvoreinstellung. Bitte wähle einen anderen Namen.,{name} es el nombre de un preajuste estándar. Elige un nombre diferente.,{name} est le nom d'un préréglage standard. Choisir un autre nom.,स्टैंडर्ड प्रीसेट का नाम {name} है. दूसरा नाम चुनें.,{name} adalah nama preset standar. Pilih nama lain.,{name} è il nome di una preimpostazione standard. Scegli un nome diverso.,{name} は標準プリセットの名前です。別の名前を選択してください。,{name}(은)는 표준 사전 설정의 이름입니다. 다른 이름을 선택하세요.,{name} to nazwa standardowego ustawienia wstępnego. Wybierz inną nazwę.,{name} é o nome de uma predefinição padrão. Escolha um nome diferente.,,{name} คือชื่อของการกำหนดค่าล่วงหน้ามาตรฐาน โปรดเลือกชื่อที่แตกต่างออกไป,{name} bir standart ön ayar adı. Lütfen farklı bir ad seç.,{name} là tên của một bản cài đặt trước chuẩn. Vui lòng chọn một tên khác.,{name} 是标准预设的名称。请选择其他名称。,{name} 是标准预设的名称。请选择其他名称。,{name} 為標準預置的名稱。請選擇一個不一樣的名稱。
Studio.AssetImporter.Templates.NewPreset,,,New Preset,New Preset,إعداد مسبق جديد,Neue Voreinstellung,Nuevo preajuste,Nouveau préréglage,नया प्रीसेट,Preset Baru,Nuova preimpostazione,新規プリセット,새로운 사전 설정,Nowe ustawienie wstępne,Nova predefinição,,การกำหนดค่าล่วงหน้าใหม่,Yeni ön ayar,Cài Đặt Trước Mới,新预设,新预设,新預置
Studio.AssetImporter.Templates.MenuTooltip,,,Preset Actions,Preset Actions,إجراءات الإعداد المسبق,Voreingestellte Aktionen,Acciones preestablecidas,Actions prédéfinies,ऐक्शन प्रीसेट करें,Tindakan Preset,Azioni preimpostate,プリセット動作,사전 설정 작업,Akcje ustawienia wstępnego,Ações predefinidas,,การดำเนินการการกำหนดค่าล่วงหน้า,Ön ayar eylemleri,Hành Động Đặt Trước,预设操作,预设操作,預置動作
Studio.AssetImporter.Templates.StudioDefault,,,Studio Default,Studio Default,Studio الافتراضي,Studio-Standard,Studio predeterminado,Studio par défaut,Studio डिफ़ॉल्ट,Default Studio,Studio Predefinito,Studio デフォルト,Studio 기본값,Domyślne ustawienie Studio,Padrão de Studio,,ค่าเริ่มต้น Studio,Studio varsayılanı,Studio Mặc Định,Studio 默认设置,Studio 默认设置,Studio 預設
Studio.AssetImporter.Templates.SetAsDefault,,,Set as default,Set as default,تعيين كافتراضي,Als Standard festlegen,Establecido como predeterminado,Définir par défaut,डिफ़ॉल्ट रूप में सेट करें...,Set as Default,Imposta come predefinito,デフォルトに設定,기본값으로 설정,Ustaw jako domyślne,Tornar padrão,,กำหนดเป็นค่าเริ่มต้น,Varsayılan olarak ayarla,Đặt làm mặc định,设置为默认值,设置为默认值,設為預設
Studio.AssetImporter.Templates.OverwritingReservedName,,,This name is already in use. Please choose a different name.,This name is already in use. Please choose a different name.,هذا الاسم قيد الاستخدام بالفعل. يُرجى اختيار اسم مختلف.,Dieser Name wird bereits verwendet. Bitte wähle einen anderen Namen.,Este nombre ya está en uso. Elige un nombre diferente.,Ce nom est déjà utilisé. Choisir un autre nom.,यह नाम पहले से इस्तेमाल में है. दूसरा नाम चुनें.,Nama ini sudah digunakan. Pilih nama lain.,Questo nome è già in uso. Scegli un nome diverso.,この名前はすでに使用されています。別の名前を選択してください。,이미 사용 중인 이름입니다. 다른 이름을 선택하세요.,Ta nazwa jest już w użyciu. Wybierz inną nazwę.,Este nome já está em uso. Escolha um nome diferente.,,มีการใช้ชื่อนี้อยู่แล้ว โปรดเลือกชื่อที่แตกต่างออกไป,Bu ad zaten kullanımda. Lütfen farklı bir ad seç.,Tên này đã được sử dụng. Vui lòng chọn một tên khác.,此名称已被使用。请另外选择一个名称。,此名称已被使用。请另外选择一个名称。,此名稱已被使用。請選擇其他名稱。
Studio.AssetImporter.AssetImportTree.RightClickApplyToAll1,,,"Apply ""{nodeName}"" settings to all matching nodes","Apply ""{nodeName}"" settings to all matching nodes","تطبيق إعدادات ""{nodeName}"" على جميع العقد المطابقة","Einstellungen ""{nodeName}"" auf alle übereinstimmenden Knoten anwenden","Aplicar la configuración ""{nodeName}"" a todos los nodos coincidentes",Appliquer les paramètres «{nodeName}» à tous les nœuds correspondants,"सभी मैच करने वाले नोड्स पर ""{nodeName}"" सेटिंग लागू करें","Terapkan pengaturan ""{nodeName}"" ke semua node yang cocok","Applica le impostazioni ""{nodeName}"" a tutti i nodi corrispondenti",すべての一致しているノードに「{nodeName}」設定を適用,일치하는 모든 노드에 '{nodeName}' 설정을 적용합니다,Zastosuj ustawienia „{nodeName}” w odniesieniu do wszystkich zgodnych węzłów,"Aplicar configurações ""{nodeName}"" para todos os nós correspondentes",,"ปรับใช้การตั้งค่า ""{nodeName}"" กับโหนดที่ตรงกันทั้งหมด","""{nodeName}"" ayarlarını tüm eşleşen düğümlere uygula","Áp dụng cài đặt ""{nodeName}"" cho tất cả các nút trùng khớp",将“{nodeName}”设置应用至所有匹配节点,将“{nodeName}”设置应用至所有匹配节点,套用「{nodeName}」設定至所有匹配節點
Studio.AssetImporter.Callouts.ApplyToAllTitle,,,Apply to all,Apply to all,تطبيق على الكل,Auf alle anwenden,Aplicar a todos,Appliquer à tous,सभी पर लागू करें,Terapkan ke semua,Applica a tutti,すべてに適用,모두 적용,Zastosuj do wszystkich,Aplicar a todos,,ปรับใช้กับทั้งหมด,Tümüne uygula,Áp dụng cho tất cả,应用至全部,应用至全部,套用至全部
Studio.AssetImporter.Callouts.ApplyToAllDesc,,,You can right-click on a node and apply its settings configuration to all other nodes like it,You can right-click on a node and apply its settings configuration to all other nodes like it,يمكنك الضغط بزر الماوس الأيمن على عقدة وتطبيق تهيئة إعداداتها على جميع العقد الأخرى المماثلة لها,Du kannst mit der rechten Maustaste auf einen Knoten klicken und seine Einstellungen auf alle anderen Knoten wie ihn anwenden,Puede hacer clic derecho en un nodo y aplicar su configuración a todos los demás nodos como él,Tu peux cliquer avec le bouton droit de la souris sur un nœud et appliquer sa configuration à tous les autres nœuds similaires,नोड पर राइट-क्लिक किया जा सकता है और इसकी सेटिंग्स कॉन्फ़िगरेशन को अन्य सभी नोड्स पर लागू किया जा सकता है,Kamu dapat mengklik kanan di salah satu node dan menerapkan konfigurasi pengaturannya ke semua node yang serupa,Puoi fare clic su un nodo con il pulsante destro del mouse e applicare la configurazione delle sue impostazioni a tutti gli altri nodi simili,ノードを右クリックすると、環境設定を類似する他のすべてのノードに適用できます,노드를 마우스 오른쪽 버튼으로 클릭하고 해당 설정 구성을 유사한 다른 모든 노드에 적용할 수 있습니다,Możesz kliknąć węzeł prawym przyciskiem myszy i zastosować skonfigurowane dla niego ustawienia do wszystkich innych węzłów takich jak ten,Você pode clicar com o botão direito em um nó e aplicar sua configuração de configurações a todos os outros nós como ele,,คุณสามารถคลิกขวาที่โหนด และปรับใช้การกำหนดค่าของโหนดกับโหนดอื่นทั้งหมดที่คล้ายกันได้,Herhangi bir düğüme sağ tıklayıp o düğümün ayar yapılandırmasını benzer tüm diğer düğümlere uygulayabilirsin,Bạn có thể nhấp chuột phải vào một nút và áp dụng cấu hình cài đặt của nút đó cho tất cả các nút khác tương tự,你可以右键单击一个节点，将其设置配置应用到类似的所有其他节点,你可以右键单击一个节点，将其设置配置应用到类似的所有其他节点,您可以在節點上按一下滑鼠右鍵，並套用其設定組態至所有其他類似節點
Studio.AssetImporter.UploadDestination.Me,,,Me,Me,أنا,Ich,Yo,Moi,मैं,Saya,Io,自分,나,Ja,Eu,,ฉัน,Ben,Tôi,我,我,我
Studio.AssetImporter.Properties.PreferredUploadId,,,Creator,Creator,المصمّم,Creator,Creador,Créateur,क्रिएटर,Kreator,Creatore,クリエーター,크리에이터,Twórca,Criador,,ครีเอเตอร์,Oluşturan,Nhà sáng tạo,创作者,创作者,創作者
Studio.AssetImporter.PropertiesTooltip.KeepZeroInfluenceBones,,,Keep bones that have no vertices tied to them or have marginal weights,Keep bones that have no vertices tied to them or have marginal weights,الاحتفاظ بالعظام التي لا تحتوي على رؤوس مرتبطة بها أو لها أوزان هامشية,"Bones behalten, an die keine Eckpunkte gebunden sind oder die marginale Gewichte haben",Mantén huesos que no tienen vértices vinculados a ellos o que tienen pesos marginales,Conserver les os qui n'ont pas d'extrémités liés à eux ou qui ont des poids marginaux,उन हड्डियों को रखें जिनके कोने न हों या जिनका वज़न बहुत कम हो,Pertahankan rangka yang tidak terikat ke titik sudut apa pun atau memiliki beban marginal,Mantieni le ossa che non sono legate a vertici o che hanno pesi marginali,頂点がついていない骨格または加重限度を保持,연관된 정점이 없거나 무게가 얼마 나가지 않는 뼈는 보관하세요.,"Zachowuje kości, do których nie są przypisane wierzchołki, lub które mają marginalną wagę",Manter ossos que não tenham vértices ligados a eles ou tenham pesos marginais,,เก็บกระดูกที่ไม่มีจุดยอดผูกไว้ หรือมีน้ำหนักน้อยเกินไป,Hiçbir köşeye bağlı olmayan veya çok az ağırlığa sahip kemikleri tut,Giữ xương không có đỉnh gắn liền với chúng hoặc có trọng lượng cận biên,保留无关联顶点或权重过低的骨骼,保留无关联顶点或权重过低的骨骼,保留沒有綁定頂點或重量微不足道的骨頭
Studio.AssetImporter.Properties.KeepZeroInfluenceBones,,,Keep Zero Influence Bones,Keep Zero Influence Bones,الحفاظ على عظام التأثير الصفري,Bones ohne Einfluss behalten,Mantener huesos de influencia cero,Garder les os d'influence zéro,ज़ीरो इन्फ्लुएंस बोन्स बनाए रखें,Pertahankan Rangka Tak Berpengaruh,Mantieni ossa a influenza zero,影響力ゼロの骨を保持,영향이 없는 뼈 보관,Zachowaj kości o zerowym wpływie,Manter ossos de influência zero,,เก็บกระดูกที่มีอิทธิพลเป็นศูนย์ไว้,Sıfır etkili kemikleri tut,Giữ Lại Xương Không Ảnh Hưởng,保留无影响骨骼,保留无影响骨骼,保留零影響骨頭
Studio.AssetImporter.ImportQueue.FilesRemaining2,,,Import Queue {currentFileIndex} of {totalFiles},Import Queue {currentFileIndex} of {totalFiles},قائمة انتظار الاستيراد {currentFileIndex} من {totalFiles},Warteschlange importieren {currentFileIndex} von {totalFiles},Importar cola {currentFileIndex} de {totalFiles},File d'attente d'importation {currentFileIndex} de {totalFiles},{totalFiles} में से {currentFileIndex} लाइन इंपोर्ट करें,Antrean Impor {currentFileIndex} sebanyak {totalFiles},Importa coda {currentFileIndex} di {totalFiles},{totalFiles} 件中 {currentFileIndex} 件のキューをインポート,대기열 가져오기 {currentFileIndex}/{totalFiles},Kolejka importowania {currentFileIndex} z {totalFiles},Fila de importação {currentFileIndex} do {totalFiles},,นำเข้าคิว {currentFileIndex} ของ {totalFiles},İçe aktarım sırası: {currentFileIndex}/{totalFiles},Hàng Đợi Nhập {currentFileIndex} trong số {totalFiles},导入队列中的第 {currentFileIndex} 个，共 {totalFiles} 个,导入队列中的第 {currentFileIndex} 个，共 {totalFiles} 个,匯入佇列 {currentFileIndex} / {totalFiles}
Studio.AssetImporter.ImportQueue.WindowTitle,,,Import Queue,Import Queue,قائمة انتظار الاستيراد,Warteschlange importieren,Importar cola,Importer une file d’attente,लाइन इंपोर्ट करें,Antrean Impor,Importa coda,キューをインポート,대기열 가져오기,Kolejka importowania,Fila de importação,,นำเข้าคิว,İçe aktarım sırası,Hàng Đợi Nhập,导入队列,导入队列,匯入佇列
Studio.AssetImporter.ImportQueue.Complete,,,Complete,Complete,اكتمل,Abgeschlossen,Completar,Terminé,पूरा हुआ,Selesai,Completa,完了,완료,Ukończono,Concluído,,เสร็จสมบูรณ์,Tamamlandı,Hoàn Thành,完成,完成,完成
Studio.AssetImporter.ImportQueue.MinutesRemaining1,,,{minutesRemaining} minutes(s) left.,{minutesRemaining} minutes(s) left.,يتبقى {minutesRemaining} من الدقائق.,{minutesRemaining} Minuten(n) übrig.,{minutesRemaining} minuto(s) restante(s).,{minutesRemaining} minute(s) restante(s).,{minutesRemaining} मिनट बचे हैं.,{minutesRemaining} menit tersisa.,{minutesRemaining} minuti rimasti.,残り {minutesRemaining} 分。,{minutesRemaining}분 남았습니다.,Jeszcze {minutesRemaining} min.,{minutesRemaining} minuto(s) restante(s).,,เหลือ {minutesRemaining} นาที,{minutesRemaining} dakika kaldı.,Còn {minutesRemaining} phút.,剩余 {minutesRemaining} 分钟,剩余 {minutesRemaining} 分钟,還剩 {minutesRemaining} 分鐘。
Studio.AssetImporter.ImportQueue.AddFile,,,Add file...,Add file...,إضافة ملف...,Datei hinzufügen ...,Añadir archivo...,Ajouter le dossier...,फ़ाइल जोड़ें...,Tambahkan file...,Aggiungi file...,ファイルを追加...,파일 추가...,Dodaj plik...,Adicionar arquivo...,,เพิ่มไฟล์...,Dosya ekle...,Thêm tệp...,添加文件……,添加文件……,新增檔案……
Studio.AssetImporter.ImportQueue.ClearQueue,,,Clear queue,Clear queue,مسح قائمة الانتظار,Warteschlange leeren,Borrar cola,Vider la file d'attente,लाइन डिलीट करें,Hapus antrean,Elimina coda,キューを消す,대기열 지우기,Wyczyść kolejkę,Limpar fila,,เคลียร์คิว,Sırayı temizle,Xóa hàng đợi,清除队列,清除队列,清除佇列
Studio.AssetImporter.ImportQueue.StartQueue2,,,Start importing {filesImporting}/{totalFiles},Start importing {filesImporting}/{totalFiles},بدء الاستيراد {filesImporting}/{totalFiles},Import von {filesImporting}/{totalFiles} starten,Empezar a importar {filesImporting}/{totalFiles},Commencer à importer {filesImporting}/{totalFiles},{filesImporting}/{totalFiles} को इंपोर्ट करना शुरू करें,Mulai mengimpor {filesImporting}/{totalFiles},Inizia a importare {filesImporting}/{totalFiles},インポート開始 {filesImporting}/{totalFiles},가져오기 시작 {filesImporting}/{totalFiles},Rozpocznij importowanie {filesImporting}/{totalFiles},Começar a importar {filesImporting}/{totalFiles},,เริ่มการนำเข้า {filesImporting}/{totalFiles},İçe aktarımı başlat: {filesImporting}/{totalFiles},Bắt đầu nhập {filesImporting}/{totalFiles},开始导入 {filesImporting}/{totalFiles},开始导入 {filesImporting}/{totalFiles},開始匯入 {filesImporting} / {totalFiles}
Studio.AssetImporter.ImportQueue.StopQueue,,,Stop Import,Stop Import,إيقاف الاستيراد,Import stoppen,Dejar de importar,Arrêter l'importation,इंपोर्ट रोकें,Hentikan Impor,Interrompi importazione,インポート停止,가져오기 중지,Zatrzymaj importowanie,Parar de importar,,หยุดการนำเข้า,İçe aktarımı durdur,Dừng Nhập,停止导入,停止导入,停止匯入
Studio.AssetImporter.AssetImportTree.DescendantsContain2,,,Descendants contain {statusCount} {statusType},Descendants contain {statusCount} {statusType},تحتوي التوابع على {statusCount} {statusType},Untergeordnete Elemente enthalten {statusCount} {statusType},Los descendientes contienen {statusCount} {statusType},Les descendants contiennent {statusCount} {statusType},डिसेंडेंट्स में {statusCount} {statusType} शामिल हैं,Descendant berisi {statusCount} {statusType},Gli elementi discendenti contengono {statusCount} {statusType},子孫に {statusCount} {statusType} が含まれています,하위 항목에 {statusCount} {statusType} 포함,Elementy podrzędne zawierają: {statusCount} {statusType},Descendentes contém {statusCount} {statusType},,Descendant มี {statusCount} {statusType},Alt öğeler {statusCount} {statusType} içeriyor,Đối Tượng Hậu Duệ chứa {statusCount} {statusType},后代含有 {statusCount} 个{statusType},后代含有 {statusCount} 个{statusType},後代包含 {statusCount} 項{statusType}
Studio.AssetImporter.ImportQueue.RemoveFromQueue,,,Delete from queue,Delete from queue,حذف من قائمة الانتظار,Aus Warteschlange löschen,Eliminar de la cola,Supprimer de la liste d'attente,लाइन से डिलीट करें,Hapus dari antrean,Elimina dalla coda,キューから削除,대기열에서 삭제,Usuń z kolejki,Excluir da fila,,ลบจากคิว,Sıradan sil,Xóa khỏi hàng đợi,从队列中删除,从队列中删除,從佇列中刪除
Studio.AssetImporter.ImportQueue.Preset,,,Import Preset,Import Preset,استيراد الإعداد المسبق,Voreinstellung importieren,Importar preajustes,Importer un préréglage,प्रीसेट इंपोर्ट करें,Impor Preset,Importa predefinito,プリセットをインポート,사전 설정 가져오기,Importuj ustawienie wstępne,Importar predefinição,,นำเข้าการตั้งค่าล่วงหน้า,Ön Ayarları İçe Aktar,Nhập Cài Đặt Trước,导入预设,导入预设,匯入預設集
Studio.AssetImporter.ImportQueue.Asset,,,Asset,Asset,الأصل,Objekt,Recurso,Contenu,ऐसेट,Aset,Risorsa,アセット,애셋,Zasób,Ativo,,ทรัพยากร,Varlık,Tài Nguyên,素材,素材,素材
Studio.AssetImporter.ImportQueue.Path,,,File Path,File Path,مسار الملف,Dateipfad,Ruta del archivo,Chemin du fichier,फ़ाइल पाथ,Jalur File,Percorso file,ファイルパス,파일 경로,Ścieżka do pliku,Endereço do arquivo,,เส้นทางไฟล์,Dosya Yolu,Đường Dẫn Tệp,文件路径,文件路径,檔案路徑
Studio.AssetImporter.ImportQueue.Status,,,Status,Status,الحالة,Status,Estado,Statut,स्टेटस,Status,Stato,状況,상태,Status,Status,,สถานะ,Durum,Trạng Thái,状态,状态,狀態
Studio.AssetImporter.Plugin.Upload,,,Upload,Upload,رفع,Hochladen,Cargar,Télécharger,अपलोड करें,Upload,Carica,アップロード,업로드,Prześlij,Upload,,อัปโหลด,Yükle,Tải Lên,上传,上传,上傳
Studio.AssetImporter.ImportQueue.ParsingFiles,,,Parsing files...,Parsing files...,جارٍ تحليل الملفات...,Dateien werden analysiert ...,Analizando archivos...,Analyse des fichiers...,फ़ाइल पार्स की जा रही है...,Sedang melakukan parsing file ...,Analisi dei file...,ファイルを解析中...,파일 구문 분석 중...,Przetwarzanie plików...,Analisando arquivos...,,กำลังแยกไฟล์...,Dosyalar ayrıştırılıyor...,Đang phân tích tệp tin...,正在解析文件...,正在解析文件...,正在分析檔案...…
Studio.AssetImporter.Parse.WindowTitle,,,Opening,Opening,جارٍ الفتح,Öffnen,Abriendo,Ouverture,खोली जा रही है,Membuka,Apertura,開けています,여는 중,Otwieranie,Abrindo,,กำลังเปิด,Açılıyor,Đang mở,正在打开,正在打开,正在開啟
Studio.AssetImporter.Parse.Header,,,Opening Your File...,Opening Your File...,جارٍ فتح ملفك...,Datei wird geöffnet ...,Abriendo tu archivo...,Ouvrir ton fichier...,आपकी फ़ाइल खोली जा रही है...,Membuka Filemu ...,Apertura del file...,ファイルを開いています...,파일 여는 중...,Otwieranie pliku...,Abrindo seu arquivo...,,กำลังเปิดไฟล์ของคุณ...,Dosyan açılıyor...,Đang Mở Tệp Tin Của Bạn...,正在打开你的文件...,正在打开你的文件...,正在開啟您的檔案……
Studio.AssetImporter.Parse.Subheader,,,We're parsing your model. This might take a minute.,We're parsing your model. This might take a minute.,نقوم بتحليل النموذج. قد يستغرق هذا الأمر دقيقة.,Wir analysieren dein Modell. Dies kann einen Moment dauern.,Estamos analizando tu modelo. Puede tardar un minuto.,Nous analysons ton modèle. Cela peut prendre une minute.,हम आपके मॉडल को पार्स कर रहे हैं. इसमें एक मिनट लग सकता है.,Modelmu sedang kami parsing. Prosesnya mungkin butuh beberapa saat.,Stiamo analizzando il tuo modello. Potrebbe volerci fino a un minuto.,モデルを解析中です。少し時間がかかるかもしれません。,모델을 구문 분석하고 있습니다. 잠시 시간이 걸릴 수 있습니다.,Trwa przetwarzanie modelu. Może to chwilę potrwać.,Estamos analisando o seu modelo. Isso pode demorar um minuto.,,เรากำลังแยกโมเดลของคุณ ขั้นตอนนี้อาจใช้เวลาประมาณหนึ่งนาที,Modelini ayrıştırıyoruz. Bu biraz sürebilir.,Chúng tôi đang phân tích mô hình của bạn. Quá trình này có thể mất một phút.,我们正在解析你的模型。这可能需要一点时间。,我们正在解析你的模型。这可能需要一点时间。,正在分析您的模型。這可能需要一點時間。
Studio.AssetImporter.Statuses.NameExceedsCharacterLimitWarning,,,Name length exceeds 50 characters and will be truncated upon import.,Name length exceeds 50 characters and will be truncated upon import.,يتجاوز طول الاسم 50 حرفًا وسيتم اقتطاعه عند الاستيراد.,Der Name überschreitet 50 Zeichen und wird beim Import abgeschnitten.,La longitud del nombre supera los 50 caracteres y se truncará al importarlo.,La longueur du nom dépasse 50 caractères et sera tronquée lors de l'importation.,नाम की लंबाई 50 कैरेक्टर से ज़्यादा है और इंपोर्ट करने पर इसे छोटा कर दिया जाएगा.,Panjang nama melebihi 50 karakter dan akan terpotong ketika diimpor.,Il nome supera i 50 caratteri e verrà troncato al momento dell'importazione.,名前の長さが50文字を超えているため、インポート時に打ち切り誤差が起きます。,이름 길이가 50자를 초과하여 가져오기 시 이름이 잘립니다.,Długość nazwy przekracza 50 znaków i podczas importowania nazwa zostanie przycięta.,O nome excede 50 caracteres e será truncado na importação.,,ความยาวชื่อเกิน 50 อักขระ และจะถูกตัดทอนเมื่อนำเข้า,Ad uzunluğu 50 karakteri aştığı için içe aktarımda kesilecek.,Độ dài tên đã vượt quá 50 ký tự và sẽ bị cắt bớt khi nhập.,名称长度超过 50 个字符，导入时将被截断。,名称长度超过 50 个字符，导入时将被截断。,名稱長度超過 50 個字元，匯入時將會被截斷。
Studio.AssetImporter.Upload.CopyMeshId,,,Copy MeshIds,Copy MeshIds,نسخ معرفات الشبكة,MeshIds kopieren,Copiar MeshIds,Copier Meshlds,MeshIds कॉपी करें,Salin MeshId,Copia MeshIds,MeshIds をコピー,MeshId 복사,Skopiuj identyfikatory MeshId,Copiar MeshIds,,คัดลอก MeshIds,MeshId'leri kopyala,Sao Chép MeshIds,复制 MeshId,复制 MeshId,複製網格 ID
Studio.AssetImporter.Upload.ViewCreatorHub,,,Click here to configure your asset on the Creator Dashboard.,Click here to configure your asset on the Creator Dashboard.,اضغط هنا لتهيئة الأصل الخاص بك على لوحة تحليلات المصمّم.,"Klicke hier, um dein Objekt auf dem Creator Dashboard zu konfigurieren.",Haz clic aquí para configurar tu recurso en la Interfaz de creación.,Cliquer ici pour configurer ton contenu sur le tableau de bord Créateur.,"क्रिएटर डैशबोर्ड पर अपना ऐसेट कॉन्फ़िगर करने के लिए, यहाँ क्लिक करें.",Klik di sini untuk mengonfigurasi aset di Dasbor Kreator.,Fai clic qui per configurare la tua risorsa nella Dashboard Creatore.,クリエーターダッシュボードでアセットを設定するには、ここをクリックしてください。,여기를 클릭해 크리에이터 대시보드에서 애셋을 구성하세요.,"Kliknij tutaj, aby skonfigurować zasób na Panelu twórców",Clique aqui para configurar seu ativo no Painel do Criador.,,คลิกที่นี่เพื่อกําหนดค่าทรัพยากรบนแดชบอร์ดครีเอเตอร์ของคุณ,Varlığını Yaratıcı Panosu'nda yapılandırmak için buraya tıkla.,Nhấn vào đây để cấu hình tài nguyên của bạn trên Bảng Điều Khiển Nhà Sáng Tạo.,点按此处可在创作者中心配置你的素材。,点按此处可在创作者中心配置你的素材。,按下此處來設定您在創作者後台上的素材。
Studio.AssetImporter.Upload.CopyMeshIdTooltip,,,"Copies MeshIds to clipboard in the format of [rbxassetid://1, rbxassetid://2, etc].","Copies MeshIds to clipboard in the format of [rbxassetid://1, rbxassetid://2, etc].",يقوم بنسخ معرفات الشبكة إلى الحافظة بتنسيق [rbxassetid://1، rbxassetid://2، وغير ذلك].,"Kopiert MeshIds in die Zwischenablage im Format [rbxassetid://1, rbxassetid://2, etc].","Copia MeshIds al portapapeles en el formato de [rbxassetid://1, rbxassetid://2, etc].","Copie MeshIds dans le presse-papiers au format [rbxassetid://1, rbxassetid://2, etc].","क्लिपबोर्ड पर MeshIds को इस फ़ॉर्मैट में [rbxassetid://1, rbxassetid://2, etc] कॉपी करें.","Menyalin MeshId ke clipboard dalam format [rbxassetid://1, rbxassetid://2, etc].","Copia MeshIds negli appunti nel formato [rbxassetid://1, rbxassetid://2, ecc.].","MeshIds を [rbxassetid://1, rbxassetid://2, etc] のフォーマットでクリップボードにコピー。","클립보드에 [rbxassetid://1, rbxassetid://2 등] 형식으로 MeshId를 복사합니다.","Kopiuje identyfikatory MeshId do schowka w formacie [rbxassetid://1, rbxassetid://2 itd.].","Copia MeshIds para a área de transferência no formato [rbxassetid://1, rbxassetid://2, etc].",,"คัดลอก MeshIds ไปยังคลิปบอร์ดในรูปแบบ [rbxassetid://1, rbxassetid://2, ฯลฯ]","MeshId'leri panoya rbxassetid://1, rbxassetid://2 vb.] formatında kopyalar.","Sao chép MeshIds vào bộ nhớ tạm theo định dạng [rbxassetid://1, rbxassetid://2,...].","将 MeshId 以 [rbxassetid://1, rbxassetid://2, etc] 的格式复制到剪贴板。","将 MeshId 以 [rbxassetid://1, rbxassetid://2, etc] 的格式复制到剪贴板。",以 [rbxassetid://1、rbxassetid://2 等等] 格式將網格 ID 至複製剪貼簿。
Studio.AssetImporter.Upload.Retry,,,Reconfigure,Reconfigure,إعادة التهيئة,Neu konfigurieren,Reconfigurar,Reconfigurer,फिर से कॉन्फ़िगर करें,Konfigurasi Ulang,Riconfigura,再設定,재구성,Skonfiguruj ponownie,Reconfigurar,,กำหนดค่าใหม่,Yeniden yapılandır,Cấu Hình Lại,重新配置,重新配置,重新設定
Studio.AssetImporter.HttpError.DependenciesLimitExceeded,,,Dependent asset count of upload exceeds the {countLimit} asset limit.,Dependent asset count of upload exceeds the {countLimit} asset limit.,يتجاوز عدد الأصول التابعة للتحميل حد الأصول البالغ {countLimit}.,Die Anzahl der hochgeladenen abhängigen Objekte überschreitet das Objektlimit von {countLimit}.,El recuento de recursos dependientes de carga excede el límite de {countLimit} activos.,Le nombre de contenus dépendant de l'envoi dépasse la limite de contenus {countLimit}.,"अपलोड का डिपेंडेंट काउंट, {countLimit} की ऐसेट लिमिट से ज़्यादा है.",Jumlah aset terikat yang di-upload melebihi batas aset yang berjumlah {countLimit}.,Il numero di risorse dipendenti collegate al caricamento è superiore al limite di {countLimit}.,依存アセットのアップロード数が上限の{countLimit} 件を超えています。,업로드의 종속 애셋 수가 {countLimit}개 애셋 제한을 초과합니다.,Liczba przesyłanych zasobów zależnych przekracza limit zasobów wynoszący {countLimit}.,A contagem de ativos dependentes de upload excede o limite de ativos de {countLimit}.,,จำนวนทรัพยากรแบบพึ่งพาของการอัปโหลดเกินขีดจำกัดทรัพยากรที่ {countLimit},"Yüklemenin bağlı varlık sayısı, {countLimit} varlık sınırını aşıyor.",Số lượng tài nguyên phụ thuộc của nội dung tải lên vượt quá giới hạn tài nguyên {countLimit}.,上传的依赖素材数量超出了 {countLimit} 个素材的限制。,上传的依赖素材数量超出了 {countLimit} 个素材的限制。,上傳的相依素材計數超過 {countLimit} 個的限制。
Studio.AssetImporter.HttpError.ImageResolution,,,Image resolution is too high. Must be smaller than {pixelLimit} pixels in both dimensions.,Image resolution is too high. Must be smaller than {pixelLimit} pixels in both dimensions.,دقة الصورة عالية جدًا. يجب أن تكون أصغر من {pixelLimit} بكسل في كلا البُعدين.,Die Bildauflösung ist zu hoch. Sie muss in beiden Dimensionen kleiner als {pixelLimit} Pixel sein.,La resolución de la imagen es demasiado alta. Debe ser menor de {pixelLimit} píxeles en ambas dimensiones.,La résolution de l'image est trop élevée. Doit être plus petite que {pixelLimit} pixels dans les deux dimensions.,इमेज रिज़ॉल्यूशन बहुत ज़्यादा है. दोनों डाइमेंशन में {pixelLimit} पिक्सेल से छोटा होना चाहिए.,Resolusi gambar terlalu tinggi. Harus kurang dari {pixelLimit} piksel di kedua dimensi.,La risoluzione dell'immagine è troppo alta. Deve essere più inferiore a {pixelLimit} pixel in entrambe le dimensioni.,画像の解像度が高すぎます。縦横ともに {pixelLimit} ピクセル未満である必要があります。,이미지 해상도가 너무 높습니다. 가로 및 세로가 모두 {pixelLimit}픽셀보다 작아야 합니다.,Rozdzielczość obrazu jest za wysoka. Nie może przekraczać {pixelLimit} pikseli w obu wymiarach.,A resolução da imagem é muito alta. A imagem deve ser menor que {pixelLimit} pixels em ambas as dimensões.,,ความละเอียดภาพสูงเกินไป โดยจะต้องต่ำกว่า {pixelLimit} พิกเซลในทั้งแนวตั้งและแนวนอน,"Görüntü çözünürlüğü çok yüksek. En ve boy değerleri, {pixelLimit} piksel sınırını aşmamalıdır.",Độ phân giải hình ảnh quá cao. Phải nhỏ thấp {pixelLimit} pixel ở cả chiều dài lẫn chiều rộng.,图像分辨率过高。两个维度都必须小于 {pixelLimit} 像素。,图像分辨率过高。两个维度都必须小于 {pixelLimit} 像素。,圖像解析度過高。長寬都必須小於 {pixelLimit} 像素。
Studio.AssetImporter.ImportQueue.WindowTooltip,,,Open the Import Queue,Open the Import Queue,فتح قائمة انتظار الاستيراد,Öffne die Importwarteschlange,Abrir cola de importación,Ouvrir la file d’attente d’importation,इंपोर्ट लाइन खोलें,Buka Antrean Impor,Apri la coda di importazione,インポートキューを開く,대기열 가져오기 열기,Otwórz kolejkę importu,Abra a fila de importação,,เปิดคิวนำเข้า,İçe Aktarma Kuyruğunu Aç,Mở hàng chờ nhập dữ liệu,打开导入队列,打开导入队列,開啟匯入佇列
Studio.AssetImporter.Upload.ProgressDescription,,,"Currently uploading the following assets as part of ""{assetName}"":","Currently uploading the following assets as part of ""{assetName}"":",,"Derzeit werden die folgenden Objekte als Teil von ""{assetName}"" hochgeladen:","Subiendo actualmente los siguientes recursos como parte de ""{assetName}"":",Télécharger actuellement les contenus suivants dans le cadre de «{assetName}» :,"फ़िलहाल इन ऐसेट को ""{assetName}"" के तहत अपलोड किया जा रहा है :","Sedang meng-upload aset berikut sebagai bagian dari ""{assetName}"":","Attualmente stai caricando le seguenti risorse come parte di ""{assetName}"":",現在、「{assetName}」の一部として次のアセットをアップロード中。,현재 '{assetName}'의 일부로 다음 애셋을 업로드 중입니다,Trwa przesyłanie następujących zasobów stanowiących część „{assetName}”:,"Atualmente carregando os seguintes conteúdos como parte de""{assetName}"":",,"กำลังอัปโหลดทรัพยากรต่อไปนี้ในฐานะองค์ประกอบของ ""{assetName}"":","Şu anda aşağıdaki varlıklar ""{assetName}"" kapsamında yükleniyor:","Đang tải lên các tài sản sau đây như một phần của ""{assetName}"":",当前正在将以下素材作为“{assetName}”的一部分上传：,当前正在将以下素材作为“{assetName}”的一部分上传：,目前正在上傳以下素材，作為「{assetName}」的一部分：
Studio.AssetImporter.Upload.OperationId,,,Operation Id: {operationId},Operation Id: {operationId},,Vorgangs-ID: {operationId},ID de la operación: {operationId},Id. de l'opération : {operationId},ऑपरेशन Id: {operationId},ID Operasi: {operationId},ID operazione: {operationId},操作 ID: {operationId},작업 Id: {operationId},Identyfikator operacji: {operationId},ID da operação: {operationId},,ID การดำเนินการ: {operationId},İşlem Kimliği: {operationId},ID thao tác: {operationId} ,操作 ID：{operationId},操作 ID：{operationId},操作編號：{operationId}
Studio.AssetImporter.QuickImport.ActionText,,,Quick Import,Quick Import,,Schnellimport,Importación rápida,Importation rapide,क्विक इंपोर्ट,Impor Cepat,Importazione rapida,クイックインポート,빠른 내보내기,Szybki import,Importação rápida,,นำเข้าด่วน,Hızlı İçe Aktarma,Nhập nhanh,快速导入,快速导入,快速匯入
Studio.AssetImporter.QuickImport.Tooltip,,,Import a 3D file and insert it into workspace,Import a 3D file and insert it into workspace,,Eine 3D-Datei importieren und sie in den Arbeitsbereich einfügen,Importar un archivo 3D e insertarlo en el espacio de trabajo,Importer un fichier 3D et l'insérer dans l'espace de travail,3D फ़ाइल इंपोर्ट करें और उसे workspace में डालें,Impor file 3D dan masukkan ke workspace,Importa un file 3D e inseriscilo nell'area di lavoro,3Dファイルをインポートし、ワークスペースに挿入,3D 파일을 가져와 작업 공간에 넣으세요,Zaimportuj plik 3D i wstaw go do przestrzeni roboczej,Importar um arquivo 3D e inseri-lo no espaço de trabalho,,นำเข้าไฟล์ 3 มิติและแทรกลงใน Workspace,3B bir dosyayı içe aktar ve çalışma alanına ekle,Nhập tệp 3D và chèn vào không gian làm việc,导入 3D 文件并将其插入到工作间,导入 3D 文件并将其插入到工作间,匯入 3D 檔案，並將檔案插入工作區
Studio.AssetImporter.ImportQueue.StopParsing,,,Stop Parsing,Stop Parsing,,Parsen beenden,Dejar de analizar,Arrêter l'analyse,पार्सिंग रोकें,Berhenti Parsing,Interrompi analisi,構文解析を停止,구문 분석 중단,Zatrzymaj analizowanie,Parar a análise,,หยุดการแยกวิเคราะห์,Ayrıştırmayı Durdur,Dừng phân tích cú pháp,停止解析,停止解析,停止剖析
Studio.AssetImporter.Plugin.Retry,,,Retry,Retry,,Erneut versuchen,Reintentar,Réessayer,फिर से कोशिश करें,Coba Lagi,Riprova,やり直す,다시 시도,Spróbuj ponownie,Tentar novamente,,ลองอีกครั้ง,Tekrar dene,Thử lại,重试,重试,重試
Studio.AssetImporter.ParseError.CorruptedFile,,,File is corrupted.,File is corrupted.,,Die Datei ist beschädigt.,El archivo está dañado.,Fichier corrompu.,फ़ाइल करप्ट है.,File rusak.,Il file è danneggiato.,ファイルが破損しています。,파일이 손상되었습니다.,Plik jest uszkodzony.,O arquivo está corrompido.,,ไฟล์เสียหาย,Dosya bozuk.,Tệp bị hỏng.,文件已损坏。,文件已损坏。,檔案已損毀。
Studio.AssetImporter.Statuses.DuplicateTransferTargetWarning,,,"Duplicate TransferTarget mesh found. There must be exactly one mesh and one cage mesh prefixed with ""TransferTexture_""","Duplicate TransferTarget mesh found. There must be exactly one mesh and one cage mesh prefixed with ""TransferTexture_""",,"Doppeltes TransferTarget-Mesh gefunden. Es müssen genau ein Mesh und ein Cage-Mesh mit dem Präfix ""TransferTexture_"" bestehen","Se encontró un TransferTarget mesh duplicado. Debe haber exactamente un mesh y un cage mesh con el prefijo ""TransferTexture_"".","Maillage TransferTarget en double trouvé. Il doit y avoir exactement un maillage et un maillage de cage avec le préfixe par ""TransferTexture_""","डुप्लिकेट TransferTarget मेश मिला. ""TransferTexture_"" वाले प्रीफ़िक्स के साथ सिर्फ़ एक मेश और एक केज मेश होना चाहिए","Mesh TransferTarget duplikat ditemukan. Hanya boleh ada satu mesh dan satu cage mesh dengan awalan ""TransferTexture_""","È stato trovato un duplicato della mesh TransferTarget. Deve esserci solo una mesh e una mesh gabbia con denominazione ""TransferTexture_""",TransferTargetメッシュの複製が見つかりました。「TransferTexture_」の接頭辞が付いたメッシュとケージメッシュが1つずつ必要です,"중복된 TransferTarget 메시가 발견되었습니다. ""TransferTexture_""로 시작하는 정확히 한 개의 메시와 한 개의 케이지 메시가 있어야 합니다",Znaleziono zduplikowaną siatkę TransferTarget. Musi być dokładnie jedna siatka i jedna siatka klatki z przedrostkiem „TransferTexture_”,"Foi encontrada uma malha TransferTarget duplicada. Deve haver exatamente uma malha e uma malha de gaiola com o prefixo ""TransferTexture_""",,"พบเมช TransferTarget ที่ซ้ำกัน ต้องมีเมชและเมช Cage ที่ขึ้นต้นด้วย ""TransferTexture_"" อย่างละ 1 รายการเท่านั้น","Yinelenen TransferTarget mesh'i bulundu. ""TransferTexture_"" ile başlayan tam olarak bir mesh ve bir kafes mesh mevcut olmalıdır",Phát hiện lưới TransferTarget trùng lặp. Chỉ được có một lưới và một khung lưới có tiền tố “TransferTexture_”.,发现重复的 TransferTarget 网格。必须有一个网格和一个前缀为“TransferTexture_”的笼架网格,发现重复的 TransferTarget 网格。必须有一个网格和一个前缀为“TransferTexture_”的笼架网格,找到重複的 TransferTarget 網格。必須有一個網格和一個前置詞為「TransferTexture_」的圍籠網格
Studio.AssetImporter.Statuses.MissingTransferTargetWarning,,,TransferTexture mesh found without TransferTarget mesh and cage mesh,TransferTexture mesh found without TransferTarget mesh and cage mesh,,TransferTexture-Mesh ohne TransferTarget-Mesh und Cage-Mesh gefunden,Se encontró un TransferTexture mesh sin un TransferTarget mesh ni un cage mesh,Maillage TransferTexture trouvé sans maillage et maillage de cage TransferTarget,"TransferTexture मेश, TransferTarget मेश और केज मेश के बिना मिला",Mesh TransferTexture ditemukan tanpa mesh dan cage mesh TransferTarget,È stata trovata una mesh TransferTexture senza mesh e mesh gabbia TransferTarget,TransferTextureメッシュが、TransferTargetメッシュとケージメッシュなしで見つかりました,TransferTarget 메시 및 케이지 메시가 없는 TransferTexture 메시가 발견되었습니다,Znaleziono siatkę TransferTexture bez siatki TransferTarget i siatki klatki,Malha TransferTexture encontrada sem malha TransferTarget e malha de gaiola,,พบเมช TransferTexture โดยไม่มีเมช TransferTarget และเมช Cage,TransferTarget mesh ve kafes mesh olmadan TransferTexture mesh bulundu,Đã phát hiện lưới TransferTexture nhưng không có lưới hoặc khung lưới TransferTarget đi kèm,发现没有 TransferTarget 网格和笼架网格的 TransferTexture 网格,发现没有 TransferTarget 网格和笼架网格的 TransferTexture 网格,找到沒有 TransferTarget 網格和圍籠網格的 TransferTexture 網格
Studio.AssetImporter.Statuses.MissingTransferTextureWarning,,,TransferTarget found without any TransferTextures,TransferTarget found without any TransferTextures,,TransferTarget ohne TransferTextures gefunden,Se encontró un TransferTarget sin ningún TransferTexture,TransferTarget trouvé sans TransferTextures,TransferTarget बिना किसी TransferTextures के मिला,TransferTarget ditemukan tanpa TransferTextures,È stato trovato un elemento TransferTarget senza TransferTexture corrispondenti,TransferTargetが、TransferTexturesなしで見つかりました,TransferTextures가 없는 TransferTarget이 발견되었습니다,Znaleziono siatkę TransferTarget bez żadnych siatek TransferTexture,TransferTarget encontrada sem TransferTextures,,พบ TransferTarget โดยไม่มี TransferTextures,TransferTextures olmadan TransferTarget bulundu,Tìm thấy TransferTarget mà không có bất kỳ TransferTextures nào,发现没有任何 TransferTexture 的TransferTarget,发现没有任何 TransferTexture 的TransferTarget,找到沒有任何 TransferTextures 的 TransferTarget
Studio.AssetImporter.UploadConfirmation.Title,,,Would you like to import the selected files?,Would you like to import the selected files?,,Möchtest du die ausgewählten Dateien importieren?,¿Quieres importar los archivos seleccionados?,Voulez-vous importer les fichiers sélectionnés ?,क्या आपको चुनी गई फ़ाइलें इंपोर्ट करनी हैं?,Apakah kamu ingin mengimpor file yang dipilih?,Vuoi importare i file selezionati?,選択したファイルをインポートしますか？,선택한 파일을 가져올까요?,Czy chcesz zaimportować wybrane pliki?,Gostaria de importar os arquivos selecionados?,,คุณต้องการนำเข้าไฟล์ที่เลือกไว้หรือไม่?,Seçilen dosyaları içe aktarmak ister misin?,Bạn có muốn nhập các tệp đã chọn không?,是否要导入所选文件？,是否要导入所选文件？,要匯入所選檔案嗎？
Studio.AssetImporter.UploadConfirmation.Description,,,"By uploading this content, you certify that you have the rights to put this on Roblox and that the content does not infringe on anyone else's intellectual property rights.

You also allow this experience to use these assets.

You will not be charged for imports that fail due to not meeting import requirements.","By uploading this content, you certify that you have the rights to put this on Roblox and that the content does not infringe on anyone else's intellectual property rights.

You also allow this experience to use these assets.

You will not be charged for imports that fail due to not meeting import requirements.",,"Durch das Hochladen dieses Inhalts bestätigst du, dass du die Rechte hast, ihn auf Roblox zu veröffentlichen, und dass der Inhalt nicht die geistigen Eigentumsrechte anderer verletzt.

Du erlaubst auch, dass diese Experience diese Objekte verwendet.

Dir werden keine Gebühren für Importe berechnet, die aufgrund der Nichterfüllung der Importanforderungen fehlschlagen.","Al subir este contenido, confirmas que posees los derechos para publicarlo en Roblox y que no infringe los derechos de propiedad intelectual de otras personas.

También autorizas que esta experiencia use estos recursos.

No se te cobrará por las importaciones que no se completen debido a que no cumplen con los requisitos de importación.","En téléchargeant ce contenu, vous certifiez détenir les droits nécessaires pour le publier sur Roblox et garantissez qu'il ne porte pas atteinte aux droits de propriété intellectuelle de tiers.

Vous autorisez également cette expérience à utiliser ces ressources.

Aucun frais ne vous sera facturé pour les importations qui échouent en raison du non-respect des exigences d'importation.","इस कॉन्टेंट को अपलोड करके, आपने प्रमाणित किया है कि आपके पास इसे Roblox पर डालने का अधिकार है और यह कॉन्टेंट किसी और के बौद्धिक संपदा के अधिकारों का उल्लंघन नहीं करता है.

आपने इस एक्सपीरिएंस को इन ऐसेट के इस्तेमाल की अनुमति भी दी है.

इंपोर्ट से जुड़ी शर्तों को पूरा न कर पाने की वजह से नहीं हो पाने वाले इंपोर्ट के लिए आपसे शुल्क नहीं लिया जाएगा.","Dengan meng-upload konten ini, kamu menyatakan bahwa kamu berhak untuk menempatkannya di Roblox dan bahwa konten ini tidak melanggar hak kekayaan intelektual orang lain.

Kamu juga mengizinkan pengalaman virtual ini untuk menggunakan aset ini.

Kamu tidak akan dikenakan biaya untuk impor yang gagal karena tidak memenuhi persyaratan impor.","Caricando questo contenuto, certifichi di avere il diritto di metterlo su Roblox e che il contenuto non viola i diritti di proprietà intellettuale di qualcun altro.

Inoltre, autorizzi questa esperienza a utilizzare tali risorse.

Le importazioni che non vanno a buon fine perché non soddisfano i requisiti di importazione non ti verranno addebitate.","このコンテンツをアップロードすることで、あなたはこれをRobloxに掲載する権利を有し、コンテンツが他者の知的財産権を侵害していないことを保証するものとします。

また、このバーチャル空間でこれらのアセットを使用することも許可するものとします。

なお、インポート要件を満たしていないために完了できなかったインポートに対しては課金されません。","이 콘텐츠를 업로드하면, 해당 콘텐츠를 Roblox에 올릴 권한이 있으며 다른 사람의 지식 재산권을 침해하지 않음을 보증하는 것으로 간주됩니다.

또한 이 체험을 통해 이러한 자산을 사용할 수 있습니다.

가져오기 요구 사항을 충족하지 않아 가져오기가 실패한 경우 요금이 부과되지 않습니다.","Przesyłając tę treść, potwierdzasz, że masz prawo umieścić ją na platformie Roblox i że nie narusza ona niczyich praw własności intelektualnej.

Zezwalasz również na wykorzystanie tych zasobów w tym projekcie.

Za operacje importu, które nie powiodą się z powodu niespełnienia wymagań, nie zostanie pobrana opłata.","Ao enviar este conteúdo, você garante que tem os direitos de inseri-lo na Roblox e que o conteúdo não infringe os direitos de propriedade intelectual de ninguém.

Você também permite que esta experiência use esses ativos.

Você não receberá cobranças por importações que não forem bem-sucedidas devido ao não cumprimento dos requisitos de importação.",,"เมื่ออัปโหลดเนื้อหานี้ คุณรับรองว่าคุณมีสิทธิ์ลงเนื้อหานี้ใน Roblox และเนื้อหานี้ไม่ละเมิดสิทธิ์ในทรัพย์สินทางปัญญาของผู้อื่น

คุณยังอนุญาตให้ใช้เนื้อหาเหล่านี้ในประสบการณ์นี้ด้วย

คุณจะไม่ถูกเรียกเก็บเงินสำหรับการนำเข้าที่ไม่สำเร็จเนื่องจากไม่เป็นไปตามข้อกำหนดการนำเข้า","Bu içeriği yükleyerek Roblox'a ekleme hakkına sahip olduğunu ve içeriğin başka hiç kimsenin fikrî mülkiyet haklarını ihlal etmediğini onaylamış olursun.

Ayrıca bu deneyimin bu varlıkları kullanmasına da izin vermiş olursun.

İçe aktarma gerekliliklerini karşılamadığı için başarısız olan içe aktarma işlemleri için senden ücret alınmaz.","Bằng việc tải lên nội dung này, bạn xác nhận rằng mình có quyền đăng nội dung này lên Roblox và rằng nội dung đó không vi phạm quyền sở hữu trí tuệ của bất kỳ ai khác.

Bạn cũng cho phép trải nghiệm này sử dụng các tài sản đó.

Bạn sẽ không bị tính phí cho những lần nhập thất bại do không đáp ứng yêu cầu nhập.","上传此内容即表示你确认，你拥有在 Roblox 上发布该内容的合法权利，且该内容未侵犯他人的知识产权。

你同时允许此体验使用这些素材。

对于因不符合导入要求而导致导入失败的情况，你无需付费。","上传此内容即表示你确认，你拥有在 Roblox 上发布该内容的合法权利，且该内容未侵犯他人的知识产权。

你同时允许此体验使用这些素材。

对于因不符合导入要求而导致导入失败的情况，你无需付费。","上傳此內容即表示您確認自己有權將此內容放在 Roblox 上，且該內容不會侵犯他人的智慧財產權。

您也允許此體驗使用這些素材。

由於未符合匯入要求而導致匯入失敗，您將不會被收取費用。"
Studio.AssetImporter.UploadConfirmation.CancelButton,,,Cancel,Cancel,,Abbrechen,Cancelar,Annuler,कैंसिल करें,Batalkan,Annulla,キャンセル,취소,Anuluj,Cancelar,,ยกเลิก,İptal et,Hủy,取消,取消,取消
Studio.AssetImporter.UploadConfirmation.ContinueButton,,,Confirm,Confirm,,Bestätigen,Confirmar,Confirmer,कन्फ़र्म करें,Konfirmasi,Conferma,確認,확인,Potwierdź,Confirmar,,ยืนยัน,Onayla,Xác nhận,确认,确认,確認
Studio.AssetImporter.UploadConfirmation.AudioUploadLimit,,,You have {usage} of {capacity} audio uploads left per {duration},You have {usage} of {capacity} audio uploads left per {duration},,Du hast noch {usage} von {capacity} Audio-Uploads pro {duration},Te quedan {usage} de {capacity} cargas de audio disponibles por {duration},Il vous reste {usage} téléchargements audio sur {capacity} par période de {duration},"आपके पास हर {duration} में, {capacity} में से {usage} ऑडियो अपलोड बाकी हैं",Kamu memiliki {usage} dari {capacity} upload audio yang tersisa per {duration},Hai {usage} caricamenti audio di {capacity} rimasto/i per {duration},{duration}ごとに最大{capacity}回中あと{usage}回オーディオをアップロードできます,{duration}당 오디오 업로드 가능 횟수 {capacity}회 중 {usage}회 남았습니다,"Pozostał(o) {usage} z {capacity} plików audio, które zgodnie z limitem możesz przesłać na {duration}.",Você tem {usage} de {capacity} uploads de áudio restantes por {duration},,คุณเหลือสิทธิ์อัปโหลดเสียงอีก {usage} จาก {capacity} ครั้งต่อ {duration},Her {duration} için geçerli {capacity} ses yükleme hakkından {usage} kaldı,Bạn còn {usage} trong tổng số {capacity} lượt tải âm thanh lên mỗi {duration},你每{duration}可上传 {capacity} 次音频，还剩 {usage} 次,你每{duration}可上传 {capacity} 次音频，还剩 {usage} 次,還可上傳 {usage} 個音訊，每 {duration} 最多可上傳 {capacity} 個
Studio.AssetImporter.UploadConfirmation.VideoUploadLimit,,,You have {usage} of {capacity} video uploads left per {duration},You have {usage} of {capacity} video uploads left per {duration},,Du hast noch {usage} von {capacity} Video-Uploads pro {duration},Te quedan {usage} de {capacity} cargas de video disponibles por {duration},Il vous reste {usage} téléchargements vidéo sur {capacity} par période de {duration},"आपके पास हर {duration} में, {capacity} में से {usage} वीडियो अपलोड बाकी हैं",Kamu memiliki {usage} dari {capacity} upload video yang tersisa per {duration},Hai {usage} caricamenti video di {capacity} rimasto/i per {duration},{duration}ごとに最大{capacity}回中あと{usage}回ビデオをアップロードできます,{duration}당 영상 업로드 가능 횟수 {capacity}회 중 {usage}회 남았습니다,"Pozostał(o) {usage} z {capacity} filmów, które zgodnie z limitem możesz przesłać na {duration}.",Você tem {usage} de {capacity} uploads de vídeo restantes por {duration},,คุณเหลือสิทธิ์อัปโหลดวิดีโออีก {usage} จาก {capacity} ครั้งต่อ {duration},Her {duration} için geçerli {capacity} video yükleme hakkından {usage} kaldı,Bạn còn {usage} trong tổng số {capacity} lượt tải video lên mỗi {duration},你每{duration}可上传 {capacity} 次视频，还剩 {usage} 次,你每{duration}可上传 {capacity} 次视频，还剩 {usage} 次,還可上傳 {usage} 部影片，每 {duration} 最多可上傳 {capacity} 部
Studio.AssetImporter.UploadConfirmation.Name,,,Name,Name,,Name,Nombre,Nom,नाम,Nama,Nome,名前,이름,Nazwa,Nome,,ชื่อ,Ad,Tên,名称,名称,名稱
Studio.AssetImporter.UploadConfirmation.Fee,,,Upload Fee,Upload Fee,,Upload-Gebühr,Tarifa de carga,Frais de téléchargement,अपलोड करने का शुल्क,Biaya Upload,Commissione di caricamento,アップロード料金,업로드 비용,Opłata za przesłanie,Taxa de upload,,ค่าธรรมเนียมการอัปโหลด,Yükleme Ücreti,Phí tải lên,上传费用,上传费用,上傳費用
Studio.AssetImporter.UploadConfirmation.WindowTitle,,,File Import,File Import,,Dateiimport,Importar archivos,Importer un fichier,फ़ाइल इंपोर्ट,Impor File,Importazione file,ファイルのインポート,파일 가져오기,Import pliku,Importação de arquivo,,การนำเข้าไฟล์,Dosya İçe Aktarma,Nhập tệp,文件导入,文件导入,檔案匯入
Studio.AssetImporter.EnumItem.CustomHumanoid,,,Custom Humanoid,Custom Humanoid,,Benutzerdefinierter Humanoid,Humanoide personalizado,Humanoïde personnalisé,कस्टम ह्यूमनॉइड,Humanoid Kustom,Umanoide personalizzato,カスタムヒューマノイド,사용자 휴머노이드,Niestandardowy humanoid,Humanoide personalizado,,หุ่นคนแบบกำหนดเอง,Özel Humanoid,Humanoid tùy chỉnh,自定义人形,自定义人形,自訂人形
Studio.AssetImporter.UploadError.WindowTitle,,,File Import Error,File Import Error,,,,,फ़ाइल इंपोर्ट करने में गड़बड़ी हुई,,Errore importazione file,,,Błąd podczas importowania pliku,Erro ao importar arquivo,,เกิดข้อผิดพลาดในการนำเข้าไฟล์,Dosya İçe Aktarma Hatası,Lỗi nhập tệp,文件导入错误,文件导入错误,
Studio.AssetImporter.UploadError.Title,,,Errors occurred during import,Errors occurred during import,,,,,इंपोर्ट करते समय गड़बड़ी हुई,,Si sono verificati errori durante l'importazione,,,Podczas importowania wystąpiły błędy,Ocorreram erros durante a importação,,เกิดข้อผิดพลาดขณะนำเข้า,İçe aktarma sırasında hatalar oluştu,Đã xảy ra lỗi trong quá trình nhập,导入过程中发生错误,导入过程中发生错误,
Studio.AssetImporter.UploadError.ReconfigureButton,,,Reconfigure,Reconfigure,,,,,फिर से कॉन्फ़िगर करें,,Riconfigura,,,Skonfiguruj ponownie,Reconfigurar,,กำหนดค่าใหม่,Yeniden yapılandır,Điều chỉnh lại,重新配置,重新配置,
Studio.AssetImporter.UploadError.OkButton,,,Ok,Ok,,,,,ठीक है,,Ok,,,OK,Ok,,ตกลง,Tamam,OK,好的,好的,
