Key,Context,Example,Source,en-us,ar-001,de-de,es-es,fr-fr,hi-in,id-id,it-it,ja-jp,ko-kr,pl-pl,pt-br,ru-ru,th-th,tr-tr,vi-vn,zh-cjv,zh-cn,zh-tw
Studio.AnimationClipEditor.Plugin.Name,,,Animation Editor,Animation Editor,محرر الرسوم المتحركة,Animation-Editor,Editor de animación,Éditeur d'animation,ऐनिमेशन एडिटर,Editor Animasi,Editor animazioni,アニメーション編集,애니메이션 편집기,Edytor animacji,Editor de animação,Редактор анимации,เครื่องมือแก้ไขแอนิเมชัน,Animasyon Düzenleyici,Trình Chỉnh Sửa Hiệu Ứng Động,动画编辑器,动画编辑器,動畫編輯器
Studio.AnimationClipEditor.Plugin.Toolbar,,,Animations,Animations,الرسوم المتحركة,Animationen,Animaciones,Animations,ऐनिमेशंस,Animasi,Animazioni,アニメーション,애니메이션,Animacje,Animações,Анимация,แอนิเมชัน,Animasyonlar,Hiệu Ứng Động,动画,动画,動畫
Studio.AnimationClipEditor.Plugin.Button,,,Animation Editor,Animation Editor,محرر الرسوم المتحركة,Animation-Editor,Editor de animación,Editeur d'animation,ऐनिमेशन एडिटर,Editor Animasi,Editor animazioni,アニメーション編集,애니메이션 편집기,Edytor animacji,Editor de animação,Редактор анимации,เครื่องมือแก้ไขแอนิเมชัน,Animasyon Düzenleyici,Trình Chỉnh Sửa Hiệu Ứng Động,动画编辑器,动画编辑器,動畫編輯器
Studio.AnimationClipEditor.Plugin.Description,,,"Create, preview, and publish Animation clips","Create, preview, and publish Animation clips",إنشاء مقاطع متحركة ومعاينتها ونشرها,"Animationsclips erstellen, in der Vorschau anzeigen und veröffentlichen","Crea, previsualiza y publica clips de animación","Créer, prévisualiser et publier des clips d'animation","ऐनिमेशन क्लिप बनाएँ, प्रीव्यू करें और पब्लिश करें","Buat, preview, dan publikasikan klip Animasi","Crea, visualizza in anteprima e pubblica le clip delle animazioni",アニメーションクリップを作成、プレビュー、公開,"애니메이션 클립 만들기, 미리 보기 및 게시",Twórz i publikuj klipy animowane oraz wyświetlaj ich podglądy,"Criar, visualizar e publicar clips de animação","Создавайте, просматривайте и публикуйте анимационные клипы","สร้าง, ดูตัวอย่าง และเผยแพร่คลิปแอนิเมชัน","Animasyon klibi oluştur, ön izle ve yayınla","Tạo, xem trước và đăng các clip Hiệu Ứng Động",创建、预览和发布动画片段,创建、预览和发布动画片段,創作、預覽和發布動畫片段
Studio.AnimationClipEditor.ContextMenu.AddKeyframeHere,,,Add Keyframe Here,Add Keyframe Here,إضافة إطار رئيسي هنا,Keyframe hier hinzufügen,Añadir fotograma clave aquí,Ajouter des images-clés ici,यहाँ कीफ़्रेम जोड़ें,Tambahkan Keyframe di Sini,Aggiungi key frame qui,ここにキーフレームを追加,여기에 키프레임 추가,Dodaj klatkę kluczową tutaj,Adicionar keyframe aqui,Добавить сюда ключевой кадр,เพิ่มคีย์เฟรมที่นี่,Buraya anahtar kare ekle,Thêm Điểm Chốt Tại Đây,在此处添加关键帧,在此处添加关键帧,在此增加關鍵格
Studio.AnimationClipEditor.ContextMenu.AddResetKeyframe,,,Add Reset Keyframe Here,Add Reset Keyframe Here,إضافة إعادة تعيين الإطار الرئيسي هنا,Keyframe zurücksetzen hier hinzufügen,Añadir fotograma reiniciado aquí,Ajouter l'image-clé réinitialiser ici,यहाँ रीसेट कीफ़्रेम जोड़ें,Tambahkan Keyframe Reset di Sini,Aggiungi key frame di reset qui,ここにキーフレーム再設定を追加,여기에 재설정 키프레임 추가,Dodaj reset klatki kluczowej tutaj,Adicionar keyframe reiniciado aqui,Добавить сюда сброс ключевого кадра,เพิ่มคีย์เฟรมรีเซ็ตที่นี่,Buraya anahtar kare sıfırlama ekle,Thêm Điểm Chốt Đặt Lại Tại Đây,在此处添加重置关键帧,在此处添加重置关键帧,在此增加重置關鍵格
Studio.AnimationClipEditor.ContextMenu.AddKeyframe,,,Add Keyframe,Add Keyframe,إضافة إطار رئيسي,Keyframe hinzufügen,Añadir fotograma clave,Ajouter une image-clé,कीफ़्रेम जोड़ें,Tambahkan Keyframe,Aggiungi key frame,キーフレームを追加,키프레임 추가,Dodaj klatkę kluczową,Adicionar keyframe,Добавить ключевой кадр,เพิ่มคีย์เฟรม,Anahtar kare ekle,Thêm Điểm Chốt,添加关键帧,添加关键帧,增加關鍵格
Studio.AnimationClipEditor.ContextMenu.CutSelected,,,Cut Selected,Cut Selected,قطع المحدد,Auswahl ausschneiden,Cortar seleccionado,Couper Sélectionné,चुने हुए को कट करें,Potong Pilihan,Taglia selezionato,選択済みを切り抜き,선택 항목 잘라내기,Wytnij zaznaczone,Cortar seleção,Вырезать выбранное,ตัดที่เลือกไว้,Seçilenleri kes,Cắt Đối Tượng Đã Chọn,剪切选定项,剪切选定项,剪下選取項目
Studio.AnimationClipEditor.ContextMenu.CopySelected,,,Copy Selected,Copy Selected,نسخ المحدد,Auswahl kopieren,Copiar seleccionado,Copier Sélectionné,चुने हुए को कॉपी करें,Salin Pilihan,Copia selezionato,選択範囲をコピー,선택 항목 복사,Skopiuj zaznaczone,Copiar seleção,Копировать выбранное,คัดลอกที่เลือก,Seçilenleri kopyala,Sao Chép Đối Tượng Đã Chọn,复制选定项,复制选定项,複製選取項目
Studio.AnimationClipEditor.ContextMenu.PasteKeyframes,,,Paste Keyframes,Paste Keyframes,لصق الإطار الرئيسي,Keyframes einfügen,Pegar fotogramas clave,Copier image-clés,कीफ़्रेम पेस्ट करें,Tempel Keyframe,Incolla key frame,キーフレームを貼り付け,키프레임 붙여넣기,Wklej klatki kluczowe,Colar keyframes,Вставить ключевые кадры,วางคีย์เฟรม,Anahtar kare yapıştır,Dán Điểm Chốt,粘贴关键帧,粘贴关键帧,貼上關鍵格
Studio.AnimationClipEditor.ContextMenu.DeleteSelected,,,Delete Selected,Delete Selected,حذف المحدد,Auswahl löschen,Eliminar seleccionado,Supprimer Sélectionné,चुने हुए को डिलीट करें,Hapus Pilihan,Elimina selezionato,選択範囲を削除,선택 항목 삭제,Usuń zaznaczone,Apagar seleção,Удалить выбранное,ลบที่เลือกไว้,Seçilenleri sil,Xóa Đối Tượng Đã Chọn,删除选定项,删除选定项,刪除選取項目
Studio.AnimationClipEditor.ContextMenu.ResetSelected,,,Reset Selected,Reset Selected,إعادة تعيين المحدد,Auswahl zurücksetzen,Reiniciar seleccionado,Réinitialiser Sélectionné,चुने हुए को रीसेट करें,Reset Pilihan,Reimposta selezionato,選択範囲を再設定,선택 항목 재설정,Zresetuj zaznaczone,Reiniciar seleção,Сбросить выбранное,รีเซ็ตที่เลือกไว้,Seçilenleri sıfırla,Đặt Lại Đối Tượng Đã Chọn,重置选定项,重置选定项,重置選取項目
Studio.AnimationClipEditor.ContextMenu.CutEvents,,,Cut Selected,Cut Selected,قطع المحدد,Auswahl ausschneiden,Cortar seleccionado,Couper Sélectionné,चुने हुए को कट करें,Potong Pilihan,Taglia selezionato,選択済みを切り抜き,선택 항목 잘라내기,Wytnij zaznaczone,Cortar seleção,Вырезать выбранное,ตัดที่เลือกไว้,Seçilenleri kes,Cắt Đối Tượng Đã Chọn,剪切选定项,剪切选定项,剪下選取項目
Studio.AnimationClipEditor.ContextMenu.AddEvent,,,Add Animation Event Here,Add Animation Event Here,إضافة حدث رسوم متحركة هنا,Animationsereignis hier hinzufügen,Añadir evento de animación aquí,Ajouter un événement animation ici,ऐनिमेशन इवेंट यहाँ जोड़ें,Tambahkan Peristiwa Animasi di Sini,Aggiungi evento di animazione qui,ここにアニメーションイベントを追加,여기에 애니메이션 이벤트 추가,Dodaj zdarzenie animacji tutaj,Adicionar evento de animação aqui,Добавить сюда событие анимации,เพิ่มกิจกรรมแอนิเมชันที่นี่,Buraya animasyon olayı ekle,Thêm Sự Kiện Hiệu Ứng Động Tại Đây,在此处添加动画事件,在此处添加动画事件,在此增加動畫事件
Studio.AnimationClipEditor.ContextMenu.EditEvents,,,Edit Animation Event,Edit Animation Event,تحرير حدث الرسوم المتحركة,Animationsereignis bearbeiten,Editar evento de animación,Modifier un événement animation,ऐनिमेशन इवेंट एडिट करें,Edit Peristiwa Animasi,Modifica evento di animazione,アニメーションイベントを編集,애니메이션 이벤트 편집,Edytuj zdarzenie animacji,Editar evento de animação,Изменить событие анимации,แก้ไขกิจกรรมแอนิเมชัน,Animasyon olayını düzenle,Chỉnh Sửa Sự Kiện Hiệu Ứng Động,编辑动画事件,编辑动画事件,編輯動畫事件
Studio.AnimationClipEditor.ContextMenu.CopyEvents,,,Copy Selected,Copy Selected,نسخ المحدد,Auswahl kopieren,Copiar seleccionado,Copier Sélectionné,चुने हुए को कॉपी करें,Salin Pilihan,Copia selezionato,選択範囲をコピー,선택 항목 복사,Skopiuj zaznaczone,Copiar seleção,Копировать выбранное,คัดลอกที่เลือก,Seçilenleri kopyala,Sao Chép Đối Tượng Đã Chọn,复制选定项,复制选定项,複製選取項目
Studio.AnimationClipEditor.ContextMenu.PasteEvents,,,Paste Events,Paste Events,لصق الأحداث,Ereignisse einfügen,Pegar eventos,Évènements passés,इवेंट पेस्ट करें,Tempel Peristiwa,Incolla eventi,イベントを貼り付け,이벤트 붙여넣기,Wklej zdarzenia,Colar eventos,Вставить события,วางกิจกรรม,Olayları yapıştır,Dán Sự Kiện,粘贴事件,粘贴事件,貼上事件
Studio.AnimationClipEditor.ContextMenu.DeleteEvents,,,Delete Selected,Delete Selected,حذف المحدد,Auswahl löschen,Eliminar seleccionado,Supprimer Sélectionné,चुने हुए को डिलीट करें,Hapus Pilihan,Elimina selezionato,選択範囲を削除,선택 항목 삭제,Usuń zaznaczone,Apagar seleção,Удалить выбранное,ลบที่เลือกไว้,Seçilenleri sil,Xóa Đối Tượng Đã Chọn,删除选定项,删除选定项,刪除選取項目
Studio.AnimationClipEditor.ContextMenu.DeleteTrack,,,Delete Track,Delete Track,حذف المسار,Spur löschen,Eliminar pista,Supprimer une piste,ट्रैक डिलीट करें,Hapus Trek,Elimina traccia,トラックを削除,트랙 삭제,Usuń ścieżkę,Apagar trilha,Удалить отслеживание,ลบแทร็ก,Parçayı sil,Xóa Bài Hát,删除动画轨迹,删除动画轨迹,刪除影軌
Studio.AnimationClipEditor.ContextMenu.Undo,,,Undo,Undo,تراجع,Rückgängig,Deshacer,Défaire,पहले जैसा करें,Urungkan,Annulla,取り消す,실행 취소,Cofnij,Desfazer,Отменить,ยกเลิก,Geri al,Hoàn Tác,撤消,撤消,復原
Studio.AnimationClipEditor.ContextMenu.Redo,,,Redo,Redo,إعادة,Wiederholen,Rehacer,Refaire,फिर से करें,Ulangi,Ripeti,やり直す,다시 실행,Ponów,Refazer,Вернуть,ทำใหม่,Yinele,Làm Lại,重做,重做,重做
Studio.AnimationClipEditor.ContextMenu.SelectAll,,,Select All,Select All,تحديد الكل,Alles auswählen,Seleccionar todo,Tout sélectionner,सभी को चुनें,Pilih Semua,Seleziona tutto,すべて選択,모두 선택,Zaznacz wszystko,Selecionar tudo,Выбрать все,เลือกทั้งหมด,Tümünü seç,Chọn Tất Cả,全选,全选,全選
Studio.AnimationClipEditor.ContextMenu.DeselectAll,,,Deselect All,Deselect All,إلغاء تحديد الكل,Auswahl aufheben,Anular toda la selección,Tout désélectionner,सभी को चुने हुए से हटाएँ,Batalkan Semua Pilihan,Deseleziona tutto,選択をすべて解除,모두 선택 취소,Odznacz wszystko,Desfazer toda seleção,Отменить выбор всех объектов,ยกเลิกการเลือกทั้งหมด,Tüm seçimleri kaldır,Bỏ Chọn Tất Cả,取消全选,取消全选,取消全選
Studio.AnimationClipEditor.ContextMenu.TogglePlay,,,Toggle Play,Toggle Play,تبديل التشغيل,Wiedergabe umschalten,Alternar reproducción,Appuyer sur Play,'चलाएँ' बटन को टॉगल करें,Nyalakan/Matikan Pemutaran,Attiva/disattiva riproduzione,プレイを切りかえ,플레이 전환,Włącz/wyłącz opcję Zagraj,Alternar reprodução,Переключить воспроизведение,เปิด/ปิดการเล่น,Oynatmayı başlat/durdur,Phát/Tạm Dừng,切换播放,切换播放,切換播放狀態
Studio.AnimationClipEditor.ContextMenu.EditEventName,,,Edit Event Name,Edit Event Name,تغيير اسم الحدث,Ereignisname bearbeiten,Editar nombre del evento,Modifier le nom de l'événement,इवेंट का नाम एडिट करें,Edit Nama Peristiwa,Modifica nome evento,イベント名を編集,이벤트 이름 편집,Edytuj nazwę zdarzenia,Editar nome do evento,Изменить имя события,แก้ไขชื่อกิจกรรม,Olay adını düzenle,Chỉnh Sửa Tên Sự Kiện,编辑事件名称,编辑事件名称,編輯事件名稱
Studio.AnimationClipEditor.ContextMenu.DeleteAllSameEvents,,,Delete All Same Events,Delete All Same Events,حذف جميع الأحداث المتشابهة,Alle gleichen Ereignisse löschen,Eliminar todos los eventos repetidos,Supprimer tous les mêmes évènements,सभी समान इवेंट डिलीट करें,Hapus Semua Peristiwa yang Sama,Elimina tutti gli eventi uguali,すべての重複イベントを削除,동일한 이벤트 모두 삭제,Usuń wszystkie takie same zdarzenia,Apagar todos os eventos repetidos,Удалить такие же события,ลบกิจกรรมที่เหมือนกันทั้งหมด,Aynı tüm etkinlikleri sil,Xóa Tất Cả Các Sự Kiện Giống Nhau,删除全部重复事件,删除全部重复事件,刪除所有相同事件
Studio.AnimationClipEditor.ContextMenu.RenameKeyframe,,,Rename Key Keyframe,Rename Key Keyframe,إعادة تسمية مفتاح الإطار رئيسي,Schlüssel-Keyframe umbenennen,Renombrar clave del fotograma clave,Renommer l'image-clé Clé,"'की' (Key), 'की-फ़्रेम' का नाम बदलें",Ubah Nama Keyframe Penting,Rinomina key frame,主要なキーフレームの名前を変更,키 키프레임 이름 변경,Zmień nazwę klatki kluczowej,Renomear chave do keyframe,Переименовать ключевой кадр,เปลี่ยนชื่อคีย์เฟรมที่สำคัญ,Anahtar kare adını değiştir,Đổi Tên Điểm Chốt Chính,重命名重要关键帧,重命名重要关键帧,重新命名關鍵格
Studio.AnimationClipEditor.ContextMenu.ChangeDuration,,,Change Duration,Change Duration,تغيير المدة,Dauer ändern,Cambiar duración,Changer la durée,अवधि बदलें,Ubah Durasi,Modifica durata,期間を変更,지속 시간 변경,Zmień czas trwania,Mudar duração,Изменить продолжительность,เปลี่ยนระยะเวลา,Süreyi değiştir,Thay Đổi Thời Lượng,更改长度,更改长度,變更長度
Studio.AnimationClipEditor.ContextMenu.EasingStyle,,,Easing Style,Easing Style,أسلوب التيسير,Beschleunigungsstil,Estilo de aceleración,Style allégé,स्टाइल को आसान बनाया जा रहा है,Gaya Penghalusan,Stile di scorrimento,イージングの種類,감속/가속 스타일,Styl łagodzenia,Estilo de aceleração,Стиль упрощения,รูปแบบการเคลื่อนไหว,Hareket Tarzı,Phong Cách Mềm Mại,缓动风格,缓动风格,緩動風格
Studio.AnimationClipEditor.ContextMenu.EasingDirection,,,Easing Direction,Easing Direction,اتجاه التخفيف,Beschleunigungsrichtung,Dirección de aceleración,Direction allégée,निर्देशों को आसान बनाया जा रहा है,Arah Penghalusan,Direzione scorrimento,イージングの方向,감속/가속 방향,Kierunek łagodzenia,Direção de aceleração,Направление упрощения,ทิศทางการเคลื่อนไหว,Hareket Yönü,Hướng Chuyển Động Mềm Mại,缓动方向,缓动方向,緩動方向
Studio.AnimationClipEditor.IKMenu.DisableIK,,,Disable IK,Disable IK,تعطيل IK,IK deaktivieren,Desactivar cinemática inversa (IK),Désactiver IK (cinématique inverse),IK मोड बंद करें,Nonaktifkan IK,Disattiva IK,IKを無効化,IK 비활성화,Wyłącz kinematykę odwrotną,Desativar cinemática inversa (IK),Отключить обратную кинематику,ปิดใช้งาน IK,Ters kinematiği devre dışı bırak,Tắt IK,禁用 IK,禁用 IK,停用 IK
Studio.AnimationClipEditor.IKMenu.EnableIK,,,Enable IK,Enable IK,تمكين IK,IK aktivieren,Activar cinemática inversa (IK),Activer IK (cinématique inverse),IK मोड चालू करें,Aktifkan IK,Abilita IK,IKを有効化,IK 활성화,Włącz kinematykę odwrotną,Ativar cinemática inversa (IK),Включить обратную кинематику,เปิดใช้งาน IK,Ters kinematiği etkinleştir,Bật IK,启用 IK,启用 IK,啟用 IK
Studio.AnimationClipEditor.IKMenu.IKMode,,,IK Mode,IK Mode,وضع IK,IK-Modus,Modo cinemática inversa (IK),Mode IK (cinématique inverse),IK मोड,Mode IK,Modalità IK,IKモード,IK 모드,Tryb kinematyki odwrotnej,Modo cinemática inversa (IK),Режим обратной кинематики,โหมด IK,Ters Kinematik Modu,Chế Độ IK,IK 模式,IK 模式,IK 模式
Studio.AnimationClipEditor.IKMenu.BodyPart,,,Body Part,Body Part,جزء من الجسم,Körperteil,Parte del cuerpo,Partie du corps,बॉडी पार्ट,Bagian Tubuh,Parte del corpo,ボディパーツ,신체 파트,Część ciała,Parte do corpo,Часть тела,ส่วนประกอบร่างกาย,Vücut Parçası,Bộ Phận Cơ Thể,身体部件,身体部件,身體部位
Studio.AnimationClipEditor.IKMenu.FullBody,,,Full Body,Full Body,الجسم بالكامل,Ganzer Körper,Cuerpo entero,Corps entier,फ़ुल बॉडी,Seluruh Tubuh,Corpo intero,全体,전신,Całe ciało,Corpo inteiro,Все тело,เต็มตัว,Tüm Vücut,Toàn Thân,全体,全体,全身
Studio.AnimationClipEditor.IKMenu.ShowTreeview,,,Show Treeview,Show Treeview,عرض شجري,Baumansicht anzeigen,Mostrar Vista de árbol,Afficher l'arborescence,ट्रीव्यू दिखाएँ,Tampilkan Treeview,Mostra visualizzazione ad albero,ツリービューを表示,트리뷰 표시,Pokaż widok drzewa,Mostra vista de árvore,Показать Дерево выбора,แสดง Treeview,Ağaç görünümünü göster,Hiển Thị Cấu Trúc Cây,显示树状图,显示树状图,顯示樹狀檢視
Studio.AnimationClipEditor.IKMenu.Prompt,,,Enable IK to start animating with IK constraints,Enable IK to start animating with IK constraints,تمكين IK لبدء بتصميم رسوم متحركة مع قيود IK,"IK aktivieren, um mit IK-Beschränkungen zu animieren",Activar cinemática inversa (IK) para animar con restricciones de cinemática inversa (IK),Permettre à IK (cinématique inverse) de commencer à animer avec des contraintes IK (cinématique inverse),"IK कंस्ट्रेंट के साथ ऐनिमेटिंग शुरू करने के लिए, IK मोड चालू करें",Aktifkan IK untuk mulai membuat animasi dengan constraint IK,Abilita IK per iniziare ad animare con vincoli IK,IK拘束でアニメ化を開始するにはIK（逆運動）を有効化,IK를 활성화하여 IK 제약으로 애니메이션화 시작,"Włącz kinematykę odwrotną, aby rozpocząć animację z ograniczeniami IK",Ativar cinemática inversa (IK) para animar com restrições de cinemática inversa (IK),"Включить обратную кинематику, чтобы начать анимацию с ограничениями ОК",เปิดใช้งาน IK เพื่อเริ่มการเคลื่อนไหวด้วยข้อจำกัด IK,Ters kinematik kısıtlamalarıyla animasyon yapmaya başlamak için ters kinematiği etkinleştir,Bật IK để bắt đầu tạo hiệu ứng động với các ràng buộc IK,启用 IK 以开始创建使用 IK 约束的动画,启用 IK 以开始创建使用 IK 约束的动画,若要使用 IK 限制創作動畫，請啟用 IK 模式
Studio.AnimationClipEditor.DropdownMenu.CreateNewClip,,,Create New Clip,Create New Clip,إنشاء مقطع جديد,Neuen Clip erstellen,Crear clip nuevo,Créer un nouveau clip,नया क्लिप क्रिएट करें,Buat Klip Baru,Crea nuova clip,新しいクリップを作成,새 클립 만들기,Utwórz nowy klip,Criar novo clip,Создать новый клип,สร้างคลิปใหม่,Yeni klip oluştur,Tạo Clip Mới,创建新片段,创建新片段,創作新片段
Studio.AnimationClipEditor.Title.AnimationEvents,,,Animation Events,Animation Events,أحداث الرسوم المتحركة,Animationsereignisse,Eventos de animación,Événements d'animation,ऐनिमेशन इवेंट्स,Peristiwa Animasi,Eventi di animazione,アニメーションイベント,애니메이션 이벤트,Zdarzenia animacji,eventos de animação,События анимации,กิจกรรมแอนิเมชัน,Animasyon olayları,Sự Kiện Hiệu Ứng Động,动画事件,动画事件,動襪事件
Studio.AnimationClipEditor.Title.EditEvents,,,Edit Animation Events,Edit Animation Events,تحرير أحادث الرسوم المتحركة,Animationsereignisse bearbeiten,Editar eventos de animación,Modifier des événements animation,ऐनिमेशन इवेंट एडिट करें,Edit Peristiwa Animasi,Modifica eventi di animazione,アニメーションイベントを編集,애니메이션 이벤트 편집,Edytuj zdarzenia animacji,Editar eventos de animação,Изменить события анимации,แก้ไขกิจกรรมแอนิเมชัน,Animasyon olaylarını düzenle,Chỉnh Sửa Sự Kiện Hiệu Ứng Động,编辑动画事件,编辑动画事件,編輯動畫事件
Studio.AnimationClipEditor.Title.EventName,,,Event Name,Event Name,اسم الحدث,Ereignisname,Nombre del evento,Nom de l'événement,इवेंट का नाम,Nama Peristiwa,Nome evento,イベント名,이벤트 이름,Nazwa zdarzenia,Nome do evento,Название события,ชื่อกิจกรรม,Olay adı,Tên Sự Kiện,事件名称,事件名称,事件名稱
Studio.AnimationClipEditor.Title.Parameter,,,Parameter,Parameter,المعلمة,Parameter,Parámetro,Paramètre,पैरामीटर,Parameter,Parametro,パラメータ,매개 변수,Parametr,Parâmetro,Параметр,พารามิเตอร์,Parametre,Tham Số,参数,参数,參數
Studio.AnimationClipEditor.Title.AddEvent,,,Add Event,Add Event,إضافة حدث,Ereignis hinzufügen,Añadir evento,Ajouter un événement,इवेंट जोड़ें,Tambahkan Peristiwa,Aggiungi evento,イベントを追加,이벤트 추가,Dodaj zdarzenie,Adicionar evento,Добавить событие,เพิ่มกิจกรรม,Olay ekle,Thêm Sự Kiện,添加事件,添加事件,新增事件
Studio.AnimationClipEditor.Title.Error,,,Error,Error,خطأ,Fehler,Error,Erreur,गड़बड़ी,Eror,Errore,エラー,오류,Błąd,Erro,Ошибка,เกิดข้อผิดพลาด,Hata,Lỗi,错误,错误,錯誤
Studio.AnimationClipEditor.Title.CreateNew,,,Create New Animation,Create New Animation,إنشاء رسم متحرك جديد,Neue Animation erstellen,Crear animación nueva,Créer une nouvelle animation,नया ऐनिमेशन क्रिएट करें,Buat Animasi Baru,Crea una nuova animazione,新しいアニメーションを作成,새 애니메이션 만들기,Utwórz nową animację,Criar nova animação,Создать новую анимацию,สร้างแอนิเมชันใหม่,Yeni animasyon oluştur,Tạo Hiệu Ứng Động Mới,创建新动画,创建新动画,創作新動畫
Studio.AnimationClipEditor.Title.SaveAsNew,,,Save As New Animation,Save As New Animation,حفظ كرسم متحرك جديد,Als neue Animation speichern,Guardar como animación nueva,Sauvegarder comme une nouvelle animation,नए ऐनिमेशन के रूप में सेव करें,Simpan Sebagai Animasi Baru,Salva come nuova animazione,新しいアニメーションとして保存,새 애니메이션으로 저장,Zapisz jako nową animację,Salvar como nova animação,Сохранить как новую анимацию,บันทึกเป็นแอนิเมชันใหม่,Yeni animasyon olarak kaydet,Lưu Dưới Dạng Hiệu Ứng Động Mới,另存为新动画,另存为新动画,另存新動畫
Studio.AnimationClipEditor.Title.ConfirmSave,,,Do you want to save this animation file?,Do you want to save this animation file?,هل تريد حفظ ملف الرسوم المتحركة هذا؟,Möchtest du diese Animationsdatei speichern?,¿Quieres guardar este archivo de animación?,Voulez-vous sauvegarder ce fichier d'animation ?,इस ऐनिमेशन फ़ाइल को सेव करना है?,Kamu ingin menyimpan file animasi ini?,Vuoi salvare questo file di animazione?,このアニメーションファイルを保存しますか？,이 애니메이션 파일을 저장할까요?,Czy chcesz zapisać ten plik animacji?,Salvar arquivo de animação?,Сохранить файл этой анимации?,คุณต้องการบันทึกไฟล์แอนิเมชันนี้หรือไม่?,Animasyon dosyasını kaydetmek istiyor musun?,Bạn có muốn lưu tệp hiệu ứng động này không?,是否保存此动画文件?,是否保存此动画文件?,要儲存此動畫檔案嗎？
Studio.AnimationClipEditor.Title.SelectARig,,,Select a rig to animate or create a new rig by selecting Rig Builder under the Avatar tab,Select a rig to animate or create a new rig by selecting Rig Builder under the Avatar tab,حدد rigلتحريك rig جديد أو إنشاء واحد جديد عن طريق اختيار Rig Builder تحت علامة التبويب الأفاتار,"Wähle ein Rig für die Animation aus oder erstelle ein neues Rig, indem du Rig Builder unter der Registerkarte ""Avatar"" auswählst",Selecciona un rig para animar o crea un rig nuevo eligiendo Constructor de rig en la pestaña Avatar,Sélectionner un rig pour animer ou créer un nouveau rig en sélectionnant le Rig Builder dans l'onglet Avatar,"अवतार टैब के तहत रिग बिल्डर को सिलेक्ट करके, ऐनिमेट करने या एक नया रिग बनाने के लिए एक रिग चुनें",Pilih rig untuk menganimasikan atau membuat rig baru dengan memilih Perakit Rig di tab Avatar,Seleziona un rig per animare o creare un nuovo rig selezionando Rig Builder nella scheda Avatar,アニメ化するにはリグを選択するか、アバタータブの下にあるリグビルダーを選択して新しいリグを作成,애니메이션화할 리그를 선택하거나 아바타 탭에서 리그 빌더를 선택해 새 리그를 만드세요.,"Zaznacz szkielet, aby go animować, lub utwórz nowy szkielet, wybierając Tworzenie szkieletów na karcie Awatar",Selecionar um rig para animar ou criar novo rig selecionando Construir rig na aba Avatar,Выберите скелетную анимацию,เลือก Rig เพื่อสร้างการเคลื่อนไหว หรือสร้าง Rig ใหม่โดยการเลือกเครื่องมือสร้าง Rig ใต้แท็บอวาตาร์,Animasyon yapılacak bir düzenek seç ya da Avatar sekmesinde Düzenek Yapıcı kullanarak yeni düzenek oluştur,Chọn một khung xương để tạo hiệu ứng động hoặc tạo một khung xương mới bằng cách chọn Trình Tạo Khung Xương trong thẻ Avatar,选择一个要制作动画的骨架，或选择“虚拟形象”标签页下的“建造骨架”来新建骨架。,选择一个要制作动画的骨架，或选择“虚拟形象”标签页下的“建造骨架”来新建骨架。,選擇要製作動畫的骨架，或使用虛擬人偶標籤底下的「骨架建造器」選項建立新的骨架
Studio.AnimationClipEditor.Title.CreateToStart,,,Create an animation to start,Create an animation to start,إنشاء رسم متحرك للبدء,Eine Animation zum Starten erstellen,Crear una animación para comenzar,Créer une animation pour commencer,शुरू करने के लिए ऐनिमेशन क्रिएट करें,Buat animasi untuk memulai,Crea un'animazione per iniziare,開始するにはアニメーションを作成,애니메이션을 만들어 시작하세요,"Utwórz animację, aby rozpocząć",Crie uma animação para começar,"Чтобы начать, создайте анимацию",สร้างแอนิเมชันเพื่อเริ่มต้น,Başlamak için bir animasyon oluştur,Tạo một hiệu ứng động để bắt đầu,创建动画后即可开始,创建动画后即可开始,創作動畫後即可開始
Studio.AnimationClipEditor.Title.ClickToContinue,,,Click here to continue using the Animation Editor,Click here to continue using the Animation Editor,انقر هنا للاستمرار في استخدام محرر الرسوم المتحركة,"Klicke hier, um den Animation-Editor weiterhin zu verwenden",Hacer clic aquí para seguir usando el Editor de animación,Cliquer ici pour continuer à utiliser l'Éditeur Animation,"ऐनिमेशन एडिटर का इस्तेमाल जारी रखने के लिए, यहाँ क्लिक करें",Klik di sini untuk terus menggunakan Editor Animasi,Clicca qui per continuare a usare l'Editor animazioni,アニメーション編集を使用し続けるには、ここをクリック,애니메이션 편집기를 계속 사용하려면 여기를 클릭하세요,"Kliknij tutaj, aby nadal korzystać z edytora animacji",Clique aqui para continuar usando o Editor de animação,"Щелкните здесь, чтобы продолжить использовать Редактор анимации",คลิกที่นี่เพื่อใช้เครื่องมือแก้ไขแอนิเมชันต่อ,Animasyon Düzenleyici ile devam etmek için buraya tıkla,Nhấp vào đây để tiếp tục sử dụng Trình Chỉnh Sửa Hiệu Ứng Động,单击此处以继续使用动画编辑器,单击此处以继续使用动画编辑器,按此繼續使用動畫編輯器
Studio.AnimationClipEditor.Title.NoAnimationExists,,,"No animation exists for {1}, please create one to start animating","No animation exists for {1}, please create one to start animating",لا توجد رسوم متحركة لـ {1}، يرجى البدء بإنشاء رسم متحرك,"Keine Animation für {1} vorhanden; bitte erstelle eine, um mit der Animation zu starten",No hay animaciones para {1}. Crea una nueva para comenzar a animar,"Aucune animation existe pour {1}, veuillez en créer une pour commencer une animation","{1} के लिए कोई ऐनिमेशन मौजूद नहीं है, कृपया ऐनिमेशन शुरू करने के लिए कोई ऐनिमेशन बनाएँ",Tidak ada animasi untuk {1}. Buat animasi untuk memulai kreasi animasi,Non esiste alcuna animazione per {1}; creane una per iniziare ad animare,{1} にはアニメーションがありません。アニメ化を開始するには1つ作成してください,{1}에 대한 애니메이션이 없습니다. 애니메이션화하려면 새로 만드세요,"Brak animacji dla: {1}. Utwórz animację, aby rozpocząć animowanie.","Não existem animações para {1}, crie uma para começar a animar","{1}: анимации не существует, для воспроизведения создайте новую",ไม่มีแอนิเมชันสำหรับ {1} อยู่ โปรดสร้างหนึ่งรายการเพื่อเริ่มการเคลื่อนไหว,"{1} için animasyon bulunamadı, başlamak için lütfen bir animasyon oluştur","Không có hiệu ứng động nào cho {1}, vui lòng tạo một hiệu ứng động để bắt đầu hoạt họa",不存在可用于 {1} 的动画，请为其创建新的动画,不存在可用于 {1} 的动画，请为其创建新的动画,沒有 {1} 的動畫，請直接創作動畫
Studio.AnimationClipEditor.Title.ChangeDuration,,,Change Duration,Change Duration,تغيير المدة,Dauer ändern,Cambiar duración,Changer la durée,अवधि बदलें,Ubah Durasi,Modifica durata,期間を変更,지속 시간 변경,Zmień czas trwania,Mudar duração,Изменить продолжительность,เปลี่ยนระยะเวลา,Süreyi değiştir,Thay Đổi Thời Lượng,更改时长,更改时长,變更長度
Studio.AnimationClipEditor.Title.NewDuration,,,New Duration,New Duration,مدة جديدة,Neue Dauer,Nueva duración,Nouvelle durée,नई अवधि,Durasi Baru,Nuova durata,新しい期間,새 지속 시간,Nowy czas trwania,Nova duração,Новая продолжительность,ระยะเวลาใหม่,Yeni süre,Thời Lượng Mới,新的时长,新的时长,新長度
Studio.AnimationClipEditor.Title.CurrentDuration,,,Current duration is {1:int} frames,Current duration is {1:int} frames,المدة الحالية هي {1:int} إطار,Aktuelle Dauer ist {1:int} Bilder,La duración actual es de {1:int} fotogramas,La durée actuelle est {1:int} images,मौजूदा अवधि {1:int} फ़्रेम की है,Durasi saat ini adalah {1:int} frame,La durata attuale è di {1:int} frame,現在の長さは {1:int} フレームです,현재 지속 시간은 {1:int} 프레임입니다,Bieżący czas trwania to {1:int} kl.,A duração atual é de {1:int} quadros,Текущая продолжительность - {1:int} кадров,ระยะเวลาปัจจุบันคือ {1:int} เฟรม,Mevcut süre {1:int} kare,Thời lượng hiện tại là {1:int} khung hình,当前时长为 {1:int} 帧,当前时长为 {1:int} 帧,目前長度為 {1:int} 影格
Studio.AnimationClipEditor.Title.ManageIK,,,Manage IK,Manage IK,إدارة IK,IK verwalten,Gestionar cinemática inversa (IK),Gérer IK,IK मोड मैनेज करें,Kelola IK,Gestisci IK,IKを管理,IK 관리,Zarządzaj kinematyką odwrotną,Gerenciar cinemática inversa (IK),Управление ОК,จัดการ IK,Ters kinematiği yönet,Quản Lý IK,管理 IK,管理 IK,管理 IK
Studio.AnimationClipEditor.Title.IK,,,IK,IK,IK,IK,IK,Cinématique inverse (IK),IK,IK,IK,IK,역운동학(IK),Kinematyka odwrotna,Cinemática inversa (IK),Обратная кинематика,IK,Ters Kinematik,IK,反向运动（IK）,反向运动（IK）,逆向運動（IK）
Studio.AnimationClipEditor.Title.CustomFPS,,,Custom Frame Rate [FPS],Custom Frame Rate [FPS],معدل الإطار المخصص [FPS],Benutzerdefinierte Bildrate [FPS],Velocidad personalizada del fotograma [FPS],Taux personnalisé d'images [FPS],कस्टम फ़्रेम रेट [FPS],Frame Rate Kustom [FPS],Framerate personalizzato [FPS],カスタムフレームレート [FPS],사용자 정의 프레임 속도 [FPS],Niestandardowa szybkość klatek [KL./S],Velocidade de quadros personalizada [FPS],Пользовательская частота кадров [FPS],กำหนดอัตราเฟรม [FPS],Özel kare hızı [FPS],Tốc Độ Khung Hình Tùy Chỉnh [FPS],自定义帧速率 [FPS],自定义帧速率 [FPS],自訂影格率 [FPS]
Studio.AnimationClipEditor.Title.MinFPS,,,Minimum frame rate is 1 fps,Minimum frame rate is 1 fps,الحد الأدنى لمعدل الإطار هو إطار واحد في الثانية,Minimale Bildrate ist 1 fps,La velocidad mínima del fotograma es de 1 fps,Le taux minimum d'images est 1 image par seconde,मीनिमम फ़्रेम रेट 1 fps है,Frame rate minimum adalah 1 fps,Framerate minimo: 1 fps,最小フレームレートは 1 fps,최소 프레임 속도는 1fps입니다,Minimalna szybkość klatek to 1 kl./s,O mínimo de quadros por segundo é 1 fps,Минимальная частота - 1 fps,อัตราเฟรมต่ำสุดคือ 1 fps,Minimum kare hızı 1 fps,Tốc độ khung hình tối thiểu là 1 fps,最小帧速率为1 fps,最小帧速率为1 fps,最小影格率為 1 fps
Studio.AnimationClipEditor.Title.MaxFPS,,,Maximum frame rate is 120 fps,Maximum frame rate is 120 fps,الحد الأقصى لمعدل الإطار هو 120 إطارًا في الثانية,Maximale Bildrate ist 120 fps,La velocidad máxima del fotograma es de 120 fps,Le taux maximum d'images est de 120 images par seconde,मैक्सिमम फ़्रेम रेट 120 fps है,Frame rate maksimum adalah 120 fps,Framerate massimo: 120 fps,最大フレームレートは 120 fps,최대 프레임 속도는 120fps입니다,Maksymalna szybkość klatek to 120 kl./s,O máximo de quadros por segundo é de 120 fps,Максимальная частота - 120 fps,อัตราเฟรมสูงสุดคือ 120 fps,Maksimum kare hızı 120 fps,Tốc độ khung hình tối đa là 120 fps,最大帧速率为120 fps,最大帧速率为120 fps,最大影格率為 120 fps
Studio.AnimationClipEditor.Settings.SnapToKeys,,,Snap To Keys,Snap To Keys,سحب إلى المفاتيح,An Schlüssel einrasten,Ajustar a las claves,Clipper aux clés,स्नैप टू की (key),Snap Ke Kunci,Aderisci alle chiavi,キーに装着,키에 맞추기,Przyciągaj do kluczy,Encaixar às chaves,Привязать к ключам,Snap to Keys,Anahtarlara tuttur,Chụp Điểm Chốt,对齐至关键点,对齐至关键点,對齊到關鍵點
Studio.AnimationClipEditor.Settings.ShowEvents,,,Show Animation Events,Show Animation Events,إظهار أحداث الحركات,Animationsereignisse anzeigen,Mostrar eventos de animación,Afficher les événements d'animation,ऐनिमेशन इवेंट्स दिखाएँ,Tampilkan Peristiwa Animasi,Mostra eventi di animazione,アニメーションイベントを表示,애니메이션 이벤트 표시,Pokaż zdarzenia animacji,Mostrar eventos de animação,Показать события анимации,แสดงกิจกรรมแอนิเมชัน,Animasyon olaylarını göster,Hiển Thị Sự Kiện Hiệu Ứng Động,显示动画事件,显示动画事件,顯示動畫事件
Studio.AnimationClipEditor.Settings.TimelineUnit,,,Timeline Unit,Timeline Unit,وحدة الخط الزمني,Zeitleisteneinheit,Unidad de línea de tiempo,Images,टाइमलाइन यूनिट,Unit Garis Waktu,Unità timeline,タイムライン単位,타임라인 단위,Jednostka osi czasu,Unidade da linha do tempo,Ед.измерения шкалы времени,หน่วยไทม์ไลน์,Zaman çizelgesi birimi,Đơn Vị Dòng Thời Gian,时间轴单位,时间轴单位,時間軸單位
Studio.AnimationClipEditor.Settings.Seconds,,,Seconds:Frames,Seconds:Frames,ثوان:إطارات,Sekunden:Bilder,Segundos: Fotogramas,Taux d'images,सेकंड : फ़्रेम,Seconds:Frames,Secondi:frame,秒:フレーム,초:프레임,Sekundy:Klatki,Segundos: Quadros,Секунды:Кадры,วินาที:เฟรม,Saniye:Kare,Giây:Khung Hình,秒：帧,秒：帧,秒：影格
Studio.AnimationClipEditor.Settings.Frames,,,Frames,Frames,إطارات,Bilder,Fotogramas,Images,फ़्रेम,Frame,Frame,フレーム,프레임,Klatki,Quadros,Кадры,เฟรม,Kare,Khung Hình,帧,帧,影格
Studio.AnimationClipEditor.Settings.FrameRate,,,Frame Rate,Frame Rate,معدل الإطار,Bildrate,Velocidad del fotograma,Taux d'images,फ़्रेम रेट,Frame Rate,Framerate,フレームレート,프레임 속도,Szybkość klatek,Velocidade dos quadros,Частота кадров,อัตราเฟรม,Kare hızı,Tốc Độ Khung Hình,帧速率,帧速率,影格率
Studio.AnimationClipEditor.Settings.CustomFPS,,,Custom,Custom,مخصص,Benutzerdefiniert,Personalizar,Personnaliser,कस्टम,Kustom,Personalizzato,カスタム,사용자 정의,Niestandardowa,Personalizar,Пользовательская,กำหนด,Özel,Tùy Chỉnh,自定义,自定义,自訂
Studio.AnimationClipEditor.Dialog.Cancel,,,Cancel,Cancel,إلغاء,Abbrechen,Cancelar,Annuler,कैंसिल करें,Batalkan,Annulla,キャンセル,취소,Anuluj,Cancelar,Отмена,ยกเลิก,İptal,Hủy Bỏ,取消,取消,取消
Studio.AnimationClipEditor.Dialog.Save,,,Save,Save,حفظ,Speichern,Guardar,Sauvegarder,सेव करें,Simpan,Salva,保存,저장,Zapisz,Salvar,Сохранить,บันทึก,Kaydet,Lưu,保存,保存,儲存
Studio.AnimationClipEditor.Dialog.Yes,,,Yes,Yes,نعم,Ja,Sí,Oui,हाँ,Ya,Sì,はい,예,Tak,Sim,Да,ใช่,Evet,Có,是,是,是
Studio.AnimationClipEditor.Dialog.Confirm,,,Confirm,Confirm,تأكيد,Bestätigen,Confirmar,Confirmer,कन्फ़र्म करें,Konfirmasi,Conferma,確定,확인,Potwierdź,Confirmar,Подтвердить,ยืนยัน,Onayla,Xác Nhận,确认,确认,確認
Studio.AnimationClipEditor.Dialog.No,,,No,No,لا,Nein,No,Non,नहीं,Tidak,No,いいえ,아니요,Nie,Não,Нет,ไม่,Hayır,Không,否,否,否
Studio.AnimationClipEditor.Dialog.Create,,,Create,Create,تصميم,Erstellen,Crear,Créer,क्रिएट करें,Buat,Crea,作成,만들기,Utwórz,Criar,Создать,สร้าง,Oluştur,Tạo,创建,创建,建立
Studio.AnimationClipEditor.Dialog.Ok,,,OK,OK,حسنًا,OK,Aceptar,OK,ठीक है,OK,OK,了解,확인,OK,OK,ОК,ตกลง,Tamam,OK,确认,确认,確定
Studio.AnimationClipEditor.Dialog.DeleteAllPrompt,,,"Do you want to delete all ""{1}"" from this animation?","Do you want to delete all ""{1}"" from this animation?",هل تريد حذف كل {1} من هذا الرسم المتحرك؟,"Möchtest du alle ""{1}"" aus dieser Animation löschen?","¿Quieres eliminar todos los ""{1}"" de esta animación?","Voulez-vous annuler tout ""{1}"" dans cette animation ?","इस ऐनिमेशन से सभी ""{1}"" को डिलीट करना है?","Apakah kamu ingin menghapus semua ""{1}"" dari animasi ini?","Vuoi eliminare ogni ""{1}"" da questa animazione?","このアニメーションからすべての ""{1}"" を削除しますか？",이 애니메이션에서 모든 '{1}'(을)를 삭제할까요?,Czy chcesz usunąć wszystkie wystąpienia „{1}” z tej animacji?,"Excluir todos os ""{1}"" desta animação?","Удалить все ""{1}"" из этой анимации?","คุณต้องการลบ ""{1}"" ทั้งหมดออกจากแอนิเมชันนี้หรือไม่?","Animasyondaki her ""{1}"" silinsin mi?","Bạn có muốn xóa tất cả ""{1}"" khỏi hiệu ứng động này không?",确定删除此动画中的所有 “{1}” 吗？,确定删除此动画中的所有 “{1}” 吗？,確定從此動畫刪除所有「{1}」？
Studio.AnimationClipEditor.Dialog.RenameAllPrompt,,,"Do you want to change all ""{1}"" to ""{2}""?","Do you want to change all ""{1}"" to ""{2}""?",هل تريد تغيير كل {1} إلى {2}؟,"Möchtest du alle ""{1}"" zu ""{2}"" ändern?","¿Quieres cambiar todos los ""{1}"" a ""{2}""?","Voulez--vous tout bouger de ""{1}"" à ""{2}"" ?","सभी ""{1}"" को ""{2}"" में बदलना है?","Apakah kamu ingin mengubah semua ""{1}"" menjadi ""{2}""?","Vuoi cambiare ogni ""{1}"" in ""{2}""?","すべての ""{1}"" を ""{2}""に変更しますか？",모든 '{1}'(을)를 '{2}'(으)로 변경할까요?,Czy chcesz zamienić wszystkie wystąpienia „{1}” na „{2}”?,"Mudar todos os ""{1}"" para ""{2}""?","Изменить все ""{1}"" на ""{2}""?","คุณต้องการเปลี่ยน ""{1}"" ทั้งหมดเป็น ""{2}"" หรือไม่?","Her ""{1}"", ""{2}"" ile değiştirilsin mi?","Bạn có muốn thay đổi tất cả ""{1}"" thành ""{2}"" không?",确定将所有 “{1}” 更改为 “{2}”吗？,确定将所有 “{1}” 更改为 “{2}”吗？,確定將所有「{1}」改為「{2}」？
Studio.AnimationClipEditor.Dialog.ErrorsHeader,,,Rig Error(s) Detected,Rig Error(s) Detected,تم اكتشاف أخطاء Rig,Rig-Fehler erkannt,Se detectaron errores en el rig,Erreur(s) détectée(s) sur la plateforme de test,रिग की गड़बड़ी (गड़बड़ियों) का पता चला,Eror Rig Terdeteksi,Rilevati errori nel rig,リグエラーが検知されました,리그 오류 감지됨,Wykryto błędy szkieletu,Erro(s) detectado(s) no rig,Обнаружены ошибки скелетной анимации,ตรวจพบข้อผิดพลาดของ Rig,Düzenek hatası tespit edildi,Phát Hiện Lỗi Khung Xương,检测到骨架错误,检测到骨架错误,偵測到骨架錯誤
Studio.AnimationClipEditor.Dialog.AnimationName,,,Animation Name,Animation Name,اسم الرسم المتحرك,Animationsname,Nombre de la animación,Nom de l'animation,ऐनिमेशन का नाम,Nama Animasi,Nome animazione,アニメーション名,애니메이션 이름,Nazwa animacji,Nome da animação,Название анимации,ชื่อแอนิเมชัน,Animasyon adı,Tên Hiệu Ứng Động,动画名称,动画名称,動畫名稱
Studio.AnimationClipEditor.Dialog.SaveLocation,,,Animation will be saved to Rig > AnimSaves in Explorer,Animation will be saved to Rig > AnimSaves in Explorer,سيتم حفظ الرسوم المتحركة إلى Rig > AnimSaves في المستكشف,Die Animation wird in Rig > AnimSaves im Explorer gespeichert,La animación se guardará en Rig > AnimSaves en Explorador,L'animation sera sauvegardé sur la plateforme de test >AnimSaves dans Explorer,ऐनिमेशन को एक्सप्लोरर के अंतर्गत RIG > AnimSaves में सेव किया जाएगा,Animasi akan disimpan ke Rig > AnimSaves di Eksplorer,L'animazione verrà salvata in Rig > Animazioni salvate in Esploratore,アニメーションはエクスプローラの リグ > AnimSaves に保存されます,애니메이션은 탐색기의 리그 > AnimSaves에 저장됩니다,Animacja zostanie zapisana w obszarze Szkielet > Zapisane animacje w eksploratorze,A animação será salva em Rig > AnimSaves no Explorador,Путь сохранения анимации: Скелетная анимация > AnimSaves в проводнике,แอนิเมชันจะถูกบันทึกไปยัง Rig > AnimSaves ในการสำรวจ,"Animasyon, Gezgin'de Düzenek > AnimSaves konumuna kaydedilecek",Hiệu Ứng Động sẽ được lưu vào Khung Xương > AnimSaves trong Cửa Sổ Khám Phá,动画将保存到项目管理器中的骨架 > AnimSaves,动画将保存到项目管理器中的骨架 > AnimSaves,動畫將會儲存到總管裡的 Rig > AnimSaves
Studio.AnimationClipEditor.Dialog.Delete,,,Delete,Delete,حذف,Löschen,Eliminar,Supprimer,डिलीट करें,Hapus,Elimina,削除,삭제,Usuń,Excluir,Удалить,ลบ,Sil,Xóa,删除,删除,刪除
Studio.AnimationClipEditor.Dialog.ChangeThis,,,Change This,Change This,تغيير هذا,Dies ändern,Cambiar esto,Changer cela,इसे बदलें,Ubah Ini,Modifica questo,これを変更,이 항목 변경,Zamień to,Mudar isto,Изменить,เปลี่ยนสิ่งนี้,Bunu değiştir,Thay Đổi Đối Tượng Này,修改此项,修改此项,變更此項目
Studio.AnimationClipEditor.Dialog.ChangeAll,,,Change All,Change All,تغيير الكل,Alle ändern,Cambiar todo,Tout changer,सभी बदलें,Ubah Semua,Modifica tutto,すべて変更,모두 변경,Zamień wszytko,Mudar tudo,Изменить все,เปลี่ยนทั้งหมด,Tümünü değiştir,Thay Đổi Tất Cả,修改全部,修改全部,全部變更
Studio.AnimationClipEditor.Settings.QuantizeKeyframes,,,Quantize Keyframes,Quantize Keyframes,تكميم الأطر الرئيسية,Keyframes quantisieren,Cuantificar fotogramas clave,Quantifier les images clés,कीफ़्रेम को पूर्णांक पर सेट करें,Kuantisasi Keyframe,Quantizza key frame,キーフレームを数値化,키프레임 양자화,Kwantyzacja klatek kluczowych,Quantificar keyframes,Разбить ключевые кадры на подгруппы,ควอนไทซ์คีย์เฟรม,Anahtar kareleri nicemle,Lượng Tử Hóa Điểm Chốt,量化关键帧,量化关键帧,量化關鍵格
Studio.AnimationClipEditor.Menu.Load,,,Load,Load,تحميل,Laden,Cargar,Charger,लोड करें,Load,Carica,読み込む,불러오기,Wczytaj,Carregar,Загрузка,โหลด,Yükle,Tải,加载,加载,載入
Studio.AnimationClipEditor.Menu.Save,,,Save,Save,حفظ,Speichern,Guardar,Sauvegarder,सेव करें,Simpan,Salva,保存,저장,Zapisz,Salvar,Сохранить,บันทึก,Kaydet,Lưu,保存,保存,儲存
Studio.AnimationClipEditor.Menu.SaveAs,,,Save As,Save As,حفظ كـ,Speichern unter,Guardar como,Sauvegarder sous,इस रूप में सेव करें,Simpan Sebagai,Salva come,名前をつけて保存,다음으로 저장,Zapisz jako,Salvar como,Сохранить как,บันทึกเป็น,Farklı kaydet,Lưu Dưới Dạng,另存为,另存为,另存為
Studio.AnimationClipEditor.Menu.Import,,,Import,Import,استيراد,Importieren,Importar,Importer,इंपोर्ट करें,Impor,Importa,インポート,가져오기,Importuj,Importar,Импорт,นำเข้า,İçe aktar,Nhập,导入,导入,匯入
Studio.AnimationClipEditor.Menu.FromRoblox,,,From Roblox,From Roblox,من Roblox,Von Roblox,De Roblox,De Roblox,Roblox से,Dari Roblox,Da Roblox,Robloxから,Roblox에서,Z platformy Roblox,Da Roblox,Из Roblox,จาก Roblox,Roblox'tan,Từ Roblox,从 Roblox,从 Roblox,從 Roblox
Studio.AnimationClipEditor.Menu.FromFBX,,,From FBX Animation,From FBX Animation,من رسوم FBX المتحركة,Von FBX Animation,De Animación FBX,De FBX Animation,FBX ऐनिमेशन से,Dari Animasi FBX,Da animazione FBX,FBXアニメーションから,FBX 애니메이션에서,Z animacji FBX,De animação FBX,Из FBX Animation,จากแอนิเมชัน FBX,FBX animasyonundan,Từ FBX Animation,从 FBX 动画,从 FBX 动画,從 FBX 動畫
Studio.AnimationClipEditor.Menu.Export,,,Export,Export,تصدير,Exportieren,Exportar,Exporter,एक्सपोर्ट करें,Ekspor,Esporta,書き出す,내보내기,Eksportuj,Exportar,Экспорт,ส่งออก,Dışa aktar,Xuất,导出,导出,匯出
Studio.AnimationClipEditor.Menu.CreateNew,,,Create New,Create New,إنشاء جديد,Neu erstellen,Crear nuevo,Créer nouveau,नया क्रिएट करें,Buat Baru,Crea nuovo,新規作成,새로 만들기,Utwórz nowe,Criar novo,Создать,สร้างรายการใหม่,Yeni oluştur,Tạo Mới,新建,新建,新建
Studio.AnimationClipEditor.Menu.New,,,New...,New...,جديد...,Neu ...,Nuevo...,Nouveau...,नया...,Baru...,Nuovo...,新規...,새 항목...,Nowa...,Novo...,Создать...,ใหม่...,Yeni...,Mới...,新增…,新增…,新增……
Studio.AnimationClipEditor.Menu.Overwrite,,,"Do you want to overwrite existing animation ""{1}""?","Do you want to overwrite existing animation ""{1}""?","هل تريد استبدال الرسم المتحرك الحالي ""{1}""؟","Möchtest du die vorhandene Animation ""{1}"" überschreiben?","¿Quieres reemplazar la animación existente ""{1}""?","Voulez-vous réécrire l'animation existante ""{1}""?","मौजूदा ऐनिमेशन ""{1}"" को ओवरराइट करना है?","Kamu ingin menimpa animasi ""{1}"" yang sudah ada?","Vuoi sovrascrivere l'attuale animazione ""{1}""?",現在のアニメーション「{1}」を上書きしますか？,기존 애니메이션 '{1}'(을)를 덮어쓸까요?,Czy chcesz zapisać istniejącą animację „{1}”?,"Substituir a animação existente ""{1}""?","Записать поверх существующей анимации ""{1}""?","คุณต้องการเขียนทับแอนิเมชัน ""{1}"" ที่มีอยู่หรือไม่?","Mevcut ""{1}"" animasyonunun üzerine yazmak istiyor musun?","Bạn có muốn ghi đè lên hiệu ứng động hiện có ""{1}"" không?",是否覆盖现有动画 “{1}”？,是否覆盖现有动画 “{1}”？,確定覆寫原有動畫「{1}」？
Studio.AnimationClipEditor.Menu.RenamePrompt,,,New Animation Name:,New Animation Name:,اسم الرسم المتحرك:,Neuer Animationsname:,Nombre de la animación nueva:,Nom de la nouvelle animation :,नए ऐनिमेशन का नाम :,Nama Animasi Baru:,Nuovo nome animazione,新しいアニメーション名:,새 애니메이션 이름:,Nazwa nowej animacji:,Novo nome da animação:,Название новой анимации:,ชื่อแอนิเมชันใหม่:,Yeni animasyon adı:,Tên Hiệu Ứng Động Mới:,新动画名称：,新动画名称：,新動畫名稱：
Studio.AnimationClipEditor.Menu.RenameKeyframePrompt,,,New Keyframe Name,New Keyframe Name,اسم جديد للإطار الرئيسي,Neuer Keyframe-Name,Nombre del fotograma clave nuevo,Nom de la nouvelle image-clé,नए कीफ़्रेम का नाम,Nama Keyframe Baru,Nuovo nome keyframe,新しいキーフレーム名,새 키프레임 이름:,Nazwa nowej klatki kluczowej,Novo nome do keyframe,Название нового ключевого кадра:,ชื่อคีย์เฟรมใหม่,Yeni anahtar kare adı,Tên Điểm Chốt Mới,新关键帧名称,新关键帧名称,新關鍵格名稱
Studio.AnimationClipEditor.Menu.SetPriority,,,Set Animation Priority,Set Animation Priority,تعيين أولوية الرسم المتحرك,Animationspriorität festlegen,Establecer prioridad de la animación,Définir la priorité de l'animation,ऐनिमेशन प्राथमिकता सेट करें,Atur Prioritas Animasi,Imposta priorità animazione,アニメーションの優先順位を設定,애니메이션 우선순위 설정,Ustaw priorytet animacji,Definir prioridade da animação,Установить приоритет анимации,กำหนดลำดับความสำคัญแอนิเมชัน,Animasyon önceliği belirle,Đặt Ưu Tiên Hiệu Ứng Động,设置动画优先级,设置动画优先级,設定動畫順位
Studio.AnimationClipEditor.Menu.AddAllTracks,,,Add All Body,Add All Body,إضافة كل الجسم,Gesamten Körper hinzufügen,Añadir todo el cuerpo,Ajouter tout le corps,पूरी बॉडी जोड़ें,Tambahkan Semua Tubuh,Aggiungi Tutto Il Body,すべての本文を追加,모든 신체 추가,Dodaj wszystkie części ciała,Adicionar todo o corpo,Добавить все,เพิ่มทั้งตัว,Tüm vücut ekle,Thêm Toàn Bộ Cơ Thể,添加所有主体,添加所有主体,新增所有主體
Studio.AnimationClipEditor.RigErrors.NoMotors,,,A model needs to have its parts joined together by Motor6Ds to properly animate.,A model needs to have its parts joined together by Motor6Ds to properly animate.,يحتاج النموذج إلى ضم أجزائه معًا بواسطة Motor6Ds لتحريكه بشكل صحيح.,"Damit ein Modell richtig animiert werden kann, müssen seine Teile durch Motor6Ds miteinander verbunden sein.",Un modelo necesita que Motor6Ds una sus partes para animar correctamente.,Un modèle doit avoir ses parties assemblées par Motor6Ds pour s'animer correctement.,"किसी मॉडल को ठीक से ऐनिमेट करने के लिए, उसके पार्ट Motor6D से जॉइन होने चाहिए.",Model harus memiliki komponen yang digabungkan oleh Motor6Ds agar dapat dianimasikan dengan benar.,Le parti che compongono un modello devono essere giunte insieme da Motor6D perché vengano correttamente animate.,正常にアニメ化するには、モデルのパーツは Motor6Ds で結合されている必要があります。,모델을 올바르게 애니메이션화하려면 Motor6D로 파트를 결합해야 합니다.,Prawidłowa animacja wymaga połączenia części modelu przy użyciu połączeń Motor6D.,Um modelo precisa ter suas partes unidas pelo Motor6Ds para ser animado corretamente.,Для корректной анимации модели необходимо соединить ее части с помощью Motor6D.,ส่วนประกอบของโมเดลต้องรวมอยู่ด้วยกันโดย Motor6D เพื่อนเคลื่อนไหวอย่างเหมาะสม,Modelin animasyonunun düzgün bir şekilde yapılabilmesi için parçalarının Motor6D ile birleştirilmiş olması gerekir.,Để tạo hiệu ứng động thích hợp thì các bộ phận của mô hình phải được nối với nhau qua Motor6D.,模型需要通过 Motor6D 连接部件后，才能准确进行动画处理。,模型需要通过 Motor6D 连接部件后，才能准确进行动画处理。,模型的零件必須由 Motor6D 結合，動畫才可正確進行
Studio.AnimationClipEditor.RigErrors.PartsAnchored,,,"All of the parts on this model are anchored, making it non-animatable. Please un-anchor the parts on this model.","All of the parts on this model are anchored, making it non-animatable. Please un-anchor the parts on this model.",جميع الأجزاء في هذا النموذج مثبتة مما يجعله غير متحرك. يرجى إلغاء تثبيت أجزاء النموذج.,"Alle Teile auf diesem Modell sind verankert, sodass es nicht animiert werden kann. Bitte löse die Verankerung der Teile dieses Modells.",Todas las partes de este modelo están ancladas y no se pueden animar. Desánclalas para este modelo.,Toutes les parties de ce modèles sont attachées ce qui le rend non-animable. Veuillez détacher les parties de ce modèle.,"इस मॉडल के सभी हिस्सों को ऐंकर किया जा सकता है, जिससे यह हमेशा के लिए ऐनिमेट करना बंद कर देता है. कृपया इस मॉडल पर पार्ट्स को ऐंकर से हटा दें.",Semua komponen model ini dijangkarkan sehingga model ini tidak dapat dianimasikan. Lepaskan jangkar komponen model ini.,"Tutte le parti di questo modello sono ancorate, pertanto il modello risulta inanimabile. Rimuovi l'ancora dalle parti di questo modello.",このモデル上のすべてのパーツは固定済みで、アニメ化不能です。このモデル上のパーツの固定解除をしてください。,이 모델의 모든 파트가 고정되어 애니메이션화할 수 없습니다. 이 모델의 파트를 고정 해제하세요.,"Wszystkie części tego modelu są zakotwiczone, a to oznacza, że nie można go animować. Usuń zakotwiczenie części tego modelu.","Todas as partes neste modelo estão ancoradas, impossibilitando sua animação. Remova as âncoras das partes deste modelo.","Все части этой модели закреплены, поэтому ее анимация невозможна. Снимите закрепление частей.",ทุกส่วนประกอบของโมเดลนี้ถูกตรึงไว้ ทำให้ไม่สามารถเคลื่อนไหวได้ โปรดยกเลิกการตรึงส่วนประกอบของโมเดลนี้,Tüm parçaları sabitlenmiş olduğu için bu model ile animasyon yapılamıyor. Lütfen modelin parçalarının sabitlemesini kaldır.,Tất cả các bộ phận của mô hình này đều được neo giữ nên không thể tạo hiệu ứng động được. Vui lòng hủy neo giữ các bộ phận của mô hình này.,此模型上的所有部件均已锚固，无法设置动画。请取消锚固该模型的部件。,此模型上的所有部件均已锚固，无法设置动画。请取消锚固该模型的部件。,此模型上所有零件均已固定，無法進行動畫。請解除固定模型上的零件。
Studio.AnimationClipEditor.RigErrors.MissingPart0,,,The following Motor6Ds do not have a Part0 set: {1},The following Motor6Ds do not have a Part0 set: {1},Motor6Ds التالي لا يحتوي على Part0 set: {1},Für die folgenden Motor6Ds ist kein Part0 festgelegt: {1},El siguiente Motor6Ds no tiene Part0 establecida: {1},Le Motor6Ds suivant n'a pas un set Part0 : {1},इन Motor6Ds में Part0 सेट नहीं है : {1},Motor6D berikut tidak memiliki Part0 yang ditetapkan: {1},I seguenti Motor6D non hanno un Part0 impostato: {1},以下の Motor6Ds は設定済みの Part0 がありません: {1},다음 Motor6D에 Part0 세트가 없습니다. {1},W następujących połączeniach Motor6D nie ustawiono Part0: {1},O seguinte Motor6Ds não possui uma Part0 definida: {1},Для этого Motor6Ds отсутствует набор Part0: {1},Motor6D ดังต่อไปนี้ไม่มี Part0 ที่กำหนดไว้: {1},Şu Motor6D'ler için Part0 ayarlanmamış: {1},Motor6D sau đây không có bộ Part0: {1},以下 Motor6D 没有设置 Part0 ：{1},以下 Motor6D 没有设置 Part0 ：{1},以下 Motor6D 沒有設定 Part0：{1}
Studio.AnimationClipEditor.RigErrors.MissingPart1,,,The following Motor6Ds do not have a Part1 set: {1},The following Motor6Ds do not have a Part1 set: {1},Motor6Ds التالي لا يحتوي على Part1 set: {1},Für die folgenden Motor6Ds ist kein Part1 festgelegt: {1},El siguiente Motor6Ds no tiene Part1 establecida: {1},Le Motor6Ds n'a pas un set Part1 : {1},इन Motor6Ds में Part1 सेट नहीं है : {1},Motor6D berikut tidak memiliki Part1 yang ditetapkan: {1},I seguenti Motor6D non hanno un Part1 impostato: {1},以下の Motor6Ds は設定済みの Part1 がありません: {1},다음 Motor6D에 Part1 세트가 없습니다. {1},W następujących połączeniach Motor6D nie ustawiono Part1: {1},O seguinte Motor6Ds não possui uma Part1 definida: {1},Для этого Motor6Ds отсутствует набор Part1: {1},Motor6D ดังต่อไปนี้ไม่มี Part1 ที่กำหนดไว้: {1},Şu Motor6D'ler için Part1 ayarlanmamış: {1},Motor6D sau đây không có bộ Part1: {1},以下 Motor6D 没有设置 Part1 ：{1},以下 Motor6D 没有设置 Part1 ：{1},以下 Motor6D 沒有設定 Part1：{1}
Studio.AnimationClipEditor.RigErrors.MultipleParents,,,The following parts are affected by multiple Motor6Ds: {1},The following parts are affected by multiple Motor6Ds: {1},الأجزاء التالية تتأثر بعدة Motor6Ds: {1},Die folgenden Teile sind von mehreren Motor6Ds betroffen: {1},Las siguientes partes se ven afectadas por múltiples Motor6Ds: {1},Les parties suivantes sont touchées par de multiples Motor6Ds: {1},ये पार्ट अनेक Motor6D से प्रभावित हैं: {1},Komponen berikut dipengaruhi oleh beberapa Motor6D: {1},Le seguenti parti dipendono da molteplici Motor6D: {1},以下のパーツは複数の Motor6Ds に影響されます: {1},다음 파트가 여러 Motor6D의 영향을 받습니다. {1},Następujące części znajdują się pod wpływem działania kilku połączeń Motor6D: {1},As seguintes partes estão sendo afetadas por múltiplos Motor6Ds: {1},На эти части оказывают эффект несколько Motor6Ds: {1},ส่วนประกอบดังต่อไปนี้ได้รับผลกระทบจาก Motor6D หลายรายการ: {1},Şu parçalar birden fazla Motor6D etkisi altında: {1},Các bộ phận sau đây chịu ảnh hưởng của nhiều Motor6D: {1},以下部件受到多个Motor6D影响：{1},以下部件受到多个Motor6D影响：{1},以下零件受到多個 Motor6D 影響：{1}
Studio.AnimationClipEditor.RigErrors.CircularRig,,,This rig contains a cycle between the connections of certain parts.,This rig contains a cycle between the connections of certain parts.,هذا rig يحتوي على دورة بين وصلات بعض الأجزاء.,Dieses Rig enthält einen Zyklus zwischen den Verbindungen bestimmter Teile.,El rig contiene un ciclo entre las conexiones de ciertas partes.,Cette plateforme de test contient un cycle entre les connexions et certaines parties.,इस रिग में कुछ हिस्सों के कनेक्शन के बीच एक चक्र होता है.,Rig ini mengandung siklus antara koneksi komponen tertentu.,Questo rig contiene un ciclo tra le connessioni di alcune parti.,このリグには、特定のパーツの接続の間のサイクルが含まれます。,이 리그에는 특정 파트의 연결 간 사이클이 포함되어 있습니다.,Ten szkielet zawiera odwołanie cykliczne pomiędzy połączeniami pewnych części.,Este rig contém um ciclo entre as conexões de certas partes.,В этой скелетной анимации есть цикл между соединениями некоторых частей.,Rig นี้มีวงจรระหว่างจุดเชื่อมต่อของส่วนประกอบบางส่วน,Bu düzenek belirli parçaların bağlantıları arasında bir döngü içeriyor.,Khung xương này có chu kỳ giữa các kết nối của một số bộ phận.,此骨架所包含的某些部件已经连接成环形。,此骨架所包含的某些部件已经连接成环形。,此骨架包含部分零件連結之間的循環。
Studio.AnimationClipEditor.RigErrors.NoAnimationController,,,This rig does not have an animation controller or humanoid. Please create one.,This rig does not have an animation controller or humanoid. Please create one.,هذا rig ليس لديه وحدة تحكم للرسوم المتحرك أو humanoid. الرجاء إنشاء واحد.,Dieses Rig hat keinen Animations-Controller oder Humanoid. Bitte erstelle einen.,El rig no tiene un controlador de animación o humanoide. Crea uno.,Cette plateforme de test ne possède pas de contrôleur d'animation ni d'humanoïde. Veuillez en créer un.,इस रिग में ऐनिमेशन कंट्रोलर या ह्यूमनॉइड नहीं है. कृपया इस तरह का एक रिग बनाएँ.,Rig ini tidak memiliki humanoid atau kontroler animasi. Buat humanoid atau kontroler.,Questo rig non contiene un controller di animazione o un umanoide. Creane uno.,このリグには、アニメーションコントローラか人型がありません。作成してください。,이 리그에는 애니메이션 컨트롤러 또는 휴머노이드가 없습니다. 새로 만들어 주세요.,Ten szkielet nie ma kontrolera animacji lub humanoida. Utwórz go.,Este rig não tem um controle de animação ou humanoide. Crie um.,В этой скелетной анимации отсутствует контроллер анимации или гуманоид. Создайте нового.,Rig นี้ไม่มีเครื่องมือควบคุมแอนิเมชันหรือฮิวแมนอยด์ โปรดสร้างหนึ่งรายการ,Düzenekte animasyon kontrolü ya da humanoid bulunamadı. Lütfen yeni bir tane oluştur.,Khung xương này không có bộ điều khiển hiệu ứng động hoặc hình nhân. Vui lòng tạo một trong hai.,此骨架尚未搭配动画控制器或人形生物。请进行创建。,此骨架尚未搭配动画控制器或人形生物。请进行创建。,此骨架沒有動畫控制器或人形，請先創作。
Studio.AnimationClipEditor.Toast.ClippedWarning,,,Warning: An animation cannot exceed 30 seconds in length. Excess keyframes have been removed.,Warning: An animation cannot exceed 30 seconds in length. Excess keyframes have been removed.,تحذير: لا يمكن أن تتجاوز مدة الرسم المتحرك 30 ثانية. تم إزالة أطر المفاتيح الزائدة.,Warnung: Eine Animation darf 30 Sekunden nicht überschreiten. Überschüssige Keyframes wurden entfernt.,Advertencia: Una animación no puede durar más de 30 segundos. Se eliminaron los fotogramas clave en exceso.,Avertissement : une animation ne peut pas excéder une durée de 30 secondes. Les images-clés en excès ont été retirées.,वॉर्निंग : ऐनिमेशन की लंबाई 30 सेकंड से ज़्यादा नहीं हो सकती. अतिरिक्त कीफ़्रेम हटा दिए गए हैं.,Perhatian: Durasi animasi tidak boleh lebih dari 30 detik. Keyframe berlebih telah dihapus.,Attenzione: l'animazione non può eccedere i 30 secondi di lunghezza. I keyframe in eccesso sono stati rimossi.,警告: アニメーションの長さは30秒以上であってはいけません。超過キーフレームは削除されました。,경고: 애니메이션 길이는 30초를 초과할 수 없습니다. 초과한 키프레임은 제거되었습니다.,Ostrzeżenie: animacja nie może trwać dłużej niż 30 sekund. Nadmiarowe klatki kluczowe zostały usunięte.,Aviso: Uma animação não pode exceder 30 segundos de duração. Os keyframes em excesso foram removidos.,Внимание! Длительность анимации не должна превышать 30 секунд. Лишние кадры будут удалены.,คำเตือน: แอนิเมชันต้องมีความยาวไม่เกิน 30 วินาที ลบคีย์เฟรมที่ส่วนเกินแล้ว,Uyarı: Animasyon uzunluğu 30 saniyeyi aşamaz. 30 saniyeyi aşan anahtar kareler kaldırıldı.,Cảnh báo: hiệu ứng động không được dài hơn 30 giây. Các điểm chốt bị thừa đã được loại bỏ.,警告：动画长度不能超过 30 秒。超出限制的关键帧已被移除。,警告：动画长度不能超过 30 秒。超出限制的关键帧已被移除。,警告：動畫長度不能超過 30 秒，已移除多餘的關鍵格。
Studio.AnimationClipEditor.Toast.MaxFramerateWarning,,,"Warning: This animation exceeds the maximum 120 fps frame rate. Some keys are not aligned to frames, they will snap to frames when you edit them.","Warning: This animation exceeds the maximum 120 fps frame rate. Some keys are not aligned to frames, they will snap to frames when you edit them.",تحذير: يتجاوز الرسم المتحرك الحد الأقصى لمعدل الإطارات وهو 120 fps. بعض المفاتيح غير محاذية للإطارات، سوف يتم تثبيتها بالإطارات عندما تقوم بتعديلها.,"Warnung: Diese Animation überschreitet die maximale Bildwiederholrate von 120 fps. Einige Schlüssel sind nicht an Bilder ausgerichtet, sie werden beim Bearbeiten an Bilder einrasten.",Advertencia: Esta animación supera los 120 fps máximos de velocidad. Algunas claves no están alineadas con los fotogramas y se ajustarán a ellos al momento de editarlas.,Avertissement : cette animation dépasse la fréquence d'images maximale de 120 images par seconde. Certaines clés ne sont pas alignées sur les images et se cassent lorsque vous les modifiez.,"वॉर्निंग : इस ऐनिमेशन का फ़्रेम रेट, मैक्सिमम फ़्रेम रेट 120 fps से ज़्यादा है. कुछ 'की' (key) फ़्रेम से अलाइन नहीं हैं, एडिट करने पर वे अलाइन हो जाएँगी.",Peringatan: Animasi ini melampaui batas maksimum frame rate 120 fps. Beberapa key tidak diselaraskan dengan frame sehingga key akan mengalami snap to frame saat kamu mengeditnya.,"Attenzione: questa animazione supera il framerate massimo di 120 fps. Alcune chiavi non sono allineate ai frame, pertanto vi aderiranno al momento della modifica.",警告: このアニメーションは最大フレームレートの 120 fps を超過しています。キーの中にはフレームに整列していないものもあり、編集するときにフレームに装着します。,"경고: 이 애니메이션은 최대 프레임 속도 120fps를 초과합니다. 일부 키가 프레임에 맞게 정렬되지 않았으며, 이러한 키는 편집 시 프레임에 맞춰집니다.","Ostrzeżenie: w tej animacji przekroczono maksymalną liczbę klatek na sekundę, wynoszącą 120. Niektóre klucze nie są wyrównane do klatek i będą przyciągane do klatek podczas ich edytowania.",Aviso: Esta animação excede o máximo de 120 fps de quadros por segundo. Algumas chaves não estão alinhadas aos quadros e vão encaixar com os estes quando você editá-las.,Внимание! Частота кадров этой анимации превышает 120 fps. Некоторые ключи не совпадают с кадрами и будут выровнены при редактировании.,คำเตือน: แอนิเมชันนี้เกินอัตราเฟรมสูงสุดที่ 120 fps คีย์บางรายการที่ไม่เป็นแนวเดียวกับเฟรมจะ Snap to Frames เมื่อคุณทำการแก้ไข,"Uyarı: Animasyon, 120 fps kare hızı sınırını aşıyor. Bazı anahtarlar karelere hizalanamadı ve düzenlediğinde karelere tutturulacaklar.","Cảnh báo: hiệu ứng động này vượt quá tốc độ khung hình tối đa là 120 fps. Một số điểm chốt không khớp với khung hình, chúng sẽ tự động căn chỉnh theo khung hình khi bạn chỉnh sửa.",警告：当前动画超过了 120 fps 的最高帧速率。某些关键点尚未与帧对齐，进行编辑时，将会自动与帧对齐。,警告：当前动画超过了 120 fps 的最高帧速率。某些关键点尚未与帧对齐，进行编辑时，将会自动与帧对齐。,警告：此動畫的影格率超過了 120 fps 的限制。部分關鍵點未與影格對齊，編輯時將會對齊到影格。
Studio.AnimationClipEditor.Toast.QuantizeWarning,,,"Warning: Some keys of your animation are not aligned to frames, they will snap to frames when you edit them.","Warning: Some keys of your animation are not aligned to frames, they will snap to frames when you edit them.",تحذير: بعض مفاتيح الرسوم المتحركة ليست محاذية للإطارات، سيتم تثبيتها بالإطارات عند تقوم تعديلها.,"Warnung: Einige Schlüssel deiner Animation sind nicht an Bilder ausgerichtet, sie werden beim Bearbeiten an Bilder einrasten.",Advertencia: Algunas claves de tu animación no están alineadas con los fotogramas y se ajustarán a ellos al momento de editarlas.,Avertissement : Certaines clés de votre animation ne sont pas alignées par rapport aux images et vont se casser quand vous les modifierez.,"वॉर्निंग : आपके ऐनिमेशन की कुछ 'की' (key) फ़्रेम से अलाइन नहीं हैं, एडिट करने पर वे अलाइन हो जाएँगी.",Peringatan: Beberapa key animasimu tidak diselaraskan ke frame sehingga akan mengalami snap to frame saat kamu mengeditnya.,"Attenzione: alcune chiavi della tua animazione non sono allineate ai frame, pertanto vi aderiranno al momento della modifica.",警告: アニメーションのキーの中にはフレームに整列配置しておらず、編集するときにフレームに装着するものがあります。,"경고: 일부 키가 프레임에 맞게 정렬되지 않았으며, 이러한 키는 편집 시 프레임에 맞춰집니다.",Ostrzeżenie: niektóre klucze animacji nie są wyrównane do klatek i będą przyciągane do klatek podczas ich edytowania.,Aviso: Algumas chaves de sua animação não estão alinhadas aos quadros e vão se encaixar a eles quando você editá-las.,Внимание! Некоторые ключи не совпадают с кадрами и будут выровнены при редактировании.,คำเตือน: คีย์ของแอนิเมชันของคุณบางรายการที่ไม่เป็นแนวเดียวกับเฟรมจะ Snap to Frames เมื่อคุณทำการแก้ไข,Uyarı: Animasyonundaki bazı anahtarlar karelere hizalanamadı ve düzenlediğinde karelere tutturulacaklar.,"Cảnh báo: Một số điểm chốt của hiệu ứng động không khớp với khung hình, chúng sẽ tự động căn chỉnh theo khung hình khi bạn chỉnh sửa.",警告：动画的某些关键点尚未与帧对齐，进行编辑时，将会自动与帧对齐。,警告：动画的某些关键点尚未与帧对齐，进行编辑时，将会自动与帧对齐。,警告：動畫裡部分關鍵點未與影格對齊，編輯時將會對齊到影格。
Studio.AnimationClipEditor.Toast.AlignNow,,,Align all keys now,Align all keys now,محاذاة جميع المفاتيح الآن,Alle Schlüssel jetzt ausrichten,Alinear todas las claves ahora,Aligner toutes les clés,अभी सभी 'की' (key) अलाइन करें,Selaraskan semua kunci sekarang,Allinea tutte le chiavi ora,今すぐすべてのキーを整列配置,지금 모든 키 정렬,Wyrównaj wszystkie klucze teraz,Alinhar todas as chaves agora,Выровнять все ключи,จัดแนวคีย์ทั้งหมดตอนนี้,Tüm anahtarları şimdi hizala,Căn chỉnh tất cả điểm chốt ngay,立即对齐全部关键点,立即对齐全部关键点,現在對齊所有關鍵點
Studio.AnimationClipEditor.Toast.IgnoreWarning,,,Ignore warning,Ignore warning,تجاهل التحذير,Warnung ignorieren,Omitir advertencia,Ignorer l'avertissement,वॉर्निंग को इग्नोर करें,Abaikan peringatan,Ignora l'avviso,警告を無視する,경고 무시,Zignoruj ostrzeżenie,Ignorar aviso,Игнорировать предупреждение,ละเว้นคำเตือน,Uyarıyı yok say,Bỏ qua cảnh báo,忽略警告,忽略警告,忽略警告
Studio.AnimationClipEditor.Toast.Saved,,,Saved animation {1},Saved animation {1},الرسوم المتحركة المحفوظة {1},Gespeicherte Animation {1},Animación {1} guardada,Animation sauvegardée {1}, {1} ऐनिमेशन सेव किया गया,Animasi {1} disimpan,Animazione {1} salvata,保存済みアニメーション {1},저장된 애니메이션 {1},Zapisano animację {1},Animação salva {1},Сохранена анимация {1},บันทึกแอนิเมชัน {1} แล้ว,Animasyon kaydedildi: {1},hiệu ứng động đã lưu {1},已保存动画 {1},已保存动画 {1},已儲存動畫 {1}
Studio.AnimationClipEditor.Toast.Loaded,,,Loaded animation {1},Loaded animation {1},الرسم المتحرك المحمّل {1},Geladene Animation {1},Animación {1} cargada,Animation chargée {1},{1} ऐनिमेशन लोड किया गया,Animasi {1} dimuat,Animazione {1} caricata,読み込み済みアニメーション {1},불러온 애니메이션 {1},Wczytano animację {1},Animação carregada {1},Загружена анимация {1},โหลดแอนิเมชัน {1} แล้ว,Animasyon yüklendi: {1},hiệu ứng động đã tải {1},已加载动画 {1},已加载动画 {1},已載入動畫 {1}
Studio.AnimationClipEditor.RigErrors.NameCollision,,,This rig contains multiple parts which share the same name. Please give unique names to all parts.,This rig contains multiple parts which share the same name. Please give unique names to all parts.,يحتوي rig على عدة أجزاء تشارك الاسم نفسه. الرجاء إعطاء كل جزء اسم فريد.,"Dieses Rig enthält mehrere Teile, die denselben Namen haben. Bitte gib allen Teilen eindeutige Namen.",El rig contiene múltiples partes que comparten el mismo nombre. Dale un nombre único a cada una.,Cette plateforme de test contient plusieurs parties ayant le même nom. Veuillez donner un nom différent à chaque partie.,इस रिग में एक ही नाम वाले कई पार्ट हैं. सभी पार्ट को यूनीक नाम दें.,Rig ini berisi beberapa komponen yang menggunakan nama yang sama. Berikan nama yang unik untuk semua komponen.,Questo rig contiene molteplici parti con lo stesso nome. Assegna a ciascuna parte un nome univoco.,このリグは同じ名前を共有する複数のパーツを含んでいます。すべてのパーツに重複しない名前をつけてください。,이 리그에는 이름이 동일한 파트가 여러 개 있습니다. 모든 파트에 고유한 이름을 지정해 주세요.,Szkielet zawiera większą liczbę części o tej samej nazwie. Nadaj wszystkim częściom unikatowe nazwy.,Este rig contém múltiplas partes compartilhando o mesmo nome. Dê nomes exclusivos a todas as partes.,Эта скелетная анимация содержит несколько анимированных фрагментов с одним и тем же именем. Назначьте уникальные имена всем анимированным фрагментам.,Rig นี้มีหลายส่วนประกอบมีชื่อที่เหมือนกัน โปรดตั้งชื่อของทุกส่วนประกอบให้ไม่ซ้ำกัน,"Bu düzenek, aynı adı paylaşan birden fazla parça içeriyor. Lütfen tüm parçalara kendilerine özel adlar ver.",Khung xương này có nhiều bộ phận trùng tên. Vui lòng đặt tên duy nhất cho tất cả các bộ phận.,此骨架包含共用相同名称的多个部件。请为每个部件都指定唯一名称。,此骨架包含共用相同名称的多个部件。请为每个部件都指定唯一名称。,此骨架包含多個使用相同名稱的零件，請給予所有零件不同名稱。
Studio.AnimationClipEditor.Tooltip.CurrentFrameBox,,,Change scrubber time,Change scrubber time,تغيير وقت العلام,Zeit des Abspielkopfs ändern,Cambia la barra de tiempo,Changer la barre de temps,स्क्रबर का समय बदलें,Ubah waktu scrubber,Modifica tempo scrubber,スクラバーの時間を変更,스크러버 시간 변경,Zmień czas scrubbera,Mudar a barra de tempo,Изменить время ползунка,เปลี่ยนเวลา Scrubber,İşaretleyici süresini değiştir,Thay đổi thời gian trên thanh cuộn thời gian,更改进度条时间,更改进度条时间,變更進度條時間
Studio.AnimationClipEditor.Tooltip.EndFrameBox,,,Change timeline length,Change timeline length,تغيير طول الخط الزمني,Länge der Zeitleiste ändern,Cambia la longitud de la barra de tiempo,Changer la durée de la période de temps,समयसीमा बदलें,Ubah panjang garis waktu,Modifica lunghezza timeline,タイムラインの長さを変更,타임라인 길이 변경,Zmień długość osi czasu,Mudar o comprimento da linha do tempo,Изменить протяженность шкалы времени,เปลี่ยนความยาวไทม์ไลน์,Zaman çizelgesi uzunluğunu değiştir,Thay đổi độ dài dòng thời gian,更改时间轴长度,更改时间轴长度,變更時間軸長度
Studio.AnimationClipEditor.Tooltip.ToggleLooping,,,Toggle looping animation,Toggle looping animation,تشغيل الحركة التكرارية,Schleifenanimation umschalten,Activa el bucle de animación,Commuter animation en mode continu,लूपिंग ऐनिमेशन टॉगल करें,Nyalakan/matikan animasi berulang,Attiva/disattiva loop animazione,ループ再生アニメーションを切りかえ,애니메이션 반복 전환,Włącz/wyłącz zapętlanie animacji,Ativa ciclo de animação,Переключить цикл анимации,เปิด/ปิดแอนิเมชันวนซ้ำ,Animasyon döngüsünü aç/kapa,Bật/tắt hiệu ứng động lặp,切换循环动画,切换循环动画,切換循環動畫
Studio.AnimationClipEditor.Tooltip.Play,,,Preview the animation [Space],Preview the animation [Space],معاينة الرسم المتحرك [Space],Vorschau der Animation [Space],Previsualiza la animación [Space],Prévisualiser l'animation [Space],ऐनिमेशन का प्रीव्यू [Space],Preview animasi [Space],Anteprima dell'animazione [Space],アニメーションをプレビュー [Space],애니메이션 미리 보기 [Space],Podgląd animacji [Spacja],Prévia da animação [Space],Просмотр анимации [Пробел],ดูตัวอย่างแอนิเมชัน [Space],Animasyonu ön izle [Boşluk],Xem trước hiệu ứng động [Dấu cách],预览动画 [Space],预览动画 [Space],預覽動畫 [Space]
Studio.AnimationClipEditor.Tooltip.SkipForward,,,Move the scrubber to the next key,Move the scrubber to the next key,نقل العلام إلى المفتاح الأخير,Abspielkopf zum nächsten Schlüssel bewegen,Mueve la barra de tiempo al fotograma siguiente,Déplacer la barre de temps à la clé suivante,स्क्रबर को अगली 'की' (key) पर ले जाएँ,Pindahkan scrubber ke key berikutnya,Sposta scrubber a chiave successiva,スクラバーを次のキーに移動,스크러버를 다음 키로 이동,Przenieś scrubber do następnego klucza,Mover a barra de tempo para o próxima chave,Передвинуть ползунок на следующий ключ,ย้าย Scrubber ไปยังคีย์ถัดไป,İşaretleyiciyi sonraki anahtara götür,Di chuyển thanh cuộn thời gian đến điểm chốt tiếp theo,将进度条进度移动到下一个关键点,将进度条进度移动到下一个关键点,將進度條移到下一個關鍵點
Studio.AnimationClipEditor.Tooltip.SkipBackward,,,Move the scrubber to the previous key,Move the scrubber to the previous key,نقل العلام إلى المفتاح السابق,Abspielkopf zum vorherigen Schlüssel bewegen,Mueve la barra de tiempo al fotograma anterior,Déplacer la barre de temps à l'image précédente,स्क्रबर को पिछली 'की' (key) पर ले जाएँ,Pindahkan scrubber ke key sebelumnya,Sposta scrubber a chiave precedente,スクラバーを前のキーに移動,스크러버를 이전 키로 이동,Przenieś scrubber do poprzedniego klucza,Mover a barra de tempo para a chave anterior,Передвинуть ползунок на предыдущий ключ,ย้าย Scrubber ไปยังคีย์ก่อนหน้า,İşaretleyiciyi önceki anahtara götür,Di chuyển thanh cuộn thời gian đến điểm chốt trước đó,将进度条进度移动到上一个关键点,将进度条进度移动到上一个关键点,將進度條移到下一個關鍵點
Studio.AnimationClipEditor.Tooltip.AddTrackButton,,,Add a new animation track,Add a new animation track,إضافة مسار جديد للرسم المتحرك,Eine neue Animationsspur hinzufügen,Añade una nueva pista de animación,Ajouter une piste d'animation,नया ऐनिमेशन ट्रैक जोड़ें,Tambahkan trek animasi baru,Aggiungi una nuova traccia di animazione,新規アニメーショントラックを追加,새 애니메이션 트랙 추가,Dodaj nową ścieżkę animacji,Adicionar uma nova trilha de animação,Добавить новый анимационный трек,เพิ่มแทร็กแอนิเมชันใหม่,Yeni animasyon parçası ekle,Thêm một bài hát hiệu ứng động mới,添加新的动画轨迹,添加新的动画轨迹,新增動畫影軌
Studio.AnimationClipEditor.Dialog.EditorErrorsHeader,,,Editor Error Detected,Editor Error Detected,تم اكتشاف خطأ في المحرر,Editorfehler erkannt,Error de editor detectado,Erreur d'éditeur détectée,एडिटर की गड़बड़ी का पता चला,Eror Editor Terdeteksi,Rilevato errore nell'editor,編集エラーを検知,편집기 오류가 감지됨,Wykryto błąd edytora,Erro de editor detectado,,ตรวจพบข้อผิดพลาดของเครื่องมือแก้ไข,Düzenleyici hatası tespit edildi,Đã Phát Hiện Ra Lỗi Của Trình Chỉnh Sửa,检测到编辑器错误,检测到编辑器错误,偵測到編輯器錯誤
Studio.AnimationClipEditor.EditorErrors.OpenedWhileRunning,,,Animation Editor cannot be used while game is running!,Animation Editor cannot be used while game is running!,لا يمكن استخدام محرر الرسوم المتحركة أثناء تشغيل اللعبة!,"Der Animation-Editor kann nicht verwendet werden, während das Spiel läuft!",El Editor de animación no se puede usar mientras se esté ejecutando el juego.,L'éditeur d'animation ne peut pas être utilisé lorsque le jeu est en cours d'exécution !,खेल के दौरान ऐनिमेशन एडिटर का इस्तेमाल नहीं किया जा सकता!,Editor Animasi tidak bisa digunakan saat game sedang berjalan!,Editor animazioni inutilizzabile mentre il gioco è in svolgimento!,ゲームの実行中はアニメーション編集を使用できません！,게임 실행 중에는 애니메이션 편집기를 사용할 수 없습니다!,"Edytor animacji nie może być używany, gdy gra jest uruchomiona!",O Editor de animação não pode ser usado quando um jogo estiver rodando!,,ไม่สามารถใช้เครื่องมือแก้ไขแอนิเมชันในขณะที่เกมกำลังทำงานอยู่ได้!,"Animasyon Düzenleyici, oyun çalışırken kullanılamaz!",Không thể sử dụng Trình Chỉnh Sửa Hiệu Ứng Động trong khi trò chơi đang chạy!,游戏运行时无法使用动画编辑器！,游戏运行时无法使用动画编辑器！,遊戲運行時無法使用動畫編輯器！
Studio.AnimationClipEditor.Toast.InvalidAnimation,,,Animation was not imported. You do not have ownership of animation with the selected ID.,Animation was not imported. You do not have ownership of animation with the selected ID.,لم يتم استيراد الرسم المتحرك. ليس لديك ملكية الرسم المتحرك بالمعرّف المحدد.,Die Animation wurde nicht importiert. Du bist nicht im Besitz der Animation mit der ausgewählten ID.,No se importó la animación. No eres el propietario de la animación con el ID seleccionado.,L'animation n'a pas été importée. Tu n’as pas propriétaire de l'animation avec l'identifiant sélectionné.,ऐनिमेशन इंपोर्ट नहीं किया गया था. आपके पास चुनी हुई ID के साथ ऐनिमेशन की ओनरशिप नहीं है.,Animasi tidak diimpor. Kamu bukan pemilik animasi dengan ID yang dipilih.,Animazione non importata. L'animazione con l'ID selezionato non è di tua proprietà.,アニメーションがインポートされませんでした。選択済みのIDにはアニメーションの所有権がありません。,애니메이션을 가져오지 못했습니다. 선택한 ID를 가진 애니메이션의 소유권이 없습니다.,Animacja nie została zaimportowana. Nie jesteś właścicielem animacji o zaznaczonym identyfikatorze.,A animação não foi importada. Você não é o proprietário(a) da animação com a ID selecionada.,,ไม่ได้นำเข้าแอนิเมชัน คุณไม่มีสิทธิ์ในการเป็นเจ้าของแอนิเมชันที่มี ID ที่เลือก,Animasyon içe aktarılmadı. Kimliği seçili animasyonun sahipliği sende değil.,Chưa nhập được hiệu ứng động. Bạn không phải là người sở hữu hiệu ứng động có ID đã chọn.,未能导入动画效果。当前开发者不具备该 ID 所指向动画效果的所有权。,未能导入动画效果。当前开发者不具备该 ID 所指向动画效果的所有权。,無法匯入動畫，您沒有與指定 ID 關聯的動畫的所有權。
Studio.AnimationClipEditor.EditorErrors.BigAnimation,,,"Animation is larger than 30 seconds. It cannot be edited, but you can play it back and export it.","Animation is larger than 30 seconds. It cannot be edited, but you can play it back and export it.",الرسم المتحرك يتعدى 30 ثانية. لن تتمكن من تعديله لكن يإمكانك تشغيله مرة أخرى وتصديره.,"Die Animation ist länger als 30 Sekunden. Sie kann nicht bearbeitet werden, aber du kannst sie wiedergeben und exportieren.","La animación dura más de 30 segundos. No se puede editar, pero la puedes reproducir y exportar.",L'animation est supérieure à 30 secondes. Elle ne peut pas être modifiée mais tu peux la lire et l'exporter.,"एनिमेशन 30 सेकंड से ज़्यादा का है. इसे एडिट नहीं किया जा सकता, लेकिन इसे वापस चलाया जा सकता है और एक्सपोर्ट किया जा सकता है.","Animasi lebih besar dari 30 detik. Animasi tidak dapat diedit, tetapi kamu dapat memutarnya kembali dan mengekspornya.","L'animazione supera i 30 secondi. Non può essere modificata, ma puoi riprodurla ed esportarla.",アニメーションが30秒を超えています。編集はできませんが、再生して書き出しできます。,애니메이션의 길이가 30초를 초과합니다. 편집할 수는 없지만 재생하고 내보낼 수는 있습니다.,"Animacja przekracza 30 sekund. Nie można jej edytować, ale można ją odtwarzać i eksportować.","A animação tem mais de 30 segundos. Ela não pode ser editada, mas você pode reproduzi-la e exportá-la.",,แอนิเมชันมีความยาวเกิน 30 วินาที ไม่สามารถแก้ไขได้ แต่คุณสามารถเล่นและส่งออกได้,"Animasyon, 30 saniyeden uzun olduğu için düzenlenemez ancak oynatılabilir ve dışa aktarılabilir.","hiệu ứng động dài hơn 30 giây. Bạn không thể chỉnh sửa hiệu ứng động này, nhưng có thể phát lại và xuất ra.",动画长度超过 30 秒，无法被编辑，但可以播放和导出。,动画长度超过 30 秒，无法被编辑，但可以播放和导出。,動畫長度超過 30 秒。您不能進行編輯，但可以撥放並匯出。
Studio.AnimationClipEditor.ContextMenu.AddKeyframeAtScrubber,,,Add Keyframe At Scrubber,Add Keyframe At Scrubber,إضافة إطار رئيسي عند العلام,Keyframe beim Abspielkopf hinzufügen,Añadir fotograma clave en la barra de tiempo,Ajouter Keyframe au Scrubber,स्क्रबर पर कीफ़्रेम जोड़ें,Tambahkan Keyframe di Scrubber,Aggiungi key frame a scrubber,スクラバーで Keyframe を追加,스크러버에 키프레임 추가,Dodaj klatkę kluczową w miejscu scrubbera,Adicionar keyframe à barra de tempo,,เพิ่มคีย์เฟรมที่ Scrubber,İşaretleyicide anahtar kare ekle,Thêm Điểm Chốt Vào Thanh Cuộn Thời Gian,在进度条位置添加关键帧,在进度条位置添加关键帧,在進度條新增關鍵格
Studio.AnimationClipEditor.ContextMenu.ToggleBoneVis,,,Toggle Microbone Visibility,Toggle Microbone Visibility,تشغيل Microbone Visibility,Mikroknochensichtbarkeit umschalten,Activar visibilidad de Microbone,Activer la visibilité des microstructures,माइक्रोबोन विज़िबिलिटी टॉगल करें,Nyalakan/Matikan Visibilitas,Attiva/disattiva visibilità microbone,Microbone の可視性を切りかえ,Microbone 표시 여부 전환,Przełącz widoczność mikrokości,Ativar visibilidade de Microbone,,เปิด/ปิดการมองเห็นไมโครโบน,Mikrokemik görünürlüğünü değiştir,Bật/Tắt Chế Độ Xem Microbone,切换 Microbone 可视性,切换 Microbone 可视性,切換 Microbone 可見度
Studio.AnimationClipEditor.Menu.Core,,,Core,Core,أساسي,Kern,Núcleo,Noyau,कोर,Inti,Core,コア,코어,Rdzeń,Núcleo,,แกนหลัก,Çekirdek,Lõi,核心,核心,核心
Studio.AnimationClipEditor.Menu.Idle,,,Idle,Idle,خمول,Inaktiv,Inactivo,Inactif,आइडिल,Diam,Inattivo,待機,빈둥대기,Bezczynność,Inativo,,การอยู่นิ่ง,Eylemsizlik,Đứng Im,待机,待机,閒置
Studio.AnimationClipEditor.Menu.Movement,,,Movement,Movement,الحركة,Bewegung,Movimiento,Mouvement,मूवमेंट,Gerakan,Movimento,移動,이동,Ruch,Movimento,,การเคลื่อนไหว,Hareket,Chuyển Động,移动,移动,移動
Studio.AnimationClipEditor.Menu.Action,,,Action,Action,Action,Aktion,Acción,Action,ऐक्शन,Tindakan,Azione,動作,동작,Akcja,Ação,,แอ็คชัน,Eylem,Hành Động,动作,动作,動作
Studio.AnimationClipEditor.Title.NoAnimationExists_Migrated,,,"No animation exists for {rig}, please create one to start animating","No animation exists for {rig}, please create one to start animating",لم يتم العثور على رسم متحرك لـ {rig}. الرجاء إنشاء واحد لعمل رسم متحرك,"Keine Animation für {rig} vorhanden; bitte erstelle eine, um mit der Animation zu starten",No hay animaciones para {rig}. Crea una nueva para comenzar a animar,"Aucune animation existe pour {rig}, en créer une pour commencer une animation","{rig} के लिए कोई ऐनिमेशन मौजूद नहीं है, कृपया ऐनिमेशन शुरू करने के लिए कोई ऐनिमेशन बनाएँ",Tidak ada animasi untuk {rig}. Buat animasi untuk memulai kreasi animasi,Non esiste alcuna animazione per {rig}; creane una per iniziare ad animare,{rig} にアニメーションがありません。アニメ化を開始するには1つ作成してください,{rig}에 사용 가능한 애니메이션이 없습니다. 애니메이션화하려면 새로 만드세요,"Brak animacji dla szkieletu {rig}. Utwórz animację, aby rozpocząć animowanie.","Não há animações para {rig}, crie uma para começar a animar",,ไม่มีแอนิเมชันสำหรับ {rig} อยู่ โปรดสร้างหนึ่งรายการเพื่อเริ่มการเคลื่อนไหว,"{rig} için animasyon bulunamadı, başlamak için lütfen bir animasyon oluştur","Không có hiệu ứng động nào cho {rig}, vui lòng tạo một hiệu ứng động để bắt đầu hoạt họa",不存在可用于 {rig} 的动画，请为其创建新的动画,不存在可用于 {rig} 的动画，请为其创建新的动画,沒有 {rig} 的動畫，請直接創作動畫
Studio.AnimationClipEditor.Title.CurrentDuration_Migrated,,,Current duration is {currentDuration} frames,Current duration is {currentDuration} frames,المدة الحالية هي {currentDuration} إطار,Aktuelle Dauer ist {currentDuration} Bilder,La duración actual es de {currentDuration} fotogramas,La durée actuelle est {currentDuration} images,मौजूदा अवधि {currentDuration} फ़्रेम है,Durasi saat ini adalah {currentDuration} frame,La durata attuale è di {currentDuration} frame,現在の長さは {currentDuration} フレームです,현재 지속 시간은 {currentDuration} 프레임입니다,Bieżący czas trwania to {currentDuration} kl.,A duração atual é de {currentDuration} quadros,,ระยะเวลาปัจจุบันคือ {currentDuration} เฟรม,Mevcut süre {currentDuration} kare,Thời lượng hiện tại là {currentDuration} khung hình,当前时长为 {currentDuration} 帧,当前时长为 {currentDuration} 帧,目前長度為 {currentDuration} 個影格
Studio.AnimationClipEditor.Title.DefaultAnimationName,,,Untitled Animation Clip,Untitled Animation Clip,مقطع رسوم متحركة بدون عنوان,Animationclip ohne Titel,Clip de animación sin título,Clip d'animation sans Clip,बिना नाम वाला ऐनिमेशन क्लिप,Klip Animasi Tanpa Judul,Clip dell'animazione senza titolo,題名のないアニメーションクリップ,제목 없는 애니메이션 클립,Klip animowany bez tytułu,Clip de animação sem título,,คลิปแอนิเมชันที่ไม่มีชื่อ,İsimsiz Animasyon Klibi,Clip Hiệu Ứng Động Chưa Đặt Tên,无标题动画片段,无标题动画片段,未命名動畫片段
Studio.AnimationClipEditor.Settings.24FPS,,,24 fps,24 fps,24 fps,24 fps,24 fps,24 fps,24 fps,24 fps,24 fps,24 fps,24 fps,24 kl./s,24 fps,24 fps,24 fps,24 fps,24 fps,24 fps,24 fps,24 fps
Studio.AnimationClipEditor.Settings.30FPS,,,30 fps,30 fps,30 fps,30 fps,30 fps,30 fps,30 fps,30 fps,30 fps,30 fps,30 fps,30 kl./s,30 fps,30 fps,30 fps,30 fps,30 fps,30 fps,30 fps,30 fps
Studio.AnimationClipEditor.Settings.60FPS,,,60 fps,60 fps,60 fps,60 fps,60 fps,60 fps,60 fps,60 fps,60 fps,60 fps,60 fps,60 kl./s,60 fps,60 fps,60 fps,60 fps,60 fps,60 fps,60 fps,60 fps
Studio.AnimationClipEditor.Settings.120FPS,,,120 fps,120 fps,120 fps,120 fps,120 fps,120 fps,120 fps,120 fps,120 fps,120 fps,120 fps,120 kl./s,120 fps,120 fps,120 fps,120 fps,120 fps,120 fps,120 fps,120 fps
Studio.AnimationClipEditor.Dialog.DeleteAllPrompt_Migrated,,,Do you want to delete all {name} from this animation?,Do you want to delete all {name} from this animation?,هل تريد حذف كل {name} من هذه الرسوم المتحركة؟,Möchtest du alle {name} aus dieser Animation löschen?,¿Quieres eliminar todos los {name} de esta animación?,"Veux-tu annuler tous les ""{name}"" dans cette animation ?",इस ऐनिमेशन से सभी {name} को डिलीट करना है?,Apakah kamu ingin menghapus semua {name} dari animasi ini?,Vuoi eliminare ogni {name} da questa animazione?,このアニメーションからすべての「{name}」を削除しますか？,이 애니메이션에서 모든 {name}(을)를 삭제할까요?,Czy chcesz usunąć wszystkie wystąpienia {name} z tej animacji?,Apagar todos os {name} desta animação?,,คุณต้องการลบ {name} ทั้งหมดจากแอนิเมชันนี้หรือไม่?,Animasyondaki her {name} silinsin mi?,Bạn có muốn xóa tất cả {name} khỏi hiệu ứng động này không?,确定删除此动画中的所有 {name} 吗？,确定删除此动画中的所有 {name} 吗？,確定從此動畫刪除所有「{name}」？
Studio.AnimationClipEditor.Dialog.RenameAllPrompt_Migrated,,,Do you want to change all {name} to {newName}?,Do you want to change all {name} to {newName}?,هل تريد تغيير كل {name} إلى {newName}؟,Möchtest du alle {name} zu {newName} ändern?,¿Quieres cambiar todos los {name} a {newName}?,"Veux--tu changer tous les ""{name}"" en ""{newName}"" ?",सभी {name} को {newName} में बदलना है?,Apakah kamu ingin mengubah semua {name} menjadi {newName}?,Vuoi cambiare ogni {name} in {newName}?,すべての 「{name}」 を 「{newName}」に変更しますか？,모든 {name}(을)를 {newName}(으)로 변경할까요?,Czy chcesz zamienić wszystkie wystąpienia {name} na {newName}?,Mudar todos os {name} para {newName}?,,คุณต้องการเปลี่ยน {name} ทั้งหมดเป็น {newName} หรือไม่?,"Her {name}, {newName} ile değiştirilsin mi?",Bạn có muốn thay đổi tất cả {name} thành {newName} không?,确定将所有 {name} 更改为 {newName} 吗？,确定将所有 {name} 更改为 {newName} 吗？,確定將所有「{name}」改為「{newName}」？
Studio.AnimationClipEditor.Menu.Overwrite_Migrated,,,Do you want to overwrite existing animation {overwriteName}?,Do you want to overwrite existing animation {overwriteName}?,هل تريد استبدال الرسم المتحرك الحالي بـ {overwriteName}؟,Möchtest du die vorhandene Animation {overwriteName} überschreiben?,¿Quieres reemplazar la animación existente {overwriteName}?,"Souhaites-tu remplacer l'animation existante ""{overwriteName}?",मौजूदा ऐनिमेशन {overwriteName} को ओवरराइट करना है?,Apakah kamu ingin menimpa animasi yang sudah ada {overwriteName}?,Vuoi sovrascrivere l'attuale animazione {overwriteName}?,既存のアニメーション {overwriteName} を上書きしますか？,기존 애니메이션 {overwriteName}(을)를 덮어쓸까요?,Czy chcesz zastąpić istniejącą animację {overwriteName}?,Substituir a animação existente {overwriteName}?,,คุณต้องการเขียนทับแอนิเมชัน {overwriteName} ที่มีอยู่หรือไม่?,Mevcut {overwriteName} animasyonunun üzerine yazmak istiyor musun?,Bạn có muốn ghi đè lên hiệu ứng động hiện có {overwriteName} không?,是否覆盖现有动画 {overwriteName}？,是否覆盖现有动画 {overwriteName}？,確定覆寫原有動畫 {overwriteName}？
Studio.AnimationClipEditor.Toast.Saved_Migrated,,,Saved animation {savedAnimName},Saved animation {savedAnimName},الرسم المتحرك المحفوظ {savedAnimName},Gespeicherte Animation {savedAnimName},Animación {savedAnimName} guardada,Animation sauvegardée {savedAnimName},{savedAnimName} ऐनिमेशन सेव किया गया,Animasi {savedAnimName} disimpan,Animazione {savedAnimName} salvata,保存済みアニメーション {savedAnimName},저장된 애니메이션 {savedAnimName},Zapisano animację {savedAnimName},Animação salva {savedAnimName},,บันทึกแอนิเมชัน {savedAnimName} แล้ว,Animasyon kaydedildi: {savedAnimName},hiệu ứng động đã lưu {savedAnimName},已保存动画 {savedAnimName},已保存动画 {savedAnimName},已儲存動畫 {savedAnimName}
Studio.AnimationClipEditor.Toast.Loaded_Migrated,,,Loaded animation {loadedAnimName},Loaded animation {loadedAnimName},الرسم المتحرك المحمّل {loadedAnimName},Geladene Animation {loadedAnimName},Animación {loadedAnimName} cargada,Animation chargée {loadedAnimName},{loadedAnimName} ऐनिमेशन लोड किया गया,Animasi {loadedAnimName} di-load,Animazione {loadedAnimName} caricata,読み込み済みアニメーション {loadedAnimName},불러온 애니메이션 {loadedAnimName},Wczytano animację {loadedAnimName},Animação carregada {loadedAnimName},,โหลดแอนิเมชัน {loadedAnimName} แล้ว,Animasyon yüklendi: {loadedAnimName},hiệu ứng động đã tải {loadedAnimName},已加载动画 {loadedAnimName},已加载动画 {loadedAnimName},已載入動畫 {loadedAnimName}
Studio.AnimationClipEditor.RigErrors.MissingPart0_Migrated,,,The following Motor6Ds do not have a Part0 set: {entries},The following Motor6Ds do not have a Part0 set: {entries},Motor6Ds التالي لا يحتوي على Part0 set: {entries},Für die folgenden Motor6Ds ist kein Part0 festgelegt: {entries},El siguiente Motor6Ds no tiene Part0 establecida: {entries},Le Motor6Ds suivant n'a pas un set Part0 : {entries},इन Motor6Ds में Part0 सेट नहीं है : {entries},Motor6D berikut tidak memiliki Part0 yang ditetapkan: {entries},I seguenti Motor6D non hanno un Part0 impostato: {entries},以下の Motor6Ds は設定済みの Part0 がありません: {entries},다음 Motor6D에 Part0 세트가 없습니다: {entries},W następujących połączeniach Motor6D nie ustawiono Part0: {entries},O seguinte Motor6Ds não possui uma Part0 definida: {entries},,Motor6D ดังต่อไปนี้ไม่มี Part0 ที่กำหนดไว้: {entries},Şu Motor6D'ler için Part0 ayarlanmamış: {entries},Motor6D sau đây không có bộ Part0: {entries},以下 Motor6D 没有设置 Part0 ：{entries},以下 Motor6D 没有设置 Part0 ：{entries},以下 Motor6D 沒有設定 Part0：{entries}
Studio.AnimationClipEditor.RigErrors.MissingPart1_Migrated,,,The following Motor6Ds do not have a Part1 set: {entries},The following Motor6Ds do not have a Part1 set: {entries},Motor6Ds التالي لا يحتوي على Part1 set: {entries},Für die folgenden Motor6Ds ist kein Part1 festgelegt: {entries},El siguiente Motor6Ds no tiene Part1 establecida: {entries},Le Motor6Ds n'a pas un set Part1 : {entries},इन Motor6Ds में Part1 सेट नहीं है : {entries},Motor6D berikut tidak memiliki Part1 yang ditetapkan: {entries},I seguenti Motor6D non hanno un Part1 impostato: {entries},以下の Motor6Ds は設定済みの Part1 がありません: {entries},다음 Motor6D에 Part1 세트가 없습니다: {entries},W następujących połączeniach Motor6D nie ustawiono Part1: {entries},O seguinte Motor6Ds não possui uma Part1 definida: {entries},,Motor6D ดังต่อไปนี้ไม่มี Part1 ที่กำหนดไว้: {entries},Şu Motor6D'ler için Part1 ayarlanmamış: {entries},Motor6D sau đây không có bộ Part1: {entries},以下 Motor6D 没有设置 Part1 ：{entries},以下 Motor6D 没有设置 Part1 ：{entries},以下 Motor6D 沒有設定 Part1：{entries}
Studio.AnimationClipEditor.RigErrors.MultipleParents_Migrated,,,The following parts are affected by multiple Motor6Ds: {entries},The following parts are affected by multiple Motor6Ds: {entries},الأجزاء التالية تتأثر بعدة Motor6Ds: {entries},Die folgenden Teile sind von mehreren Motor6Ds betroffen: {entries},Las siguientes partes se ven afectadas por múltiples Motor6Ds: {entries},Les parties suivantes sont touchées par de multiples Motor6Ds: {entries},ये पार्ट अनेक Motor6D से प्रभावित हैं : {entries},Komponen berikut dipengaruhi oleh beberapa Motor6D: {entries},Le seguenti parti dipendono da molteplici Motor6D: {entries},以下のパーツは複数の Motor6Ds に影響されます: {entries},다음 파트가 여러 Motor6D의 영향을 받습니다: {entries},Następujące części znajdują się pod wpływem działania kilku połączeń Motor6D: {entries},As seguintes partes estão sendo afetadas por múltiplos Motor6Ds: {entries},,ส่วนประกอบดังต่อไปนี้ได้รับผลกระทบจาก Motor6D หลายรายการ: {entries},Şu parçalar birden fazla Motor6D etkisi altında: {entries},Các bộ phận sau đây chịu ảnh hưởng của nhiều Motor6D: {entries},以下部件受到多个 Motor6D 影响：{entries},以下部件受到多个 Motor6D 影响：{entries},以下零件受到多個 Motor6D 影響：{entries}
Studio.AnimationClipEditor.Menu.Mouth,,,Mouth,Mouth,الفم,Mund,Boca,Bouche,मुँह,Mulut,Bocca,口,입,Usta,Boca,Рот,ปาก,Ağız,Miệng,嘴,嘴,嘴巴
Studio.AnimationClipEditor.Menu.Jaw,,,Jaw,Jaw,الفك,Kiefer,Mandíbula,Mâchoire,जबड़ा,Rahang,Mascella,あご,턱,Szczęka,Mandíbula,Челюсть,ขากรรไกร,Çene,Hàm,下巴,下巴,顎部
Studio.AnimationClipEditor.Menu.Brows,,,Brows,Brows,الحواجب,Augenbrauen,Cejas,Sourcils,भौंहें,Alis,Sopracciglia,眉毛,눈썹,Brwi,Sobrancelhas,Брови,คิ้ว,Kaşlar,Lông mày,眉毛,眉毛,眉毛
Studio.AnimationClipEditor.Menu.Eyes,,,Eyes,Eyes,العيون,Augen,Ojos,Yeux,आँखें,Mata,Occhi,目,눈,Oczy,Olhos,Глаза,ตา,Gözler,Mắt,眼睛,眼睛,眼睛
Studio.AnimationClipEditor.Menu.Tongue,,,Tongue,Tongue,اللسان,Zunge,Lengua,Langue,जीभ,Lidah,Lingua,舌,혀,Język,Língua,Язык,ลิ้น,Dil,Lưỡi,舌头,舌头,舌頭
Studio.AnimationClipEditor.Menu.AddAllFacs,,,Add All Facial Animation Controls,Add All Facial Animation Controls,إضافة جميع ضوابط الرسوم المتحركة للوجه,Alle Steuerelemente für Gesichtsanimationen hinzufügen,Añadir todos los controles de animación facial,Ajouter tous les contrôles d'animation faciale,सभी फ़ेशियल ऐनिमेशन कंट्रोल जोड़ें,Tambahkan Semua Kontrol Animasi Wajah,Aggiungi tutti i comandi per l'animazione facciale,すべての表情アニメーション操作を追加,모든 얼굴 애니메이션 제어 추가,Dodaj wszystkie elementy sterujące animacjami twarzy,Adicionar todos os controles de animação facial,,เพิ่มการควบคุมการเคลื่อนไหวใบหน้าทั้งหมด,Tüm yüz animasyonu kontrollerini ekle,Thêm Tất Cả Các Điều Khiển Hiệu Ứng Động Khuôn Mặt,添加所有面部动画控制,添加所有面部动画控制,新增所有臉部動畫控制選項
Studio.AnimationClipEditor.Toast.AnimationImportModelsDiffer,,,Model in FBX file differs from model selected in Editor. Import animation based on FBX model (recommended)?,Model in FBX file differs from model selected in Editor. Import animation based on FBX model (recommended)?,النموذج في ملف FBX يختلف عن النموذج المحدد في المحرر. يستحسن استيراد الرسم المتحرك استنادًا إلى نموذج FBX.,Modell in FBX-Datei unterscheidet sich von dem im Editor ausgewählten Modell. Animation basierend auf dem FBX-Modell importieren (empfohlen)?,El modelo en el archivo FBX difiere del modelo seleccionado en el Editor. ¿Importar la animación basada en el modelo FBX (recomendado)?,Le modèle du fichier FBX diffère du modèle sélectionné dans l'éditeur. Importer une animation basée sur le modèle FBX (recommandé) ?,FBX फ़ाइल में मौजूद मॉडल एडिटर में सिलेक्ट किए गए मॉडल से अलग है. FBX मॉडल (सुझाया गया) पर आधारित ऐनिमेशन इंपोर्ट करें?,Model di file FBX berbeda dengan model yang dipilih di Editor. Impor animasi berdasarkan model FBX (direkomendasikan)?,Il modello nel file FBX è diverso dal modello selezionato nell'editor. Importare l'animazione in base al modello FBX (scelta consigliata)?,FBX ファイル内のモデルは編集機能で選択済みのモデルとは異なります。FBX モデルに基づいてアニメーションをインポート（推奨）しますか？,FBX 파일의 모델이 편집기에서 선택한 모델과 다릅니다. FBX 모델을 기반으로 애니메이션을 가져올까요(권장 사항임)?,Model w pliku FBX różni się od modelu zaznaczonego w edytorze. Zaimportować animacje na podstawie modelu FBX (zalecane)?,O modelo no arquivo FBX difere do modelo selecionado no Editor. Importar a animação baseada no modelo FBX (recomendado)?,,โมเดลในไฟล์ FBX แตกต่างจากโมเดลที่เลือกในเครื่องมือแก้ไข นำเข้าแอนิเมชันตามโมเดล FBX (แนะนำ) หรือไม่?,"FBX dosyasındaki model, düzenleyicide seçili modelden farklı. Animasyon, FBX modeline göre içe aktarılsın mı (önerilir)?",Mô hình trong tệp FBX khác với mô hình đã chọn trong Trình Chỉnh Sửa. Nhập hiệu ứng động dựa trên mô hình FBX (được khuyến nghị)?,FBX 文件中的模型与编辑器中选择的模型不同。是否根据 FBX 模型导入动画（推荐）？,FBX 文件中的模型与编辑器中选择的模型不同。是否根据 FBX 模型导入动画（推荐）？,FBX 檔案的模型和編輯器裡選擇的模型不同。根據 FBX 模型匯入動畫？（推薦動作）
Studio.AnimationClipEditor.Toast.AnimationImportUseFBX,,,FBX,FBX,FBX,FBX,FBX,FBX,FBX,FBX,FBX,FBX,FBX,FBX,FBX,FBX,FBX,FBX,FBX,FBX,FBX,FBX
Studio.AnimationClipEditor.Toast.AnimationImportUseSelected,,,Selected,Selected,محدد,Ausgewählt,Seleccionado,Sélectionné,चुना गया,Dipilih,Selezionato,選択済み,선택됨,Zaznaczono,Selecionado,,เลือกแล้ว,Seçili,Đã chọn,已选择,已选择,已選擇
Studio.AnimationClipEditor.Title.CustomPlaybackSpeed,,,Custom Playback Speed,Custom Playback Speed,سرعة تشغيل مخصصة,Benutzerdefinierte Wiedergabegeschwindigkeit,Velocidad de reproducción personalizada,Vitesse de lecture personnalisée,कस्टम प्लेबैक स्पीड,Kecepatan Playback Kustom,Velocità di riproduzione personalizzata,再生速度のカスタマイズ,사용자 정의 재생 속도,Niestandardowa szybkość odtwarzania,Velocidade de execução personalizada,,กำหนดความเร็วในการเล่น,Özel oynatma hızı,Tốc Độ Phát Lại Tùy Chỉnh,自定义播放速度,自定义播放速度,自訂播放速度
Studio.AnimationClipEditor.Title.MinPBS,,,Minimum playback speed is 0.1x,Minimum playback speed is 0.1x,الحد الأدنى لسرعة التشغيل 0.1x,"Minimale Wiedergabegeschwindigkeit ist 0,1x",La velocidad mínima de reproducción es 0.1x,"La vitesse de lecture minimale est de 0,1x",प्लेबैक की न्यूनतम स्पीड 0.1x है,"Kecepatan playback minimum adalah 0,1x","Velocità di riproduzione minima: 0,1x",最大再生速度は 0.1x,최소 재생 속도는 0.1배속입니다,"Minimalna szybkość odtwarzania to 0,1x",A velocidade mínima de execução é 0.1x,,ความเร็วในการเล่นต่ำสุดคือ 0.1x,"Minimum oynatma hızı 0,1x","Tốc độ phát lại tối thiểu là 0,1x",最低播放速度为 0.1 倍,最低播放速度为 0.1 倍,最慢播放速度為 0.1x
Studio.AnimationClipEditor.Title.MaxPBS,,,Maximum playback speed is 10x,Maximum playback speed is 10x,الحد الأقصى لسرعة التشغيل 10x,Maximale Wiedergabegeschwindigkeit ist 10x,La velocidad máxima de reproducción es 10x,"La vitesse de lecture maximale est de 0,1x",प्लेबैक की मैक्सिमम स्पीड 10x है,Kecepatan playback maksimum adalah 10x,Velocità di riproduzione massima: 10x,最大再生速度は 10x,최대 재생 속도는 10배속입니다,Maksymalna szybkość odtwarzania to 10x,A velocidade máxima de execução é 10x,,ความเร็วในการเล่นสูงสุดคือ 10x,Maksimum oynatma hızı 10x,Tốc độ phát lại tối đa là 10x,最高播放速度为 10 倍,最高播放速度为 10 倍,最快播放速讀為 10x
Studio.AnimationClipEditor.Settings.SnapMode,,,Snap Mode,Snap Mode,وضع التقريب,Einrastmodus,Modo de alineación,Mod snap,स्नैप मोड,Mode Snap,Modalità adesione,装着モード,맞춤 모드,Tryb przyciągania,Modo instantâneo,,โหมดสแน็ป,Tutturma modu,Chế Độ Bắt Điểm,捕捉模式,捕捉模式,貼齊模式
Studio.AnimationClipEditor.Settings.SnapKeyframes,,,Keyframes,Keyframes,أطر رئيسية,Keyframes,Fotogramas clave,Images-clés,कीफ़्रेम :,Keyframe,Key frame,キーフレーム,키프레임,Klatki kluczowe,Quadros chaves,,คีย์เฟรม,Anahtar kare,Điểm Chốt,关键帧,关键帧,關鍵格
Studio.AnimationClipEditor.Settings.SnapFrames,,,Frames,Frames,الإطارات,Bilder,Fotograma,Cadres,फ़्रेम,Frame,Frame,フレーム,프레임,Klatki,Quadros,,เฟรม,Kare,Khung Hình,帧,帧,影格
Studio.AnimationClipEditor.Settings.SnapDisabled,,,Disabled,Disabled,معطّل,Deaktiviert,Desactivado,Désactivé,बंद है,Dinonaktifkan,Disabilitato,無効化済み,비활성화됨,Wyłączone,Desativado,,ปิดใช้งานแล้ว,Devre dışı,Tắt,已禁用,已禁用,已停用
Studio.AnimationClipEditor.Settings.PlaybackSpeed,,,Playback Speed,Playback Speed,سرعة التشغيل,Wiedergabegeschwindigkeit,Velocidad de reproducción,Vitesse de lecture,प्लेबैक स्पीड,Kecepatan Playback,Velocità di riproduzione,再生速度,재생 속도,Szybkość odtwarzania,Velocidade de execução,,ความเร็วในการเล่น,Oynatma hızı,Tốc Độ Phát Lại,播放速度,播放速度,播放速度
Studio.AnimationClipEditor.Settings.025x,,,0.25x,0.25x,0.25x,"0,25x",0.25x,"0,25 x",0.25x,"0,25x","0,25x",0.25倍,0.25x,"0,25x",0.25x,.25x,0.25x,"0,25x","0,25x",0.25x,0.25x,0.25x
Studio.AnimationClipEditor.Settings.05x,,,0.5x,0.5x,0.5x,"0,5x",0.5x,"0,5 x",0.5x,"0,5x","0,5x",0.5倍,0.5x,"0,5x",0.5x,.5x,0.5x,"0,5x","0,5x",0.5x,0.5x,0.5x
Studio.AnimationClipEditor.Settings.1x,,,1x,1x,1x,1x,1x,1x,1x,1x,1x,1x,1x,1x,1x,1x,1x,1x,1x,1x,1x,1x
Studio.AnimationClipEditor.Settings.2x,,,2x,2x,2x,2x,2x,2x,2x,2x,2x,2x,2x,2x,2x,2x,2x,2x,2x,2x,2x,2x
Studio.AnimationClipEditor.Settings.4x,,,4x,4x,4x,4x,4x,4x,4x,4x,4x,4x,4x,4x,4x,4x,4x,4x,4x,4x,4x,4x
Studio.AnimationClipEditor.Settings.CustomPlaybackSpeed,,,Custom,Custom,مخصص,Benutzerdefiniert,Personalizada,Personnalisé,कस्टम,Kustom,Personalizzato,カスタム,사용자 정의,Niestandardowa,Personalizar,,กำหนดเอง,Özel,Tùy Chỉnh,自定义,自定义,自訂
Studio.AnimationClipEditor.Settings.SnapNone,,,None,None,لا شيء,Keine,Ninguno,Aucun,कुछ भी नहीं,Tidak Ada,Nessuno,なし,없음,Brak,Nenhum,,ไม่มี,Hiçbiri,Không Có,无,无,無
Studio.AnimationClipEditor.Menu.PublishToRoblox,,,Publish to Roblox,Publish to Roblox,نشر إلى Roblox,Auf Roblox veröffentlichen,Publicar en Roblox,Publier sur Roblox,Roblox पर पब्लिश करें,Publikasikan di Roblox,Pubblica su Roblox,Robloxに公開,Roblox에 게시,Opublikuj na platformie Roblox,Publicar na Roblox,,เผยแพร่ไปยัง Roblox,Roblox'ta yayınla,Đăng lên Roblox,发布至 Roblox,发布至 Roblox,發布到 Roblox
Studio.AnimationClipEditor.ContextMenu.ClearTrack,,,Clear Track,Clear Track,مسح المسار,Spur löschen,Eliminar marca,Éliminer la marque,ट्रैक डिलीट करें,Hapus Trek,Cancella traccia,トラックを消す,트랙 지우기,Wyczyść ścieżkę,Limpar trilha,,เคลียร์แทร็ก,Parçayı temizle,Xóa Sạch Bài Hát,清除轨,清除轨,清除影軌
Studio.AnimationClipEditor.Dialog.PromotePrompt,,,This operation cannot be reverted and might cause issues with third party animation editors. Are you sure you want to proceed?,This operation cannot be reverted and might cause issues with third party animation editors. Are you sure you want to proceed?,لا يمكن التراجع عن هذه العملية وقد تسبب مشاكل مع محرر الرسوم المتحركة التابع لطرف آخر. هل أنت متأكد من أنك تريد المتابعة؟,Dieser Vorgang kann nicht rückgängig gemacht werden und kann Probleme mit Animation-Editoren von Drittanbietern verursachen. Möchtest du wirklich fortfahren?,Esta operación no se puede revertir y puede causar problemas con los editores de animación de terceros. ¿Quieres proceder?,Cette opération ne peut pas être annulée et peut causer des problèmes avec des éditeurs d'animation tiers. Es-tu sûr de vouloir continuer ?,इस ऑपरेशन को वापस नहीं किया जा सकता और इससे थर्ड पार्टी के ऐनिमेशन एडिटर में समस्याएँ हो सकती हैं. वाकई आगे बढ़ना है?,Operasi ini tidak dapat dikembalikan dan mungkin menyebabkan masalah dengan editor animasi pihak ketiga. Yakin ingin melanjutkan?,Questa operazione è irreversibile e può creare problemi con gli editor di animazioni di terze parti. Vuoi davvero procedere?,この操作は、元に戻すことができず、これによってサードパーティのアニメーション編集で問題を引き起こす可能性があります。続けますか？,이 작업은 되돌릴 수 없으며 제삼자 애니메이션 편집기에 문제를 일으킬 수 있습니다. 그래도 계속할까요?,Tej operacji nie można cofnąć i może ona spowodować problemy w edytorach animacji innych firm. Czy na pewno chcesz kontynuować?,Esta operação não pode ser revertida e pode causar problemas com editores de animação de terceiros. Tem certeza de que deseja prosseguir?,,การดำเนินการนี้ไม่สามารถย้อนกลับได้ และอาจก่อให้เกิดปัญหากับเครื่องมือแก้ไขแอนิเมชันบุคคลภายนอก คุณแน่ใจหรือไม่ว่าต้องการดำเนินการต่อ?,Bu işlem geri alınamaz ve üçüncü taraf animasyon düzenleyicilerde sorunlara yol açabilir. Devam etmek istediğinden emin misin?,Bạn sẽ không thể hoàn tác thao tác này và có thể gây ra sự cố với trình chỉnh sửa hiệu ứng động của bên thứ ba. Bạn có chắc chắn muốn tiếp tục không?,此操作无法被撤销，且可能导致第三方动画编辑器出现问题。你确定要继续吗？,此操作无法被撤销，且可能导致第三方动画编辑器出现问题。你确定要继续吗？,此操作無法還原，並可能會影響第三方動畫編輯器。確定繼續？
Studio.AnimationClipEditor.Menu.PromoteToChannels,,,Promote to Channel Animation,Promote to Channel Animation,الترقية إلى Channel Animation,Zur Kanalanimation befördern,Promover en canal de animación,Promouvoir la chaîne d'animation,चैनल ऐनिमेशन पर प्रमोट करें,Promosikan ke Animasi Channel,Promuovi nel canale Animazione,チャンネルアニメーションにアップグレード,채널 애니메이션으로 승격,Awansuj do animacji kanałowej,Promover para animação de canal,,โปรโมตไปยังช่องแอนิเมชัน,Kanal animasyonuna yükselt,Nâng Cấp lên Hiệu Ứng Động Kênh,升级至频道动画,升级至频道动画,升級成通道動畫
Studio.AnimationClipEditor.ContextMenu.InterpolationMode,,,Interpolation Mode,Interpolation Mode,وضع الاستيفاء,Interpolationsmodus,Modo de interpolación,Mode d'interpolation,इंटरपोलेशन मोड,Mode Interpolasi,Modalità interpolazione,補間モード,보간 모드,Tryb interpolacji,Modo de interpolação,,โหมดการแทนค่า,Ara değerleme modu,Chế Độ Nội Suy,插值模式,插值模式,插值模式
Studio.AnimationClipEditor.ContextMenu.ClearTangents,,,Use Auto-Tangent,Use Auto-Tangent,استخدام المماس التلقائي,Auto-Tangente verwenden,Usar tangente automática,Utiliser la tangente automatique,ऑटो-टैंजेंट इस्तेमाल करें,Gunakan Tangen Otomatis,Usa tangente automatica,自動タンジェントを使用,자동 접선 사용,Użyj automatycznej stycznej,Usar tangente automática,,ใช้แทนเจนต์อัตโนมัติ,Otomatik teğet kullan,Sử Dụng Tiếp Tuyến Tự Động,使用自动切线,使用自动切线,使用自動切線
Studio.AnimationClipEditor.Title.MinPBSParam,,,Minimum playback speed is {speed}x,Minimum playback speed is {speed}x,الحد الأدنى لسرعة التشغيل x{speed},Minimale Wiedergabegeschwindigkeit ist {speed}x,La velocidad mínima de reproducción es {speed}x,La vitesse de lecture minimale est {speed}x,प्लेबैक की मीनिमम स्पीड {speed}x है,Kecepatan playback minimum adalah {speed}x,Velocità di riproduzione minima: {speed}x,最小再生速度は {speed}x,최소 재생 속도는 {speed}x입니다,Minimalna szybkość odtwarzania to {speed}x,A velocidade mínima de execução é {speed}x,,ความเร็วในการเล่นต่ำสุดคือ {speed}x,Minimum oynatma hızı {speed}x,Tốc độ phát lại tối thiểu là {speed}x,最慢播放速度为 {speed}x,最慢播放速度为 {speed}x,最慢播放速度為 {speed}x
Studio.AnimationClipEditor.Title.MaxPBSParam,,,Maximum playback speed is {speed}x,Maximum playback speed is {speed}x,الحد الأقصى لسرعة التشغيل {speed}x,Maximale Wiedergabegeschwindigkeit ist {speed}x,La velocidad máxima de reproducción es {speed}x,La vitesse maximale de lecture est de {speed}x,प्लेबैक की मैक्सिमम स्पीड {speed}x है,Kecepatan playback maksimum adalah {speed}x,Velocità di riproduzione massima: {speed}x,最大再生速度は {speed}x,최고 재생 속도는 {speed}x입니다,Maksymalna szybkość odtwarzania to {speed}x,A velocidade máxima de execução é {speed}x,,ความเร็วในการเล่นสูงสุดคือ {speed}x,Maksimum oynatma hızı {speed}x,Tốc độ phát lại tối đa là {speed}x,最快播放速度为 {speed}x,最快播放速度为 {speed}x,最快播放速讀為 {speed}x
Studio.AnimationClipEditor.ContextMenu.GenerateCurve,,,Generate Curve,Generate Curve,إنشاء منحنى,Kurve generieren,Generar curva,Générer une courbe,कर्व जनरेट करें,Buat Kurva,Genera curva,曲線を作成,커브 생성,Generuj krzywą,Gerar curva,,สร้างเส้นโค้ง,Eğri oluştur,Tạo Đồ Thị,生成曲线,生成曲线,生成彎曲
Studio.AnimationClipEditor.Tooltip.Pause,,,Pause the animation [Space],Pause the animation [Space],إيقاف الرسم المتحرك [Space],Animation anhalten [Space],Pausa la animación [Space],Mettre en pause l'animation [Space],ऐनिमेशन रोकें [Space],Jeda animasi [Space],Metti in pausa l'animazione [Space],アニメーションを一時停止 [Space],애니메이션 일시 중지 [Space],Wstrzymaj animację [Spacja],Prévia da animação [Space],,หยุดแอนิเมชันชั่วคราว [Space],Animasyonu duraklat [Boşluk],Tạm dừng hiệu ứng động [Dấu cách],暂停动画 [Space],暂停动画 [Space],暫停動畫 [Space]
Studio.AnimationClipEditor.Tooltip.Reverse,,,Preview the animation in reverse,Preview the animation in reverse,معاينة الرسوم المتحركة بطريقة عكسية,Vorschau der Animation in umgekehrter Richtung,Previsualiza la animación al revés,Prévisualiser l'animation à l'envers,ऐनिमेशन को रिवर्स में प्रीव्यू करें,Preview animasi secara terbalik,Anteprima dell'animazione in reverse,アニメーションを逆方向にプレビュー,애니메이션 거꾸로 미리 보기,Podgląd animacji od tyłu,Pré-visualizar a animação em reverso,,ดูตัวอย่างแอนิเมชันแบบย้อนกลับ,Animasyonu tersten ön izle,Xem trước hiệu ứng động được phát ngược lại,倒带预览动画,倒带预览动画,倒帶預覽動畫
Studio.AnimationClipEditor.Tooltip.GoToFirstFrame,,,Move the scrubber to the first frame,Move the scrubber to the first frame,نقل العلام إلى الإطار الأول,Abspielkopf zum ersten Schlüssel bewegen,Mueve la barra de tiempo al primer fotograma,Déplacer la barre de temps à la première image,स्क्रबर को पहले फ़्रेम पर ले जाएँ,Pindahkan scrubber ke frame pertama,Sposta scrubber a primo frame,スクラバーを最初のフレームに移動,스크러버를 첫 번째 프레임으로 이동,Przenieś scrubber do pierwszej klatki,Mover a barra de tempo para o primeiro quadro,,ย้าย Scrubber ไปยังเฟรมแรก,İşaretleyiciyi ilk kareye götür,Di chuyển thanh cuộn thời gian đến khung hình đầu tiên,将进度条移动至第一帧,将进度条移动至第一帧,將進度條移到第一個影格
Studio.AnimationClipEditor.Tooltip.GoToLastFrame,,,Move the scrubber to the last frame,Move the scrubber to the last frame,نقل العلام إلى الإطار الأخير,Abspielkopf zum letzten Schlüssel bewegen,Mueve la barra de tiempo al último fotograma,Déplacer la barre de temps à la dernière image,स्क्रबर को आखिरी फ़्रेम पर ले जाएँ,Pindahkan scrubber ke frame terakhir,Sposta scrubber a ultimo frame,スクラバーを最後のフレームに移動,스크러버를 마지막 프레임으로 이동,Przenieś scrubber do ostatniej klatki,Mover a barra de tempo para o último quadro,,ย้าย Scrubber ไปยังเฟรมสุดท้าย,İşaretleyiciyi son kareye götür,Di chuyển thanh cuộn thời gian đến khung hình cuối cùng,将进度条移动至最后一帧,将进度条移动至最后一帧,將進度條移到最後一個影格
Studio.AnimationClipEditor.Menu.CreateFromVideo,,,Live Animation Creator,Live Animation Creator,منشئ الرسوم المتحركة الحية,Live-Animations-Ersteller,Creador de animaciones en vivo,Créateur d'animation Live,लाइव ऐनिमेशन क्रिएटर,Pembuat Animasi Langsung,Creatore Animazione Live,ライブアニメーション作成,라이브 애니메이션 제작기,Kreator animacji na żywo,Criador de animações vivas,,เครื่องมือสร้างแอนิเมชันสด,Canlı Animasyon Yaratıcısı,Trình Tạo Hiệu Ứng Động Trực Tiếp,即时动画创作器,即时动画创作器,即時動畫生成器
Studio.AnimationClipEditor.Menu.Action2,,,Action2,Action2,Action2,Aktion2,Acción 2,Action2,Action2,Action2,Azione2,Action2,Action2,Action2,Action2,Action2,Action2,Action2,Hành động 2,Action2,Action2,Action2
Studio.AnimationClipEditor.Menu.Action3,,,Action3,Action3,Action3,Aktion3,Acción 3,Action3,Action3,Action3,Azione3,Action3,Action3,Action3,Action3,Action3,Action3,Action3,Hành động 3,Action3,Action3,Action3
Studio.AnimationClipEditor.Menu.Action4,,,Action4,Action4,Action4,Aktion 4,Acción 4,Action4,Action4,Action4,Azione4,Action4,Action4,Action4,Action4,,Action4,Action4,Hành động 4,Action4,Action4,Action4
Studio.AnimationClipEditor.ContextMenu.ClearBothTangents,,,Use Auto-Tangent,Use Auto-Tangent,استخدام المماس التلقائي,Auto-Tangente verwenden,Usar tangente automática,Utiliser la tangente automatique,ऑटो-टैंजेंट इस्तेमाल करें,Gunakan Tangen Otomatis,Usa tangente automatica,自動タンジェントを使用,자동 접선 사용,Użyj automatycznej stycznej,Usar tangente automática,,ใช้แทนเจนต์อัตโนมัติ,Otomatik teğet kullan,Sử Dụng Tiếp Tuyến Tự Động,使用自动切线,使用自动切线,使用自動切線
Studio.AnimationClipEditor.ContextMenu.ZeroBothTangents,,,Set Both Tangents To Zero,Set Both Tangents To Zero,تعيين المماسيْن إلى صفر,Beide Tangenten auf Null setzen,Establecer ambas tangentes en cero,Mettre les deux tangentes à zéro,दोनों टैंजेट को शून्य पर सेट करें,Atur Kedua Tangen ke Nol,Imposta entrambe le tangenti su zero,両方のタンジェントをゼロに設定,두 접선을 모두 0으로 설정,Ustaw zero dla obu stycznych,Definir ambas tangentes como zero,,ตั้งแทนเจนต์ทั้งสองเป็นศูนย์,İki teğeti de sıfır olarak ayarla,Đặt Cả Hai Tiếp Tuyến Thành 0,将两个切线都设置为零,将两个切线都设置为零,將兩個切線都設為 0
Studio.AnimationClipEditor.ContextMenu.ClearTangent,,,Use Auto-Tangent,Use Auto-Tangent,استخدام المماس التلقائي,Auto-Tangente verwenden,Usar tangente automática,Utiliser la tangente automatique,ऑटो-टैंजेंट इस्तेमाल करें,Gunakan Tangen Otomatis,Usa tangente automatica,自動タンジェントを使用,자동 접선 사용,Użyj automatycznej stycznej,Usar tangente automática,,ใช้แทนเจนต์อัตโนมัติ,Otomatik teğet kullan,Sử Dụng Tiếp Tuyến Tự Động,使用自动切线,使用自动切线,使用自動切線
Studio.AnimationClipEditor.ContextMenu.ZeroTangent,,,Set Tangent To Zero,Set Tangent To Zero,تعيين اللمس إلى صفر,Tangente auf Null setzen,Establecer tangente en cero,Mettre la tangente à zéro,टैंजेंट को शून्य पर सेट करें,Atur Tangen ke Nol,Imposta tangente su zero,タンジェントをゼロに設定,접선을 0으로 설정,Ustaw zero dla stycznej,Definir tangente como zero,,ตั้งแทนเจนต์เป็นศูนย์,Teğeti sıfır olarak ayarla,Đặt Tiếp Tuyến Thành 0,将切线设置为零,将切线设置为零,將切線設為 0
Studio.AnimationClipEditor.Curves.InterpolationMode,,,Interpolation Mode: {interpolationMode},Interpolation Mode: {interpolationMode},وضع الاستكمال: {interpolationMode},Interpolationsmodus: {interpolationMode},Modo de interpolación: {interpolationMode},Mode d'interpolation : {interpolationMode},इंटरपोलेशन मोड : {interpolationMode},Mode Interpolasi: {interpolationMode},Modalità interpolazione: {interpolationMode},補間モード： {interpolationMode},보간 모드: {interpolationMode},Tryb interpolacji: {interpolationMode},Modo de interpolação: {interpolationMode},,โหมดการแทนค่า: {interpolationMode},Ara değerleme modu: {interpolationMode},Chế Độ Nội Suy: {interpolationMode},插值模式：{interpolationMode},插值模式：{interpolationMode},插值模式：{interpolationMode}
Studio.AnimationClipEditor.Curves.LeftTangentAuto,,,Left tangent: Auto,Left tangent: Auto,المماس اليسار: تلقائي,Linke Tangente: Auto,Tangente izquierda: Automática,Tangente de gauche : automatique,बायाँ टैंजेंट : ऑटो,Tangen kiri: Otomatis,Tangente sinistra: automatica,左タンジェント: 自動,왼쪽 접선: 자동,Lewa styczna: Auto,Tangente esquerda: Automática,,แทนเจนต์ซ้าย: อัตโนมัติ,Sol teğet: Otomatik,Tiếp tuyến trái: Tự động,左切线：自动,左切线：自动,左切線：自動
Studio.AnimationClipEditor.Curves.LeftTangentValuePerSecond,,,Left tangent: {value}/s,Left tangent: {value}/s,المماس اليسار: {value}/ث,Linke Tangente: {value}/s,Tangente izquierda: {value}/s,Tangente de gauche : {value}/s,बायाँ टैंजेंट : {value}/s,Tangen kiri: {value}/detik,Tangente sinistra: {value}/s,左タンジェント: {value}/秒,왼쪽 접선: {value}/초,Lewa styczna: {value}/s,Tangente esquerda: {value}/s,,แทนเจนต์ซ้าย: {value}/วิ,Sol teğet: {value}/sn,Tiếp tuyến trái: {value}/giây,左切线：{value}/s,左切线：{value}/s,左切線：{value}/s
Studio.AnimationClipEditor.Curves.RightTangentAuto,,,Right tangent: Auto,Right tangent: Auto,المماس اليمين: تلقائي,Rechte Tangente: Auto,Tangente derecha: Automática,Tangente de droite : automatique,दायाँ टैंजेंट : ऑटो,Tangen kanan: Otomatis,Tangente destra: automatica,右タンジェント: 自動,오른쪽 접선: 자동,Prawa styczna: Auto,Tangente direita: Automática,,แทนเจนต์ขวา: อัตโนมัติ,Sağ teğet: Otomatik,Tiếp tuyến phải: Tự động,右切线：自动,右切线：自动,右切線：自動
Studio.AnimationClipEditor.Curves.RightTangentValuePerSecond,,,Right tangent: {value}/s,Right tangent: {value}/s,المماس اليمين: {value}/ث,Rechte Tangente: {value}/s,Tangente derecha: {value}/s,Tangente de droite : {value}/s,दायाँ टैंजेंट : {value},Tangen kanan: {value}/detik,Tangente destra: {value}/s,右タンジェント: {value}/秒,오른쪽 접선: {value}/초,Prawa styczna: {value}/s,Tangente direita: {value}/s,,แทนเจนต์ขวา: {value}/วิ,Sağ teğet: {value}/sn,Tiếp tuyến phải: {value}/giây,右切线：{value}/s,右切线：{value}/s,右切線：{value}/s
Studio.AnimationClipEditor.ContextMenu.ConvertToEulerAngles,,,Convert to Euler Angles,Convert to Euler Angles,تحويل إلى زاوية أويلر,In Euler-Winkel umwandeln,Convertir a ángulos Euler,Convertir en angles d'Euler,यूलर ऐंगल में बदलें,Konversi ke Sudut Euler,Converti in angoli di Eulero,オイラー角度に変換,오일러 각도로 변환,Konwertuj na kąty Eulera,Converter para ângulos de Euler,,แปลงเป็นมุมออยเลอร์,Euler açısına dönüştür,Đổi Sang Góc Euler,转换成欧拉角,转换成欧拉角,轉換成歐拉角
Studio.AnimationClipEditor.Title.FaceControlsEditor,,,Face Animation Editor,Face Animation Editor,محرر محرك الوجوه,Gesichtsanimationseditor,Editor de animación facial,Éditeur d'animation de visage,फ़ेस ऐनिमेशन एडिटर,Editor Animasi Wajah,Editor Animazioni Faccia,顔アニメーション編集,얼굴 애니메이션 편집기,Edytor animacji twarzy,Editor de animação facial,,เครื่องมือแก้ไขแอนิเมชันใบหน้า,Yüz Animasyonu Düzenleyici,Trình Chỉnh Sửa Hiệu Ứng Động Khuôn Mặt,面部动画编辑器,面部动画编辑器,臉部動畫編輯器
Studio.AnimationClipEditor.Title.FACE,,,Face Editor,Face Editor,محرر الوجه,Gesichtseditor,Editor facial,Éditeur de visage,चेहरे का एडिटर,Editor Wajah,Editor Viso,顔編集,얼굴 편집기,Edytor twarzy,Editor de rosto,Лицо,เครื่องมือแก้ไขใบหน้า,Yüz Düzenleyici,Trình Chỉnh Sửa Khuôn Mặt,脸部编辑器,脸部编辑器,臉部編輯器
Studio.AnimationClipEditor.Title.Symmetry,,,Symmetry,Symmetry,تناظر,Symmetrie,Simetría,Symétrie,सिमिट्री,Simetri,Simmetria,対称性,대칭,Symetria,Simetria,Симметрия,ความสมมาตร,Simetri,Đối Xứng,对称度,对称度,對稱
Studio.AnimationClipEditor.Title.HoverOverNameDisplay,,,Hover-over name display,Hover-over name display,تمرير المؤشر فوق اسم العرض,Hover-Over-Namenanzeige,Nombre flotante,Affichage du nom avec le curseur,नाम के डिसप्ले के ऊपर होवर करें,Tampilkan nama dengan arahkan kursor,Passa cursore su visualizzazione nome,マウスオーバー名表示,커서 올리기 이름 표시,Wyświetlanie nazwy po najechaniu,Nome flutuante,,การแสดงชื่อการวางเคอร์เซอร์อยู่เหนือ,Üzerinde gezinmede ad görünümü,Hiển thị tên khi di chuột đến,悬停名称显示,悬停名称显示,停放名稱顯示
Studio.AnimationClipEditor.Title.ClickToRevealInput,,,Click to reveal value input,Click to reveal value input,انقر للكشف عن إدخال القيمة,"Klicken, um die Werteingabe anzuzeigen",Hacer clic para mostrar la entrada de valor,Cliquer pour afficher la valeur d'entrée,वैल्यू इनपुट दिखाने के लिए क्लिक करें,Klik untuk mengungkap input nilai,Clicca per rivelare input valore,クリックして値の入力を表示,클릭하여 입력 값 표시,"Kliknij, aby pokazać pole wprowadzania wartości",Clique para mostrar a entrada do valor,,คลิกเพื่อเปิดเผยอินพุตค่า,Değer girişini göstermek için tıkla,Nhấp để hiển thị giá trị đầu vào,点按来显示输入值,点按来显示输入值,點擊顯示輸入值
Studio.AnimationClipEditor.Title.ShowValueInput,,,Show a value input for precise manipulation,Show a value input for precise manipulation,إظهار إدخال القيمة للمعالجة الدقيقة,Werteeingabe für genaue Manipulation anzeigen,Mostrar una entrada de valor para la manipulación precisa,Afficher une valeur d'entrée pour une manipulation précise,सटीक हेरफेर के लिए मान इनपुट दिखाएँ,Tampilkan input nilai untuk manipulasi yang presisi,Mostra un input valore per una manipolazione precisa,正確な動作のために値入力を表示,정밀 조작을 위해 입력 값 표시,Pokaż pole wprowadzania wartości do precyzyjnej manipulacji,Mostrar uma entrada de valor para manipulação precisa,,แสดงอินพุตค่าสำหรับการจัดการอย่างแม่นยำ,Hassas manipülasyon için değer girişi göster,Hiển thị giá trị đầu vào để thao tác chính xác,显示输入值进行精确操作,显示输入值进行精确操作,顯示輸入值進行精準操作
Studio.AnimationClipEditor.Settings.DefaultRotationType,,,Default Rotation Type,Default Rotation Type,نوع التدوير الافتراضي,Standard-Drehungstyp,Tipo de rotación predeterminado,Type de rotation par défaut,डिफ़ॉल्ट रोटेशन टाइप,Tipe Rotasi Default,Tipo di rotazione predefinito,デフォルト回転タイプ,기본 회전 유형,Domyślny tryb obracania,Tipo de rotação padrão,,ประเภทการหมุนค่าเริ่มต้น,Varsayılan döndürme türü,Kiểu Xoay Mặc Định,默认旋转类型,默认旋转类型,預設旋轉類型
Studio.AnimationClipEditor.Settings.Quaternions,,,Quaternions,Quaternions,الرباعيات,Quaternionen,Cuaterniones,Quaternions,क्वॉर्टरनियन,Kuarternion,Quaternione,四元数,사원수,Kwaterniony,Quatérnios,,ควอเทอร์เนียน,Dördey,Hệ số siêu phức,四元数,四元数,四元數
Studio.AnimationClipEditor.Settings.EulerAngles,,,Euler Angles,Euler Angles,زوايا أويلر,Euler-Winkel,Ángulos Euler,Angles d'Euler,यूलर ऐंगल,Sudut Euler,Angoli di Eulero,オイラー角度,오일러 각도,Kąty Eulera,Ângulos de Euler,,มุมออยเลอร์,Euler açısı,Góc Euler,欧拉角,欧拉角,歐拉角
Studio.AnimationClipEditor.ContextMenu.EulerAnglesOrder,,,Euler Angles Order,Euler Angles Order,ترتيب زوايا أويلر,Reihenfolge der Euler-Winkel,Orden de ángulos Euler,Ordre des angles d'Euler,यूलर ऐंगल ऑर्डर,Urutan Sudut Euler,Ordine Angoli Euler,オイラー角度の順序,오일러 각도 순서,Kolejność kątów Eulera,Ordem dos ângulos do Euler,,ลำดับมุมออยเลอร์,Euler açısı sırası,Thứ Tự Góc Euler,欧拉角顺序,欧拉角顺序,歐拉角順序
Studio.AnimationClipEditor.Settings.DefaultEulerAnglesOrder,,,Default Euler's Angles Order,Default Euler's Angles Order,الترتيب الافتراضي لزوايا أويلر,Standardmäßige Reihenfolge der Euler-Winkel,Orden predeterminado de ángulos Euler,Ordre des angles d'Euler par défaut,डिफ़ॉल्ट यूलर ऐंगल ऑर्डर,Urutan Sudut Euler Default,Ordine Angoli Di Eulero Predefinito,デフォルトのオイラーの角度順序,기본 오일러 각도 순서,Domyślna kolejność kątów Eulera,Ordem padrão dos ângulos de Euler,,ลำดับมุมออยเลอร์ค่าเริ่มต้น,Varsayılan Euler açısı sırası,Thứ Tự Góc Euler Mặc Định,默认欧拉角顺序,默认欧拉角顺序,預設歐拉角順序
Studio.AnimationClipEditor.Settings.XYZ,,,XYZ,XYZ,XYZ,XYZ,XYZ,XYZ,XYZ,XYZ,XYZ,XYZ,XYZ,XYZ,XYZ,XYZ,XYZ,XYZ,XYZ,XYZ,XYZ,XYZ
Studio.AnimationClipEditor.Settings.XZY,,,XZY,XZY,XZY,XZY,XZY,XZ,XZY,XZY,XZY,XZY,XZY,XZY,XZY,XZY,XZY,XZY,XZY,XZY,XZY,XZY
Studio.AnimationClipEditor.Settings.YXZ,,,YXZ,YXZ,YXZ,YXZ,YXZ,YXZ,YXZ,YXZ,YXZ,YXZ,YXZ,YXZ,YXZ,YXZ,YXZ,YXZ,YXZ,YXZ,YXZ,YXZ
Studio.AnimationClipEditor.Settings.YZX,,,YZX,YZX,YZX,YZX,YZX,YZX,YZX,YZX,YZX,YZX,YZX,YZX,YZX,YZX,YZX,YZX,YZX,YZX,YZX,YZX
Studio.AnimationClipEditor.Settings.ZXY,,,ZXY,ZXY,ZXY,ZXY,ZXY,ZXY,ZXY,ZXY,ZXY,ZXY,ZXY,ZXY,ZXY,ZXY,ZXY,ZXY,ZXY,ZXY,ZXY,ZXY
Studio.AnimationClipEditor.Settings.ZYX,,,ZYX,ZYX,ZYX,ZYX,ZYX,ZYX,ZYX,ZYX,ZYX,ZYX,ZYX,ZYX,ZYX,ZYX,ZYX,ZYX,ZYX,ZYX,ZYX,ZYX
Studio.AnimationClipEditor.Dialog.PromotePrompt1,,,This will copy your KeyframeSequence clip and convert it to a new CurveAnimation clip. CurveAnimation clips cannot be converted back and may not work with third party Studio Plugins. Would you like to continue?,This will copy your KeyframeSequence clip and convert it to a new CurveAnimation clip. CurveAnimation clips cannot be converted back and may not work with third party Studio Plugins. Would you like to continue?,هذا الإجراء سينسخ مقطع KeyframeSequence وتحويله إلى مقطع CurveAnimation جديد. لا يمكن إعادة تحويل مقاطع CurveAnimation مرة أخرى وقد لا تعمل مع المكونات الإضافية التابعة لأطراف أخرى في Studio. هل تريد الاستمرار؟,Dadurch wird dein KeyframeSequenz-Clip kopiert und in einen neuen CurveAnimation-Clip konvertiert. CurveAnimation-Clips können nicht wieder konvertiert werden und funktionieren möglicherweise nicht mit Studio-Plugins. Möchtest du fortfahren?,Esta acción copiará tu clip KeyframeSequence y lo convertirá en un nuevo clip CurveAnimation. Los clips de CurveAnimation no se pueden volver a convertir y pueden no funcionar con plugins de Studio de terceros. ¿Quieres continuar?,Cela copiera ton clip KeyframeSequence et le convertira en un nouveau clip CurveAnimation. Les clips CurveAnimation ne peuvent pas être reconvertis et peuvent ne pas fonctionner avec des plugins Studio tiers. Veux-tu continuer ?,यह आपकी KeyframeSequence क्लिप को कॉपी कर देगा और इसे एक नई CurveAnimation क्लिप में बदल देगा. CurveAnimation क्लिप्स को वापस कन्वर्ट नहीं किया जा सकता है और हो सकता है कि ये थर्ड पार्टी स्टूडियो प्लग-इन के साथ काम न करें. क्या आपको जारी रखना है?,Tindakan ini akan menyalin klip KeyframeSequence dan mengonversinya menjadi klip CurveAnimation. Klip CurveAnimation tidak dapat dikonversi kembali dan mungkin tidak berfungsi dengan Plugin Studio dari pihak ketiga. Apakah kamu ingin melanjutkan?,Questo copierà il tuo clip KeyframeSequence e convertirlo in una nuova clip CurveAnimation. CurveI clip di animazione non possono essere convertiti indietro e potrebbero non funzionare con plugin di Studio di terze parti. Vuoi continuare?,これによって KeyframeSequence クリップがコピーされ、新しい CurveAnimation クリップに変換されます。CurveAnimation クリップは元に戻すことができず、サードパーティ製の Studio プラグインでは動作しない可能性があります。続行しますか？,이 작업을 진행하면 KeyframeSequence 클립이 복사되어 새 CurveAnimation 클립으로 변환됩니다. CurveAnimation 클립 변환은 되돌릴 수 없으며 제삼자 Studio 플러그인에서 작동하지 않을 수 있습니다. 계속할까요?,Spowoduje to skopiowanie klipu KeyframeSequence i przekonwertowanie go na nowy klip CurveAnimation. Klipów CurveAnimation nie można przekonwertować z powrotem i mogą one nie działać w dodatkach plug-in do aplikacji Studio innych firm. Czy chcesz kontynuować?,Isto irá copiar seu clipe KeyframeSequence e convertê-lo em um novo clipe CurveAnimation. Clipes CurveAnimation não podem ser convertidos de volta e podem não funcionar com plugins de terceiros no Studio. Gostaria de continuar?,,การดำเนินการนี้จะคัดลอกคลิป KeyframeSequence ของคุณ และแปลงเป็นคลิป CurveAnimation ใหม่ คลิป CurveAnimation ไม่สามารถแปลงกลับได้ และอาจไม่ทำงานร่วมกับ Studio Plugins ของบุคคลภายนอก คุณต้องการดำเนินการต่อหรือไม่?,"Bu işlem, KeyframeSequence klibini kopyalayıp yeni bir CurveAnimation klibine dönüştürecek. CurveAnimation klipleri geri dönüştürülemez ve üçüncü taraf Studio eklentileriyle çalışmayabilir. Devam etmek istiyor musun?",Thao tác này sẽ sao chép clip KeyframeSequence của bạn và chuyển thành một clip CurveAnimation mới. Bạn sẽ không thể chuyển lại clip CurveAnimation và clip này có thể không tương thích với các Plugin Studio của bên thứ ba. Bạn có muốn tiếp tục không?,此操作将复制你的 KeyframeSequence 片段并将转换为一个全新的 CurveAnimation 片段。CurveAnimation 片段将无法转换回原始格式，并可能无法与第三方 Studio 插件兼容。是否要继续？,此操作将复制你的 KeyframeSequence 片段并将转换为一个全新的 CurveAnimation 片段。CurveAnimation 片段将无法转换回原始格式，并可能无法与第三方 Studio 插件兼容。是否要继续？,此操作將會複製您的 KeyframeSequence 片段並轉換成新的 CurveAnimation 片段。CurveAnimation 片段無法再往回轉換，並可能和第三方 Studio 外掛程式不相容。繼續？
Studio.AnimationClipEditor.Toast.CannotPasteError,,,Cannot paste keyframes into the track,Cannot paste keyframes into the track,لا يمكن لصق الأطر الرئيسية في المسار,Kann Keyframes nicht in den Track einfügen,No se pueden pegar fotogramas clave en la pista,Impossible de coller les images clés dans la piste,ट्रैक में कीफ़्रेम पेस्ट नहीं किया जा सकता,Tidak dapat menempelkan keyframe ke trek,Impossibile incollare i fotogrammi chiave nella traccia,曲にキーフレームをペーストできません,트랙에 키프레임을 붙여넣을 수 없습니다,Nie można wkleić klatek kluczowych do ścieżki,Não é possível colar quadros-chaves na faixa,,ไม่สามารถวางคีย์เฟรมลงในแทร็กได้,Parçaya anahtar kare yapıştırılamıyor,Không thể dán điểm chốt vào track,无法将关键帧粘贴至轨迹,无法将关键帧粘贴至轨迹,無法將關鍵格貼入軌跡
Studio.AnimationClipEditor.Tooltip.GoToDopesheetEditor,,,Go to the Dopesheet Editor,Go to the Dopesheet Editor,الذهاب إلى محرر Dopesheet,Zum Dopesheet-Editor wechseln,Ir a Editor de dope sheet,Aller à l'éditeur Dopesheet,डोपशीट एडिटर पर जाएँ,Buka Editor Dopesheet,Vai all'editor di Dopesheet,ドープシート編集に移動,도프시트 편집기로 이동,Przejdź do edytora dopesheet,Ir para o Editor de dopesheet,,ไปที่เครื่องมือแก้ไข Dopesheet,Veri Formu Düzenleyici'ye git,Đi đến Trình Chỉnh Sửa Dopesheet,前往关键帧清单编辑器,前往关键帧清单编辑器,前往分鏡表編輯器
Studio.AnimationClipEditor.Tooltip.GoToCurveEditor,,,Go to the Curve Editor,Go to the Curve Editor,الانتقال إلى محرر المنحنيات,Zum Kurven-Editor wechseln,Ir a Editor de curvas,Aller à l'éditeur de courbes,कर्व एडिटर पर जाएँ,Buka Editor Kurva,Vai all'editor delle curve,曲線編集に移動,커브 편집기로 이동,Przejdź do edytora krzywych,Ir para o Editor de curvas,,ไปที่เครื่องมือแก้ไขเส้นโค้ง,Eğri Düzenleyici'ye git,Đi đến Trình Chỉnh Sửa Curve,前往曲线编辑器,前往曲线编辑器,前往曲線編輯器
Studio.AnimationClipEditor.Title.AutoFocusFace,,,Focus Face,Focus Face,الوجه المركّز,Gesicht fokussieren,Cara con enfoque,Focus sur le visage,फ़ोकस फ़ेस,Fokus Wajah,Faccia Focus,顔にフォーカス,얼굴 포커스,Wyśrodkuj na twarzy,Rosto concentrado,,โฟกัสที่ใบหน้า,Yüze odaklan,Tập Trung Vào Khuôn Mặt,聚焦面部,聚焦面部,聚焦臉部
Studio.AnimationClipEditor.Title.ResetAll,,,Reset All,Reset All,إعادة تعيين الكل,Alles zurücksetzen,Restablecer todo,Tout réinitialiser,सभी को रीसेट करें,Reset Semua,Reimposta Tutto,すべてリセット,모두 재설정,Zresetuj wszystko,Redefinir tudo,Сбросить все,รีเซ็ตทั้งหมด,Tümünü sıfırla,Đặt Lại Tất Cả,全部重置,全部重置,全部重置
Studio.AnimationClipEditor.FaceControlsEditorButtonCallout.Title,,,Face Animation Editor,Face Animation Editor,محرر محرك الوجوه,Gesichtsanimationseditor,Editor de animación facial,Éditeur d'animation de visage,फ़ेस ऐनिमेशन एडिटर,Editor Animasi Wajah,Editor Animazioni Faccia,顔アニメーション編集,얼굴 애니메이션 편집기,Edytor animacji twarzy,Editor de animação facial,,เครื่องมือแก้ไขแอนิเมชันใบหน้า,Yüz Animasyonu Düzenleyici,Trình Chỉnh Sửa Hiệu Ứng Động Khuôn Mặt,面部动画编辑器,面部动画编辑器,臉部動畫編輯器
Studio.AnimationClipEditor.FaceControlsEditorButtonCallout.Description,,,The Face Animation Editor provides a user-friendly interface for creating and editing facial animations for dynamic heads.,The Face Animation Editor provides a user-friendly interface for creating and editing facial animations for dynamic heads.,يوفر محرر محرّك الوجوه واجهة سهلة الاستخدام لإنشاء وتحرير الرسوم المتحركة للرؤوس الديناميكية.,Der Gesichtsanimationseditor bietet eine benutzerfreundliche Oberfläche zur Erstellung und Bearbeitung von Gesichtsanimationen für dynamische Köpfe.,El Editor de animación facial proporciona una interfaz fácil de usar para crear y editar animaciones faciales para cabezas dinámicas.,L'éditeur d'animation de visage fournit une interface conviviale pour la création et l'édition d'animations faciales pour les têtes dynamiques.,चेहरे का ऐनिमेशन एडिटर डायनैमिक हेड के लिए चेहरे के ऐनिमेशन बनाने और एडिट करने के लिए यूज़र के हिसाब से इंटरफ़ेस देता है.,Editor Animasi Wajah memberikan antarmuka yang mudah digunakan untuk membuat dan mengedit animasi wajah untuk kepala dinamis.,Il Face Animation Editor fornisce un'interfaccia user-friendly per creare e modificare animazioni facciali per teste dinamiche.,顔アニメーション編集は、ダイナミックヘッド用の表情アニメーションを作成し、編集するためのユーザーフレンドリーなインターフェースを提供しています。,얼굴 애니메이션 편집기는 다이내믹 헤드의 얼굴 애니메이션 제작 및 편집을 위한 사용자 친화적인 인터페이스를 제공합니다.,Edytor animacji twarzy udostępnia przyjazny dla użytkownika interfejs do tworzenia i edytowania animacji twarzy na potrzeby głów dynamicznych.,O editor de animação de face oferece uma interface amigável para criar e editar animações faciais para cabeças dinâmicas,,เครื่องมือแก้ไขแอนิเมชันใบหน้ามีอินเตอร์เฟซที่สะดวกต่อการใช้งานสำหรับการสร้าง และการแก้ไขแอนิเมชันใบหน้าสำหรับศีรษะไดนามิก,"Yüz Animasyonu Düzenleyici, dinamik kafalar için yüz animasyonu oluşturma ve düzenlemeyi kolaylaştırmak için kullanıcı dostu bir arayüz sunar.",Trình Chỉnh Sửa Hiệu Ứng Động Khuôn Mặt có giao diện dễ sử dụng để bạn có thể tạo và chỉnh sửa hiệu ứng động khuôn mặt cho đầu nhân vật có cử động linh hoạt.,面部动画编辑器可以让你轻松地创作并编辑动态头部的面部动画。,面部动画编辑器可以让你轻松地创作并编辑动态头部的面部动画。,易於使用的臉部動畫編輯器介面可以讓您創作和編輯動態頭部的臉部動畫。
Studio.AnimationClipEditor.AnimationFromVideo.Initializing,,,Getting started...,Getting started...,بدء العمل...,Los geht's ...,Empezando...,Démarrage en cours...,शुरू हो रहा है...,Mulai...,Per iniziare...,初期化中…,시작합니다...,Rozpoczynanie...,Começando...,,กำลังจะเริ่มต้น...,Başlanıyor...,Bắt đầu...,正在初始化...,正在初始化...,正在初始化……
Studio.AnimationClipEditor.AnimationFromVideo.Pending,,,Video pending – please wait...,Video pending – please wait...,الفيديو معلق – الرجاء الانتظار...,Video ausstehend – bitte warten ...,Video pendiente. Espera...,Vidéo en attente – Patienter...,वीडियो पेंडिंग है - इंतज़ार करें...,Video pending – harap tunggu...,Video in attesa – attendere prego...,動画は保留中です。しばらくお待ちください...,비디오가 대기 중입니다. 잠시 기다려 주세요...,Oczekiwanie na film – czekaj...,Vídeo pendente – por favor aguarde...,,วิดีโอกำลังรอดำเนินการ – โปรดรอสักครู่...,Video bekleniyor. Lütfen bekle...,"Đang chờ xử lý video, vui lòng chờ...",视频处理中 - 请稍候...,视频处理中 - 请稍候...,影片待處理中，請稍後……
Studio.AnimationClipEditor.AnimationFromVideo.Processing,,,Your video is processing...,Your video is processing...,تتم معالجة الفيديو...,Dein Video wird verarbeitet ...,Tu video se está procesando...,Ta vidéo est en cours de traitement...,आपका वीडियो प्रोसेस हो रहा है...,Videomu sedang diproses...,Il tuo video sta elaborando...,ビデオを処理しています...,비디오를 처리하고 있습니다...,Trwa przetwarzanie filmu...,Seu vídeo está processando...,,วิดีโอของคุณกำลังประมวลผล...,Videon işleniyor...,Video của bạn đang được xử lý...,你的视频正在处理中...,你的视频正在处理中...,影片處理中……
Studio.AnimationClipEditor.AnimationFromVideo.RequiresModeration,,,Our moderation team is taking a look – we'll be in touch shortly.,Our moderation team is taking a look – we'll be in touch shortly.,سيلقي فريق الإشراف لدينا النظر في هذا، سوف نعاود الاتصال بك قريبًا.,Unser Moderationsteam wird dies überprüfen – wir melden uns in Kürze.,Nuestro equipo de moderación está echando un vistazo. Nos pondremos en contacto a la brevedad.,Notre équipe de modération est en train de jeter un coup d’œil. Nous te contacterons sous peu.,हमारी मॉडरेशन टीम इस पर गौर कर रही है - हम जल्द ही आपसे संपर्क करेंगे.,Tim moderasi kami sedang memeriksanya – kami akan segera mengabarimu.,Il nostro team di moderazione sta dando un'occhiata – saremo in contatto a breve.,当社のモデレーションチームが確認中です。まもなくご連絡します。,검열 팀에서 항목을 검토하고 있습니다. 완료되는 대로 알려 드리겠습니다.,Nasz zespół moderatorów rzuci na wszystko okiem – skontaktujemy się z tobą wkrótce.,Nossa equipe de moderação está verificando – entraremos em contato em breve.,,ทีมกลั่นกรองของเรากำลังตรวจสอบ – เราจะติดต่อกลับไปในเร็วๆ นี้,Denetim ekibimiz inceleme yapıyor. Kısa bir süre sonra sana ulaşacağız.,Nhóm kiểm duyệt của chúng tôi đang xét duyệt. Chúng tôi sẽ sớm liên lạc với bạn.,我们的审核团队正在核对，我们将尽快与您取得联系。,我们的审核团队正在核对，我们将尽快与您取得联系。,管理員正在進行審查，我們將會盡速聯絡您。
Studio.AnimationClipEditor.AnimationFromVideo.Error,,,"We encountered an error. Please try again in a bit, and if you continue to see this error, you may need to try a new video.","We encountered an error. Please try again in a bit, and if you continue to see this error, you may need to try a new video.",لقد واجهنا خطأ. الرجاء المحاولة مرة أخرى لاحقًا. إذا استمر الخطأ في الظهور، قد يتعين عليك تجربة فيديو جديد.,"Es ist ein Fehler aufgetreten. Bitte versuche es in Kürze erneut. Sollte der Fehler weiterhin auftreten, musst du möglicherweise ein neues Video ausprobieren.","Se produjo un error. Inténtelo de nuevo en unos minutos. Si continúas viendo este error, prueba a usar un nuevo video.","Une erreur s'est produite. Réessayer plus tard et si tu continues à voir cette erreur, tu devras peut-être essayer une nouvelle vidéo.","हमें कोई गड़बड़ी मिली. कृपया थोड़ी देर बाद फिर से कोशिश करें. अगर आपको यह गड़बड़ी दिखती रहती है, तो हो सकता है कि आपको कोई नया वीडियो आज़माना पड़े.","Kami menemukan eror. Coba lagi nanti. Jika eror ini terus muncul, kamu mungkin harus mencoba video baru.","Abbiamo incontrato un errore. Si prega di riprovare tra un po ', e se si continua a vedere questo errore, potrebbe essere necessario provare un nuovo video.",エラーが発生しました。 もう一度やり直してください。このエラーが引き続き表示される場合は、新しいビデオで試してみる必要があります。,오류가 발생했습니다. 잠시 후 다시 시도하세요. 이 오류가 계속 발생할 경우 다른 비디오를 사용해야 할 수 있습니다.,"Wystąpił błąd. Spróbuj ponownie za jakiś czas, a jeśli ten błąd będzie się powtarzać, konieczne może być wypróbowanie nowego filmu.","Encontramos um erro. Por favor, tente novamente em um momento, e se você continuar a ver este erro, talvez seja necessário tentar um novo vídeo.",,เราพบได้ข้อผิดพลาด โปรดลองอีกครั้งในอีกสักครู่ และหากคุณยังคงพบข้อผิดพลาดนี้อยู่ คุณอาจจำเป็นต้องลองวิดีโอใหม่,Bir hatayla karşılaştık. Lütfen bir süre sonra tekrar dene. Bu hatayı görmeye devam edersen yeni bir video denemen gerekebilir.,"Chúng tôi đã gặp lỗi. Vui lòng thử lại sau ít phút. Nếu lỗi này vẫn tiếp diễn, bạn có thể sẽ cần thử một video mới.",发生错误，请稍后重试。如果你持续遇到此问题，请尝试使用新视频。,发生错误，请稍后重试。如果你持续遇到此问题，请尝试使用新视频。,發生錯誤，請稍後再試。若錯誤持續，請嘗試其他影片。
Studio.AnimationClipEditor.AnimationFromVideo.ModerationRejected,,,Your animation did not comply with our moderation rules. Please try a different video.,Your animation did not comply with our moderation rules. Please try a different video.,لا يمتثل رسمك المتحرك لقواعد الإشراف. الرجاء استخدام فيديو آخر.,Deine Animation entspricht nicht unseren Moderationsregeln. Bitte probiere ein anderes Video aus.,Tu animación no cumplió con nuestras reglas de moderación. Prueba a usar un video diferente.,Ton animation ne respecte pas nos règles de modération. Essayer une autre vidéo.,आपका ऐनिमेशन हमारे मॉडरेशन नियमों का पालन नहीं करता है. दूसरा वीडियो आज़माएँ.,Animasimu tidak mematuhi aturan moderasi kami. Coba video lain.,La tua animazione non è stata conforme alle nostre regole di moderazione. Prova con un video diverso.,あなたのアニメーションは内容規制のルールを守っていません。別のビデオを試してください。,애니메이션이 검열 규정에 맞지 않습니다. 다른 비디오를 사용하세요.,Twoja animacja była niezgodna z naszymi regułami moderacji. Spróbuj użyć innego filmu.,"Sua animação não está de acordo com nossas regras de moderação. Por favor, tente um vídeo diferente.",,แอนิเมชันของคุณไม่เป็นไปตามกฎการกลั่นกรองของเรา โปรดลองวิดีโออื่น,"Animasyonun, düzenleme kurallarımıza uygun bulunmadı. Lütfen farklı bir video dene.",hiệu ứng động của bạn không tuân thủ quy tắc kiểm duyệt của chúng tôi. Vui lòng thử một video khác.,你的动画没有遵守我们的审核标准，请尝试使用其他视频。,你的动画没有遵守我们的审核标准，请尝试使用其他视频。,您的動畫未通過審查，請嘗試其他影片。
Studio.AnimationClipEditor.AnimationFromVideo.Success,,,Success! Your animation is ready.,Success! Your animation is ready.,نجاح! رسمك المتحرك جاهز الآن.,Erfolg! Deine Animation ist bereit.,¡Hecho! Tu animación está lista.,Félicitations ! Ton animation est prête.,काम हो गया! आपका ऐनिमेशन तैयार है.,Berhasil! Animasimu sudah siap.,Successo! La tua animazione è pronta.,完了！アニメーションの準備ができました。,작업 완료! 애니메이션이 준비되었습니다.,Udało się! Animacja jest gotowa.,Sucesso! Sua animação está pronta.,,สำเร็จ! แอนิเมชันของคุณพร้อมแล้ว,Başarılı! Animasyonun hazır.,Thành công! hiệu ứng động của bạn đã sẵn sàng.,成功！动画已准备就绪。,成功！动画已准备就绪。,動畫準備完畢！
Studio.AnimationClipEditor.AnimationFromVideo.InputTooLong,,,That video is too long – try a video shorter than 15 seconds.,That video is too long – try a video shorter than 15 seconds.,هذا الفيديو طويل جدًا - جرب فيديو أقل من 15 ثانية.,"Dieses Video ist zu lang – versuche es mit einem Video, das kürzer als 15 Sekunden ist.",Ese video es demasiado largo. Prueba a usar un video de menos de 15 segundos.,Cette vidéo est trop longue. Essayer une vidéo de moins de 15 secondes.,वह वीडियो बहुत लंबा है - 15 सेकंड से कम का वीडियो आज़माएं.,Video tersebut terlalu panjang – coba video dengan durasi kurang dari 15 detik.,Quel video è troppo lungo – prova un video più corto di 15 secondi.,ビデオが長すぎます。15秒未満の動画をお試しください。,비디오가 너무 깁니다. 15초 미만의 비디오를 사용하세요.,Ten film jest za długi – spróbuj użyć filmu krótszego niż 15 sekund.,Esse vídeo é muito longo – tente um vídeo menor que 15 segundos.,,วิดีโอนั้นยาวเกินไป – ลองวิดีโอที่สั้นกว่า 15 วินาที,Video çok uzun. 15 saniyeden kısa bir video kullanmayı dene.,"Video đó quá dài, hãy thử một video ngắn hơn 15 giây.",视频过长，请使用 15 秒以内的视频。,视频过长，请使用 15 秒以内的视频。,影片過長，請使用 15 秒以內的影片。
Studio.AnimationClipEditor.AnimationFromVideo.InputHasNoPerson,,,"Couldn't detect a person – try a video with a person fully in frame, facing the camera.","Couldn't detect a person – try a video with a person fully in frame, facing the camera.",تعذر الكشف عن شخص ما - جرب فيديو مع شخص كامل ضمن الإطار مقابلاً الكاميرا.,"Es konnte keine Person erkannt werden – versuche es mit einem Video, bei dem die Person vollständig im Bild und der Kamera zugewandt ist.",No se pudo detectar a la persona. Prueba a usar un video con una persona completamente dentro del marco y viendo hacia la cámara.,"Impossible de détecter une personne. Essayer une vidéo avec une personne entièrement dans le cadre, face à la caméra.","कोई व्यक्ति नहीं मिला - वीडियो बनाने के लिए, किसी व्यक्ति का पूरी तरह फ़्रेम में रहना और कैमरे में देखना ज़रूरी है.",Tidak dapat mendeteksi orang – coba video dengan orang yang tampak sepenuhnya dalam frame dan menghadap kamera.,"Impossibile rilevare una persona – prova un video con una persona completamente in cornice, di fronte alla fotocamera.",人を検出できませんでした 。カメラの方を向いているフレーム内の人物があるビデオを試してください。,사람을 감지할 수 없습니다. 사람이 카메라를 향하고 있으며 프레임 안에 완전히 속한 비디오를 사용하세요.,"Nie można wykryć osoby – spróbuj użyć filmu, w którym osoba jest w całości w kadrze, zwrócona twarzą do kamery.","Não foi possível detectar uma pessoa - tente um vídeo com uma pessoa totalmente enquadrada, virada para a câmera.",,ไม่สามารถตรวจบุคคลได้ – โปรดลองวิดีโอที่มีบุคคลอยู่ในเฟรมแบบเต็มตัว และหันหน้าเข้าหากล้อง,Kişi tespit edilemedi. Yüzü kameraya dönük bir kişinin tamamen çerçevede olduğu bir video dene.,"Không tìm thấy người, hãy thử một video quay một người đứng đối diện với ống kính, có toàn thân xuất hiện trong khung hình.",无法检测到人物，请使用含有全身入镜，面对镜头的人物视频。,无法检测到人物，请使用含有全身入镜，面对镜头的人物视频。,偵測不到人物，請使用含有全身入鏡、面相鏡頭的人物的影片。
Studio.AnimationClipEditor.AnimationFromVideo.InputUnstable,,,That video is too shaky – try a more stable video.,That video is too shaky – try a more stable video.,هذا الفيديو يرتجف كثيرًا - جرب فيديو أكثر استقرارًا.,Dieses Video ist zu wackelig – versuche es mit einem stabileren Video.,Ese video es muy inestable. Prueba a usar uno más estable.,Cette vidéo est trop instable. Essayer une vidéo plus stable.,वह वीडियो बहुत अस्थिर है - और स्थिर वीडियो आज़माएँ.,Video tersebut terlalu tidak stabil – coba dengan video yang lebih stabil.,Quel video oscilla troppo – prova un video più stabile.,そのビデオは不安定です。もっと安定性のあるビデオをお試しください。,비디오 화면이 너무 흔들립니다. 좀 더 안정적인 비디오를 사용하세요.,W tym filmie jest za dużo ruchu – spróbuj użyć stabilniejszego filmu.,Esse vídeo balança muito – tente um vídeo mais estável.,,วิดีโอนั้นส่ายเกินไป – ลองวิดีโอที่มีความเสถียรกว่านี้,Video çok sarsıntılı. Daha sabit bir video kullanmayı dene.,"Video đó quá rung lắc, hãy thử một video ổn định hơn.",视频摇晃幅度过大，请使用拍摄更稳定的视频。,视频摇晃幅度过大，请使用拍摄更稳定的视频。,影片搖晃幅度過大，請使用更穩的影片。
Studio.AnimationClipEditor.AnimationFromVideo.TimedOut,,,"Sorry, we're unable to process your video right now due to a high volume of requests. Please try again in a bit.","Sorry, we're unable to process your video right now due to a high volume of requests. Please try again in a bit.",عذرًا، لن نتمكن من معالجة الفيديو الآن بسبب الطلبات الكثيرة الواردة. الرجاء المحاولة مرة أخرى لاحقًا.,Leider können wir dein Video aufgrund der hohen Anzahl von Anfragen im Moment nicht bearbeiten. Bitte versuche es in Kürze erneut.,"Lo sentimos, no podemos procesar tu video ahora mismo debido a un alto volumen de solicitudes. Inténtalo de nuevo en un rato.","Désolé, nous n'avons pas pu traiter ta vidéo pour le moment en raison d'un volume élevé de requêtes. Réessayer plus tard.","माफ़ करें, बहुत ज़्यादा रिक्वेस्ट के कारण हम अभी आपके वीडियो को प्रोसेस नहीं कर पा रहे हैं. कृपया थोड़ी देर बाद फिर से कोशिश करें.","Maaf, kami tidak dapat memproses videomu saat ini karena adanya volume permintaan yang tinggi. Coba lagi nanti.","Siamo spiacenti, non siamo in grado di elaborare il tuo video in questo momento a causa di un elevato volume di richieste. Riprova tra poco.",申し訳ありませんが、現在はリクエストが多すぎるためビデオを処理できません。もう少し後にまたお試しください。,죄송합니다. 현재 요청이 많아 비디오를 처리할 수 없습니다. 잠시 후 다시 시도하세요.,Niestety w tej chwili nie udało się przetworzyć filmu ze względu na dużą liczbę żądań. Spróbuj ponownie za jakiś czas.,Não conseguimos processar seu vídeo agora devido a um grande volume de pedidos. Tente novamente mais tarde.,,ขออภัย เราไม่สามารถประมวลผลวิดีโอของคุณได้ในขณะนี้เนื่องจากมีคำขอจำนวนมากเกินไป โปรดลองอีกครั้งในอีกสักครู่,"Üzgünüz, çok sayıda istek aldığımız için şu anda videonu işleyemiyoruz. Lütfen bir süre sonra tekrar dene.","Rất tiếc, chúng tôi không thể xử lý video của bạn tại thời điểm này do lượng yêu cầu quá lớn. Vui lòng thử lại sau ít phút.",抱歉，由于请求数量过大，目前我们无法处理你的视频。请稍后重试。,抱歉，由于请求数量过大，目前我们无法处理你的视频。请稍后重试。,很抱歉，因請求過多，我們目前無法處理您的影片。請稍後再試。
Studio.AnimationClipEditor.AnimationFromVideo.Cancelled,,,Your animation creation has been canceled.,Your animation creation has been canceled.,تم إلغاء إنشاء الرسم المتحرك.,Deine Animationserstellung wurde abgebrochen.,Se canceló la creación de animación.,Ta création d'animation a été annulée.,आपका ऐनिमेशन बनाना कैंसिल कर दिया गया है.,Pembuatan animasimu telah dibatalkan.,La creazione dell'animazione è stata annullata.,アニメーションの作成がキャンセルされました。,애니메이션 제작이 취소되었습니다.,Tworzenie animacji zostało anulowane.,A criação da sua animação foi cancelada.,,ยกเลิกการสร้างแอนิเมชันแล้ว,Animasyonunun oluşturulması iptal edildi.,Quá trình tạo hiệu ứng động của bạn đã bị hủy bỏ.,你的动画创作已取消。,你的动画创作已取消。,已取消動畫製作。
Studio.AnimationClipEditor.AnimationFromVideo.TutorialTitle,,,Create animation from video,Create animation from video,إنشاء رسم متحرك من فيديو,Animation aus Video erstellen,Crear animación desde un video,Créer une animation à partir d'une vidéo,वीडियो से ऐनिमेशन क्रिएट करें,Buat animasi dari video,Crea animazione dal video,ビデオからアニメーションを作成,비디오로부터 애니메이션 만들기,Utwórz animację na podstawie filmu,Criar animação a partir de vídeo,,สร้างแอนิเมชันจากวิดีโอ,Videodan animasyon oluştur,Tạo hiệu ứng động từ video,从视频创建动画,从视频创建动画,從影片製作動畫
Studio.AnimationClipEditor.AnimationFromVideo.TutorialText,,,"Choose a short video (15 seconds or less) containing a single person, fully in frame. Try to use a video with a stable, unmoving camera.","Choose a short video (15 seconds or less) containing a single person, fully in frame. Try to use a video with a stable, unmoving camera.",اختر فيديو قصير (15 ثانية أو أقل) يحتوي على شخص واحد كاملاً ضمن الإطار. حاول استخدام فيديو مع كاميرا ثابتة وغير متحركة.,"Wähle ein kurzes Video (15 Sekunden oder weniger) mit einer einzelnen Person, die vollständig im Bild ist. Versuche, ein Video mit einer stabilen, unbeweglichen Kamera zu verwenden.","Elige un video corto (15 segundos o menos) que contenga una sola persona, completamente dentro del marco. Intenta usar un video con una cámara estable e inmóvil.","Choisir une courte vidéo (15 secondes ou moins) contenant une seule personne, entièrement dans le cadre. Essayer d'utiliser une vidéo avec une caméra stable et non mobile.","एक छोटा वीडियो चुनें (15 सेकंड या उससे कम), जिसमें एक ही व्यक्ति, पूरी तरह से फ़्रेम में हो. स्थिर और एक जगह पर टिके हुए कैमरे वाले वीडियो का इस्तेमाल करने की कोशिश करें.",Pilih video singkat (15 detik atau kurang) yang berisi satu orang yang tampak sepenuhnya dalam frame. Sebaiknya gunakan video dengan kamera stabil yang tidak bergerak.,"Scegli un breve video (15 secondi o meno) contenente una singola persona, completamente in fotogramma. Prova a usare un video con una fotocamera stabile e non in movimento.",一人の人物を完全にフレームに収めた短いビデオ（15秒以下）を選択してください。動かない安定したカメラでビデオを使用してみてください。,한 사람이 프레임 안에 완전히 속한 짧은 비디오(15초 이하)를 선택하세요. 카메라 흔들림이 없고 안정적인 비디오를 사용하세요.,"Wybierz krótki film (nie dłuższy niż 15 sekund), na którym widać jedną osobę w całości ujętą w kadrze. Spróbuj użyć filmu, w którym kamera jest stabilna i nie porusza się.","Escolha um vídeo curto (15 segundos ou menos) que contenha uma única pessoa, totalmente enquadrada. Tente usar um vídeo com uma câmera estável e não móvel.",,เลือกวิดีโอสั้น (15 วินาทีหรือน้อยกว่านั้น) มีเพียงบุคคลเดียวอยู่ในเฟรมแบบเต็มตัว ลองใช้วิดีโอที่กล้องมีความเสถียรและไม่เคลื่อนไหว,Tek bir kişinin tamamen çerçevede olduğu kısa bir video (15 saniye ve altı) seç. Kameranın hareket etmediği ve görüntünün sarsılmadığı bir video kullanmayı dene.,"Chọn một video ngắn (từ 15 giây trở xuống) quay một người có toàn thân xuất hiện trong khung hình. Hãy thử sử dụng video được ghi hình bằng camera ổn định, không rung.",选择含有全身入镜、单一人物的短视频（15 秒内）。请尽量使用镜头不摇晃的视频。,选择含有全身入镜、单一人物的短视频（15 秒内）。请尽量使用镜头不摇晃的视频。,選擇含有全身入鏡的單一人物的短片（15 秒以內）。請使用鏡頭不搖晃的影片。
Studio.AnimationClipEditor.AnimationFromVideo.ChooseVideo,,,Choose Video,Choose Video,اختيار فيديو,Video auswählen,Seleccionar video,Choisir une vidéo,वीडियो चुनें,Pilih Video,Scegli Video,ビデオを選ぶ,비디오 선택,Wybierz film,Escolher vídeo,,เลือกวิดีโอ,Video seç,Chọn Video,选择视频,选择视频,選擇影片
Studio.AnimationClipEditor.CurveEditorCallout.Title,,,Curve Editor,Curve Editor,محرر المنحنى,Kurven-Editor,Editor de curvas,Éditeur de courbes,कर्व एडिटर,Editor Kurva,Editor Curve,曲線編集,커브 편집기,Edytor krzywych,Editor de curva,,เครื่องมือแก้ไขเส้นโค้ง,Eğri Düzenleyici,Trình Chỉnh Sửa Đường Cong,曲线编辑器,曲线编辑器,曲線編輯器
Studio.AnimationClipEditor.CurveEditorCallout.Description,,,The Curve Editor is a new way to visually create and edit rich animations within the Animation Editor.,The Curve Editor is a new way to visually create and edit rich animations within the Animation Editor.,محرر المنحنى هو طريقة جديدة لإنشاء وتحرير الرسوم المتحركة الغنية داخل محرر الرسوم المتحركة.,"Der Kurven-Editor ist eine neue Möglichkeit, Animationen im Animation-Editor visuell zu erstellen und zu bearbeiten.",El Editor de curvas es una nueva forma de crear y editar animaciones sofisticadas en el Editor de animación.,L'éditeur de courbes est une nouvelle façon de créer et d'éditer visuellement des animations riches dans l'éditeur d'animation.,कर्व एडिटर ऐनिमेशन एडिटर के अंदर ऐनिमेशन बनाने और एडिट करने का एक नया तरीका है.,Editor Kurva adalah cara baru untuk membuat dan mengedit secara visual animasi kaya dalam Editor Animasi.,L'editor delle curve è un nuovo modo per creare e modificare visivamente le animazioni ricche all'interno dell'editor di animazioni.,曲線編集は、アニメーション編集内でリッチアニメーションを視覚的に作成し、編集する新しい方法です。,커브 편집기는 애니메이션 편집기 내에서 보다 풍부한 애니메이션 비주얼 작업 및 편집을 가능하게 해 주는 새로운 도구입니다.,Edytor krzywych to nowy sposób wizualnego tworzenia i edytowania animacji wzbogaconych w edytorze animacji,O Editor de curva é uma nova maneira visual de criar e editar animações ricas dentro do Editor de animação.,,เครื่องมือแก้ไขเส้นโค้งคือวิธีใหม่ในการสร้างและแก้ไขแอนิเมชันมากมายโดยเห็นภาพ ภายในเครื่องมือแก้ไขแอนิเมชัน,"Eğri Düzenleyici, Animasyon Düzenleyici'de etkileyici animasyonlar oluşturmanın ve düzenlemenin yeni görsel yolu.",Trình Chỉnh Sửa Đường Cong là một phương pháp mới để tạo và chỉnh sửa hiệu ứng động phong phú trong Trình Chỉnh Sửa Hiệu Ứng Động.,全新的曲线编辑器可以让你在动画编辑器中创作并编辑生动的视觉动画。,全新的曲线编辑器可以让你在动画编辑器中创作并编辑生动的视觉动画。,全新的曲線編輯器可以讓您在動畫編輯器中製作並編輯生動的視覺動畫。
Studio.AnimationClipEditor.AnimationFromVideo.MultiplePeopleInFrame,,,Multiple people detected - Please try a video with a single person fully in frame.,Multiple people detected - Please try a video with a single person fully in frame.,تم اكتشاف عدة أشخاص. الرجاء تجربة فيديو بشخص واحد ضمن الإطار.,"Mehrere Personen erkannt – Bitte versuche es mit einem Video, in dem eine einzelne Person vollständig im Bild ist.",Múltiples personas detectadas. Prueba a usar un video con una sola persona completamente adentro del marco.,Plusieurs personnes détectées - Essayer une vidéo avec une seule personne entièrement cadrée.,कई लोगों के फ़्रेम में होने का पता चला - कृपया फ़्रेम में एक ही व्यक्ति के साथ वीडियो आज़माएँ.,Beberapa orang dideteksi - Coba video dengan satu orang yang tampak sepenuhnya dalam frame.,Più persone rilevate - Si prega di provare un video con una singola persona completamente in cornice.,複数の人が検出されました。一人の人をフレーム内に収めてビデオをお試しください。,여러 사람이 감지됨 - 한 사람이 프레임 안에 완전히 속한 비디오를 사용하세요.,"Wykryto więcej osób – spróbuj użyć filmu, na którym jest jedna osoba w pełni widoczna w kadrze.",Várias pessoas detectadas - Tente um vídeo com uma única pessoa totalmente dentro do quadro.,,ตรวจพบหลายบุคคล - โปรดลองวิดีโอที่มีบุคคลเดียวอยู่ในเฟรมแบบเต็มตัว,Birden fazla kişi tespit edildi. Lütfen tek bir kişinin tamamen çerçevede olduğu bir video ile dene.,"Phát hiện có nhiều người. Vui lòng thử một video quay một người duy nhất, có toàn thân xuất hiện trong khung hình.",检测到多个人物，请选择含有全身入镜、单一人物的视频。,检测到多个人物，请选择含有全身入镜、单一人物的视频。,偵測到多個人物，請選擇含有全身入鏡的單一人物的短片。
Studio.AnimationClipEditor.Curves.InterpolationMode2,,,{interpolationMode} Mode,{interpolationMode} Mode,وضع {interpolationMode},{interpolationMode}-Modus,Modo {interpolationMode},Mode {interpolationMode},{interpolationMode} मोड,Mode {interpolationMode},Modalità {interpolationMode},{interpolationMode} モード,{interpolationMode} 모드,Tryb {interpolationMode},Modo {interpolationMode},,โหมด {interpolationMode},{interpolationMode} modu,Chế Độ {interpolationMode},{interpolationMode}模式,{interpolationMode}模式,{interpolationMode}模式
Studio.AnimationClipEditor.Curves.LeftTangentLabel,,,L. Tangent:,L. Tangent:,L. Tangent:,L. Tangente:,Tangente izquierda:,L. Tangent:,L. टैंजेंट :,Tangen Kiri:,L. Tangent:,左タンジェント:,왼쪽 접선:,L. styczna:,Tangente E.:,,แทนเจนต์ซ้าย:,Sol teğet:,Tiếp Tuyến Trái:,左切线：,左切线：,左切線：
Studio.AnimationClipEditor.Curves.RightTangentLabel,,,R. Tangent:,R. Tangent:,R. Tangent:,R. Tangente:,Tangente derecha:,L. Tangent:,R. टैंजेंट :,Tangen Kanan:,R. Tangent:,右タンジェント:,오른쪽 접선:,P. styczna:,Tangente D.:,,แทนเจนต์ขวา:,Sağ teğet:,Tiếp Tuyến Phải:,右切线：,右切线：,右切線：
Studio.AnimationClipEditor.Curves.TangentValuePerSecond,,,{value}/s,{value}/s,{value}/s,{value}/s,{value} por seg.,{value}/s,{value}/s,{value}/dtk,{value}/s,{value}/秒,{value}/초,{value}/s,{value}/s,,{value}/วิ,{value}/sn,{value}/s,{value} / 秒,{value} / 秒,{value} / 秒
Studio.AnimationClipEditor.Curves.TangentAuto,,,Auto,Auto,تلقائي,Auto,Autom.,Auto,ऑटो,Otomatis,Auto,自動,자동,Auto,Automático,,อัตโนมัติ,Otomatik,Tự Động,自动,自动,自動
Studio.AnimationClipEditor.AnimationFromVideo.AgeRestricted,,,We're rolling this out slowly and unfortunately it's not available for you at this time. Please check back periodically to see if we have opened it up.,We're rolling this out slowly and unfortunately it's not available for you at this time. Please check back periodically to see if we have opened it up.,نحن نطرح هذا تدريجيًا إلا أنه غير متوفر لك حاليًا. الرجاء التحقق بشكل دوري لمعرفة متى يصير متوفرًا.,"Wir führen diese Funktion langsam ein und leider ist sie im Moment noch nicht für dich verfügbar. Bitte schau in regelmäßigen Abständen nach, ob wir sie freigeschaltet haben.",Estamos lanzando esta función lentamente y por el momento no está disponible para ti. Vuelve aquí periódicamente para ver si está habilitada.,"Nous procédons à un déploiement lent et, malheureusement, il n'est pas disponible pour toi pour le moment. Vérifie périodiquement si nous l'avons ouvert.",हम इस फ़ीचर को धीरे-धीरे लॉन्च कर रहे हैं और हमें खेद है कि इस समय यह आपके लिए उपलब्ध नहीं है. समय-समय पर चेक करते रहें कि हमने इसे उपलब्ध करवाया है या नहीं.,"Kami merilis fitur ini secara bertahap dan sayangnya, fitur ini belum tersedia untukmu saat ini. Cek lagi sesekali untuk melihat apakah kami sudah membukanya.",Stiamo lanciando questo fuori lentamente e purtroppo non è disponibile per te in questo momento. Si prega di ricontrollare periodicamente per vedere se dispobibile.,当社は、ゆっくりとこれを運用し始めていますが、現在は利用できません。今後、公開されているかどうかを定期的に確認しに来てください。,이 기능은 서서히 배포 중이며 현재는 이용할 수 없습니다. 정기적으로 돌아와 이용 가능 여부를 확인하세요.,"Powoli wdrażamy to rozwiązanie i niestety na razie nie jest dla ciebie dostępne. Zaglądaj tu co jakiś czas, aby sprawdzić, czy już je udostępniliśmy.","Estamos lançando isto lentamente e, infelizmente, ainda não está disponível para você no momento. Volte aqui periodicamente para ver se já o abrimos.",,เรากำลังค่อยๆ เปิดตัวคุณสมบัตินี้อย่างช้าๆ และน่าเสียดายที่คุณยังไม่สามารถใช้งานได้ในขณะนี้ โปรดกลับมาตรวจสอบเป็นครั้งคราวเพื่อดูว่าคุณสมบัตินี้เปิดแล้วหรือไม่,Aşamalı bir şekilde sunduğumuz bu özelliği şu anda ne yazık ki kullanamıyorsun. Lütfen özelliğin açılıp açılmadığını görmek için daha sonra tekrar kontrol et.,"Chúng tôi đang dần triển khai tính năng này. Hiện tại, bạn chưa thể sử dụng tính năng này. Vui lòng thường xuyên ghé thăm để biết tính năng này đã được mở hay chưa.",我们还在陆续推出此动能，很遗憾，当前你无法使用此功能。欢迎定期回来查看此功能是否开放权限。,我们还在陆续推出此动能，很遗憾，当前你无法使用此功能。欢迎定期回来查看此功能是否开放权限。,我們還在慢慢推出此功能。很遺憾地，您目前還無法使用此功能；請不時回來查看您的使用權限。
Studio.AnimationClipEditor.FaceCapture.MainButtonTitle,,,Face Capture,Face Capture,التقاط الوجه,Gesichtsaufnahme,Captura facial,Capture du visage,फ़ेस कैप्चर,Pengambilan Wajah,Acquisizione Volto,表情検知,얼굴 캡처,Przechwytywanie twarzy,Captura de rosto,,การจับภาพใบหน้า,Yüz Yakalama,Chụp Khuôn Mặt,面部捕捉,面部捕捉,臉部捕捉
Studio.AnimationClipEditor.FaceCapture.TeachingCalloutTitle,,,Face Capture,Face Capture,التقاط الوجه,Gesichtsaufnahme,Captura facial,Capture du visage,फ़ेस कैप्चर,Pengambilan Wajah,Acquisizione Volto,表情検知,얼굴 캡처,Przechwytywanie twarzy,Captura de rosto,,การจับภาพใบหน้า,Yüz Yakalama,Chụp Khuôn Mặt,面部捕捉,面部捕捉,臉部捕捉
Studio.AnimationClipEditor.FaceCapture.TeachingCalloutDescription,,,Animate faces by recording your face movements directly from your webcam.,Animate faces by recording your face movements directly from your webcam.,تحريك الوجوه عن طريق تسجيل حركة وجهك مباشرة باستخدام كاميرا الويب.,"Animiere Gesichter, indem du deine Gesichtsbewegungen direkt von deiner Webcam aufnimmst.",Anima las caras grabando los movimientos de tu cara directamente desde la cámara web.,Animer les visages en enregistrant les mouvements de ton visage directement à partir de ta webcam.,सीधे अपने वेबकैम से अपने चेहरे की हरकतों को रिकॉर्ड करके चेहरों को ऐनिमेट करें.,Menganimasikan wajah dengan merekam gerakan wajahmu langsung dari webcam.,Anima i volti registrando i tuoi movimenti del viso direttamente dalla webcam.,お持ちのウェブカメラから直接、顔の表情を録画して顔をアニメ化します。,웹캠으로 직접 얼굴의 움직임을 기록해 얼굴 애니메이션을 만듭니다.,"Animuj twarze, nagrywając ruchy własnej twarzy kamerą internetową.",Anime rostos gravando seus movimentos de rosto diretamente de sua webcam.,,ทำให้ใบหน้าเคลื่อนไหวโดยการบันทึกการเคลื่อนไหวใบหน้าของคุณโดยตรงจากเว็บแคมของคุณ,Yüzünün hareketlerini bilgisayarının kamerasından kaydederek yüz animasyonları oluştur.,Tạo hoạt ảnh cho khuôn mặt bằng cách ghi lại chuyển động khuôn mặt của bạn trực tiếp từ webcam.,直接使用网络摄像头录制面部动作即可使用面部动画。,直接使用网络摄像头录制面部动作即可使用面部动画。,直接使用網路攝影機錄下臉部動作即可使用臉部動畫。
Studio.AnimationClipEditor.FaceCapture.DetectingCameraTitle,,,Detecting a camera,Detecting a camera,الكشف عن كاميرا,Eine Kamera erkennen,Detectando una cámara,Détection d'une caméra,कैमरा ढूँढना,Mendeteksi kamera,Rilevamento di una telecamera,カメラの検出,카메라 감지,Wykrywanie kamery,Detectando uma câmera,,กำลังตรวจหากล้อง,Kamera tespit ediliyor,Đang tìm camera,正在检测摄像头,正在检测摄像头,正在偵測攝影機
Studio.AnimationClipEditor.FaceCapture.WarningTitle,,,Warning,Warning,تحذير,Warnung,Advertencia,Avertissement,वॉर्निंग,Peringatan,Avvertenza,警告,주의,Ostrzeżenie,Aviso,,คำเตือน,Uyarı,Cảnh Báo,警告,警告,警告
Studio.AnimationClipEditor.FaceCapture.WarningDialogOk,,,Ok,Ok,حسنًا,OK,Aceptar,Ok,ठीक है,Oke,Ok,了解,확인,OK,OK,,ตกลง,Tamam,Ok,确定,确定,確定
Studio.AnimationClipEditor.FaceCapture.PanelReady,,,Ready,Ready,جاهز,Bereit,Listo,Prêt,तैयार,Siap,Pronto,準備完了,준비,Gotowe,Pronto,,พร้อม,Hazır,Sẵn sàng,准备就绪,准备就绪,準備好了
Studio.AnimationClipEditor.FaceCapture.NoCameraWarningText,,,A camera is required to use this feature. Please make sure your camera is connected and powered on.,A camera is required to use this feature. Please make sure your camera is connected and powered on.,الكاميرا مطلوبة لاستخدام هذه الميزة. الرجاء التأكد من أن الكاميرا متصلة ومشغلة.,"Um diese Funktion nutzen zu können, ist eine Kamera erforderlich. Stelle bitte sicher, dass deine Kamera verbunden und eingeschaltet ist.",Se requiere una cámara para usar esta función. Asegúrate de que tu cámara esté conectada y encendida.,Une caméra est nécessaire pour utiliser cette fonctionnalité. Assure-toi que ta caméra est connectée et mise sous tension.,इस फ़ीचर का इस्तेमाल करने के लिए कैमरा ज़रूरी है. कृपया पक्का करें कि आपका कैमरा कनेक्ट है और चालू है.,Kamera diperlukan untuk menggunakan fitur ini. Pastikan kameramu terhubung dan menyala.,Per utilizzare questa funzionalità è necessaria una videocamera. Assicurati che la videocamera sia collegata e accesa.,この機能を使用するにはカメラが必要です。カメラが接続してあり、電源が入っていることを確認してください。,이 기능을 사용하려면 카메라가 필요합니다. 카메라가 연결되어 있고 전원이 켜져 있는지 확인하세요.,"Do korzystania z tej funkcji wymagana jest kamera. Upewnij się, że kamera jest podłączona i włączona.",É necessário uma câmera para usar este recurso. Certifique-se de que sua câmera esteja conectada e ligada.,,จำเป็นต้องมีกล้องในการใช้คุณสมบัตินี้ โปรดตรวจสอบให้แน่ใจว่าคุณได้เชื่อมต่อและเปิดกล้องแล้ว,Bu özellik için bir kamera gerekir. Lütfen kameranın bağlı ve açık olduğundan emin ol.,Cần có camera để sử dụng tính năng này. Hãy đảm bảo bạn đã kết nối và bật camera.,此功能需要使用摄像头。请确认摄像头已连接并开启电源。,此功能需要使用摄像头。请确认摄像头已连接并开启电源。,此功能需要攝影機，請確認攝影機已裝上並開啟。
Studio.AnimationClipEditor.FaceCapture.CameraPermissionDeniedWarningText,,,Camera permission is required for this feature. You can enable it for RobloxStudio in your system settings.,Camera permission is required for this feature. You can enable it for RobloxStudio in your system settings.,الإذن للكاميرا مطلوب لاستخدام هذه الميزة. يمكنك تمكين أذونات RobloxStudio في إعدادات النظام.,Für diese Funktion ist eine Kameraberechtigung erforderlich. Du kannst sie in deinen Systemeinstellungen für Roblox Studio aktivieren.,Se requiere permiso de la cámara para esta función. Puedes activarla para Roblox Studio en la configuración de tu sistema.,L'autorisation d'accès à la caméra est requise pour cette fonctionnalité. Tu peux l'activer pour RobloxStudio dans les paramètres de ton système.,इस फ़ीचर के लिए कैमरे की अनुमति ज़रूरी है. इसे अपनी सिस्टम सेटिंग में RobloxStudio के लिए चालू किया जा सकता है.,Izin kamera diperlukan untuk fitur ini. Kamu dapat mengaktifkannya untuk RobloxStudio di pengaturan sistem.,Per questa funzione è necessaria l'autorizzazione della videocamera. È possibile abilitarla per RobloxStudio nelle impostazioni di sistema.,この機能を使うにはカメラ権限が必要です。システム設定ページにある RobloxStudio のところでオンにできます。,이 기능을 사용하려면 카메라 권한이 필요합니다. 시스템 설정에서 RobloxStudio에 권한을 부여하세요.,Do działania tej funkcji wymagane jest uprawnienie do korzystania z kamery. Możesz udzielić tego uprawnienia aplikacji Roblox Studio w ustawieniach systemu.,É necessário a permissão de câmera para esta funcionalidade. Você pode ativá-la para o Roblox Studio nas configurações de sistema.,,จำเป็นต้องมีการอนุญาตกล้องสำหรับคุณสมบัตินี้ คุณสามารถเปิดใช้งานสำหรับ RobloxStudio ได้ในการตั้งค่าระบบของคุณ,Bu özellik için kamera izni gerekir. Sistem ayarlarında Roblox Studio'yu kamera izni verebilirsin.,Cần có quyền truy cập camera cho tính năng này. Bạn có thể bật quyền này cho RobloxStudio trong cài đặt hệ thống.,此功能需要使用摄像头，你可以在系统设置中为 Roblox Studio 启用摄像头权限。,此功能需要使用摄像头，你可以在系统设置中为 Roblox Studio 启用摄像头权限。,此功能需要攝影機權限，您可以在系統設定給予 Roblox Studio 攝影機權限。
Studio.AnimationClipEditor.FaceCapture.TooltipStartRecording,,,Start Recording,Start Recording,بدء التسجيل,Aufnahme starten,Iniciar grabación,Démarrer l'enregistrement,रिकॉर्डिंग शुरू करें,Mulai Merekam,Avvia Registrazione,録画開始,기록 시작,Rozpocznij nagrywanie,Iniciar gravação,,เริ่มการบันทึก,Kaydı başlat,Bắt Đầu Quay,开始录制,开始录制,開始錄影
Studio.AnimationClipEditor.FaceCapture.TooltipStopRecording,,,Stop Recording,Stop Recording,إيقاف التسجيل,Aufnahme stoppen,Detener grabación,Arrêter l'enregistrement,रिकॉर्डिंग रोकें,Berhenti Merekam,Interrompi Registrazione,録画停止,기록 중지,Zatrzymaj nagrywanie,Parar gravação,,หยุุดการบันทึก,Kaydı durdur,Dừng Ghi,停止录制,停止录制,停止錄影
Studio.AnimationClipEditor.FaceCapture.TooltipCameraSettings,,,Camera Settings,Camera Settings,إعدادات الكاميرا,Kameraeinstellungen,Configuración de la cámara,Paramètres de la caméra,कैमरे की सेटिंग्स,Pengaturan Kamera,Impostazioni Telecamera,カメラ設定,카메라 설정,Ustawienia kamery,Configurações de câmera,,การตั้งค่ากล้อง,Kamera ayarları,Cài Đặt Camera,摄像头设置,摄像头设置,攝影機設定
Studio.AnimationClipEditor.FaceCapture.TooltipReRecording,,,Re-Record,Re-Record,إعادة التسجيل,Neu aufnehmen,Volver a grabar,Ré-enregistrer,फिर से रिकॉर्ड करें,Rekam Ulang,Ri-Registrazione,再録,다시 기록,Nagraj ponownie,Re-gravar,,บันทึกใหม่,Yeniden kaydet,Ghi Hình Lại,重新录制,重新录制,重錄
Studio.AnimationClipEditor.FaceCapture.PanelReRecording,,,Re-Record,Re-Record,إعادة التسجيل,Neu aufnehmen,Volver a grabar,Ré-enregistrer,फिर से रिकॉर्ड करें,Rekam Ulang,Ri-Registrazione,再録,다시 기록,Nagraj ponownie,Re-gravar,,บันทึกใหม่,Yeniden kaydet,Ghi Hình Lại,重新录制,重新录制,重錄
Studio.AnimationClipEditor.FaceCapture.CameraSelectionTitle,,,Select a camera,Select a camera,تحديد الكاميرا,Eine Kamera auswählen,Seleccionar cámara,Sélectionner une caméra,कैमरा चुनें,Pilih kamera,Seleziona una videocamera,カメラを選択,카메라 선택,Wybierz kamerę,Selecione uma câmera,,เลือกกล้อง,Kamera seç,Chọn một camera,选择摄像头,选择摄像头,選擇攝影機
Studio.AnimationClipEditor.FaceCapture.CameraSelectionBody,,,Multiple cameras have been detected. Please choose one to start recording.,Multiple cameras have been detected. Please choose one to start recording.,تم اكتشاف العديد من الكاميرات. الرجاء اختيار واحدة منها لبدء التسجيل.,"Mehrere Kameras wurden erkannt. Bitte wähle eine aus, um die Aufnahme zu starten.",Se detectaron múltiples cámaras. Elige una para iniciar la grabación.,Plusieurs caméras ont été détectées. En choisir une pour démarrer l'enregistrement.,कई कैमरों का पता चला है. रिकॉर्डिंग शुरू करने के लिए कोई एक चुनें.,Beberapa kamera telah dideteksi. Pilih salah satu kamera untuk mulai merekam.,Sono state rilevate più telecamere. Si prega di sceglierne una per iniziare la registrazione.,複数のカメラが検出されました。録画を開始するには一つ選択してください。,여러 대의 카메라가 감지되었습니다. 사용할 카메라를 선택하세요.,"Wykryto więcej niż jedną kamerę. Wybierz jedną z nich, aby rozpocząć nagrywanie.",Várias câmeras foram detectadas. Escolha uma para começar a gravar.,,ตรวจพบกล้องหลายตัว โปรดเลือกกล้องหนึ่งตัวเพื่อเริ่มการบันทึก,Birden fazla kamera tespit edildi. Lütfen kaydı başlatmak için bir kamera seç.,Phát hiện thấy nhiều camera. Vui lòng chọn một camera để bắt đầu ghi hình.,检测到多个摄像头。请选择要使用的摄像头并开始录制。,检测到多个摄像头。请选择要使用的摄像头并开始录制。,偵測到多個攝影機，請選擇要使用的攝影機。
Studio.AnimationClipEditor.FaceCapture.CameraSelectionPlaceholder,,,No camera selected.,No camera selected.,لم يتم تحديد كاميرا.,Keine Kamera ausgewählt.,No hay cámara seleccionada.,Aucune caméra sélectionnée.,कोई कैमरा नहीं चुना गया है.,Tidak ada kamera yang dipilih.,Nessuna telecamera selezionata.,選択されたカメラがありません。,선택한 카메라가 없습니다.,Nie wybrano kamery.,Nenhuma câmera selecionada.,,ไม่มีกล้องที่เลือกไว้,Kamera seçilmedi.,Không có camera nào được chọn.,未选择摄像头。,未选择摄像头。,未選擇攝影機。
Studio.AnimationClipEditor.FaceCapture.AgeRestrictedTitle,,,Feature is not available.,Feature is not available.,الميزة غير متوفرة.,Funktion ist nicht verfügbar.,La función no está disponible.,La fonctionnalité n'est pas disponible.,यह फ़ीचर उपलब्ध नहीं है.,Fitur tidak tersedia.,La funzione non è disponibile.,その機能は利用できません。,기능을 사용할 수 없습니다.,Funkcja jest niedostępna.,O recurso não está disponível.,,คุณสมบัติไม่พร้อมใช้งาน,Özellik kullanılamıyor.,Bạn không dùng được tính năng này.,无法使用功能。,无法使用功能。,無法使用此功能。
Studio.AnimationClipEditor.FaceCapture.AgeRestrictedBody,,,We're rolling this out slowly and unfortunately it's not available for you at this time. Please check back periodically to see if we have opened it up.,We're rolling this out slowly and unfortunately it's not available for you at this time. Please check back periodically to see if we have opened it up.,نحن نطرح هذا تدريجيًا إلا أنه غير متوفر لك حاليًا. الرجاء التحقق بشكل دوري لمعرفة متى يصير متوفرًا.,"Wir führen diese Funktion langsam ein und leider ist sie im Moment noch nicht für dich verfügbar. Bitte schau in regelmäßigen Abständen nach, ob wir sie freigeschaltet haben.",Estamos lanzando esta función lentamente y por el momento no está disponible para ti. Vuelve aquí periódicamente para ver si está habilitada.,"Nous procédons à un déploiement lent et, malheureusement, il n'est pas disponible pour toi pour le moment. Vérifie périodiquement si nous l'avons ouvert.",हम इसे धीरे-धीरे लागू कर रहे हैं और हमें खेद है कि इस समय यह आपके लिए उपलब्ध नहीं है. समय-समय पर चेक करते रहें कि हमने इसे उपलब्ध करवाया है या नहीं.,"Kami merilis fitur ini secara bertahap dan sayangnya, fitur ini belum tersedia untukmu saat ini. Cek lagi sesekali untuk melihat apakah kami sudah membukanya.",Stiamo lanciando questa funzione lentamente e purtroppo non è disponibile per te in questo momento. Si prega di ricontrollare periodicamente per vedere se disponibile.,当社は、段階的にこれを運用し始めていますが、現在は利用できません。今後、公開されているかどうかを定期的に確認しに来てください。,이 기능은 서서히 배포 중이며 현재는 이용할 수 없습니다. 정기적으로 돌아와 이용 가능 여부를 확인하세요.,"Powoli wdrażamy to rozwiązanie i niestety na razie nie jest dla ciebie dostępne. Zaglądaj tu co jakiś czas, aby sprawdzić, czy już je udostępniliśmy.","Estamos lançando isto lentamente e, infelizmente, ainda não está disponível para você no momento. Volte aqui periodicamente para ver se já o abrimos.",,เรากำลังค่อยๆ เปิดตัวคุณสมบัตินี้อย่างช้าๆ และน่าเสียดายที่คุณยังไม่สามารถใช้งานได้ในขณะนี้ โปรดกลับมาตรวจสอบเป็นครั้งคราวเพื่อดูว่าคุณสมบัตินี้เปิดแล้วหรือไม่,Aşamalı bir şekilde sunduğumuz bu özelliği şu anda ne yazık ki kullanamıyorsun. Lütfen özelliğin açılıp açılmadığını görmek için daha sonra tekrar kontrol et.,"Chúng tôi đang dần triển khai tính năng này. Hiện tại, bạn chưa thể sử dụng tính năng này. Vui lòng thường xuyên ghé thăm để biết tính năng này đã được mở hay chưa.",我们还在陆续推出此动能，很遗憾，当前你无法使用此功能。欢迎定期回来查看此功能是否开放权限。,我们还在陆续推出此动能，很遗憾，当前你无法使用此功能。欢迎定期回来查看此功能是否开放权限。,我們還在慢慢推出此功能。很遺憾地，您目前還無法使用此功能；請不時回來查看您的使用權限。
Studio.AnimationClipEditor.FaceCapture.BioDataCollectionTitle,,,Allow video and facial movement collection?,Allow video and facial movement collection?,السماح بتجميع الفيديو وحركة الوجه؟,Video- und Gesichtsbewegungssammlung zulassen?,¿Permitir recopilación de video y movimiento facial?,Autoriser la collecte de mouvements vidéo et faciaux ?,क्या Roblox को वीडियो और फ़ेशियल मूवमेंट कलेक्ट करने की अनुमति देनी है?,Izinkan pengambilan video dan gerakan wajah?,Consenti la raccolta di video e movimenti facciali?,ビデオと顔の動きのデータ収集を許可しますか？,비디오 및 얼굴 움직임 수집을 허용할까요?,Zezwolić na gromadzenie filmów i ruchów twarzy?,Permitir coleta de vídeos e movimentos faciais?,,อนุญาตให้บันทึกวิดีโอและการเคลื่อนไหวใบหน้าหรือไม่?,Video ve yüz hareketi yakalama etkinleştirilsin mi?,Cho phép thu thập video và chuyển động trên khuôn mặt?,允许收集视频和面部动作？,允许收集视频和面部动作？,允許收集影像和臉部動作？
Studio.AnimationClipEditor.FaceCapture.BioDataCollectionBody,,,"By clicking ""Yes"", you allow Roblox Studio to access your video camera and you consent to the collection and use of your facial movements as described in the Roblox Facial Animation Privacy Notice. Depending on your location, applicable laws might define this data as a biometric identifier or biometric information.","By clicking ""Yes"", you allow Roblox Studio to access your video camera and you consent to the collection and use of your facial movements as described in the Roblox Facial Animation Privacy Notice. Depending on your location, applicable laws might define this data as a biometric identifier or biometric information.","بالنقر على ""نعم""، أنت تسمح لبرنامج Roblox Studio بالوصول إلى كاميرا الفيديو وتوافق على جمع واستخدام حركة وجهك كما هو موضح في إشعار خصوصية Roblox لتحريك الوجه. اعتمادًا على موقعك، قد تحدد القوانين المعمول بها هذه البيانات كمعرف بيومتري أو معلومات بيومترية.","Durch Klicken auf ""Ja"" erlaubst du Roblox Studio den Zugriff auf deine Videokamera und stimmst der Erfassung und Verwendung deiner Gesichtsbewegungen zu, wie im Datenschutzhinweis zur Gesichtsanimation von Roblox beschrieben. Je nach deinem Standort können diese Daten nach geltendem Recht als biometrischer Identifikator oder biometrische Informationen definiert werden.","Al hacer clic en Sí, permites que Roblox Studio acceda a tu cámara de video y autoriza la recopilación y el uso de tus movimientos faciales tal y como se describe en el Aviso de Privacidad de Animaciones Faciales en Roblox. Dependiendo de tu ubicación, las leyes que aplican podrían definir estos datos como identificadores biométricos o información biométrica.","En cliquant sur ""Oui"", tu autorises Roblox Studio à accéder à ta caméra vidéo et tu consens à la collecte et à l’utilisation de tes mouvements du visage tels que décrits dans la notice de confidentialité de Roblox Facial Animation Privacy Notice. Selon ton emplacement, les lois applicables peuvent définir ces données comme un identifiant biométrique ou des informations biométriques.","""हाँ"" पर क्लिक करने का मतलब है कि आपने Roblox Studio को अपना वीडियो कैमरा ऐक्सेस करने की अनुमति दी है और आप Roblox फ़ेशियल ऐनिमेशन प्राइवेसी नोटिस में बताए गए ढंग से अपने चेहरे के मूवमेंट को एकत्र और इस्तेमाल किए जाने के लिए सहमत हैं. आपकी लोकेशन के आधार पर, लागू कानून इस डेटा को बॉयोमीट्रिक आइडेंटिफ़ायर या बॉयोमीट्रिक जानकारी के रूप में परिभाषित कर सकते हैं.","Dengan mengklik ""Ya"", kamu mengizinkan Roblox Studio untuk mengakses kamera videomu dan kamu memberikan izin untuk pengambilan dan penggunaan gerakan wajahmu sebagaimana dijelaskan dalam Pemberitahuan Privasi Animasi Wajah Roblox. Tergantung lokasimu, hukum yang berlaku mungkin mendefinisikan data ini sebagai pengidentifikasi biometrik atau informasi biometrik.","Cliccando su ""Sì"", consente a Roblox Studio di accedere alla videocamera e acconsente alla raccolta e all'uso dei suoi movimenti facciali come descritto nell'Informativa sulla privacy sull'animazione facciale di Roblox. A seconda della tua posizione, le leggi applicabili potrebbero definire questi dati come un identificatore biometrico o informazioni biometrice.",「はい」をクリックすると Roblox Studio がビデオカメラにアクセスすることを許可し、Robloxの表情アニメーションプライバシー通知に記載されているように顔の動きのデータ収集と使用に同意するものとします。 所在地と適用される法律によっては、このデータが生体識別子または生体情報として定義されていることがあります。,"'예'를 클릭하면 Roblox Studio가 비디오 카메라에 액세스하는 것을 허용하고 Roblox 얼굴 애니메이션 개인정보 처리방침에 설명된 바와 같이 얼굴 움직임을 수집하고 사용하는 데 동의하게 됩니다. 본인의 소재지에 따라, 해당 법률은 이 데이터를 생체 인식 식별자 또는 생체 정보로 정의할 수 있습니다.","Klikając „Tak”, zezwalasz aplikacji Roblox Studio na dostęp do kamery wideo i wyrażasz zgodę na gromadzenie i wykorzystywanie twoich ruchów twarzy w sposób opisany w dokumencie Polityka prywatności animacji twarzy na platformie Roblox. W zależności od twojej lokalizacji odpowiednie przepisy mogą definiować te dane jako identyfikator biometryczny lub dane biometryczne.","Clicando em ""Sim"", você permite que o Roblox Studio acesse sua câmera de vídeo e você concorda com a coleta e uso de seus movimentos faciais, conforme descrito no Aviso de Privacidade de Animação Facial Roblox. Dependendo da sua localização, as leis aplicáveis podem definir estes dados como um identificador biométrico ou informações biométricas.",,"โดยการคลิก ""ใช่"" จะถือว่าคุณอนุญาตให้ Roblox Studio เข้าถึงวิดีโอและกล้อง และคุณยินยอมให้มีการบันทึกและใช้งานการเคลื่อนไหวใบหน้าของคุณตามที่ได้ระบุไว้ในคำประกาศนโยบายการเคลื่อนไหวใบหน้า Roblox กฎที่บังคับใช้อาจนิยามว่าข้อมูลนี้คือตัวระบุไบโอเมตริก หรือข้อมูลไบโอเมตริก","""Evet"" seçeneğine tıkladığında Roblox Studio'ya kamerana erişim izni vermiş ve yüz hareketlerinin Roblox Yüz Animasyonu Gizlilik Bildirimi kapsamı altında alınmasına ve kullanılmasına rıza göstermiş olursun. Bulunduğun konuma göre yürürlükteki yasalarda bu veriler, biyometrik tanımlayıcı ya da biyometrik bilgi olarak tanımlanabilir.","Bằng cách nhấp vào ""Có"", bạn cho phép Roblox Studio truy cập vào camera của bạn và bạn đồng ý cho phép thu thập và sử dụng các chuyển động trên khuôn mặt của bạn theo mô tả trong Thông Báo Quyền Riêng Tư Về Hiệu Ứng Động Khuôn Mặt của Roblox. Tùy theo nơi bạn cư trú, luật pháp hiện hành có thể xác định dữ liệu này là mã định danh sinh trắc học hoặc thông tin sinh trắc học.",点按“是”，即表示你同意 Roblox Studio 访问你的摄像头，并同意 Roblox 将按照 Roblox 面部动画隐私声明收集并使用你的面部动作。根据你的所在地区，此数据可能会被视作生物识别鉴定特征或生物识别信息。,点按“是”，即表示你同意 Roblox Studio 访问你的摄像头，并同意 Roblox 将按照 Roblox 面部动画隐私声明收集并使用你的面部动作。根据你的所在地区，此数据可能会被视作生物识别鉴定特征或生物识别信息。,按下「是」即表示您同意 Roblox Studio 存取您的攝影機，也同意 Roblox 依照 Roblox 臉部動畫隱私權聲明收集並使用您的臉部動作。根據您的所在地，此資料可能會被視為生物辨識元素或生物辨識資訊。
Studio.AnimationClipEditor.FaceCapture.BioDataCollectionAgree,,,Yes,Yes,نعم,Ja,Sí,Oui,हाँ,Ya,Sì,はい,예,Tak,Sim,,ใช่,Evet,Có,是,是,是
Studio.AnimationClipEditor.FaceCapture.BioDataCollectionDisagree,,,No,No,لا,Nein,No,Non,नहीं,Tidak,No,いいえ,아니요,Nie,Não,,ไม่,Hayır,Không,否,否,否
Studio.AnimationClipEditor.FaceCapture.LearnMoreLabel,,,Learn more,Learn more,معرفة المزيد,Mehr erfahren,Aprende más,En savoir plus,ज़्यादा जानें,Pelajari selengkapnya,Scopri di più,もっと詳しく,더 알아보기,Dowiedz się więcej,Saiba mais,,เรียนรู้เพิ่มเติม,Daha fazla bilgi edin,Tìm hiểu thêm,了解更多,了解更多,了解更多
Studio.AnimationClipEditor.FaceCapture.DefaultLearnMoreLabel,,,Learn more,Learn more,معرفة المزيد,Mehr erfahren,Aprende más,En savoir plus,ज़्यादा जानें,Pelajari selengkapnya,Scopri di più,もっと詳しく,더 알아보기,Dowiedz się więcej,Aprenda agora,,เรียนรู้เพิ่มเติม,Daha fazla bilgi edin,Tìm hiểu thêm,了解更多,了解更多,了解更多
Studio.AnimationClipEditor.FaceCapture.DefaultFaceRecordingName,,,Captured facial animation,Captured facial animation,تم التقاط حركة الوجه,Aufgenommene Gesichtsanimation,Animación facial capturada,Animation faciale capturée,फ़ेशियल ऐनिमेशन कैप्चर किया गया,Animasi wajah ditangkap,Animazione facciale aquisita,検知済みの表情アニメーション,캡처된 얼굴 애니메이션,Przechwycona animacja twarzy,Animação facial gravada,,การเคลื่อนไหวใบหน้าที่บันทึกไว้,Yakalanmış yüz animasyonu,hiệu ứng động khuôn mặt được chụp,捕捉的面部动画,捕捉的面部动画,捕捉的臉部動作
Studio.AnimationClipEditor.FaceCapture.IsRecordingCoverText,,,Face Capture Active,Face Capture Active,التقاط الوجه نشط,Gesichtsaufnahme aktiv,Captura facial activa,Capture du visage active,फ़ेस कैप्चर ऐक्टिव है,Pengambilan Wajah Aktif,Acquisizione Faccia Attiva,表情検知が有効です,얼굴 캡처 활성화됨,Przechwytywanie twarzy aktywne,Captura de rosto ativa,,การจับภาพใบหน้าเปิดใช้งานอยู่,Yüz yakalama etkin,Tính Năng Chụp Khuôn Mặt Đang Hoạt Động,面部捕捉已激活,面部捕捉已激活,臉部捕捉啟用中
Studio.AnimationClipEditor.FaceCapture.OverwritingPreviousFacsTracksBody,,,Existing face animation will be overwritten. The action is undoable (Cmd+Z / Ctrl+Z).,Existing face animation will be overwritten. The action is undoable (Cmd+Z / Ctrl+Z).,سيتم استبدال حركة الوجه بما تم حفظه مسبقًا. لا يمكن التراجع عن هذا الإجراء (Cmd+Z / Ctrl+Z).,Vorhandene Gesichtsanimation wird überschrieben. Die Aktion kann rückgängig gemacht werden (Cmd + Z / Ctrl + Z).,Se sobrescribirá la animación facial existente. Esta acción se puede deshacer (Cmd+Z / Ctrl+Z).,L'animation de visage existante sera remplacée. L'action est annulable (Cmd+Z / Ctrl+Z).,मौजूदा फ़ेशियल ऐनिमेशन ओवरराइट हो जाएगा. इस ऐक्शन को वापस नहीं किया जा सकता है (Cmd+Z / Ctrl+Z).,Animasi wajah yang sudah ada akan ditimpa. Tindakan ini dapat diurungkan (Cmd+Z/Ctrl+Z).,L'animazione del viso esistente verrà sovrascritta. L'azione è annullabile (Cmd+Z / Ctrl+Z).,既存の表情アニメーションが上書きされます。この動作は取り消せません (Cmdキー+Z か Ctrlキー+Z)。,기존 얼굴 애니메이션을 덮어씁니다. 이 작업은 취소할 수 있습니다(Cmd+Z 또는 Ctrl+Z).,Istniejącą animację twarzy można zastąpić. Tego działania nie można cofnąć (Cmd+Z / Ctrl+Z).,A animação de rosto existente será substituída. A ação é reversível (Cmd+Z / Ctrl+Z).,,แอนิเมชันใบหน้าที่มีอยู่จะถูกเขียนทับ การดำเนินการนี้ไม่สามารถยกเลิกได้ (Cmd+Z / Ctrl+Z),Mevcut yüz animasyonunun üzerine yazılacak. Bu eylem geri alınabilir (Cmd+Z / Ctrl+Z).,hiệu ứng động khuôn mặt hiện tại sẽ bị ghi đè. Bạn sẽ không thể hoàn tác hành động này (Cmd+Z / Ctrl+Z).,当前的面部动画将被覆盖。此动作将无法撤销（Command + Z / Ctrl + Z）。,当前的面部动画将被覆盖。此动作将无法撤销（Command + Z / Ctrl + Z）。,目前的臉部動畫將被覆寫。此動作可復原（Cmd + Z 或 Ctrl + Z）。
Studio.AnimationClipEditor.Tooltip.Record,,,Record facial animation,Record facial animation,تسجيل حركة الوجه,Gesichtsanimation aufnehmen,Graba la animación facial,Enregistrer l'animation faciale,फ़ेशियल ऐनिमेशन रिकॉर्ड करें,Rekam animasi wajah,Registra l'animazione facciale,表情アニメーションを録画,얼굴 애니메이션 기록,Nagraj animację twarzy,Gravar animação facial,,บันทึกแอนิเมชันใบหน้า,Yüz animasyonu kaydet,Ghi lại hiệu ứng động khuôn mặt,录制面部动画,录制面部动画,錄製臉部動作
Studio.AnimationClipEditor.Title.ReduceKeyframes,,,Reduce Keyframes,Reduce Keyframes,التقليل من الأطر الرئيسية,Keyframes reduzieren,Reducir fotogramas clave,Réduire les images-clés,कीफ़्रेम कम करें,Kurangi Keyframe,Riduci i fotogrammi chiave,キーフレームを減らす,키프레임 줄이기,Zredukuj klatki kluczowe,Reduzir keyframes,,ลดคีย์เฟรม,Anahtar kare azalt,Giảm Điểm Chốt,减少关键帧,减少关键帧,減少關鍵格
Studio.AnimationClipEditor.Menu.ReduceKeyframes,,,Reduce Keyframes,Reduce Keyframes,التقليل من الأطر الرئيسية,Keyframes reduzieren,Reducir fotogramas clave,Réduire les images-clés,कीफ़्रेम कम करें,Kurangi Keyframe,Riduci i fotogrammi chiave,キーフレームを減らす,키프레임 줄이기,Zredukuj klatki kluczowe,Reduzir keyframes,,ลดคีย์เฟรม,Anahtar kare azalt,Giảm Điểm Chốt,减少关键帧,减少关键帧,減少關鍵格
Studio.AnimationClipEditor.ReduceKeyframes.Keyframes,,,Keyframes:,Keyframes:,الأطر الرئيسية:,Keyframes:,Fotogramas clave:,Images-clés :,कीफ़्रेम :,Keyframe:,Fotogrammi chiave:,キーフレーム:,키프레임:,Klatki kluczowe:,Keyframes:,,คีย์เฟรม:,Anahtar kare:,Điểm Chốt:,关键帧：,关键帧：,關鍵格：
Studio.AnimationClipEditor.AnimationFromVideo.UploadingData,,,Uploading video - please wait...,Uploading video - please wait...,جاري تحميل الفيديو - الرجاء الانتظار...,Video wird hochgeladen – bitte warten ...,"Cargando video , espera...",Envoi de la vidéo - Patienter...,वीडियो अपलोड किया जा रहा है - इंतज़ार करें...,Meng-upload video - tunggu sebentar...,Caricamento video - attendere prego...,ビデオをアップロード中 - お待ちください...,비디오 업로드 중 - 잠시 기다려 주세요...,Przesyłanie filmu – czekaj...,Enviando vídeo - aguarde...,,กําลังอัปโหลดวิดีโอ - โปรดรอสักครู่...,Video yükleniyor. Lütfen bekle...,"Đang tải lên video, vui lòng đợi...",正在上传视频，请稍候...,正在上传视频，请稍候...,正在上傳影片，請稍後……
Studio.AnimationClipEditor.AnimationFromVideo.ErrorUploadingData,,,There was a problem uploading the video,There was a problem uploading the video,حدثت مشكلة أثناء تحميل الفيديو,Beim Hochladen des Videos ist ein Problem aufgetreten,Se produjo un problema al cargar el video,Un problème est survenu lors du chargement de la vidéo,वीडियो अपलोड करते समय समस्या हुई,Terjadi masalah saat meng-upload video,Si è verificato un errore durante il caricamento del video,ビデオのアップロード中に問題が発生しました,비디오를 업로드하는 중에 문제가 발생했습니다,Wystąpił problem podczas przesyłania filmu.,Houve um problema ao fazer o upload do vídeo,,เกิดปัญหาในการอัปโหลดวิดีโอ,Video yüklenirken bir sorun oluştu,Đã xảy ra sự cố khi tải video lên,上传视频时遇到问题,上传视频时遇到问题,上傳影片時發生錯誤
Studio.AnimationClipEditor.Title.OptimizeKeyframes,,,Optimize Keyframes,Optimize Keyframes,تحسين الأطر الرئيسية,Keyframes optimieren,Optimizar fotogramas clave,Optimiser les images clés,कीफ़्रेम ऑप्टिमाइज़ करें,Optimalkan Keyframe,Ottimizza I Keyframe,キーフレームを最適化,키프레임 최적화,Zoptymalizuj klatki kluczowe,Otimizar keyframes,,ปรับคีย์เฟรมให้เหมาะสม,Anahtar kare optimizasyonu,Tối Ưu Hóa Điểm Chốt,优化关键帧,优化关键帧,最佳化關鍵格
Studio.AnimationClipEditor.Menu.OptimizeKeyframes,,,Optimize Keyframes,Optimize Keyframes,تحسين الأطر الرئيسية,Keyframes optimieren,Optimizar fotogramas clave,Optimiser les images clés,कीफ़्रेम ऑप्टिमाइज़ करें,Optimalkan Keyframe,Ottimizza I Keyframe,キーフレームを最適化,키프레임 최적화,Zoptymalizuj klatki kluczowe,Otimizar keyframes,,ปรับคีย์เฟรมให้เหมาะสม,Anahtar kare optimizasyonu,Tối Ưu Hóa Điểm Chốt,优化关键帧,优化关键帧,最佳化關鍵格
Studio.AnimationClipEditor.OptimizeKeyframes.Keyframes,,,Keyframes:,Keyframes:,الأطر الرئيسية:,Keyframes:,Fotogramas clave:,Images-clés :,कीफ़्रेम :,Keyframe:,Keyframes:,キーフレーム:,키프레임:,Klatki kluczowe:,Keyframes:,,คีย์เฟรม:,Anahtar kare yapıştır:,Điểm Chốt:,关键帧：,关键帧：,關鍵格：
Studio.AnimationClipEditor.Title.MigrateAnimations,,,Migrate Animation Clips,Migrate Animation Clips,نقل مقاطع الرسوم المتحركة,Animationsclips migrieren,Migrar clips de animación,Migrer des clips d'animation,ऐनिमेशन क्लिप्स माइग्रेट करें,Pindahkan Klip Animasi,Migrazione Clip Animazione,アニメーションクリップを移行,애니메이션 클립 마이그레이션,Migruj klipy animowane,Migrar clips de animação,,ย้ายคลิปแอนิเมชัน,Animasyon kliplerini taşı,Di Chuyển Clip Hiệu Ứng Động,迁移动画片段,迁移动画片段,移植動畫片段
Studio.AnimationClipEditor.Dialog.Skip,,,Skip,Skip,تخطي,Überspringen,Saltar,Passer,छोड़ें,Lewati,Ignora,スキップ,건너뛰기,Pomiń,Pular,,ข้าม,Atla,Bỏ Qua,跳过,跳过,跳過
Studio.AnimationClipEditor.Migration.Delete,,,Delete,Delete,حذف,Löschen,Eliminar,Supprimer,डिलीट करें,Hapus,Elimina,削除,삭제,Usuń,Excluir,,ลบ,Sil,Xóa,删除,删除,刪除
Studio.AnimationClipEditor.Migration.Migrate,,,Migrate,Migrate,نقل,Migrieren,Migrar,Migrer,माइग्रेट करें,Pindahkan,Migrazione,移行,마이그레이션,Migruj,Migrar,,ย้าย,Taşı,Di Chuyển,迁移,迁移,移植
Studio.AnimationClipEditor.Migration.Ignore,,,Ignore,Ignore,تجاهل,Ignorieren,Ignorar,Ignorer,इग्नोर करें,Abaikan,Ignora,無視,무시,Ignoruj,Ignorar,,ละเว้น,Yok say,Bỏ Qua,忽略,忽略,忽略
Studio.AnimationClipEditor.Migration.AnimationClip,,,Animation Clip,Animation Clip,مقطع رسم متحرك,Animationsclip,Clip de animación,Clip d'animation,ऐनिमेशन क्लिप,Klip Animasi,Clip di animazione,アニメーションクリップ,애니메이션 클립,Klip animowany,Clip de animação,,คลิปแอนิเมชัน,Animasyon klibi,Clip Hiệu Ứng Động,动画片段,动画片段,動畫片段
Studio.AnimationClipEditor.Migration.MigrateAnimations,,,The Animation Clip Editor now stores animations in ServerStorage. The following animations have been found attached to your rig and should either be deleted or migrated to the new location.,The Animation Clip Editor now stores animations in ServerStorage. The following animations have been found attached to your rig and should either be deleted or migrated to the new location.,يقوم محرر مقاطع الرسوم المتحركة الآن بتخزين الرسوم في ServerStorage. تم العثور على الرسوم المتحركة التالية مرفقة مع rig لذا يتعين عليك حذفها أو نقلها إلى الموقع الجديد.,Der Animation-Clip-Editor speichert jetzt Animationen im ServerStorage. Die folgenden Animationen wurden an dein Rig angehängt und sollten entweder gelöscht oder an den neuen Speicherort migriert werden.,El Editor de clips de animación ahora almacena animaciones en ServerStorage. Las siguientes animaciones se encontraron unidas a tu rig y se deben eliminar o migrar a la nueva ubicación.,"L'éditeur de clip d'animation stocke maintenant les animations dans ServerStorage. Les animations suivantes ont été trouvées attachées à ton rig et doivent être soit supprimées, soit migrées vers le nouvel emplacement.",ऐनिमेशन क्लिप एडिटर अब ServerStorage में ऐनिमेशन स्टोर करता है. नीचे दिए गए ऐनिमेशन आपके रिग से जुड़े पाए गए हैं. ये ऐनिमेशन या तो हटाए जाने चाहिए या नई लोकेशन पर माइग्रेट किए जाने चाहिए.,Editor Klip Animasi sekarang menyimpan animasi di ServerStorage. Animasi berikut ditemukan terlampir di rig kamu dan seharusnya dihapus atau dipindahkan ke lokasi baru.,L'editor di clip di animazione ora memorizza le animazioni in ServerStorage. Le seguenti animazioni sono state trovate attaccate al tuo impianto e dovrebbero essere eliminate o migrate alla nuova posizione.,アニメーションクリップ編集でServerStorageにアニメーションが保存されます。以下のアニメーションがリグに添付されているのが検知されました。削除するか新しい場所に移動してください。,"이제 애니메이션 클립 편집기로 애니메이션을 ServerStorage에 저장할 수 있습니다. 다음 애니메이션(리그에 첨부됨)이 발견되었으며, 이는 삭제하거나 새 위치로 마이그레이션해야 합니다.","Edytor klipów animowanych przechowuje teraz animacje w lokalizacji ServerStorage. Wykryto, że następujące animacje są powiązane z danym szkieletem i powinny zostać usunięte lub poddane migracji do nowej lokalizacji.",O editor de clipes de animação agora pode armazenar animações no ServerStorage. As seguintes animações foram encontradas anexadas à sua rig e devem ser excluídas ou migradas para o novo local.,,ขณะนี้เครื่องมือแก้ไขคลิปแอนิเมชันจะจัดเก็บแอนิเมชันไว้ใน ServerStorage ตรวจพบว่าแอนิเมชันดังต่อไปนี้แนบอยู่กับ Rig ของคุณ และควรลบหรือย้ายไปยังตำแหน่งใหม่,Animasyon Klibi Düzenleyicisi artık animasyonları ServerStorage konumunda depoluyor. Belirtilen animasyonların düzeneğine ekli olduğu tespit edildi ve bu animasyonların silinmesi ya da yeni bir konuma taşınması gerekiyor.,Trình Chỉnh Sửa Clip Hiệu Ứng Động hiện lưu trữ hiệu ứng động trong ServerStorage. Chúng tôi tìm thấy các hiệu ứng động sau đây được gắn với khung xương của bạn và cần được xóa bỏ hoặc di chuyển đến vị trí mới.,动画片段编辑器现在会将动画存储在服务器存储（ServerStorage）中。以下动画已附加到你的骨架中，并且应删除或迁移到新的位置。,动画片段编辑器现在会将动画存储在服务器存储（ServerStorage）中。以下动画已附加到你的骨架中，并且应删除或迁移到新的位置。,動畫片段編輯器現在將動畫儲存於 ServerStorage。發現以下動畫附加於您的骨架上，應刪除或移植至新位置。
Studio.AnimationClipEditor.Migration.LearnMore,,,Learn more,Learn more,معرفة المزيد,Mehr erfahren,Aprende más,En savoir plus,ज़्यादा जानें,Pelajari selengkapnya,Scopri di più,もっと詳しく,자세한 정보,Dowiedz się więcej,Saiba mais,,เรียนรู้เพิ่มเติม,Daha fazla bilgi edin,Tìm hiểu thêm,了解更多,了解更多,了解更多
Studio.AnimationClipEditor.Menu.Nothing,,,Nothing,Nothing,لا شيء,Nichts,Nada,Rien,कुछ भी नहीं,Tidak Ada,Nulla,なし,없음,Nic,Nada,,ไม่มีอะไร,Hiçbir şey,Không Mục Nào,无,无,無
Studio.AnimationClipEditor.Menu.Everything,,,Everything,Everything,كل شيء,Alles,Todo,Tout,सब कुछ,Semua,Tutto,すべて,모두,Wszystko,Tudo,,ทุกอย่าง,Her şey,Tất Cả,所有,所有,所有
Studio.AnimationClipEditor.Tooltip.FilterEvents,,,Filter Events by name,Filter Events by name,تصفية الأحداث حسب الاسم,Ereignisse nach Namen filtern,Filtrar Eventos por nombre,Filtrer les événements par nom,इवेंट्स को नाम के आधार पर फ़िल्टर करें,Filter Peristiwa berdasarkan nama,Filtra gli eventi per nome,イベント名で並べ替え,이름으로 이벤트 필터링,Filtruj zdarzenia według nazwy,Filtrar Eventos por nome,,กรองกิจกรรมด้วยชื่อ,Olayları ada göre filtrele,Lọc Sự Kiện theo tên,根据名称筛选活动,根据名称筛选活动,依名稱篩選事件
Studio.AnimationClipEditor.RigErrors.FaceControlsParent,,,The following FaceControls instances should be a direct child of the Head part: {entries},The following FaceControls instances should be a direct child of the Head part: {entries},ينبغي أن تكون أمثلة FaceControls التالية جزءًا تابعًا للرأس: {entries},Die folgenden FaceControls-Instanzen sollten ein direktes untergeordnetes Element des Head-Teils sein: {entries},Las siguientes instancias de FaceControls deben ser un hijo directo de la parte Head: {entries},Les instances FaceControls suivantes doivent être un enfant direct de la partie Head: {entries},"नीचे दिए गए FaceControls इंस्टेंस, हेड पार्ट के अंतर्गत होने चाहिए : {entries}",Instance FaceControl berikut harus menjadi anak langsung dari komponen Kepala: {entries},Le seguenti istanze di FaceControls devono essere figlie dirette della parte Head: {entries},以下のFaceControlsインスタンスは Head（頭）パーツの直接的な子にする必要があります: {entries},FaceControls 인스턴스는 머리 파트의 직접적인 자식이어야 합니다: {entries},Następujące instancje FaceControls powinny być bezpośrednim elementem podrzędnym części Głowa: {entries},As seguintes instâncias de FaceControls devem ser filhas diretas da parte Cabeça: {entries},,อินสแตนซ์ FaceControl ดังต่อไปนี้ควรเป็นรายการย่อยโดยตรงสำหรับส่วนประกอบศีรษะ: {entries},"Belirtilen FaceControls örnekleri, kafa parçasına doğrudan alt öğe olmalı: {entries}",Các phiên bản FaceControls sau đây nên là bộ phận phụ trực tiếp của phần Đầu: {entries},下列 FaceControls 实例应为头部的一个直接子节点：{entries},下列 FaceControls 实例应为头部的一个直接子节点：{entries},下列 FaceControls 個體應為頭部的直接子項目：{entries}
Studio.AnimationClipEditor.RigErrors.MultipleFaceControls,,,There are too many FaceControls instances in the rig: {entries},There are too many FaceControls instances in the rig: {entries},هناك العديد من مثيلات FaceControls في rig: {entries},Es gibt zu viele FaceControls-Instanzen im Rig: {entries},Hay demasiadas instancias de FaceControls en el rig: {entries},Il y a trop d'instances FaceControls dans la plateforme : {entries},इस रिग में बहुत ज़्यादा FaceControl इंस्टेंस हैं : {entries},Terdapat terlalu banyak instance FaceControls dalam rig: {entries},Ci sono troppe istanze di FaceControls nel rig: {entries},リグにFaceControlインスタンスが多すぎます: {entries},리그에 FaceControls 인스턴스가 너무 많습니다: {entries},Do szkieletu przypisanych jest zbyt wiele instancji FaceControls: {entries},Existem demasiadas instâncias de FaceControls na rig: {entries},,มีอินสแตนซ์ FaceControl มากเกินไปใน Rig: {entries},Düzenekte çok fazla FaceControls örneği var: {entries},Có quá nhiều phiên bản FaceControls trong khung xương: {entries},骨架中存在过多 FaceControls 实例：{entries},骨架中存在过多 FaceControls 实例：{entries},骨架中有太多 FaceControls 個體：{entries}
Studio.AnimationClipEditor.RigErrors.Header,,,Rig Error(s) Detected,Rig Error(s) Detected,تم اكتشاف أخطاء Rig,Rig-Fehler erkannt,Error(es) de rig detectado(s),Erreur(s) de rig détectée(s),रिग की गड़बड़ी (गड़बड़ियों) का पता चला,Eror Rig Terdeteksi,Rilevati errori nel rig,リグエラーを検知,리그 오류가 감지됨,Wykryto błędy szkieletu,Erro(s) detectado(s) na rig,,ตรวจพบข้อผิดพลาด Rig,Düzenek hatası tespit edildi,Phát Hiện Lỗi Khung Xương,检测到骨架错误,检测到骨架错误,偵測到骨架錯誤
Studio.AnimationClipEditor.EditorErrors.Header,,,Editor Error Detected,Editor Error Detected,تم اكتشاف خطأ في المحرر,Editorfehler erkannt,Error de editor detectado,Erreur de l'éditeur Détectée,एडिटर की गड़बड़ी का पता चला,Eror Editor Terdeteksi,Rilevato errore nell'editor,編集エラーを検知,편집기 오류가 감지됨,Wykryto błąd edytora,Erro de editor detectado,,ตรวจพบข้อผิดพลาดเครื่องมือแก้ไข,Düzenleyici hatası tespit edildi,Đã Phát Hiện Ra Lỗi Của Trình Chỉnh Sửa,检测到编辑器错误,检测到编辑器错误,偵測到編輯器錯誤
Studio.AnimationClipEditor.RigErrors.BoneNameCollision,,,This rig contains multiple bones which share the same name. Please give unique names to all bones.,This rig contains multiple bones which share the same name. Please give unique names to all bones.,يحتوي rig على عدة عظام تشارك الاسم نفسه. الرجاء إعطاء كل عظمة اسم فريد.,"Dieses Rig enthält mehrere Knochen, die denselben Namen haben. Bitte gib allen Knochen eindeutige Namen.",El rig contiene múltiples huesos que comparten el mismo nombre. Dale un nombre único a cada uno.,Cette plateforme contient plusieurs éléments qui partagent le même nom. Donner des noms uniques à tous les éléments.,इस रिग में एक ही नाम वाली कई बोंस हैं. सभी बोंस को यूनीक नाम दें.,Rig ini mengandung beberapa rangka yang menggunakan nama yang sama. Berikan nama yang unik untuk semua rangka.,Questo rig contiene molteplici parti con lo stesso nome. Assegna a ciascuna parte un nome univoco.,このリグには同じ名前を共有する複数の骨が含まれています。すべてのパーツに重複しない名前をつけてください。,이 리그에는 이름이 동일한 뼈대가 여러 개 있습니다. 모든 뼈대에 고유한 이름을 지정해 주세요.,Szkielet zawiera większą liczbę kości o tej samej nazwie. Nadaj wszystkim kościom unikatowe nazwy.,Esta rig contém múltiplas partes compartilhando o mesmo nome. Dê nomes exclusivos a todas as partes.,,Rig ดังกล่าวมีกระดูกหลายรายการที่มีชื่อเดียวกัน โปรดตั้งชื่อโครงทั้งหมดให้ไม่ซ้ำกัน,"Bu düzenek, aynı adı paylaşan birden fazla kemik içeriyor. Lütfen tüm kemiklere kendilerine özel adlar ver.",Khung xương này có nhiều xương trùng tên. Vui lòng đặt tên duy nhất cho tất cả các xương.,该骨架含有多个相同名称的骨骼。请为所有骨骼取上不同的名字。,该骨架含有多个相同名称的骨骼。请为所有骨骼取上不同的名字。,此骨架包含多個名稱相同的骨骼。請給予每個骨骼不同名稱。
Studio.AnimationClipEditor.Title.CustomGridSpeed,,,Custom Grid Speed [studs/s],Custom Grid Speed [studs/s],سرعة الشبكة المخصصة [أزرار/ثانية],Geschwindigkeit des benutzerdefinierten Rasters [Noppen/s],Velocidad de cuadrícula personalizada [studs/s],Vitesse de la grille personnalisée [studs/s],कस्टम ग्रिड स्पीड [स्टड],Kecepatan Kisi Kustom [kotak/detik],Velocità della griglia personalizzata [stud/s],カスタムグリッド速度 [マス数/秒],사용자 정의 그리드 속도[스터드/초],Niestandardowa szybkość siatki [study/s],Velocidade de grade personalizada [quadrículas/s],,กำหนดความเร็วกริด [studs/s],Özel kılavuz hızı [birimkare/sn],Tốc Độ Lưới Tùy Chỉnh [studs/s],自定义格点速率 [格/秒],自定义格点速率 [格/秒],自訂網格速率 [磚塊/秒]
Studio.AnimationClipEditor.Settings.GridSpeed,,,Grid Speed: {speed} studs/s,Grid Speed: {speed} studs/s,سرعة الشبكة: {speed} أزرار/ثانية,Rastergeschwindigkeit: {speed} Noppen/s,Velocidad de cuadrícula: {speed} studs/s,Vitesse de grille: {speed} studs/s,ग्रिड स्पीड : {speed} स्टड,Kecepatan Kisi: {speed} kotak/detik,Velocità della griglia: {speed} stud/s,グリッド速度: {speed} マス数/秒,그리드 속도: {speed} 스터드/초,Szybkość siatki: {speed} study(-ów)/s,Velocidade da grade: {speed} quadrículas/s,,ความเร็วกริด: {speed} Stud/วิ,Kılavuz hızı: {speed} birimkare/sn,Tốc Độ Lưới: {speed} studs/s,格点速率：{speed}格/秒,格点速率：{speed}格/秒,網格速率：{speed} 磚塊/秒
Studio.AnimationClipEditor.Settings.GridSpeedStatic,,,Static,Static,ثابت,Statisch,Estático,Statique,स्टैटिक,Statis,Statica,静的,스태틱,Statyczna,Estática,,คงที่,Statik,Tĩnh,静态,静态,靜止
Studio.AnimationClipEditor.Settings.GridSpeedDefault,,,Default Walkspeed,Default Walkspeed,سرعة المشي الافتراضية,Standard-Lauftempo,Velocidad de caminata predeterminada,Vitesse de marche par défaut,डिफ़ॉल्ट वॉकस्पीड,Kecepatan Jalan Default,Velocità di camminata predefinita,デフォルト歩行スピード,기본 걷기 속도,Domyślna szybkość chodzenia,Velocidade de caminhada padrão,,ความเร็วการเดินค่าเริ่มต้น,Varsayılan yürüme hızı,Tốc Độ Di Chuyển Mặc Định,默认行走速度,默认行走速度,預設行走速度
Studio.AnimationClipEditor.Settings.GridSpeedFromRig,,,From Humanoid,From Humanoid,من شبيه الإنسان,Von Humanoid,De Humanoide,De l'humanoïde,ह्यूमनॉइड से,Dari Humanoid,Da umanoide,人型から,휴머노이드에서,Z humanoida,De humanoide,,จากฮิวแมนอยด์,Humanoid'den,Từ Hình Nhân,来自人形,来自人形,從人形提取
Studio.AnimationClipEditor.Settings.GridSpeedCustom,,,Custom...,Custom...,مخصص...,Benutzerdefiniert …,Personalizado...,Personnalisé...,कस्टम...,Kustom...,Personalizza...,設定...,사용자 정의...,Niestandardowa...,Personalizado...,,กำหนด...,Özel...,Tùy Chỉnh...,自定义……,自定义……,自訂……
Studio.AnimationClipEditor.Settings.SecondsDecimal,,,Seconds,Seconds,ثواني,Sekunden,Segundos,Secondes,सेकंड,Detik,Secondi,秒,초,Sekundy,Segundos,,วินาที,Saniye,Giây,秒,秒,秒
Studio.AnimationClipEditor.RigErrors.PartsAnchoredWarning,,,The following parts are anchored and may not animate properly:,The following parts are anchored and may not animate properly:,الأجزاء التالية مثبتة وقد لا يتم تحريكها بشكل صحيح:,Die folgenden Teile sind verankert und können nicht richtig animiert werden:,Las siguientes piezas están ancladas y no pueden animarse correctamente:,Les parties suivantes sont ancrées et peuvent ne pas s'animer correctement :,ये पार्ट एंकर्ड हैं और शायद ठीक से ऐनिमेट न हों :,Komponen berikut dijangkarkan dan mungkin tidak akan dianimasi dengan benar:,Le seguenti parti sono ancorate e potrebbero non essere animate correttamente:,以下のパーツが固定されているため、適切に動作しない場合があります:,다음 파트가 고정되었으며 올바르게 애니메이션화되지 않을 수 있음:,Następujące części są zakotwiczone i ich animacja może być nieprawidłowa:,As seguintes partes estão ancoradas e podem não ser animadas corretamente:,,ส่วนประกอบดังต่อไปนี้ถูกยึดไว้ และไม่อาจเคลื่อนไหวได้อย่างเหมาะสม:,Şu parçalar sabitlenmiş ve animasyonları düzgün yapılmayabilir:,Các bộ phận sau được neo và có thể không có hiệu ứng hoạt hình chính xác:,以下部件已固定，可能无法正常生成动画：,以下部件已固定，可能无法正常生成动画：,以下零件已固定，可能無法正確做出動作：
Studio.AnimationClipEditor.RigErrors.AnimConstraintMissingPart0,,,The following AnimationConstraints do not have a Part0 set:,The following AnimationConstraints do not have a Part0 set:,لا تحتوي قيود AnimationConstraints التالية على مجموعة Part0:,Für die folgenden AnimationConstraints ist kein Part0 festgelegt:,Las siguientes AnimationConstraints no tienen un conjunto de Part0:,Les AnimationConstraints suivantes n'ont pas de Part0 défini :,इन AnimationConstraints में Part0 सेट नहीं है :,AnimationConstraints berikut tidak memiliki Part0 yang ditetapkan:,I seguenti AnimationConstraints non hanno un set Part0:,以下の AnimationConstraints は設定済みの Part0 がありません:,다음 AnimationConstraint에 Part0 세트가 없음:,W następujących ograniczeniach AnimationConstraint nie ustawiono części Part0:,As seguintes restrições não possuem um conjunto Part0:,,AnimationConstraints ต่อไปนี้จะไม่มีชุด Part0:,Şu AnimationConstraint'ler için Part0 ayarlanmamış:,AnimationConstraints sau đây không có bộ Part0:,以下 AnimationConstraints 没有设置 Part0 ：,以下 AnimationConstraints 没有设置 Part0 ：,以下 AnimationConstraint 沒有設定 Part0：
Studio.AnimationClipEditor.RigErrors.AnimConstraintMissingPart1,,,The following AnimationConstraints do not have a Part1 set:,The following AnimationConstraints do not have a Part1 set:,لا تحتوي قيود AnimationConstraints التالية على مجموعة Part1:,Für die folgenden AnimationConstraints ist kein Part1 festgelegt:,Las siguientes AnimationConstraints no tienen un conjunto de Part1:,Les AnimationConstraints suivants n'ont pas d'ensemble Part1 :,इन AnimationConstraints में Part1 सेट नहीं है :,AnimationConstraints berikut tidak memiliki Part1 yang ditetapkan:,I seguenti AnimationConstraints non hanno un set Part1:,以下の AnimationConstraints は設定済みの Part1 がありません:,다음 AnimationConstraint에 Part1 세트가 없음:,W następujących ograniczeniach AnimationConstraint nie ustawiono części Part1:,As seguintes AnimationConstraints não possuem um conjunto Part1:,,AnimationConstraints ต่อไปนี้จะไม่มีชุด Part1:,Şu AnimationConstraint'ler için Part1 ayarlanmamış:,AnimationConstraints sau đây không có bộ Part1:,以下 AnimationConstraints 没有设置 Part1 ：,以下 AnimationConstraints 没有设置 Part1 ：,以下 AnimationConstraint 沒有設定 Part1：
Studio.AnimationClipEditor.RigErrors.MultipleMotorsOrAnimConstraints,,,The following parts are affected by multiple Motor6Ds or AnimationConstraints:,The following parts are affected by multiple Motor6Ds or AnimationConstraints:,تتأثر الأجزاء التالية بعدة Motor6Ds أو AnimationConstraints:,Die folgenden Teile sind von mehreren Motor6Ds oder AnimationConstraints betroffen:,Las siguientes partes se ven afectadas por múltiples Motor6Ds o AnimationConstraints:,Les parties suivantes sont affectées par plusieurs Motor6Ds ou AnimationConstrains:,ये पार्ट अनेक Motor6D या AnimationConstraints से प्रभावित हैं :,Komponen berikut dipengaruhi oleh beberapa Motor6D atau AnimationConstraints:,Le seguenti parti sono interessate da più Motor6D o AnimationConstraints:,以下のパーツは複数の Motor6Ds または AnimationConstraints に影響されます:,다음 파트가 여러 Motor6D 또는 AnimationConstraint의 영향을 받음:,Następujące części znajdują się pod wpływem działania kilku połączeń Motor6D lub ograniczeń AnimationConstraint:,As seguintes partes são afetadas por múltiplos Motor6Ds ou AnimationConstraints:,,ส่วนประกอบดังต่อไปนี้ได้รับผลกระทบจาก Motor6D หรือ AnimationConstraints หลายรายการ:,Şu parçalar birden fazla Motor6D ya da AnimationConstraint etkisi altında:,Các bộ phận sau đây chịu ảnh hưởng của nhiều Motor6Ds hoặc AnimationConstraints:,以下部件受到多个 Motor6D 或 AnimationConstraints 影响：,以下部件受到多个 Motor6D 或 AnimationConstraints 影响：,以下零件受到多個 Motor6D 或 AnimationConstraint 影響：
Studio.AnimationClipEditor.RigErrors.NoJoints,,,"A model needs to have its parts joined by Motor6Ds, AnimationConstraints or Bones to properly animate.","A model needs to have its parts joined by Motor6Ds, AnimationConstraints or Bones to properly animate.",يحتاج النموذج إلى ضم أجزائه بواسطة Motor6Ds أو AnimationConstraints أو Bones لتحريكها بشكل صحيح.,"Damit ein Modell richtig animiert werden kann, müssen seine Teile durch Motor6Ds, AnimationConstraints oder Bones verbunden sein.","Un modelo necesita tener sus piezas unidas por Motor6Ds, AnimationConstraints o Bones para animar correctamente.","Un modèle doit avoir ses pièces jointes par Motor6Ds, AnimationConstraints ou Os pour bien animer.","किसी मॉडल को ठीक से ऐनिमेट करने के लिए उसके पार्ट Motor6D, AnimationConstraints या बोंस से जॉइन होने चाहिए.","Model memerlukan Motor6D, AnimationConstraints, atau Bones untuk menyatukan komponennya agar dapat dianimasi dengan benar.","Un modello deve avere le sue parti unite da Motor6D, AnimationConstraints o Bones per essere animato correttamente.",モデルは、Motor6D、AnimationConstraints、または骨が適切に動作するようにパーツを結合させる必要があります。,"모델을 올바르게 애니메이션화하려면 Motor6D, AnimationConstraint 또는 Bone으로 파트를 결합해야 합니다.","Prawidłowa animacja wymaga połączenia części modelu przy użyciu połączeń Motor6D, ograniczeń AnimationConstraint lub kości.","Um modelo precisa ter suas partes unidas pelo Motor6Ds, AnimationConstraints ou Bones para animar adequadamente.",,"ส่วนประกอบของโมเดลต้องรวมอยู่ด้วยกันโดย Motor6D, AnimationConstraints หรือโครงกระดูกเพื่อนเคลื่อนไหวอย่างเหมาะสม","Modelin animasyonunun düzgün bir şekilde yapılabilmesi için parçalarının Motor6D, AnimationConstraint ya da Kemik ile birleştirilmiş olması gerekir.","Các bộ phận của một mô hình cần có sự tham gia của Motor6Ds, AnimationConstraints hoặc Bones để có được hiệu ứng hoạt hình chính xác.",模型需要由 Motor6Ds、AnimationConstraints 或 Bones 结合，才能正确生成动画。,模型需要由 Motor6Ds、AnimationConstraints 或 Bones 结合，才能正确生成动画。,模型的零件必須由 Motor6D、AnimationConstraint 或 Bone 結合，才可正確做出動作。
Studio.AnimationClipEditor.RigErrors.NoRoot,,,The rig has no root.,The rig has no root.,لا يحتوي rig على أصل.,Das Rig hat keinen Stamm.,El rig no tiene raíz.,Le rig n'a pas de racine.,रिग में कोई रूट नहीं है.,Rig tidak memiliki akar.,Il rig non ha radici.,そのリグにはルートがありません。,리그에 루트가 없습니다.,Szkielet nie ma źródła.,Esta rig não tem raízes.,,Rig นี้ไม่มีส่วนหลัก,Düzeneğin kökü yok.,Bộ khung không có gốc.,此骨架没有根。,此骨架没有根。,此骨架沒有根。
Studio.AnimationClipEditor.Title.Warning,,,Warning,Warning,تحذير,Warnung,Advertencia,Avertissement,वॉर्निंग,Peringatan,Avviso,警告,경고,Ostrzeżenie,Aviso,,คำเตือน,Uyarı,Cảnh báo,警告,警告,警告
Studio.AnimationClipEditor.RigErrors.PartBoneNameCollision,,,This rig contains both a part and a bone that share the same name. Please give unique names to all parts and bones.,This rig contains both a part and a bone that share the same name. Please give unique names to all parts and bones.,يحتوي rig هذا على جزء وعظم يشتركان في نفس الاسم. يُرجى إعطاء أسماء فريدة لجميع الأجزاء والعظام.,"Dieses Rig enthält ein Teil und einen Knochen, die denselben Namen haben. Bitte gib allen Teilen und Knochen eindeutige Namen.",Este rig contiene tanto una pieza como un hueso que comparten el mismo nombre. Ponle nombres únicos a todas las piezas y huesos.,Ce rig contient à la fois une pièce et un os qui portent le même nom. Donner des noms uniques à toutes les pièces et à tous les os.,इस रिग में एक ही नाम का एक पार्ट और एक बोन दोनों हैं. सभी पार्ट और बोन को यूनिक नाम दें.,Rig ini mengandung satu komponen dan satu rangka yang menggunakan nama yang sama. Berikan nama yang unik untuk semua komponen dan rangka.,Questo rig contiene una parte e un'articolazione con lo stesso nome. Assegna a ciascuna un nome univoco.,このリグには1点のパーツと同じ名前を持つ複数の骨が含まれています。すべてのパーツと骨に重複しない名前をつけてください。,이 리그에는 이름이 동일한 파트와 뼈대가 있습니다. 모든 파트와 뼈대에 고유한 이름을 지정해 주세요.,"Szkielet zawiera zarówno część, jak i kość o tej samej nazwie. Nadaj wszystkim częściom i kościom unikatowe nazwy.","Esta rig contém tanto uma peça quanto um osso que compartilham o mesmo nome. Por favor, dê nomes exclusivos a todas as partes e ossos.",,Rig นี้มีทั้งส่วนประกอบและกระดูกที่มีชื่อที่เหมือนกัน โปรดตั้งชื่อให้กับทุกส่วนประกอบและกระดูกให้ไม่ซ้ำกัน,"Bu düzenek, aynı adı paylaşan bir parça ve bir kemik içeriyor. Lütfen tüm parçalara ve kemiklere kendilerine özel adlar ver.",Bộ khung này có cả bộ phận và xương trùng tên. Vui lòng đặt tên duy nhất cho tất cả các bộ phận và xương.,此骨架含有多个相同名称的部件和骨骼。请为所有部件和骨骼取上不同的名字。,此骨架含有多个相同名称的部件和骨骼。请为所有部件和骨骼取上不同的名字。,此骨架包含使用相同名稱的零件和骨骼。請給予每個零件和骨骼不同的名稱。
Studio.AnimationClipEditor.Title.AP,,,AP,AP,زر AP,AP,AP,AP,AP,AP,AP,AP,AP,AP,AP,,AP,AP,AP,,,AP
