Key,Context,Example,Source,en-us,ar-001,de-de,es-es,fr-fr,hi-in,id-id,it-it,ja-jp,ko-kr,pl-pl,pt-br,ru-ru,th-th,tr-tr,vi-vn,zh-cjv,zh-cn,zh-tw
Studio.AvatarCompatibilityPreviewer.AssetPalettes.TShirts,,,T-Shirts,T-Shirts,تي شيرت,T-Shirts,Camisetas,T-shirts,टी-शर्ट्स,Kaus,Magliette,Tシャツ,티셔츠,Koszulki,Camisetas,,เสื้อยืด,Tişörtler,Áo Thun,T 恤,T 恤,T 恤
Studio.AvatarCompatibilityPreviewer.AssetType.TShirtAccessory,,,T-Shirt,T-Shirt,تي شيرت,T-Shirt,Camiseta,T-Shirt,टी-शर्ट,Kaus,Maglietta,Tシャツ,티셔츠,Koszulka,Camiseta,,เสื้อยืด,Tişört,Áo Thun,T 恤,T 恤,T 恤
Studio.AvatarCompatibilityPreviewer.Plugin.Name,,,Avatar Setup,Avatar Setup,إعداد الأفاتار,Avatareinrichtung,Configuración de avatar,Configuration de l'avatar,अवतार सेटअप,Pengatur Avatar,Configurazione dell'avatar,アバター設定,아바타 설정,Konfiguracja awatara,Configuração de avatar,,การตั้งค่าอวาตาร์,Avatar Kurulumu,Cài Đặt Hình Đại Diện,虚拟形象设置,虚拟形象设置,虛擬人偶設定
Studio.AvatarCompatibilityPreviewer.Plugin.Toolbar,,,Avatar Setup,Avatar Setup,إعداد الأفاتار,Avatareinrichtung,Configuración de avatar,Configuration de l'avatar,अवतार सेटअप,Pengatur Avatar,Configurazione dell'avatar,アバター設定,아바타 설정,Konfiguracja awatara,Configuração de avatar,,การตั้งค่าอวาตาร์,Avatar Kurulumu,Cài Đặt Hình Đại Diện,虚拟形象设置,虚拟形象设置,虛擬人偶設定
Studio.AvatarCompatibilityPreviewer.Plugin.Button,,,Preview Avatar,Preview Avatar,معاينة الأفاتار,Vorschau des Avatars,Vista previa del avatar,Prévisualiser Avatar,अवतार प्रीव्यू करें,Preview Avatar,Anteprima dell'avatar,アバターをプレビュー,아바타 미리 보기,Podgląd awatara,Visualizar avatar,,ดูตัวอย่างอวาตาร์,Avatarı ön izle,Xem Trước Avatar,预览虚拟形象,预览虚拟形象,預覽虛擬人偶
Studio.AvatarCompatibilityPreviewer.Plugin.Description,,,Opens the Avatar Setup,Opens the Avatar Setup,فتح إعداد الأفاتار,Öffnet die Avatareinrichtung,Abre Configuración de avatar,Ouvre la configuration de l'avatar,इससे अवतार सेटअप खुल जाता है,Membuka Pengatur Avatar,Apre la Configurazione dell'avatar,アバター設定を開く,아바타 설정을 엽니다,Otwiera konfigurację awatara,Abre a configuração de avatar,,เปิดการตั้งค่าอวาตาร์,Avatar kurulumunu açar,Mở Cài Đặt Hình Đại Diện,打开虚拟形象设置,打开虚拟形象设置,開啟虛擬人偶設定工具
Studio.AvatarCompatibilityPreviewer.Plugin.Text,,,Example Text!,Example Text!,نص اختباري كمثال!,Beispieltext!,Texto de ejemplo,Exemple de texte !,उदाहरण टेक्स्ट!,Teks Contoh!,Testo di esempio!,テキストの例！,예시 텍스트!,Tekst przykładowy!,Texto de exemplo!,,ข้อความตัวอย่าง!,Örnek Metin!,Văn Bản Mẫu!,示例文本！,示例文本！,範例文字！
Studio.AvatarCompatibilityPreviewer.AssetPalettes.Emotions,,,Movement,Movement,الحركة,Bewegung,Movimiento,Mouvement,मूवमेंट,Gerakan,Movimento,動き,이동,Ruch,Movimento,,การเคลื่อนไหว,Hareket,Chuyển Động,移动,移动,移動
Studio.AvatarCompatibilityPreviewer.AssetPalettes.Locomotion,,,Locomotion,Locomotion,التنقل,Fortbewegung,Locomoción,Locomotion,लोकोमोशन,Lokomosi,Locomozione,ロコモーション,로코모션,Poruszanie się,Locomoção,,การเคลื่อนไหว,Devinme,Sự Di Động,角色移动,角色移动,移動
Studio.AvatarCompatibilityPreviewer.AssetPalettes.Jackets,,,Jackets,Jackets,جواكيت,Jacken,Chaquetas,Vestes,जैकेट,Jaket,Giacche,ジャケット,재킷,Kurtki,Jaqueta,,เสื้อแจ็คเก็ต,Ceketler,Áo Khoác,外套,外套,夾克
Studio.AvatarCompatibilityPreviewer.AssetPalettes.Sweaters,,,Sweaters,Sweaters,سترات,Pullover,Suéteres,Pulls,स्वेटर,Sweter,Maglioni,セーター,스웨터,Bluzy,Moletons,,เสื้อสเวตเตอร์,Kazaklar,Áo Len,毛衣,毛衣,外套
Studio.AvatarCompatibilityPreviewer.AssetPalettes.Shoes,,,Shoes,Shoes,أحذية,Schuhe,Zapatos,Chaussures,जूते,Sepatu,Scarpe,靴,신발,Buty,Sapatos,,รองเท้า,Ayakkabılar,Giày,鞋子,鞋子,鞋子
Studio.AvatarCompatibilityPreviewer.AssetPalettes.Head,,,Head,Head,الرأس,Kopf,Cabeza,Tête,सिर,Kepala,Testa,頭,머리,Głowa,Cabeça,,ศีรษะ,Kafa,Đầu,头部,头部,頭部
Studio.AvatarCompatibilityPreviewer.AssetPalettes.Torso,,,Torso,Torso,الجزء العلوي للجسم,Oberkörper,Torso,Torse,टॉर्सो,Badan,Torso,胴体,몸통,Korpus,Tronco,,ลำตัว,Gövde,Thân,躯干,躯干,軀幹
Studio.AvatarCompatibilityPreviewer.AssetPalettes.LeftArm,,,Left Arm,Left Arm,اليد اليسرى,Linker Arm,Brazo izquierdo,Bras gauche,बायाँ हाथ,Lengan Kiri,Braccio sinistro,左腕,왼팔,Lewa ręka,Braço esquerdo,,แขนซ้าย,Sol Kol,Tay Trái,左臂,左臂,左臂
Studio.AvatarCompatibilityPreviewer.AssetPalettes.RightArm,,,Right Arm,Right Arm,اليد اليمنى,Rechter Arm,Brazo derecho,Bras droit,राइट आर्म,Lengan Kanan,Braccio destro,右腕,오른팔,Prawa ręka,Braço direito,,แขนขวา,Sağ Kol,Tay Phải,右臂,右臂,右臂
Studio.AvatarCompatibilityPreviewer.AssetPalettes.LeftLeg,,,Left Leg,Left Leg,الرجل اليسرى,Linkes Bein,Pierna izquierda,Jambe gauche,लेफ़्ट लेग,Kaki Kiri,Gamba sinistra,左足,왼 다리,Lewa noga,Perna esquerda,,ขาซ้าย,Sol Bacak,Chân Trái,左腿,左腿,左腿
Studio.AvatarCompatibilityPreviewer.AssetPalettes.RightLeg,,,Right Leg,Right Leg,الرجل اليمنى,Rechtes Bein,Pierna derecha,Jambe droite,दायाँ पैर,Kaki Kanan,Gamba destra,右足,오른 다리,Prawa noga,Perna direita,,ขาขวา,Sağ Bacak,Chân Phải,右腿,右腿,右腿
Studio.AvatarCompatibilityPreviewer.Categories.accessories,,,Accessories,Accessories,الإكسسوارات,Accessoires,Accesorios,Accessoires,ऐक्सेसरीज़,Aksesori,Accessori,アクセサリ,장신구,Akcesoria,Acessórios,,ไอเท็มเสริม,Aksesuarlar,Phụ Kiện,配饰,配饰,飾品
Studio.AvatarCompatibilityPreviewer.Categories.animations,,,Animations,Animations,الحركات,Animationen,Animaciones,Animations,ऐनिमेशंस,Animasi,Animazioni,アニメーション,애니메이션,Animacje,Animações,,แอนิเมชัน,Animasyonlar,Hiệu Ứng Động,动画,动画,動畫
Studio.AvatarCompatibilityPreviewer.Categories.body,,,Body,Body,الجسد,Körper,Cuerpo,Corps,बॉडी,Tubuh,Corpo,ボディ,신체,Ciało,Corpo,,ร่างกาย,Vücut,Cơ Thể,身体,身体,身體
Studio.AvatarCompatibilityPreviewer.Categories.clothing,,,Clothing,Clothing,الثياب,Kleidung,Ropa,Vêtements,ड्रेस,Pakaian,Abbigliamento,衣装,복장,Ubranie,Roupas,,เสื้อผ้า,Kıyafet,Trang Phục,服装,服装,服裝
Studio.AvatarCompatibilityPreviewer.Categories.face,,,Face,Face,الوجه,Gesicht,Cara,Visage,चेहरा,Wajah,Faccia,顔,얼굴,Twarz,Rosto,,ใบหน้า,Yüz,Khuôn Mặt,脸部,脸部,臉部
Studio.AvatarCompatibilityPreviewer.DummyPreview.RevertToDefault,,,Revert to Default,Revert to Default,إعادة التعيين إلى الافتراضي,Auf Standard zurücksetzen,Revertir a por defecto,Revenir à la valeur par défaut,डिफ़ॉल्ट पर रिवर्ट करें,Kembalikan ke Default,Ripristina a predefinito,デフォルトに戻す,기본값으로 되돌리기,Przywróć domyślne,Reverter para o padrão,,แปลงกลับเป็นค่าเริ่มต้น,Varsayılana geri döndür,Hoàn Lại về Mặc Định,恢复至默认,恢复至默认,還原為預設
Studio.AvatarCompatibilityPreviewer.DummyPreview.Textured,,,Textured,Textured,ذو هيئة,Texturiert,Texturizado,Texturé,टेक्स्चर्ड,Tekstur,Strutturato,テクスチャ設定済み,텍스처,Z teksturami,Texturado,,มีพื้นผิว,Dokulu,Có Kết Cấu,纹理,纹理,已具紋理
Studio.AvatarCompatibilityPreviewer.SelectScreen.ImportCharacterFrom,,,Select Character From,Select Character From,تحديد شخصية من,Charakter auswählen von,Seleccionar personaje de,Sélectionner le personnage à partir de,कैरेक्टर इसमें से चुनें,Pilih Karakter dari,Seleziona personaggio da,以下からキャラクターを選択：,다음에서 캐릭터 선택:,Wybierz postać z,Selecionar personagem de,,เลือกตัวละครจาก,Şuradan karakter seç:,Chọn Nhân Vật Từ,选择角色自,选择角色自,選擇角色來自
Studio.AvatarCompatibilityPreviewer.SelectScreen.CurrentPlace,,,Current Place,Current Place,المكان الحالي,Aktueller Ort,Lugar actual,Emplacement actuel,मौजूदा प्लेस,Tempat Saat Ini,Luogo Corrente,現在のプレース,현재 플레이스,Bieżące miejsce,Lugar atual,,สถานที่ปัจจุบัน,Mevcut mekân,Địa Điểm Hiện Tại,当前场景,当前场景,目前空間
Studio.AvatarCompatibilityPreviewer.Stages.CheckBody,,,Check Body,Check Body,التحقق من الجسد,Körper überprüfen,Comprobar cuerpo,Vérifier corps,बॉडी चेक करें,Cek Tubuh,Verifica Corpo,ボディをチェック,신체 확인,Sprawdź ciało,Verificar corpo,,ตรวจสอบร่างกาย,Vücudu kontrol et,Kiểm Tra Cơ Thể,检查身体,检查身体,檢查身體
Studio.AvatarCompatibilityPreviewer.Stages.CheckFace,,,Check Face,Check Face,التحقق من الوجه,Gesicht überprüfen,Comprobar cara,Vérifier visage,फ़ेस चेक करें,Cek Wajah,Controlla Faccia,顔をチェック,얼굴 확인,Sprawdź twarz,Verificar o rosto,,ตรวจสอบใบหน้า,Yüzü kontrol et,Kiểm Tra Khuôn Mặt,检查脸部,检查脸部,檢查臉部
Studio.AvatarCompatibilityPreviewer.AssetPalettes.Shirts,,,Shirts,Shirts,قمصان,Shirts,Camisas,Chemises,शर्ट्स,Kemeja,Camicie,シャツ,셔츠,Koszule,Camisas,,เสื้อเชิ้ต,Gömlekler,Áo Sơ Mi,衬衫,衬衫,襯衫
Studio.AvatarCompatibilityPreviewer.AssetPalettes.Pants,,,Pants,Pants,بنطلون,Hose,Pantalones,Pantalon,पैंट्स,Celana,Pantaloni,ズボン,바지,Spodnie,Calças,,กางเกงขายาว,Pantolonlar,Quần Dài,裤子,裤子,褲子
Studio.AvatarCompatibilityPreviewer.AssetPalettes.Shorts,,,Shorts,Shorts,شورت,Shorts,Pantalones cortos,Shorts,शॉर्ट्स,Celana Pendek,Pantaloncini,短パン,반바지,Szorty,Shorts,,กางเกงขาสั้น,Şortlar,Quần Ngắn,短裤,短裤,短褲
Studio.AvatarCompatibilityPreviewer.AssetPalettes.Skirts,,,Skirts,Skirts,تنانير,Röcke,Faldas,Jupes,स्कर्ट,Rok,Gonne,スカート,치마,Spódnice,Saias,,กระโปรง,Etekler,Chân Váy,短裙,短裙,裙子
Studio.AvatarCompatibilityPreviewer.AssetPalettes.Face,,,Face,Face,الوجه,Gesicht,Cara,Visage,चेहरा,Wajah,Viso,顔,얼굴,Twarz,Rosto,,ใบหน้า,Yüz,Khuôn Mặt,面部,面部,臉部
Studio.AvatarCompatibilityPreviewer.AssetPalettes.Neck,,,Neck,Neck,الرقبة,Hals,Cuello,Cou,नेक,Leher,Collo,首,목,Szyja,Pescoço,,คอ,Boyun,Cổ,颈部,颈部,頸部
Studio.AvatarCompatibilityPreviewer.AssetPalettes.Shoulder,,,Shoulder,Shoulder,الكتف,Schulter,Hombro,Épaule,शोल्डर,Bahu,Spalle,肩,어깨,Ramiona,Ombro,,ไหล่,Omuz,Vai,肩部,肩部,肩膀
Studio.AvatarCompatibilityPreviewer.AssetPalettes.Front,,,Front,Front,الجزء الأمامي,Vorderseite,Frontal,Avant,फ़्रंट,Depan,Fronte,正面,전면,Przód,Frente,,ด้านหน้า,Ön Taraf,Trán,正面,正面,前方
Studio.AvatarCompatibilityPreviewer.AssetPalettes.Back,,,Back,Back,رجوع,Rückseite,Trasero,Arrière,बैक,Belakang,Retro,背面,후면,Tył,Costas,,ด้านหลัง,Arka Taraf,Lưng,背面,背面,後方
Studio.AvatarCompatibilityPreviewer.AssetPalettes.Waist,,,Waist,Waist,الخصر,Taille,Cintura,Taille,कमर,Pinggang,Vita,腰,허리,Talia,Cintura,,เอว,Bel,Eo,腰部,腰部,腰部
Studio.AvatarCompatibilityPreviewer.AssetPalettes.Skin,,,Skin,Skin,البشرة,Haut,Piel,Peau,स्किन,Kulit,Pelle,スキン,피부,Skóra,Pele,,สีผิว,Cilt,Da,皮肤,皮肤,皮膚
Studio.AvatarCompatibilityPreviewer.AssetPalettes.HeadBodyPart,,,Head,Head,الرأس,Kopf,Cabeza,Tête,सिर,Kepala,Testa,頭,머리,Głowa,Cabeça,,ศีรษะ,Kafa,Đầu,头部,头部,頭部
Studio.AvatarCompatibilityPreviewer.EquippedItemContextMenu.OpenPalette,,,Open {palette},Open {palette},فتح {palette},{palette} öffnen,Abrir {palette},Ouvrir {palette},{palette} खोलें,Buka {palette},Apri {palette},{palette} を開く,{palette} 열기,Otwórz: {palette},Abrir {palette},,เปิด {palette},Aç: {palette},Mở {palette},打开 {palette},打开 {palette},開啟 {palette}
Studio.AvatarCompatibilityPreviewer.Stages.Test,,,Test in Experience,Test in Experience,اختبار في التجربة,In Experience testen,Probar en la Experiencia,Tester dans l'expérience,एक्सपीरिएंस में टेस्ट करें,Tes di Pengalaman Virtual,Prova in Esperienza,バーチャル空間内でテスト,체험 내에서 테스트,Testuj w projekcie,Teste na experiência,,ทดสอบในประสบการณ์,Deneyimde test et,Thử Nghiệm trong Trải Nghiệm,于作品中测试,于作品中测试,在體驗中測試
Studio.AvatarCompatibilityPreviewer.Stages.Publish,,,Submit,Submit,إرسال,Einreichen,Enviar,Envoyer,सबमिट करें,Kirim,Invia,送信,제출,Prześlij,Enviar,,ส่ง,Gönder,Gửi,提交,提交,提交
Studio.AvatarCompatibilityPreviewer.CheckFace.DynamicHeadNotice,,,This avatar's head does not support facial animation.,This avatar's head does not support facial animation.,لا يدعم رأس الأفاتار هذا محرك الوجه.,Der Kopf dieses Avatars unterstützt keine Gesichtsanimation.,La cabeza de este avatar no es compatible con la animación facial.,La tête de cet avatar ne supporte pas l'animation faciale.,इस अवतार का सिर फ़ेशियल ऐनिमेशन को सपोर्ट नहीं करता है.,Kepala avatar ini tidak mendukung animasi wajah.,La testa di questo avatar non supporta l'animazione facciale.,このアバターの頭は表情アニメーションに対応していません。,이 아바타 머리는 얼굴 애니메이션을 지원하지 않습니다.,Ta głowa awatara nie obsługuje animacji twarzy.,A cabeça deste avatar não suporta animação facial.,,ศีรษะของอวาตาร์ไม่รองรับการเคลื่อนไหวใบหน้า,Bu avatarın kafası yüz animasyonlarını desteklemiyor.,Đầu của avatar này không hỗ trợ hiệu ứng động khuôn mặt.,该虚拟形象头部不支持面部动画。,该虚拟形象头部不支持面部动画。,此虛擬人偶的頭部並無支援的臉部動畫。
Studio.AvatarCompatibilityPreviewer.AssetPalettes.BodyRangeOfMotion,,,Range of Motion,Range of Motion,نطاق الحركة,Bewegungsbereich,Rango de movimiento,Amplitude des mouvements,मोशन की रेंज,Rentang Gerakan,Gamma di movimento,動作範囲,모션 범위,Zakres ruchu,Alcance de movimento,,ระยะของการเคลื่อนไหว,Hareket Aralığı,Phạm Vi Chuyển Động,运动范围,运动范围,運動範圍
Studio.AvatarCompatibilityPreviewer.AssetPalettes.BodyEmotes,,,Emotes,Emotes,Emotes,Emotes,Emotes,Émotes,जेस्चर,Emote,Emotes,リアクション,감정 표현,Emotki,Emotes,,อีโมต,İfadeler,Biểu Cảm,动作,动作,動作
Studio.AvatarCompatibilityPreviewer.AssetPalettes.Movement,,,Movement,Movement,الحركة,Bewegung,Movimiento,Mouvement,मूवमेंट,Gerakan,Movimento,動き,이동,Ruch,Movimento,,การเคลื่อนไหว,Hareket,Chuyển Động,移动,移动,移動
Studio.AvatarCompatibilityPreviewer.AssetPalettes.Hair,,,Hair,Hair,الشعر,Haare,Pelo,Cheveux,बाल,Rambut,Capelli,髪,헤어,Włosy,Cabelo,,ผม,Saç,Tóc,发型,发型,髮型
Studio.AvatarCompatibilityPreviewer.EquippedItemContextMenu.UnequipItem,,,Unequip Item,Unequip Item,عنصر غير مُجهَّز,Artikel ablegen,Desequipar objeto,Déséquiper item,आइटम से इक्विप हटाएँ,Lepas Item,Disequipaggia oggetto,アイテムを外す,아이템 장착 해제,Zdejmij przedmiot,Remover item,,ถอดไอเท็มออก,Öğeyi çıkar,Cởi Bỏ Vật Phẩm,卸下物品,卸下物品,卸除道具
Studio.AvatarCompatibilityPreviewer.AddItems.FailedTitle,,,Unsupported Item,Unsupported Item,عنصر غير مدعوم,Nicht unterstützter Artikel,Objeto no compatible,Item non supporté,सपोर्ट नहीं किया जाने वाला आइटम,Item Tidak Didukung,Articolo non supportato,対応していないアイテム,지원되지 않는 아이템,Nieobsługiwany przedmiot,Item não suportado,,ไอเท็มที่ไม่รองรับ,Desteklenmeyen öğe,Vật phẩm Không Được Hỗ Trợ,不支持的物品,不支持的物品,未支援道具
Studio.AvatarCompatibilityPreviewer.AddItems.FailedAddNoPaletteHeaderSingle,,,This item cannot be added.,This item cannot be added.,لا يمكن إضافة هذا العنصر.,Dieser Artikel kann nicht hinzugefügt werden.,No se puede añadir este objeto.,Cet item ne peut pas être ajouté.,यह आइटम नहीं जोड़ा जा सकता.,Item ini tidak dapat ditambahkan.,Questo oggetto non può essere aggiunto.,このアイテムは追加できません。,이 항목은 추가할 수 없습니다.,Tego przedmiotu nie można dodać.,Este item não pode ser adicionado.,,ไม่สามารถเพิ่มไอเท็มนี้ได้,Bu öğe eklenemiyor.,Không thể thêm vật phẩm này.,无法添加该物品。,无法添加该物品。,無法新增此道具。
Studio.AvatarCompatibilityPreviewer.AddItems.FailedAddNoPaletteHeaderMultiple,,,The following items could not be added: {items},The following items could not be added: {items},تعذَّرت إضافة العناصر التالية: {items},Die folgenden Artikel konnten nicht hinzugefügt werden: {items},No se pudieron añadir los siguientes objetos: {items},Les items suivants n'ont pas pu être ajoutés: {items},ये आइटम जोड़े नहीं जा सके : {items},Item berikut tidak dapat ditambahkan: {items},Non è stato possibile aggiungere i seguenti elementi: {items},次のアイテムを追加できませんでした: {items},다음 항목을 추가할 수 없음: {items},Nie można dodać następujących przedmiotów: {items},Não foi possível adicionar os seguintes itens: {items},,ไม่สามารถเพิ่มไอเท็มดังต่อไปนี้ได้: {items},Şu öğeler eklenemedi: {items},Không thể thêm các vật phẩm sau: {items},下列物品无法被添加：{items},下列物品无法被添加：{items},無法新增以下道具：{items}
Studio.AvatarCompatibilityPreviewer.AddItems.FailedAddHint,,,"Select Clothing, Accessories, or Heads in the Explorer to add to preview.","Select Clothing, Accessories, or Heads in the Explorer to add to preview.",حدد الثياب، أو الإكسسوارات، أو الرؤوس في المستكشف لإضافتها إلى المعاينة.,"Wähle Kleidung, Accessoires oder Köpfe im Explorer aus, um sie zur Vorschau hinzuzufügen.","Selecciona Ropa, Accesorios o Cabezas en el Explorador para agregar a la vista previa.","Sélectionner Vêtements, Accessoires ou Têtes dans l'Explorateur pour les ajouter à l'aperçu.","प्रीव्यू में जोड़ने के लिए एक्सप्लोरर में ड्रेस, ऐक्सेसरी या सिर चुनें.","Pilih Pakaian, Aksesori, atau Kepala di Eksplorer untuk menambahkan ke preview.","Seleziona Abbigliamento, Accessori o Teste nell'Esploratore per aggiungerli all'anteprima.",エクスプローラで衣装、アクセサリ、または頭を選択してプレビューに追加。,"탐색기에서 복장, 장신구, 머리를 선택해 미리 보기에 추가하세요.","Zaznacz ubrania, akcesoria lub głowy w eksploratorze, aby dodać je do podglądu.","Selecione roupas, acessórios ou cabeças no Explorador para adicionar à visualização.",,เลือกเสื้อผ้า ไอเท็มเสริม หรือศีรษะในการสำรวจเพื่อเพิ่มไปยังตัวอย่าง,"Ön izlemeye eklemek için Gezgin'den kıyafet, aksesuar veya kafa seç.","Chọn Trang Phục, Phụ Kiện hoặc Đầu trong Cửa Sổ Khám Phá để thêm để xem trước.",在浏览器中选择服装、配饰或头部以添加至预览。,在浏览器中选择服装、配饰或头部以添加至预览。,在總管中選擇服裝、飾品或頭部以新增至預覽。
Studio.AvatarCompatibilityPreviewer.AddItems.OK,,,OK,OK,موافق,OK,Aceptar,Ok,ठीक है,OK,OK,了解,확인,OK,OK,,ตกลง,Tamam,OK,好的,好的,確定
Studio.AvatarCompatibilityPreviewer.ItemNames.BodyRangeOfMotion_13899730930,,,Range of Motion,Range of Motion,نطاق الحركة,Bewegungsbereich,Rango de movimiento,Amplitude des mouvements,मोशन की रेंज,Rentang Gerakan,Gamma di movimento,動作範囲,모션 범위,Zakres ruchu,Alcance de movimento,,ระยะของการเคลื่อนไหว,Hareket Aralığı,Phạm Vi Chuyển Động,运动范围,运动范围,運動範圍
Studio.AvatarCompatibilityPreviewer.ItemNames.Movement_11600208470,,,Idle,Idle,الخمول,Inaktiv,Inactividad,Inactif,आइडिल,Diam,Inattivo,待機,빈둥대기,Bezczynność,Inativo,,อยู่นิ่ง,Boşta durma,Đứng Im,闲置,闲置,閒置
Studio.AvatarCompatibilityPreviewer.ItemNames.Movement_11600249883,,,Walk,Walk,مشي,Gehen,Caminata,Marcher,वॉक,Jalan,Camminata,歩行,걷기,Chód,Andar,,การเดิน,Yürüme,Đi Bộ,行走,行走,步行
Studio.AvatarCompatibilityPreviewer.ItemNames.Movement_11600211410,,,Run,Run,ركض,Laufen,Carrera,Courir,रन,Lari,Corri,走る,달리기,Bieg,Correr,,การวิ่ง,Koşma,Chạy,奔跑,奔跑,奔跑
Studio.AvatarCompatibilityPreviewer.ItemNames.Movement_11600210487,,,Jump,Jump,قفز,Springen,Salto,Sauter,जंप,Loncat,Salto,ジャンプ,점프,Skok,Pular,,การกระโดด,Zıplama,Nhảy,跳跃,跳跃,跳躍
Studio.AvatarCompatibilityPreviewer.ItemNames.Movement_11600205519,,,Climb,Climb,تسلق,Klettern,Escalada,Grimper,क्लाइंब,Panjat,Scalare,登る,오르기,Wspinaczka,Escalar,,การปีน,Tırmanma,Leo,攀爬,攀爬,攀爬
Studio.AvatarCompatibilityPreviewer.ItemNames.Movement_11600206437,,,Fall,Fall,سقوط,Fallen,Caída,Chute,फ़ॉल,Jatuh,Caduta,落下,낙하,Upadek,Cair,,การหล่น,Düşme,Té,跌落,跌落,跌落
Studio.AvatarCompatibilityPreviewer.ItemNames.Movement_11600212676,,,Swim,Swim,سباحة,Schwimmen,Nado,Nager,स्विम,Renang,Nuota,泳ぐ,수영,Pływanie,Nadar,,การว่ายน้ำ,Yüzme,Bơi,游泳,游泳,游泳
Studio.AvatarCompatibilityPreviewer.ItemNames.BodyEmotes_10714395441,,,Point,Point,الإشارة,Punkt,Punto,Point,पॉइंट,Tunjuk,Punto,ポイント,가리키기,Wskazywanie,Apontar,,การชี้,İşaret etme,Điểm,指向,指向,指向
Studio.AvatarCompatibilityPreviewer.ItemNames.BodyEmotes_10714374484,,,Shrug,Shrug,هز الكتفين,Mit den Schultern zucken,Encogerse de hombros,Rétrécissement,श्रग,Angkat Bahu,Alza le spalle,肩をすくめる,으쓱으쓱,Wzruszanie ramionami,Dar de ombros,,การยักไหล่,Omuz silkme,Nhún Vai,耸肩,耸肩,聳肩
Studio.AvatarCompatibilityPreviewer.ItemNames.BodyEmotes_10714359093,,,Hello,Hello,مرحبًا,Hallo,Hola,Bonjour,हैलो,Halo,Ciao,こんにちは,안녕,Powitanie,Olá,,การสวัสดี,Merhaba,Xin Chào,你好,你好,打招呼
Studio.AvatarCompatibilityPreviewer.ItemNames.BodyEmotes_10714388352,,,Monkey,Monkey,قرد,Affe,Mono,Singe,मंकी,Monyet,Scimmia,モンキー,원숭이,Małpa,Macaco,,การทำท่าลิง,Maymun,Khỉ,猴子,猴子,猴子
Studio.AvatarCompatibilityPreviewer.ItemNames.BodyEmotes_10714338461,,,Tilt,Tilt,إمالة,Neigen,Inclinación,Incliner,झुकाव,Miring,Inclina,傾斜,기울이기,Przechylenie,Inclinar,,การเอียงตัว,Eğilme,Nghiêng,倾斜,倾斜,傾斜
Studio.AvatarCompatibilityPreviewer.ItemNames.BodyEmotes_10714389988,,,Salute,Salute,تحية,Salutieren,Saludo,Salut,सलाम,Hormat,Saluto,敬礼,경례,Salut,Saudar,,ทำความเคารพ,Selamlama,Chào,敬礼,敬礼,敬禮
Studio.AvatarCompatibilityPreviewer.ItemNames.BodyEmotes_10714352626,,,Happy,Happy,سعيد,Glücklich,Feliz,Heureux,हैपी,Senang,Felice,ハッピー,행복,Radość,Feliz,,มีความสุข,Mutlu,Hạnh Phúc,开心,开心,快樂
Studio.AvatarCompatibilityPreviewer.ItemNames.BodyEmotes_10714360164,,,Hero Landing,Hero Landing,هبوط بطولي,Heldenladung,Aterrizaje de héroe,Atterrissage de héros,हीरो लैंडिंग,Pendaratan Pahlawan,Atterraggio Eroe,ヒーロー着地,영웅의 착지,Lądowanie bohatera,Aterrissagem de herói,,ฮีโร่แลนดิ้ง,Kahraman inişi,Hạ Cánh Kiểu Anh Hùng,英雄登场,英雄登场,英雄降落
Studio.AvatarCompatibilityPreviewer.ItemNames.BodyEmotes_10714340543,,,Floss Dance,Floss Dance,رقصة الخيط,Floss-Tanz,Baile del hilo dental,Floss Dance,फ़्लॉस डांस,Floss Dance,Danza del filo interdentale,フロスダンス,플로스 댄스,Floss Dance,Dança do fio dental,,ฟลอสแดนซ์,Floss dansı,Vũ Điệu Floss,甩手舞,甩手舞,牙線舞
Studio.AvatarCompatibilityPreviewer.ItemNames.BodyEmotes_12507085924,,,Lotus,Lotus,اللوتس,Lotus,Loto,Lotus,कमल,Teratai,Lotus,ロータス,연꽃,Lotos,Lótus,,ดอกบัว,Lotus,Hoa Sen,莲花,莲花,蓮花
Studio.AvatarCompatibilityPreviewer.ItemNames.BodyEmotes_11453082181,,,Piano Jump,Piano Jump,قفزة البيانو,Klaviersprung,Salto de piano,Saut de piano,पियानो जंप,Piano Jump,Salta Pianoforte,ピアノジャンプ,피아노 점프,Piano Jump,Pulo do piano,,เปียโนจัมป์,Piyano sıçraması,Nhảy Piano,钢琴跳跃,钢琴跳跃,鋼琴跳躍
Studio.AvatarCompatibilityPreviewer.ItemNames.BodyEmotes_10370351535,,,Cartwheel,Cartwheel,شقلبة جانبية,Radschlag,Rueda de carro,Roue de chariot,कार्टव्हील,Meroda,Ruota,側転,카트휠,Gwiazda,Estrelinha,,ตีลังกา,Perende,Nhào Lộn,侧空翻,侧空翻,側翻
Studio.AvatarCompatibilityPreviewer.ItemNames.BodyEmotes_10214319518,,,V Pose,V Pose,وضعية V,V-Pose,Pose V,Pose en V,V पोज़,Pose V,Posa a V,Vポーズ,V 포즈,Poza V,Pose V,,วีโพส,V pozu,Tư Thế Chữ V,耶！,耶！,勝利姿勢
Studio.AvatarCompatibilityPreviewer.ItemNames.Emotions_13965126930,,,Expressions,Expressions,تعابير الوجه,Ausdrücke,Expresiones,Expressions,एक्सप्रेशंस,Ekspresi,Espressione,式,표현,Wyrazy twarzy,Expressões,,การแสดงออก,İfadeler,Biểu Thức,表情,表情,表情
Studio.AvatarCompatibilityPreviewer.ItemNames.Emotions_13965139478,,,Dialogue,Dialogue,الحوار,Dialog,Diálogo,Dialogue,डायलॉग,Dialog,Dialogo,ダイアログ,대화,Dialog,Diálogo,,บทสนทนา,Diyalog,Đối Thoại,对话,对话,對話
Studio.AvatarCompatibilityPreviewer.ItemNames.Emotions_13965076233,,,Mouth ROM,Mouth ROM,نطاق حركة الفم,Mund-ROM,Boca ROM,Bouche ROM,माउथ ROM,ROM Mulut,Bocca ROM,口 ROM,입 ROM,Zakres ruchu ust,Boca ROM,,ROM ปาก,Ağız Hareket Aralığı,ROM Miệng,嘴部活动范围,嘴部活动范围,嘴巴 ROM
Studio.AvatarCompatibilityPreviewer.ItemNames.Emotions_13965039145,,,Brows ROM,Brows ROM,نطاق حركة الحواجب,Augenbrauen-ROM,Cejas ROM,Sourcils ROM,ब्रोज़ ROM,ROM Alis,Sopracciglia ROM,まゆげ ROM,눈썹 ROM,Zakres ruchu brwi,Sobrancelhas ROM,,ROM คิ้ว,Kaş Hareket Aralığı,ROM Lông Mày,眉毛活动范围,眉毛活动范围,眉毛 ROM
Studio.AvatarCompatibilityPreviewer.ItemNames.Emotions_13965064041,,,Eyes ROM,Eyes ROM,نطاق حركة العينين,Augen-ROM,Ojos ROM,Yeux ROM,आइज़ ROM,ROM Mata,Occhi ROM,目 ROM,눈 ROM,Zakres ruchu oczu,Olhos ROM,,ROM ตา,Göz Hareket Aralığı,ROM Mắt,眼部活动范围,眼部活动范围,雙眼 ROM
Studio.AvatarCompatibilityPreviewer.ItemNames.Emotions_13965162732,,,FACS,FACS,نظام FACS,FACS,Sistema de Codificación Facial (FACS),FACS,FACS,FACS,FACS,FACS,FACS,FACS,FACS,,FACS,Yüz Hareketi Kodlama Sistemi,Hệ Thống Mã Hóa Biểu Cảm Khuôn Mặt,FACS,FACS,FACS
Studio.AvatarCompatibilityPreviewer.AssetPalettes.Eyebrows,,,Eyebrows,Eyebrows,الحواجب,Augenbrauen,Cejas,Sourcils,आइब्रो,Alis,Sopracciglia,まゆげ,눈썹,Brwi,Sobrancelhas,,คิ้ว,Kaşlar,Lông Mày,眉毛,眉毛,眉毛
Studio.AvatarCompatibilityPreviewer.AssetPalettes.Eyelashes,,,Eyelashes,Eyelashes,الرموش,Wimpern,Pestañas,Cils,आइलैशेज़,Bulu Mata,Ciglia,まつげ,속눈썹,Rzęsy,Cílios,,ขนตา,Kirpikler,Lông Mi,睫毛,睫毛,睫毛
Studio.AvatarCompatibilityPreviewer.AssetType.Torso,,,Torso,Torso,الجزء العلوي للجسم,Oberkörper,Torso,Torse,टॉर्सो,Badan,Torso,胴体,몸통,Korpus,Tronco,,ลำตัว,Gövde,Thân,躯干,躯干,軀幹
Studio.AvatarCompatibilityPreviewer.AssetType.RightArm,,,Right Arm,Right Arm,اليد اليمنى,Rechter Arm,Brazo derecho,Bras droit,दायाँ हाथ,Lengan Kanan,Braccio destro,右腕,오른팔,Prawa ręka,Braço direito,,แขนขวา,Sağ Kol,Tay Phải,右臂,右臂,右臂
Studio.AvatarCompatibilityPreviewer.AssetType.LeftArm,,,Left Arm,Left Arm,اليد اليسرى,Linker Arm,Brazo izquierdo,Bras gauche,बायाँ हाथ,Lengan Kiri,Braccio sinistro,左腕,왼팔,Lewa ręka,Braço esquerdo,,แขนซ้าย,Sol Kol,Tay Trái,左臂,左臂,左臂
Studio.AvatarCompatibilityPreviewer.AssetType.LeftLeg,,,Left Leg,Left Leg,الرجل اليسرى,Linkes Bein,Pierna izquierda,Jambe gauche,बायाँ पैर,Kaki Kiri,Gamba sinistra,左足,왼 다리,Lewa noga,Perna esquerda,,ขาซ้าย,Sol Bacak,Chân Trái,左腿,左腿,左腿
Studio.AvatarCompatibilityPreviewer.AssetType.RightLeg,,,Right Leg,Right Leg,الرجل اليمنى,Rechtes Bein,Pierna derecha,Jambe droite,दायाँ पैर,Kaki Kanan,Gamba destra,右足,오른 다리,Prawa noga,Perna direita,,ขาขวา,Sağ Bacak,Chân Phải,右腿,右腿,右腿
Studio.AvatarCompatibilityPreviewer.AssetType.DynamicHead,,,Dynamic Head,Dynamic Head,رأس ديناميكي,Dynamischer Kopf,Cabeza dinámica,Tête dynamique,डायनैमिक हेड,Kepala Dinamis,Testa dinamica,動く頭,다이내믹 헤드,Głowa dynamiczna,Cabeça dinâmica,,ศีรษะไดนามิก,Dinamik Kafa,Đầu Hiệu Ứng Động,动态头部,动态头部,動態頭部
Studio.AvatarCompatibilityPreviewer.UGCValidation.AssetNotFound,,,{asset} not found,{asset} not found,لم يتم العثور على {asset},{asset} nicht gefunden,{asset} no encontrado,{asset} non trouvé,{asset} नहीं मिला,{asset} tidak ditemukan,{asset} non trovato,{asset} が見つかりません,{asset}(을)를 찾을 수 없습니다,Nie znaleziono zasobu {asset},{asset} não encontrado(a),,ไม่พบ {asset},{asset} bulunamadı,Không tìm thấy {asset},未找到{asset},未找到{asset},未發現 {asset}
Studio.AvatarCompatibilityPreviewer.UGCValidation.WarningLongTitle_Singular,,,1 Warning found that will prevent you from uploading to Marketplace,1 Warning found that will prevent you from uploading to Marketplace,تم العثور على تحذير واحد سيمنعك من التحميل إلى المتجر,"1 Warnung gefunden, die dich am Hochladen auf den Marktplatz hindert",1 advertencia encontrada que impedirá que cargues al Mercado,1 Avertissement trouvé qui vous empêchera de télécharger sur le Marketplace,"1 वॉर्निंग मिली है, जो आपको मार्केटप्लेस पर अपलोड करने से रोकेगी",Ditemukan 1 Peringatan yang akan membuatmu tidak dapat meng-upload ke Marketplace,È stato rilevato 1 avviso che impedirà il caricamento sul Marketplace,1件の警告が見つかったためマーケットプレイスにアップロードできなくなります,"1개의 경고가 발견되었으며, 이로 인해 마켓플레이스 업로드가 제한됩니다","Znaleziono 1 ostrzeżenie, które uniemożliwi przesłanie na Rynek",1 aviso encontrado que impedirá que você faça o upload para o Mercado,,พบคำเตือน 1 รายการที่จะป้องกันไม่ให้คุณอัปโหลดไปยังมาร์เก็ตเพลส,Pazar Yeri'ne yükleme yapmanı önleyen 1 uyarı bulundu,Đã tìm thấy 1 Cảnh Báo sẽ ngăn bạn tải lên Sàn Giao Dịch,检测到 1 则将阻止你上传至商城的警告,检测到 1 则将阻止你上传至商城的警告,發現 1 個讓您無法上傳至市集的警告
Studio.AvatarCompatibilityPreviewer.UGCValidation.WarningLongTitle_Plural,,,{amount:int} Warnings found that will prevent you from uploading to Marketplace,{amount:int} Warnings found that will prevent you from uploading to Marketplace,تم العثور على {amount:int} تحذيرات من شأنها أن تمنعك من التحميل إلى المتجر,"{amount:int} Warnungen gefunden, die dich am Hochladen auf den Marktplatz hindern",{amount:int} advertencias encontradas que impedirán que cargues al Mercado,{amount:int} Avertissements trouvés qui vous empêcheront de télécharger sur le Marketplace,"{amount:int} वॉर्निंग मिली हैं, जो आपको मार्केटप्लेस पर अपलोड करने से रोकेगी",Ditemukan {amount:int} Peringatan yang akan membuatmu tidak dapat meng-upload ke Marketplace,Sono stari rilevati {amount:int} avvisi che impediranno il caricamento sul Marketplace,{amount:int} 件の警告が見つかったためマーケットプレイスにアップロードできなくなります,"{amount:int}개의 경고가 발견되었으며, 이로 인해 마켓플레이스 업로드가 제한됩니다",,{amount:int} avisos encontrados que impedirão que você faça o upload para o Mercado,,พบคำเตือน {amount:int} รายการที่จะป้องกันไม่ให้คุณอัปโหลดไปยังมาร์เก็ตเพลส,Pazar Yeri'ne yükleme yapmanı önleyen {amount:int} uyarı bulundu,Đã tìm thấy {amount:int} Cảnh Báo sẽ ngăn bạn tải lên Marketplace,检测到 {amount:int} 则将阻止你上传至商城的警告,检测到 {amount:int} 则将阻止你上传至商城的警告,發現 {amount:int} 個讓您無法上傳至市集的警告
Studio.AvatarCompatibilityPreviewer.UGCValidation.WarningShortTitle_Singular,,,1 Warning,1 Warning,تحذير واحد,1 Warnung,1 advertencia,1 Avertissement,1 वॉर्निंग,1 Peringatan,1 avviso,警告1件,1개의 알림,Liczba ostrzeżeń: 1,1 aviso,,คำเตือน 1 รายการ,1 uyarı,1 Cảnh Báo,1 则警告,1 则警告,1 個警告
Studio.AvatarCompatibilityPreviewer.UGCValidation.WarningShortTitle_Plural,,,{amount:int} Warnings,{amount:int} Warnings,{amount:int} تحذيرات,{amount:int} Warnungen,{amount:int} advertencias,{amount:int} Avertissements,{amount:int} वॉर्निंग,{amount:int} Peringatan,{amount:int} avvisi,警告 {amount:int} 件,{amount:int}개의 알림,Liczba ostrzeżeń: {amount:int},{amount:int} avisos,,คำเตือน {amount:int} รายการ,{amount:int} uyarı,{amount:int} Cảnh Báo,{amount:int} 则警告,{amount:int} 则警告,{amount:int} 個警告
Studio.AvatarCompatibilityPreviewer.UGCValidation.WarningAction,,,See Details,See Details,عرض التفاصيل,Details anzeigen,Ver detalles,Voir les détails,जानकारी देखें,Lihat Detail,Vedi i dettagli,詳細を表示,세부 정보 보기,Zobacz szczegóły,Ver detalhes,,ดูรายละเอียด,Ayrıntıları gör,Xem Chi Tiết,了解详情,了解详情,檢視詳情
Studio.AvatarCompatibilityPreviewer.UGCValidation.SuccessTooltip,,,This avatar can be uploaded to Marketplace,This avatar can be uploaded to Marketplace,يمكن رفع صورة الأفاتار هذه إلى المتجر,Dieser Avatar kann auf den Marktplatz hochgeladen werden,Este avatar se puede cargar al Mercado,Cet avatar peut être téléchargé sur le Marketplace,इस अवतार को मार्केटप्लेस में अपलोड किया जा सकता है,Avatar ini dapat di-upload ke Marketplace,Questo avatar può essere caricato sul Marketplace,このアバターはマーケットプレイスにアップロードできます,이 아바타는 마켓플레이스 업로드가 가능합니다,Ten awatar może zostać przesłany na Rynek,Este avatar pode ser enviado para o Mercado,,อวตารนี้สามารถอัปโหลดไปยังมาร์เก็ตเพลสได้,"Avatar, Pazar Yeri'ne yüklenebilir",Avatar này có thể được tải lên Sàn Giao Dịch,该虚拟形象可上传至商城,该虚拟形象可上传至商城,此虛擬人偶可上傳至市集
Studio.AvatarCompatibilityPreviewer.UGCValidation.AlertTitle,,,Body Errors,Body Errors,أخطاء الجسد,Körperfehler,Errores del cuerpo,Erreurs du corps,बॉडी की गड़बड़ी,Eror Tubuh,Errori del corpo,ボディのエラー,신체 오류,Błędy ciała,Erros de corpo,,ข้อผิดพลาดของร่างกาย,Vücut hataları,Lỗi Phần Thân,身体错误,身体错误,身體錯誤
Studio.AvatarCompatibilityPreviewer.DisambiguationMenu.CallToAction,,,Which asset type do you want to add these items to?,Which asset type do you want to add these items to?,ما نوع الأصل الذي تريد إضافة هذه العناصر إليه؟,Zu welchem Objekttyp möchtest du diese Artikel hinzufügen?,¿A qué tipo de recurso quieres añadir estos objetos?,À quel type de contenu veux-tu ajouter ces éléments ?,आपको इन आइटम में किस तरह की ऐसेट जोड़नी है?,Ke tipe aset mana kamu ingin menambahkan item ini?,A quale tipo di risorsa desideri aggiungere questi articoli?,これらのアイテムをどのアセットタイプに追加しますか？,어느 애셋 유형에 이 항목을 추가할까요?,Do którego typu zasobu chcesz dodać te przedmioty?,A qual paleta você deseja adicionar esses itens?,,คุณต้องการเพิ่มไอเท็มเหล่านี้ไปยังประเภททรัพยากรใด?,Öğeleri hangi varlık türüne eklemek istersin?,Bạn muốn thêm các vật phẩm này vào loại tài sản nào?,你想将这些道具添加到哪种素材类型？,你想将这些道具添加到哪种素材类型？,您希望為這些道具新增哪個素材類型？
Studio.AvatarCompatibilityPreviewer.DisambiguationMenu.Title,,,Select Item Asset Types,Select Item Asset Types,تحديد أنواع أصول العنصر,Objekttypen für Artikel auswählen,Seleccionar tipos de recurso de objeto,Choisir les types de contenus pour item,आइटम ऐसेट के टाइप चुनें,Pilih Tipe Aset Item,Seleziona i tipi di risorse dell'articolo,アイテムのアセットタイプを選択,아이템 애셋 유형 선택,Zaznacz typ zasobu przedmiotów,Selecionar tipos de itens ativos,,เลือกประเภททรัพยากรไอเท็ม,Öğe Varlık Türlerini Seç,Chọn Loại Tài Sản Cho Vật Phẩm,选择道具素材类型,选择道具素材类型,選擇道具素材類型
Studio.AvatarCompatibilityPreviewer.DisambiguationMenu.DropdownPlaceholder,,,AssetType,AssetType,AssetType,AssetType,AssetType,AssetType,AssetType,AssetType,AssetType,AssetType,AssetType,AssetType,AssetType,,AssetType,AssetType,AssetType,AssetType,AssetType,AssetType
Studio.AvatarCompatibilityPreviewer.DisambiguationMenu.OK,,,OK,OK,موافق,OK,Aceptar,Ok,ठीक है,OK,OK,了解,확인,OK,OK,,ตกลง,Tamam,OK,好的,好的,確定
Studio.AvatarCompatibilityPreviewer.AccessoryAttachment.Back,,,Back,Back,الظهر,Rückseite,Trasero,Retour,वापस जाएँ,Belakang,Retro,背面,후면,Tył,Costas,,ด้านหลัง,Arka Taraf,Lưng,背面,背面,後方
Studio.AvatarCompatibilityPreviewer.AccessoryAttachment.Center,,,Center,Center,الوسط,Mitte,Centro,Centre,सेंटर,Tengah,Centro,中央,중앙,Środek,Centro,,ศูนย์กลาง,Merkez,Giữa,中心,中心,中央
Studio.AvatarCompatibilityPreviewer.AccessoryAttachment.Face,,,Face,Face,الوجه,Gesicht,Cara,Visage,चेहरा,Wajah,Viso,顔,얼굴,Twarz,Rosto,,ใบหน้า,Yüz,Khuôn Mặt,面部,面部,臉部
Studio.AvatarCompatibilityPreviewer.AccessoryAttachment.Front,,,Front,Front,الجزء الأمامي,Vorderseite,Frontal,Devant,आगे,Depan,Fronte,正面,전면,Przód,Frente,,ด้านหน้า,Ön Taraf,Trán,正面,正面,前方
Studio.AvatarCompatibilityPreviewer.AccessoryAttachment.Neck,,,Neck,Neck,الرقبة,Hals,Cuello,Cou,गरदन,Leher,Collo,首,목,Szyja,Pescoço,,คอ,Boyun,Cổ,颈部,颈部,頸部
Studio.AvatarCompatibilityPreviewer.AccessoryAttachment.RightCollar,,,Right Collar,Right Collar,الياقة اليمنى,Rechter Kragen,Cuello derecho,Col droit,दायाँ कॉलर,Kerah Kanan,Destra del collo,右えり,오른쪽 칼라,Prawy obojczyk,Colarinho direito,,ปกคอเสื้อด้านขวา,Sağ Yaka,Cổ Áo Phải,右衣领,右衣领,右領
Studio.AvatarCompatibilityPreviewer.AccessoryAttachment.LeftCollar,,,Left Collar,Left Collar,الياقة اليسرى,Linker Kragen,Cuello izquierdo,Col gauche,बायाँ कॉलर,Kerah Kiri,Sinistra del collo,左えり,왼쪽 칼라,Lewy obojczyk,Colarinho esquerdo,,ปกคอเสื้อด้านซ้าย,Sol Yaka,Cổ Áo Trái,左衣领,左衣领,左領
Studio.AvatarCompatibilityPreviewer.AccessoryAttachment.RightShoulder,,,Right Shoulder,Right Shoulder,الكتف الأيمن,Rechte Schulter,Hombro derecho,Épaule droite,दायाँ कंधा,Bahu Kanan,Spalla destra,右肩,오른쪽 어깨,Prawe ramię,Ombro direito,,ไหล่ขวา,Sağ Omuz,Vai Phải,右肩,右肩,右肩
Studio.AvatarCompatibilityPreviewer.AccessoryAttachment.LeftShoulder,,,Left Shoulder,Left Shoulder,الكتف الأيسر,Linke Schulter,Hombro izquierdo,Épaule gauche,बायाँ कंधा,Bahu Kiri,Spalla sinistra,左肩,왼쪽 어깨,Lewe ramię,Ombro esquerdo,,ไหล่ซ้าย,Sol Omuz,Vai Trái,左肩,左肩,左肩
Studio.AvatarCompatibilityPreviewer.AssetType.Hat,,,Hat,Hat,القبعة,Hut,Sombrero,Chapeau,हैट,Topi,Cappello,帽子,모자,Nakrycie głowy,Chapéu,,หมวก,Şapka,Mũ,帽子,帽子,帽子
Studio.AvatarCompatibilityPreviewer.AssetType.HairAccessory,,,Hair,Hair,الشعر,Haare,Pelo,Cheveux,हेयर,Rambut,Capelli,髪,헤어,Włosy,Cabelo,,ผม,Saç,Tóc,发型,发型,髮型
Studio.AvatarCompatibilityPreviewer.AssetType.FaceAccessory,,,Face,Face,الوجه,Gesicht,Cara,Visage,चेहरा,Wajah,Viso,顔,얼굴,Twarz,Rosto,,ใบหน้า,Yüz,Khuôn Mặt,面部,面部,臉部
Studio.AvatarCompatibilityPreviewer.AssetType.EyelashAccessory,,,Eyelash,Eyelash,الأهداب,Augenwimper,Pestaña,Cils,आइलैश,Bulu Mata,Ciglia,まつげ,속눈썹,Rzęsa,Cílio,,ขนตา,Kirpik,Lông Mi,睫毛,睫毛,睫毛
Studio.AvatarCompatibilityPreviewer.AssetType.EyebrowAccessory,,,Eyebrow,Eyebrow,الحاجب,Augenbraue,Ceja,Sourcil,आइब्रो,Alis,Sopracciglio,まゆげ,눈썹,Brew,Sobrancelha,,คิ้ว,Kaş,Lông Mày,眉毛,眉毛,眉毛
Studio.AvatarCompatibilityPreviewer.AssetType.NeckAccessory,,,Neck,Neck,الرقبة,Hals,Cuello,Cou,गरदन,Leher,Collo,首,목,Szyja,Pescoço,,คอ,Boyun,Cổ,颈部,颈部,頸部
Studio.AvatarCompatibilityPreviewer.AssetType.ShoulderAccessory,,,Shoulder,Shoulder,الكتف,Schulter,Hombro,Épaule,शोल्डर,Bahu,Spalle,肩,어깨,Ramiona,Ombro,,ไหล่,Omuz,Vai,肩部,肩部,肩膀
Studio.AvatarCompatibilityPreviewer.AssetType.FrontAccessory,,,Front,Front,الجزء الأمامي,Vorderseite,Frontal,Devant,फ़्रंट,Depan,Fronte,正面,전면,Przód,Frente,,ด้านหน้า,Ön Taraf,Trán,正面,正面,前方
Studio.AvatarCompatibilityPreviewer.AssetType.BackAccessory,,,Back,Back,الظهر,Rückseite,Trasero,Retour,बैक,Belakang,Retro,背面,후면,Tył,Costas,,ด้านหลัง,Arka Taraf,Lưng,背面,背面,後方
Studio.AvatarCompatibilityPreviewer.AssetType.WaistAccessory,,,Waist,Waist,الخصر,Taille,Cintura,Taille,कमर,Pinggang,Vita,腰,허리,Talia,Cintura,,เอว,Bel,Eo,腰部,腰部,腰部
Studio.AvatarCompatibilityPreviewer.AssetType.TeeShirtAccessory,,,T-Shirt,T-Shirt,تي شيرت,T-Shirt,Camiseta,T-Shirt,टी-शर्ट,Kaus,Maglietta,Tシャツ,티셔츠,Koszulka,Camiseta,,เสื้อยืด,Tişört,Áo Thun,T 恤,T 恤,T 恤
Studio.AvatarCompatibilityPreviewer.AssetType.ShirtAccessory,,,Shirt,Shirt,قميص,Shirt,Camisa,Chemise,शर्ट,Kemeja,Camicia,シャツ,셔츠,Koszula,Camisa,,เสื้อเชิ้ต,Gömlek,Áo Sơ Mi,衬衫,衬衫,襯衫
Studio.AvatarCompatibilityPreviewer.AssetType.PantsAccessory,,,Pants,Pants,بنطلون,Hose,Pantalones,Pantalon,पैंट,Celana,Pantaloni,ズボン,바지,Spodnie,Calças,,กางเกงขายาว,Pantolon,Quần Dài,裤子,裤子,褲子
Studio.AvatarCompatibilityPreviewer.AssetType.JacketAccessory,,,Jacket,Jacket,جاكيت,Jacke,Chaqueta,Veste,जैकेट,Jaket,Giacca,ジャケット,재킷,Kurtka,Jaqueta,,เสื้อแจ็คเก็ต,Ceket,Áo Khoác,夹克,夹克,夾克
Studio.AvatarCompatibilityPreviewer.AssetType.SweaterAccessory,,,Sweater,Sweater,سترة,Pullover,Suéter,Pull,स्वेटर,Sweter,Maglione,セーター,스웨터,Sweter,Moletom,,เสื้อสเวตเตอร์,Kazak,Áo Len,毛衣,毛衣,外套
Studio.AvatarCompatibilityPreviewer.AssetType.ShortsAccessory,,,Shorts,Shorts,شورت,Shorts,Pantalones cortos,Shorts,शॉर्ट्स,Celana Pendek,Pantaloncini,短パン,반바지,Szorty,Calções,,กางเกงขาสั้น,Şort,Quần Ngắn,短裤,短裤,短褲
Studio.AvatarCompatibilityPreviewer.AssetType.LeftShoeAccessory,,,Left Shoe,Left Shoe,حذاء أيسر,Linker Schuh,Zapato izquierdo,Chaussure gauche,बायाँ जूता,Sepatu Kiri,Scarpa sinistra,靴（左）,왼쪽 신발,Lewy but,Sapato esquerdo,,รองเท้าข้างซ้าย,Sol Ayakkabı,Giày Trái,左脚鞋,左脚鞋,左鞋
Studio.AvatarCompatibilityPreviewer.AssetType.RightShoeAccessory,,,Right Shoe,Right Shoe,حذاء أيمن,Rechter Schuh,Zapato derecho,Chaussure droite,दायाँ जूता,Sepatu Kanan,Scarpa destra,靴（右）,오른쪽 신발,Prawy but,Sapato direito,,รองเท้าข้างขวา,Sağ Ayakkabı,Giày Phải,右脚鞋,右脚鞋,右鞋
Studio.AvatarCompatibilityPreviewer.AssetType.DressSkirtAccessory,,,Dress/Skirt,Dress/Skirt,فستان/تنورة,Kleid/Rock,Vestido/Falda,Robe / jupe,ड्रेस/स्कर्ट,Dress/Rok,Vestito/Gonna,ドレスかスカート,원피스 및 치마,Sukienka/spódnica,Vestido/Saia,,เดรส/กระโปรง,Elbise/Etek,Đầm/Chân Váy,裙子/短裙,裙子/短裙,洋裝/裙子
Studio.AvatarCompatibilityPreviewer.DisambiguationMenu.AssetTypeDropdownPlaceholder,,,Asset Type,Asset Type,نوع الأصل,Objekttyp,Tipo de recurso,Type de contenu,ऐसेट टाइप,Tipe Aset,Tipo di risorsa,アセットタイプ,애셋 유형,Typ zasobu,Tipo de ativo,,ประเภททรัพยากร,Varlık türü,Loại Tài Sản,素材类型,素材类型,素材類型
Studio.AvatarCompatibilityPreviewer.DisambiguationMenu.Ignore,,,Ignore,Ignore,تجاهل,Ignorieren,Ignorar,Ignorer,इग्नोर करें,Abaikan,Ignora,無視,무시,Ignoruj,Ignorar,,ละเว้น,Yok say,Bỏ Qua,忽略,忽略,忽略
Studio.AvatarCompatibilityPreviewer.DisambiguationMenu.LayeredClothing,,,Layered Clothing,Layered Clothing,ملابس ذات طبقات,Mehrschichtige Kleidung,Ropa en capas,Vêtements superposés,3D लेयर्ड क्लोदिंग,Pakaian Berlapis,Abbigliamento a strati,重ね着,레이어드 복장,Ubranie warstwowe,Roupas em camadas,,เสื้อผ้าซ้อนชั้น,Üst Üste Giyilen Kıyafet,Trang Phục Nhiều Lớp,层叠服饰,层叠服饰,多層次穿搭
Studio.AvatarCompatibilityPreviewer.DisambiguationMenu.RigidAccessory,,,Rigid Accessory,Rigid Accessory,الإكسسوار الصلب,Starres Accessoire,Accesorios rígidos,Accessoire rigide,रिजिड ऐक्सेसरी,Aksesori Kaku,Accessorio rigido,剛性アクセサリ,강성 장신구,Akcesorium sztywne,Acessório rígido,,ไอเท็มเสริมตายตัว,Rijit Aksesuar,Phụ Kiện Cứng,硬质配饰,硬质配饰,固定飾品
Studio.AvatarCompatibilityPreviewer.DisambiguationMenu.LoneMeshPartBadMarketplaceLayeredClothing,,,Layered {name} accessories cannot be submitted to the Marketplace.,Layered {name} accessories cannot be submitted to the Marketplace.,لا يمكن إرسال إكسسوارات {name} ذات الطبقات إلى المتجر.,Mehrschichtige {name}-Accessoires können nicht auf dem Marktplatz eingereicht werden.,Los accesorios en capas {name} no se pueden enviar al Mercado.,Les accessoires {name} superposés ne peuvent pas être proposés au Marketplace.,लेयर्ड {name} ऐक्सेसरीज़ को मार्केटप्लेस में सबमिट नहीं किया जा सकता है.,Aksesori {name} berlapis tidak dapat dikirimkan ke Marketplace.,Gli accessori a strati {name} non possono essere inviati al Marketplace.,重ねづけされた {name} アクセサリはマーケットプレイスに提出できません。,레이어드 {name} 장신구는 마켓플레이스에 제출할 수 없습니다.,Nie można przesyłać na Rynek akcesoriów warstwowych typu {name}.,Em camadas {name} os acessórios não podem ser enviados para o Mercado.,,ไม่สามารถถส่งไอเท็มเสริม {name} ที่ซ้อนชั้นไปยังมาร์เก็ตเพลสได้,Üst üste giyilen {name} aksesuarları Pazar Yeri'ne gönderilemiyor.,Không thể gửi phụ kiện {name} nhiều lớp đến Sàn Giao Dịch.,层叠{name}配饰无法提交至商城。,层叠{name}配饰无法提交至商城。,多層次 {name} 飾品無法提交至市集。
Studio.AvatarCompatibilityPreviewer.DisambiguationMenu.LoneMeshPartBadMarketplaceRigidAccessories,,,Rigid {name} accessories cannot be submitted to the Marketplace.,Rigid {name} accessories cannot be submitted to the Marketplace.,لا يمكن إرسال إكسسوارات {name} الصلبة إلى المتجر.,Starre {name}-Accessoires können nicht auf dem Marktplatz eingereicht werden.,Los accesorios rígidos {name} no se pueden enviar al Mercado.,Les accessoires rigides {name} ne peuvent pas être proposés sur le Marketplace.,रिजिड {name} ऐक्सेसरीज़ को मार्केटप्लेस में सबमिट नहीं किया जा सकता है.,Aksesori {name} kaku tidak dapat dikirimkan ke Marketplace.,Gli accessori Rigidi {name} non possono essere inviati al Marketplace.,剛性 {name} アクセサリはマーケットプレイスに提出できません。,강성 {name} 장신구는 마켓플레이스에 제출할 수 없습니다.,Nie można przesyłać na Rynek akcesoriów sztywnych typu {name}.,Acessórios {name} rígidos não podem ser enviados para o Mercado.,,"ไม่สามารถส่งไอเท็มเสริม ""{name}"" แบบตายตัวไปยังมาร์เก็ตเพลสได้",Rijit {name} aksesuarları Pazar Yeri'ne gönderilemiyor.,Không thể gửi phụ kiện {name} cứng vào Sàn Giao Dịch.,硬质{name}配饰无法提交至商城。,硬质{name}配饰无法提交至商城。,固定 {name} 飾品無法提交至市集。
Studio.AvatarCompatibilityPreviewer.AvatarScreen.AutoSetupErrorTitle,,,Something went wrong,Something went wrong,حدث خطأ ما.,Etwas ist schiefgelaufen,Algo salió mal,Une erreur s'est produite,कुछ गड़बड़ी हुई,Terjadi masalah,Qualcosa è andato storto,何らかの問題が発生しました,문제가 생겼어요,Coś poszło nie tak,Algo deu errado,,มีปัญหาบางอย่างเกิดขึ้น,Bir şeyler ters gitti,Đã xảy ra lỗi,发生错误,发生错误,發生錯誤
Studio.AvatarCompatibilityPreviewer.AvatarScreen.ErrorMultipleBodies,,,"Multiple meshes named _Geo. Either change your model to only have the main body named _Geo, or select the specific one you want.","Multiple meshes named _Geo. Either change your model to only have the main body named _Geo, or select the specific one you want.",العديد من أصول mesh المسماة _Geo. إما تغيير النموذج الخاص بك ليكون فقط الجسد الرئيسي المسمى _Geo، أو تحديد واحد محدد تريده.,"Mehrere Meshes mit dem Namen ""_Geo"". Ändere dein Modell entweder so, dass nur der Hauptkörper ""_Geo"" heißt, oder wähle das gewünschte aus.","Múltiples mallas llamadas _Geo. Cambia tu modelo para que solo tenga el cuerpo principal llamado _Geo, o selecciona uno específico.","Maillages multiples nommés _Geo. Soit changer ton modèle pour n'avoir que le corps principal nommé _Geo, soit sélectionner celui que tu veux.",_Geo नाम के कई मेश हैं. अपने मॉडल को बदलकर सिर्फ़ मेन बॉडी का नाम _Geo रखें या मनचाहा खास नाम चुनें.,"Ada beberapa mesh bernama _Geo. Ubah model agar badan utamanya bernama _Geo, atau pilih badan spesifik yang kamu inginkan.",Mesh multiple denominate _Geo. Cambia il tuo modello per avere solo il corpo principale chiamato _Geo o seleziona quello specifico che desideri.,_Geo という名前の複数のメッシュがあります。モデルを変更してメインボディだけを _Geo という名前にするか、この名前をつけたいものを指定して選択してください。,'_Geo'라는 이름의 여러 메시. '_Geo'라는 신체만 갖추도록 모델을 변경하거나 원하는 특정 신체를 선택하세요.,"Istnieje więcej siatek o nazwie _Geo. Zmień model tak, aby była w nim tylko zawartość główna o nazwie _Geo, lub zaznacz konkretną siatkę, której chcesz użyć.","Várias malhas chamadas _Geo. Altere seu modelo para ter apenas o corpo principal chamado _Geo, ou selecione a malha específica que você deseja.",,เมชหลายรายการถูกตั้งชื่อเป็น _Geo เปลี่ยนโมเดลของคุณให้ร่างกายหลักเท่านั้นที่มีชื่อ _Geo หรือเลือกหนึ่งรายการแบบเจาะจงที่คุณต้องการ,_Geo adlı birden fazla mesh yapısı var. Modelini yalnızca ana gövdenin adı _Geo olacak şekilde değiştir ya da özel olarak istediğini seç.,Nhiều mesh có tên là _Geo. Hoặc thay đổi mô hình của bạn để chỉ có phần thân chính được đặt tên là _Geo hoặc chọn một cái cụ thể mà bạn muốn.,有多个网格被命名为_Geo。你需改变你的模型以确保仅有主身体名为_Geo，或是选择你具体要的那一个。,有多个网格被命名为_Geo。你需改变你的模型以确保仅有主身体名为_Geo，或是选择你具体要的那一个。,有多個網格的名稱為「_Geo」。您可以選擇變更模型，讓主身體維持「_Geo」的名稱，或是選擇您想要的其中一個網格命名為「_Geo」。
Studio.AvatarCompatibilityPreviewer.AvatarScreen.ErrorSourceFail,,,We hit an internal error while performing setup. Please check the output window for details.,We hit an internal error while performing setup. Please check the output window for details.,واجهنا خطأً داخليًا أثناء إعداد الأفاتار. يرجى التحقق من نافذة الإخراج.,Beim Einrichten ist ein interner Fehler aufgetreten. Weitere Informationen findest du im Ausgabefenster.,Se produjo un error interno durante la configuración. Consulta la ventana de salida para obtener más información.,Nous avons rencontré une erreur interne lors de la configuration. Veuillez vérifier la fenêtre de sortie pour plus de détails.,"सेटअप करते समय कोई आंतरिक गड़बड़ी हुई. जानकारी के लिए, कृपया आउटपुट विंडो देखें.",Terjadi kesalahan internal saat melakukan pengaturan. Periksa jendela output untuk detailnya.,Abbiamo riscontrato un errore interno durante la configurazione. Controlla la finestra di output per maggiori dettagli.,セットアップの実行中に内部エラーが発生しました。詳細については、出力ウィンドウを確認してください。,설정을 수행하는 동안 내부 오류가 발생했습니다. 자세한 내용은 출력 창을 확인하세요.,Podczas wykonywania konfiguracji wystąpił błąd wewnętrzny. Szczegóły znajdziesz w oknie wyników.,Ocorreu um erro interno durante a configuração. Verifique a janela de saída para obter mais informações.,,เกิดข้อผิดพลาดภายในขณะตั้งค่า โปรดตรวจสอบหน้าต่างเอาต์พุตเพื่อดูรายละเอียด,Kurulumu gerçekleştirirken dâhilî bir hatayla karşılaştık. Ayrıntılar için lütfen çıktı penceresini kontrol et.,Chúng tôi đã gặp lỗi cục bộ trong quá trình thiết lập. Vui lòng kiểm tra cửa sổ đầu ra để biết thêm chi tiết.,执行设置时发生内部错误。请检查输出窗口以了解详细情况。,执行设置时发生内部错误。请检查输出窗口以了解详细情况。,執行設定時發生內部錯誤。請檢查輸出視窗以瞭解詳情。
Studio.AvatarCompatibilityPreviewer.AvatarScreen.AutoSetupInProgressTitle,,,Avatar Setup in Progress,Avatar Setup in Progress,إعداد الأفاتار قيد التقدم,Avatareinrichtung läuft,Configuración de avatar en curso,Configuration de l'avatar en cours,अवतार सेटअप किया जा रहा है,Pengatur Avatar dalam Proses,Configurazione dell'avatar in corso,アバター設定進行中,아바타 설정 진행 중,Trwa konfigurowanie awatara,Configuração de avatar em andamento,,การตั้งค่าอวาตาร์อยู่ในระหว่างการดำเนินการ,Avatar kurulumu sürüyor,Đang Cài Đặt Hình Đại Diện,正在运行虚拟形象设置,正在运行虚拟形象设置,正在設定虛擬人偶
Studio.AvatarCompatibilityPreviewer.AvatarScreen.AutoSetupInProgressDescription,,,This might take a few minutes. You can keep working in the editor in the meantime.,This might take a few minutes. You can keep working in the editor in the meantime.,قد يستغرق ذلك بضع دقائق. يمكنك الاستمرار في العمل في المحرر في هذه الأثناء.,Dies kann einige Minuten dauern. Du kannst in der Zwischenzeit im Editor weiterarbeiten.,Esto puede tardar unos minutos. Puedes seguir trabajando en el editor mientras tanto.,Cela peut prendre quelques minutes. Vous pouvez continuer à travailler dans l'éditeur en attendant.,इसमें कुछ मिनट लग सकते हैं. इस बीच एडिटर में काम किया जा सकता है.,Proses ini mungkin memerlukan beberapa menit. Kamu dapat terus bekerja di editor selama proses berlangsung.,"L'operazione potrebbe richiedere alcuni minuti. Nel frattempo, puoi continuare a lavorare nell'editor.",これには数分かかることがあります。その間、編集機能で作業を続けることができます。,이 작업은 몇 분 정도 걸릴 수 있습니다. 그 동안에는 편집기에서 계속 작업할 수 있습니다,Może to potrwać kilka minut. W tym czasie możesz kontynuować pracę w edytorze.,Isso pode levar alguns minutos. Você pode continuar trabalhando no editor enquanto isso.,,การดำเนินการนี้อาจใช้เวลาสองสามนาที คุณสามารถใช้งานเครื่องมือแก้ไขต่อไปได้ในช่วงเวลาดังกล่าว,Bu işlem birkaç dakika sürebilir. Bu sırada düzenleyicide çalışmaya devam edebilirsin.,"Điều này có thể mất vài phút. Trong khi chờ đợi, bạn có thể tiếp tục làm việc trong trình chỉnh sửa.",该过程将持续数分钟。在此期间，你可以继续在编辑器内进行编辑。,该过程将持续数分钟。在此期间，你可以继续在编辑器内进行编辑。,可能會需要幾分鐘的時間。在此期間，您可以在編輯器中繼續工作。
Studio.AvatarCompatibilityPreviewer.AvatarScreen.AutoSetupInProgressActionText,,,Cancel,Cancel,إلغاء,Abbrechen,Cancelar,Annuler,कैंसिल करें,Batalkan,Annulla,キャンセル,취소,Anuluj,Cancelar,,ยกเลิก,İptal,Hủy Bỏ,取消,取消,取消
Studio.AvatarCompatibilityPreviewer.AvatarScreen.CancelPromptTitle,,,Cancel Avatar Setup,Cancel Avatar Setup,إلغاء إعداد الأفاتار,Avatareinrichtung abbrechen,Cancelar Configurador de avatar,Annuler la configuration de l'avatar,अवतार सेटअप कैंसिल करें,Batalkan Pengatur Avatar,Annulla la configurazione dell'avatar,アバター設定をキャンセル,아바타 설정 취소,Anuluj konfigurację awatara,Cancelar configuração de avatar,,ยกเลิกการตั้งค่าอวาตาร์,Avatar kurulumunu iptal et,Huỷ Cài Đặt Hình Đại Diện,取消虚拟形象设置,取消虚拟形象设置,取消虛擬人偶設定
Studio.AvatarCompatibilityPreviewer.AvatarScreen.CancelPromptConfirmText,,,Are you sure you want to cancel Avatar Setup?,Are you sure you want to cancel Avatar Setup?,هل أنت متأكد من أنك تريد إلغاء إعداد الأفاتار؟,Möchtest du die Avatareinrichtung wirklich abbrechen?,¿Realmente quieres cancelar la configuración de avatar?,Es-tu sûr de vouloir annuler la configuration de l'avatar ?,क्या आपको वाकई अवतार सेटअप कैंसिल करना है?,Yakin ingin membatalkan Pengatur Avatar?,Vuoi davvero annullare la configurazione dell'avatar?,アバター設定をキャンセルしますか？,아바타 설정을 정말 취소할까요?,Czy na pewno chcesz anulować konfigurację awatara?,Tem certeza de que deseja cancelar a configuração de avatar?,,คุณแน่ใจใช่หรือไม่ว่าต้องการยกเลิกการตั้งค่าอวาตาร์?,Avatar kurulumunu iptal etmek istediğinden emin misin?,Bạn có chắc muốn hủy Cài Đặt Hình Đại Diện không?,你确定要取消虚拟形象设置吗？,你确定要取消虚拟形象设置吗？,確定要取消虛擬人偶設定嗎？
Studio.AvatarCompatibilityPreviewer.AvatarScreen.CancelPromptYes,,,Yes,Yes,نعم,Ja,Sí,Oui,हाँ,Ya,Sì,はい,예,Tak,Sim,,ใช่,Evet,Có,是,是,是
Studio.AvatarCompatibilityPreviewer.AvatarScreen.CancelPromptNo,,,No,No,لا,Nein,No,Non,नहीं,Tidak,No,いいえ,아니요,Nie,Não,,ไม่,Hayır,Không,否,否,否
Studio.AvatarCompatibilityPreviewer.AvatarScreen.StartAutoSetup,,,Set Up,Set Up,إعداد,Einrichtung,Configuración,Mise en place,सेट अप करें,Atur,Configura,設定する,설정,Skonfiguruj,Configurar,,ตั้งค่า,Ayarla,Thiết Lập,设置,设置,設定
Studio.AvatarCompatibilityPreviewer.SurveyDialog.SendFeedback,,,Send Feedback,Send Feedback,إرسال الملاحظات,Feedback senden,Enviar comentarios,Envoyer commentaires,फ़ीडबैक दें,Kirim Tanggapan,Invia Feedback,フィードバックを送信,피드백 보내기,Wyślij uwagi,Enviar feedback,,ส่งข้อเสนอแนะ,Geri bildirim gönder,Gửi Phản hồi,发送反馈,发送反馈,傳送意見回饋
Studio.AvatarCompatibilityPreviewer.SurveyDialog.FinishAlert,,,Thank you for submitting your feedback!,Thank you for submitting your feedback!,شكرًا على إرسال ملاحظاتك!,Vielen Dank für dein Feedback!,¡Gracias por enviar tus comentarios!,Merci d'avoir envoyé ton commentaire !,फ़ीडबैक देने के लिए धन्यवाद!,Terima kasih atas masukanmu!,Grazie per aver inviato il tuo feedback!,フィードバックをご送信いただきありがとうございました！,피드백을 제출해 주셔서 감사합니다!,Dziękujemy za przesłanie uwag!,Obrigado por enviar seu feedback!,,ขอบคุณสำหรับการส่งข้อเสนอแนะของคุณ!,Geri bildirim gönderdiğin için teşekkürler!,Cảm ơn bạn đã gửi phản hồi!,感谢你提交反馈！,感谢你提交反馈！,感謝您提交回饋！
Studio.AvatarCompatibilityPreviewer.SurveyDialog.Close,,,Close,Close,إغلاق,Schließen,Cerrar,Fermer,बंद करें,Tutup,Chiudi,閉じる,닫기,Zamknij,Fechar,,ปิด,Kapat,Đóng,关闭,关闭,關閉
Studio.AvatarCompatibilityPreviewer.Survey.Title,,,Rate Avatar Setup Results,Rate Avatar Setup Results,تقييم نتائج إعداد الأفاتار,Ergebnisse der Einrichtung des Avatar bewerten,Valorar resultados de configuración de avatar,Noter les résultats de la configuration de l'avatar,अवतार सेटअप रिज़ल्ट्स रेट करें,Nilai Hasil Pengatur Avatar,Valuta i risultati dell'impostazione dell'avatar,アバター設定の結果を評価,아바타 설정 결과 평가,Oceń wyniki konfiguracji awatara,Avalie os resultados da configuração do avatar,,ผลลัพธ์การตั้งค่าอวาตาร์,Avatar kurulumu sonuçlarını değerlendir,Đánh Giá Kết Quả Cài Đặt Hình Đại Diện,为虚拟形象设置结果评分,为虚拟形象设置结果评分,為虛擬人偶設定結果評分
Studio.AvatarCompatibilityPreviewer.Survey.PleaseRateYourExperience,,,Please rate your experience with the avatar setup results.,Please rate your experience with the avatar setup results.,يرجى تقييم تجربتك مع نتائج إعداد الأفاتار.,Bitte bewerte deine Experience mit den Ergebnissen der Avatareinrichtung.,Valora tu experiencia con los resultados de la configuración de avatar.,Évaluer ton expérience avec les résultats de la configuration de l'avatar.,कृपया अवतार सेटअप के नतीजों के साथ अपने एक्सपीरिएंस को रेट करें.,Berikan nilai untuk pengalamanmu mengenai hasil pengatur avatar.,Valuta la tua esperienza con i risultati della configurazione dell'avatar.,アバター設定の結果でユーザー体験を評価してください。,아바타 설정 결과에 대한 경험을 평가해 주세요.,Oceń swój poziom zadowolenia z wyników konfiguracji awatara.,Avalie sua experiência com os resultados da configuração de avatar.,,โปรดให้คะแนนประสบการณ์ของคุณกับผลลัพธ์การตั้งค่าอวาตาาร์,Lütfen avatar kurulumu sonucunda yaşadığın deneyimi değerlendir.,Vui lòng đánh giá trải nghiệm của bạn với kết quả cài đặt hình đại diện.,请根据虚拟形象设置结果为体验评分。,请根据虚拟形象设置结果为体验评分。,請為您的虛擬人偶設定結果體驗評分。
Studio.AvatarCompatibilityPreviewer.Survey.StarsRating1,,,Very dissatisfied,Very dissatisfied,غير راضٍ على الإطلاق,Sehr unzufrieden,Muy insatisfactoria,Très insatisfait,बहुत असंतुष्ट,Sangat tidak puas,Molto insoddisfatto,とても不満,매우 불만족,Bardzo niezadowalające,Muito insatisfeito,,ไม่พอใจอย่างยิ่ง,Hiç memnun değilim,Rất không hài lòng,非常不满意,非常不满意,非常不滿意
Studio.AvatarCompatibilityPreviewer.Survey.StarsRating2,,,Somewhat dissatisfied,Somewhat dissatisfied,غير راضٍ إلى حد ما,Einigermaßen unzufrieden,Algo insatisfactoria,Plutôt insatisfait,कुछ हद तक असंतुष्ट,Agak tidak puas,Un po' insoddisfatto,やや不満,다소 불만족,Trochę niezadowalające,Um pouco insatisfeito,,ค่อนข้างไม่พอใจ,Pek memnun değilim,Hơi không hài lòng,比较不满意,比较不满意,不太滿意
Studio.AvatarCompatibilityPreviewer.Survey.StarsRating3,,,Neither dissatisfied nor satisfied,Neither dissatisfied nor satisfied,لست راضيًا ولا مستاءً,Weder unzufrieden noch zufrieden,Ni insatisfactoria o satisfactoria,"Ni insatisfait, ni satisfait",न असंतुष्ट और न ही संतुष्ट,Netral,Né insoddisfatto né soddisfatto,不満も満足もしていない,불만족하지도 만족하지도 않음,Nie mam zdania,Nem insatisfeito nem satisfeito,,เฉยๆ,Ne memnunum ne memnun değilim,Không hài lòng cũng như không hài lòng,无感,无感,沒有不滿也不特別滿意
Studio.AvatarCompatibilityPreviewer.Survey.StarsRating4,,,Somewhat satisfied,Somewhat satisfied,راضٍ إلى حد ما,Einigermaßen zufrieden,Algo satisfactoria,Plutôt satisfait,कुछ हद तक संतुष्ट,Cukup puas,Piuttosto soddisfatto,やや満足,다소 만족,Trochę zadowalające,Um pouco satisfeito,,ค่อนข้างพอใจ,Kısmen memnunum,Hơi không hài lòng,比较满意,比较满意,還算滿意
Studio.AvatarCompatibilityPreviewer.Survey.StarsRating5,,,Very satisfied,Very satisfied,راضٍ جدًا,Sehr zufrieden,Muy satisfactoria,Très satisfait,बहुत संतुष्ट,Sangat puas,Molto soddisfatto,とても満足,매우 만족,Bardzo zadowalające,Muito satisfeito,,พอใจอย่างยิ่ง,Çok memnunum,Rất hài lòng,非常满意,非常满意,非常滿意
Studio.AvatarCompatibilityPreviewer.Survey.WhatAreasShouldWeImproveOn,,,What areas should we improve on? Please select all that apply.,What areas should we improve on? Please select all that apply.,ما هي المجالات التي يجب أن نعمل على تحسينها؟ يُرجى تحديد كل ما ينطبق.,"In welchen Bereichen sollten wir uns verbessern? Bitte wähle alle aus, die zutreffen.",¿En qué áreas deberíamos mejorar? Selecciona todas las que correspondan.,Quels domaines devrions-nous améliorer ? Sélectionner tous ceux qui s'appliquent.,हमें किन बातों में सुधार करना चाहिए? कृपया लागू होने वाले सभी विकल्प चुनें.,Bagian apa yang perlu kami tingkatkan? Pilih semua yang berlaku.,In quali aree dovremmo migliorare? Per favore seleziona tutto ciò che si applica.,どこを改善したらいいですか？当てはまるものすべてを選択してください。,어떤 부분을 개선하면 좋을까요? 해당하는 것을 모두 선택하세요.,W jakich obszarach należałoby wprowadzić usprawnienia? Zaznacz wszystkie pasujące opcje.,Em quais áreas devemos melhorar? Selecione todas as que se aplicam.,,เราควรปรับปรุงส่วนใดต่อไป? โปรดเลือกทั้งหมดที่เกี่ยวข้อง,Neleri geliştirmeliyiz? Lütfen uygun tüm seçenekleri işaretle.,Chúng ta nên cải thiện lĩnh vực nào? Vui lòng chọn tất cả các lĩnh vực phù hợp.,我们应该在哪些方面加以改进？请选择所有适用的选项。,我们应该在哪些方面加以改进？请选择所有适用的选项。,我們該改善什麼地方？請選擇所有適用的項目。
Studio.AvatarCompatibilityPreviewer.Survey.ProblemCharacterDoesntBend,,,Character does not bend in the right places when animated,Character does not bend in the right places when animated,لا تنحني الشخصية في الأماكن الصحيحة عند تحريكها,"Der Charakter biegt sich nicht an den richtigen Stellen, wenn er animiert ist",El personaje no se dobla en los lugares correctos cuando está animado,Le personnage ne se plie pas aux bons endroits lorsqu'il est animé,ऐनिमेट होने पर कैरेक्टर सही जगहों पर नहीं झुकता है,Karakter tidak menekuk di tempat yang tepat saat dianimasikan,Il carattere non si piega nei punti giusti quando viene animato,キャラクターが動くときに適切な場所で曲がらない,캐릭터가 움직일 때 올바른 위치에서 구부러지지 않습니다,Postać nie zgina się we właściwych miejscach podczas animacji,O personagem não se dobra nos lugares certos quando animado,,ตัวละครไม่โค้งงอไปในทางที่ถูกต้องเมื่อเคลื่อนไหว,"Karakter, animasyon sırasında doğru yerlerden bükülmüyor",Nhân vật không uốn cong đúng vị trí khi tạo hiệu ứng động,模拟动画时，角色弯曲的位置不正确,模拟动画时，角色弯曲的位置不正确,角色做動作時沒有在正確的位置彎曲
Studio.AvatarCompatibilityPreviewer.Survey.ProblemCharacterWeirdBend,,,"Character deforms in a weird way when joints bend, even though the joints are in the right place","Character deforms in a weird way when joints bend, even though the joints are in the right place",تشوه الشخصية بطريقة غريبة عندما تنحني المفاصل، على الرغم من أن المفاصل في المكان الصحيح,"Der Charakter verformt sich beim Beugen der Verbindungen auf seltsame Weise, obwohl die Verbindungen an der richtigen Stelle sind","El personaje se deforma de una manera extraña cuando las articulaciones se doblan, aunque las articulaciones estén en el lugar correcto","Le caractère se déforme de manière bizarre lorsque les articulations se plient, même si les articulations sont au bon endroit","जॉइंट को मोड़ने पर कैरेक्टर अजीब तरीके से बिगड़ जाता है, भले ही जॉइंट सही जगह पर हों",Karakter mengalami deformasi aneh yang menyebabkan sendi bengkok meskipun berada di tempat yang benar,"Il carattere si deforma in modo strano quando le articolazioni si piegano, anche se le articolazioni si trovano nel posto giusto",ジョイントは適切な場所にあるのにジョイントが曲がるときにキャラクターが変な風に変形する,"조인트가 올바른 위치에 있음에도 불구하고, 조인트가 구부러질 때 캐릭터가 이상한 방식으로 변형됩니다","Postać odkształca się w dziwny sposób podczas zginania stawów, nawet gdy stawy są we właściwych miejscach","O personagem se deforma de uma maneira estranha quando as articulações se dobram, mesmo que as articulações estejam no lugar certo",,ตัวละครเปลี่ยนรูปร่างอย่างแปลกประหลาดเมื่อข้อต่อโค้งงอ แม้ว่าข้อต่อจะอยู่ในตำแหน่งที่ถูกต้องแล้ว,Eklemler doğru yerde olsa bile büküldüklerinde karakter tuhaf bir şekilde biçimsizleşiyor,"Nhân vật biến dạng theo một cách kỳ lạ khi các khớp uốn cong, mặc dù các khớp đang ở đúng vị trí",即使关节处于正确的位置，弯曲时角色会出现怪异的变形,即使关节处于正确的位置，弯曲时角色会出现怪异的变形,即使關節在正確的位置，但是關節彎曲時角色的變形方式很奇怪
Studio.AvatarCompatibilityPreviewer.Survey.ProblemBadLayeredClothing,,,Layered clothing does not fit properly or is distorted when the character moves,Layered clothing does not fit properly or is distorted when the character moves,الثياب ذات الطبقات لا تتناسب بشكل صحيح أو تتشوه عندما تتحرك الشخصية,"Mehrschichtige Kleidung passt nicht richtig oder ist verzerrt, wenn sich der Charakter bewegt",La ropa en capas no se ajusta correctamente o se distorsiona cuando el personaje se mueve,Les vêtements superposés ne s'ajustent pas correctement ou sont déformés lorsque le personnage se déplace,लेयर्ड ड्रेस ठीक से फ़िट नहीं होते हैं या कैरेक्टर मूव होने पर बिगड़ जाते हैं,Pakaian berlapis tidak terpasang dengan baik atau mengalami distorsi saat karakter bergerak,L'abbigliamento a strati non si adatta correttamente o viene distorto quando il personaggio si muove,重ね着の衣装がうまくフィットしていないか、キャラクターが動くとゆがむ,레이어드 복장이 잘 맞지 않거나 캐릭터가 움직일 때 왜곡됩니다,"Ubranie warstwowe nie jest odpowiednio dopasowane lub ulega zniekształceniom, gdy postać się porusza",As roupas em camadas não se encaixam adequadamente ou são distorcidas quando o personagem se move,,เสื้อผ้าซ้อนชั้นไม่พอดีตัวหรือบิดเบี้ยวเมื่อตัวละครเคลื่อนไหว,Üst üste giyilen kıyafet düzgün bir şekilde oturmuyor veya karakter hareket ettiğinde bozuluyor,Trang phục nhiều lớp không vừa vặn hoặc bị biến dạng khi nhân vật di chuyển,角色移动时分层服饰不合身或扭曲变形,角色移动时分层服饰不合身或扭曲变形,多層次服飾沒有適當貼合身體或在角色移動時扭曲
Studio.AvatarCompatibilityPreviewer.Survey.ProblemHeadLooksBad,,,The head looks bad,The head looks bad,الرأس يبدو سيئًا,Der Kopf sieht schlecht aus,La cabeza se ve mal,La tête n'est pas correcte,सिर खराब लग रहा है,Kepala terlihat jelek,La testa ha un brutto aspetto,頭の見え方がおかしい,머리가 이상해요,Głowa źle wygląda,A cabeça parece ruim,,ศีรษะดูแย่,Kafa kötü görünüyor,Phần đầu không ổn,头部看上去很糟糕,头部看上去很糟糕,頭部看起來很糟糕
Studio.AvatarCompatibilityPreviewer.Survey.Specifically,,,"Specifically, these aspects:","Specifically, these aspects:",على وجه التحديد، هذه الجوانب:,Insbesondere diese Aspekte:,"Específicamente, estas partes del cuerpo:","Concrètement, ces aspects :","विशेष रूप से, ये पहलू :","Khususnya, di aspek-aspek ini:","In particolare, questi aspetti:",具体的には以下の部分です,구체적으로 다음에 해당합니다.,W szczególności następujące aspekty:,"Especificamente, estes aspectos:",,โดยเฉพาะส่วนเหล่านี้:,Özellikle şu alanlar:,"Cụ thể, bao gồm những khía cạnh sau:",尤其是下列部位：,尤其是下列部位：,尤其是這些層面：
Studio.AvatarCompatibilityPreviewer.Survey.ProblemHeadTeeth,,,Teeth,Teeth,الأسنان,Zähne,Dientes,Dents,दाँत,Gigi,Denti,歯,치아,Zęby,Dentes,,ฟัน,Dişler,Răng,牙齿,牙齿,牙齒
Studio.AvatarCompatibilityPreviewer.Survey.ProblemHeadMouth,,,Mouth,Mouth,الفم,Mund,Boca,Bouche,मुँह,Mulut,Bocca,口,입,Usta,Boca,,ปาก,Ağız,Miệng,嘴部,嘴部,嘴巴
Studio.AvatarCompatibilityPreviewer.Survey.ProblemHeadEyes,,,Eyes,Eyes,العيون,Augen,Ojos,Yeux,आँखें,Mata,Occhi,目,눈,Oczy,Olhos,,ตา,Gözler,Mắt,眼部,眼部,眼睛
Studio.AvatarCompatibilityPreviewer.Survey.ProblemHeadEyebrows,,,Eyebrows,Eyebrows,الحواجب,Augenbrauen,Cejas,Sourcils,आइब्रो,Alis,Sopracciglia,まゆげ,눈썹,Brwi,Sobrancelhas,,คิ้ว,Kaşlar,Lông Mày,眉毛,眉毛,眉毛
Studio.AvatarCompatibilityPreviewer.Survey.ProblemHeadEyelashes,,,Eyelashes,Eyelashes,الرموش,Wimpern,Pestañas,Cils,आइलैशेज़,Bulu Mata,Ciglia,まつげ,속눈썹,Rzęsy,Cílios,,ขนตา,Kirpikler,Lông Mi,睫毛,睫毛,睫毛
Studio.AvatarCompatibilityPreviewer.Survey.ProblemHeadHair,,,Hair,Hair,الشعر,Haare,Pelo,Cheveux,बाल,Rambut,Capelli,髪,헤어,Włosy,Cabelo,,ผม,Saç,Tóc,发型,发型,髮型
Studio.AvatarCompatibilityPreviewer.Survey.MessagePlaceholder,,,Please tell us any additional details that will help improve this tool.,Please tell us any additional details that will help improve this tool.,يرجى إخبارنا بأي تفاصيل إضافية من شأنها أن تساعد في تحسين هذه الأداة.,"Bitte teile uns weitere Details mit, die helfen, dieses Tool zu verbessern.",Infórmanos de cualquier detalle adicional que ayude a mejorar esta herramienta.,Donnez-nous des détails supplémentaires qui nous aideront à améliorer cet outil.,"कृपया हमें कोई भी ऐसी अतिरिक्त जानकारी दें, जिससे हमेंइस टूल को बेहतर बनाने में मदद मिलेगी.",Beri tahu kami detail tambahan lain yang akan membantu menyempurnakan alat ini.,Ti preghiamo di comunicarci eventuali dettagli aggiuntivi che ti aiuteranno a migliorare questo strumento.,このツールの向上に役立つ情報が他にもあれば詳しく教えてください。,이 도구를 개선하는 데 도움이 될 수 있는 추가 세부 정보를 제공해 주세요.,"Przekaż nam dodatkowe szczegóły, które pomogą w usprawnianiu tego narzędzia.",Conte-nos quaisquer detalhes adicionais que ajudarão a melhorar esta ferramenta.,,โปรดระบุรายละเอียดเพิ่มเติมที่จะช่วยให้เราสามารถปรับปรุงเครื่องมือนี้ได้,Lütfen bu aracı geliştirmek için kullanabileceğimizi düşündüğün tüm ayrıntıları bize ilet.,Vui lòng cho chúng tôi biết thêm bất kỳ chi tiết nào để giúp cải thiện công cụ này.,请告知我们有助于改进工具的任何其他信息。,请告知我们有助于改进工具的任何其他信息。,請告訴我們有助於改善本工具的任何額外詳情。
Studio.AvatarCompatibilityPreviewer.AssetType.Body,,,Avatar Body,Avatar Body,جسد الأفاتار,Avatar-Körper,Cuerpo de avatar,Corps d'avatar,अवतार बॉडी,Tubuh Avatar,Corpo Avatar,アバターボディ,아바타 신체,Ciało awatara,Corpo do avatar,,ร่างกายอวาตาร์,Avatar Vücudu,Cơ Thể Avatar,虚拟形象身体,虚拟形象身体,虛擬人偶身體
Studio.AvatarCompatibilityPreviewer.SubmitDialog.Title,,,Submit Assets,Submit Assets,إرسال الأصول,Objekte senden,Enviar recursos,Soumettre des contenus,ऐसेट्स सबमिट करें,Kirim Aset,Invia Risorse,アセットを送信,애셋 제출,Prześlij zasoby,Enviar ativos,,ส่งทรัพยากร,Varlıkları gönder,Gửi Tài Sản,提交素材,提交素材,提交素材
Studio.AvatarCompatibilityPreviewer.SubmitDialog.Cancel,,,Cancel,Cancel,إلغاء,Abbrechen,Cancelar,Annuler,कैंसिल करें,Batalkan,Annulla,キャンセル,취소,Anuluj,Cancelar,,ยกเลิก,İptal,Hủy Bỏ,取消,取消,取消
Studio.AvatarCompatibilityPreviewer.SubmitDialog.OK,,,OK,OK,موافق,OK,Aceptar,OK,ठीक है,OK,OK,了解,확인,OK,OK,,ตกลง,Tamam,OK,确定,确定,確定
Studio.AvatarCompatibilityPreviewer.SubmitInner.CallToAction,,,Select the assets you want to submit to Roblox:,Select the assets you want to submit to Roblox:,حدد الأصول التي تريد إرسالها إلى Roblox:,"Wähle die Objekte aus, die du an Roblox senden möchtest:",Selecciona los recursos que quieres enviar a Roblox:,Sélectionne les contenus que tu souhaites soumettre à Roblox :,उन ऐसेट को चुनें जिन्हें आपको Roblox पर सबमिट करना है :,Pilih aset yang ingin kamu kirimkan ke Roblox:,Seleziona le risorse che vuoi inviare a Roblox:,Robloxに送信したいアセットを選択してください:,Roblox에 제출하려는 애셋을 선택하세요.,"Zaznacz zasoby, które chcesz przesłać na platformę Roblox:",Selecione os ativos que deseja enviar para a Roblox:,,เลือกทรัพยากรที่คุณต้องการส่งไปยัง Roblox:,Roblox'a göndermek istediğin varlıkları seç:,Chọn các tài sản bạn muốn gửi đến Roblox:,选择要上传至 Roblox 的素材：,选择要上传至 Roblox 的素材：,選擇想提交到 Roblox 的素材：
Studio.AvatarCompatibilityPreviewer.SubmitInner.ChoiceItem,,,{assetType}: {instanceName},{assetType}: {instanceName},{assetType}: {instanceName},{assetType}: {instanceName},{assetType}: {instanceName},{assetType}: {instanceName},{assetType}: {instanceName},{assetType}: {instanceName},{assetType}: {instanceName},{assetType}: {instanceName},{assetType}: {instanceName},{assetType}: {instanceName},{assetType}: {instanceName},,{assetType}: {instanceName},{assetType}: {instanceName},{assetType}: {instanceName},{assetType}：{instanceName},{assetType}：{instanceName},{assetType}：{instanceName}
Studio.AvatarCompatibilityPreviewer.TestingScreen.Description,,,You are testing your avatar.,You are testing your avatar.,أنت تختبر أفاتارك.,Du testest deinen Avatar.,Estás probando tu avatar.,Tu testes ton avatar.,आपके अवतार को टेस्ट किया जा रहा है.,Kamu sedang mengetes avatar.,Stai testando il tuo avatar.,アバターをテストしています。,아바타를 테스트하고 있습니다.,Testujesz awatara.,Você está testando seu avatar.,,คุณกำลังทดสอบอวาตาร์ของคุณ,Avatarını test ediyorsun.,Bạn đang thử nghiệm avatar của bạn.,你正在测试你的虚拟形象。,你正在测试你的虚拟形象。,您正在測試虛擬人偶。
Studio.AvatarCompatibilityPreviewer.TestingScreen.Stop,,,Stop Testing,Stop Testing,إيقاف الاختبار,Test stoppen,Dejar de probar,Arrêter les tests,टेस्ट रोकें,Hentikan Tes,Interrompi test,テストを中止,테스트 중지,Zatrzymaj testowanie,Parar de testar,,หยุดการทดสอบ,Testi durdur,Dừng Thử Nghiệm,停止测试,停止测试,停止測試
Studio.AvatarCompatibilityPreviewer.AvatarScreen.AutoSetupETA,,,ETA: {eta:int}s,ETA: {eta:int}s,الوقت المتوقع للإعداد: {eta:int} ثانية,Geschätzte Dauer: {eta:int} Sek.,Tiempo estimado: {eta:int} s,Temps nécessaire : {eta:int} secondes,अनुमानित टाइम : {eta:int},ETA: {eta:int} dtk,Tempo richiesto: {eta:int} secondi,所要時間: {eta:int}秒,예상 시간: {eta:int}초,Szacowany czas: {eta:int} s,Estimativa: {eta:int}s,,ETA: {eta:int} วิ,Tahminî: {eta:int} sn.,ETA: {eta:int},预计完成时间：{eta:int} 秒,预计完成时间：{eta:int} 秒,預估時間：{eta:int} 秒
Studio.AvatarCompatibilityPreviewer.AddItems.NeedTwoShoes,,,Two shoes are needed to be added to preview.,Two shoes are needed to be added to preview.,يجب إضافة حذاءين إلى المعاينة.,"Zwei Schuhe werden benötigt, um zur Vorschau hinzugefügt zu werden.",Se necesitan dos zapatos para añadir a la vista previa.,Il faut ajouter deux chaussures à la prévisualisation.,प्रीव्यू में दो जूतों को जोड़ने की ज़रूरत है.,Dua sepatu diperlukan untuk ditambahkan ke preview.,È necessario aggiungere due scarpe all'anteprima.,プレビューするには靴を左右一対で追加する必要があります。,미리 보기를 하려면 신발 양쪽을 추가해야 합니다.,W celu dodania do podglądu potrzebne są dwa buty.,Dois sapatos são necessários para serem adicionados à visualização.,,ต้องเพิ่มรองเท้าสองข้างไปยังการดูตัวอย่าง,Ön izlemeye iki ayakkabı eklenmesi gerekir.,Cần thêm hai đôi giày vào chế độ xem trước.,预览时需要添加两只鞋。,预览时需要添加两只鞋。,需要新增兩隻鞋子才能預覽。
Studio.AvatarCompatibilityPreviewer.AddItems.InvalidPair,,,An invalid pair was detected.,An invalid pair was detected.,تم اكتشاف زوج غير صالح.,Ein ungültiges Paar wurde erkannt.,Se detectó un par no válido.,Une paire invalide a été détectée.,एक अमान्य जोड़ी का पता चला.,Pasangan tidak valid terdeteksi.,È stata rilevata una coppia non valida.,無効な一対が検出されました。,유효하지 않은 쌍이 감지되었습니다.,Wykryto nieprawidłową parę.,Um par inválido foi detectado.,,ตรวจพบรองคู่เท้าที่ไม่ถูกต้อง,Geçersiz çift tespit edildi.,Đã phát hiện một đôi giày không hợp lệ.,已检测到不匹配的一双鞋。,已检测到不匹配的一双鞋。,偵測到一個無效組合。
Studio.AvatarCompatibilityPreviewer.AddItems.OnlyOneShoe,,,Only one shoe was added to preview.,Only one shoe was added to preview.,تمت إضافة حذاء واحد فقط إلى المعاينة.,Nur ein Schuh wurde zur Vorschau hinzugefügt.,Solo se añadió un zapato a la vista previa.,Une seule chaussure a été ajoutée à l'aperçu.,प्रीव्यू में सिर्फ़ एक जूता जोड़ा गया था.,Hanya satu sepatu yang ditambahkan ke preview.,È stata aggiunta solo una scarpa all'anteprima.,プレビューに片方の靴しか追加されていません。,미리 보기에 신발 한쪽만이 추가되었습니다.,Do podglądu dodano tylko jeden but.,Apenas um sapato foi adicionado à visualização.,,มีการเพิ่มรองเท้าไปยังการดูตัวอย่างเพียงข้างเดียวเท่านั้น,Ön izlemeye yalnızca bir ayakkabı eklendi.,Chỉ có một chiếc giày được thêm vào chế độ xem trước.,仅在预览中添加一只鞋。,仅在预览中添加一只鞋。,預覽只新增了一隻鞋子。
Studio.AvatarCompatibilityPreviewer.AddItems.WarningTitle,,,Warning,Warning,تحذير,Warnung,Advertencia,Avertissement,वॉर्निंग,Peringatan,Avviso,警告,주의,Ostrzeżenie,Aviso,,คำเตือน,Uyarı,Cảnh Báo,警告,警告,警告
Studio.AvatarCompatibilityPreviewer.AddItems.WarningHeaderOneShoe,,,One shoe was detected in your selection.,One shoe was detected in your selection.,تم اكتشاف حذاء واحد في اختيارك.,Ein Schuh wurde in deiner Auswahl erkannt.,Se detectó un zapato en tu selección.,Une chaussure a été détectée dans votre sélection.,आपके सिलेक्शन में एक जूता पाया गया था.,Terdeteksi satu sepatu dalam pilihanmu.,È stata rilevata una sola scarpa nella selezione.,選択肢に片方の靴が検出されました。,선택 항목에 한쪽 신발이 감지되었습니다.,W zaznaczeniu wykryto jeden but.,Um sapato foi detectado em sua seleção.,,ตรวจพบรองเท้าหนึ่งข้างในการเลือกของคุณ,Seçiminde bir ayakkabı tespit edildi.,Đã phát hiện một chiếc giày trong lựa chọn của bạn.,在你的选择中检测到一只鞋。,在你的选择中检测到一只鞋。,在您的選取項目中偵測到一隻鞋子。
Studio.AvatarCompatibilityPreviewer.EditingTools.AttachmentsTool,,,Attachment Tool,Attachment Tool,أداة نقطة الاتصال,Befestigungstool,Herramienta de conexión,Outil points d'attache,अटैचमेंट टूल,Alat Sambungan,Strumento di attachment,アタッチメントツール,연결부 도구,Narzędzie do obsługi punktów zaczepienia,Ferramenta de anexos,,เครื่องมือจุดเชื่อมต่อ,Eklenti Aracı,Công Cụ Đính,附件工具,附件工具,附件工具
Studio.AvatarCompatibilityPreviewer.EditingTools.CageTool,,,Cage Brush,Cage Brush,فرشاة القفص,Cage-Pinsel,Pincel de jaula,Brosse de cage,केज ब्रश,Kuas Cage,Pennello gabbia,ケージブラシ,케이지 브러시,Pędzel obramowania,Cage Brush,,แปรง Cage,Kafes Fırçası,Cọ Vẽ Khung,围笼笔刷,围笼笔刷,圍籠筆刷
Studio.AvatarCompatibilityPreviewer.EditingTools.JointTool,,,Joints,Joints,المفاصل,Verbindungen,Articulaciones,Joints,जॉइंट,Sendi,Articolazioni,ジョイント,조인트,Stawy,Articulações,,ข้อต่อ,Eklemler,Khớp,关节,关节,關節
Studio.AvatarCompatibilityPreviewer.EquippedItemContextMenu.UnequipAllItems,,,Unequip All Items,Unequip All Items,إزالة جميع العناصر,Alle Artikel ablegen,Desequipar todos los objetos,Déséquiper tous les items,सभी आइटम को इक्विप से हटाएँ,Lepas Semua Item,Rimuovi tutti gli articoli,すべてのアイテムを外す,전체 아이템 장착 해제,Zdejmij wszystkie przedmioty,Remover todos os itens,,ถอดไอเท็มทั้งหมดออก,Tüm öğeleri çıkar,Cởi Bỏ Tất Cả Vật Phẩm,卸下全部物品,卸下全部物品,卸下所有道具
Studio.AvatarCompatibilityPreviewer.BodyPointsTool.SelectAll,,,Select All,Select All,تحديد الكل,Alles auswählen,Seleccionar todo,Tout sélectionner,सभी को चुनें,Pilih Semua,Seleziona tutto,すべて選択,모두 선택,Zaznacz wszystko,Selecionar tudo,,เลือกทั้งหมด,Tümünü seç,Chọn Tất Cả,全选,全选,選擇全部
Studio.AvatarCompatibilityPreviewer.AvatarSettings.Mixed,,,Mixed,Mixed,مختلط,Gemischt,Mezclado,Mélangé,मिला-जुला,Campuran,Misto,ミックス,혼합,Mieszane,Misturado,,ผสมแล้ว,Karışık,Kết Hợp,混合,混合,混合
Studio.AvatarCompatibilityPreviewer.AvatarSettings.Proportions,,,Proportions,Proportions,النِسَب,Proportionen,Proporciones,Proportions,अनुपात,Proporsi,Proporzioni,比率,비율,Proporcje,Proporções,,สัดส่วน,Oranlar,Độ Cân Xứng,比例,比例,比例
Studio.AvatarCompatibilityPreviewer.Stages.Settings,,,Settings,Settings,الإعدادات,Einstellungen,Configuración,Paramètres,सेटिंग्स,Pengaturan,Impostazioni,設定,설정,Ustawienia,Configurações,,การตั้งค่า,Ayarlar,Cài Đặt,设置,设置,設定
Studio.AvatarCompatibilityPreviewer.ItemNames2.Face_4665907081,,,Vie the Battle Witch - Mask,Vie the Battle Witch - Mask,الساحرة القتالية - قناع,"Vie, die Kampfhexe – Maske","Vie, la bruja guerrera - Máscara",Vie la sorcière de la bataille - Masque,वाइ द बैटल विच - मास्क,Vie si Penyihir Petarung - Topeng,"Maschera di Vie, la Strega della Battaglia",バトル魔女のヴィー - マスク,"전투의 마녀, 비에 - 마스크",Bitewna wiedźma Vie – maska,"Vie, a bruxa de batalha – Máscara",,วี แม่มดประจัญบาน - หน้ากาก,Savaşçı cadı Vie - Maske,Phù Thủy Chiến Binh - Mặt Nạ,斗战女巫 - 面具,斗战女巫 - 面具,戰鬥女巫芙艾 - 面具
Studio.AvatarCompatibilityPreviewer.ItemNames2.Sweaters_9240757332,,,Knit Sweater - Black,Knit Sweater - Black,سترة محبوكة - سوداء,Strickpullover – Schwarz,Suéter de punto - Negro,Pull tricot - Noir,निट स्वेटर - काला,Sweter Rajut - Hitam,Maglione - Nero,ニットセーター - ブラック,니트 스웨터 - 블랙,Sweter z dzianiny – czarny,Moleton tricotado - Preto,,เสื้อสเวตเตอร์ถัก - สีดำ,Örgü kazak - Siyah,Áo Len Dệt Kim - Đen,针织毛衣 - 黑色,针织毛衣 - 黑色,手織毛衣 - 黑色
Studio.AvatarCompatibilityPreviewer.ItemNames2.LeftArm_11740050465,,,Jordan - Left Arm,Jordan - Left Arm,جوردان- الذراع الأيسر,Jordan - Linker Arm,Jordan - Brazo izquierdo,Jordan - Bras gauche,जॉर्डन - बायाँ हाथ,Jordan - Lengan Kiri,Jordan - Braccio sinistro,ジョーダン - 左腕,조던 - 왼팔,Jordan – lewa ręka,Jordan - Braço esquerdo,,จอร์แดน - แขนซ้าย,Jordan - Sol Kol,Jordan - Cánh Tay Trái,Jordan - 左臂,Jordan - 左臂,喬丹 - 左臂
Studio.AvatarCompatibilityPreviewer.ItemNames2.Shoulder_2620477453,,,New Years Kitty,New Years Kitty,قطة السنة الجديدة,Neujahrs-Kätzchen,Gatito de Año Nuevo,Nouvel an Kitty,न्यू ईयर किट्टी,Kucing Tahun Baru,Gattino di Capodanno,ニューイヤーキティ,새해맞이 새끼 고양이,Noworoczny kociak,Gatinho de ano-novo,,แมวเหมียวปีใหม่,Yeni yıl kedisi,Chú Mèo Năm Mới,新年小猫,新年小猫,新年小貓
Studio.AvatarCompatibilityPreviewer.ItemNames2.Waist_7065897530,,,Kid Nezha - Pouch,Kid Nezha - Pouch,إكسسوار نيزا الصغيرة - الحقيبة,Kind Nezha – Beutel,Kid Nezha - Bolsa,Enfant Nezha - Pochette,किड नेज़ा - पाउच,Kid Nezha - Kantong,Giovane Nezha - Borsello,少年ナタ - きんちゃく,소년 너자 - 주머니,Kid Nezha – torebka,Kid Nezha - Bolsa,,หนูน้อยนาจา - กระเป๋า,Çocuk Nezha - Kese,Kid Nezha - Túi,哪吒小子 - 荷包,哪吒小子 - 荷包,童年哪吒 - 荷包
Studio.AvatarCompatibilityPreviewer.ItemNames2.HeadBodyPart_11584333045,,,Anime Style 2 - Head,Anime Style 2 - Head,نمط الأنمي 2 - الرأس,Anime-Stil 2 - Kopf,Estilo Anime 2 - Cabeza,Anime Style 2 - Tête,ऐनिमे स्टाइल 2 - सिर,Gaya Anime 2 - Kepala,Stile anime 2 - Testa,アニメスタイル 2 - 頭,애니메이션 스타일 2 - 머리,Styl anime 2 – głowa,Estilo anime 2 - Cabeça,,สไตล์อนิเมะ 2 - ศีรษะ,Anime tarzı 2 - Kafa,Phong Cách Anime 2 - Đầu,动漫风格 2 - 头部,动漫风格 2 - 头部,動畫風格 2 - 頭部
Studio.AvatarCompatibilityPreviewer.ItemNames2.Head_102619342,,,Punk Kid,Punk Kid,طفل البانك,Punk-Kind,Chico steampunk,Enfant punk,पंक किड,Anak Punk,Ragazzino punk,パンクキッド,펑크 키드,Młody punkowiec,Menino punk,,เจ้าหนูพังก์,Punk çocuk,Mũ Kiểu Punk Cho Trẻ Em,朋克小孩,朋克小孩,龐克小子帽
Studio.AvatarCompatibilityPreviewer.ItemNames2.Movement_11600206437,,,Fall,Fall,سقوط,Fallen,Caída,Chute,फ़ॉल,Jatuh,Caduta,落下,낙하,Upadek,Cair,,การหล่น,Düşme,Té,跌落,跌落,跌落
Studio.AvatarCompatibilityPreviewer.ItemNames2.Hair_9244122897,,,Straight Bangs - Red,Straight Bangs - Red,غرة مستقيمة - حمراء,Gerader Pony – Rot,Fleco lacio - Rojo,Frange droite - Rouge,स्ट्रेट बैंग्स - लाल,Lurus Berponi - Merah,Frangia dritta - Rosso,ストレートな前髪 - 赤毛,스트레이트 뱅 헤어 - 레드,Prosta grzywka – czerwone,Franja lisa - Vermelha,,หน้าม้าตรง - สีแดง,Düz kâkül - Kızıl,Tóc Mái Bằng Duỗi Thẳng - Đỏ,直刘海 - 红色,直刘海 - 红色,直瀏海 - 紅色
Studio.AvatarCompatibilityPreviewer.ItemNames2.Neck_12272010851,,,Ivy Necklace,Ivy Necklace,قلادة لبلاب,Efeukette,Collar de hiedra,Collier en lierre,आइवी नेकलेस,Kalung Sulur,Collana di edera,ツタのネックレス,아이비 목걸이,Bluszczowy naszyjnik,Colar de hera,,สร้อยคอไอวี่,Sarmaşık kolye,Vòng Cổ Ivy,常春藤项链,常春藤项链,長春藤項鍊
Studio.AvatarCompatibilityPreviewer.ItemNames2.Shoulder_9175325868,,,Sporeling - Left Shoulder,Sporeling - Left Shoulder,سبورلينغ - الكتف الأيسر,Pilzie – Linke Schulter,Esporulación - Hombro izquierdo,Sporeling - Épaule gauche,स्पोरेलिंग - बायाँ कंधा,Sporeling - Bahu Kiri,Sporeling - Spalla sinistra,胞子 - 左肩,발아체 - 왼쪽 어깨,Sporeling – lewe ramię,Cogumelino - Ombro esquerdo,,สปอร์ลิ่ง - ไหล่ซ้าย,Sporcuk - Sol Omuz,Bào Tử - Vai trái,孢子 - 左肩,孢子 - 左肩,小孢子 - 左肩
Studio.AvatarCompatibilityPreviewer.ItemNames2.Waist_738679517,,,Bunny Tail,Bunny Tail,إكسسوار ذيل الأرنب,Häschen-Schwanz,Cola de conejito,Queue de lapin,बनी टेल,Ekor Kelinci,Coda di coniglio,ウサギのしっぽ,토끼 꼬리,Króliczy ogon,Cauda de coelhinho,,หางกระต่าย,Tavşan kuyruğu,Đuôi Thỏ,兔尾,兔尾,兔尾巴
Studio.AvatarCompatibilityPreviewer.ItemNames2.RightArm_11740055375,,,Jordan - Right Arm,Jordan - Right Arm,جوردان - الذراع الأيمن,Jordan - Rechter Arm,Jordan - Brazo derecho,Jordan - Bras droit,जॉर्डन - दायाँ हाथ,Jordan - Lengan Kanan,Jordan - Braccio destro,ジョーダン - 右腕,조던 - 오른팔,Jordan – prawa ręka,Jordan - Braço direito,,จอร์แดน - แขนขวา,Jordan - Sağ Kol,Jordan - Cánh Tay Phải,Jordan - 右臂,Jordan - 右臂,喬丹 - 右臂
Studio.AvatarCompatibilityPreviewer.ItemNames2.BodyEmotes_10714395441,,,Point,Point,الإشارة,Zeigen,Apuntar,Point,पॉइंट,Tunjuk,Punto,ポイント,가리키기,Wskazywanie,Apontar,,การชี้,İşaret etme,Điểm,指向,指向,指向
Studio.AvatarCompatibilityPreviewer.ItemNames2.Hair_9244097555,,,Pony Tail - Brown,Pony Tail - Brown,ذيل حصان - بني,Pferdeschwanz – Braun,Coleta - Café,Queue de cheval - Chatain foncé,पोनी टेल - भूरा,Kucir Kuda - Cokelat,Coda di cavallo - Castano,ポニーテール - 茶髪,포니테일 - 브라운,Kucyk – brązowe,Rabo de cavalo - Marrom,,หางม้า - สีน้ำตาล,Atkuyruğu - Kahverengi,Tóc Đuôi Ngựa - Nâu,马尾辫 - 棕色,马尾辫 - 棕色,馬尾 - 棕色
Studio.AvatarCompatibilityPreviewer.ItemNames2.Head_1374269,,,Kitty Ears,Kitty Ears,آذان قطة صغيرة,Kätzchenohren,Orejas de gato,Oreilles de Kitty,किट्टी ईयर्स,Telinga Kucing,Orecchie da gattino,子ネコの耳,고양이 귀,Kocie uszy,Orelhas de gato,,หูแมว,Kedi kulakları,Tai Mèo,猫耳,猫耳,小貓耳朵
Studio.AvatarCompatibilityPreviewer.ItemNames2.Neck_11515295880,,,Ja Morant Bear Cape,Ja Morant Bear Cape,رداء الدب جا مورانت,Ja Morant Bärenumhang,Capa de oso Ja Morant,Cape d'ours de Ja Morant,जा मोरेंट बेयर केप,Jubah Beruang Ja Morant,Mantella da orso Ja Morant,ジャ・モラントのベアマント,자 모란트 베어 케이프,Niedźwiedzia narzutka Ja Morant,Capa de urso Ja Morant,,เสื้อคลุมหมีจา มอแรนต์,Ja Morant ayı atkısı,Áo Choàng Gấu Ja Morant,Ja Morant 熊皮披风,Ja Morant 熊皮披风,賈莫蘭特熊熊披風
Studio.AvatarCompatibilityPreviewer.ItemNames2.Skirts_9284466791,,,Jean Skirt - Blue,Jean Skirt - Blue,تنورة جينز - زرقاء,Jeansrock – Blau,Falda de jeans - Azul,Jupe en jean - Bleu,जीन स्कर्ट - नीली,Rok Jeans - Biru,Gonna di jeans - Blu,デニムスカート - ブルー,진 스커트 - 블루,Spódnica dżinsowa – niebieska,Saia jeans - Azul,,กระโปรงยีน - สีน้ำเงิน,Kot etek - Mavi,Chân Váy Bò - Xanh Lam,牛仔短裙 - 蓝色,牛仔短裙 - 蓝色,牛仔短裙 - 藍色
Studio.AvatarCompatibilityPreviewer.ItemNames2.LeftLeg_11740052832,,,Jordan - Left Leg,Jordan - Left Leg,جوردان - الساق اليسرى,Jordan - Linkes Bein,Jordan - Pierna izquierda,Jordan - Jambe gauche,जॉर्डन - बायाँ पैर,Jordan - Kaki Kiri,Jordan - Gamba sinistra,ジョーダン - 左足,조던 - 왼 다리,Jordan – lewa noga,Jordan - Perna esquerda,,จอร์แดน - ขาซ้าย,Jordan - Sol Bacak,Jordan - Chân Trái,Jordan - 左腿,Jordan - 左腿,喬丹 - 左腿
Studio.AvatarCompatibilityPreviewer.ItemNames2.Sweaters_6984769289,,,Knit Sweater - Beige,Knit Sweater - Beige,سترة محبوكة - بيج,Strickpullover – Beige,Suéter de punto - Beige,Pull en tricot - Rose,निट स्वेटर - बेज,Sweter Rajut - Cokelat Beige,Maglione - Beige,ニットセーター - ベージュ,니트 스웨터 - 베이지,Sweter z dzianiny – beżowy,Moleton tricotado - Bege,,เสื้อสเวตเตอร์ถัก - สีเบจ,Örgü kazak - Bej,Áo Len Dệt Kim - Be,针织毛衣 - 米色,针织毛衣 - 米色,手織毛衣 - 米色
Studio.AvatarCompatibilityPreviewer.ItemNames2.Shorts_7192683061,,,Shorts-Cargo-Khaki,Shorts-Cargo-Khaki,Shorts-Cargo-Khaki,Shorts-Cargo-Khaki,Shorts-Cargo-Khaki,Short-Cargo-Kaki,शॉर्ट्स-कार्गो-खाकी,CelanaPendek-Kargo-CokelatKhaki,Shorts-Cargo-Khaki,Shorts-Cargo-Khaki,Shorts-Cargo-Khaki,Spodenki cargo khaki,Shorts-Cargo-Khaki,,กางเกงขาสั้น-คาร์โก-สีกากี,Kargo şort - Hâkî,Quần Ngắn Túi Hộp - Kaki,卡其色工装短裤,卡其色工装短裤,Shorts-Cargo-Khaki
Studio.AvatarCompatibilityPreviewer.ItemNames2.HeadBodyPart_9107287520,,,Iron Bulb - Head,Iron Bulb - Head,لمبة حديدية - الرأس,Eisenbirne - Kopf,Robohierro - Cabeza,Bulbe en fer - Tête,आयरन बल्ब - सिर,Bola Lampu Besi - Kepala,Lampadina di ferro - Testa,アイアンバルブ - 頭,아이언 벌브 - 머리,Żelazna Żarówka – głowa,Lampabô - Cabeça,,หลอดไฟเหล็ก - ศีรษะ,Demir ampul - Kafa,Iron Bulb - Đầu,Iron Bulb - 头部,Iron Bulb - 头部,鐵之風暴 - 頭部
Studio.AvatarCompatibilityPreviewer.ItemNames2.RightLeg_11740057815,,,Jordan - Right Leg,Jordan - Right Leg,جوردان - الساق اليمنى,Jordan - Rechtes Bein,Jordan - Pierna derecha,Jordan - Jambe droite,जॉर्डन - दायाँ पैर,Jordan - Kaki Kanan,Jordan - Gamba destra,ジョーダン - 右足,조던 - 오른 다리,Jordan – prawa noga,Jordan - Perna direita,,จอร์แดน - ขาขวา,Jordan - Sağ Bacak,Jordan - Chân Phải,Jordan - 右腿,Jordan - 右腿,喬丹 - 右腿
Studio.AvatarCompatibilityPreviewer.ItemNames2.BodyEmotes_10214319518,,,V Pose,V Pose,وضعية V,V-Pose,Pose V,Pose en V,V पोज़,Pose V,Posa a V,Vポーズ,V 포즈,Poza V,Pose V,,วีโพส,V pozu,Tư Thế Chữ V,耶！,耶！,勝利姿勢
Studio.AvatarCompatibilityPreviewer.ItemNames2.Shirts_9620950227,,,Roblox Button Down - Gray,Roblox Button Down - Gray,روبوكس بأزرار - رمادي,Roblox-Hemd – Grau,Camisa de botones - Gris,Bouton Roblox vers le bas - Gris,Roblox बटन डाउन - स्लेटी,Tombol Roblox Ditekan - Abu-Abu,Camicia Roblox con bottoni - Grigio,Robloxボタンダウンシャツ - グレー,Roblox 버튼다운 셔츠 - 그레이,Koszula na guziki Roblox – szara,Camisa de botão Roblox - Cinza,,เสื้อเชิ้ตกระดุมปก Roblox - สีเทา,Yakası açık Roblox üstü - Gri,Áo Sơ Mi Roblox - Xám,Roblox 按钮按下：灰色,Roblox 按钮按下：灰色,Roblox 鈕扣衫 - 灰色
Studio.AvatarCompatibilityPreviewer.ItemNames2.LeftArm_13207165801,,,Buff Eulopi - Left Arm,Buff Eulopi - Left Arm,بوف يولوبيا - الذراع الأيسر,Buff Eulopi - Linker Arm,Buff Eulopi - Brazo izquierdo,Buff Eulopi - Bras gauche,बफ़ यूलोपी - बायाँ हाथ,Eulopi Berotot - Lengan Kiri,Buff Eulopi - Braccio sinistro,バフ・ユロピ - 左腕,버프 율러피 - 왼팔,Buff Eulopi – lewa ręka,Buff Eulopi - Braço esquerdo,,บัฟฟ์ ยูโลปิ - แขนซ้าย,Buff Eulopi - Sol Kol,Buff Eulopi - Cánh Tay Trái,增益尤洛皮 - 左臂,增益尤洛皮 - 左臂,肌肉歐羅皮 - 左臂
Studio.AvatarCompatibilityPreviewer.ItemNames2.LeftArm_11775676733,,,Piggy - Left Arm,Piggy - Left Arm,خنزير صغير - الذراع الأيسر,Schweinchen - Linker Arm,Piggy - Brazo izquierdo,Piggy - Bras gauche,पिगी - बायाँ हाथ,Piggy - Lengan Kiri,Piggy - Braccio sinistro,ピギー - 左腕,피기 - 왼팔,Piggy – lewa ręka,Piggy - Braço esquerdo,,พิกกี้ - แขนซ้าย,Piggy - Sol Kol,Heo - Cánh Tay Trái,小猪 - 左臂,小猪 - 左臂,豬豬 - 左臂
Studio.AvatarCompatibilityPreviewer.ItemNames2.RightArm_13207181458,,,Buff Eulopi - Right Arm,Buff Eulopi - Right Arm,بوف يولوبيا - الذراع الأيمن,Buff Eulopi - Rechter Arm,Buff Eulopi - Brazo derecho,Buff Eulopi - Bras droit,बफ़ यूलोपी - दायाँ हाथ,Eulopi Berotot - Lengan Kanan,Buff Eulopi - Braccio destro,バフ・ユロピ - 右腕,버프 율러피 - 오른팔,Buff Eulopi – prawa ręka,Buff Eulopi - Braço direito,,บัฟฟ์ ยูโลปิ - แขนขวา,Buff Eulopi - Sağ Kol,Buff Eulopi - Cánh Tay Phải,增益尤洛皮 - 右臂,增益尤洛皮 - 右臂,肌肉歐羅皮 - 右臂
Studio.AvatarCompatibilityPreviewer.ItemNames2.Waist_3576665068,,,Blessed Hip Sword,Blessed Hip Sword,إكسسوار سيف الورك المبارك,Gesegnetes Hüftschwert,Espada de cintura bendecida,Sabre de hanche béni,ब्लेस्ड हिप सोर्ड,Pedang Pinggang Suci,Spada da fianco benedetta,祝福された腰刀,블레스드 힙 소드,Błogosławiony miecz na pas,Espada de quadril abençoada,,ดาบคาดเอวพรวิเศษ,Kutlu bel kılıcı,Thanh Kiếm Đeo Hông Được Chúc Phúc,祝圣腰剑,祝圣腰剑,被加持的佩劍
Studio.AvatarCompatibilityPreviewer.ItemNames2.HeadBodyPart_10687288296,,,Dylan - Head,Dylan - Head,ديلان - الرأس,Dylan – Kopf,Dylan - Cabeza,Dylan - Tête,डायलन - सिर,Dylan - Kepala,Dylan - Testa,ディラン - 頭,딜런 - 머리,Dylan – głowa,Dylan - Cabeça,,ดีแลน - ศีรษะ,Dylan - Kafa,Dylan - Đầu,Dylan 头部,Dylan 头部,戴倫 - 頭部
Studio.AvatarCompatibilityPreviewer.ItemNames2.RightLeg_10610643939,,,Red Panda - Right Leg,Red Panda - Right Leg,الباندا الحمراء - الساق اليمنى,Roter Panda - Rechtes Bein,Panda rojo - Pierna derecha,Panda rouge - Jambe droite,रेड पांडा - दायाँ पैर,Panda Merah - Kaki Kanan,Panda rosso - Gamba destra,レッドパンダ - 右足,레드 판다 - 오른 다리,Czerwona panda – prawa noga,Panda vermelho - Perna direita,,หมีแพนด้าสีแดง - ขาขวา,Kırmızı panda - Sağ Bacak,Gấu Trúc Đỏ - Chân Phải,红色熊猫 - 右腿,红色熊猫 - 右腿,紅熊貓 - 右腿
Studio.AvatarCompatibilityPreviewer.ItemNames2.Shirts_7178740556,,,Baseball Long Sleeve - Red,Baseball Long Sleeve - Red,قميص بيسبول بأكمام طويلة - أحمر,Langarm-Baseballshirt – Rot,Camisa de manga larga de béisbol - Roja,Baseball manches longues - Rouge,बेसबॉल लॉन्ग स्लीव - लाल,Bisbol Lengan Panjang - Merah,Maglia da baseball a maniche lunghe - Rosso,野球用の長袖シャツ - 赤,베이스볼 롱 슬리브 - 레드,Bejsbolówka z długim rękawem – czerwona,Camisa de manga longa de baseball - Vermelha,,เสื้อเบสบอลแขนยาว - สีแดง,Uzun kollu beyzbol üstü - Kırmızı,Áo Chui Đầu Dài Tay Bóng Chày - Đỏ,长袖棒球衫 - 红色,长袖棒球衫 - 红色,棒球長袖 - 紅色
Studio.AvatarCompatibilityPreviewer.ItemNames2.Torso_11775682187,,,Piggy - Torso,Piggy - Torso,خنزير صغير - الجزء العلوي للجسم,Schweinchen - Oberkörper,Piggy - Torso,Piggy - Torse,पिगी - टॉर्सो,Piggy - Badan,Piggy - Torso,ピギー - 胴体,피기 - 몸통,Piggy – korpus,Piggy - Tronco,,พิกกี้ - ลำตัว,Piggy - Gövde,Heo - Thân,小猪 - 躯干,小猪 - 躯干,豬豬 - 軀幹
Studio.AvatarCompatibilityPreviewer.ItemNames2.BodyRangeOfMotion_13899730930,,,Range of Motion,Range of Motion,نطاق الحركة,Bewegungsbereich,Rango de movimiento,Gamme de mouvements,मोशन की रेंज,Rentang Gerakan,Gamma di movimento,動作範囲,모션 범위,Zakres ruchu,Alcance de movimento,,ระยะของการเคลื่อนไหว,Hareket Aralığı,Phạm Vi Chuyển Động,运动范围,运动范围,運動範圍
Studio.AvatarCompatibilityPreviewer.ItemNames2.Hair_9174353649,,,Surfer - Black,Surfer - Black,قصة راكب الأمواج - سوداء,Surfer – Schwarz,Surfista - Negro,Tresses sur le côté - Noir,सर्फ़र - काला,Peselancar - Hitam,Surfista - Nero,サーファー - 黒髪,서퍼 헤어 - 블랙,Surfer – czarne,Surfista - Preto,,นักโต้คลื่น - สีดำ,Sörfçü - Siyah,Tóc Lướt Sóng - Đen,冲浪短发 - 黑色,冲浪短发 - 黑色,衝浪髮型 - 黑色
Studio.AvatarCompatibilityPreviewer.ItemNames2.Head_10527448135,,,Too Cool Koala,Too Cool Koala,كوالا رائع جدًا,Too Cool Koala,Koala demasiado cool,Koala trop cool,टॉप कूल कोआला,Koala Terlalu Keren,Koala troppo trendy,クール過ぎるコアラ,투 쿨 코알라,Wyluzowany koala,Coala legal demais,,โคอาล่าสุดเจ๋ง,Çok havalı koala,Gấu Koala Siêu Ngầu,炫酷考拉,炫酷考拉,太酷無尾熊
Studio.AvatarCompatibilityPreviewer.ItemNames2.Sweaters_9274353324,,,Knit Sweater - Green,Knit Sweater - Green,سترة محبوكة - خضراء,Strickpullover – Grün,Suéter de punto - Verde,Pull en tricot - Vert,निट स्वेटर - हरा,Sweter Rajut - Hijau,Maglione - Verde,ニットセーター - グリーン,니트 스웨터 - 그린,Sweter z dzianiny – zielony,Moleton tricotado - Verde,,เสื้อสเวตเตอร์ถัก - สีเขียว,Örgü kazak - Yeşil,Áo Len Dệt Kim - Xanh Lục,针织毛衣 - 绿色,针织毛衣 - 绿色,手織毛衣 - 綠色
Studio.AvatarCompatibilityPreviewer.ItemNames2.Torso_10610645439,,,Red Panda - Torso,Red Panda - Torso,الباندا الحمراء - الجزء العلوي للجسم,Roter Panda - Oberkörper,Panda rojo - Torso,Panda rouge - Torse,रेड पांडा - टॉर्सो,Panda Merah - Badan,Panda rosso - Torso,レッドパンダ - 胴体,레드 판다 - 몸통,Czerwona panda – korpus,Panda vermelho - Tronco,,หมีแพนด้าสีแดง - ลำตัว,Kırmızı panda - Gövde,Gấu Trúc Đỏ - Thân,红色熊猫 - 躯干,红色熊猫 - 躯干,紅熊貓 - 軀幹
Studio.AvatarCompatibilityPreviewer.ItemNames2.RightArm_7200823471,,,Galloping Gecko - Right Arm,Galloping Gecko - Right Arm,Galloping Gecko - الذراع الأيمن,Galoppierender Gecko - Rechter Arm,Gecko galopante - Brazo derecho,Gecko galopant - Bras droit,गैलपिंग गेको - दायाँ हाथ,Tokek Tegak - Lengan Kanan,Geco galoppante - Braccio destro,爆走ヤモリ - 右腕,질주의 도마뱀 - 오른팔,Galopujący Gecko – prawa ręka,Osga galopante - Braço direito,,กาโลพ์ เก็คโค - แขนขวา,Dörtnala kertenkele - Sağ Kol,Tắc Kè Siêu Tốc - Cánh Tay Phải,飞奔的壁虎 - 右臂,飞奔的壁虎 - 右臂,奔跑壁虎 - 右臂
Studio.AvatarCompatibilityPreviewer.ItemNames2.RightLeg_11572081357,,,Anime Style 1 - Right Leg,Anime Style 1 - Right Leg,نمط الأنمي 1 - الساق اليمنى,Anime-Stil 1 - Rechtes Bein,Estilo Anime 1 - Pierna derecha,Anime Style 1 - Jambe droite,ऐनिमे स्टाइल 1 - दायाँ पैर,Gaya Anime 1 - Kaki Kanan,Stile anime 1 - Gamba destra,アニメスタイル 1 - 右足,애니메이션 스타일 1 - 오른 다리,Styl anime 1 – prawa noga,Estilo anime 1 - Perna direita,,สไตล์อะนิเมะ 1 - ขาขวา,Anime tarzı 1 - Sağ Bacak,Phong Cách Anime 1 - Chân Phải,动漫风格 1 - 右腿,动漫风格 1 - 右腿,動畫風格 1 - 右腿
Studio.AvatarCompatibilityPreviewer.ItemNames2.BodyEmotes_12507085924,,,Lotus,Lotus,اللوتس,Lotus,Loto,Lotus,कमल,Teratai,Lotus,ロータス,연꽃,Lotos,Lótus,,ดอกบัว,Lotus,Hoa Sen,莲花,莲花,蓮花
Studio.AvatarCompatibilityPreviewer.ItemNames2.Hair_7193450455,,,Curly Afro - Black,Curly Afro - Black,أفرو مجعد - أسود,Lockiger Afro – Schwarz,Afro rizado - Negro,Afro bouclé - Noir,कर्ली एफ़्रो - ब्लैक,Afro Keriting - Hitam,Ricci afro - Nero,クルクルのアフロヘア - 黒髪,아프로 펌 - 블랙,Afro z lokami – czarne,Afro encaracolado - Preto,,แอโฟรหยิก - สีดำ,Kıvırcık Afro - Siyah,Tóc Xoăn Xù - Đen,蓬松爆炸卷发 - 黑色,蓬松爆炸卷发 - 黑色,捲捲爆炸頭 - 黑色
Studio.AvatarCompatibilityPreviewer.ItemNames2.Face_20642008,,,Bandit,Bandit,قاطع طريق,Bandit,Bandido,Bandit,डाकू,Bandit,Bandito,盗賊,도적,Bandyta,Bandido,,โจร,Haydut,Kẻ Cướp,强盗,强盗,土匪
Studio.AvatarCompatibilityPreviewer.ItemNames2.Front_3234005397,,,Hibiscus Lapel Pin,Hibiscus Lapel Pin,دبوس بدلة على شكل زهرة الخطمي,Hibiskus-Anstecknadel,Insignia de hibisco,Épingle hibiscus,हिबिस्कस लैपल पिन,Pin Kerah Bunga Sepatu,Spilla con ibisco,ハイビスカスのラペルピン,히비스커스 라펠 핀,Przypinka do klapy – hibiskus,Broche de lapela de hibisco,,เข็มกลัดสูทดอกชบา,Çin gülü yaka iğnesi,Ghim Cài Áo Hình Hoa Dâm Bụt,木槿别针,木槿别针,木槿別針
Studio.AvatarCompatibilityPreviewer.ItemNames2.Waist_1117719026,,,Mischief Tail,Mischief Tail,إكسسوار الذيل الشقي,Unfugschwanz,Cola de las aventuras,Queue malicieuse,मिसचिफ़ टेल,Ekor Nakal,Coda da cattivo,いたずらしっぽ,말썽꾸러기 꼬리,Figlarny ogon,Cauda de travessuras,,หางแห่งความชั่วร้าย,Şeytanlık kuyruğu,Đuôi Láu Cá,淘气之尾,淘气之尾,惡作劇尾巴
Studio.AvatarCompatibilityPreviewer.ItemNames2.Neck_12566318504,,,Video Game Checkerboard Tie,Video Game Checkerboard Tie,ربطة عنق على شكل رقعة شطرنج بلعبة إلكترونية,Videospiel-Schachbrett-Schlips,Corbata ajedrez de videojuegos,Cravate carte de vérification jeu vidéo,वीडियो गेम चेकरबोर्ड टाई,Dasi Kotak-Kotak Video Game,Cravatta a scacchi stile videogame,チャッカーボード・ビデオゲーム ・ネクタイ,비디오 게임 체커보드 넥타이,Krawat w kratę w stylu gier wideo,Gravata xadrez de videogame,,เน็คไทกระดานหมากรุกวิดีโอเกม,Video oyunu damalı kravatı,Cà Vạt Họa Tiết Bàn Cờ Trong Trò Chơi Điện Tử,电子游戏棋盘格领带,电子游戏棋盘格领带,電動棋盤格領帶
Studio.AvatarCompatibilityPreviewer.ItemNames2.Shoulder_6467614725,,,Neon Boom Box - Why Don’t We (WDW),Neon Boom Box - Why Don’t We (WDW),صندوق بوم بوكس نيوني - بشعار Why Don’t We (WDW),Neon Boombox - Why Don't We (WDW),Estéreo portátil neón - Why Don’t We (WDW),Boom Box fluo - Why Don’t We (WDW),नीयन बूम बॉक्स - हम क्यों नहीं (WDW),Boombox Neon - Why Don't We (WDW),Stereo portatile fluo - Why Don't We (WDW),ネオンラジカセ - ホワイ・ドント・ウィー (WDW),네온 붐 박스 - 와이 돈 위 (WDW),Neonowy boombox – Why Don’t We (WDW),Sonzão neon - Why Don't We (WDW),,บูมบ็อกซ์นีออน - Why Don’t We (WDW),Neon kasetçalar - Why Don’t We (WDW),Loa Gắn Đèn Neon - Tại Sao Chúng Ta Không (WDW),霓虹手提录音机 - Why Don’t We (WDW),霓虹手提录音机 - Why Don’t We (WDW),霓虹音箱 - 天生一團（WDW）
Studio.AvatarCompatibilityPreviewer.ItemNames2.Back_13820443205,,,Diana's Golden Bow and Arrow,Diana's Golden Bow and Arrow,إكسسوار قوس وسهم ديانا الذهبي,Dianas Goldpfeil und -bogen,Arco y flecha de oro de Diana,L'arc et la flèche en or de Diana,डायनाज़ गोल्डन बो एंड ऐरो,Busur dan Panah Emas Diana,Arco e freccia d'oro di Diana,ダイアナの黄金の弓と矢,다이애나의 황금 활 및 화살,Złoty łuk i strzała Diany,Arco e flecha dourados de Diana,,คันศรและลูกธนูทองคำของไดอาน่า,Diana'nın altın ok ve yayı,Cung Tên Và Mũi Tên Vàng của Diana,Diana 黄金弓箭,Diana 黄金弓箭,黛安娜的金色弓箭
Studio.AvatarCompatibilityPreviewer.ItemNames2.Shirts_7178735702,,,T-shirt-ArmyPrint-Green,T-shirt-ArmyPrint-Green,تي شيرت - طباعة عسكرية - أخضر,T-shirt-ArmyPrint-Green,T-shirt-ArmyPrint-Green,T-shirt-ImpressionArmée-Vert,टी-शर्ट-आर्मी प्रिंट-हरी,Kaus-MotifMiliter-Hijau,T-shirt-ArmyPrint-Green,T-shirt-ArmyPrint-Green,T-shirt-ArmyPrint-Green,Zielona koszulka wojskowa,T-shirt-ArmyPrint-Green,,เสื้อยืด-ลายพราง-สีเขียว,Yeşil kamuflaj tişört,Áo Thun - Họa Tiết Quân Đội - Xanh Lục,军队迷彩 T 恤 - 绿色,军队迷彩 T 恤 - 绿色,綠色軍隊印花 T 恤
Studio.AvatarCompatibilityPreviewer.ItemNames2.Pants_6984763785,,,Casual Sweats - Black,Casual Sweats - Black,سويت شيرت كاجوال - أسود,Jogginghose – Schwarz,Pantalones deportivos casuales - Negros,Sweat-shirt décontracté - Noir,कैज़ुअल स्वेट्स - काला,Celana Olahraga Kasual - Hitam,Felpa casual - Nero,カジュアルなスウェット - ブラック,캐주얼 스웨트 팬츠 - 블랙,Spodnie dresowe – czarne,Calças casuais - Pretas,,กางเกงวอร์มลำลอง - สีดำ,Günlük alt - Siyah,Áo Len Thường Ngày - Đen,休闲运动裤 - 黑色,休闲运动裤 - 黑色,休閒長褲 - 黑色
Studio.AvatarCompatibilityPreviewer.ItemNames2.HeadBodyPart_10725626210,,,Woman Face - Head,Woman Face - Head,وجه المرأة - الرأس,Frauengesicht - Kopf,Cara de mujer - Cabeza,Visage de femme - Tête,महिला का चेहरा - सिर,Wajah Perempuan - Kepala,Viso femminile - Testa,女性の顔 - 頭,여자 얼굴 - 머리,Twarz kobieca – głowa,Rosto de mulher - Cabeça,,ใบหน้าผู้หญิง - ศีรษะ,Kadın yüzü - Kafa,Khuôn Mặt Phụ Nữ - Đầu,女性面部 - 头部,女性面部 - 头部,女性臉部 - 頭部
Studio.AvatarCompatibilityPreviewer.ItemNames2.Back_9175323644,,,Sporeling - Back,Sporeling - Back,إكسسوار سبورلينغ - الظهر,Pilzie – Rücken,Esporulación - Espalda,Sporeling - dos,स्पोरेलिंग - बैक,Sporeling - Belakang,Sporeling da schiena,胞子 - 背中,발아체 - 후면,Sporeling – tył,Cogumelino - Costas,,สปอร์ลิ่ง - หลัง,Sporcuk - Arka Taraf,Bào Tử - Đen,孢子 - 后背,孢子 - 后背,小孢子 - 背部
Studio.AvatarCompatibilityPreviewer.ItemNames2.Waist_10616839810,,,Red Panda - Tail,Red Panda - Tail,إكسسوار الباندا الحمراء - الذيل,Roter Panda – Schwanz,Panda rojo - Cola,Panda rouge - Queue,रेड पांडा - टेल,Panda Merah - Ekor,Panda rosso - Coda,レッドパンダ - しっぽ,레드 판다 - 꼬리,Czerwona panda – ogon,Panda vermelho - Cauda,,หมีแพนด้าสีแดง - หาง,Kırmızı panda - Kuyruk,Gấu Trúc Đỏ - Đuôi,红色熊猫 - 尾巴,红色熊猫 - 尾巴,小熊貓 - 尾巴
Studio.AvatarCompatibilityPreviewer.ItemNames2.Shoes_8722031289,,,Shoes-Running-Left-White,Shoes-Running-Left-White,حذاء ركض - أبيض - للقدم اليسرى,Shoes-Running-Left-White,Shoes-Running-Left-White,Chaussures-Course-Gauche-Blanc,शूज़-रनिंग-लेफ़्ट-सफ़ेद,Sepatu-Lari-Kiri-Putih,Shoes-Running-Left-White,Shoes-Running-Left-White,Shoes-Running-Left-White,Lewy but do biegania – biały,Shoes-Running-Left-White,,รองเท่า-วิ่ง-ข้างซ้าย-สีขาว,Sol koşu ayakkabısı - Beyaz,Giày Chạy Bộ Bên Trái - Trắng,白色跑步鞋 - 左脚,白色跑步鞋 - 左脚,Shoes-Running-Left-White
Studio.AvatarCompatibilityPreviewer.ItemNames2.LeftLeg_13207168831,,,Buff Eulopi - Left Leg,Buff Eulopi - Left Leg,بوف يولوبيا - الساق اليسرى,Buff Eulopi - Linkes Bein,Buff Eulopi - Pierna izquierda,Buff Eulopi - Jambe gauche,बफ़ यूलोपी - बायाँ पैर,Eulopi Berotot - Kaki Kiri,Buff Eulopi - Gamba sinistra,バフ・ユロピ - 左足,버프 율러피 - 왼 다리,Buff Eulopi – lewa noga,Buff Eulopi - Perna esquerda,,บัฟฟ์ ยูโลปิ - ขาซ้าย,Buff Eulopi - Sol Bacak,Buff Eulopi - Chân Trái,增益尤洛皮 - 左腿,增益尤洛皮 - 左腿,肌肉歐羅皮 - 左腿
Studio.AvatarCompatibilityPreviewer.ItemNames2.BodyEmotes_10714360164,,,Hero Landing,Hero Landing,هبوط بطولي,Heldenladung,Aterrizaje de héroe,Atterrissage de héros,हीरो लैंडिंग,Pendaratan Pahlawan,Atterraggio eroe,ヒーロー着地,영웅의 착지,Lądowanie bohatera,Aterrissagem de herói,,ฮีโร่แลนดิ้ง,Kahraman inişi,Hạ Cánh Kiểu Anh Hùng,英雄登场,英雄登场,英雄降臨
Studio.AvatarCompatibilityPreviewer.ItemNames2.Head_1744330435,,,Vacation Bowler,Vacation Bowler,قبعة رامي للعطلات,Urlaubs-Melonenhut,Bombín vacacional,Bowler de vacances,वेकेशन बॉलर,Topi Liburan,Bombetta da vacanza,バケーションボウラー,베케이션 볼러해트,Wakacyjny melonik,Chapéu coco de férias,,โบวเลอร์วันหยุด,Tatilci şapkası,Mũ Quả Dưa Du Lịch,度假礼帽,度假礼帽,度假圓頂帽
Studio.AvatarCompatibilityPreviewer.ItemNames2.Shoulder_106709021,,,Shoulder Crow,Shoulder Crow,غراب الكتف,Schulterkrähe,Cuervo en el hombro,Corbeau d'épaule,कंधा क्रो,Gagak Bahu,Corvo sulle spalle,肩乗りカラス,어깨 펫 까마귀,Wrona na ramię,Corvo de ombro,,นกกาบนไหล่,Omuz kargası,Quạ Vai,停肩乌鸦,停肩乌鸦,肩上烏鴉
Studio.AvatarCompatibilityPreviewer.ItemNames2.Emotions_13965039145,,,Brows ROM,Brows ROM,نطاق حركة الحواجب,Augenbrauen-ROM,Cejas ROM,Sourcils ROM,ब्राउज़ ROM,ROM Alis,Ampiezza di movimento delle sopracciglia,まゆげ ROM,눈썹 ROM,Zakres ruchu brwi,Sobrancelhas ROM,,ROM คิ้ว,Kaş Hareket Aralığı,ROM Lông Mày,眉毛活动范围,眉毛活动范围,眉毛 ROM
Studio.AvatarCompatibilityPreviewer.ItemNames2.Hair_7193445686,,,Wavy Middle Part - Blonde,Wavy Middle Part - Blonde,الجزء الأوسط المتموج - أشقر,Welliger Mittelscheitel – Blond,Ondulado con raya en el medio - Rubio,Ondulé sur le côté - Blond,वेवी मिडिल पार्ट - ब्लोंड,Belah Tengah Berombak - Pirang,Ondulati con riga al centro - Biondo,真ん中分けのウエーブヘア - 金髪,웨이브 미들 파트 헤어 - 블론드,Faliste z przedziałkiem – blond,Ondulado partido no meio - Loiro,,มิดเดิลพาร์ทหยักศก - สีบลอนด์,Ortadan ayrılmış dalgalı - Sarışın,Tóc Vàng Lượn Sóng Rẽ Ngôi Giữa,波浪中分 - 金色,波浪中分 - 金色,波浪中分 - 金色
Studio.AvatarCompatibilityPreviewer.ItemNames2.Head_7893381364,,,Winter Beanie - Zara Larsson,Winter Beanie - Zara Larsson,قبعة شتوية صغيرة - زارا لارسون,Wintermütze – Zara Larsson,Gorro de invierno - Zara Larsson,Bonnet d'hiver - Zara Larsson,विंटर बेनी - ज़ारा लार्सन,Beanie Musim Dingin - Zara Larsson,Berretto invernale - Zara Larsson,冬のニット帽 - ザラ・ラーソン,윈터 비니 - 자라 라슨,Zimowa czapka – Zara Larsson,Gorro invernal - Zara Larsson,,หมวกบีนนี่ฤดูหนาว - ซาร่า ลาร์สสัน,Kış beresi - Zara Larsson,Mũ Len - Zara Larsson,冬季针织帽 - Zara Larsson,冬季针织帽 - Zara Larsson,冬季毛帽 - 莎拉萊森
Studio.AvatarCompatibilityPreviewer.ItemNames2.Face_13702134,,,Comedy,Comedy,كوميديا,Comedy,Comedia,Comédie,कॉमेडी,Komedi,Commedia,コメディ,코미디,Komedia,Comédia,,ตลก,Komedi,Hài Hước,搞笑,搞笑,喜劇
Studio.AvatarCompatibilityPreviewer.ItemNames2.Eyelashes_11572100557,,,Anime Style 1 - Eyelashes,Anime Style 1 - Eyelashes,نمط الأنمي 1 - الرموش,Anime-Stil 1 - Wimpern,Estilo Anime 1 - Pestañas,Anime Style 1 - Cils,ऐनिमे स्टाइल 1 - पलकें,Gaya Anime 1 - Bulu Mata,Stile anime 1 - Ciglia,アニメスタイル 1 - まつげ,애니메이션 스타일 1 - 속눈썹,Styl anime 1 – rzęsy,Estilo anime 1 - Cílios,,สไตล์อนิเมะ 1 - ขนตา,Anime tarzı 1 - Kirpik,Phong Cách Anime 1 - Lông Mi,动漫风格 1 - 睫毛,动漫风格 1 - 睫毛,動畫風格 1 - 睫毛
Studio.AvatarCompatibilityPreviewer.ItemNames2.Shoulder_8760832521,,,Daisy Purse - PinkPantheress,Daisy Purse - PinkPantheress,حقيبة ديزي - PinkPantheress,Gänseblümchentasche - PinkPantheress,Bolsa de margarita - PinkPantheress,Sac à main Daisy - PinkPantheress,डेज़ी पर्स - PinkPantheress,Tas Aster - PinkPantheress,Borsellino con margherite - PinkPantheress,デイジーのバッグ - PinkPantheress（ピンクパンサレス）,데이지 가방 - PinkPantheress,Torebka ze stokrotką – PinkPantheress,Bolsa de margarida - PinkPantheress,,กระเป๋าดอกเดซี่ - PinkPantheress,Papatyalı çanta - PinkPantheress,Túi Họa Tiết Hoa Cúc - PinkPantheress,Daisy 钱包 - PinkPantheress,Daisy 钱包 - PinkPantheress,雛菊包包 - PinkPantheress
Studio.AvatarCompatibilityPreviewer.ItemNames2.TShirts_7178736794,,,Roblox T-Shirt - Black,Roblox T-Shirt - Black,تي شيرت Roblox - أسود,Roblox T-Shirt - Schwarz,Camiseta Roblox - Negra,T-shirt Roblox - Noir,Roblox टी-शर्ट - काली,Kaus Roblox - Hitam,Maglietta Roblox - Nero,Roblox Tシャツ - ブラック,Roblox 티셔츠 - 블랙,Koszulka Roblox – czarna,Camiseta Roblox - Preta,,เสื้อยืด Roblox - สีดํา,Roblox tişörtü - Siyah,Áo Thun Roblox - Đen,Roblox T 恤 - 黑色,Roblox T 恤 - 黑色,Roblox T 恤 - 黑色
Studio.AvatarCompatibilityPreviewer.ItemNames2.LeftLeg_11775678171,,,Piggy - Left Leg,Piggy - Left Leg,خنزير صغير - الساق اليسرى,Schweinchen - Linkes Bein,Piggy - Pierna izquierda,Piggy - Jambe gauche,पिगी - बायाँ पैर,Piggy - Kaki Kiri,Piggy - Gamba sinistra,ピギー - 左足,피기 - 왼 다리,Piggy – lewa noga,Piggy - Perna esquerda,,พิกกี้ - ขาซ้าย,Piggy - Sol Bacak,Heo - Chân Trái,小猪 - 左腿,小猪 - 左腿,豬豬 - 左腿
Studio.AvatarCompatibilityPreviewer.ItemNames2.RightLeg_13207184265,,,Buff Eulopi - Right Leg,Buff Eulopi - Right Leg,بوف يولوبيا - الساق اليمنى,Buff Eulopi - Rechtes Bein,Buff Eulopi - Pierna derecha,Buff Eulopi - Jambe droite,बफ़ यूलोपी - दायाँ पैर,Eulopi Berotot - Kaki Kanan,Buff Eulopi - Gamba destra,バフ・ユロピ - 右足,버프 율러피 - 오른 다리,Buff Eulopi – prawa noga,Buff Eulopi - Perna direita,,บัฟฟ์ ยูโลปิ - ขาขวา,Buff Eulopi - Sağ Bacak,Buff Eulopi - Chân Phải,增益尤洛皮 - 右腿,增益尤洛皮 - 右腿,肌肉歐羅皮 - 右腿
Studio.AvatarCompatibilityPreviewer.ItemNames2.Waist_3230476122,,,Borock - Belt,Borock - Belt,إكسسوار بوروك - حزام,Borock – Gürtel,Borock - Cinturón,Borock - Ceinture,बोरॉक - बेल्ट,Borock - Sabuk,Borock - Cintura,ボロック - ベルト,보로크 - 벨트,Borock – pas,Borock – Cinto,,โบร็อค - เข็มขัด,Borock - Kemer,Thắt Lưng Borock,Borock - 腰带,Borock - 腰带,博洛克 - 腰帶
Studio.AvatarCompatibilityPreviewer.ItemNames2.Waist_13902900757,,,Greaser Chicken - Tail,Greaser Chicken - Tail,إكسسوار الدجاج الدهني - الذيل,Greaser Chicken – Schwanz,Pollo engrasador - Cola,Greaser Chicken - Queue,ग्रीज़र चिकन - टेल,Ayam Preman - Ekor,Pollo alla griglia - Coda,ムキムキのニワトリ - 尾羽,그리저 치킨 - 꼬리,Kurczak Greaser – ogon,Frango greaser - Cauda,,ไก่กรีเซอร์ - หาง,Serseri tavuk - Kuyruk,Gà Đầu Trọc - Đuôi,油鸡 - 尾巴,油鸡 - 尾巴,雞冠雞 - 尾巴
Studio.AvatarCompatibilityPreviewer.ItemNames2.HeadBodyPart_10407915508,,,Galloping Gecko - Head,Galloping Gecko - Head,Galloping Gecko - الرأس,Galoppierender Gecko - Kopf,Gecko galopante - Cabeza,Gecko galopant - Tête,गैलपिंग गेको - सिर,Tokek Tegak - Kepala,Geco galoppante - Testa,爆走ヤモリ - 頭,질주의 도마뱀 - 머리,Galopujący Gecko – głowa,Osga galopante - Cabeça,,กาโลพ์ เก็คโค - ศีรษะ,Dörtnala kertenkele - Kafa,Tắc Kè Siêu Tốc - Đầu,飞奔的壁虎 - 头部,飞奔的壁虎 - 头部,奔跑壁虎 - 頭部
Studio.AvatarCompatibilityPreviewer.ItemNames2.Movement_11600208470,,,Idle,Idle,الخمول,Inaktiv,Inactividad,Inactif,आइडिल,Diam,Inattivo,待機,대기,Bezczynność,Inativo,,อยู่นิ่ง,Boşta durma,Đứng Im,闲置,闲置,閒置
Studio.AvatarCompatibilityPreviewer.ItemNames2.Hair_9243987340,,,Short and Sleek - Blonde,Short and Sleek - Blonde,قصة قصيرة ونحيفة - شقراء,Kurz und schick – Blond,Corto y elegante - Rubio,Court et élégant - Blond,शॉर्ट एंड स्लीक - ब्लोंड,Pendek dan Rapi - Pirang,Corto e liscio - Biondo,短いスリークヘア - 金髪,쇼트 슬릭 헤어 - 블론드,Krótkie i lśniące – blond,Curto e elegante - Loiro,,สั้นและสลวย - สีบลอนด์,Kısa düz - Sarışın,Tóc Vàng Ngắn và Bóng Mượt,亮光短发 - 金色,亮光短发 - 金色,柔順短髮 - 金色
Studio.AvatarCompatibilityPreviewer.ItemNames2.Head_13476872,,,Pirate Headband,Pirate Headband,عصابة رأس القراصنة,Piraten-Stirnband,Cinta para la cabeza pirata,Bandeau pirate,पाइरेट हेडबैंड,Bandana Bajak Laut,Fascia da pirata,海賊のヘッドバンド,해적 헤드밴드,Piracka opaska,Faixa de cabeça de pirata,,ผ้าโพกศีรษะโจรสลัด,Korsan kafa bandı,Băng Đô Cướp Biển,海盗头巾,海盗头巾,海盜頭巾
Studio.AvatarCompatibilityPreviewer.ItemNames2.Waist_562478957,,,UFO Belt,UFO Belt,إكسسوار حزام الجسم الطائر المجهول,UFO-Gürtel,Cinturón de ovni,Ceinture OVNI,UFO बेल्ट,Sabuk UFO,Cintura UFO,UFOベルト,UFO 벨트,Pas UFO,Cinto de OVNI,,เข็มขัด UFO,UFO kemer,Vành Đai UFO,UFO 腰带,UFO 腰带,飛碟皮帶
Studio.AvatarCompatibilityPreviewer.ItemNames2.TShirts_7178737816,,,Roblox T-Shirt - White,Roblox T-Shirt - White,تي شيرت Roblox - أبيض,Roblox T-Shirt - Weiß,Camiseta Roblox - Blanca,T-shirt Roblox - Blanc,Roblox टी-शर्ट - सफ़ेद,Kaus Roblox - Putih,Maglietta Roblox - Bianco,Roblox Tシャツ - 白,Roblox 티셔츠 - 화이트,Koszulka Roblox – biała,Camiseta Roblox - Branca,,เสื้อยืด Roblox - สีขาว,Roblox tişörtü - Beyaz,Áo Thun Roblox - Trắng,Roblox T 恤 - 白色,Roblox T 恤 - 白色,Roblox T 恤 - 白色
Studio.AvatarCompatibilityPreviewer.ItemNames2.HeadBodyPart_11775683481,,,Piggy - Head,Piggy - Head,خنزير صغير - الرأس,Schweinchen - Kopf,Piggy - Cabeza,Piggy - Tête,पिगी - सिर,Piggy - Kepala,Piggy - Testa,ピギー - 頭,피기 - 머리,Piggy – głowa,Piggy - Cabeça,,พิกกี้ - ศีรษะ,Piggy - Kafa,Heo - Đầu,小猪 - 头部,小猪 - 头部,豬豬 - 頭部
Studio.AvatarCompatibilityPreviewer.ItemNames2.LeftArm_10610637502,,,Red Panda - Left arm,Red Panda - Left arm,الباندا الحمراء - الذراع الأيسر,Roter Panda - Linker Arm,Panda rojo - Brazo izquierdo,Panda rouge - Bras gauche,रेड पांडा - बायाँ हाथ,Panda Merah - Lengan kiri,Panda rosso - Braccio sinistro,レッドパンダ - 左腕,레드 판다 - 왼팔,Czerwona panda – lewa ręka,Panda vermelho - Braço esquerdo,,หมีแพนด้าสีแดง - แขนซ้าย,Kırmızı panda - Sol Kol,Gấu Trúc Đỏ - Cánh Tay Trái,红色熊猫 - 左臂,红色熊猫 - 左臂,紅熊貓 - 左臂
Studio.AvatarCompatibilityPreviewer.ItemNames2.Movement_11600249883,,,Walk,Walk,مشي,Gehen,Caminata,Marcher,वॉक,Jalan,Camminata,歩く,걷기,Chód,Caminhar,,การเดิน,Yürüme,Đi Bộ,行走,行走,步行
Studio.AvatarCompatibilityPreviewer.ItemNames2.Shoulder_2397733716,,,Vampire Squid,Vampire Squid,إكسسوار حبار مصاص الدماء,Vampir-Tintenfisch,Calamar vampiro,Pieuvre vampire,वैंपायर स्क्विड,Cumi-Cumi Vampir,Calamaro vampiro,吸血イカ,뱀파이어 오징어,Wampiryczna kałamarnica,Lula vampira,,หมึกแวมไพร์,Vampir kalamar,Mực Ma Cà Rồng,吸血鬼乌贼,吸血鬼乌贼,吸血鬼烏賊
Studio.AvatarCompatibilityPreviewer.ItemNames2.Back_10685856744,,,Dragon Humanoid - Wing,Dragon Humanoid - Wing,إكسسوار التنين شبه البشري - الجناح,Drachen-Humanoid – Flügel,Dragón humanoide - Ala,Dragon humanoïde - Aile,ड्रैगन ह्यूमनॉइड - विंग,Humanoid Naga - Sayap,Umanoide dragone - Ala,人型ドラゴン - 翼,드래곤 휴머노이드 - 날개,Humanoid smok – skrzydło,Dragão humanoide - Asa,,ฮิวแมนอยด์มังกร - ปีก,İnsansı ejder - Kanat,Người Rồng - Cánh,人龙 - 翅膀,人龙 - 翅膀,人形龍 - 翅膀
Studio.AvatarCompatibilityPreviewer.ItemNames2.HeadBodyPart_11572085825,,,Anime Style 1 - Head,Anime Style 1 - Head,نمط الأنمي 1 - الرأس,Anime-Stil 1 - Kopf,Estilo Anime 1 - Cabeza,Anime Style 1 - Tête,ऐनिमे स्टाइल 1 - सिर,Gaya Anime 1 - Kepala,Stile anime 1 - Testa,アニメスタイル 1 - 頭,애니메이션 스타일 1 - 머리,Styl anime 1 – głowa,Estilo anime 1 - Cabeça,,สไตล์อนิเมะ 1 - ศีรษะ,Anime tarzı 1 - Kafa,Phong Cách Anime 1 - Đầu,动漫风格 1 - 头部,动漫风格 1 - 头部,動畫風格 1 - 頭部
Studio.AvatarCompatibilityPreviewer.ItemNames2.Torso_11740060397,,,Jordan - Torso,Jordan - Torso,جوردان - الجزء العلوي للجسم,Jordan - Oberkörper,Jordan - Torso,Jordan - Torse,जॉर्डन - टॉर्सो,Jordan - Badan,Jordan - Torso,ジョーダン - 胴体,조던 - 몸통,Jordan – korpus,Jordan - Tronco,,จอร์แดน - ลำตัว,Jordan - Gövde,Jordan - Thân,Jordan - 躯干,Jordan - 躯干,喬丹 - 軀幹
Studio.AvatarCompatibilityPreviewer.ItemNames2.RightLeg_11775680970,,,Piggy - Right Leg,Piggy - Right Leg,خنزير صغير - الساق اليمنى,Schweinchen - Rechtes Bein,Piggy - Pierna derecha,Piggy - Jambe droite,पिगी - दायाँ पैर,Piggy - Kaki Kanan,Piggy - Gamba destra,ピギー - 右足,피기 - 오른 다리,Piggy – prawa noga,Piggy - Perna direita,,พิกกี้ - ขาขวา,Piggy - Sağ Bacak,Heo - Chân Phải,小猪 - 右腿,小猪 - 右腿,豬豬 - 右腿
Studio.AvatarCompatibilityPreviewer.ItemNames2.Movement_11600211410,,,Run,Run,ركض,Rennen,Carrera,Courir,रन,Lari,Corsa,走る,달리기,Bieg,Correr,,การวิ่ง,Koşma,Chạy,奔跑,奔跑,奔跑
Studio.AvatarCompatibilityPreviewer.ItemNames2.Face_158066137,,,Andrew's Beard,Andrew's Beard,لحية أندرو,Andrews Bart,Barba de Andrew,Barbe d'Andrew,एंड्रयू की बीयर्ड,Jenggot Andrew,Barba di Andrea,アンドリューのひげ,앤드류의 수염,Broda Andrew,Barba do Andrew,,เคราของแอนดรูว์,Andrew'un sakalı,Râu của Andrew,Andrew 胡须,Andrew 胡须,安德魯鬍子
Studio.AvatarCompatibilityPreviewer.ItemNames2.TShirts_9112474888,,,Basic T-Shirt - Gray,Basic T-Shirt - Gray,تي شيرت أساسي - رمادي,Einfaches T-Shirt - Grau,Camiseta básica - Gris,T-shirt basique - Gris,बेसिक टी-शर्ट - स्लेटी,Kaus Biasa - Abu-abu,Maglietta basic - Grigio,定番のTシャツ - グレー,베이직 티셔츠 - 그레이,Koszulka podstawowa – szara,Camiseta básica - Cinza,,เสื้อยืดธรรมดา - สีเทา,Sıradan tişört - Gri,Áo Thun Cơ Bản - Xám,基本款 T 恤 - 灰色,基本款 T 恤 - 灰色,基本 T 恤 - 灰色
Studio.AvatarCompatibilityPreviewer.ItemNames2.Sweaters_9913110927,,,Roblox Fleece - Beige,Roblox Fleece - Beige,سترة صوف Roblox - بيج,Roblox-Fleecepullover - Beige,Sudadera de Roblox - Beige,Polaire Roblox - Beige,Roblox फ़्लीस - बेज,Fleece Roblox - Krem,Pile Roblox - Beige,Robloxフリース - ベージュ,Roblox 플리스 - 베이지,Polar Roblox – beżowy,Camisa de lã Roblox - Bege,,ฟลีซ Roblox - สีเบจ,Roblox poları - Bej,Áo Lông Cừu Roblox - Be,Roblox 羊毛衫 - 米色,Roblox 羊毛衫 - 米色,Roblox 羊毛衣 - 米色
Studio.AvatarCompatibilityPreviewer.ItemNames2.Shoes_7193170137,,,Shoes-Workboots-Left-Tan,Shoes-Workboots-Left-Tan,أحذية - أحذية عمل -  للقدم اليسرى - بني فاتح,Shoes-Workboots-Left-Tan,Shoes-Workboots-Left-Tan,Chaussures-bottesDeTravail-Gauche-BrunClair,जूते-वर्कबूट्स-बायाँ-टैन,Sepatu-BotKerja-Kiri-CokelatTan,Shoes-Workboots-Left-Tan,Shoes-Workboots-Left-Tan,Shoes-Workboots-Left-Tan,Lewy but roboczy – beżowy,Shoes-Workboots-Left-Tan,,รองเท้า-บูททำงาน-ข้างซ้าย-สีแทน,Sol iş ayakkabısı - Kahverengi,Giày Bảo Hộ Bên Trái - Nâu,棕褐色工装靴 - 左脚,棕褐色工装靴 - 左脚,Shoes-Workboots-Left-Tan
Studio.AvatarCompatibilityPreviewer.ItemNames2.Torso_7200824885,,,Galloping Gecko - Torso,Galloping Gecko - Torso,Galloping Gecko - الجزء العلوي للجسم,Galoppierender Gecko - Oberkörper,Gecko galopante - Torso,Gecko galopant - Torse,गैलपिंग गेको - टॉर्सो,Tokek Tegak - Badan,Geco galoppante - Torso,爆走ヤモリ - 胴体,질주의 도마뱀 - 몸통,Galopujący Gecko – korpus,Osga galopante - Tronco,,กาโลพ์ เก็คโค - ลำตัว,Dörtnala kertenkele - Gövde,Tắc Kè Siêu Tốc - Thân,飞奔的壁虎 - 躯干,飞奔的壁虎 - 躯干,奔跑壁虎 - 軀幹
Studio.AvatarCompatibilityPreviewer.ItemNames2.Movement_11600210487,,,Jump,Jump,قفز,Springen,Salto,4000,जंप,Loncat,Salto,ジャンプ,점프,Skok,Pular,,การกระโดด,Zıplama,Nhảy,跳跃,跳跃,跳躍
Studio.AvatarCompatibilityPreviewer.ItemNames2.Hair_212967757,,,Chestnut Style,Chestnut Style,نمط الكستناء,Kastanienbrauner Stil,Peinado castaño,Châtain stylé,चेस्टनट स्टाइल,Gaya Chestnut,Stile castagna,栗スタイル,체스트넛 스타일,Kasztanek,Estilo Castanho,,สไตล์เกาลัด,Kestane tarzı,Phong Cách Màu Hạt Dẻ,栗色风格,栗色风格,栗色髮型
Studio.AvatarCompatibilityPreviewer.ItemNames2.Head_16018338042,,,Star Charm Wizard Hat,Star Charm Wizard Hat,قبعة خبير بنجمة ساحرة,Zaubererhut mit Sternchen,Sombrero de mago de encanto de estrella,Chapeau de sorcier à breloque étoilée,स्टार चार्म विज़ार्ड हैट,Topi Penyihir Berhiasan Bintang,Cappello da mago con ciondolo a stella,スターチャームつき 魔法使いの帽子,스타 참 마법사 모자,Czapka gwiezdnego czarodzieja,Chapéu do feiticeiro estrelado,,หมวกผู้วิเศษเสน่ห์ดวงดารา,Yıldız sihri büyücü şapkası,Mũ Phù Thủy Mê Hoặc Có Hình Ngôi Sao,星魅巫师帽,星魅巫师帽,星咒巫師帽
Studio.AvatarCompatibilityPreviewer.ItemNames2.Waist_791329052,,,Wolf Tail,Wolf Tail,إكسسوار ذيل الذئب,Wolfsschwanz,Cola de lobo,Queue de loup,वुल्फ़ टेल,Ekor Serigala,Coda di lupo,オオカミのしっぽ,늑대 꼬리,Wilczy ogon,Cauda de lobo,,หางหมาป่า,Kurt kuyruğu,Đuôi Sói,狼尾,狼尾,野狼尾巴
Studio.AvatarCompatibilityPreviewer.ItemNames2.Movement_11600205519,,,Climb,Climb,تسلق,Klettern,Escalada,Escalader,क्लाइंब,Panjat,Scalata,登る,오르기,Wspinaczka,Escalar,,การปีน,Tırmanma,Leo,攀爬,攀爬,攀爬
Studio.AvatarCompatibilityPreviewer.ItemNames2.Waist_187846604,,,Orange Cat Tail,Orange Cat Tail,إكسسوار ذيل القط البرتقالي,Oranger Katzenschwanz,Cola de gato naranja,Queue de chat orange,ऑरेंज कैट टेल,Ekor Kucing Oranye,Coda di gatto arancione,オレンジ色のネコのしっぽ,오렌지 고양이 꼬리,Pomarańczowy koci ogon,Cauda de gato laranja,,หางแมวสีส้ม,Turuncu kedi kuyruğu,Đuôi Mèo Cam,橙色猫尾,橙色猫尾,橘貓尾巴
Studio.AvatarCompatibilityPreviewer.ItemNames2.Jackets_7192535654,,,Trench Coat - Red,Trench Coat - Red,معطف ترانش - أحمر,Trenchcoat - Rot,Gabardina - Roja,Trench coat - Rouge,ट्रेंच कोट - लाल,Mantel Panjang - Merah,Trench - Rosso,トレンチコート - レッド,트렌치코트 - 레드,Trencz – czerwony,Capote - Vermelho,,เทรนช์โค้ต - สีแดง,Trençkot - Kırmızı,Áo Măng Tô - Đỏ,双排扣大衣 - 红色,双排扣大衣 - 红色,風衣 - 紅色
Studio.AvatarCompatibilityPreviewer.ItemNames2.Emotions_13965162732,,,FACS,FACS,نظام FACS,FACS,Sistema de Codificación Facial (FACS),FACS,FACS,FACS,FACS,FACS,FACS,FACS,FACS,,FACS,Yüz Hareketi Kodlama Sistemi,Hệ Thống Mã Hóa Biểu Cảm Khuôn Mặt,FACS,FACS,FACS
Studio.AvatarCompatibilityPreviewer.ItemNames2.Movement_11600212676,,,Swim,Swim,سباحة,Schwimmen,Nado,Nager,स्विम,Renang,Nuoto,泳ぐ,수영,Pływanie,Nadar,,การว่ายน้ำ,Yüzme,Bơi,游泳,游泳,游泳
Studio.AvatarCompatibilityPreviewer.ItemNames2.BodyEmotes_10370351535,,,Cartwheel,Cartwheel,شقلبة جانبية,Radschlag,Rueda de carro,roue de chariot,कार्टव्हील,Meroda,Ruota,側転,카트휠,Gwiazda,Estrelinha,,ตีลังกา,Perende,Nhào Lộn,侧空翻,侧空翻,側翻
Studio.AvatarCompatibilityPreviewer.ItemNames2.Face_1241185542,,,Shiny Reindeer Nose,Shiny Reindeer Nose,أنف الرنة اللامع,Leuchtende Rentiernase,Nariz de reno brillante,Nez de renne brillant,शाइनी रेनडियर नोज़,Hidung Rusa Bercahaya,Naso di renna scintillante,光るトナカイの鼻,빛나는 순록 코,Błyszczący nos renifera,Nariz de rena brilhante,,จมูกกวางเรนเดียร์แวววาม,Parlak ren geyiği burnu,Mũi Tuần Lộc Lấp Lánh,闪亮驯鹿鼻,闪亮驯鹿鼻,閃亮亮馴鹿鼻
Studio.AvatarCompatibilityPreviewer.ItemNames2.Face_9992285857,,,Starfish Mask,Starfish Mask,قناع نجم البحر,Seestern-Maske,Máscara de estrella de mar,Masque étoile de mer,स्टारफ़िश मास्क,Topeng Bintang Laut,Maschera da stella marina,ヒトデマスク,불가사리 마스크,Maska Rozgwiazda,Máscara de estrela-do-mar,,หน้ากากปลาดาว,Denizyıldızı maske,Mặt Nạ Sao Biển,海星面具,海星面具,海星面具
Studio.AvatarCompatibilityPreviewer.ItemNames2.Back_1744123855,,,Light Back Axe Guitar,Light Back Axe Guitar,غيتار الفأس ذو الظهر الخفيف,Helle Axtgitarre,Guitarra-hacha ligera de espalda,Guitare hache dos légère,लाइट बैक एक्स गिटार,Gitar Kapak Punggung Ringan,Chitarra ad ascia,軽い背負い斧ギター,빛의 도끼 기타,Lekka gitara na plecy w kształcie siekiery,Guitarra machado de luz para costas,,กีตาร์ขวานสะพายหลังแห่งแสงสว่าง,Beyaz balta gitar,Đàn Guitar Hình Rìu Phát Sáng,薄背 Axe 吉他,薄背 Axe 吉他,輕斧頭吉他背飾
Studio.AvatarCompatibilityPreviewer.ItemNames2.Waist_6494274794,,,Yin the Little Mechanic - Bag,Yin the Little Mechanic - Bag,إكسسوار ين الميكانيكي الصغير - حقيبة,Yin der kleine Mechaniker – Tasche,"Yin, el pequeño mecánico - Bolsa",Yin le petit mécanicien - Sac,यिन द लिटिल मैकेनिक - बैग,Yin si Mekanik Cilik - Tas,"Yin, il piccolo meccanico - Borsa",小さな修理工、イン - カバン,어린이 정비사 '인' - 가방,Mały mechanik Yin – torba,"Yin, o pequeno mecânico - Bolsa",,ยิน ช่างกลตัวน้อย - กระเป๋า,Küçük Tamirci Yin - Çanta,"Yin, Thợ Cơ Khí Nhí - Túi",小机械师 Yin- 背包,小机械师 Yin- 背包,小黑手阿尹 - 背包
Studio.AvatarCompatibilityPreviewer.ItemNames2.BodyEmotes_10714374484,,,Shrug,Shrug,هز الكتفين,Mit den Schultern zucken,Encogerse de hombros,Haussement d'épaules,श्रग,Angkat Bahu,Alzata di spalle,肩をすくめる,으쓱으쓱,Wzruszanie ramionami,Dar de ombros,,การยักไหล่,Omuz silkme,Nhún Vai,耸肩,耸肩,聳肩
Studio.AvatarCompatibilityPreviewer.ItemNames2.Eyebrows_11572097774,,,Anime Style 1 - Eyebrows,Anime Style 1 - Eyebrows,نمط الأنمي 1 - الحواجب,Anime-Stil 1 - Augenbrauen,Estilo Anime 1 - Cejas,Anime Style 1 - Cils,ऐनिमे स्टाइल 1 - आइब्रो,Gaya Anime 1 - Alis,Stile anime 1 - Sopracciglia,アニメスタイル 1 - まゆげ,애니메이션 스타일 1 - 눈썹,Styl anime 1 – brwi,Estilo anime 1 - Sobrancelhas,,สไตล์อนิเมะ 1 - คิ้ว,Anime tarzı 1 - Kaş,Phong Cách Anime 1 - Lông Mày,动漫风格 1 - 眉毛,动漫风格 1 - 眉毛,動畫風格 1 - 眉毛
Studio.AvatarCompatibilityPreviewer.ItemNames2.Jackets_7192544729,,,Shiny Puffer - Gold,Shiny Puffer - Gold,سترة مبطنة لامعة - ذهبي,Glänzende Pufferjacke - Gold,Puffer brillante - Dorado,Blouson brillant - Or,चमकदार पफ़र - सुनहरा,Jaket Puffer Berkilau - Emas,Piumino scintillante - Oro,光沢のあるダウンジャケット - ゴールド,샤이니 다운 재킷 - 골드,Błyszcząca puchówka – czerwona,Jaqueta puffer brilhante - Dourada,,พัฟเฟอร์เปล่งประกาย - สีทอง,Parlak şişme mont - Altın,Áo Khoác Bông Sáng Bóng - Vàng,闪耀蓬松羽绒服 - 金色,闪耀蓬松羽绒服 - 金色,閃亮羽絨夾克 - 金色
Studio.AvatarCompatibilityPreviewer.ItemNames2.Pants_6984740059,,,Cargo Pants - Brown,Cargo Pants - Brown,بنطلون كارجو - بني,Cargohose - Braun,Pantalones cargo - Café,Pantalon cargo - Marron,कार्गो पैंट - भूरी,Celana Kargo - Cokelat,Pantaloni cargo - Marrone,カーゴパンツ - 茶色,카고 팬츠 - 브라운,Bojówki – brązowe,Calças cargo - Marrom,,กางเกงคาร์โก - สีน้ำตาล,Kargo pantolon - Kahverengi,Quần Túi Hộp - Nâu,工装裤 - 棕色,工装裤 - 棕色,工作褲 - 棕色
Studio.AvatarCompatibilityPreviewer.ItemNames2.BodyEmotes_10714359093,,,Hello,Hello,مرحبًا,Hallo,Hola,Bonjour ,हैलो,Halo,Ciao,こんにちは,안녕,Powitanie,Olá,,สวัสดี,Merhaba,Xin Chào,你好,你好,打招呼
Studio.AvatarCompatibilityPreviewer.ItemNames2.Hair_9244067444,,,Sideswept Dreads - Blonde,Sideswept Dreads - Blonde,تسريحة شعر مجعدة - شقراء,Side-swept Dreads - Blond,Dreads laterales - Azules,Tresses sur le côté - Blond,साइडस्वेप्ट ड्रेड्स - ब्लोंड,Gimbal Belah Tengah - Pirang,Dread sul lato - Biondo,横分けドレッドヘア - 金髪,사이드스웹 드레드 헤어 - 블론드,Dready z przedziałkiem - blond,Dreads penteados - Loiro,,เดรดล็อกปัดข้าง - สีบลอนด์,Yana atılmış örgü - Sarışın,Tóc Vàng Cuốn Lọn Dài Vắt Sang Bên,侧分脏辫 - 金色,侧分脏辫 - 金色,旁分雷鬼辮子 - 金色
Studio.AvatarCompatibilityPreviewer.ItemNames2.Waist_8697885688,,,Planetary Asteroid Belt - David Guetta,Planetary Asteroid Belt - David Guetta,إكسسوار حزام الكويكبات الكوكبية - ديفيد غيتا,Planetarischer Asteroidengürtel – David Guetta,Cinturón de asteroides planetario - David Guetta,Ceinture d'astéroïde planétaire - David Guetta,प्लैनेटरी एस्टरॉयड बेल्ट - डेविड गुएटा,Sabuk Asteroid Planet - David Guetta,Cintura di asteroidi planetari - David Guetta,小惑星帯 - デヴィッド・ゲッタ,행성 소행성대 - 데이비드 게타,Planetarny pas asteroid – David Guetta,Cinto de asteroides planetário - David Guetta,,เข็มขัดดาวเคราะห์น้อยโคจร - เดวิด เก็ตตา,Gezici asteroit kuşağı - David Guetta,Vành Đai Tiểu Hành Tinh - David Guetta,小行星带 - David Guetta,小行星带 - David Guetta,小行星帶 - 大衛庫塔
Studio.AvatarCompatibilityPreviewer.ItemNames2.BodyEmotes_10714388352,,,Monkey,Monkey,قرد,Affe,Mono,Singe,मंकी,Monyet,Scimmia,モンキー,원숭이,Małpa,Macaco,,ทำท่าลิง,Maymun,Khỉ,猴子,猴子,猴子
Studio.AvatarCompatibilityPreviewer.ItemNames2.Waist_13207223896,,,Buff Eulopi - Tail Bulb,Buff Eulopi - Tail Bulb,إكسسوار بوف يولوبيا - لمبة الذيل,Buff Eulopi – Schwanzzwiebel,Buff Eulopi - Bombilla de cola,Buff Eulopi - Ampoule de queue,बफ़ यूलोपी - टेल बल्ब,Eulopi Berotot - Ekor Bulat,Buff Eulopi - Bulbo di coda,バフ・ユロピ - 球根のしっぽ,버프 율러피 - 꼬리 전구,Buff Eulopi – ogon żarówka,Buff Eulopi - Cauda de tubérculo,,บัฟฟ์ ยูโลปิ - หลอดไฟหาง,Buff Eulopi - Kuyruk Işığı,Buff Eulopi - Đuôi Phát Sáng,增益尤洛皮 - 尾灯,增益尤洛皮 - 尾灯,肌肉歐羅皮 - 尾巴球莖
Studio.AvatarCompatibilityPreviewer.ItemNames2.Sweaters_9240758221,,,Knit Sweater - Gray,Knit Sweater - Gray,سترة محبوكة - رمادي,Strickpullover - Grau,Suéter de punto - Gris,Pull en tricot - Gris,निट स्वेटर - स्लेटी,Sweter Rajut - Abu-Abu,Maglione - Grigio,ニットセーター - グレー,니트 스웨터 - 그레이,Sweter z dzianiny – szary,Moleton tricotado - Cinza,,เสื้อสเวตเตอร์ถัก - สีเทา,Örgü kazak - Gri,Áo Len Dệt Kim - Xám,针织毛衣 - 灰色,针织毛衣 - 灰色,手織毛衣 - 灰色
Studio.AvatarCompatibilityPreviewer.ItemNames2.Pants_7192673981,,,Pants-StraightLeg-Tan,Pants-StraightLeg-Tan,بنطلون - بقصة مستقيمة - بني فاتح,Pants-StraightLeg-Tan,Pants-StraightLeg-Tan,Pantalon-CoupeDroite-BrunClair,पैंट-स्ट्रैटलेग-टैन,Celana-KakiLurus-Cokelat,Pants-StraightLeg-Tan,Pants-StraightLeg-Tan,Pants-StraightLeg-Tan,Spodnie straight leg – beżowe,Pants-StraightLeg-Tan,,กางเกง-ขาตรง-สีแทน,Düz kesim pantolon - Açık Kahverengi,Quần Ống Suông - Nâu,棕褐色直筒裤,棕褐色直筒裤,Pants-StraightLeg-Tan
Studio.AvatarCompatibilityPreviewer.ItemNames2.Emotions_13965139478,,,Dialogue,Dialogue,الحوار,Dialog,Diálogo,Dialogue,डायलॉग,Dialog,Dialogo,ダイアログ,대화,Dialog,Diálogo,,บทสนทนา,Diyalog,Đối Thoại,对话,对话,對話
Studio.AvatarCompatibilityPreviewer.ItemNames2.BodyEmotes_10714338461,,,Tilt,Tilt,إمالة,Neigen,Inclinar,Incliner,झुकाव,Miring,Inclinazione,傾き,기울이기,Przechylenie,Inclinação,,เอียงตัว,Eğilme,Nghiêng,倾斜,倾斜,傾斜
Studio.AvatarCompatibilityPreviewer.ItemNames2.Head_7951064603,,,Smiley Helmet - Tai Verdes,Smiley Helmet - Tai Verdes,خوذة سمايلي - تاي فيرديس,Smiley-Helm - Tai Verdes,Casco sonriente - Tai Verdes,Casque smiley - Tai Verdes,स्माइली हेलमेट - ताई वर्देस,Helm Senyum - Tai Verdes,Casco con smiley - Tai Verdes,スマイルヘルメット - タイ・ヴェルデス,스마일 헬멧 - 타이 베르데스,Kask z buźką – Tai Verdes,Capacete sorrisão - Tai Verdes,,หมวกกันน็อคหน้ายิ้ม - ไท เวอร์เดส,Gülücüklü kask - Tai Verdes,Mũ Bảo Hiểm Có Hình Mặt Cười - Tai Verdes,笑脸头盔 - Tai Verdes,笑脸头盔 - Tai Verdes,笑臉安全帽 - Tai Verdes
Studio.AvatarCompatibilityPreviewer.ItemNames2.Back_1180432276,,,Stealthy Ninja Swordpack,Stealthy Ninja Swordpack,إكسسوار حزمة سيف النينجا الخفية,Geheimnisvoller-Ninja-Schwertpack,Doble espada de ninja sigiloso,Pack d'épées ninja furtif,स्टेल्दी निन्जा सोर्डपैक,Pedang Ninja Sembunyi,Zaino spada da ninja,忍びニンジャの剣セット,스텔스 닌자 쌍검,Pakiet mieczy ninja,Pacote de espadas do ninja furtivo,,ดาบไขว้หลังนินจาเร้นกาย,Gizli ninja kılıç seti,Cặp Kiếm Ninja Vô Ảnh,诡秘忍者剑包,诡秘忍者剑包,秘密忍者雙劍
Studio.AvatarCompatibilityPreviewer.ItemNames2.Sweaters_9913119150,,,Roblox Fleece - Brown,Roblox Fleece - Brown,سترة صوف Roblox - بنية,Roblox-Fleecepullover - Braun,Sudadera de Roblox - Café,Polaire Roblox - Marron,Roblox फ़्लीस - भूरी,Fleece Roblox - Cokelat,Pile Roblox - Marrone,Robloxフリース - ブラウン,Roblox 플리스 - 브라운,Polar Roblox – brązowy,Camisa de lã Roblox - Marrom,,ฟลีซ Roblox - สีน้ำตาล,Roblox poları - Kahverengi,Áo Lông Cừu Roblox - Nâu,Roblox 羊毛衫 - 棕色,Roblox 羊毛衫 - 棕色,Roblox 羊毛衣 - 棕色
Studio.AvatarCompatibilityPreviewer.ItemNames2.Emotions_13965076233,,,Mouth ROM,Mouth ROM,نطاق حركة الفم,Mund-ROM,Boca ROM,Bouche ROM,माउथ ROM,ROM Mulut,Ampiezza di movimento della bocca,口 ROM,입 ROM,Zakres ruchu ust,Boca ROM,,ROM ปาก,Ağız Hareket Aralığı,ROM Miệng,嘴部活动范围,嘴部活动范围,嘴巴 ROM
Studio.AvatarCompatibilityPreviewer.ItemNames2.RightArm_10610642340,,,Red Panda - Right Arm,Red Panda - Right Arm,الباندا الحمراء - الذراع الأيمن,Roter Panda - Rechter Arm,Panda rojo - Brazo derecho,Panda rouge - Bras droit,रेड पांडा - दायाँ हाथ,Panda Merah - Lengan Kanan,Panda rosso - Braccio destro,レッドパンダ - 右腕,레드 판다 - 오른팔,Czerwona panda – prawa ręka,Panda vermelho - Braço direito,,หมีแพนด้าสีแดง - แขนขวา,Kırmızı panda - Sağ Kol,Gấu Trúc Đỏ - Cánh Tay Phải,红色熊猫 - 右臂,红色熊猫 - 右臂,紅熊貓 - 右臂
Studio.AvatarCompatibilityPreviewer.ItemNames2.BodyEmotes_10714389988,,,Salute,Salute,تحية,Salutieren,Saludo,Salut,सलाम,Hormat,Saluto,敬礼,경례,Salut,Saudar,,ทำความเคารพ,Selamlama,Chào,敬礼,敬礼,敬禮
Studio.AvatarCompatibilityPreviewer.ItemNames2.Hair_7193454569,,,Braided Hair - Black,Braided Hair - Black,شعر مضفر - أسود,Geflochtenes Haar - Schwarz,Pelo trenzado - Negro,Cheveux tressés- Noir,ब्रेडेड हेयर - काला,Rambut Kepang - Hitam,Treccine - Nero,編み込みヘア - 黒髪,땋기 머리 - 블랙,Splecione włosy – czarne,Cabelo Trançado - Preto,,ผมถัก - สีดำ,Örülü - Siyah,Tóc Bện - Đen,扎辫 - 黑色,扎辫 - 黑色,辮子頭 - 黑色
Studio.AvatarCompatibilityPreviewer.ItemNames2.Shirts_7178736794,,,Roblox T-Shirt - Black,Roblox T-Shirt - Black,تي شيرت Roblox - أسود,Roblox T-Shirt - Schwarz,Camiseta Roblox - Negra,T-shirt Roblox - Noir,Roblox टी-शर्ट - काली,Kaus Roblox - Hitam,Maglietta Roblox - Nero,Roblox Tシャツ - ブラック,Roblox 티셔츠 - 블랙,Koszulka Roblox – czarna,Camiseta Roblox - Preta,,เสื้อยืด Roblox - สีดํา,Roblox tişörtü - Siyah,Áo Thun Roblox - Đen,Roblox T 恤 - 黑色,Roblox T 恤 - 黑色,Roblox T 恤 - 黑色
Studio.AvatarCompatibilityPreviewer.ItemNames2.Skirts_10278865927,,,Long Flowy Skirt - Green,Long Flowy Skirt - Green,تنورة طويلة فضفاضة - خضراء,Langer fließender Rock - Grün,Falda larga fluida - Verde,Jupe longue fleurie - Vert,लॉन्ग फ़्लोई स्कर्ट - हरी,Rok Panjang Flowy - Hijau,Gonna morbida lunga - Verde,ひらひらのロングスカート - グリーン,하늘하늘 롱 스커트 - 그린,Długa zwiewna spódnica – zielona,Saia leve longa - Verde,,กระโปรงยาวพลิ้วไหว - สีเขียว,Uzun pileli etek - Yeşil,Chân Váy Uyển Chuyển - Xanh Lục,飘逸长裙 - 绿色,飘逸长裙 - 绿色,流暢長裙 - 綠色
Studio.AvatarCompatibilityPreviewer.ItemNames2.Torso_13207187481,,,Buff Eulopi - Torso,Buff Eulopi - Torso,بوف يولوبيا - الجزء العلوي للجسم,Buff Eulopi - Oberkörper,Buff Eulopi - Torso,Buff Eulopi - Torse,बफ़ यूलोपी - टॉर्सो,Eulopi Berotot - Badan,Buff Eulopi - Torso,バフ・ユロピ - 胴体,버프 율러피 - 몸통,Buff Eulopi – korpus,Buff Eulopi - Tronco,,บัฟฟ์ ยูโลปิ - ลำตัว,Buff Eulopi - Gövde,Buff Eulopi - Thân,增益尤洛皮 - 躯干,增益尤洛皮 - 躯干,肌肉歐羅皮 - 軀幹
Studio.AvatarCompatibilityPreviewer.ItemNames2.RightArm_11572079320,,,Anime Style 1 - Right Arm,Anime Style 1 - Right Arm,نمط الأنمي 1 - الذراع الأيمن,Anime-Stil 1 - Rechter Arm,Estilo Anime 1 - Brazo derecho,Anime Style 1 - Jambe droite,ऐनिमे स्टाइल 1 - दायाँ हाथ,Gaya Anime 1 - Lengan Kanan,Stile anime 1 - Braccio destro,アニメスタイル 1 - 右腕,애니메이션 스타일 1 - 오른팔,Styl anime 1 – prawa ręka,Estilo anime 1 - Braço direito,,สไตล์อะนิเมะ 1 - แขนขวา,Anime tarzı 1 - Sağ Kol,Phong Cách Anime 1 - Cánh Tay Phải,动漫风格 1 - 右臂,动漫风格 1 - 右臂,動畫風格 1 - 右臂
Studio.AvatarCompatibilityPreviewer.ItemNames2.BodyEmotes_10714352626,,,Happy,Happy,سعيد,Glücklich,Feliz,Heureux,हैपी,Senang,Felice,ハッピー,행복,Radość,Feliz,,มีความสุข,Mutlu,Hạnh Phúc,开心,开心,開心
Studio.AvatarCompatibilityPreviewer.ItemNames2.Face_14180375208,,,Cherry Lime Sunglasses,Cherry Lime Sunglasses,نظارات شمسية باللون الكرزي والليموني,Limettengrün-kirschrote Sonnenbrille,Gafas de sol de cereza y lima,Lunettes cerise citron,चेरी लाइम सनग्लासेज़,Kacamata Hitam Limau Ceri,Occhiali da sole ciliegia e lime,チェリーライムサングラス,체리 라임 선글라스,Wiśniowo-limonkowe okulary przeciwsłoneczne,Óculos de sol de lima e cereja,,แว่นกันแดดมะนาวเชอร์รี่,Kırmızı limon güneş gözlüğü,Kính Râm Màu Chanh Anh Đào,樱桃甜橙太阳镜,樱桃甜橙太阳镜,櫻桃萊姆綠太陽眼鏡
Studio.AvatarCompatibilityPreviewer.ItemNames2.Waist_4707869391,,,Brawk Tyson: Featherweight Champ - Tail,Brawk Tyson: Featherweight Champ - Tail,إكسسوار براوك تايسون: بطل وزن الريشة - الذيل,Brawk Tyson: Federgewicht-Champion – Schwanz,"Brawk Tyson, campeón de peso pluma - Cola",Brawk Tyson : champion poids plumes - Queue,ब्रॉक टायसन: फ़ेदरवेट चैंपियन - टेल,Brawk Tyson: Juara Kelas Bulu - Ekor,"Brawk Tyson, il campione dei pesi piuma - Coda",ブロウク・タイソン：フェザー級チャンピオン - しっぽ,브로크 타이슨: 페더급 챔피언 - 꼬리,Brawk Tyson: mistrz wagi piórkowej – ogon,Brawk Tyson: Campeão peso-pena – Cauda,,บรอว์ค ไทสัน: แชมป์เฟเธอร์เวต - หาง,Tüy Sıklet Şampiyonu Brawk Tyson - Kuyruk,Brawk Tyson: Chú Gà Vô Địch - Đuôi,Brawk Tyson：羽量级冠军 - 尾巴,Brawk Tyson：羽量级冠军 - 尾巴,羽量級冠軍布洛克泰森 - 尾巴
Studio.AvatarCompatibilityPreviewer.ItemNames2.Shorts_7192685245,,,Floral Swim Trunks - Blue,Floral Swim Trunks - Blue,شورت سباحة بطبعة زهور - أزرق,Geblümte Badehose - Blau,Traje de baño floreado - Azul,Short de bain à fleurs - Bleu,फ़्लोरल स्विम ट्रंक्स - नीला,Celana Renang Bunga - Biru,Costume da bagno a fiori - Blu,モンステラ柄のスイミングトランクス - 青,플로럴 스윔 트렁크 - 블루,Kąpielówki ze wzorem w kwiaty – niebieskie,Calção de banho floral - Azul,,กางเกงว่ายน้ำลายดอก - สีน้ำเงิน,Çiçekli yüzme şortu - Mavi,Quần Lót Bơi Họa Tiết Hoa - Xanh Lam,印花泳裤 - 蓝色,印花泳裤 - 蓝色,花漾泳褲 - 藍色
Studio.AvatarCompatibilityPreviewer.ItemNames2.BodyEmotes_10714340543,,,Floss Dance,Floss Dance,رقصة الخيط,Floss-Tanz,Baile del hilo dental,Floss Dance,फ़्लॉस डांस,Floss Dance,Danza del filo interdentale,フロスダンス,플로스 댄스,Floss Dance,Dança do fio dental,,ฟลอสแดนซ์,Floss dansı,Vũ Điệu Floss,甩手舞,甩手舞,牙線舞
Studio.AvatarCompatibilityPreviewer.ItemNames2.Head_607702162,,,Roblox Baseball Cap,Roblox Baseball Cap,كاب بيسبول Roblox,Roblox-Baseballkappe,Gorra de béisbol de Roblox,Casquette de baseball Roblox,Roblox बेसबॉल कैप,Topi Bisbol Roblox,Cappellino Roblox,Robloxベースボールキャップ,Roblox 야구 모자,Czapka z daszkiem Roblox,Boné de Beisebol da Roblox,,หมวกเบสบอล Roblox,Roblox beyzbol şapkası,Mũ Bóng Chày Roblox,Roblox 棒球帽,Roblox 棒球帽,Roblox 棒球帽
Studio.AvatarCompatibilityPreviewer.ItemNames2.Front_8666091634,,,Daffodil Lapel,Daffodil Lapel,بدلة على شكل النرجس البري,Narzissen-Kragen,Solapa de narciso,Broche jonquille,डैफ़ोडिल लैपल,Hiasan Kerah Daffodil,Spilla con narciso,水仙のラペル,수선화 라펠,Żonkil do klapy,Lapela de narciso,,เข็มกลัดแดฟโฟดิล,Nergis yakalık,Ve Áo Hình Hoa Thủy Tiên,水仙翻领,水仙翻领,水仙領針
Studio.AvatarCompatibilityPreviewer.ItemNames2.Skirts_7192690731,,,Tennis-White,Tennis-White,تنيس - أبيض,Tennisrock - Weiß,Falda de tenista - Blanca,Tennis-Blanc,टेनिस-व्हाइट,Tenis-Putih,Tennis-White,テニスのスコート - 白,Tennis-White,Spódniczka tenisowa – biała,Tennis-White,,เทนนิส-สีขาว,Beyaz tenis eteği,Chân Váy Tennis - Trắng,网球 - 白色,网球 - 白色,Tennis-White
Studio.AvatarCompatibilityPreviewer.ItemNames2.LeftArm_7200822331,,,Left Arm,Left Arm,اليد اليسرى,Linker Arm,Brazo izquierdo,Bras gauche,बायाँ हाथ,Lengan Kiri,Braccio sinistro,左腕,왼팔,Lewa ręka,Braço esquerdo,,แขนซ้าย,Sol Kol,Tay Trái,左臂,左臂,左臂
Studio.AvatarCompatibilityPreviewer.ItemNames2.LeftLeg_11572076845,,,Anime Style 1 - Left Leg,Anime Style 1 - Left Leg,نمط الأنمي 1 - الساق اليسرى,Anime-Stil 1 - Linkes Bein,Estilo Anime 1 - Pierna izquierda,Anime Style 1 - Jambe gauche,ऐनिमे स्टाइल 1 - बाँया पैर,Gaya Anime 1 - Kaki Kiri,Stile anime 1 - Gamba sinistra,アニメスタイル 1 - 左足,애니메이션 스타일 1 - 왼 다리,Styl anime 1 – lewa noga,Estilo anime 1 - Perna esquerda,,สไตล์อะนิเมะ 1 - ขาซ้าย,Anime tarzı 1 - Sol Bacak,Phong Cách Anime 1 - Chân Trái,动漫风格 1 - 左腿,动漫风格 1 - 左腿,動畫風格 1 - 左腿
Studio.AvatarCompatibilityPreviewer.ItemNames2.BodyEmotes_11453082181,,,Piano Jump,Piano Jump,قفزة البيانو,Klaviersprung,Salto de piano,Saut de piano,पियानो जंप,Piano Jump,Salto sul pianoforte,ピアノジャンプ,피아노 점프,Piano Jump,Pulo do piano,,เปียโนจัมป์,Piyano sıçraması,Nhảy Piano,钢琴跳跃,钢琴跳跃,鋼琴跳躍
Studio.AvatarCompatibilityPreviewer.ItemNames2.Hair_9244021842,,,Side Part - Black,Side Part - Black,الجزء الجانبي - أسود,Seitenscheitel - Schwarz,Raya lateral - Negro,Partie latérale - Noir,साइड पार्ट - ब्लैक,Belah Pinggir - Hitam,Parte laterale - Nero,横分け - 黒髪,사이드 파트 헤어 - 블랙,Przedziałek – czarne,Penteado pro lado - Preto,,ปัดข้าง - สีดำ,Yandan ayrılmış - Siyah,Kiểu Side Part - Đen,旁分发型 - 黑色,旁分发型 - 黑色,旁分 - 黑色
Studio.AvatarCompatibilityPreviewer.ItemNames2.Face_3210207381,,,Kitsune Mask,Kitsune Mask,قناع كيتسوني,Kitsune-Maske,Máscara kitsune,Masque kitsune,किटसून मास्क,Topeng Kitsune,Maschera kitsune,キツネのお面,키츠네 마스크,Maska Kitsune,Máscara de Kitsune,,หน้ากากจิ้งจอก,Kitsune maskesi,Mặt Nạ Hình Cáo,狐妖面具,狐妖面具,狐狸面具
Studio.AvatarCompatibilityPreviewer.ItemNames2.Shoulder_568891046,,,Furrozen Friend,Furrozen Friend,صديق فروزن,Gefrosteter Kumpel,Amigo peluhelado,Ami en fourrure gelé,फ़ुरोज़न फ़्रेंड,Teman Kedinginan,Gattino freddoloso,凍えたファーフレンド,퍼로젠 친구,Zmarznięty futrzak,Miaumigo congelado,,สหายเฟอร์โรเซ็น,Üşümüş kürklü dost,Người Bạn Lông Xù Bị Đóng Băng,Furrozen 伙伴,Furrozen 伙伴,毛茸茸肩上好「冰」友
Studio.AvatarCompatibilityPreviewer.ItemNames2.Shirts_9620976296,,,Puffy V-Neck - Brown,Puffy V-Neck - Brown,سترة منفوخة بياقة على شكل V - بني,Puffärmelbluse mit V-Ausschnitt - Braun,Cuello V acolchado - Café,Col V bouffant - Marron,पफ़ी वी-नैक - भूरा,Kemeja Puffy V-Neck - Cokelat,Piumino con scollo a V - Marrone,ふわふわのVネック - 茶色,퍼프 소매 브이넥 티셔츠 - 브라운,Luźna koszula z dekoltem w serek – brązowa,Decote em V puffy - Marrom,,คอวีปุกปุย - สีน้ำตาล,Kabarık v yaka - Kahverengi,Sơ Mi Phồng Cổ Chữ V - Nâu,宽松 V 领衬衫 - 棕色,宽松 V 领衬衫 - 棕色,蓬鬆 V 領 - 棕色
Studio.AvatarCompatibilityPreviewer.ItemNames2.Pants_7192681239,,,Textured Leather Pants - White,Textured Leather Pants - White,بنطلون جلدي مزخرف - أبيض,Strukturierte Lederhose - Weiß,Pantalones de piel texturizada - Blancos,Pantalon en cuir texturé - Blanc,टेक्स्चर्ड लेदर पैंट - सफ़ेद,Celana Kulit Bertekstur - Putih,Pantaloni in pelle testurizzata - Bianco,型押しレザーズボン - 白,텍스처 가죽 바지 - 화이트,Teksturowane spodnie skórzane – białe,Calças de couro texturizadas - Brancas,,กางเกงหนังผิวสัมผัส - สีขาว,Pürüzlü deri pantolon - Beyaz,Quần Da Họa Tiết - Trắng,纹理皮裤 - 白色,纹理皮裤 - 白色,粗糙皮革褲 - 白色
Studio.AvatarCompatibilityPreviewer.ItemNames2.Shoes_7193104827,,,Shoes-Flats-Left-Black,Shoes-Flats-Left-Black,حذاء مسطح - أسود - للقدم اليسرى,Shoes-Flats-Left-Black,Shoes-Flats-Left-Black,Chaussures-Plates-Gauche-Noire,जूते-फ़्लैट-बायाँ-काला,Sepatu-Flat-Kiri-Hitam,Shoes-Flats-Left-Black,Shoes-Flats-Left-Black,Shoes-Flats-Left-Black,Lewy but na płaskim obcasie – czarny,Shoes-Flats-Left-Black,,รองเท้า-ส้นเตี้ย-ข้างซ้าย-สีดำ,Sol topuksuz ayakkabı - Siyah,Giày Đế Bằng Bên Trái - Đen,黑色平底鞋 - 左脚,黑色平底鞋 - 左脚,Shoes-Flats-Left-Black
Studio.AvatarCompatibilityPreviewer.ItemNames2.Hair_9244060144,,,Top Knot - Brown,Top Knot - Brown,عقدة علوية - بني,Dutt oben - Braun,Moño alto - Café,Chignon - Chatain foncé,टॉप नॉट - ब्राउन,Cepol Atas - Cokelat,Chignon in alto - Castano,高めのポニテ - 茶髪,톱 노트 헤어 - 브라운,Kok – brązowe,Amarrado em cima - Marrom,,มัดจุกด้านบน - สีน้ำตาล,Tepede bağlı - Kahverengi,Tóc Củ Tỏi - Nâu,武士头 - 棕色,武士头 - 棕色,武士頭 - 棕色
Studio.AvatarCompatibilityPreviewer.ItemNames2.Jackets_6984765766,,,Zip Hoodie - Orange,Zip Hoodie - Orange,هودي بسحاب - برتقالي,Hoodie mit Reißverschluss - Orange,Sudadera con capucha - Naranja,Sweat à capuche zippé - Orange,ज़िप हुडी - नारंगी,Hoodie Retsleting - Oranye,Felpa con zip e cappuccio - Arancione,ジッパーつきフーディ - オレンジ,후드 집업 - 오렌지,Bluza na zamek – pomarańczowa,Moletom com capuz - Laranja,,เสื้อฮู้ดมีซิป - สีส้ม,Fermuarlu kapüşonlu - Turuncu,Áo Hoodie Mũ Trùm Đầu Có Khóa Kéo - Cam,拉链卫衣 - 橙色,拉链卫衣 - 橙色,拉鍊連帽外套 - 橘色
Studio.AvatarCompatibilityPreviewer.ItemNames2.HeadBodyPart_4908014528,,,Steampunk Robot - Head,Steampunk Robot - Head,روبوت Steampunk - الرأس,Steampunk-Roboter – Kopf,Robot steampunk - Cabeza,Robot Steampunk - Tête,स्टीमपंक रोबोट - सिर,Robot Steampunk - Kepala,Robot steampunk - Testa,スチームパンクロボット - 頭,스팀펑크 로봇 - 머리,Robot steampunk – głowa,Robô Steampunk – Cabeça,,หุ่นยนต์สตีมพังค์ - ศีรษะ,Steampunk robot - Kafa,Người Máy Hơi Nước - Đầu,蒸汽朋克机器人 - 头部,蒸汽朋克机器人 - 头部,蒸汽龐克機器人 - 頭部
Studio.AvatarCompatibilityPreviewer.ItemNames2.Hair_11195420056,,,Purple Elf Assassin - Hair,Purple Elf Assassin - Hair,قاتل القزم الأرجواني - شعر,Lila Elf-Attentäter – Haar,Elfo asesino morado - Pelo,Assassin elfe violet - Cheveux,पर्पल एल्फ़ हत्यारा - बाल,Elf Pembunuh Ungu - Rambut,Elfo assassino viola - Capelli,紫の暗殺者エルフ - 髪,퍼플 암살자 엘프 - 헤어,Fioletowy elf zabójca – włosy,Elfo assassino roxo - Cabelo,,มือลอบสังหารเอลฟ์สีม่วง - ผม,Mor elf suikastçı - Saç,Sát Thủ Yêu Tinh Tím - Tóc,紫色精灵刺客 - 发型,紫色精灵刺客 - 发型,紫精靈刺客 - 髮型
Studio.AvatarCompatibilityPreviewer.ItemNames2.Face_12313685,,,Blue Snorkel,Blue Snorkel,أنبوب التنفس الأزرق,Blauer Schnorchel,Tubo de buceo azul,Masque et tuba bleus,ब्लू स्नोर्कल,Snorkel Biru,Boccaglio blu,青いシュノーケル,블루 스노클,Niebieska rurka,Máscara de mergulho azul,,สนอร์เกิลสีฟ้า,Mavi şnorkel,Ống Thở Màu Xanh Lam,蓝色呼吸管,蓝色呼吸管,藍色潛水鏡
Studio.AvatarCompatibilityPreviewer.ItemNames2.Shoulder_772142286,,,Iguana Shoulder Friend,Iguana Shoulder Friend,صديق الكتف إغوانا,Iguana-Schulterfreund,Compañero de hombro: iguana,Mascotte iguane,इगुआना शोल्डर फ़्रेंड,Teman Bahu Iguana,Iguana da spalla,肩乗りイグアナ,이구아나 어깨 펫,Iguana na ramię,Mascote iguana,,สหายเกาะไหล่อิกัวนา,İguana dost,Bạn Kỳ Nhông Trên Vai,鬣蜥肩上伙伴,鬣蜥肩上伙伴,鬣蜥肩上好友
Studio.AvatarCompatibilityPreviewer.ItemNames2.Sweaters_9174379982,,,Cardigan - Heather Gray,Cardigan - Heather Gray,كنزة مفتوحة - رمادي هيذر,Strickjacke - Grau meliert,Cárdigan - Gris Heather,Cardigan - Gris bruyère,कार्डिगन - हीदर ग्रे,Kardigan - Abu-Abu Heather,Cardigan - Grigio mélange,カーディガン - ヘザーグレー,가디건 - 헤더 그레이,Kardigan – szary,Casaco - Cinza mesclado,,คาร์ดิแกน - เฮเธอร์ เกรย์,Hırka - Alacalı Gri,Áo Len Đan - Xám Cây Thạch Nam,开衫 - Heather Gray,开衫 - Heather Gray,開襟衫 - Heather 灰
Studio.AvatarCompatibilityPreviewer.ItemNames2.Hair_10966682388,,,Alana of the Stars - Hair,Alana of the Stars - Hair,ألانا من النجوم - الشعر,Alana der Sterne – Haar,Alana de las estrellas - Pelo,Alana des Étoiles - Cheveux,अलाना ऑफ़ द स्टार्स - बाल,Alana of the Stars - Rambut,Alana delle Stelle - Capelli,星のアラナ - 髪,알라나 오브 더 스타즈 - 헤어,Alana Gwiazd – włosy,Alana das Estrelas - Cabelo,,อลานาแห่งหมู่ดารา - ผม,Yıldızlardan Alana - Saç,Alana Tinh Hệ - Tóc,星之 Alana - 发型,星之 Alana - 发型,星空艾拉娜 - 髮型
Studio.AvatarCompatibilityPreviewer.ItemNames2.Head_89615321,,,Hungry Dino,Hungry Dino,دينو الجائع,Hungriger Dino,Dinosaurio hambriento,Dino affamé,हंगरी डिनो,Dinosaurus Lapar,Dinosauro affamato,腹をすかせた恐竜,배고픈 공룡,Głodny dino,Dino faminto,,ไดโนเสาร์ผู้หิวโหย,Aç dinozor,Khủng Long Đói Khát,饥饿恐龙,饥饿恐龙,飢餓恐龍帽
Studio.AvatarCompatibilityPreviewer.ItemNames2.Shoulder_2226793072,,,Patience the Pug Wizard,Patience the Pug Wizard,إكسسوار الكتف Patience the Pug Wizard,"Geduld, der Mopszauberer","Paciente, el doguillo hechicero",Patience le carlin magicien,पेशेंस द पग विज़र्ड,Patience si Pug Penyihir,Mago Carlino il paziente,辛抱の魔法使いパグ,불독 마법사 페이션스,Cierpliwy mops czarnoksiężnik,"Paciência, o pug bruxo",,พ่อมดปั๊กผู้พากเพียร,Büyücü Pug Patience,Phù Thủy Pug Kiên Nhẫn,坚毅巴哥巫师,坚毅巴哥巫师,巴哥犬巫師「耐心」
Studio.AvatarCompatibilityPreviewer.ItemNames2.Hair_846803597,,,Stylish Blue Hair,Stylish Blue Hair,شعر أزرق أنيق,Stilvolles blaues Haar,Pelo elegante azul,Cheveux bleus stylés,स्टाइलिश ब्लू हेयर,Rambut Biru Keren,Capelli blu alla moda,スタイリッシュヘア（ブルー）,스타일리시 블루 헤어,Stylowe niebieskie włosy,Cabelo azul estiloso,,ผมสีฟ้าสุดทันสมัย,Tarz mavi saç,Tóc Xanh Lam Sành Điệu,时髦蓝色,时髦蓝色,時尚藍色髮型
Studio.AvatarCompatibilityPreviewer.ItemNames2.Front_8667047982,,,Jester Hat Pin,Jester Hat Pin,دبوس قبعة المهرج,Narrenhut-Anstecknadel,Insignia de sombrero de bufón,Épingle chapeau de bouffon,जेस्टर हैट पिन,Pin Topi Jester,Spilla con cappello di giullare,道化師の帽子ピン,어릿광대 모자 핀,Przypinka – czapka błazna,Alfinete do chapéu do bobo da corte,,เข็มกลัดหมวกตัวตลก,Soytarı şapka iğnesi,Ghim Mũ Chú Hề,小丑帽针,小丑帽针,小丑帽別針
Studio.AvatarCompatibilityPreviewer.ItemNames2.Neck_833773264,,,Red 8-Bit Bow Tie,Red 8-Bit Bow Tie,ربطة عنق 8 بت حمراء,Rote 8-Bit-Fliege,Pajarita roja de 8 bits,Nœud papillon rouge 8 bits,रेड 8-बिट बो टाई,Dasi Kupu-Kupu 8-Bit Merah,Papillon rosso a 8 bit,8ビットの蝶ネクタイ（赤）,8비트 레드 나비넥타이,Czerwona 8-bitowa muszka,Gravata-borboleta vermelha de 8 Bits,,หูกระต่าย 8-บิต สีแดง,Kırmızı 8 bit papyon,Cà Vạt 8 Bit Đỏ,红色 8 比特领结,红色 8 比特领结,紅色 8 位元領結
Studio.AvatarCompatibilityPreviewer.ItemNames2.Head_1038669,,,Italian Ski Cap,Italian Ski Cap,كاب تزلج إيطالية,Italienische Skimütze,Gorro de esquiar italiano,Bonnet de ski italien,इटालियन स्की कैप,Topi Ski Italia,Berretto da sci italiano,イタリアのスキーキャップ,이탈리아 스키 캡 모자,Włoska czapka narciarska,Touca de esqui italiana,,หมวกสกีอิตาเลียน,İtalyan kayak şapkası,Mũ Trượt Tuyết Kiểu Ý,意大利滑雪帽,意大利滑雪帽,義大利滑雪帽
Studio.AvatarCompatibilityPreviewer.ItemNames2.Neck_3690490960,,,Living Stole,Living Stole,وشاح حي,Lebende Stola,Estola viviente,Écharpe vivante,लिविंग स्टोल,Selendang Hidup,Stola vivente,生きてるストール,리빙 스톨,Żywy szal,Cachecol vivo,,ผ้าคลุมไหล่มีชีวิต,Canlı şal,Khăn Choàng Sinh Động,生活披肩,生活披肩,活圍巾
Studio.AvatarCompatibilityPreviewer.ItemNames2.Waist_472507574,,,Cool Duck Float,Cool Duck Float,إكسسوار عوامة البطة الرائعة,Cooler Entenschwimmring,Flotador de pato genial,Bouée de canard cool,टॉप डक फ़्लोट,Pelampung Bebek Keren,Salvagente a paperella,クールなアヒルフロート,멋진 오리 튜브,Czadowa kaczuszka,Boia do pato maneiro,,เป็ดลอยน้ำหล่อเท่,Havalı ördek simit,Thuyền Vịt Siêu Ngầu,炫酷小黄鸭浮圈,炫酷小黄鸭浮圈,酷鴨漂浮游泳圈
Studio.AvatarCompatibilityPreviewer.ItemNames2.Sweaters_6984771334,,,Knit Sweater - Pink,Knit Sweater - Pink,سترة محبوكة - وردية,Strickpullover - Pink,Suéter de punto - Rosa,Pull en tricot - Rose,निट स्वेटर - गुलाबी,Sweter Rajut - Pink,Maglione - Rosa,ニットセーター - ピンク,니트 스웨터 - 핑크,Sweter z dzianiny – różowy,Moleton tricotado - Rosa,,เสื้อสเวตเตอร์ถัก - สีชมพู,Örgü kazak - Pembe,Áo Len Dệt Kim - Hồng,针织毛衣 - 粉色,针织毛衣 - 粉色,手織毛衣 - 粉紅
Studio.AvatarCompatibilityPreviewer.ItemNames2.HeadBodyPart_13207192743,,,Buff Eulopi - Head,Buff Eulopi - Head,بوف يولوبيا - الرأس,Buff Eulopi - Kopf,Buff Eulopi - Cabeza,Buff Eulopi - Tête,बफ़ यूलोपी - सिर,Eulopi Berotot - Kepala,Buff Eulopi - Testa,バフ・ユロピ - 頭,버프 율러피 - 머리,Buff Eulopi – głowa,Buff Eulopi - Cabeça,,บัฟฟ์ ยูโลปิ - ศีรษะ,Buff Eulopi - Kafa,Buff Eulopi - Đầu,增益尤洛皮 - 头部,增益尤洛皮 - 头部,肌肉歐羅皮 - 頭部
Studio.AvatarCompatibilityPreviewer.ItemNames2.LeftArm_11572074613,,,Anime Style 1 - Left Arm,Anime Style 1 - Left Arm,نمط الأنمي 1 - الذراع الأيسر,Anime-Stil 1 - Linker Arm,Estilo de Anime 1 - Brazo izquierdo,Anime Style 1 - Bras gauche,ऐनिमे स्टाइल 1 - बायाँ हाथ,Gaya Anime 1 - Lengan Kiri,Stile anime 1 - Braccio sinistro,アニメスタイル 1 - 左腕,애니메이션 스타일 1 - 왼팔,Styl anime 1 – lewa ręka,Estilo anime 1 - Braço esquerdo,,สไตล์อะนิเมะ 1 - แขนซ้าย,Anime tarzı 1 - Sol Kol,Phong Cách Anime 1 - Tay Trái,动漫风格 1 - 左臂,动漫风格 1 - 左臂,動畫風格 1 - 左臂
Studio.AvatarCompatibilityPreviewer.ItemNames2.Head_3757852497,,,Personal Mushroom Forest,Personal Mushroom Forest,غابة الفطر الشخصية,Persönlicher Pilzwald,Bosque de hongos privado,Forêt de champignons personnelle,निजी मशरूम फ़ॉरेस्ट,Hutan Jamur Pribadi,Foresta di funghi personale,自家用キノコの森,나만의 버섯 숲,Własny las grzybowy,Floresta de cogumelos pessoal,,ป่าเห็ดส่วนตัว,Kişisel mantar ormanı,Khu Rừng Nấm Bí Mật,私人蘑菇林,私人蘑菇林,個人蘑菇森林
Studio.AvatarCompatibilityPreviewer.ItemNames2.Shoulder_7243878029,,,Fricklet Shoulder Pal,Fricklet Shoulder Pal,حقيبة كتف فريكليت,Fricklet-Schulterkumpel,Compañero de hombro Fricklet,Mascotte Fricklet,फ़्रिरलेट शोल्डर पाल,Fricklet si Teman Bahu,Spiritello da spalla,肩乗りフリックレット,프릭클릿 어깨 펫,Zwierzak na ramię,Mascote Fricklet,,เพื่อนเกาะไหล่ฟริกเล็ต,Fricklet omuz yoldaşı,Người Bạn Fricklet Trên Vai,Fricklet 肩坐,Fricklet 肩坐,無牙子肩上夥伴
Studio.AvatarCompatibilityPreviewer.ItemNames2.Back_11821667294,,,Golden Butterfly Wings - Mariah Carey,Golden Butterfly Wings - Mariah Carey,إكسسوار أجنحة فراشة ذهبية - مارايا كاري,Goldene Schmetterlingsflügel – Mariah Carey,Alas de mariposa de oro - Mariah Carey,Ailes papillon d'or - Mariah Carey,गोल्डन बटरफ़्लाई विंग्स - मारिया कैरी,Sayap Kupu-Kupu Emas - Mariah Carey,Ali di farfalla dorate - Mariah Carey,黄金のチョウの羽 - マライア・キャリー,황금 나비 날개 - 머라이어 캐리,Złote skrzydła motyla – Mariah Carey,Asas douradas de borboleta - Mariah Carey,,ปีกผีเสื้อทองคำ - มารายห์ แครีย์,Altın kelebek kanadı - Mariah Carey,Đôi Cánh Bướm Vàng - Mariah Carey,黄金蝴蝶翅膀 - Mariah Carey,黄金蝴蝶翅膀 - Mariah Carey,黃金蝴蝶翅膀 - 瑪麗亞凱莉
Studio.AvatarCompatibilityPreviewer.ItemNames2.Jackets_7272485361,,,Jacket-CroppedBomber-Black,Jacket-CroppedBomber-Black,جاكيت-بومبر قصير-أسود,Jacket-CroppedBomber-Black,Jacket-CroppedBomber-Black,Veste-BombardierCourt-Noir,जैकेट-क्रॉप्डबॉम्बर-काली,Jaket-CroppedBomber-Hitam,Jacket-CroppedBomber-Black,Jacket-CroppedBomber-Black,Jacket-CroppedBomber-Black,Krótka bomberka – czarna,Jacket-CroppedBomber-Black,,แจ็คเก็ต-บอมเบอร์ครอป - สีดํา,Kısaltılmış bomber ceket - Siyah,Áo Khoác Bomber Ngắn - Đen,黑色短款飞行员夹克,黑色短款飞行员夹克,Jacket-CroppedBomber-Black
Studio.AvatarCompatibilityPreviewer.ItemNames2.Face_1192464705,,,Bear Face Mask,Bear Face Mask,قناع وجه الدب,Bären-Gesichtsmaske,Máscara de oso,Masque d'ours,बेयर फ़ेस मास्क,Masker Beruang,Maschera da orso,クマ柄マスク,곰돌이 얼굴 마스크,Maska niedźwiedzia,Máscara de urso,,หน้ากากหน้าหมี,Ayı yüz maskesi,Mặt Nạ Gấu,熊脸面具,熊脸面具,熊臉口罩
Studio.AvatarCompatibilityPreviewer.ItemNames2.Jackets_6984767443,,,Leather Jacket - Brown,Leather Jacket - Brown,جاكيت جلدي - بني,Lederjacke - Braun,Chamarra de cuero - Café,Veste en cuir - Marron,लेदर जैकेट - भूरी,Jaket Kulit - Cokelat,Giacca in pelle - Marrone,レザージャケット - ブラウン,가죽 재킷 - 브라운,Kurtka skórzana – brązowa,Jaqueta de couro - Marrom,,แจ็คเก็ตหนัง - สีน้ําตาล,Deri ceket - Kahverengi,Áo Khoác Da - Nâu,皮夹克 - 棕色,皮夹克 - 棕色,皮夾克 - 棕色
Studio.AvatarCompatibilityPreviewer.ItemNames2.Skirts_7192691582,,,Chiffon Skirt - Black/Blue,Chiffon Skirt - Black/Blue,تنورة شيفون - سوداء/زرقاء,Chiffonrock - Schwarz/Blau,Falda de chifón - Azul y negra,Jupe en mousseline - Noir/Bleu,शिफ़ॉन स्कर्ट - काली/नीली,Rok Sifon - Hitam/Biru,Gonna in chiffon - Nero/Blu,シフォンスカート - 黒と青,시폰 스커트 - 블랙 및 블루,Szyfonowa spódnica – czarno-niebieska,Saia chiffon - Preta e azul,,กระโปรงชีฟอง - สีดํา/สีฟ้า,Şifon etek - Mavi/Siyah,Chân Váy Voan - Đen/Xanh Lam,雪纺裙 - 黑/蓝,雪纺裙 - 黑/蓝,戚風短裙 - 黑藍
Studio.AvatarCompatibilityPreviewer.ItemNames2.LeftLeg_10610640030,,,Red Panda - Left Leg,Red Panda - Left Leg,الباندا الحمراء - الساق اليسرى,Roter Panda - Linkes Bein,Panda rojo - Pierna izquierda,Panda rouge - Jambe gauche,रेड पांडा - बाँया पैर,Panda Merah - Kaki Kiri,Panda rosso - Gamba sinistra,レッドパンダ - 左足,레드 판다 - 왼 다리,Czerwona panda – lewa noga,Panda vermelho - Perna esquerda,,หมีแพนด้าสีแดง - ขาซ้าย,Kırmızı panda - Sol Bacak,Gấu Trúc Đỏ - Chân Trái,红色熊猫 - 左腿,红色熊猫 - 左腿,紅熊貓 - 左腿
Studio.AvatarCompatibilityPreviewer.ItemNames2.RightLeg_7200824015,,,Galloping Gecko - Right Leg,Galloping Gecko - Right Leg,Galloping Gecko - الساق اليمنى,Galoppierender Gecko - Rechtes Bein,Gecko galopante - Pierna derecha,Gecko galopant - jambe droite,गैलपिंग गेको - दायाँ पैर,Tokek Tegak - Kaki Kanan,Geco galoppante - Gamba destra,爆走ヤモリ - 右足,질주의 도마뱀 - 오른 다리,Galopujący Gecko – prawa noga,Osga galopante - Perna direita,,กาโลพ์ เก็คโค - ขาขวา,Dörtnala kertenkele - Sağ Bacak,Tắc Kè Siêu Tốc - Chân Phải,飞奔的壁虎 - 右腿,飞奔的壁虎 - 右腿,奔跑壁虎 - 右腿
Studio.AvatarCompatibilityPreviewer.ItemNames2.Face_74970669,,,Eyepatch,Eyepatch,عصابة العين,Augenklappe,Parche de ojo,Cache-œil,आईपैच,Penutup Mata,Cerotto oculare,眼帯,안대,Opaska na oko,Tapa-olho,,ที่ปิดตา,Göz bandı,Miếng Bịt Mắt,眼罩,眼罩,眼罩
Studio.AvatarCompatibilityPreviewer.ItemNames2.Neck_10648495674,,,Black Bowtie,Black Bowtie,ربطة عنق سوداء,Schwarze Fliege,Pajarita negra,Nœud papillon noir,ब्लैक बॉटी,Dasi Kupu Hitam,Papillon nero,黒い蝶ネクタイ,검정 나비넥타이,Czarna muszka,Gravata borboleta preta,,หูกระต่ายสีดำ,Siyah papyon,Nơ Đen,黑色领带,黑色领带,黑色領結
Studio.AvatarCompatibilityPreviewer.ItemNames2.Shorts_6984773235,,,LC_Shorts_Rugby-Black_001_Accessory,LC_Shorts_Rugby-Black_001_Accessory,LC_Shorts_Rugby-Black_001_Accessory,LC_Shorts_Rugby-Black_001_Accessory,LC_Shorts_Rugby-Black_001_Accessory,LC_Shorts_Rugby-Black_001_Accessory,LC_Shorts_Rugby-Black_001_Accessory,LC_CelanaPendek_Rugby-Hitam_001_Aksesori,LC_Shorts_Rugby-Black_001_Accessory,LC_Shorts_Rugby-Black_001_Accessory,LC_Shorts_Rugby-Black_001_Accessory,LC_Shorts_Rugby-Black_001_Accessory,LC_Shorts_Rugby-Black_001_Accessory,,LC_กางเกงขาสั้น_รักบี้-สีดำ_001_ไอเท็มเสริม,LC_Shorts_Rugby-Black_001_Accessory,LC_Shorts_Rugby-Black_001_Accessory,LC_短裤_橄榄球黑_001_配饰,LC_短裤_橄榄球黑_001_配饰,LC_Shorts_Rugby-Black_001_Accessory
Studio.AvatarCompatibilityPreviewer.ItemNames2.Face_2103274031,,,8-Bit Gentleman’s Mustache,8-Bit Gentleman’s Mustache,شارب الرجل النبيل 8 بت,8-Bit-Herren-Schnurrbart,Bigote de caballero de 8 bits,Moustache de gentleman 8 bits,8-बिट जेंटलमैन मूस्टैच,Kumis Pria 8-Bit,Baffi da gentiluomo a 8 bit,8ビットの紳士の口ひげ,8비트 신사의 콧수염,8-bitowe wąsy dżentelmena,Bigode de cavalheiro de 8 bits,,หนวดสุภาพบุรุษ 8-บิต,8 bit centilmen bıyığı,Bộ Ria Quý Ông 8 Bit,8 比特绅士胡须,8 比特绅士胡须,8 位元紳士鬍
Studio.AvatarCompatibilityPreviewer.ItemNames2.Skirts_7192695838,,,Skirt-MediumRuffled-Black,Skirt-MediumRuffled-Black,تنورة - متوسطة مكشكشة - سوداء,Skirt-MediumRuffled-Black,Skirt-MediumRuffled-Black,Jupe-FroncéeMedium-Noire,स्कर्ट-मीडियमरफ़ल्ड-काली,Rok-MediumLipit-Hitam,Skirt-MediumRuffled-Black,Skirt-MediumRuffled-Black,Skirt-MediumRuffled-Black,Spódnica midi z falbanami – czarna,Skirt-MediumRuffled-Black,,กระโปรง-กลีบกลาง-สีดำ,Fırfırlı midi etek - Siyah,Chân Váy Xếp Ly Vừa - Đen,黑色微褶短裙,黑色微褶短裙,Skirt-MediumRuffled-Black
Studio.AvatarCompatibilityPreviewer.ItemNames2.Emotions_13965064041,,,Eyes ROM,Eyes ROM,نطاق حركة العينين,Augen-ROM,Ojos ROM,Yeux ROM,आइज़ ROM,ROM Mata,Ampiezza di movimento degli occhi,目 ROM,눈 ROM,Zakres ruchu oczu,Olhos ROM,,ROM ตา,Göz Hareket Aralığı,ROM Mắt,眼部活动范围,眼部活动范围,雙眼 ROM
Studio.AvatarCompatibilityPreviewer.ItemNames2.LeftLeg_7200822888,,,Galloping Gecko - Left Leg,Galloping Gecko - Left Leg,Galloping Gecko - الساق اليسرى,Galoppierender Gecko - Linkes Bein,Gecko galopante - Pierna izquierda,Gecko galopant - Jambe gauche,गैलपिंग गेको - बाँया पैर,Tokek Tegak - Kaki Kiri,Geco galoppante - Gamba sinistra,爆走ヤモリ - 左足,질주의 도마뱀 - 왼 다리,Galopujący Gecko – lewa noga,Osga galopante - Perna esquerda,,กาโลพ์ เก็คโค - แขนซ้าย,Dörtnala kertenkele - Sol Bacak,Tắc Kè Siêu Tốc - Chân Trái,飞奔的壁虎 - 左腿,飞奔的壁虎 - 左腿,奔跑壁虎 - 左腿
Studio.AvatarCompatibilityPreviewer.ItemNames2.Face_14901247406,,,2024 Masquerade Mask,2024 Masquerade Mask,قناع تنكر 2024,Maskerade-Maske 2024,Máscara de mascarada 2024,Masque de Mascarade 2024,2024 मैस्करेड मास्क,Topeng Masquerade 2024,Maschera da carnevale 2024,仮面舞踏会マスク 2024,2024 가면무도회 마스크,Maska karnawałowa 2024,Máscara de baile 2024,,หน้ากากงานเต้นรำ 2024,2024 balo maskesi,Mặt Nạ Vũ Hội 2024,2024 化妆舞会面具,2024 化妆舞会面具,2024 年化裝舞會面具
Studio.AvatarCompatibilityPreviewer.ItemNames2.Neck_13881788203,,,Guardian’s Scarf,Guardian’s Scarf,شال الحارس,Wächterschal,Bufanda de guardián,Écharpe du gardien,गार्जियन का स्कार्फ़,Syal Penjaga,Sciarpa del guardiano,ガーディアンのマフラー,수호자의 스카프,Szalik strażnika,Cachecol do guardião,,ผ้าพันคอของผู้พิทักษ์,Muhafız atkısı,Khăng Quàng Cổ Của Người Giám Hộ,守护者围巾,守护者围巾,守護者的圍巾
Studio.AvatarCompatibilityPreviewer.ItemNames2.Back_12272035364,,,Jade Moth Wings,Jade Moth Wings,إكسسوار أجنحة فراشة اليشم,Jade-Mottenflügel,Alas de polilla de jade,Ailes de papillon de nuit jade,जेड मोथ विंग्स,Sayap Ngengat Giok,Ali di falena giada,ヒスイの蛾の羽,제이드 나방 날개,Nefrytowe skrzydła ćmy,Asas de mariposa jade,,ปีกผีเสื้อกลางคืนหยก,Yeşim güve kanadı,Cánh Ngài Ngọc Bích,玉蛾翅膀,玉蛾翅膀,玉蛾翅膀
Studio.AvatarCompatibilityPreviewer.ItemNames2.Torso_11572083496,,,Anime Style 1 - Torso,Anime Style 1 - Torso,نمط الأنمي 1 - الجزء العلوي للجسم,Anime-Stil 1 - Kopf,Estilo Anime 1 - Torso,Anime Style 1 - Torse,ऐनिमे स्टाइल 1 - टॉर्सो,Gaya Anime 1 - Badan,Stile anime 1 - Torso,アニメスタイル 1 - 胴体,애니메이션 스타일 1 - 몸통,Styl anime 1 – korpus,Estilo anime 1 - Tronco,,สไตล์อนิเมะ 1 - ลำตัว,Anime tarzı 1 - Gövde,Phong Cách Anime 1 - Thân,动漫风格 1 - 躯干,动漫风格 1 - 躯干,動畫風格 1 - 軀幹
Studio.AvatarCompatibilityPreviewer.ItemNames2.Face_13538969595,,,Obstructing Octopus Facemask,Obstructing Octopus Facemask,قناع وجه الأخطبوط المعرقل,Sichtversperrende Oktopusmaske,Máscara de pulpo que obstruye,Masque de protection de pieuvre,ऑक्टोपस फेसमास्क को रोकना,Topeng Gurita Penutup Wajah,Maschera da polpo avvolgente,ブロックタコ フェイスマスク,문어 보호 마스크,Maska Ośmiornica przeszkadzajka,Máscara de polvo obstrutor,,หน้ากากครอบหน้าปลาหมึกจอมเกะกะ,Önleyici ahtapot yüz maskesi,Mặt Nạ Bạch Tuộc,遮盖章鱼面罩,遮盖章鱼面罩,妨礙視線章魚面具
Studio.AvatarCompatibilityPreviewer.ItemNames2.Shoulder_9175327271,,,Sporeling - Right Shoulder,Sporeling - Right Shoulder,سبورلينغ - الكتف الأيمن,Pilzie – Rechte Schulter,Esporulación - Hombro derecho,Sporeling - Épaule droite,स्पोरेलिंग - दायाँ कंधा,Sporeling - Bahu Kanan,Sporeling - Spalla destra,胞子 - 右肩,발아체 - 오른쪽 어깨,Sporeling – prawe ramię,Cogumelino - Ombro direito,,สปอร์ลิ่ง - ไหล่ขวา,Sporcuk - Sağ Omuz,Bào Tử - Vai Phải,孢子 - 右肩,孢子 - 右肩,小孢子 - 右肩
Studio.AvatarCompatibilityPreviewer.ItemNames2.Back_11775685012,,,Piggy - Bat,Piggy - Bat,خنزير صغير - خفاش,Schweinchen – Schläger,Piggy - Bate,Piggy - Batte,पिगी - बैट,Piggy - Pemukul,Mazza Piggy,ピギー - バット,피기 - 방망이,Piggy – kij,Piggy - Bastão,,พิกกี้ - ไม้เบสบอล,Piggy - Sopa,Heo - Gậy,小猪 - 球棒,小猪 - 球棒,豬豬 - 球棒
Studio.AvatarCompatibilityPreviewer.ItemNames2.Waist_2535471994,,,Janitor's Key Ring,Janitor's Key Ring,إكسسوار حلقة مفاتيح البواب,Hausmeister-Schlüsselring,Llavero de conserje,Porte-clés du concierge,जेनिटर्स की रिंग,Cincin Kunci Petugas Kebersihan,Portachiavi dell'inserviente,用務員のカギ束,문지기의 열쇠고리,Klucze woźnego,Molho de chaves do zelador,,พวงกุญแจของนักการ,Hademenin anahtarlığı,Chùm Chìa Khóa Của Quản Gia,门卫钥匙圈,门卫钥匙圈,管理員的鑰匙圈
Studio.AvatarCompatibilityPreviewer.ItemNames2.Front_8666436019,,,Science Flask Pin,Science Flask Pin,دبوس قارورة العلوم,Erlenmeyerkolben-Anstecknadel,Insignia del frasco de la ciencia,Épingle flacon scientifique,साइंस फ़्लास्क पिन,Pin Labu Erlenmeyer,Spilla con fiaschetta scientifica,科学のフラスコピン,실험실 플라스크 핀,Przypinka – zlewka laboratoryjna,Alfinete de frasco científico,,เข็มกลัดขวดทดลองวิทยาศาสตร์,Deney tüpü iğnesi,Nút Chặn Bình Thí Nghiệm Khoa Học,科学烧瓶别针,科学烧瓶别针,實驗瓶別針
Studio.AvatarCompatibilityPreviewer.ItemNames2.Back_7067895991,,,Young Nezha - Spear,Young Nezha - Spear,إكسسوار نيزا الصغيرة - الرمح,Junger Nezha – Speer,Joven Nezha - Lanza,Jeune Nezha - Lance,यंग नेज़ा - भाला,Young Nezha - Tombak,Giovane Nezha - Lancia,青年ナタ - やり,청년 너자 - 창,Young Nezha – włócznia,Jovem Nezha - Lança,,นาจาหนุ่ม - หอก,Genç Nezha - Mızrak,Na Tra Nhí - Thương,青年哪吒 - 长矛,青年哪吒 - 长矛,少年哪吒 - 火尖槍
Studio.AvatarCompatibilityPreviewer.ItemNames2.Neck_12272017766,,,Lavender Scarf,Lavender Scarf,شال أرجواني,Lavendelschal,Bufanda de lavanda,Écharpe lavande,लैवेंडर स्कार्फ़,Syal Lavender,Sciarpa color lavanda,ラベンダーのスカーフ,라벤더 스카프,Szalik lawendowy,Cachecol lavanda,,ผ้าพันคอลาเวนเดอร์,Lavanta atkı,Khăn Quàng Màu Oải Hương,薰衣草围巾,薰衣草围巾,薰衣草圍巾
Studio.AvatarCompatibilityPreviewer.ItemNames2.Back_11774181392,,,World Zero Elementalist - Staff,World Zero Elementalist - Staff,إكسسوار  World Zero Elementalist - Staff,World Zero Elementalist – Stab,Elementalista World Zero - Vara,World Zero Elementalist - Bâton,वर्ल्ड ज़ीरो एलिमेंटलिस्ट - स्टाफ़,Ahli Elemen World Zero - Tongkat,Elementalista Mondo Zero - Staff,ワールドゼロのエレメンタリスト - 杖,World Zero 엘리멘탈리스트 - 지팡이,Elementalista świata zero – kostur,Elementalista Mundo Zero - Cajado,,เอเลเมนทาลิสต์เวิลด์ซีโร่ - คทา,World Zero Elementalist - Asa,Pháp Sư Nguyên Tố Thế Giới Zero - Nhân Viên,零世界元素法师 - 法杖,零世界元素法师 - 法杖,World Zero 元素使 - 法杖
Studio.AvatarCompatibilityPreviewer.ItemNames2.Waist_10648339294,,,Donut Floaty,Donut Floaty,إكسسوار دونات فلوتي,Donut-Schwimmring,Dona flotante,Donut flottant,डोनट फ़्लोटी,Pelampung Donat,Ciambella galleggiante,ドーナツの浮き輪,도넛 플로티,Zabawka dmuchana – pączek,Flutuante de rosquinha,,ห่วงยางโดนัท,Çörek simit,Phao Hình Bánh Donut,漂浮甜甜圈,漂浮甜甜圈,甜甜圈泳圈
Studio.AvatarCompatibilityPreviewer.ItemNames2.Pants_7192679765,,,Pants-Tartan-Grey,Pants-Tartan-Grey,بنطلون - بنقشة مربعات - رمادي,Pants-Tartan-Grey,Pants-Tartan-Grey,Pantalon-Écossais-Gris,पैंट-टार्टन-स्लेटी,Celana-Tartan-Abu-Abu,Pants-Tartan-Grey,Pants-Tartan-Grey,Pants-Tartan-Grey,Spodnie w kratę – szare,Pants-Tartan-Grey,,กางเกง-ทาร์ทัน-สีเทา,Ekoseli pantolon - Gri,Quần Sọc Caro - Xám,灰色格子裤,灰色格子裤,Pants-Tartan-Grey
Studio.AvatarCompatibilityPreviewer.ItemNames2.Emotions_13965126930,,,Expressions,Expressions,تعابير الوجه,Ausdrücke,Expresiones,Expressions,एक्सप्रेशंस,Ekspresi,Espressioni,表情,표현,Wyrazy twarzy,Expressões,,การแสดงออก,İfadeler,Biểu Thức,表情,表情,表情
Studio.AvatarCompatibilityPreviewer.ItemNames2.RightArm_11775679683,,,Piggy - Right Arm,Piggy - Right Arm,خنزير صغير - الذراع الأيمن,Schweinchen - Rechter Arm,Piggy - Brazo derecho,Piggy - Bras droit,पिगी - दायाँ हाथ,Piggy - Lengan Kanan,Piggy - Braccio destro,ピギー - 右腕,피기 - 오른팔,Piggy – prawa ręka,Piggy - Braço direito,,พิกกี้ - แขนขวา,Piggy - Sağ Kol,Heo - Cánh Tay Phải,小猪 - 右臂,小猪 - 右臂,豬豬 - 右臂
Studio.AvatarCompatibilityPreviewer.ItemNames2.Shirts_6984729814,,,LC_TShirt_RainbowStripe-Grey_001_Accessory,LC_TShirt_RainbowStripe-Grey_001_Accessory,LC_TShirt_RainbowStripe-Grey_001_Accessory,LC_TShirt_RainbowStripe-Grey_001_Accessory,LC_TShirt_RainbowStripe-Grey_001_Accessory,LC_TShirt_RainbowStripe-Grey_001_Accessory,LC_TShirt_RainbowStripe-Grey_001_Accessory,LC_Kaus_GarisPelangi-Abu-Abu_001_Aksesori,LC_TShirt_RainbowStripe-Grey_001_Accessory,LC_TShirt_RainbowStripe-Grey_001_Accessory,LC_TShirt_RainbowStripe-Grey_001_Accessory,LC_TShirt_RainbowStripe-Grey_001_Accessory,LC_TShirt_RainbowStripe-Grey_001_Accessory,,LC_เสื้อยืด_แถบสีรุ้ง-สีเทา_001_ไอเท็มเสริม,LC_TShirt_RainbowStripe-Grey_001_Accessory,LC_TShirt_RainbowStripe-Grey_001_Accessory,LC_T 恤_灰色彩虹条纹_001_配饰,LC_T 恤_灰色彩虹条纹_001_配饰,LC_TShirt_RainbowStripe-Grey_001_Accessory
Studio.AvatarCompatibilityPreviewer.ItemNames2.Movement_16562321958,,,Jump,Jump,قفز,Springen,Salto,Sauter,जंप,Loncat,Salto,ジャンプ,점프,Skok,Pular,,การกระโดด,Zıplama,Nhảy,跳跃,跳跃,跳躍
Studio.AvatarCompatibilityPreviewer.ItemNames.BodyEmotes_16569190930,,,Hero Landing,Hero Landing,هبوط بطولي,Heldenladung,Aterrizaje de héroe,Atterrissage de héros,हीरो लैंडिंग,Pendaratan Pahlawan,Atterraggio eroe,ヒーロー着地,영웅의 착지,Lądowanie bohatera,Aterrissagem de herói,,ฮีโร่แลนดิ้ง,Kahraman inişi,Hạ Cánh Kiểu Anh Hùng,英雄登场,英雄登场,英雄降臨
Studio.AvatarCompatibilityPreviewer.ItemNames2.Movement_16562311455,,,Fall,Fall,سقوط,Fallen,Caída,Tomber,फ़ॉल,Jatuh,Caduta,落下,낙하,Upadek,Cair,,การหล่น,Düşme,Té,跌落,跌落,跌落
Studio.AvatarCompatibilityPreviewer.ItemNames2.Movement_16562332340,,,Walk,Walk,مشي,Gehen,Caminata,Marcher,वॉक,Jalan,Camminata,歩く,걷기,Chód,Caminhar,,การเดิน,Yürüme,Đi Bộ,行走,行走,步行
Studio.AvatarCompatibilityPreviewer.ItemNames.BodyEmotes_16569194548,,,Lotus,Lotus,اللوتس,Lotus,Loto,Lotus,लोटस,Teratai,Lotus,ロータス,연꽃,Lotos,Lótus,,ดอกบัว,Lotus,Hoa Sen,莲花,莲花,蓮花
Studio.AvatarCompatibilityPreviewer.ItemNames2.BodyRangeOfMotion_16540596584,,,Range of Motion,Range of Motion,نطاق الحركة,Bewegungsbereich,Rango de movimiento,Gamme de mouvements,मोशन की रेंज,Rentang Gerakan,Gamma di movimento,動作範囲,모션 범위,Zakres ruchu,Alcance de movimento,,ระยะของการเคลื่อนไหว,Hareket Aralığı,Phạm Vi Chuyển Động,运动范围,运动范围,運動範圍
Studio.AvatarCompatibilityPreviewer.ItemNames2.BodyEmotes_16569190930,,,Hero Landing,Hero Landing,هبوط بطولي,Heldenladung,Aterrizaje de héroe,Atterrissage de héros,हीरो लैंडिंग,Pendaratan Pahlawan,Atterraggio eroe,ヒーロー着地,영웅의 착지,Lądowanie bohatera,Aterrissagem de herói,,ฮีโร่แลนดิ้ง,Kahraman inişi,Hạ Cánh Kiểu Anh Hùng,英雄登场,英雄登场,英雄降臨
Studio.AvatarCompatibilityPreviewer.ItemNames.Movement_16562307212,,,Climb,Climb,تسلق,Klettern,Escalada,Escalader,क्लाइंब,Panjat,Scalata,登る,오르기,Wspinaczka,Escalar,,การปีน,Tırmanma,Leo,攀爬,攀爬,攀爬
Studio.AvatarCompatibilityPreviewer.ItemNames.BodyEmotes_16569175989,,,Hello,Hello,مرحبًا,Hallo,Hola,Bonjour ,हैलो,Halo,Ciao,こんにちは,안녕,Powitanie,Olá,,สวัสดี,Merhaba,Xin Chào,你好,你好,打招呼
Studio.AvatarCompatibilityPreviewer.ItemNames.Movement_16562317918,,,Idle,Idle,الخمول,Untätig,Inactividad,Inactif,आइडिल,Diam,Inattivo,待機,빈둥대기,Bezczynność,Inativo,,การอยู่นิ่ง,Boşta durma,Đứng Im,闲置,闲置,閒置
Studio.AvatarCompatibilityPreviewer.ItemNames2.BodyEmotes_16569175989,,,Hello,Hello,مرحبًا,Hallo,Hola,Bonjour ,हैलो,Halo,Ciao,こんにちは,안녕,Powitanie,Olá,,สวัสดี,Merhaba,Xin Chào,你好,你好,打招呼
Studio.AvatarCompatibilityPreviewer.ItemNames.Movement_16562311455,,,Fall,Fall,سقوط,Fallen,Caída,Tomber,फ़ॉल,Jatuh,Caduta,落下,낙하,Upadek,Cair,,การหล่น,Düşme,Té,跌落,跌落,跌落
Studio.AvatarCompatibilityPreviewer.ItemNames2.Movement_16562326358,,,Run,Run,ركض,Rennen,Carrera,Courir,रन,Lari,Corsa,走る,달리기,Bieg,Correr,,การวิ่ง,Koşma,Chạy,奔跑,奔跑,奔跑
Studio.AvatarCompatibilityPreviewer.ItemNames.BodyEmotes_16569552731,,,Piano Jump,Piano Jump,قفزة البيانو,Klaviersprung,Salto de piano,Saut de piano,पियानो जंप,Piano Jump,Salto sul pianoforte,ピアノジャンプ,피아노 점프,Piano Jump,Pulo do piano,,เปียโนจัมป์,Piyano sıçraması,Nhảy Piano,钢琴跳跃,钢琴跳跃,鋼琴跳躍
Studio.AvatarCompatibilityPreviewer.ItemNames.BodyEmotes_16569163126,,,Floss Dance,Floss Dance,رقصة الخيط,Floss-Tanz,Baile del hilo dental,Floss Dance,फ़्लॉस डांस,Floss Dance,Danza del filo interdentale,フロスダンス,플로스 댄스,Floss Dance,Dança do fio dental,,ฟลอสแดนซ์,Floss dansı,Vũ Điệu Floss,甩手舞,甩手舞,牙線舞
Studio.AvatarCompatibilityPreviewer.ItemNames.Movement_16562326358,,,Run,Run,ركض,Rennen,Carrera,Courir,रन,Lari,Corsa,走る,달리기,Bieg,Correr,,การวิ่ง,Koşma,Chạy,奔跑,奔跑,奔跑
Studio.AvatarCompatibilityPreviewer.ItemNames.BodyEmotes_16569548328,,,Monkey,Monkey,قرد,Affe,Mono,Singe,मंकी,Monyet,Scimmia,モンキー,원숭이,Małpa,Macaco,,การทำท่าลิง,Maymun,Khỉ,猴子,猴子,猴子
Studio.AvatarCompatibilityPreviewer.CatalogContextMenu.DeleteItem,,,Delete Custom Item,Delete Custom Item,حذف عنصر مخصص,Benutzerdefiniertes Item löschen,Eliminar elemento personalizado,Supprimer l'item personnalisé,कस्टम आइटम डिलीट करें,Hapus Item Kustom,Elimina articolo personalizzato,カスタムアイテムを削除,사용자 정의 아이템 삭제,Usuń przedmiot niestandardowy,Excluir item personalizado,,ลบไอเท็มที่กําหนดเอง,Özel öğeyi sil,Xóa Vật Phẩm Tùy Chỉnh,删除自定义物品,删除自定义物品,刪除自訂道具
Studio.AvatarCompatibilityPreviewer.ItemNames2.BodyEmotes_16569552731,,,Piano Jump,Piano Jump,قفزة البيانو,Klaviersprung,Salto de piano,Saut de piano,पियानो जंप,Piano Jump,Salto sul pianoforte,ピアノジャンプ,피아노 점프,Piano Jump,Pulo do piano,,เปียโนจัมป์,Piyano sıçraması,Nhảy Piano,钢琴跳跃,钢琴跳跃,鋼琴跳躍
Studio.AvatarCompatibilityPreviewer.ItemNames2.BodyEmotes_16569701538,,,V Pose,V Pose,وضعية V,V-Pose,Pose V,Pose en V,V पोज़,Pose V,Posa a V,Vポーズ,V 포즈,Poza V,Pose V,,วีโพส,V pozu,Tư Thế Chữ V,耶！,耶！,勝利姿勢
Studio.AvatarCompatibilityPreviewer.ItemNames.Movement_16562321958,,,Jump,Jump,قفز,Springen,Salto,Sauter,जंप,Loncat,Salto,ジャンプ,점프,Skok,Pular,,การกระโดด,Zıplama,Nhảy,跳跃,跳跃,跳躍
Studio.AvatarCompatibilityPreviewer.CatalogContextMenu.DeleteAllItems,,,Delete All Custom Items,Delete All Custom Items,حذف جميع العناصر المخصصة,Alle benutzerdefinierten Items löschen,Borrar todos los elementos personalizados,Supprimer tous les items personnalisés,सभी कस्टम आइटम डिलीट करें,Hapus Semua Item Kustom,Elimina tutti gli articoli personalizzati,すべてのカスタムアイテムを削除,전체 사용자 정의 아이템 삭제,Usuń wszystkie przedmioty niestandardowe,Excluir todos os itens personalizados,,ลบไอเท็มที่กําหนดเองทั้งหมด,Tüm özel öğeleri sil,Xóa Tất Cả Vật Phẩm Tùy Chỉnh,删除全部自定义物品,删除全部自定义物品,刪除所有自訂道具
Studio.AvatarCompatibilityPreviewer.ItemNames2.BodyEmotes_16569676514,,,Shrug,Shrug,هز الكتفين,Mit den Schultern zucken,Encogerse de hombros,Haussement d'épaules,श्रग,Angkat Bahu,Alzata di spalle,肩をすくめる,으쓱으쓱,Wzruszanie ramionami,Dar de ombros,,การยักไหล่,Omuz silkme,Nhún Vai,耸肩,耸肩,聳肩
Studio.AvatarCompatibilityPreviewer.ItemNames.BodyEmotes_16569701538,,,V Pose,V Pose,وضعية V,V-Pose,Pose V,Pose en V,V पोज़,Pose V,Posa a V,Vポーズ,V 포즈,Poza V,Pose V,,วีโพส,V pozu,Tư Thế Chữ V,耶！,耶！,勝利姿勢
Studio.AvatarCompatibilityPreviewer.ItemNames2.Movement_16562307212,,,Climb,Climb,تسلق,Klettern,Escalada,Escalader,क्लाइंब,Panjat,Scalata,登る,오르기,Wspinaczka,Escalar,,การปีน,Tırmanma,Leo,攀爬,攀爬,攀爬
Studio.AvatarCompatibilityPreviewer.ItemNames2.BodyEmotes_16569194548,,,Lotus,Lotus,اللوتس,Lotus,Loto,Lotus,लोटस,Teratai,Lotus,ロータス,연꽃,Lotos,Lótus,,ดอกบัว,Lotus,Hoa Sen,莲花,莲花,蓮花
Studio.AvatarCompatibilityPreviewer.ItemNames2.Movement_16562317918,,,Idle,Idle,الخمول,Untätig,Inactividad,Inactif,आइडिल,Diam,Inattivo,待機,빈둥대기,Bezczynność,Inativo,,การอยู่นิ่ง,Boşta durma,Đứng Im,闲置,闲置,閒置
Studio.AvatarCompatibilityPreviewer.ItemNames.Movement_16562332340,,,Walk,Walk,مشي,Gehen,Caminata,Marcher,वॉक,Jalan,Camminata,歩く,걷기,Chód,Caminhar,,การเดิน,Yürüme,Đi Bộ,行走,行走,步行
Studio.AvatarCompatibilityPreviewer.ItemNames.Movement_16562329379,,,Swim,Swim,سباحة,Schwimmen,Nado,Nager,स्विम,Renang,Nuoto,泳ぐ,수영,Pływanie,Nadar,,การว่ายน้ำ,Yüzme,Bơi,游泳,游泳,游泳
Studio.AvatarCompatibilityPreviewer.ItemNames2.Movement_16562329379,,,Swim,Swim,سباحة,Schwimmen,Nado,Nager,स्विम,Renang,Nuoto,泳ぐ,수영,Pływanie,Nadar,,การว่ายน้ำ,Yüzme,Bơi,游泳,游泳,游泳
Studio.AvatarCompatibilityPreviewer.ItemNames2.BodyEmotes_16569548328,,,Monkey,Monkey,قرد,Affe,Mono,Singe,मंकी,Monyet,Scimmia,モンキー,원숭이,Małpa,Macaco,,การทำท่าลิง,Maymun,Khỉ,猴子,猴子,猴子
Studio.AvatarCompatibilityPreviewer.ItemNames.BodyEmotes_16569676514,,,Shrug,Shrug,هز الكتفين,Mit den Schultern zucken,Encogerse de hombros,Haussement d'épaules,श्रग,Angkat Bahu,Alzata di spalle,肩をすくめる,으쓱으쓱,Wzruszanie ramionami,Dar de ombros,,การยักไหล่,Omuz silkme,Nhún Vai,耸肩,耸肩,聳肩
Studio.AvatarCompatibilityPreviewer.ItemNames2.BodyEmotes_16569163126,,,Floss Dance,Floss Dance,رقصة الخيط,Floss-Tanz,Baile del hilo dental,Floss Dance,फ़्लॉस डांस,Floss Dance,Danza del filo interdentale,フロスダンス,플로스 댄스,Floss Dance,Dança do fio dental,,ฟลอสแดนซ์,Floss dansı,Vũ Điệu Floss,甩手舞,甩手舞,牙線舞
Studio.AvatarCompatibilityPreviewer.UGCValidation.WarningTitle_NoPublish,,,Early Release - In game use only,Early Release - In game use only,إصدار مبكر - للاستخدام في اللعبة فقط,Erste Veröffentlichung - nur im Spiel einsetzbar,Lanzamiento anticipado - Solo en el juego,Sortie anticipée - En jeu seulement,अर्ली रिलीज़ - सिर्फ़ गेम में इस्तेमाल करने के लिए,Rilis Awal - Khusus penggunaan dalam game,Rilascio anticipato - Solo per uso interno al gioco,先行リリース - ゲーム内でのみ使用可,초기 릴리스 - 게임 내에서만 사용 가능,Wczesna wersja – tylko do użytku w grze,Lançamento antecipado - Apenas para uso no jogo,,ปล่อยก่อนกำหนด - ใช้ในเกมเท่านั้น,Erken Sürüm - Yalnızca oyun içi kullanım,Bản Phát Hành Sớm - Chỉ sử dụng trong trò chơi,早期版本 - 仅可在游戏中使用,早期版本 - 仅可在游戏中使用,搶先版本（僅限遊戲內使用）
Studio.AvatarCompatibilityPreviewer.ItemNames2.Hair_7193386173,,,Side Part - Blonde,Side Part - Blonde,الجزء الجانبي - أشقر,Seitenscheitel – Blond,Raya lateral - Rubio,Sur le côté - Blond,साइड पार्ट - ब्लॉन्ड,Sisir - Pirang,Riga laterale - Biondo,横分け - 金髪,사이드 파트 헤어 - 블론드,Przedziałek – blond,Penteado pro lado - Loiro,,ปัดข้าง - สีบลอนด์,Yandan ayrılmış - Sarışın,Kiểu Side Part - Vàng,旁分发型 - 金色,旁分发型 - 金色,旁分 - 金色
Studio.AvatarCompatibilityPreviewer.UGCValidation.WarningDescription_NoPublish_Plural,,,{amount:int} Warnings found that would prevent you from uploading to Marketplace in the future,{amount:int} Warnings found that would prevent you from uploading to Marketplace in the future,تم العثور على {amount:int} تحذيرات من شأنها أن تمنعك من التحميل إلى المتجر في المستقبل,"{amount:int} Warnungen gefunden, die dich in Zukunft am Hochladen auf den Marktplatz hindern würden",{amount:int} Advertencias encontradas que impedirán que cargues al Mercado en el futuro,{amount:int} Avertissements trouvés qui vous empêcheraient de télécharger sur le Marketplace à l'avenir,"{amount:int} वॉर्निंग मिली हैं, जो आपको भविष्य में मार्केटप्लेस पर अपलोड करने से रोकेगी",Ditemukan {amount:int} Peringatan yang akan membuatmu tidak dapat meng-upload ke Marketplace pada masa mendatang,{amount:int} avvisi rilevati che ti impedirebbero il caricamento sul Marketplace in futuro,{amount:int} 件の警告が見つかったため、今後はマーケットプレイスにアップロードできなくなります,"{amount:int}개의 경고가 발견되었으며, 이로 인해 향후 마켓플레이스 업로드가 제한될 수 있습니다.",,{amount:int} Avisos encontrados que impedirão que você faça o upload para o Mercado no futuro,,พบคำเตือน {amount:int} รายการที่จะป้องกันไม่ให้คุณอัปโหลดไปยังมาร์เก็ตเพลสในอนาคต,Gelecekte Pazar Yeri'ne yükleme yapmanı önleyecek {amount:int} uyarı bulundu,Đã tìm thấy {amount:int} Cảnh Báo sẽ ngăn bạn tải lên Sàn Giao Dịch trong tương lai,检测到将阻止你未来上传至商城的 {amount:int} 个警告,检测到将阻止你未来上传至商城的 {amount:int} 个警告,發現 {amount:int} 個會讓您未來無法上傳至市集的警告
Studio.AvatarCompatibilityPreviewer.AvatarScreen.AutoSetupStartTitle,,,Early Release - In game use only,Early Release - In game use only,إصدار مبكر - للاستخدام في اللعبة فقط,Erste Veröffentlichung - nur im Spiel einsetzbar,Lanzamiento anticipado - Solo en el juego,Sortie anticipée - En jeu seulement,अर्ली रिलीज़ - सिर्फ़ गेम में इस्तेमाल करने के लिए,Rilis Awal - Khusus penggunaan dalam game,Rilascio anticipato - Solo per uso interno al gioco,先行リリース - ゲーム内でのみ使用可,초기 릴리스 - 게임 내에서만 사용 가능,Wczesna wersja – tylko do użytku w grze,Lançamento antecipado - Apenas para uso no jogo,,ปล่อยก่อนกำหนด - ใช้ในเกมเท่านั้น,Erken Sürüm - Yalnızca oyun içi kullanım,Bản Phát Hành Sớm - Chỉ sử dụng trong trò chơi,早期版本 - 仅可在游戏中使用,早期版本 - 仅可在游戏中使用,搶先版本（僅限遊戲內使用）
Studio.AvatarCompatibilityPreviewer.AvatarScreen.AutoSetupStartDescription,,,We will remove this restriction and allow for Marketplace submission in later releases.,We will remove this restriction and allow for Marketplace submission in later releases.,سنزيل هذا القيد ونسمح بتقديم المتجر في الإصدارات اللاحقة.,In späteren Versionen werden wir diese Einschränkung entfernen und die Einreichung für den Marktplatz ermöglichen.,Eliminaremos esta restricción y permitiremos el envío al Mercado en versiones posteriores.,Nous supprimerons cette restriction et permettrons la soumission au Marketplace dans les versions ultérieures.,हम इस प्रतिबंध को हटा देंगे और बाद के रिलीज़ में मार्केटप्लेस सबमिशन की परमिशन देंगे.,Kami akan menghapus pembatasan ini dan mengizinkan pengiriman ke Marketplace untuk rilis selanjutnya.,"Nelle versioni successive, rimuoveremo questa restrizione e consentiremo l'invio al Marketplace.",この制限を削除し、後のリリースでマーケットプレイスへの提出を許可します。,이후 릴리스에서는 이 제한이 해제되며 마켓플레이스 제출이 허용됩니다.,Usuniemy to ograniczenie i umożliwimy przesyłanie na Rynek w późniejszych wersjach.,Vamos remover essa restrição e permitir o envio para o Mercado em versões posteriores.,,เราจะเพิกถอนข้อจำกัดนี้ และอนุญาตให้ส่งไปยังมาร์เก็ตเพลสในการปล่อยหลังจากนี้,Sonraki sürümlerde bu kısıtlamayı kaldırıp Pazar Yeri'ne gönderime izin vereceğiz.,Chúng tôi sẽ loại bỏ hạn chế này và cho phép bạn gửi lên Sàn Giao Dịch trong các bản phát hành sau này.,我们将在后续版本中移除此限制并支持商城提交。,我们将在后续版本中移除此限制并支持商城提交。,我們將在後續推出的版本中移除這項限制並允許提交至市集。
Studio.AvatarCompatibilityPreviewer.Stages.Publish_AutoSetupDisabled,,,Submit to Roblox disabled in early release,Submit to Roblox disabled in early release,تم تعطيل الإرسال إلى Roblox في الإصدار المبكر,Einreichung bei Roblox in der ersten Veröffentlichung deaktiviert,Enviar a Roblox desactivado en el lanzamiento anticipado,Soumettre à Roblox désactivé dans la sortie anticipée,अर्ली रिलीज़ में Roblox में सबमिट करने की सुविधा बंद कर दी गई है,Kirim ke Roblox dinonaktifkan di rilis awal,Invio a Roblox disabilitato nel rilascio anticipato,「Robloxに提出」は早期リリースでは無効になっています,초기 릴리스에서는 Roblox에 제출할 수 없습니다,Przesyłanie na platformę Roblox jest wyłączone we wczesnej wersji,Enviar para a Roblox desativado no lançamento antecipado,,ส่งไปยัง Roblox ปิดใช้งานในการปล่อยก่อนกำหนด,Erken sürümde Roblox'a gönderim devre dışı,Tính năng Gửi đến Roblox bị vô hiệu hóa trong bản phát hành sớm,早期版本中已停用“提交至 Roblox”。,早期版本中已停用“提交至 Roblox”。,搶先版本中停用 Roblox 提交功能
Studio.AvatarCompatibilityPreviewer.UGCValidation.WarningDescription_NoPublish_Singular,,,1 Warning found that would prevent you from uploading to Marketplace in the future,1 Warning found that would prevent you from uploading to Marketplace in the future,تم العثور على تحذير واحد من شأنه أن يمنعك من التحميل إلى المتجر في المستقبل," 1 Warnung gefunden, die dich in Zukunft am Hochladen auf den Marktplatz hindern würde",1 advertencia encontrada que impedirá que cargues al Mercado en el futuro,1 Avertissement trouvé qui vous empêcherait de télécharger sur le Marketplace à l'avenir,"1 वॉर्निंग मिली है, जो आपको भविष्य में मार्केटप्लेस पर अपलोड करने से रोकेगी",Ditemukan 1 Peringatan yang akan membuatmu tidak dapat meng-upload ke Marketplace pada masa mendatang,1 avviso rilevato che ti impedirebbe il caricamento sul Marketplace in futuro,1件の警告が見つかったため、今後はマーケットプレイスにアップロードできなくなります,"1개의 경고가 발견되었으며, 이로 인해 향후 마켓플레이스 업로드가 제한될 수 있습니다.","Znaleziono 1 ostrzeżenie, które uniemożliwi przesłanie na Rynek w przyszłości",1 aviso encontrado que impediria você de fazer o upload para o Mercado no futuro,,พบคำเตือน 1 รายการที่จะป้องกันไม่ให้คุณอัปโหลดไปยังมาร์เก็ตเพลสในอนาคต,Gelecekte Pazar Yeri'ne yükleme yapmanı önleyecek 1 uyarı bulundu,Đã tìm thấy 1 Cảnh Báo sẽ ngăn bạn tải lên Sàn Giao Dịch trong tương lai,检测到将阻止你未来上传至商城的 1 个警告,检测到将阻止你未来上传至商城的 1 个警告,發現 1 個會讓您未來無法上傳至市集的警告
Studio.AvatarCompatibilityPreviewer.ItemNames2.Hair_7193452166,,,Short Curls - Black,Short Curls - Black,تجعيدات قصيرة - أسود,Kurze Locken – Schwarz,Rizos cortos - Negros,Boucles courtes - Noir,शॉर्ट कर्ल्स - काला,Keriting Pendek - Hitam,Riccioli corti - Nero,短いカーリーヘア - 黒髪,쇼트 컬 헤어 - 블랙,Krótkie kręcone – czarne,Encaracolado curto - Preto,,หยิกสั้น - สีดำ,Kısa bukleli - Siyah,Tóc Ngắn Quấn Lọn - Đen,短卷发 - 黑色,短卷发 - 黑色,短捲髮 - 黑色
Studio.AvatarCompatibilityPreviewer.ItemNames2.Hair_9244114211,,,Wavy Middle Part - Red,Wavy Middle Part - Red,الجزء الأوسط المتموج - أحمر,Welliger Mittelscheitel – Rot,Ondulado con raya en el medio - Rojo,Mini vague ondulée - Rouge,वेवी मिडिल पार्ट - लाल,Belah Tengah Berombak - Merah,Ondulati con riga al centro - Rosso,真ん中分けのウエーブヘア - 赤毛,웨이브 미들 파트 헤어 - 레드,Faliste z przedziałkiem – czerwone,Ondulado partido no meio - Vermelho,,มิดเดิลพาร์ทหยักศก - สีแดง,Ortadan ayrılmış dalgalı - Kızıl,Tóc Đỏ Lượn Sóng Rẽ Ngôi Giữa,波浪中分 - 红色,波浪中分 - 红色,波浪中分 - 紅色
Studio.AvatarCompatibilityPreviewer.ItemNames2.Hair_7193451306,,,Curly Afro - Cool Brown,Curly Afro - Cool Brown,أفرو مجعد - بني هادئ,Lockiger Afro – Kühles Braun,Afro rizado - Café genial,Afro bouclé - Brun cool,कर्ली एफ़्रो - कूल ब्राउन,Afro Keriting - Cokelat Keren,Ricci afro - Castano freddo,カーリーなアフロ - クールな茶髪,아프로 펌 - 쿨 브라운,Afro z lokami – chłodny brąz,Afro encaracolado - Marrom bacana,,แอโฟรหยิก - สีน้ำตาลสุดเท่,Kıvırcık Afro - Soğuk Kahverengi,Tóc Xoăn Xù - Nâu Lạnh,蓬松爆炸卷发 - 奶茶色,蓬松爆炸卷发 - 奶茶色,捲捲爆炸頭 - 酷棕
Studio.AvatarCompatibilityPreviewer.ItemNames2.Front_16648690355,,,Flask Pin,Flask Pin,دبوس قارورة,Flaschen-Anstecknadel,Pin de termo,Épinglette flacon,फ़्लास्क पिन,Pin Tabung Labu,Spilla con fiaschetta,フラスコピン,플라스크 핀,Przypinka – zlewka,Alfinete de frasco,,เข็มกลัดขวดแก้ว,Tüp iğnesi,Nút Chặn Bình,烧瓶别针,烧瓶别针,燒瓶別針
Studio.AvatarCompatibilityPreviewer.ItemNames2.Shoulder_16648897492,,,Log Pauldrons Left,Log Pauldrons Left,بولدرونز أيسر طويل,"Holzklotz-Schulterstücke, links",Hombreras de tronco - Izquierda,Épaulette en rondins gauche,लॉग पॉल्ड्रन बायाँ,Pelindung Bahu Kayu Kiri,Paraspalle con tronco a sinistra,丸太の肩鎧（左）,통나무 견갑(왼쪽),Naramiennik z kłody – lewy,Ombreiras de tora abandonados,,เกราะไหล่ท่อนไม้ซ้าย,Sol kütük omuzluk,Giáp Vai Trái Hình Khúc Gỗ,原木左肩甲,原木左肩甲,樹木護肩（左）
Studio.AvatarCompatibilityPreviewer.ItemNames2.Shoulder_16649003855,,,Snow Cat Right,Snow Cat Right,قطة الثلج للجانب الأيمن,"Schneekatze, rechts",Gato de nieve - Derecho,Chat des neige droite,स्नो कैट दायाँ,Kucing Salju Kanan,Gatto delle nevi a destra,スノーキャット（右）,스노우 캣(오른쪽),Zimowy kot – prawy,Gato da neve direito,,แมวหิมะขวา,Sağ kar kedisi,Mèo Tuyết Phải,朝右雪猫,朝右雪猫,雪貓（右）
Studio.AvatarCompatibilityPreviewer.ItemNames2.Shoulder_16648441318,,,Banana Dog Left,Banana Dog Left,كلب الموز الأيسر,"Bananenhund, links",Perro de banana - Izquierdo,Chien banane gauche,बनाना डॉग बायाँ,Anjing Pisang Kiri,Cane a banana a sinistra,バナナドッグ（左）,바나나 도그(왼쪽),Bananowy pies – lewy,Cachorro banana esquerdo,,สุนัขกล้วยซ้าย,Sol muz köpek,Chó Chuối Trái,朝左香蕉小狗,朝左香蕉小狗,香蕉狗（左）
Studio.AvatarCompatibilityPreviewer.ItemNames2.Waist_16648852016,,,Keys,Keys,مفاتيح,Schlüssel,Llaves,Clés,की (key),Kunci,Chiavi,カギ,열쇠,Klucze,Chaves,,กุญแจ,Anahtarlık,Khóa,钥匙,钥匙,鑰匙
Studio.AvatarCompatibilityPreviewer.ItemNames2.Waist_16648672949,,,Donut Tube,Donut Tube,أنبوب دونات,Donut-Tube,Tubo de dona,Donut Tube,डोनट ट्यूब,Ban Donat,Salvagente a ciambella,ドーナツチューブ,도넛 튜브,Pączkowy pas,Tubo de rosquinha,,หลอดโดนัท,Çörek halka,Phao Bơi Hình Bánh Donut,甜甜圈管,甜甜圈管,甜甜圈泳圈
Studio.AvatarCompatibilityPreviewer.ItemNames2.Face_14179786408,,,Neapolitan Pop Shades,Neapolitan Pop Shades,نظارات شمس البوب النابوليتانية,Neapolitanische Pop-Brille,Gafas pop napolitanas,Lunettes pop napolitaines,नेपोलिटन पॉप शेड्स,Kacamata Es Krim Neapolitan,Sfumature pop napoletano,ナポリアイスのサングラス,나폴리탄 팝 선글라스,Lodowe okulary przeciwsłoneczne,Óculos de picolé napolitano,,แว่นกันแดดไอศกรีมแท่งหลากสี,Dondurma gözlük,Kính Hình Kem Nổi Bật,那不勒斯时尚太阳镜,那不勒斯时尚太阳镜,拿坡里冰棒太陽眼鏡
Studio.AvatarCompatibilityPreviewer.ItemNames2.Face_12794916165,,,Beard Circle - Blonde,Beard Circle - Blonde,دائرة اللحية - شقراء,Kreisbart – Blond,Barba circular - Rubia,Collier de barbe - Blond,बीयर्ड सर्कल - ब्लॉन्ड,Jenggot Lingkaran - Pirang,Barba circolare - Bionda,ヒゲ（輪っか） - 金髪,서클 비어드 - 블론드,Broda kolista – blond,Cavanhaque - Loiro,,วงเครา - สีบลอนด์,Top sakal - Sarışın,Râu Quai Nón - Vàng,络腮胡 - 金色,络腮胡 - 金色,鬍圈 - 金黃色
Studio.AvatarCompatibilityPreviewer.ItemNames2.Face_16649071525,,,Tape Measure,Tape Measure,شريط قياس,Maßband,Cinta métrica,Ruban à mesurer,टेप मेज़र,Meteran,Metro a nastro,メジャーテープ,줄자,Taśma miernicza,Fita métrica,,ตลับเมตร,Şerit metre,Thước Dây,卷尺,卷尺,捲尺
Studio.AvatarCompatibilityPreviewer.ItemNames2.Front_16648698037,,,Flower Pin,Flower Pin,دبوس شكل زهرة,Blumen-Anstecknadel,Pin de flor,Épinglette fleur,फ़्लावर पिन,Pin Bunga,Spilla con fiore,フラワーピン,플라워 핀,Przypinka – kwiat,Alfinete de flor,,เข็มกลัดดอกไม้,Çiçek iğnesi,Ghim Cài Hình Bông Hoa,花朵别针,花朵别针,花朵別針
Studio.AvatarCompatibilityPreviewer.ItemNames2.Shoulder_16648488869,,,Banana Dog Right,Banana Dog Right,كلب الموز الأيمن,"Bananenhund, rechts",Perro de banana - Derecho,Chien banane droite,बनाना डॉग दायाँ,Anjing Pisang Kanan,Cane a banana a destra,バナナドッグ（右）,바나나 도그(오른쪽),Bananowy pies – prawy,Cachorro banana direito,,สุนัขกล้วยขวา,Sağ muz köpek,Chó Chuối Phải,朝右香蕉小狗,朝右香蕉小狗,香蕉狗（右）
Studio.AvatarCompatibilityPreviewer.ItemNames2.Face_16640910727,,,Antler Skull Mask,Antler Skull Mask,قناع جمجمة قرن الوعل,Geweih-Totenkopfmaske,Máscara de calavera de cuernos,Masque bois de cerf,ऐंट्लर स्कल मास्क,Topeng Tengkorak Tanduk Rusa,Maschera di teschio con corna,ツノのスカルマスク,뿔 해골 마스크,Czaszka z rogami – maska,Máscara de crânio com chifres,,หน้ากากกะโหลกเขากวาง,Geyik kafatası maske,Mặt Nạ Sọ Nai,鹿角骷髅面具,鹿角骷髅面具,鹿角骷髏面具
Studio.AvatarCompatibilityPreviewer.ItemNames2.Face_12794788453,,,Beard Bandholz - Red,Beard Bandholz - Red,لحية باندهولز - حمراء,Bandholz-Bart – Rot,Barba Bandholz - Roja,Barbe Bandholz - Rouge,बीयर्ड बैंडहोल्ज़ - लाल,Jenggot Bandholz - Merah,Barba bandholz - Rossa,バンドホルツ型のヒゲ - 赤毛,밴홀즈(Bandholz) 비어드 - 레드,Broda Bandholz – czerwona,Barba e bigode - Vermelha,,เคราแบนด์โฮลซ์ - สีแดง,Bandholz sakal - Kızıl,Râu Bandholz - Đỏ,潮流大胡子 - 红色,潮流大胡子 - 红色,班特何茲鬍子 - 紅色
Studio.AvatarCompatibilityPreviewer.ItemNames2.Front_16648652231,,,Daffodil Lapel,Daffodil Lapel,بدلة على شكل النرجس البري,Narzissen-Kragen,Solapa de narciso,Broche jonquille,डैफ़ोडिल लैपल,Hiasan Kerah Daffodil,Spilla con narciso,水仙のラペル,수선화 라펠,Żonkil do klapy,Lapela de narciso,,เข็มกลัดแดฟโฟดิล,Nergis yakalık,Ve Áo Hình Hoa Thủy Tiên,水仙翻领,水仙翻领,水仙領針
Studio.AvatarCompatibilityPreviewer.ItemNames2.Shoulder_16648993618,,,Snow Cat Left,Snow Cat Left,قطة الثلج للجانب الأيسر,"Schneekatze, links",Gato de nieve - Izquierdo,Chat des neiges gauche,स्नो कैट बायाँ,Kucing Salju Kiri,Gatto delle nevi a sinistra,スノーキャット（左）,스노우 캣(왼쪽),Zimowy kot – lewy,Gato da neve esquerdo,,แมวหิมะซ้าย,Sol kar kedisi,Mèo Tuyết Trái,朝左雪猫,朝左雪猫,雪貓（左）
Studio.AvatarCompatibilityPreviewer.ItemNames2.Shoulder_16648866296,,,Lizard Left,Lizard Left,السحلية للجانب الأيسر,"Eidechse, links",Lagarto - Izquierdo,Lézard gauche,लिज़र्ड बायाँ,Kadal Kiri,Lucertola a sinistra,トカゲ（左）,도마뱀(왼쪽),Jaszczurka – lewy,Lagarto esquerdo,,กิ้งก่าซ้าย,Sol keler,Thằn Lăn Trái,朝左蜥蜴,朝左蜥蜴,蜥蜴（左）
Studio.AvatarCompatibilityPreviewer.ItemNames2.Face_12796163960,,,Curly Beard Full - Black,Curly Beard Full - Black,لحية مجعدة كاملة - سوداء,Lockiger Vollbart – Schwarz,Barba rizada poblada - Negra,Barbe bouclée complète - Noire,कर्ली बीयर्ड फ़ुल - काली,Jenggot Keriting Penuh - Hitam,Barba riccia - Nera,クルクルのヒゲ（長） - 黒,컬리 풀 비어드 - 블랙,Kędzierzawa broda – czarna,Barba cheia encaracolada - Preta,,เคราหยิกดก - สีดำ,Kıvırcık gür sakal - Siyah,Râu Quăn Toàn Mặt - Đen,卷曲大胡子 - 黑色,卷曲大胡子 - 黑色,完整捲鬍 - 黑色
Studio.AvatarCompatibilityPreviewer.ItemNames2.Shoulder_16648553830,,,Bird In Armor Right,Bird In Armor Right,درع أيمن به شكل طائر,"Vogel in Rüstung, rechts",Pájaro en armadura - Derecho,Oiseau en armure droite,बर्ड इन आर्मर दायाँ,Burung Berzirah Kanan,Uccello in armatura a destra,鳥のアーマー（右）,새 갑옷 (오른쪽),Ptak w zbroi – prawy,Pássaro em armadura direito,,นกสวมชุดเกราะขวา,Sağ zırhlı kuş,Chim Thiết Giáp Phải,朝右盔甲鸟,朝右盔甲鸟,鎧甲鳥（右）
Studio.AvatarCompatibilityPreviewer.ItemNames2.Back_9111378574,,,Bow,Bow,قوس,Bogen,Arco,Arc,बो,Pita,Arco,弓,활,Łuk,Arco,,ธนู,Fiyonk,Cung,弓,弓,弓
Studio.AvatarCompatibilityPreviewer.ItemNames2.Head_9111390490,,,Hat_Acc,Hat_Acc,Hat_Acc,Hat_Acc,Hat_Acc,Hat_Acc,Hat_Acc,Hat_Acc,Hat_Acc,Hat_Acc,Hat_Acc,Hat_Acc,Hat_Acc,,Hat_Acc,Hat_Acc,Hat_Acc,帽子_配饰,帽子_配饰,帽子飾品
Studio.AvatarCompatibilityPreviewer.ItemNames2.Face_16648586095,,,Blowfish,Blowfish,سمكة منتفخة,Kugelfisch,Pez bola,Poisson-globe,ब्लोफ़िश,Ikan Buntal,Pesce palla,ハリセンボン,가시복어,Rozdymka,Baiacu,,ปลาปักเป้า,Balon balığı,Cá Nóc,河豚,河豚,河豚
Studio.AvatarCompatibilityPreviewer.ItemNames2.Front_16648706823,,,Frog Pin,Frog Pin,دبوس شكل ضفدع,Frosch-Anstecknadel,Pin de rana,Épinglette grenouille,फ़्रॉग पिन,Pin Katak,Spilla con rana,カエルピン,개구리 핀,Przypinka – żaba,Alfinete de sapo,,เข็มกลัดกบ,Kurbağa iğnesi,Ghim Hình Con Ếch,青蛙别针,青蛙别针,青蛙別針
Studio.AvatarCompatibilityPreviewer.ItemNames2.Neck_15696295454,,,Monstercat - Bandana,Monstercat - Bandana,Monstercat - باندانا,Monstercat-Bandana,Gato monstruo - Bandana,Monstercat - Bandana,मॉन्स्टर कैट - बंडाना,Monstercat - Bandana,Monstercat - Bandana,モンスターキャット - バンダナ,몬스터캣 - 반다나,Monstercat – bandana,Monstercat - Bandana,,มอนสเตอร์แคท - ผ้าโพกหัว,Monstercat - Bandana,Mèo Quái Vật - Bandana,怪物猫 - 印花头巾,怪物猫 - 印花头巾,Monstercat - 領巾
Studio.AvatarCompatibilityPreviewer.ItemNames2.Shoulder_16649028183,,,Succulent Pauldrons Left,Succulent Pauldrons Left,بولدرونز أيسر عصاري,"Sukkulenten-Schulterstücke, links",Hombreras suculentas - Izquierda,Épaulette succulentes gauche,सक्युलेंट पॉल्ड्रन बायाँ,Pelindung Bahu Sukulen Kiri,Paraspalle con pianta grassa a sinistra,多肉の肩鎧（左）,다육 식물 견갑(왼쪽),Naramiennik z sukulentem – lewy,Ombreira suculenta esquerda,,เกราะไหล่ชอุ่มฉ่ำข้างซ้าย,Sol etli bitki omuzluk,Giáp Vai Trái Xương Rồng,多汁仙人掌左肩甲,多汁仙人掌左肩甲,多肉護肩（左）
Studio.AvatarCompatibilityPreviewer.ItemNames2.Face_16648984941,,,Ski Helmet,Ski Helmet,خوذة تزلج,Skihelm,Casco de esquí,Casque de ski,स्की हेलमेट,Helm Ski,Casco da sci,スキー用ヘルメット,스키 헬멧,Kask narciarski,Capacete de esqui,,หมวกกันน็อคสกี,Kayak kaskı,Mũ Trượt Tuyết,滑雪头盔,滑雪头盔,滑雪安全帽
Studio.AvatarCompatibilityPreviewer.ItemNames2.Neck_16648958003,,,Mushroom Bow Tie,Mushroom Bow Tie,ربطة عنق على شكل فطر,Pilzfliege,Pajarita de setas,Noeud papillon champignon,मशरूम बो टाई,Dasi Kupu-Kupu Jamur,Cravatta a farfalla con funghi,キノコの蝶ネクタイ,버섯 나비넥타이,Muszka z grzybkiem,Gravata borboleta de cogumelo,,หูกระต่ายเห็ด,Mantar papyon,Nơ Nấm,蘑菇领结,蘑菇领结,蘑菇領結
Studio.AvatarCompatibilityPreviewer.ItemNames2.Shoulder_16648873760,,,Lizard Right,Lizard Right,السحلية للجانب الأيمن,"Eidechse, rechts",Lagarto - Derecho,Lézard droite,लिज़र्ड दायाँ,Kadal Kanan,Lucertola a destra,トカゲ（右）,도마뱀(오른쪽),Jaszczurka – prawy,Lagarto direito,,กิ้งก่าขวา,Sağ keler,Thằn Lằn Phải,朝右蜥蜴,朝右蜥蜴,蜥蜴（右）
Studio.AvatarCompatibilityPreviewer.ItemNames2.Neck_16648625265,,,Crystal Necklace,Crystal Necklace,قلادة كريستال,Kristallhalskette,Collar de cristal,Collier en crystal,क्रिस्टल नेकलेस,Kalung Kristal,Collana di cristalli,クリスタルのネックレス,크리스털 목걸이,Kryształowy naszyjnik,Colar de cristal,,สร้อยคอคริสตัล,Kristal kolye,Vòng Cổ Pha Lê,水晶项链,水晶项链,水晶項鍊
Studio.AvatarCompatibilityPreviewer.ItemNames2.Shoulder_16649036767,,,Succulent Pauldrons Right,Succulent Pauldrons Right,بولدرونز أيمن عصاري,"Sukkulenten-Schulterstücke, rechts",Hombreras suculentas - Derecha,Épaulette succulentes droite,सक्युलेंट पॉल्ड्रन दायाँ,Pelindung Bahu Sukulen Kanan,Paraspalle con pianta grassa a destra,多肉の肩鎧（右）,다육 식물 견갑(오른쪽),Naramiennik z sukulentem – prawy,Ombreira suculenta direita,,เกราะไหล่ชอุ่มฉ่ำขวา,Sağ etli bitki omuzluk,Giáp Vai Phải Xương Rồng,多汁仙人掌右肩甲,多汁仙人掌右肩甲,多肉護肩（右）
Studio.AvatarCompatibilityPreviewer.ItemNames2.Shoulder_16648905400,,,Log Pauldrons Right,Log Pauldrons Right,بولدرونز أيمن طويل,"Holzklotz-Schulterstücke, rechts",Hombreras de tronco - Derecha,Épaulette en rondins droite,लॉग पॉल्ड्रन दायाँ,Pelindung Bahu Kayu Kanan,Paraspalle con tronco a destra,丸太の肩鎧（右）,통나무 견갑(오른쪽),Naramiennik z kłody – prawy,Ombreira de tora direita,,เกราะไหล่ท่อนไม้ขวา,Sağ kütük omuzluk,Giáp Vai Phải Hình Khúc Gỗ,原木右肩甲,原木右肩甲,樹木護肩（右）
Studio.AvatarCompatibilityPreviewer.ItemNames2.Shoulder_16648615805,,,Carved Birdhead Pauldrons Right,Carved Birdhead Pauldrons Right,بولدرونز أيمن منحوت على شكل رأس طائر,"Schulterstücke mit geschnitzten Vogelköpfen, rechts",Hombreras talladas con cabeza de pájaro - Derecha,Épaulette à tête d'oiseau sculptée droite,कार्व्ड बर्डहेड पॉल्ड्रन दायाँ,Pelindung Bahu Kepala Burung Pahat Kanan,Paraspalle con testa di uccello intagliata a destra,鳥の彫刻の肩鎧（右）,새 머리 조각 견갑(오른쪽),Naramiennik z głową ptaka – prawy,Ombreira de cabeça de pássaro esculpida direita,,เกราะไหล่หัวนกแกะสลักขวา,Sağ oyma kuş kafası omuzluk,Giáp Vai Phải Khắc Đầu Chim,雕刻鸟头右肩甲,雕刻鸟头右肩甲,鳥頭雕像護肩（右）
Studio.AvatarCompatibilityPreviewer.ItemNames2.Shoulder_16648502798,,,Bird In Armor Left,Bird In Armor Left,درع أيسر به شكل طائر,"Vogel in Rüstung, links",Pájaro en armadura - Izquierdo,Oiseau en armure gauche,बर्ड इन आर्मर बायाँ,Burung Berzirah Kiri,Uccello in armatura a sinistra,鳥のアーマー（左）,새 갑옷 (왼쪽),Ptak w zbroi – lewy,Pássaro em armadura esquerda,,นกสวมชุดเกราะซ้าย,Sol zırhlı kuş,Chim Thiết Giáp Trái,朝左盔甲鸟,朝左盔甲鸟,鎧甲鳥（左）
Studio.AvatarCompatibilityPreviewer.ItemNames2.Face_16648934240,,,Masquearade Mask,Masquearade Mask,قناع تنكر,Maskenball-Maske,Máscara de mascarada,Masque de carnaval,मैस्करेड मास्क,Topeng Masquerade,Maschera da carnevale,仮面舞踏会マスク,가장 무도회 마스크,Maska karnawałowa,Máscara de baile,,หน้ากากงานเต้นรำ,Balo maskesi,Mặt Nạ Vũ Hội,化妆舞会面具,化妆舞会面具,化妝舞會面具
Studio.AvatarCompatibilityPreviewer.ItemNames2.Face_12796340774,,,Curly Mustache Chevron - Brown,Curly Mustache Chevron - Brown,شارب مجعد شيفرون - بني,Lockiger Chevron-Schnurrbart – Braun,Bigote rizado chevron - Café,Moustache bouclée chevron - Brune,कर्ली मुस्ताश शेवरॉन - भूरी,Kumis Lengkung Chevron - Cokelat,Baffi arricciati chevron - Castani,クルクルの口ヒゲ（V字型） - 茶,컬리 셰브런 콧수염 - 브라운,Kędzierzawy wąs – brązowy,Bigode encaracolado - Marrom,,เชฟรอนหนวดหยิก - สีน้ำตาล,Kıvrık badem bıyık - Kahverengi,Ria Chevron Xoăn - Nâu,雪佛兰卷胡子 - 棕色,雪佛兰卷胡子 - 棕色,山形捲鬍 - 褐色
Studio.AvatarCompatibilityPreviewer.ItemNames2.Shoulder_16648604510,,,Carved Birdhead Pauldrons Left,Carved Birdhead Pauldrons Left,بولدرونز أيسر منحوت على شكل رأس طائر,"Schulterstücke mit geschnitzten Vogelköpfen, links",Hombreras talladas con cabeza de pájaro - Izquierda,Épaulette à tête d'oiseau sculptée gauche,कार्व्ड बर्डहेड पॉल्ड्रन बायाँ,Pelindung Bahu Kepala Burung Pahat Kiri,Paraspalle con testa di uccello intagliata a sinistra,鳥の彫刻の肩鎧（左）,새 머리 조각 견갑(왼쪽),Naramiennik z głową ptaka – lewy,Ombreira de cabeça de pássaro esculpida esquerda,,เกราะไหล่หัวนกแกะสลักซ้าย,Sol oyma kuş kafası omuzluk,Giáp Vai Trái Khắc Đầu Chim,雕刻鸟头左肩甲,雕刻鸟头左肩甲,鳥頭雕像護肩（左）
Studio.AvatarCompatibilityPreviewer.ItemNames2.Waist_16648681897,,,Drum,Drum,طبل,Trommel,Tambor,Tambour,ड्रम,Drum,Tamburo,ドラム,드럼,Bęben,Tambor,,กลอง,Davul,Trống,鼓,鼓,鼓
Studio.AvatarCompatibilityPreviewer.ItemNames2.Waist_16649078388,,,UFO Belt,UFO Belt,إكسسوار حزام الجسم الطائر المجهول,UFO-Gürtel,Cinturón de ovni,Ceinture OVNI,UFO बेल्ट,Sabuk UFO,Cintura UFO,UFOベルト,UFO 벨트,Pas UFO,Cinto de OVNI,,เข็มขัด UFO,UFO kemer,Vành Đai UFO,UFO 腰带,UFO 腰带,飛碟皮帶
Studio.AvatarCompatibilityPreviewer.Survey.IntentForResults,,,How do you intend to use the results?,How do you intend to use the results?,كيف تنوي استخدام النتائج؟,Wie möchtest du die Ergebnisse nutzen?,¿Cómo piensas utilizar los resultados?,Comment as-tu l'intention d'utiliser les résultats ?,आपको रिज़ल्ट का उपयोग कैसे करना है?,Bagaimana kamu akan menggunakan hasilnya?,Come intendi utilizzare i risultati?,この結果をどう使う予定ですか？,결과를 어떻게 활용할 계획인가요?,Jak zamierzasz wykorzystać wyniki?,Como você pretende usar os resultados?,,คุณตั้งใจจะใช้ผลลัพธ์อย่างไร?,Sonuçları nasıl kullanmayı düşünüyorsun?,Bạn dự định sử dụng kết quả như thế nào?,你打算如何使用结果？,你打算如何使用结果？,您打算如何使用這些結果？
Studio.AvatarCompatibilityPreviewer.Survey.ProblemUseAsNPC,,,As a character in my game,As a character in my game,كشخصية في لعبتي,Als Charakter in meinem Spiel,Como personaje en mi juego,En tant que personnage dans mon jeu,मेरे गेम में एक कैरेक्टर के तौर पर,Sebagai karakter dalam game,Per il personaggio nel mio gioco,ゲームのキャラクターとして,내 게임의 캐릭터로,Jako postać w mojej grze,Como um personagem no meu jogo,,เป็นตัวละครในเกมของฉัน,Oyunumda karakter olarak,Là một nhân vật trong trò chơi của tôi,作为游戏中的角色,作为游戏中的角色,作為我遊戲中的角色
Studio.AvatarCompatibilityPreviewer.Survey.ProblemUseForMarketplace,,,To sell on the Marketplace,To sell on the Marketplace,للبيع في المتجر,Zum Verkauf auf dem Marktplatz,Para vender en el Mercado,Pour vendre sur le Marketplace,मार्केटप्लेस पर बेचने के लिए,Untuk dijual di Marketplace,Per vendere sul Marketplace,マーケットプレイスで販売,마켓플레이스에서 판매,Do sprzedaży na Rynku,Para vender no Mercado,,เพื่อขายในมาร์เก็ตเพลส,Pazar Yeri'nde satmak için,Để bán trên Sàn Giao Dịch,在商城出售,在商城出售,在市集上販售
Studio.AvatarCompatibilityPreviewer.ItemNames2.Hair_13902886383,,,Greaser Chicken - Hair,Greaser Chicken - Hair,إكسسوار الدجاج الدهني - الشعر,Greaser Chicken – Haar,Pollo engrasador - Pelo,Greaser Chicken - Cheveux,ग्रीज़र चिकन - बाल,Ayam Preman - Rambut,Pollo alla griglia - Capelli,ムキムキのニワトリ - 髪,그리저 치킨 - 헤어,Kurczak Greaser – włosy,Frango greaser - Cabelo,,ไก่กรีเซอร์ - ผม,Serseri tavuk - Saç,Gà Đầu Trọc - Lông,油鸡 - 发型,油鸡 - 发型,雞冠雞 - 髮型
Studio.AvatarCompatibilityPreviewer.ItemNames2.BodyEmotes_10714383856,,,Line Dance,Line Dance,رقص الصف,Line Dance,Baile en línea,Danse en ligne,लाइन डांस,Line Dance,Line dance,ラインダンス,라인 댄스,Taniec na linie,Dança junina,,ไลน์แดนซ์,Çizgi dansı,Vũ Điệu Theo Hàng,排舞,排舞,排舞
Studio.AvatarCompatibilityPreviewer.ItemNames2.BodyEmotes_10714369325,,,Shy,Shy,خجول,Schüchtern,Tímido,Timide,शर्मीला,Malu,Timido,モジモジ,부끄부끄,Nieśmiałość,Timidez,,เขินอาย,Utangaç,Nhút Nhát,闪避,闪避,害羞
Studio.AvatarCompatibilityPreviewer.ItemNames2.BodyEmotes_10714347256,,,Godlike,Godlike,شبيه بالإله,Göttlich,Divino,Lévitation,गॉडलाइक,Seperti Dewa,Divino,神ってる,전지전능한 신,Boskość,Divino,,ขั้นเทพ,Kudretli,Bá Đạo,超神,超神,出神入化
Studio.AvatarCompatibilityPreviewer.ItemNames2.BodyEmotes_4940563117,,,Cower,Cower,خوف,Hocken,Acobardarse,Recroquevillé,डरपोक,Takut,Timoroso,ガクブル,겁나요,Przestrach,Encolhendo de medo,,สั่นกลัว,Sinme,Khúm Núm,退缩,退缩,畏縮
Studio.AvatarCompatibilityPreviewer.ItemNames2.BodyEmotes_10714358528,,,Sneaky,Sneaky,مخادع,Hinterhältig,Furtivo,Discrétion,स्नीकी,Diam-Diam,Furtivo,ズル,살금살금,Spryciarz,Sorrateiro,,ย่องเบา,Sinsi,Lén Lút,鬼鬼祟祟,鬼鬼祟祟,偷偷摸摸
Studio.AvatarCompatibilityPreviewer.ItemNames2.Movement_13899730930,,,Range of Motion,Range of Motion,نطاق الحركة,Bewegungsbereich,Rango de movimiento,Gamme de mouvements,मोशन की रेंज,Rentang Gerakan,Gamma di movimento,動作範囲,모션 범위,Zakres ruchu,Alcance de movimento,,ระยะของการเคลื่อนไหว,Hareket Aralığı,Phạm Vi Chuyển Động,运动范围,运动范围,運動範圍
Studio.AvatarCompatibilityPreviewer.ItemNames2.Movement_16540596584,,,Range of Motion,Range of Motion,نطاق الحركة,Bewegungsbereich,Rango de movimiento,Gamme de mouvements,मोशन की रेंज,Rentang Gerakan,Gamma di movimento,動作範囲,모션 범위,Zakres ruchu,Alcance de movimento,,ระยะของการเคลื่อนไหว,Hareket Aralığı,Phạm Vi Chuyển Động,运动范围,运动范围,運動範圍
Studio.AvatarCompatibilityPreviewer.CageEditingTool.Falloff,,,Falloff,Falloff,سقوط,Falloff,Declive,Échec,फ़ॉलऑफ़,Falloff,Pendenza,フォールオフ,감쇠,Spadek,Falloff,,การลดทอน,Gerileme,Giảm Sát Thương,下降,下降,衰減
Studio.AvatarCompatibilityPreviewer.CageEditingTool.Radius,,,Radius,Radius,نصف القطر,Radius,Radio,Rayon,रेडियस,Radius,Raggio,半径,반경,Promień,Raio,,รัศมี,Yarıçap,Bán Kính,半径,半径,範圍
Studio.AvatarCompatibilityPreviewer.EditingTools.ShowAccessories,,,Show Preview,Show Preview,عرض المعاينة,Vorschau anzeigen,Mostrar vista previa,Afficher l'aperçu,प्रीव्यू दिखाएँ,Tampilkan Preview,Mostra anteprima,プレビューを表示,미리 보기 표시,Pokaż podgląd,Mostrar pré-visualização,,แสดงตัวอย่าง,Ön İzlemeyi göster,Hiện Bản Xem Trước,显示预览,显示预览,顯示預覽
Studio.AvatarCompatibilityPreviewer.EquippedItemContextMenu.HideItem,,,Hide Item,Hide Item,إخفاء العنصر,Artikel ausblenden,Ocultar objeto,Cacher l'item,आइटम छिपाएँ,Sembunyikan Item,Nascondi articolo,アイテムを非表示にする,아이템 숨기기,Ukryj przedmiot,Ocultar item,,ซ่อนไอเท็ม,Öğeyi gizle,Ẩn Vật Phẩm,隐藏物品,隐藏物品,隱藏飾品
Studio.AvatarCompatibilityPreviewer.EquippedItemContextMenu.HideAllItems,,,Hide All Items,Hide All Items,إخفاء كل العناصر,Alle Artikel ausblenden,Ocultar todos los objetos,Masquer tous les items,सभी आइटम छिपाएँ,Sembunyikan Semua Item,Nascondi tutti gli articoli,すべてのアイテムを非表示,모든 아이템 숨기기,Ukryj wszystkie przedmioty,Ocultar todos os itens,,ซ่อนไอเท็มทั้งหมด,Tüm öğeleri gizle,Ẩn Tất Cả Vật Phẩm,隐藏全部物品,隐藏全部物品,隱藏所有道具
Studio.AvatarCompatibilityPreviewer.EquippedItemContextMenu.ShowAllItems,,,Show All Items,Show All Items,عرض كل العناصر,Alle Artikel anzeigen,Mostrar todos los objetos,Afficher tous les items,सभी आइटम दिखाएँ,Tampilkan Semua Item,Mostra tutti gli articoli,すべてのアイテムを表示,모든 아이템 표시,Pokaż wszystkie przedmioty,Mostrar todos os itens,,แสดงไอเท็มทั้งหมด,Tüm öğeleri göster,Hiển Thị Tất Cả Vật Phẩm,显示全部物品,显示全部物品,顯示所有道具
Studio.AvatarCompatibilityPreviewer.DisambiguationMenu.Cancel,,,Cancel,Cancel,إلغاء,Abbrechen,Cancelar,Annuler,कैंसिल करें,Batalkan,Annulla,キャンセル,취소,Anuluj,Cancelar,,ยกเลิก,İptal,Hủy Bỏ,取消,取消,取消
Studio.AvatarCompatibilityPreviewer.SelectScreen.BrowseCurrentPlace,,,Browse Current Place,Browse Current Place,استعراض المكان الحالي,Den aktuellen Ort durchsuchen,Explora el lugar actual,Parcourir le lieu actuel,मौजूदा प्लेस ब्राउज़ करें,Jelajahi Tempat Saat Ini,Esplora il luogo attuale,現在の場所を閲覧,현재 플레이스 둘러보기,Przeglądaj bieżące miejsce,Navegue pelo local atual,,เรียกดูสถานที่ปัจจุบัน,Mevcut mekâna göz at,Duyệt Địa Điểm Hiện Tại,浏览当前场景,浏览当前场景,瀏覽目前地點
Studio.AvatarCompatibilityPreviewer.EquippedItemContextMenu.ShowItem,,,Show Item,Show Item,عرض العنصر,Artikel anzeigen,Mostrar objeto,Afficher l'item,आइटम दिखाएँ,Tampilkan Item,Mostra articolo,アイテムを表示,아이템 표시,Pokaż przedmiot,Mostrar item,,แสดงไอเท็ม,Öğeyi göster,Hiển Thị Vật Phẩm,显示物品,显示物品,顯示道具
Studio.AvatarCompatibilityPreviewer.SelectScreen.AddSelected,,,Add Selected,Add Selected,إضافة المحدد,Auswahl hinzufügen,Añadir seleccionado,Ajouter la sélection,चुने गए जोड़ें,Tambahkan Pilihan,Aggiungi selezionati,選択項目を追加,선택 항목 추가,Dodaj zaznaczone,Adicionar selecionado,,เพิ่มรายการที่เลือก,Seçimi ekle,Thêm Vật Phẩm Đã Chọn,添加所选项,添加所选项,新增選擇項目
Studio.AvatarCompatibilityPreviewer.SelectScreen.AddSelectedTooltip,,,Select a MeshPart to turn into an avatar.,Select a MeshPart to turn into an avatar.,حدد MeshPart لتحويله إلى أفاتار.,"Wähle einen MeshPart aus, um ihn in einen Avatar zu verwandeln.",Selecciona una MeshPart para convertirla en un avatar.,Sélectionner une MeshPart à transformer en avatar.,अवतार में बदलने के लिए MeshPart चुनें.,Pilih MeshPart untuk diubah menjadi avatar.,Seleziona un MeshPart da trasformare in un avatar.,アバターに変える MeshPart を選択。,아바타가 될 MeshPart를 선택하세요.,"Zaznacz element MeshPart, który ma zostać zmieniony w awatara.",Selecione uma MeshPart para transformar em um avatar.,,เลือก MeshPart เพื่อเปลี่ยนเป็นอวาตาร์,Avatara dönüştürülecek bir MeshPart seç.,Chọn một MeshPart để biến thành một avatar.,选择网格部件以将其转换为虚拟形象。,选择网格部件以将其转换为虚拟形象。,選擇要轉換為虛擬人偶的 MeshPart
Studio.AvatarCompatibilityPreviewer.Categories.accessories_face,,,Accessories,Accessories,الإكسسوارات,Accessoires,Accesorios,Accessoires,ऐक्सेसरीज़,Aksesori,Accessori,アクセサリ,장신구,Akcesoria,Acessórios,,ไอเท็มเสริม,Aksesuarlar,Phụ Kiện,配饰,配饰,飾品
Studio.AvatarCompatibilityPreviewer.Categories.animations_face,,,Animations,Animations,الحركات,Animationen,Animaciones,Animations,ऐनिमेशंस,Animasi,Animazioni,アニメーション,애니메이션,Animacje,Animações,,แอนิเมชัน,Animasyonlar,Hiệu Ứng Động,动画,动画,動畫
Studio.AvatarCompatibilityPreviewer.SkinPreview.NoAlphaWarning,,,"For skin tones to work, the avatar texture needs to have an Alpha channel for the skin to come through.","For skin tones to work, the avatar texture needs to have an Alpha channel for the skin to come through.",لكي تعمل درجات لون البشرة، يجب أن تحتوي هيئة الأفاتار على قناة ألفا حتى تظهر البشرة.,"Damit Hauttöne funktionieren, muss die Avatartextur einen Alphakanal haben, damit die Haut sichtbar wird.","Para que los tonos de piel funcionen, la textura del avatar debe tener un canal Alfa para que la piel se muestre.","Pour que les tons de peau fonctionnent, la texture de l'avatar doit avoir un canal Alpha pour que la peau apparaisse.","स्किन टोन के काम करने के लिए, अवतार टेक्स्चर में त्वचा के लिए अल्फ़ा चैनल होना ज़रूरी है.","Untuk memastikan warna kulit berfungsi sebagaimana mestinya, tekstur avatar harus memiliki channel Alpha yang dapat dilalui kulit.","Affinché i toni della pelle funzionino, la texture dell'avatar deve avere un canale Alpha per far sì che la pelle venga visualizzata.",スキンの色を出すには、アバターのテクスチャにスキンを反映させるアルファチャネルが必要です。,피부색이 제대로 적용되려면 피부가 명확해질 수 있도록 아바타 텍스처에 알파 채널이 있어야 합니다.,"Aby odcienie skóry zostały uwzględnione, tekstura awatara musi mieć kanał alfa, który umożliwia wyświetlanie skóry.","Para que os tons de pele funcionem, a textura do avatar precisa ter um canal alfa para a pele passar.",,เพื่อให้โทนของสกินทำงาน พื้นผิวอวาตาร์ต้องมีช่องอัลฟาให้สกินสามารถผ่านได้,Cilt tonlarının düzgün çalışması için avatar dokusunda cildin geçebileceği bir Alfa kanalının olması gerekir.,"Để màu da hiển thị chính xác, kết cấu avatar cần có kênh Alpha để da có thể đi qua.",要使肤色奏效，虚拟形象纹理必须具备 Alpha 频道才可以让皮肤通过。,要使肤色奏效，虚拟形象纹理必须具备 Alpha 频道才可以让皮肤通过。,為了使膚色起作用，虛擬人偶紋理需要有 Alpha 通道讓膚色通過。
Studio.AvatarCompatibilityPreviewer.UGCValidation.UploadBundleDenied_MissingPremiumSubscriptionTier_Link,,,Premium 1000 Or 2200 Subscription,Premium 1000 Or 2200 Subscription,اشتراك Premium 1000 أو 2200,Premium 1000 oder 2200 Abo,Suscripción Premium 1000 o 2200,Abonnement Premium 1000 ou 2200,Premium 1000 या 2200 सब्सक्रिप्शन,Subscription Premium 1000 atau 2200,Abbonamento Premium 1000 o 2200,プレミアム1000か2200の定期購入,Premium 1000 또는 2200 멤버십,Premium 1000 lub 2200,Assinatura Premium 1000 ou 2200,,การสมัครสมาชิก Premium 1000 หรือ 2200,Premium 1000 ya da 2200 aboneliğinin,Gói Đăng Ký Premium 1000 hoặc 2200,Premium 1000 或 2200 订阅,Premium 1000 或 2200 订阅,Premium 1000 或 2200 訂閱
Studio.AvatarCompatibilityPreviewer.UGCValidation.UploadBundleDenied_MissingPremiumSubscriptionTier_Text,,,To submit an Avatar you need a [Premium_1000_Or_2200_Subscription],To submit an Avatar you need a [Premium_1000_Or_2200_Subscription],لإرسال أفاتار، تحتاج إلى [Premium_1000_Or_2200_Subscription],"Um einen Avatar einzureichen, benötigst du ein [Premium_1000_Or_2200_Subscription]","Para enviar un avatar, necesitas [Premium_1000_Or_2200_Subscription]","Pour soumettre un avatar, tu as besoin d'un [Premium_1000_Or_2200_Subscription]","अवतार सबमिट करने के लिए, आपके पास [Premium_1000_Or_2200_Subscription] होना चाहिए","Untuk mengirimkan Avatar, kamu memerlukan [Premium_1000_Or_2200_Subscription]",Per inviare un Avatar hai bisogno di un [Premium_1000_Or_2200_Subscription],アバター提出の要件： [Premium_1000_Or_2200_Subscription],아바타를 제출하려면 [Premium_1000_Or_2200_Subscription] 필요,"Aby przesłać awatara, należy mieć subskrypcję [Premium_1000_Or_2200_Subscription]",Para enviar um Avatar você precisa de uma [Premium_1000_Or_2200_Subscription],,คุณต้องมี [Premium_1000_Or_2200_Subscription] เพื่อส่งอวาตาร์,Avatar gönderebilmek için [Premium_1000_Or_2200_Subscription] olması gerekir,"Để gửi Avatar, bạn cần [Premium_1000_Or_2200_Subscription]",若要提交虚拟形象，你需要 [Premium_1000_Or_2200_Subscription],若要提交虚拟形象，你需要 [Premium_1000_Or_2200_Subscription],若要提交虛擬人偶，您需要具備 [Premium_1000_Or_2200_Subscription]
Studio.AvatarCompatibilityPreviewer.UGCValidation.ValidationErrorsHeader,,,Validation Errors,Validation Errors,أخطاء التحقق,Validierungsfehler,Errores de validación,Erreurs de validation,वैलिडेशन में गड़बड़ी,Eror Validasi,Errori di convalida,認証エラー,인증 오류,Błędy weryfikacji,Erros de validação,,ข้อผิดพลาดในการตรวจสอบความถูกต้อง,Doğrulama hataları,Lỗi Xác Nhận,认证错误,认证错误,驗證錯誤
Studio.AvatarCompatibilityPreviewer.StageSelector.Publish_Deny_MissingIdVerification,,,Age Verification is required,Age Verification is required,التحقق من العمر مطلوب,Altersverifizierung ist erforderlich,Verificación de edad obligatoria,Une vérification de l'âge est requise,उम्र का वेरिफ़िकेशन ज़रूरी है,Verifikasi Usia diperlukan,La verifica dell'età è obbligatoria,年齢確認が必要です,나이 인증 필요,Wymagana jest weryfikacja wieku,É necessária a verificação de Idade,,ต้องตรวจสอบยืนยันอายุ,Yaş doğrulaması gerekli,Yêu cầu Xác Thực Tuổi,需要年龄验证,需要年龄验证,必須進行年齡驗證
Studio.AvatarCompatibilityPreviewer.StageSelector.Publish_Deny_MissingPremiumSubscriptionTier,,,Premium 1000 or 2200 is required,Premium 1000 or 2200 is required,يجب أن تكون مشتركًا في Premium 1000 أو 2200,Premium 1000 oder 2200 ist erforderlich,Se requiere Premium 1000 o 2200,Premium 1000 ou 2200 est requis,Premium 1000 या 2200 ज़रूरी है,Diperlukan Premium 1000 atau 2200,È richiesto Premium 1000 o 2200,プレミアム1000か2200が必要です,Premium 1000 또는 2200 필요,Wymagana jest subskrypcja Premium 1000 lub 2200,É necessário Premium 1000 ou 2200,,ต้องมี Premium 1000 หรือ 2200,Premium 1000 ya da 2200 gerekir,Cần có gói Premium 1000 hoặc 2200,需要 Premium 1000 或 2200 订阅,需要 Premium 1000 或 2200 订阅,需要高級 1000 或 2200 會員資格
Studio.AvatarCompatibilityPreviewer.UGCValidation.UploadBundleDenied_MissingIdVerification_Text,,,To submit an Avatar you need to be [Age_Verified],To submit an Avatar you need to be [Age_Verified],لإرسال أفاتار، يجب أن يكون عمرك [Age_Verified],"Um einen Avatar einzureichen, musst du [Age_Verified] sein","Para enviar un avatar, debes tener la [Age_Verified]","Pour soumettre un avatar, tu dois avoir [Age_Verified]","अवतार सबमिट करने के लिए, आपका [Age_Verified] होना ज़रूरी है","Untuk mengirimkan Avatar, kamu harus [Age_Verified]",Per inviare un Avatar devi avere il seguente requisito: [Age_Verified],アバター提出の要件： [Age_Verified],아바타를 제출하려면 [Age_Verified] 필요,"Aby przesłać awatara, należy mieć [Age_Verified]","Para enviar um Avatar, você precisa ter a [Age_Verified]",,คุณต้องได้รับการ [Age_Verified] เพื่อส่งอวาตาร์,Avatar gönderebilmek için [Age_Verified] olması gerekir,"Để gửi Avatar, bạn cần phải [Age_Verified]",若要提交虚拟形象，你需要 [Age_Verified],若要提交虚拟形象，你需要 [Age_Verified],若要提交虛擬人偶，您必須[Age_Verified]
Studio.AvatarCompatibilityPreviewer.UGCValidation.UploadBundleDenied_MissingIdVerification_Link,,,Age Verified,Age Verified,تم التحقق من العمر,Alter verifiziert,Edad verificada,Âge vérifié,उम्र वेरिफ़ाई की गई,Terverifikasi Usia,Età verificata,年齢確認済み,나이 인증 완료,Zweryfikowany wiek,Idade verificada,,ตรวจสอบยืนยันอายุแล้ว,yaşının doğrulanmış,Đã Xác Thực Tuổi,年龄已认证,年龄已认证,經過年齡驗證
Studio.AvatarCompatibilityPreviewer.UGCValidation.UploadBundleDenied_UnknownError,,,You cannot upload bundles to the Marketplace. Error code: {errorCode}.,You cannot upload bundles to the Marketplace. Error code: {errorCode}.,لا يمكنك رفع الحزم إلى المتجر. كود الخطأ: {errorCode}.,Du kannst keine Pakete auf den Marktplatz hochladen. Fehlercode: {errorCode}.,No puedes cargar paquetes en el Mercado. Código de error: {errorCode}.,Tu ne peux pas télécharger des bundles sur le Marketplace. Code d'erreur : {errorCode}.,मार्केटप्लेस में बंडल अपलोड नहीं किए जा सकते हैं. गड़बड़ी का कोड : {errorCode}.,Kamu tidak bisa meng-upload bundel ke Marketplace. Kode eror: {errorCode}.,Non puoi caricare pacchetti sul Marketplace. Codice di errore: {errorCode}.,マーケットプレイスにバンドルをアップロードできない場合。エラーコード: {errorCode}.,마켓플레이스에 번들을 업로드할 수 없습니다. 오류 코드: {errorCode}.,Nie można przesłać pakietów na Rynek. Kod błędu: {errorCode}.,Você não pode enviar pacotes para o Mercado. Código de erro: {errorCode}.,,คุณไม่สามารถอัปโหลดบันเดิลไปยังมาร์เก็ตเพลสได้ รหัสข้อผิดพลาด: {errorCode},Pazar Yeri'ne paket yüklemesi yapamıyorsun. Hata kodu: {errorCode}.,Bạn không thể tải các gói lên Sàn Giao Dịch. Mã lỗi: {errorCode}.,无法将套装上传至商城。错误代码：{errorCode}。,无法将套装上传至商城。错误代码：{errorCode}。,您無法上傳組合至市集。錯誤代碼：{errorCode}。
Studio.AvatarCompatibilityPreviewer.UGCValidation.PermissionsRequiredHeader,,,Permissions Required,Permissions Required,الأذونات مطلوبة,Berechtigungen erforderlich,Permisos obligatorios,Autorisations requises,परमिशन चाहिए,Izin Diperlukan,Autorizzazioni richieste,権限が必要です,권한 필요,Wymagane są uprawnienia,Permissões necessárias,,จำเป็นต้องได้รับอนุญาต,İzinler gerekiyor,Cần Có Quyền,需要权限,需要权限,需要權限
Studio.AvatarCompatibilityPreviewer.CageEditingTool.Symmetry,,,Symmetry,Symmetry,التوافق,Symmetrie,Simetría,Symétrie,सिमिट्री,Simetri,Simmetria,対称,대칭,Symetria,Simetria,,ความสมมาตร,Simetri,Đối Xứng,对称,对称,對稱
Studio.AvatarCompatibilityPreviewer.CageEditingTool.SymmetryDescription,,,"While enabled, both sides will be edited at the same time.","While enabled, both sides will be edited at the same time.",أثناء التمكين، سيتم تحرير كلا الجانبين في نفس الوقت.,"Wenn dies aktiviert ist, werden beide Seiten gleichzeitig bearbeitet.","Mientras esté activado, ambos lados se editarán al mismo tiempo.","Si activé, les deux parties seront éditées en même temps.","चालू किए जाने पर, दोनों साइड एक साथ एडिट की जाएँगी.","Saat aktif, kedua sisi akan diedit secara bersamaan.","Se abilitato, entrambi i lati verranno modificati contemporaneamente.",オンになっている間は、両側が同時に編集されます。,활성화되면 양쪽 면이 동시에 편집됩니다.,"Gdy ta opcja jest włączona, obie strony są edytowane równocześnie.","Enquanto habilitado, ambos os lados serão editados ao mesmo tempo.",,เมื่อเปิดใช้งาน ทั้งสองด้านจะได้รับการแก้ไขพร้อมกัน,Etkinleştirildiğinde iki taraf da aynı anda düzenlenir.,"Khi được bật, cả hai cạnh sẽ được chỉnh sửa cùng một lúc.",启用后，两侧将同时编辑。,启用后，两侧将同时编辑。,啟用時，兩邊將同時被編輯。
Studio.AvatarCompatibilityPreviewer.CageEditingTool.MirrorLeft,,,Mirror from X-,Mirror from X-,انعكاس من X-,Spiegeln von X-,Reflejar de X-,Miroir de X-,X- से मिरर,Cerminkan dari X-,Specchio da X-,X- からミラーリング,X-에서 미러링,Odbicie lustrzane od X-,Espelhar de X-,,สะท้อนจาก X-,Sağa yansıt,Đối xứng từ X-,从 X- 镜像,从 X- 镜像,從 X- 鏡像
Studio.AvatarCompatibilityPreviewer.CageEditingTool.MirrorRight,,,Mirror from X+,Mirror from X+,انعكاس من X+,Spiegeln von X+,Reflejar de X+,Miroir de X+,X+ से मिरर,Cerminkan dari X+,Specchio da X+,X+ からミラーリング,X+에서 미러링,Odbicie lustrzane od X+,Espelhar de X+,,สะท้อนจาก X+,Sola yansıt,Đối xứng từ X+,从 X+ 镜像,从 X+ 镜像,從 X+ 鏡像
Studio.AvatarCompatibilityPreviewer.EditingTools.ResetEdits,,,Reset,Reset,إعادة تعيين,Zurücksetzen,Restablecer,Réinitialiser,रीसेट करें,Reset,Ripristina,リセット,재설정,Zresetuj,Redefinir,,รีเซ็ต,Sıfırla,Đặt Lại,重置,重置,重設
Studio.AvatarCompatibilityPreviewer.AvatarScreen.DEPRECATED_ErrorMultipleBodies,,,"Multiple meshes named _Geo. Either change your model to only have the main body named _Geo, or select the specific one you want.","Multiple meshes named _Geo. Either change your model to only have the main body named _Geo, or select the specific one you want.",العديد من أصول mesh المسماة _Geo. إما تغيير النموذج الخاص بك ليكون فقط الجسد الرئيسي المسمى _Geo، أو تحديد واحد محدد تريده.,"Mehrere Meshes mit dem Namen _Geo. Ändere dein Modell entweder so, dass nur der Hauptkörper _Geo heißt, oder wähle das gewünschte aus.","Múltiples mallas llamadas _Geo. Cambia tu modelo para que solo tenga el cuerpo principal llamado _Geo, o selecciona uno específico.","Maillages multiples named _Geo. Soit changer ton modèle pour n'avoir que le corps principal named _Geo, soit sélectionner celui que tu veux.",_Geo नाम के कई मेश हैं. या तो अपने मॉडल को बदल कर सिर्फ़ मेन बॉडी का नाम _Geo रखें या मनचाहा खास नाम चुनें.,"Ada lebih dari satu mesh yang diberi nama _Geo. Ubah modelmu agar hanya tubuh utama yang bernama _Geo, atau pilih satu saja yang kamu inginkan.",Mesh multiple denominate _Geo. Cambia il tuo modello per avere solo il corpo principale chiamato _Geo o seleziona quello specifico che desideri.,_Geo という名前の複数のメッシュがあります。モデルを変更してメインボディだけを _Geo という名前にするか、この名前をつけたいものを指定して選択してください。,"여러 개의 메시가 _Geo로 명명되었습니다. 본문만 _Geo로 명명되도록 변경하거나, 원하는 특정 항목을 선택하세요.","Istnieje więcej siatek o nazwie _Geo. Zmień model tak, aby była w nim tylko zawartość główna o nazwie _Geo, lub zaznacz konkretną siatkę, której chcesz użyć.","Há várias malhas chamadas _Geo. Altere seu modelo para ter apenas o corpo principal chamado _Geo, ou selecione a malha específica que você deseja.",,เมชหลายรายการถูกตั้งชื่อเป็น _Geo เปลี่ยนโมเดลของคุณให้ร่างกายหลักเท่านั้นที่มีชื่อ _Geo หรือเลือกหนึ่งรายการแบบเจาะจงที่คุณต้องการ,_Geo adlı birden fazla mesh yapısı var. Modelini yalnızca ana gövdenin adı _Geo olacak şekilde değiştir ya da özel olarak istediğini seç.,Nhiều mesh có tên là _Geo. Hoặc thay đổi mô hình của bạn để chỉ có phần thân chính được đặt tên là _Geo hoặc chọn một cái cụ thể mà bạn muốn.,多个网格命名为 _Geo。将你的模型更改为仅将主体命名为 _Geo，或选择你想要的特定网格。,多个网格命名为 _Geo。将你的模型更改为仅将主体命名为 _Geo，或选择你想要的特定网格。,有多個網格的名稱為「_Geo」。請變更模型，讓主身體獨佔「_Geo」的名稱，或是選擇您想要的特定一個網格命名為「_Geo」。
Studio.AvatarCompatibilityPreviewer.UGCValidation.OK,,,OK,OK,موافق,OK,Aceptar,Ok,ठीक है,Oke,OK,了解,확인,OK,OK,,ตกลง,Tamam,OK,好的,好的,確定
Studio.AvatarCompatibilityPreviewer.AvatarSettings.RerunValidation,,,Re-run Avatar Validation,Re-run Avatar Validation,إعادة تشغيل التحقق من الأفاتار,Avatar-Validierung erneut ausführen,Reiniciar validación de avatar,Réexécution de la validation de l'avatar,अवतार वैलिडेशन फिर से रन करें,Jalankan Ulang Validasi Avatar,Esegui di nuovo la convalida dell'Avatar,アバター検証を再実行,아바타 유효성 검사 재실행,Uruchom ponownie weryfikację awatara,Re-executar validação do avatar,,เริ่มการตรวจสอบความถูกต้องของอวาตาร์ใหม่อีกครั้ง,Avatar Doğrulamayı yeniden çalıştır,Chạy Lại Xác Thực Avatar,重新运行虚拟形象验证,重新运行虚拟形象验证,重新執行虛擬人偶驗證
Studio.AvatarCompatibilityPreviewer.UGCValidation.InProgressTooltip,,,Validating Avatar...,Validating Avatar...,جارٍ التحقق من الأفاتار...,Avatar wird validiert ...,Validando avatar...,Validation de l'avatar...,अवतार वैलिडेट किया जा रहा है...,Memvalidasi Avatar ...,Convalida dell'Avatar in corso...,アバターの検証中...,아바타 유효성 검사 중...,Weryfikowanie awatara...,Validando avatar...,,กำลังตรวจสอบความถูกต้องของอวาตาร์...,Avatar doğrulanıyor...,Đang Xác Thực Avatar...,正在验证虚拟形象…,正在验证虚拟形象…,正在驗證虛擬人偶……
Studio.AvatarCompatibilityPreviewer.UGCValidation.RerunValidation,,,Re-run Validation,Re-run Validation,إعادة تشغيل التحقق,Validierung erneut ausführen,Reiniciar validación,Ré-exécuter la validation,वैलिडेशन फिर से रन करें,Jalankan Ulang Validasi,Esegui di nuovo la convalida,検証を再実行,유효성 검사 재실행,Uruchom ponownie weryfikację,Re-executar validação,,เริ่มการตรวจสอบความถูกต้องใหม่อีกครั้ง,Doğrulamayı yeniden çalıştır,Chạy Lại Xác Thực,重新运行验证,重新运行验证,重新執行驗證
Studio.AvatarCompatibilityPreviewer.ProgressBar.CAGE_SPLIT,,,Caging body,Caging body,وضع جسد في قفص,Caging Körper,Enjaular cuerpo,Corps de cage,बॉडी केज की जा रही है,Caging tubuh,Ingabbiamento del corpo,ボディのケージ作成,몸 케이징 중,Tworzenie siatki ciała,Corpo de engaiolamento,,ร่างกาย Caging,Vücut kafesi oluşturuluyor,Đang tạo khung thân,正在为身体设置边界,正在为身体设置边界,正在圍籠化身體
Studio.AvatarCompatibilityPreviewer.ProgressBar.NOT_PROCESSING,,,Preparing model,Preparing model,إعداد النموذج,Modell wird vorbereitet,Preparando modelo,Préparation du modèle,मॉडल तैयार किया जा रहा है,Menyiapkan model,Preparazione del modello,モデルを準備中,모델 준비 중,Przygotowywanie modelu,Preparando modelo,,กำลังเตรียมโมเดล,Model hazırlanıyor,Đang chuẩn bị mô hình,正在准备模型,正在准备模型,正在準備模型
Studio.AvatarCompatibilityPreviewer.ProgressBar.ENTERING_PIPELINE,,,Preparing model,Preparing model,إعداد النموذج,Modell wird vorbereitet,Preparando modelo,Préparation du modèle,मॉडल तैयार किया जा रहा है,Menyiapkan model,Preparazione del modello,モデルの準備,모델 준비 중,Przygotowywanie modelu,Preparando modelo,,กำลังเตรียมโมเดล,Model hazırlanıyor,Đang chuẩn bị mô hình,正在准备模型,正在准备模型,正在準備模型
Studio.AvatarCompatibilityPreviewer.ProgressBar.CAGEREGRESSION,,,Rigging body,Rigging body,جسد rigging,Rigging Körper,Rigging cuerpo,Corps pour montage,बॉडी रिग की जा रही है,Rigging tubuh,Rigging del corpo,ボディのリグ作成,몸 리깅 중,Tworzenie szkieletu ciała,Corpo de rigging,,ร่างกาย Rigging,Vücut düzeneği oluşturuluyor,Đang ráp thân,正在骨架化身体,正在骨架化身体,正在骨架化身體
Studio.AvatarCompatibilityPreviewer.ProgressBar.HEAD,,,Rigging head,Rigging head,رأس rigging,Rigging Kopf,Rigging cabeza,Tête pour montage,हेड रिग किया जा रहा है,Rigging kepala,Ingabbiamento della testa,頭のリグ作成,머리 리깅 중,Tworzenie szkieletu głowy,Cabeça de rigging,,ศีรษะ Rigging,Kafa düzeneği oluşturuluyor,Đang ráp đầu,正在骨架化头部,正在骨架化头部,正在骨架化頭部
Studio.AvatarCompatibilityPreviewer.ProgressBar.STITCHING,,,Partitioning,Partitioning,التقسيم,Partitionierung,Partición,Cloisonnement,पार्टीशन किया जा रहा है,Membuat partisi,Partizionamento,分割,파티셔닝 중,Partycjonowanie,Particionando,,การแบ่งแยก,Bölümleniyor,Đang phân vùng,正在分区,正在分区,正在分隔
Studio.AvatarCompatibilityPreviewer.ProgressBar.ATTACHMENT,,,Creating attachments,Creating attachments,جارٍ إنشاء المرفقات,Anhänge erstellen,Creando uniones,Création de pièces jointes,अटैचमेंट क्रिएट किए जा रहे हैं,Membuat sambungan,Creazione degli allegati,アタッチメントを作成中,연결부 만드는 중,Tworzenie punktów zaczepienia,Criando anexos,,กำลังสร้างจุดเชื่อมต่อ,Eklentiler oluşturuluyor,Đang tạo điểm gắn,正在创建附件,正在创建附件,正在建立附件
Studio.AvatarCompatibilityPreviewer.ProgressBar.EXITING_PIPELINE,,,Finalizing,Finalizing,جارٍ الإنهاء,Fertigstellen,Finalizando,Finalisation,अंतिम रूप दिया जा रहा है,Memfinalkan,Finalizzazione,仕上げ,마무리 중,Finalizowanie,Finalizando,,กำลังสรุป,Tamamlanıyor,Đang hoàn thiện,正在完成,正在完成,正在完成
Studio.AvatarCompatibilityPreviewer.ResizeNotice.Title,,,Avatar Resized,Avatar Resized,تم تغيير حجم الأفاتار,Avatar-Größe angepasst,Redimensionado de avatar,L'avatar a été récupéré,अवतार रीसाइज़ किया गया,Ukuran Avatar Diubah,Avatar ridimensionato,アバターのサイズ変更済み,아바타 크기 조정 완료,Zmieniono rozmiar awatara,Avatar redimensionado,,ปรับขนาดอวาตาร์แล้ว,Avatar yeniden boyutlandırıldı,Đã Đổi Cỡ Avatar,虚拟形象已调整大小,虚拟形象已调整大小,虛擬人偶已調整大小
Studio.AvatarCompatibilityPreviewer.ResizeNotice.Description,,,The model was resized to {resizePercent:int}% to fit the Avatar requirements.,The model was resized to {resizePercent:int}% to fit the Avatar requirements.,تم تغيير حجم النموذج إلى {resizePercent:int}%، ليتناسب مع متطلبات الأفاتار.,"Das Modell wurde auf {resizePercent:int} % skaliert, um den Avatar-Anforderungen zu entsprechen.",El modelo se redimensionó a {resizePercent:int}% para ajustarse a los requisitos del avatar.,"Le modèle a été redimensionné à {resizePercent:int} %, pour répondre aux exigences d'avatar.",अवतार से जुड़ी शर्तों को पूरा करने के लिए मॉडल का आकार रीसाइज़ करके {resizePercent:int}% किया गया.,Ukuran model diubah menjadi {resizePercent:int}% agar memenuhi persyaratan Avatar.,"Il modello è stato ridimensionato al {resizePercent:int}%, per soddisfare i requisiti degli Avatar.",モデルは、アバターの要件に合わせて{resizePercent:int}%にサイズ変更されました。,아바타 조건에 맞추기 위해 모델링 사이즈가 {resizePercent:int}%로 변경되었습니다.,"Rozmiar modelu został zmieniony na {resizePercent:int}%, aby dopasować go do wymagań awatara.",O modelo foi redimensionado em {resizePercent:int}% para atender às exigências do avatar.,,ปรับขนาดโมเดลเป็น {resizePercent:int}% แล้ว เพื่อให้ตรงตามข้อกำหนดของอวาตาร์,"Model, avatar gerekliliklerine uyacak şekilde {resizePercent:int} olarak yeniden boyutlandırıldı.",Mô hình đã được chỉnh cỡ thành {resizePercent:int}% để phù hợp với yêu cầu cho Avatar.,模型大小已调整为 {resizePercent:int}% 以适应虚拟形象要求。,模型大小已调整为 {resizePercent:int}% 以适应虚拟形象要求。,模型已調整大小為 {resizePercent:int}% 以符合虛擬人偶要求。
Studio.AvatarCompatibilityPreviewer.ResizeNotice.RevertAction,,,Revert to original size,Revert to original size,العودة إلى الحجم الأصلي,Auf Originalgröße zurücksetzen,Revertir al tamaño original,Revenir à la taille d'origine,ऑरिजनल साइज़ पर रिवर्ट करें,Kembalikan ke ukuran asli,Ripristina le dimensioni originali,元のサイズに戻す,원래 크기로 되돌리기,Przywróć rozmiar oryginalny,Reverter para o tamanho original,,แปลงกลับเป็นขนาดดั้งเดิม,Orijinal boyutuna döndür,Đảo ngược về cỡ ban đầu,还原到原始大小,还原到原始大小,還原至原始大小
Studio.AvatarCompatibilityPreviewer.AvatarSettings.RevertScale,,,Revert to original size,Revert to original size,العودة إلى الحجم الأصلي,Auf Originalgröße zurücksetzen,Revertir al tamaño original,Revenir à la taille d'origine,ऑरिजनल साइज़ पर रिवर्ट करें,Kembalikan ke ukuran asli,Ripristina le dimensioni originali,元のサイズに戻す,원래 크기로 되돌리기,Przywróć rozmiar oryginalny,Reverter para o tamanho original,,แปลงกลับเป็นขนาดดั้งเดิม,Orijinal boyutuna döndür,Đảo ngược về cỡ ban đầu,还原到原始大小,还原到原始大小,還原至原始大小
Studio.AvatarCompatibilityPreviewer.AvatarSettings.ScaleToAvatarRequirements,,,Scale to fit Avatar Requirements,Scale to fit Avatar Requirements,تغيير الحجم ليتناسب مع متطلبات الأفاتار,"Skalieren, um Avatar-Anforderungen zu erfüllen",Escalar para ajustarse a los requerimientos de Avatar,S'adapter aux besoins de l'avatar,अवतार से जुड़ी ज़रूरतों को पूरा करने के लिए स्केल करें,Atur skalanya agar sesuai dengan Syarat Avatar,Ridimensiona per soddisfare i requisiti degli Avatar,アバター要件に合わせて拡大/縮小,아바타 요구 사항에 맞게 스케일 조정,"Przeskaluj, aby spełnić wymogi dotyczące awatara",Dimensionar para caber nos requisitos do avatar,,ปรับขนาดให้ตรงตามข้อกำหนดอวาตาร์,Avatar gereksinimlerini karşılamak için ölçeklendir,Đổi tỷ lệ để đáp ứng Yêu Cầu Về Avatar,缩放以适应虚拟形象要求,缩放以适应虚拟形象要求,縮放以配合虛擬人偶需求
Studio.AvatarCompatibilityPreviewer.AvatarScreen.AutoSetupEstimatedTime,,,Estimated Time:,Estimated Time:,الوقت المقدر:,Geschätzte Zeit:,Tiempo estimado:,Temps estimé :,अनुमानित समय :,Estimasi Waktu:,Tempo stimato:,推定時間:,예상 시간:,Szacowany czas:,Tempo estimado:,,เวลาโดยประมาณ:,Tahminî süre:,Thời Gian Ước Tính:,预计时间：,预计时间：,預估時間：
Studio.AvatarCompatibilityPreviewer.ProgressBar.PreppingMesh,,,Preparing model,Preparing model,إعداد النموذج,Modell wird vorbereitet,Preparando modelo,Préparation du modèle,मॉडल तैयार किया जा रहा है,Menyiapkan model,Preparazione del modello,モデルの準備,모델 준비 중,Przygotowywanie modelu,Preparando modelo,,กำลังเตรียมโมเดล,Model hazırlanıyor,Đang chuẩn bị mô hình,正在准备模型,正在准备模型,正在準備模型
Studio.AvatarCompatibilityPreviewer.ProgressBar.Enqueued,,,Queueing,Queueing,قيد الانتظار,Warteschlange,Cola,Mise en file d'attente,लाइन में है,Mengantre,In coda,キュー作成,대기 중,Dodawanie do kolejki,Enfileirando,,กำลังเข้าคิว,Sıraya koyuluyor,Đang tạo hàng,正在排队,正在排队,正在佇列等候
Studio.AvatarCompatibilityPreviewer.ProgressBar.TransferringRig,,,Transferring rig,Transferring rig,جارٍ نقل rig,Rig wird übertragen,Transfiriendo rig,Transfert rig,रिग ट्रांसफ़र किया जा रहा है,Mentransfer rig,Trasferimento del rig,リグの転移,리그 이전 중,Przesyłanie szkieletu,Transferindo rig,,กำลังโอน Rig,Düzenek aktarılıyor,Đang chuyển bộ khung,正在传输骨架,正在传输骨架,正在轉移骨架
Studio.AvatarCompatibilityPreviewer.ProgressBar.RiggingBody,,,Rigging body,Rigging body,جسد rigging,Rigging Körper,Rigging cuerpo,Corps pour montage,बॉडी रिग की जा रही है,Rigging tubuh,Rigging del corpo,ボディのリグ作成,몸 리깅 중,Tworzenie szkieletu ciała,Fazendo rigging to corpo,,ร่างกาย Rigging,Vücut düzeneği oluşturuluyor,Đang ráp thân,正在骨架化身体,正在骨架化身体,正在骨架化身體
Studio.AvatarCompatibilityPreviewer.ProgressBar.Caging,,,Caging,Caging,وضع في قفص,Caging,Enjaulamiento,Caging,केज की जा रही है,Caging,Ingabbiamento,ケージ作成,케이징 중,Tworzenie siatki,Engaiolamento,,Caging,Kafes oluşturuluyor,Đang tạo khung,正在设置边界,正在设置边界,正在圍籠
Studio.AvatarCompatibilityPreviewer.ProgressBar.CagingBody,,,Caging body,Caging body,وضع جسد في قفص,Caging Körper,Enjaular cuerpo,Corps de cage,बॉडी केज की जा रही है,Caging tubuh,Ingabbiamento del corpo,ボディのケージ作成,몸 케이징 중,Tworzenie siatki ciała,Engaiolando corpo,,ร่างกาย Caging,Vücut kafesi oluşturuluyor,Đang tạo khung thân,正在为身体设置边界,正在为身体设置边界,正在圍籠化身體
Studio.AvatarCompatibilityPreviewer.ProgressBar.CagingHead,,,Caging head,Caging head,وضع رأس في قفص,Caging Kopf,Enjaular cabeza,Tête de cage,हेड केज किया जा रहा है,Caging kepala,Ingabbiamento della testa,頭のケージ作成,머리 케이징 중,Tworzenie siatki głowy,Engaiolando cabeça,,ศีรษะ Caging,Kafa kafesi oluşturuluyor,Đang tạo khung đầu,正在为头部设置边界,正在为头部设置边界,正在圍籠化頭部
Studio.AvatarCompatibilityPreviewer.ProgressBar.Partitioning,,,Partitioning,Partitioning,التقسيم,Partitionierung,Partición,Partitionnement en cours,पार्टीशन किया जा रहा है,Membuat partisi,Partizionamento,分割,파티셔닝 중,Partycjonowanie,Particionando,,การแบ่งแยก,Bölümleniyor,Đang phân vùng,正在分区,正在分区,正在分隔
Studio.AvatarCompatibilityPreviewer.ProgressBar.CreatingAttachments,,,Creating attachments,Creating attachments,جارٍ إنشاء المرفقات,Anhänge erstellen,Creando uniones,Création de pièces jointes,अटैचमेंट क्रिएट किए जा रहे हैं,Membuat sambungan,Creazione degli allegati,アタッチメントを作成中,연결부 만드는 중,Tworzenie punktów zaczepienia,Criando anexos,,กำลังสร้างจุดเชื่อมต่อ,Eklentiler oluşturuluyor,Đang tạo điểm gắn,正在创建附件,正在创建附件,正在建立附件
Studio.AvatarCompatibilityPreviewer.ProgressBar.UploadingResults,,,Uploading results,Uploading results,جارٍ تحميل النتائج,Ergebnisse hochladen,Subiendo resultados,Téléchargement des résultats,रिज़ल्ट अपलोड किए जा रहे हैं,Mengupload hasil,Caricamento dei risultati,結果をアップロード中,결과 업로드 중,Przesyłanie wyników,Enviando resultados,,กำลังอัปโหลดผลลัพธ์,Sonuçlar yükleniyor,Đang tải lên kết quả,正在上传结果,正在上传结果,正在上傳結果
Studio.AvatarCompatibilityPreviewer.ProgressBar.Initializing,,,Initializing,Initializing,جارٍ التهيئة,Initialisieren,Inicializando,Initialisation en cours,शुरू किया जा रहा है,Memulai,Inizializzazione,初期化中,초기화 중,Inicjowanie,Inicializando,,กำลังเริ่มต้นใช้งาน,Başlatılıyor,Đang khởi tạo,正在初始化,正在初始化,正在初始化
Studio.AvatarCompatibilityPreviewer.ProgressBar.Finalizing,,,Finalizing,Finalizing,جارٍ الإنهاء,Fertigstellen,Finalizando,Finalisation en cours,अंतिम रूप दिया जा रहा है,Memfinalkan,Finalizzazione,仕上げ,마무리 중,Finalizowanie,Finalizando,,กำลังสรุป,Tamamlanıyor,Đang hoàn thiện,正在完成,正在完成,正在完成
Studio.AvatarCompatibilityPreviewer.ProgressBar.NotProcessing,,,Not processing,Not processing,لا تتم المعالجة,Wird nicht verarbeitet,No procesando,Pas de traitement,प्रोसेस नहीं हो रहा है,Tidak memproses,Non in elaborazione,処理していません,처리 중이 아님,Brak przetwarzania,Não está processando,,ไม่ได้ประมวลผล,İşlenmiyor,Không xử lý,未处理,未处理,未在處理中
Studio.AvatarCompatibilityPreviewer.ProgressBar.Canceled,,,Canceled,Canceled,تم الإلغاء,Abgebrochen,Cancelado,Annulé,कैंसिल हो गया,Dibatalkan,Annullato,キャンセル済み,취소됨,Anulowano,Cancelado,,ยกเลิกแล้ว,İptal edildi,Đã hủy bỏ,已取消,已取消,已取消
Studio.AvatarCompatibilityPreviewer.ProgressBar.Unknown,,,Unknown,Unknown,غير معروف,Unbekannt,Desconocido,Non-connu,अनजान,Tidak diketahui,Sconosciuto,不明,알 수 없음,Brak danych,Desconhecido,,ไม่ทราบ,Bilinmiyor,Không xác định,未知,未知,未知
Studio.AvatarCompatibilityPreviewer.ProgressBar.PrepareTextures,,,Preparing textures,Preparing textures,إعداد الهيئات,Texturen vorbereiten,Preparar texturas,Préparation des textures,टेक्स्चर तैयार किया जा रहा है,Menyiapkan tekstur,Preparazione delle strutture,テクスチャの準備,텍스처 준비 중,Przygotowywanie tekstur,Preparando texturas,,กำลังเตรียมพื้นผิว,Dokular hazırlanıyor,Đang chuẩn bị vân đồ họa,正在准备纹理,正在准备纹理,正在準備紋理
Studio.AvatarCompatibilityPreviewer.ProgressBar.ResetTransform,,,Resetting transform,Resetting transform,إعادة تعيين التحويل,Transformation zurücksetzen,Restablecer transformación,Réinitialisation de la transformation,ट्रांसफ़ॉर्म रीसेट किया जा रहा है,Mereset transformasi,Ripristino della trasformazione,変換のリセット,변환 재설정 중,Resetowanie transformacji,Redefinindo transformação,,กำลังรีเซ็ตการแปรสภาพ,Dönüşüm sıfırlanıyor,Đang đặt lại biến đổi,正在重置转换,正在重置转换,重置變形
Studio.AvatarCompatibilityPreviewer.ProgressBar.Decimation,,,Decimating polygons,Decimating polygons,إزالة المضلعات,Polygone dezimieren,Diezmar polígonos,Décimation des polygones,पॉलीगन डेसिमेट किए जा रहे हैं,Menyederhanakan poligon,Decimazione dei poligoni,ポリゴン数の削減,폴리곤 데시메이션 중,Decymacja wielokątów,Decimando polígonos,,กำลังทำลายโพลิกอน,Poligonlar azaltılıyor,Đang giảm một phần mười hình đa giác,正在减少多边形,正在减少多边形,減少多邊形
Studio.AvatarCompatibilityPreviewer.ProgressBar.CombiningTextures,,,Combining textures,Combining textures,الجمع بين الهيئات,Texturen kombinieren,Combinar texturas,Combinaison des textures,टेक्स्चर कम्बाइन किए जा रहे हैं,Menggabungkan tekstur,Combinazione delle strutture,テクスチャの組み合わせ,텍스처 결합 중,Łączenie tekstur,Combinando texturas,,กำลังผสมพื้นผิว,Dokular birleştiriliyor,Đang kết hợp vân đồ họa,正在组合纹理,正在组合纹理,結合紋理
Studio.AvatarCompatibilityPreviewer.ProgressBar.RepackingTextures,,,Repacking textures,Repacking textures,إعادة تعبئة الهيئات,Texturen neu zusammenfügen,Reempaquetar texturas,Reconditionnement des textures,टेक्स्चर रीपैक किए जा रहे हैं,Mengemas ulang tekstur,Riorganizzazione delle strutture,テクスチャの再構成,텍스처 리패킹 중,Ponowne pakowanie tekstur,Recompactando texturas,,การแพ็คพื้นผิว,Dokular yeniden gruplandırılıyor,Đang gói lại vân đồ họa,正在重新打包纹理,正在重新打包纹理,重新包裝紋理
Studio.AvatarCompatibilityPreviewer.ProgressBar.Exporting,,,Exporting,Exporting,جارٍ التصدير,Exportieren,Exportar,Exportation,एक्सपोर्ट किया जा रहा है,Mengekspor,Esportazione,エクスポート,내보내기 중,Eksportowanie,Exportando,,กำลังส่งออก,Dışa aktarılıyor,Đang xuất,正在导出,正在导出,匯出
Studio.AvatarCompatibilityPreviewer.AvatarSizeRuler.DoesNotCoverMinSize,,,{bodyPart} {axisName} is {axisSize}/{minSize} too small,{bodyPart} {axisName} is {axisSize}/{minSize} too small,الجزء {bodyPart} {axisName} أصغر من اللازم بمقدار {axisSize}/{minSize},{bodyPart} {axisName} ist {axisSize}/{minSize} zu klein,{bodyPart} {axisName} es {axisSize}/{minSize} demasiado pequeño,{bodyPart} {axisName} est {axisSize}/{minSize} trop petit,"{bodyPart} {axisName} का साइज़ {axisSize}/{minSize} है, बहुत छोटा है",{bodyPart} {axisName} terlalu kecil sebesar {axisSize}/{minSize},"Le dimensioni di {bodyPart} {axisName}, pari a {axisSize}/{minSize}, sono troppo piccole",{bodyPart} {axisName} が {axisSize}/{minSize} 小さすぎます,{bodyPart} {axisName}이(가) {axisSize}/{minSize}(으)로 너무 작습니다.,Część {bodyPart} {axisName} jest za mała: {axisSize}/{minSize},{bodyPart} {axisName} é {axisSize}/{minSize} pequeno demais,,{bodyPart} {axisName} เล็กเกินไป {axisSize}/{minSize},"{bodyPart} {axisName}, {axisSize}/{minSize} fazla küçük",{bodyPart} {axisName} có {axisSize}/{minSize} quá nhỏ,{bodyPart} {axisName} 尺寸为 {axisSize}，小于最小尺寸 {minSize},{bodyPart} {axisName} 尺寸为 {axisSize}，小于最小尺寸 {minSize},{bodyPart} {axisName} 為 {axisSize}/{minSize} 太小
Studio.AvatarCompatibilityPreviewer.AvatarSizeRuler.DoesNotContainMaxSize,,,{bodyPart} {axisName} is {axisSize}/{maxSize} too big,{bodyPart} {axisName} is {axisSize}/{maxSize} too big,الجزء {bodyPart} على المحور {axisName} أكبر من اللازم بمقدار {axisSize}/{maxSize},{bodyPart} {axisName} ist {axisSize}/{maxSize} zu groß,{bodyPart} {axisName} es {axisSize}/{maxSize} demasiado grande,{bodyPart} {axisName} est {axisSize}/{maxSize} trop grand,"{bodyPart} {axisName} का साइज़ {axisSize}/{maxSize} है, बहुत बड़ा है",{bodyPart} {axisName} terlalu besar sebesar {axisSize}/{maxSize},"Le dimensioni di {bodyPart} {axisName}, pari a {axisSize}/{maxSize}, sono troppo grandi",{bodyPart} {axisName} が {axisSize}/{maxSize} 大きすぎます,{bodyPart} {axisName}이(가) {axisSize}/{maxSize}(으)로 너무 큽니다.,Część {bodyPart} {axisName} jest za duża: {axisSize}/{maxSize},{bodyPart} {axisName} é {axisSize}/{maxSize} grande demais,,{bodyPart} {axisName} ใหญ่เกินไป {axisSize}/{maxSize},"{bodyPart} {axisName}, {axisSize}/{maxSize} fazla büyük",{bodyPart} {axisName} có {axisSize}/{maxSize} quá lớn,{bodyPart} {axisName} 尺寸为 {axisSize}，大于最大尺寸 {maxSize},{bodyPart} {axisName} 尺寸为 {axisSize}，大于最大尺寸 {maxSize},{bodyPart} {axisName} 為 {axisSize}/{maxSize} 太大
Studio.AvatarCompatibilityPreviewer.AvatarSizeRuler.AvatarLabel,,,Avatar,Avatar,الأفاتار,Avatar,Avatar,Avatar,अवतार,Avatar,Avatar,アバター,아바타,Awatar,Avatar,,อวาตาร์,Avatar,Avatar,虚拟形象,虚拟形象,虛擬人偶
Studio.AvatarCompatibilityPreviewer.AvatarSizeRuler.Width,,,width,width,العرض,Breite,ancho,largeur,चौड़ाई,lebar,larghezza,幅,너비,szerokość,largura,,ความกว้าง,genişlik,chiều rộng,宽度,宽度,寬度
Studio.AvatarCompatibilityPreviewer.AvatarSizeRuler.Height,,,height,height,الارتفاع,Höhe,altura,hauteur,ऊँचाई,tinggi,altezza,身長,높이,wysokość,altura,,ความสูง,yükseklik,chiều cao,高度,高度,高度
Studio.AvatarCompatibilityPreviewer.AvatarSizeRuler.Depth,,,depth,depth,العمق,Tiefe,profundidad,profondeur,गहराई,kedalaman,profondità,奥行き,깊이,głębokość,profundidade,,ความลึก,derinlik,chiều sâu,深度,深度,深度
Studio.AvatarCompatibilityPreviewer.SelectScreen.SelectHint,,,Select a model to setup as an Avatar,Select a model to setup as an Avatar,حدد نموذجًا لإعداده كأفاتار,"Wähle ein Modell aus, um es als Avatar einzurichten",Selecciona un modelo a configurar como un Avatar,Sélectionner un modèle à configurer comme avatar,अवतार के तौर पर सेटअप करने के लिए कोई मॉडल चुनें,Pilih model yang akan diatur sebagai Avatar,Seleziona un modello da impostare come avatar,アバターとして設定するモデルを選択,아바타로 설정할 모델을 선택하세요,"Zaznacz model, który ma zostać skonfigurowany jako awatar",Selecione um modelo para configurar como um avatar,,เลือกโมเดลเพื่อตั้งค่าเป็นอวาตาร์,Avatar olarak ayarlanacak bir model seç,Chọn một mô hình để thiết lập làm Avatar,选择要设置为虚拟形象的模型,选择要设置为虚拟形象的模型,選擇模型來設為虛擬人偶
Studio.AvatarCompatibilityPreviewer.SelectScreen.Or,,,or,or,أو,oder,o,ou,या,atau,oppure,または,또는,lub,ou,,หรือ,veya,hoặc,或,或,或
Studio.AvatarCompatibilityPreviewer.SelectScreen.Import3DFile,,,Import 3D File,Import 3D File,استيراد ملف ثلاثي الأبعاد (3D),3D-Datei importieren,Importar archivo 3D,Importer un fichier 3D,3D फ़ाइल इंपोर्ट करें,Impor File 3D,Importa un file 3D,3Dファイルをインポート,3D 파일을 불러오세요,Zaimportuj plik 3D,Importar arquivo 3D,,นำเข้าไฟล์ 3D,3B dosya içe aktar,Nhập tệp tin 3D,导入 3D 文件,导入 3D 文件,匯入 3D 檔案
Studio.AvatarCompatibilityPreviewer.BodySegmentTypes.torso,,,Torso,Torso,الجزء العلوي للجسم,Oberkörper,Torso,Torse,टॉर्सो,Badan,Busto,胴体,몸통,Korpus,Tronco,,ลำตัว,Gövde,Thân,躯干,躯干,軀幹
Studio.AvatarCompatibilityPreviewer.BodySegmentTypes.leg,,,Leg,Leg,الساق,Bein,Pierna,Jambe,पैर,Tungkai,Gamba,足,다리,Noga,Perna,,ขา,Bacak,Chân,腿,腿,腿
Studio.AvatarCompatibilityPreviewer.BodySegmentTypes.arm,,,Arm,Arm,الذراع,Arm,Brazo,Bras,हाथ,Lengan,Braccio,腕,팔,Ręka,Braço,,แขน,Kol,Cánh Tay,手臂,手臂,手臂
Studio.AvatarCompatibilityPreviewer.BodySegmentTypes.head,,,Head,Head,الرأس,Kopf,Cabeza,Tête,सिर,Kepala,Testa,頭,머리,Głowa,Cabeça,,ศีรษะ,Kafa,Đầu,头部,头部,頭部
Studio.AvatarCompatibilityPreviewer.ResizeNotice.DescriptionError,,,The model was resized to {resizePercent:int}%.,The model was resized to {resizePercent:int}%.,تم تغيير حجم النموذج إلى {resizePercent:int}%.,Die Größe des Modells wurde auf {resizePercent:int}% geändert.,El modelo se redimensionó a {resizePercent:int}%.,Le modèle a été redimensionné à {resizePercent:int}%.,मॉडल का आकार रीसाइज़ करके {resizePercent:int}% किया गया.,Ukuran model diubah menjadi {resizePercent:int}%.,Il modello era stato ridimensionato ({resizePercent:int}%).,モデルは、 {resizePercent:int}% にサイズ変更しました。,모델 크기가 {resizePercent:int}%로 조정되었습니다.,Rozmiar modelu został przeskalowany do {resizePercent:int}%.,O modelo foi redimensionado para {resizePercent:int}%.,,โมเดลดังกล่าวถูกปรับขนาดเป็น {resizePercent:int}%,"Model, %{resizePercent:int} olacak şekilde yeniden boyutlandırıldı.",Mô hình đã được đổi cỡ thành {resizePercent:int}%.,模型大小已调整为 {resizePercent:int}%。,模型大小已调整为 {resizePercent:int}%。,模型已調整大小至 {resizePercent:int}%。
Studio.AvatarCompatibilityPreviewer.ResizeNotice.NoValidScaleError,,,There is no valid scale that passes individual body part requirements.,There is no valid scale that passes individual body part requirements.,لا يوجد مقياس صالح يجتاز متطلبات جزء الجسد الفردي.,"Es gibt keine gültige Skalierung, die die Anforderungen für einzelne Körperteile erfüllt.",No existe una escala válida que pase los requisitos individuales de las partes del cuerpo.,Aucune échelle valide ne répond aux exigences individuelles des parties du corps.,"ऐसा कोई मान्य स्केल नहीं है, जो अलग-अलग बॉडी पार्ट्स की ज़रूरतों को पूरा करता है.",Tidak ada skala valid yang memenuhi syarat bagian tubuh individual.,Non esiste una scala valida che soddisfi i requisiti delle singole parti del corpo.,個別のボティパーツ要件を満たす有効な拡大/縮小はありません。,개별 신체부위의 요구 사항을 통과할 수 있는 유효한 스케일이 없습니다.,Brak prawidłowej skali spełniającej wymogi dotyczące poszczególnych części ciała.,Não há nenhuma escala válida que passe pelos requisitos individuais das partes do corpo.,,ไม่มีการปรับขนาดที่ถูกต้องที่ผ่านข้อกำหนดชิ้นส่วนร่างกายเดี่ยว,Tekli vücut parçası gereksinimlerine uygun geçerli ölçek yok.,Không có thang chia tỷ lệ hợp lệ nào có thể đáp ứng được yêu cầu về từng bộ phận cơ thể.,没有可以满足单个身体部位要求的有效比例。,没有可以满足单个身体部位要求的有效比例。,沒有可通過個別身體部分需求的有效比例。
Studio.AvatarCompatibilityPreviewer.ResizeNotice.TitleError,,,Avatar Resized,Avatar Resized,تم تغيير حجم الأفاتار,Avatar-Größe angepasst,Avatar redimensionado,L'avatar a été récupéré,अवतार रीसाइज़ किया गया,Ukuran Avatar Diubah,Avatar ridimensionato,アバターのサイズ変更済み,아바타 크기 조정 완료,Zmieniono rozmiar awatara,Avatar redimensionado,,ปรับขนาดอวาตาร์แล้ว,Avatar yeniden boyutlandırıldı,Đã Đổi Cỡ Avatar,虚拟形象已调整大小,虚拟形象已调整大小,虛擬人偶已調整大小
Studio.AvatarCompatibilityPreviewer.AssetPalettes.Gearleft,,,Left Gear,Left Gear,الأدوات اليسرى,Linke Ausrüstung,Equipamiento izquierdo,Équipement gauche,बायाँ गियर,Perlengkapan Kiri,Attrezzatura a sinistra,ギア（左）,왼쪽 장비,Lewy sprzęt,Equipamento da esquerda,,อุปกรณ์ข้างซ้าย,Sol Teçhizat,Trang Bị Trái,左手装备,左手装备,左裝備
Studio.AvatarCompatibilityPreviewer.ItemNames2.Gearleft_16649013455,,,Staff Left,Staff Left,العصا اليسرى,Stab links,Vara izquierda,Bâton gauche,स्टाफ़ बायाँ,Kiri Tongkat,Bacchetta a sinistra,杖（左）,지팡이 왼쪽,Lewy kostur,Cajado da esquerda,,ไม้เท้ามือซ้าย,Sol Asa,Quyền Trượng Trái,左手法杖,左手法杖,法杖（左）
Studio.AvatarCompatibilityPreviewer.Gearright,,,Right Gear,Right Gear,الأدوات اليمنى,Rechte Ausrüstung,Equipamiento derecho,Équipement droit,दायाँ गियर,Perlengkapan Kanan,Attrezzatura a destra,ギア（右）,오른쪽 장비,Prawy sprzęt,Equipamento da direita,,อุปกรณ์ข้างขวา,Sağ Teçhizat,Trang Bị Phải,右手装备,右手装备,右裝備
Studio.AvatarCompatibilityPreviewer.ItemNames2.Gearleft_16648133530,,,Axe Left,Axe Left,الفأس اليسرى,Axt links,Hacha izquierda,Hache gauche,ऐक्स बायाँ,Kiri Kapak,Ascia a sinistra,斧（左）,도끼 왼쪽,Lewy topór,Machado da esquerda,,ขวานมือซ้าย,Sol Balta,Rìu Trái,左手斧头,左手斧头,斧頭（左）
Studio.AvatarCompatibilityPreviewer.ItemNames2.Gearleft_16649045008,,,Sword Left,Sword Left,السيف الأيسر,Schwert links,Espada izquierda,Épée gauche,सोर्ड बायाँ,Kiri Pedang,Spada a sinistra,剣（左）,검 왼쪽,Lewy miecz,Espada da esquerda,,ดาบมือซ้าย,Sol Kılıç,Kiếm Trái,左手剑,左手剑,劍（左）
Studio.AvatarCompatibilityPreviewer.ItemNames2.Gearleft_16648718579,,,Gun Left,Gun Left,البندقية اليسرى,Schusswaffe links,Pistola izquierda,Arme gauche,गन बायाँ,Kiri Pistol,Pistola a sinistra,銃（左）,총 왼쪽,Lewa broń palna,Arma da esquerda,,ปืนมือซ้าย,Sol Silah,Súng Trái,左手枪,左手枪,槍（左）
Studio.AvatarCompatibilityPreviewer.ItemNames2.Gearright_16648471753,,,Axe Right,Axe Right,الفأس اليمنى,Axt rechts,Hacha derecha,Hache droite,ऐक्स दायाँ,Kanan Kapak,Ascia a destra,斧（右）,도끼 오른쪽,Prawy topór,Machado da direita,,ขวานมือขวา,Sağ Balta,Rìu Phải,右手斧头,右手斧头,斧頭（右）
Studio.AvatarCompatibilityPreviewer.ItemNames2.Gearright_16649019530,,,Staff Right,Staff Right,العصا اليمنى,Stab rechts,Vara derecha,Bâton droite,स्टाफ़ दायाँ,Kanan Tongkat,Bacchetta a destra,杖（右）,지팡이 오른쪽,Prawy kostur,Cajado da direita,,ไม้เท้ามือขวา,Sağ Asa,Quyền Trượng Phải,右手法杖,右手法杖,法杖（右）
Studio.AvatarCompatibilityPreviewer.ItemNames2.Gearright_16649053805,,,Sword Right,Sword Right,السيف الأيمن,Schwert rechts,Espada derecha,Épée droite,सोर्ड दायाँ,Kanan Pedang,Spada a destra,剣（右）,검 오른쪽,Prawy miecz,Espada da direita,,ดาบมือขวา,Sağ Kılıç,Kiếm Phải,右手剑,右手剑,劍（右）
Studio.AvatarCompatibilityPreviewer.ItemNames2.Gearright_16648843454,,,Gun Right,Gun Right,البندقية اليمنى,Schusswaffe rechts,Pistola derecha,Arme droite,गन दायाँ,Kanan Senapan,Pistola a destra,銃（右）,총 오른쪽,Prawa broń palna,Arma da direita,,ปืนมือขวา,Sağ Silah,Súng Phải,右手枪,右手枪,槍（右）
Studio.AvatarCompatibilityPreviewer.AssetPalettes.Gearright,,,Right Gear,Right Gear,الأدوات اليمنى,Rechte Ausrüstung,Equipamiento derecho,Équipement droite,दायाँ गियर,Perlengkapan Kanan,Attrezzatura a destra,ギア（右）,오른쪽 장비,Prawy sprzęt,Equipamento da direita,,อุปกรณ์ข้างขวา,Sağ Teçhizat,Trang Bị Phải,右手装备,右手装备,右裝備
Studio.AvatarCompatibilityPreviewer.EditingTools.AttachmentsToolDescription,,,Adjust the attachment points of accessories,Adjust the attachment points of accessories,اضبط نقاط ربط الإكسسورات,Passe die Befestigungspunkte von Accessoires an,Ajustar los puntos de conexión de los accesorios,Ajuster les points d'attache des accessoires,ऐक्सेसरीज़ के अटैचमेंट पॉइंट एडजस्ट करें,Menyesuaikan titik sambungan aksesori,Regola i punti di attacco degli accessori,アクセサリの装着ポイントを調整,장신구 연결부를 조절합니다,Dostosuj punkty zaczepienia akcesoriów,Ajustar os pontos de fixação dos acessórios,,ปรับความพอดีให้กับจุดเชื่อมต่อไอเท็มเสริมของคุณ,Aksesuarların eklenti noktalarını ayarla,Điều chỉnh các điểm đính phụ kiện,调整配饰的附件点,调整配饰的附件点,調整飾品的附著點
Studio.AvatarCompatibilityPreviewer.CageEditingTool.MirrorLeftDescription,,,Mirror all edits from the X- side to the X+ side,Mirror all edits from the X- side to the X+ side,انعكاس جميع التعديلات من الجانب X- إلى الجانب X+,Spiegle alle Bearbeitungen von der Seite X- auf die Seite X+,Reflejar todas las ediciones del lado X- al lado X+,Mettre en miroir toutes les modifications du côté X- vers le côté X+,X- साइड से X+ साइड तक सभी एडिट मिरर करें,Cerminkan semua hasil edit dari sisi X- ke sisi X+,Rifletti tutte le modifiche dal lato X- al lato X+,すべての編集内容を X- 側から X+ 側にミラーリング,X- 측에서 X+ 측까지 모든 편집 항목을 미러링합니다,Odbijaj lustrzanie wszystkie edytowane elementy ze strony X- na stronę X+,Espelhar todas as edições do lado X- para o lado X+,,สะท้อนการแก้ไขทั้งหมดจากฝั่ง X- ไปยังฝั่ง X+,Tüm düzenlemeleri sol taraftan sağ tarafa yansıt,Sao chép tất cả các chỉnh sửa từ bên X- sang bên X+,从 X- 至 X+ 端镜像所有编辑,从 X- 至 X+ 端镜像所有编辑,將所有編輯從 X- 側鏡像到 X+ 側
Studio.AvatarCompatibilityPreviewer.EditingTools.CageToolDescription,,,Sculpt the cage to adjust how the clothing fits,Sculpt the cage to adjust how the clothing fits,نحت القفص لضبط كيفية ملاءمة الثياب,"Forme den Cage, um die Passform der Kleidung anzupassen",Esculpir la jaula para adaptar cómo la ropa se ajusta,Sculpter la cage pour ajuster la coupe du vêtement,ड्रेस की फ़िटिंग को एडजस्ट करने के लिए केज को आकार दें,Memahat cage untuk menyesuaikan tampilan pakaian,Modella la forma della gabbia per regolare la vestibilità dell'abbigliamento,衣装の装着具合を調整するケージを作成,케이지를 스컬프팅해 복장 맞춤 정도를 조절합니다,"Ukształtuj obramowanie, aby poprawić dopasowanie ubrania",Esculpe a gaiola para ajustar como a roupa se encaixa,,ปั้น Cage เพื่อปรับวิธีการสวมเสื้อผ้า,Kıyafetlerin nasıl oturacağını ayarlamak için kafesi şekillendir,Thay đổi lồng để điều chỉnh độ vừa vặn cho trang phục,雕刻围笼以调整衣服的适合性,雕刻围笼以调整衣服的适合性,雕塑圍籠來調整服裝契合度
Studio.AvatarCompatibilityPreviewer.EditingTools.ShowAccessoriesDescription,,,Show equipped Accessories and Clothing from the Preview,Show equipped Accessories and Clothing from the Preview,عرض الإكسسوارات والملابس المجهزة من المعاينة,Zeige ausgerüstete Accessoires und Kleidung aus der Vorschau an,Mostrar accesorios y ropa equipados desde la vista previa,Afficher les accessoires et les vêtements équipés de la Prévisualisation,प्रीव्यू के ज़रिये इस्तेमाल की गई ऐक्सेसरीज़ और ड्रेस दिखाएँ,Menampilkan Aksesori dan Pakaian yang dipasang dari Preview,Mostra gli Accessori e l'Abbigliamento in dotazione dall'Anteprima,装備したアクセサリと衣装をプレビューから表示,장착된 장신구 및 복장을 미리 보기에 표시합니다,Pokaż założone akcesoria i ubrania na poglądzie,Mostrar acessórios e roupas equipados a partir da visualização,,แสดงไอเท็มเสริมและเสื้อผ้าที่สวมใส่จากตัวอย่าง,Donanılan Aksesuarları ve Kıyafetleri Ön İzlemede göster,Hiển thị Phụ Kiện và Trang Phục đã trang bị từ Bản Xem Trước,在预览中显示配饰和衣服,在预览中显示配饰和衣服,從預覽中顯示已裝備的附件和服裝
Studio.AvatarCompatibilityPreviewer.BodyPointsTool.Projection,,,Projection Mode,Projection Mode,وضع الإسقاط,Projektionsmodus,Modo de proyección,Mode Projection,प्रोजेक्शन मोड,Mode Proyeksi,Modalità proiezione,投影モード,프로젝션 모드,Tryb projekcji,Modo de projeção,,โหมดการฉาย,Yansıtma Modu,Chế Độ Chiếu,投射模式,投射模式,投射模式
Studio.AvatarCompatibilityPreviewer.BodyPointsTool.ProjectionDescription,,,The attachment will be projected in the center of the model,The attachment will be projected in the center of the model,سيتم عرض المرفق في وسط النموذج,Der Anhang wird in die Mitte des Modells projiziert,La conexión se proyectará en el centro del modelo,La pièce jointe sera projetée au centre du modèle.,अटैचमेंट को मॉडल के सेंटर में प्रोजेक्ट किया जाएगा,Sambungan akan diproyeksikan di tengah model,L'attachment verrà proiettato al centro del modello,アタッチメントは、モデルの中央に投影されます,연결부가 모델 중앙에 투사됩니다,Punkt zaczepienia zostanie zrzutowany na środek modelu,O anexo será projetado no centro do modelo,,จุดเชื่อมต่อจะถูกฉายไปที่กึ่งกลางของโมเดล,"Eklenti, modelin merkezinde yansıtılacak",Các điểm gắn sẽ được chiếu ở trung tâm mô hình,附件将被投射在模型中心,附件将被投射在模型中心,附件將投射在模型中央
Studio.AvatarCompatibilityPreviewer.BodyPointsTool.Symmetry,,,Symmetry,Symmetry,التوافق,Symmetrie,Simetría,Symétrie,सिमिट्री,Simetri,Simmetria,対称,대칭,Symetria,Simetria,,ความสมมาตร,Simetri,Đối Xứng,对称,对称,對稱
Studio.AvatarCompatibilityPreviewer.BodyPointsTool.SymmetryDescription,,,Make editing symmetrical along the X axis,Make editing symmetrical along the X axis,جعل التحرير متماثلًا على طول المحور X,Führe die Bearbeitung symmetrisch entlang der X-Achse durch,Hacer la edición simétrica a lo largo del eje X,Rendre l'édition symétrique sur l'axe X,एडिटिंग को X एक्सिस पर सिमिट्रिकल करें,Membuat pengeditan simetris di sepanjang sumbu X,Rendi la modifica simmetrica lungo l'asse X,X軸に沿って編集を左右対称にする,X 축을 중심으로 편집 항목이 대칭이 되도록 합니다,Edytuj symetrycznie wzdłuż osi X,Tornar a edição simétrica ao longo do eixo X,,ทำการแก้ไขความสมมาตรตามแกน X,Düzenlemeyi X ekseni boyunca simetrik yap,Chỉnh sửa đối xứng dọc theo trục X,沿 X 轴对称编辑,沿 X 轴对称编辑,沿 X 軸對稱編輯
Studio.AvatarCompatibilityPreviewer.CageEditingTool.MirrorRightDescription,,,Mirror all edits from the X+ side to the X- side,Mirror all edits from the X+ side to the X- side,انعكاس جميع التعديلات من الجانب X+ إلى الجانب X-,Spiegle alle Bearbeitungen von der Seite X+ auf die Seite X-,Reflejar todas las ediciones del lado X+ al lado X-,Miroir toutes les modifications du côté X+ vers le côté X,X+ साइड से X- साइड तक सभी एडिट मिरर करें,Cerminkan semua hasil edit dari sisi X+ ke sisi X-,Rifletti tutte le modifiche dal lato X+ al lato X-,すべての編集内容を X+ 側から X- 側にミラーリング,X+ 측에서 X- 측까지 모든 편집 항목을 미러링합니다,Odbijaj lustrzanie wszystkie edytowane elementy ze strony X+ stronę X-,Espelhar todas as edições do lado X+ para o lado X-,,สะท้อนการแก้ไขทั้งหมดจากฝั่ง X+ ไปยังฝั่ง X-,Tüm düzenlemeleri sağ taraftan sol tarafa yansıt,Sao chép tất cả các chỉnh sửa từ bên X+ sang bên X-,从 X+ 至 X- 端镜像所有编辑,从 X+ 至 X- 端镜像所有编辑,將所有編輯從 X+ 側鏡像到 X- 側
Studio.AvatarCompatibilityPreviewer.CageEditingTool.RadiusDescription,,,Sets the brush’s radius,Sets the brush’s radius,تعيين نصف قطر الفرشاة,Legt den Radius des Pinsels fest,Establece el radio del pincel,Définit le rayon de la brosse,ब्रश का रेडियस सेट करता है,Mengatur radius kuas,Imposta il raggio del pennello,ブラシの半径を設定,브러시 반경을 설정합니다,Ustawia promień pędzla,Define o raio do pincel,,ตั้งค่ารัศมีของแปรง,Fırça yarıçapını ayarlar,Thiết lập bán kính của cọ vẽ,设置笔刷半径,设置笔刷半径,設定筆刷半徑
Studio.AvatarCompatibilityPreviewer.CageEditingTool.FalloffDescription,,,Sets the brush’s falloff,Sets the brush’s falloff,تعيين سقوط الفرشاة,Legt den Falloff des Pinsels fest,Establece el decaimiento del pincel,Définit l'effet de chute de la brosse,ब्रश का फ़ॉलऑफ़ सेट करता है,Mengatur falloff kuas,Imposta la pendenza del pennello,ブラシ効果の減衰を設定,브러시 감쇠를 설정합니다,Ustawia spadek pędzla,Define a queda da escova,,ตั้งค่าระยะที่แปรงจะหายไป,Fırça gerilemesini ayarlar,Thiết lập phạm vi ảnh hưởng của cọ vẽ,设置笔刷衰减,设置笔刷衰减,設定筆刷衰減度
Studio.AvatarCompatibilityPreviewer.EditingTools.ResetEditsDescription,,,Reset edits to their original state,Reset edits to their original state,إعادة تعيين التعديلات إلى حالتها الأصلية,Setzt Bearbeitungen auf ihren ursprünglichen Zustand zurück,Restablecer ediciones a su estado original,Réinitialiser les modifications à leur état d'origine,एडिट्स को उनकी ओरिजनल स्थिति पर रीसेट करें,Mereset hasil edit ke kondisi awal,Ripristina le modifiche al loro stato originale,編集内容を元の状態にリセット,편집 항목을 원래 상태로 재설정합니다,Resetuje edytowane elementy do ich oryginalnego stanu,Redefine edições para o seu estado original,,รีเซ็ตการแก้ไขไปยังสถานะดั้งเดิมของมัน,Düzenlemeleri orijinal hâline sıfırla,Đặt lại các chỉnh sửa về trạng thái ban đầu,将编辑重置为原始状态,将编辑重置为原始状态,將編輯重設為原始狀態
Studio.AvatarCompatibilityPreviewer.CageToolNoPermissionDescription,,,Description of the functionality of the Cage Editing Tool when editing is disabled,Description of the functionality of the Cage Editing Tool when editing is disabled,وصف وظائف أداة تحرير القفص عند تعطيل التحرير,"Beschreibung der Funktionalität des Käfig-Bearbeitungstools, wenn die Bearbeitung deaktiviert ist",Descripción de la funcionalidad de la herramienta de edición de jaulas cuando la edición está desactivada,Description de la fonctionnalité de l'outil d'édition de la cage lorsque l'édition est désactivée,एडिटिंग बंद होने पर 'केज एडिटिंग टूल' की काम करने की क्षमता का विवरण,Deskripsi fungsi Alat Pengeditan Cage saat pengeditan dinonaktifkan,Descrizione della funzionalità dello strumento di modifica della gabbia quando la modifica è disabilitata,編集がオフになっている場合のケージ編集ツールの機能の説明,편집이 비활성화되었을 때 케이지 편집 도구의 기능 설명,"Opis działania narzędzia do edycji obramowania, gdy edytowanie jest wyłączone",Descrição da funcionalidade da ferramenta de Edição de gaiola quando a edição estiver desativada,,คำอธิบายของการทำงานของเครื่องมือแก้ไข Cage เมื่อการแก้ไขถูกปิดใช้งาน,"Kafes Düzenleme Aracı'nın işlev açıklaması, düzenleme sırasında devre dışı bırakıldı",Mô tả chức năng của Công cụ chỉnh sửa lồng khi chức năng chỉnh sửa bị vô hiệu hóa,编辑被禁用时笼架编辑工具功能的描述,编辑被禁用时笼架编辑工具功能的描述,停用編輯時的圍籠編輯工具功能描述
Studio.AvatarCompatibilityPreviewer.CageToolCheckingPermissionDescription,,,Checking if you are an owner of the cage before you can use this tool...,Checking if you are an owner of the cage before you can use this tool...,جارٍ التحقق مما إذا كنت مالكًا للقفص قبل أن تتمكن من استخدام هذه الأداة...,"Bevor du dieses Tool nutzen kannst, wird überprüft, ob du Besitzer des Käfigs bist...",Comprobando si eres un propietario de la jaula antes de poder utilizar esta herramienta...,Vérifier si tu es propriétaire de la cage avant de pouvoir utiliser cet outil...,"इससे पहले कि आप यह टूल इस्तेमाल करें, यह पता लगाया जा रहा है कि आप इस केज के ओनर हैं या नहीं...",Memeriksa apakah kamu pemilik cage sebelum kamu bisa menggunakan alat ini ...,Controllo della proprietà della gabbia prima di poter utilizzare questo strumento...,このツールの使用を開始する前にあなたがケージの所有者かどうかを確認しています…,이 도구를 사용하기 전에 케이지의 소유자가 맞는지 확인 중...,"Skorzystanie z narzędzia wymaga sprawdzenia, czy jesteś właścicielem obramowania...",Verificando se você é um proprietário da gaiola antes de você pode usar esta ferramenta...,,กำลังตรวจสอบว่าคุณเป็นเจ้าของ Cage หรือไม่ ก่อนที่คุณจะสามารถใช้เครื่องมือนี้ได้...,Bu aracı kullanabilmen için kafesin sahibi olup olmadığın kontrol ediliyor...,Kiểm tra xem bạn có phải là chủ sở hữu lồng trước khi có thể sử dụng công cụ này...,使用此工具之前，请检查你是否拥有笼架…,使用此工具之前，请检查你是否拥有笼架…,正在確認您是否為圍籠擁有者，以便使用此工具……
Studio.AvatarCompatibilityPreviewer.EditingTools.CageToolCheckingPermissionDescription,,,Checking if you are an owner of the cage before you can use this tool...,Checking if you are an owner of the cage before you can use this tool...,جارٍ التحقق مما إذا كنت مالكًا للقفص قبل أن تتمكن من استخدام هذه الأداة...,"Bevor du dieses Tool nutzen kannst, wird überprüft, ob du Besitzer des Käfigs bist...",Comprobando si eres un propietario de la jaula antes de poder utilizar esta herramienta...,Vérifier si tu es propriétaire de la cage avant de pouvoir utiliser cet outil...,"इससे पहले कि आप यह टूल इस्तेमाल करें, यह पता लगाया जा रहा है कि आप इस केज के ओनर हैं या नहीं...",Memeriksa apakah kamu pemilik cage sebelum kamu bisa menggunakan alat ini ...,Controllo della proprietà della gabbia prima di poter utilizzare questo strumento...,このツールの使用を開始する前にあなたがケージの所有者かどうかを確認しています…,이 도구를 사용하기 전에 케이지의 소유자가 맞는지 확인 중...,"Skorzystanie z narzędzia wymaga sprawdzenia, czy jesteś właścicielem obramowania...",Verificando se você é um proprietário da gaiola antes de você pode usar esta ferramenta...,,กำลังตรวจสอบว่าคุณเป็นเจ้าของ Cage หรือไม่ ก่อนที่คุณจะสามารถใช้เครื่องมือนี้ได้...,Bu aracı kullanabilmen için kafesin sahibi olup olmadığın kontrol ediliyor...,Kiểm tra xem bạn có phải là chủ sở hữu lồng trước khi có thể sử dụng công cụ này...,使用此工具之前，请检查你是否拥有笼架…,使用此工具之前，请检查你是否拥有笼架…,正在確認您是否為圍籠擁有者，以便使用此工具……
Studio.AvatarCompatibilityPreviewer.EditingTools.CageToolNoPermissionDescription,,,You need to be the owner of the cage to use this tool.,You need to be the owner of the cage to use this tool.,يجب أن تكون مالكًا للقفص لاستخدام هذه الأداة.,"Du musst der Besitzer des Käfigs sein, um dieses Tool nutzen zu können.",Necesitas ser el propietario de la jaula para usar esta herramienta.,Tu dois être le propriétaire de la cage pour utiliser cet outil.,इस टूल का इस्तेमाल करने के लिए आपको केज का ओनर होना चाहिए.,Kamu tidak bisa menggunakan alat ini jika bukan pemilik cage.,Devi avere la proprietà della gabbia per poter utilizzare questo strumento.,このツールを使用するには、ケージの所有者である必要があります。,이 도구를 사용하려면 케이지의 소유자여야 합니다.,"Aby skorzystać z tego narzędzia, musisz być właścicielem obramowania.",Você precisa ser o proprietário da gaiola para usar esta ferramenta.,,คุณจะต้องเป็นเจ้าของ Cage เพื่อที่จะใช้เครื่องมือนี้,Bu aracı kullanabilmen için kafesin sahibi olman gerekiyor.,Bạn cần là chủ sở hữu lồng để sử dụng công cụ này.,你需要拥有笼架才能使用此工具。,你需要拥有笼架才能使用此工具。,您必須是圍籠擁有者才能使用此工具。
Studio.AvatarCompatibilityPreviewer.AutoSetupAlert.CustomFaceBodyRigDetectedDescription,,,The face rig isn’t recognized as valid and will be replaced during the setup process.,The face rig isn’t recognized as valid and will be replaced during the setup process.,لم يتم التعرف على rig الوجه على أنها صالحة وسيتم استبدالها أثناء عملية الإعداد.,Das Gesichts-Rig wird nicht als gültig erkannt und wird während des Einrichtungsprozesses ersetzt.,El rig de la cara no se reconoce no es válido y será reemplazado durante el proceso de configuración.,Le visage n'est pas reconnu comme valide et sera remplacé pendant le processus de configuration.,फ़ेस रिग की पहचान 'वैध है' के रूप में नहीं की गई है और इसे सेटअप प्रोसेस के दौरान बदल दिया जाएगा.,Rig wajah tidak dikenali sebagai valid dan akan diganti dalam proses pengaturan.,Il rig facciale non è riconosciuto come valido e verrà sostituito durante il processo di configurazione.,顔のリグが有効と認識されていないため、設定の過程で置き換えられます。,얼굴 리그가 유효한 것으로 인식되지 않으므로 설정 프로세스 중에 교체됩니다.,Nie rozpoznano szkieletu twarzy jako prawidłowego i zostanie on zastąpiony podczas konfiguracji.,A rig facial não é reconhecida como válida e será substituída durante o processo de configuração.,,ตรวจพบ Rig ใบหน้าว่าไม่ถูกต้อง และจะถูกแทนที่ในระหว่างกระบวนการการติดตั้ง,"Yüz düzeneği, uyumlu olarak tanınmadı ve kurulum sırasında değiştirilecek.",Bộ khung khuôn mặt được ghi nhận là không hợp lệ và sẽ được thay thế trong quá trình thiết lập.,面部骨架未被识别为有效，将在设置过程中替换。,面部骨架未被识别为有效，将在设置过程中替换。,臉部骨架無法辨識為有效，且將在設定流程中加以取代。
Studio.AvatarCompatibilityPreviewer.ProgressBar.Clothes,,,Caging clothes,Caging clothes,وضع الثياب في قفص,Caging von Kleidung,Ropa enjaulada,Bandeau de la barre de progression lors du caging des vêtements,ड्रेस केज की जा रही हैं,Caging pakaian,Abiti aderenti,衣装のケージ作成中,복장 케이징 중,Tworzenie siatki ubrań,Engaiolando roupas,,กำลัง Caging เสื้อผ้า,Kıyafet kafesi oluşturuluyor,Đang tạo khung trang phục,正在为服装设置边界,正在为服装设置边界,正在圍籠化服裝
Studio.AvatarCompatibilityPreviewer.ProgressBar.GeometryDisentanglement,,,Looking for clothes,Looking for clothes,البحث عن الثياب,Suche nach Kleidung,Buscando ropa,À la recherche de vêtements,ड्रेस खोजी जा रही हैं,Mencari pakaian,Alla ricerca di abiti,衣装を探しています,복장 찾는 중,Szukanie ubrań,Procurando roupas,,กำลังหาเสื้อผ้า,Kıyafetler aranıyor,Đang tìm kiếm trang phục,正在查找服装,正在查找服装,正在尋找服裝
Studio.AvatarCompatibilityPreviewer.ProgressBar.HumanoidValidation,,,Validating for humanoid,Validating for humanoid,التحقق من صحة الإنسان الآلي,Validierung von Humanoiden,Validación para humanoides,Validation pour humanoïde,ह्यूमनॉइड के लिए वैलिडेट किया जा रहा है,Memvalidasi humanoid,Convalida per umanoide in corso,人型の検証中,휴머노이드를 위한 확인 중,Weryfikowanie pod kątem humanoida,Validando para humanoide,,กำลังตรวจสอบความถูกต้องของคน,Humanoid için doğrulanıyor,Đang xác thực người máy,正在验证人形,正在验证人形,正在驗證人形
Studio.AvatarCompatibilityPreviewer.AutoSetupAlert.CustomBodyRigDetectedTitle,,,Non-R15 rig detected,Non-R15 rig detected,تم اكتشاف rig جسد غير R15,Nicht-R15-Rig erkannt,Se detectó un rig Non-R15,Une plateforme non-R15 a été détectée,नॉन-R15 रिग का पता चला,Rig non-R15 terdeteksi,Rilevato rig non R15,R15以外のリグが検出されました,R15가 아닌 리그 감지,Wykryto szkielet inny niż R15,Rig sem conformidade com R15 detectado,,ตรวจพบ Rig ที่ไม่ใช่ R15,R15 olmayan düzenek algılandı,Đã phát hiện bộ khung không thuộc R15,检测到非 R15 骨架,检测到非 R15 骨架,偵測到非 R15 骨架
Studio.AvatarCompatibilityPreviewer.AutoSetupAlert.CustomBodyRigDetectedDescription,,,The body rig isn’t recognized as R15 and will be replaced by Avatar Setup,The body rig isn’t recognized as R15 and will be replaced by Avatar Setup,لم يتم التعرف على rig الجسد على أنها R15 وسيتم استبدالها أثناء عملية الإعداد.,Das Körper-Rig wird nicht als R15 erkannt und wird durch die Avatareinrichtung ersetzt.,El rig del cuerpo no se reconoce como R15 y se reemplazará por la configuración del avatar.,La plateforme de corps n'est pas reconnue comme R15 et sera remplacée par la configuration de l'avatar,बॉडी रिग R15 नहीं है और इसे अवतार सेटअप से बदल दिया जाएगा,Rig tubuh tidak dikenali sebagai R15 dan akan diganti dengan Pengatur Avatar,Il rig corporeo non è riconosciuto come R15 e verrà sostituito dalla configurazione dell'avatar,ボディリグがR15として認識されておらず、アバター設定により置き換えられます,신체 리그가 R15로 인식되지 않으므로 아바타 설정에 의해 교체됩니다,Szkielet ciała nie został rozpoznany jako R15 i zostanie zastąpiony przez konfigurację awatara,O rig de corpo não foi reconhecido como R15 e será substituído pela configuração de avatar,,Rig ร่างกายไม่ใช่ R15 และจะถูกแทนที่ด้วยการตั้งค่าอวาตาร์,Vücut düzeneği R15 olarak tanınmıyor ve Avatar Kurulumu ile değiştirilecek,Bộ khung thân không được nhận diện là R15 và sẽ được thay thế bằng Thiết lập avatar,身体骨架未被识别为 R15，将通过虚拟形象设置替换,身体骨架未被识别为 R15，将通过虚拟形象设置替换,身體骨架未被識別為 R15，將由虛擬人偶設定取代
Studio.AvatarCompatibilityPreviewer.AutoSetupAlert.CustomFaceBodyRigDetectedTitle,,,Non-compatible face rig detected,Non-compatible face rig detected,تم اكتشاف rig وجه غير متوافق,Nicht-kompatibles Gesichts-Rig erkannt,Se detectó una cara no compatible,Face rig non compatible détectée,नॉन-कंपैटिबल फ़ेस रिग का पता चला,Rig wajah yang tidak kompatibel terdeteksi,Rilevato rig facciale non compatibile,互換性のない顔のリグが検出されました,호환되지 않는 얼굴 리그 감지,Wykryto niezgodny szkielet twarzy,Rig facial não compatível detectada,,ตรวจพบ Rig ใบหน้าที่ไม่รองรับ,Uyumsuz yüz düzeneği tespit edildi,Đã phát hiện bộ khung khuôn mặt không tương thích,检测到不兼容的面部骨架,检测到不兼容的面部骨架,偵測到不相容的臉部骨架
Studio.AvatarCompatibilityPreviewer.AutoSetupAlert.R15BodyRigDetectedTitle,,,Body rig detected,Body rig detected,تم اكتشاف rig الجسد,Körper-Rig erkannt,Rig corporal detectado,Rig du corps détecté,बॉडी रिग का पता चला,Rig tubuh terdeteksi,Rilevato rig corporeo,ボディリグが検出されました,몸 리그 감지,Wykryto szkielet ciała,Rig de corpo detectada,,ตรวจพบ Rig ร่างกาย,Vücut düzeneği tespit edildi,Đã phát hiện bộ khung thân,检测到身体骨架,检测到身体骨架,偵測到身體骨架
Studio.AvatarCompatibilityPreviewer.AutoSetupAlert.R15BodyRigDetectedDescription,,,Avatar Setup will keep your provided body rig,Avatar Setup will keep your provided body rig,سيتم الحفاظ على rig الجسد أثناء عملية الإعداد.,Dein bereitgestelltes Körper-Rig wird in der Avatareinrichtung beibehalten.,La configuración del avatar mantendrá el rig del cuerpo proporcionado,La configuration de l'avatar conservera la plateforme de corps fournie,अवतार सेटअप आपके दिए गए बॉडी रिग को बनाए रखेगा,Pengatur Avatar akan menyimpan rig tubuh yang kamu sediakan,La configurazione dell'avatar manterrà il rig corporeo fornito,アバター設定は、提供されたボディリグを保持します,아바타 설정이 제공된 신체 리그를 보관합니다,Konfiguracja awatara zachowa dostarczony przez Ciebie szkielet ciała,A configuração de avatar manterá o rig de corpo fornecido,,การตั้งค่าอวาตาร์จะบันทึก Rig ร่างกายที่คุณใส่ไว้,"Avatar Kurulumu, sağladığın vücut düzeneğini koruyacaktır",Quá trình Thiết lập avatar sẽ giữ lại bộ khung thân mà bạn đã cung cấp,虚拟形象设置将保留你提供的身体骨架,虚拟形象设置将保留你提供的身体骨架,虛擬人偶設定將保留你提供的身體骨架
Studio.AvatarCompatibilityPreviewer.AutoSetupAlert.FaceR15BodyRigDetectedTitle,,,Body rig and face rig detected,Body rig and face rig detected,تم اكتشاف rig الجسد والوجه,Körper-Rig und Gesichts-Rig erkannt,Se detectaron rig de cuerpo y rostro,Plateforme de corps et plateforme de visage détectées,बॉडी रिग और फ़ेस रिग का पता चला,Rig tubuh dan rig wajah terdeteksi,Rilevati rig corporeo e rig facciale,ボディリグと顔リグが検出されました,신체 및 얼굴 리그 감지,Wykryto szkielet ciała i szkielet twarzy,Rig de corpo e de rosto detectados,,ตรวจพบ Rig ร่างกายและใบหน้า,Vücut düzeneği ve yüz düzeneği algılandı,Đã phát hiện bộ khung thân và bộ khung mặt,检测到身体骨架和面部骨架,检测到身体骨架和面部骨架,偵測到身體骨架和臉部骨架
Studio.AvatarCompatibilityPreviewer.AutoSetupAlert.FaceR15BodyRigDetectedDescription,,,Avatar Setup will keep your provided rigs,Avatar Setup will keep your provided rigs,سيتم الحفاظ على rig الجسد والوجه أثناء عملية الإعداد.,Deine bereitgestellten Rigs werden in der Avatareinrichtung beibehalten.,La configuración del avatar mantendrá los rigs proporcionados,La configuration de l'avatar conservera les plateformes fournies,अवतार सेटअप आपके दिए गए रिग को बनाए रखेगा,Pengatur Avatar akan menyimpan rig yang kamu sediakan,La configurazione dell'avatar manterrà i rig forniti,アバター設定は、提供されたリグを保持します,아바타 설정이 제공된 리그를 보관합니다,Konfiguracja awatara zachowa zapewnione przez Ciebie szkielety,A configuração de avatar manterá os rigs fornecidos,,การตั้งค่าอวาตาร์จะบันทึก Rig ที่คุณใส่ไว้,"Avatar Kurulumu, sağladığın düzenekleri koruyacaktır",Quá trình Thiết lập avatar sẽ giữ lại các bộ khung bạn đã cung cấp,虚拟形象设置将保留你提供的骨架,虚拟形象设置将保留你提供的骨架,虛擬人偶設定將保留你提供的骨架
Studio.AvatarCompatibilityPreviewer.AutoSetupAlert.NonHumanoidModelDetectedTitle,,,Non-humanoid model,Non-humanoid model,نموذج لا يمثل إنسان آلي,Nicht-humanoides Modell,Modelo no humanoide,Modèle non humanoïde,नॉन-ह्यूमनॉइड मॉडल,Model non-humanoid,Modello non umanoide,非人型モデル,휴머노이드 외 모델,Model inny niż humanoidalny,Modelo não humanoide,,โมเดลที่ไม่ใช่คน,Humanoid olmayan model,Mô hình không phải người máy,非人形模型,非人形模型,非人形模型
Studio.AvatarCompatibilityPreviewer.AutoSetupAlert.NonHumanoidModelDetectedDescription,,,The model isn’t recognized as a humanoid and Avatar Setup could fail.,The model isn’t recognized as a humanoid and Avatar Setup could fail.,لم يتم التعرف على النموذج على أنه إنسان آلي، وقد يفشل إعداد الأفاتار.,Das Modell wird nicht als Humanoid erkannt und die Avatareinrichtung könnte fehlschlagen.,El modelo no es reconocido como humanoide y la configuración de avatar podría fallar.,Le modèle n'est pas reconnu comme un humanoïde et la configuration d'avatar pourrait échouer.,मॉडल की पहचान ह्यूमनॉइड के रूप में नहीं की गई है और अवतार सेटअप फ़ेल हो सकता है.,Model tidak dikenali sebagai humanoid dan Pengatur Avatar mungkin gagal.,Il modello rilevato non è di tipo umanoide e potrebbe impedire la configurazione dell'avatar.,モデルは人型（ヒューマノイド）と認識されていないため、アバター設定が失敗する可能性があります。,이 모델은 휴머노이드로 인식되지 않으므로 아바타 설정이 실패할 수 있습니다.,Nie rozpoznano modelu jako humanoidalnego i skonfigurowanie awatara może się nie udać.,O modelo não é reconhecido como humanoide e a configuração de avatar pode falhar.,,ตรวจโมเดลพบว่าไม่ใช่โมเดลคน และการตั้งค่าอวาตาร์อาจล้มเหลวได้,"Model, humanoid olarak tanınmadı. Avatar Kurulumu başarısız olabilir.",Mô hình này được ghi nhận là không phải người máy và Thiết Lập Avatar có thể không thành công.,模型未被识别为人形，虚拟形象设置可能会失败。,模型未被识别为人形，虚拟形象设置可能会失败。,該模型無法辨識為人形，且虛擬人偶設定可能會失敗。
Studio.AvatarCompatibilityPreviewer.AutoSetupAlert.UnknownTitle,,,Unknown,Unknown,غير معروف,Unbekannt,Desconocido,Inconnu,अनजान,Tidak Diketahui,Sconosciuto,不明,알 수 없음,Brak danych,Desconhecido,,ไม่ทราบ,Bilinmeyen,Không Xác Định,未知,未知,不明
Studio.AvatarCompatibilityPreviewer.AutoSetupAlert.UnknownDescription,,,Unknown,Unknown,غير معروف,Unbekannt,Desconocido,Inconnu,अनजान,Tidak Diketahui,Sconosciuto,不明,알 수 없음,Brak danych,Desconhecido,,ไม่ทราบ,Bilinmeyen,Không Xác Định,未知,未知,不明
Studio.AvatarCompatibilityPreviewer.AutoSetupAlert.NonR15OutputModelDetectedTitle,,,Non-humanoid model produced,Non-humanoid model produced,تم إنتاج نموذج إنسان آلي,Nicht-humanoides Modell produziert,Modelo no humanoide producido,Modèle non humanoïde produit,नॉन-ह्यूमनॉइड मॉडल बनाया गया,Model non-humanoid dibuat,Modello non umanoide prodotto,非人型モデルが作成されました,휴머노이드 외 모델 제작됨,Wytworzono model inny niż humanoidalny,Modelo não humanoide produzido,,ผลิตโมเดลที่ไม่ใช่โมเดลคนแล้ว,Humanoid olmayan bir model çıktısı üretildi,Đã tạo mô hình không phải người máy,已生成非人形模型,已生成非人形模型,已製作非人形模型
Studio.AvatarCompatibilityPreviewer.AutoSetupAlert.NonR15OutputModelDetectedDescription,,,Avatar Setup failed to produce a model with a valid humanoid.,Avatar Setup failed to produce a model with a valid humanoid.,فشل إعداد الأفاتار في إنتاج نموذج إنسان آلي صالح.,Die Avatareinrichtung konnte kein Modell mit einem gültigen Humanoiden produzieren.,No se pudo producir un modelo con un humanoide válido.,La configuration d'avatar n'a pas réussi à produire un modèle avec un humanoïde valide.,अवतार सेटअप वैलिड ह्यूमनॉइड के साथ मॉडल नहीं बना सका.,Pengatur Avatar gagal membuat model dengan humanoid yang valid.,La configurazione dell'avatar non è riuscita a produrre un modello con un umanoide valido.,アバター設定で有効な人型のモデル作成ができませんでした。,아바타 설정이 유효한 휴머노이드를 갖춘 모델을 제작하지 못했습니다.,W ramach konfiguracji awatara nie udało się wytworzyć prawidłowego modelu humanoidalnego.,Falha na configuração de avatar ao produzir um modelo com um humanoide válido.,,การตั้งค่าอวาตาร์ไม่สามารถสร้างโมเดลที่มีคนที่ไม่ถูกต้อง,"Avatar kurulumu, geçerli bir humanoid modele sahip bir çıktı üretemedi.",Thiết Lập Avatar không thể tạo một mô hình có người máy hợp lệ.,虚拟形象设置未能生成具有有效人形的模型。,虚拟形象设置未能生成具有有效人形的模型。,虛擬人偶設定無法製作具有有效人形的模型。
Studio.AvatarCompatibilityPreviewer.ProgressBar.InsertingResults,,,Inserting results,Inserting results,إدراج النتائج,Ergebnisse einfügen,Insertando resultados,Insertion des résultats,रिज़ल्ट डाले जा रहे हैं,Memasukkan hasil,Inserimento dei risultati,結果を挿入中,결과 삽입 중,Wstawianie wyników,Inserir resultados,,กำลังแทรกผลลัพธ์,Sonuçlar ekleniyor,Đang chèn kết quả,正在插入结果,正在插入结果,正在插入結果
Studio.AvatarCompatibilityPreviewer.SortClothingTable.Body,,,Body,Body,الجسد,Körper,Cuerpo,Corps,बॉडी,Tubuh,Corpo,ボディ,신체,Ciało,Corpo,,ร่างกาย,Vücut,Thân,身体,身体,身體
Studio.AvatarCompatibilityPreviewer.SortClothingTable.Layered,,,Layered,Layered,ذات طبقات,Geschichtet,En capas,Superposé,लेयर्ड,Berlapis,A strati,重ね着,레이어드,Warstwowe,Em camadas,,เป็นชั้น,Katmanlı,Phân lớp,层叠,层叠,層次
Studio.AvatarCompatibilityPreviewer.SortClothingTable.Rigid,,,Rigid,Rigid,صلب,Starr,Rígido,Rigide,रिजिड,Kaku,Rigido,剛性,강성,Sztywne,Rígido,,แข็ง,Sabit,Cứng,变形,变形,硬挺
Studio.AvatarCompatibilityPreviewer.SortClothingTable.Name,,,Name,Name,الاسم,Name,Nombre,Nom,नाम,Nama,Nome,名前,이름,Nazwa,Nome,,ชื่อ,Ad,Tên,名称,名称,名稱
Studio.AvatarCompatibilityPreviewer.SortClothingTable.Type,,,Type,Type,النوع,Typ,Tipo,Type,टाइप,Tipe,Tipo,種類,유형,Typ,Tipo,,ประเภท,Tür,Loại,类型,类型,類型
Studio.AvatarCompatibilityPreviewer.SelectScreen.SelectTitle,,,Select or import your content to get started,Select or import your content to get started,حدِّد المحتوى الخاص بك أو استورده للبدء,"Wähle oder importiere deine Inhalte, um loszulegen",Selecciona o importa tu contenido para empezar,Sélectionner ou importer ton contenu pour commencer,शुरू करने के लिए अपना कॉन्टेंट चुनें या इंपोर्ट करें,Pilih atau impor kontenmu untuk memulai,Seleziona o importa i tuoi contenuti per iniziare,コンテンツを選択またはインポートして開始,선택하거나 콘텐츠를 가져오기해 시작하세요,"Wybierz lub zaimportuj treści, aby rozpocząć",Selecione ou importe seu conteúdo para começar,,เลือกหรือนำเข้าเนื้อหาของคุณเพื่อเริ่มต้น,Başlamak için içeriğini seç veya içe aktar,Chọn hoặc nhập nội dung của bạn để bắt đầu,选择或导入内容以开始,选择或导入内容以开始,選擇或匯入內容即可開始
Studio.AvatarCompatibilityPreviewer.SelectScreen.SelectDescription,,,"Set up bodies, clothing and accessories.","Set up bodies, clothing and accessories.",إعداد الأجساد والثياب والإكسسوارات.,"Erstelle Körper, Kleidung und Accessoires.","Establece cuerpos, ropa y accesorios.","Mettre en place des corps, des vêtements et des accessoires.","बॉडी, ड्रेस और ऐक्सेसरीज़ सेट अप करें.","Atur tubuh, pakaian, dan aksesori.","Imposta corpi, abiti e accessori.",ボディ、衣装、アクセサリを設定。,"신체, 복장, 장신구를 설정하세요.","Skonfiguruj ciała, ubrania i akcesoria.","Configure o corpo, roupas e acessórios.",,ตั้งค่าร่างกาย เสื้อผ้า และไอเท็มเสริม,"Vücutları, kıyafetleri ve aksesuarları ayarla.","Thiết lập phần thân, trang phục và phụ kiện.",设置身体、服装和配饰。,设置身体、服装和配饰。,設定身體、服裝和飾品。
Studio.AvatarCompatibilityPreviewer.SelectScreen.LearnMore,,,Learn more,Learn more,معرفة المزيد,Mehr erfahren,Aprende más,En apprendre plus,ज़्यादा जानें,Pelajari selengkapnya,Maggiori informazioni,もっと詳しく,자세히 보기,Dowiedz się więcej,Saiba mais,,เรียนรู้เพิ่มเติม,Daha fazla bilgi edin,Tìm hiểu thêm,了解更多,了解更多,瞭解詳情
Studio.AvatarCompatibilityPreviewer.SelectScreen.Import3DEllipsis,,,Import 3D...,Import 3D...,استيراد ثلاثي الأبعاد (3D)...,3D importieren …,Importar 3D...,Importer 3D...,3D इंपोर्ट करें...,Impor 3D...,Importazione 3D,3Dのインポート...,3D 가져오기...,Importuj 3D…,Importar 3D...,,นำเข้า 3 มิติ...,3B olarak içe aktar...,Nhập 3D...,导入 3D…,导入 3D…,匯入 3D…
Studio.AvatarCompatibilityPreviewer.ToggleBar.ConfigureModels,,,Configure Models,Configure Models,تهيئة النماذج,Modelle konfigurieren,Configurar modelos,Configurer les modèles,मॉडल कॉन्फ़िगर करें,Konfigurasi Model,Configura modelli,モデルの設定,모델 구성,Skonfiguruj modele,Configurar modelos,,กำหนดค่าโมเดล,Modelleri Yapılandır,Điều chỉnh mô hình,配置模型,配置模型,設定模型
Studio.AvatarCompatibilityPreviewer.AssetClassification.SelectLessLayered,,,Configure no more than 7 layered,Configure no more than 7 layered,لا تقم بتهيئة أكثر من 7 نماذج بطبقات,Konfiguriere nicht mehr als 7 Lagen übereinander,Configura no más de 7 capas,Ne pas configurer plus de 7 couches,7 से ज़्यादा लेयर वाले इनपुट मॉडल कॉन्फ़िगर न करें,Konfigurasi tidak lebih dari 7 lapisan,Configura non più di 7 livelli,7層以下に設定,레이어를 7개 이상 구성할 수 없습니다,Skonfiguruj nie więcej niż 7 warstw,Configure não mais do que 7 camadas,,กำหนดค่าได้ไม่เกิน 7 ชั้น,7 katman üzeri yapılandırma yapma,Điều chỉnh không quá 7 lớp,配置不超过 7 层,配置不超过 7 层,設定不超過 7 層
Studio.AvatarCompatibilityPreviewer.AssetType.Shoes,,,Shoes,Shoes,أحذية,Schuhe,Zapatos,Chaussures,जूते,Sepatu,Scarpe,靴,신발,Buty,Sapatos,,รองเท้า,Ayakkabılar,Giày,鞋,鞋,鞋子
Studio.AvatarCompatibilityPreviewer.AssetClassification.SelectionIncompleteHint,,,Finish configuring each model type,Finish configuring each model type,إنهاء تهيئة كل نوع من أنواع النماذج,Schließe die Konfiguration für jeden Modelltyp ab,Termina de configurar cada tipo de modelo,Terminer la configuration de chaque type de modèle,हर मॉडल टाइप को कॉन्फ़िगर करना पूरा करें,Selesaikan konfigurasi setiap tipe model,Completa la configurazione di ogni tipo di modello,各モデルタイプの設定を完了する,각 모델링 유형 구성을 마치세요,Dokończ konfigurację każdego typu modelu,Finalize a configuração de cada tipo de modelo,,กำหนดค่าแต่ละประเภทโมเดลให้เสร็จ,Her bir model türünü yapılandırmayı tamamla,Hoàn thành việc điều chỉnh từng loại mô hình,完成每个模型类型的配置,完成每个模型类型的配置,完成每個模型類型的設定
Studio.AvatarCompatibilityPreviewer.AssetClassification.SelectOneBodyHint,,,Include a body model,Include a body model,تضمين نموذج جسد واحد لكل جلسة إعداد,Füge ein Körpermodell hinzu,Incluye un modelo de cuerpo,Inclure un modèle de corps,एक बॉडी मॉडल चुनें,Sertakan satu model tubuh,Includi un modello di corpo,ボディモデルを含む,신체 모델링을 추가하세요,Dołącz model ciała,Incluir um modelo de corpo,,ใส่โมเดลร่างกาย,Bir vücut modeli ekle,Chọn một kiểu thân,包含身体模型,包含身体模型,包含身體模型
Studio.AvatarCompatibilityPreviewer.SortClothingTable.PlaceholderText,,,Select type,Select type,حدِّد النوع,Art auswählen,Seleccionar tipo,Sélectionner le type,टाइप चुनें,Pilih tipe,Seleziona un tipo,タイプを選択,유형 선택,Wybierz typ,Selecione o tipo,,เลือกประเภท,Tip seç,Chọn loại,选择类型,选择类型,選擇類型
Studio.AvatarCompatibilityPreviewer.AutoSetupAlert.FaceDetectedTitle,,,Face rig detected,Face rig detected,,Gesichts-Rig erkannt,Se detectó un rig de rostro,Une plateforme de visage a été détectée,फ़ेस रिग का पता चला,Rig wajah terdeteksi,Rilevato rig facciale,顔リグが検出されました,얼굴 리그 감지,Wykryto szkielet twarzy,Rig de rosto detectado,,ตรวจพบ Rig ใบหน้า,Yüz düzeneği algılandı,Đã phát hiện bộ khung mặt,检测到面部骨架,检测到面部骨架,偵測到臉部骨架
Studio.AvatarCompatibilityPreviewer.AutoSetupAlert.FaceDetectedDescription,,,Avatar Setup will keep your provided face rig,Avatar Setup will keep your provided face rig,,Dein bereitgestelltes Gesichts-Rig wird in der Avatareinrichtung beibehalten.,La configuración del avatar mantendrá el rig del rostro proporcionado,La configuration de l'avatar conservera la plateforme de visage fournie,अवतार सेटअप आपके दिए गए बॉडी रिग को बनाए रखेगा,Pengatur Avatar akan menyimpan rig wajah yang kamu sediakan,La configurazione dell'avatar manterrà il rig facciale fornito,アバター設定は、提供された顔リグを保持します,아바타 설정이 제공된 얼굴 리그를 보관합니다,Konfiguracja awatara zachowa zapewniony przez Ciebie szkielet twarzy,A configuração de avatar manterá o rig de rosto fornecido,,การตั้งค่าอวาตาร์จะบันทึก Rig ใบหน้าที่คุณใส่ไว้,"Avatar Kurulumu, sağladığın yüz düzeneğini koruyacaktır",Quá trình Thiết lập avatar sẽ giữ lại bộ khung mặt mà bạn đã cung cấp,虚拟形象设置将保留你提供的面部骨架,虚拟形象设置将保留你提供的面部骨架,虛擬人偶設定將保留你提供的臉部骨架
Studio.AvatarCompatibilityPreviewer.AutoSetupAlert.ClothingOnlyTitle,,,Clothing only detected,Clothing only detected,,Nur Kleidung erkannt,Solo se detectó ropa,Seuls des vêtements ont été détectés,सिर्फ़ ड्रेस का पता चला,Hanya pakaian yang terdeteksi,Rilevato solo abbigliamento,衣装のみが検出されました,복장만 감지됨,Wykryto tylko ubranie,Apenas roupas foram detectadas,,ตรวจพบเฉพาะเสื้อผ้า,Yalnızca kıyafet algılandı,Chỉ phát hiện trang phục,仅检测到服装,仅检测到服装,僅偵測到服裝
Studio.AvatarCompatibilityPreviewer.AutoSetupAlert.ClothingOnlyDescription,,,Avatar Setup will set up your provided input as clothing,Avatar Setup will set up your provided input as clothing,,Dein angegebener Input wird in der Avatareinrichtung als Kleidung eingerichtet.,La configuración del avatar configurará la entrada proporcionada como ropa,La configuration de l'avatar définira l'entrée fournie comme vêtement,अवतार सेटअप आपके दिए गए इनपुट को ड्रेस के तौर पर सेट अप करेगा,Pengatur Avatar akan mengatur input yang kamu sediakan sebagai pakaian,La configurazione dell'avatar imposterà l'input fornito come abbigliamento,アバター設定は、提供された入力を衣装として設定します,아바타 설정이 제공된 입력을 복장으로 설정합니다,Konfiguracja awatara ustawi podane przez Ciebie dane jako ubranie,A configuração de avatar irá preparar a entrada fornecida como roupa,,การตั้งค่าอวาตาร์จะตั้งค่าอินพุตที่คุณให้มาเป็นเสื้อผ้า,"Avatar Kurulumu, sağladığın girdiyi kıyafet olarak ayarlayacaktır",Trình Thiết lập avatar sẽ thiết lập dữ liệu bạn cung cấp thành trang phục,虚拟形象设置会将你提供的输入设置为服装,虚拟形象设置会将你提供的输入设置为服装,虛擬人偶設定將把你提供的輸入設定為服裝
Studio.AvatarCompatibilityPreviewer.AutoSetupAlert.ClothingOnlyWithAvatarTitle,,,Avatar detected,Avatar detected,,Avatar erkannt,Se detectó un avatar,Avatar détecté,अवतार का पता चला,Avatar terdeteksi,Avatar rilevato,アバターが検出されました,아바타 감지됨,Wykryto awatara,Avatar detectado,,ตรวจพบอวาตาร์,Avatar algılandı,Đã phát hiện avatar,检测到虚拟形象,检测到虚拟形象,已偵測到虛擬人偶
Studio.AvatarCompatibilityPreviewer.AutoSetupAlert.ClothingOnlyWithAvatarDescription,,,Avatar Setup will keep your provided avatar,Avatar Setup will keep your provided avatar,,Dein angegebener Avatar wird in der Avatareinrichtung beibehalten.,La configuración del avatar mantendrá el avatar que proporcionaste,La configuration de l'avatar conservera l'avatar fourni,अवतार सेटअप आपके दिए गए अवतार को बनाए रखेगा,Pengatur Avatar akan menyimpan avatar yang kamu sediakan,La configurazione dell'avatar manterrà l'avatar fornito,アバター設定は、提供されたアバターを保持します,아바타 설정이 제공된 아바타를 보관합니다,Konfiguracja awatara zachowa dostarczonego przez Ciebie awatara,A configuração de avatar manterá o avatar fornecido,,การตั้งค่าอวาตาร์จะบันทึกอวาตาร์ที่คุณใส่ไว้,"Avatar Kurulumu, sağladığın avatarı koruyacaktır",Trình Thiết lập avatar sẽ giữ lại avatar mà bạn đã cung cấp,虚拟形象设置将保留你提供的虚拟形象,虚拟形象设置将保留你提供的虚拟形象,虛擬人偶設定將保留你提供的虛擬人偶
Studio.AvatarCompatibilityPreviewer.AutoSetupOptions.PlatformAvatar,,,Platform Avatar,Platform Avatar,,Plattform-Avatar,Avatar de la plataforma,Avatar de plateforme,प्लैटफ़ॉर्म अवतार,Avatar Platform,Avatar della piattaforma,プラットフォームアバター,플랫폼 아바타,Awatar platformy,Avatar da plataforma,,อวาตาร์ของแพลตฟอร์ม,Platform Avatarı,Avatar trên nền tảng,平台虚拟形象,平台虚拟形象,平台虛擬人偶
Studio.AvatarCompatibilityPreviewer.AutoSetupOptions.PlatformAvatarTitle,,,Platform Avatar,Platform Avatar,,Plattform-Avatar,Avatar de la plataforma,Avatar de plateforme,प्लैटफ़ॉर्म अवतार,Avatar Platform,Avatar della piattaforma,プラットフォームアバター,플랫폼 아바타,Awatar platformy,Avatar da plataforma,,อวาตาร์ของแพลตฟอร์ม,Platform Avatarı,Avatar trên nền tảng,平台虚拟形象,平台虚拟形象,平台虛擬人偶
Studio.AvatarCompatibilityPreviewer.AutoSetupOptions.PlatformAvatarDescription,,,Create marketplace compatible assets for avatars across Roblox,Create marketplace compatible assets for avatars across Roblox,,Erstelle marktplatzkompatible Objekte für Avatare überall auf Roblox,Crear activos compatibles con el mercado para avatares en Roblox,Créer des contenus compatibles avec le marketplace pour les avatars sur Roblox,Roblox में अवतार के लिए मार्केटप्लेस के मुताबिक ऐसेट्स क्रिएट करें,Buat aset yang kompatibel dengan marketplace untuk avatar di Roblox,Crea risorse compatibili con il marketplace per gli avatar su Roblox,Roblox全体でアバター用のマーケットプレイス互換アセットを作成,Roblox 전반에 걸쳐 마켓플레이스와 호환되는 아바타용 애셋을 만드세요,Twórz zasoby kompatybilne z rynkiem dla awatarów w Robloxie,Crie ativos compatíveis com o mercado para avatares em toda a Roblox,,สร้างแอสเซทที่ใช้งานกับมาร์เก็ตเพลสได้สำหรับอวาตาร์ทุกตัวใน Roblox,Roblox'taki avatarlar için pazar yeriyle uyumlu varlıklar oluştur,Tạo tài sản tương thích với chợ cho các avatar trên toàn Roblox,为 Roblox 上的虚拟形象创建商城兼容的素材,为 Roblox 上的虚拟形象创建商城兼容的素材,為 Roblox 上的虛擬人偶建立與市集相容的素材
Studio.AvatarCompatibilityPreviewer.AutoSetupOptions.DevelopmentAvatar,,,Development Avatar,Development Avatar,,Entwicklungs-Avatar,Avatar de desarrollo,Avatar de développement,डेवलपमेंट अवतार,Avatar Pengembangan,Avatar di sviluppo,開発アバター,개발 아바타,Awatar deweloperski,Avatar de desenvolvimento,,อวาตาร์สำหรับการพัฒนา,Geliştirme Avatarı,Avatar phát triển,开发虚拟形象,开发虚拟形象,開發用虛擬人偶
Studio.AvatarCompatibilityPreviewer.AutoSetupOptions.DevelopmentAvatarTitle,,,Development Avatar,Development Avatar,,Entwicklungs-Avatar,Avatar de desarrollo,Avatar de développement,डेवलपमेंट अवतार,Avatar Pengembangan,Avatar di sviluppo,開発アバター,개발 아바타,Awatar deweloperski,Avatar de desenvolvimento,,อวาตาร์สำหรับการพัฒนา,Geliştirme Avatarı,Avatar phát triển,开发虚拟形象,开发虚拟形象,開發用虛擬人偶
Studio.AvatarCompatibilityPreviewer.AutoSetupOptions.DevelopmentAvatarDescription,,,Create development assets for use within your experience,Create development assets for use within your experience,,Erstelle Entwicklungs-Objekte für die Verwendung in deiner Experience,Crear activos de desarrollo para usar dentro de tu experiencia,Crée des contenus de développement à utiliser dans ton expérience,अपने एक्सपीरिएंस में इस्तेमाल के लिए डेवलपमेंट ऐसेट्स क्रिएट करें,Buat aset pengembangan untuk digunakan dalam pengalaman virtual kamu,Crea risorse di sviluppo da utilizzare nella tua esperienza,バーチャル空間内で使用するための開発アセットを作成する,체험 내에서 사용할 개발 애셋을 만드세요,Twórz zasoby programistyczne do wykorzystania w projekcie,Crie ativos de desenvolvimento para uso na sua experiência,,สร้างแอสเซทการพัฒนาเพื่อใช้ในประสบการณ์ของคุณ,Deneyiminde kullanmak üzere geliştirme varlıkları oluştur,Tạo tài sản phát triển để sử dụng trong trải nghiệm của bạn,创建开发素材以供你在体验中使用,创建开发素材以供你在体验中使用,建立開發素材，以便在體驗中使用
Studio.AvatarCompatibilityPreviewer.AutoSetupOptions.AlignFront,,,Manually align front,Manually align front,,Vorderseite manuell ausrichten,Alinear manualmente el frente,Aligner manuellement l'avant,मैन्युअल तरीके से सामने अलाइनमेंट करें,Ratakan depan secara manual,Allinea manualmente la parte anteriore,手動で正面を調整,수동으로 전면 정렬,Ręcznie wyrównaj przód,Alinhar manualmente à frente,,จัดแนวด้านหน้าด้วยตนเอง,Ön tarafı manuel olarak hizala,Căn chỉnh thủ công mặt trước,手动对齐正面,手动对齐正面,手動對齊正面
Studio.AvatarCompatibilityPreviewer.AutoSetupOptions.AlignFrontTitle,,,Manually align front,Manually align front,,Vorderseite manuell ausrichten,Alinear manualmente el frente,Aligner manuellement l'avant,मैन्युअल तरीके से सामने अलाइनमेंट करें,Ratakan depan secara manual,Allinea manualmente la parte anteriore,手動で正面を調整,수동으로 전면 정렬,Ręcznie wyrównaj przód,Alinhar manualmente à frente,,จัดแนวด้านหน้าด้วยตนเอง,Ön tarafı manuel olarak hizala,Căn chỉnh thủ công mặt trước,手动对齐正面,手动对齐正面,手動對齊正面
Studio.AvatarCompatibilityPreviewer.AutoSetupOptions.AlignFrontDescription,,,Rotate your avatar to be front-facing the negative Z-axis,Rotate your avatar to be front-facing the negative Z-axis,,"Drehe deinen Avatar so, dass er der negativen Z-Achse zugewandt ist",Gira tu avatar para que mire hacia el eje Z negativo,Fais pivoter ton avatar pour qu'il soit face à l'axe Z négatif,अपने अवतार को रोटेट करके नेगेटिव Z-ऐक्सिस के सामने लाएँ,Putar avatar agar menghadap ke depan sumbu Z negatif,Ruota il tuo avatar in modo che sia rivolto verso l'asse Z negativo,アバターを回転させて、Z軸のマイナス方向に正面を向くようにします,음의 Z축을 바라보도록 아바타 회전,"Obróć awatara tak, aby był skierowany przodem do ujemnej osi Z",Gire seu avatar para que ele fique de frente para o eixo Z negativo,,หมุนอวาตาร์ของคุณให้หันหน้าไปทางแกน Z ลบ,Avatarını negatif Z eksenine bakacak şekilde döndür,Xoay avatar của bạn để mặt trước hướng về trục Z âm,旋转虚拟形象，使其正面朝向负 Z 轴,旋转虚拟形象，使其正面朝向负 Z 轴,旋轉虛擬人偶，使其正面朝向負 Z 軸
Studio.AvatarCompatibilityPreviewer.AutoSetupOptions.ReduceTriangles,,,Reduce triangle count,Reduce triangle count,,Dreiecksanzahl reduzieren,Reducir el recuento de triángulos,Réduire le nombre de triangles,ट्राएंगल की संख्या कम करें,Kurangi jumlah segitiga,Riduci il numero di triangoli,三角形の数を減らす,삼각형 개수 줄이기,Zmniejsz liczbę trójkątów,Reduzir contagem de triângulos,,ลดจำนวนสามเหลี่ยม,Üçgen sayısını azalt,Giảm số lượng tam giác,减少三角形数量,减少三角形数量,減少三角形數量
Studio.AvatarCompatibilityPreviewer.AutoSetupOptions.ReduceTrianglesTitle,,,Reduce triangle count,Reduce triangle count,,Dreiecksanzahl reduzieren,Reducir el recuento de triángulos,Réduire le nombre de triangles,ट्राएंगल की संख्या कम करें,Kurangi jumlah segitiga,Riduci il numero di triangoli,三角形の数を減らす,삼각형 개수 줄이기,Zmniejsz liczbę trójkątów,Reduzir contagem de triângulos,,ลดจำนวนสามเหลี่ยม,Üçgen sayısını azalt,Giảm số lượng tam giác,减少三角形数量,减少三角形数量,減少三角形數量
Studio.AvatarCompatibilityPreviewer.AutoSetupOptions.ReduceTrianglesDescription,,,Reduces mesh triangle count to pass validation requirements,Reduces mesh triangle count to pass validation requirements,,"Reduziert die Anzahl der Mesh-Dreiecke, um die Validierungsanforderungen zu erfüllen",Reduce el recuento de triángulos de mesh para aprobar los requisitos de validación,Réduit le nombre de triangles de maillage pour répondre aux exigences de validation,"सत्यापन की शर्तों को पूरा करने के लिए, मेश ट्राएंगल की संख्या कम करें",Mengurangi jumlah segitiga mesh untuk memenuhi persyaratan validasi,Riduce il numero di triangoli mesh per superare i requisiti di convalida,メッシュの三角形の数を減らして、検証要件を満たす,인증 요건 충족을 위해 메시 삼각형 개수 줄이기,"Zmniejsza liczbę trójkątów siatki, aby spełnić wymagania walidacji",Reduz a contagem de triângulos de malha para passar nos requisitos de validação,,ลดจำนวนสามเหลี่ยมของเมช เพื่อให้ผ่านข้อกำหนดการตรวจสอบความถูกต้อง,Doğrulama gereksinimlerini karşılamak için mesh üçgen sayısını azaltır,Giảm số lượng tam giác của lưới để đáp ứng yêu cầu xác thực,减少网格三角形数量以通过验证要求,减少网格三角形数量以通过验证要求,減少網格三角形數量，以通過驗證要求
Studio.AvatarCompatibilityPreviewer.AutoSetupOptions.EnableAdditionalHeadProcessing,,,Improve facial caging,Improve facial caging,,Gesichts-Caging verbessern,Mejorar el cage facial,Améliorer la cage du visage,फ़ेशियल केजिंग को बेहतर बनाएँ,Tingkatkan fungsi cage wajah,Migliora la gabbia facciale,顔のケージングを改善,얼굴 케이징 향상,Popraw obramowanie twarzy,Melhorar o posicionamento da gaiola de rosto,,ปรับปรุง Cage ของใบหน้า,Yüz kafesini iyileştir,Cải thiện khung lưới khuôn mặt,改善面部笼架,改善面部笼架,改善臉部圍籠設定
Studio.AvatarCompatibilityPreviewer.AutoSetupOptions.EnableAdditionalHeadProcessingTitle,,,Improve facial caging,Improve facial caging,,Gesichts-Caging verbessern,Mejorar el cage facial,Améliorer la cage du visage,फ़ेशियल केजिंग को बेहतर बनाएँ,Tingkatkan fungsi cage wajah,Migliora la gabbia facciale,顔のケージングを改善,얼굴 케이징 향상,Popraw obramowanie twarzy,Melhorar o posicionamento da gaiola de rosto,,ปรับปรุง Cage ของใบหน้า,Yüz kafesini iyileştir,Cải thiện khung lưới khuôn mặt,改善面部笼架,改善面部笼架,改善臉部圍籠設定
Studio.AvatarCompatibilityPreviewer.AutoSetupOptions.EnableAdditionalHeadProcessingDescription,,,"Align head cage with facial features, supports wearing makeup","Align head cage with facial features, supports wearing makeup",,Richte den Kopf-Cage an den Gesichtszügen aus; dies unterstützt die Verwendung von Make-up,"Alinea el cage de la cabeza con los rasgos faciales, admite el uso de maquillaje","Aligne la cage de la tête avec les traits du visage, prend en charge le port de maquillage","हेड केज को फ़ेशियल फ़ीचर्स के साथ अलाइन करें, मेकअप लगाने में सपोर्ट करता है","Selaraskan cage kepala dengan karakteristik wajah, mendukung pemakaian makeup","Allinea la gabbia della testa con i tratti del viso, supporta il trucco",頭ケージを顔の特徴に合わせ、メイクをサポートします,"머리 케이지를 얼굴 특징에 따라 정렬, 메이크업 지원",Dopasuj obramowanie głowy do rysów twarzy (obsługuje makijaż),Alinha a gaiola da cabeça com as características do rosto e permite o uso de maquiagem,,จัดแนว Cage ของศีรษะให้ตรงกับลักษณะใบหน้า รองรับการแต่งหน้า,Kafa kafesini yüz özellikleriyle hizala; makyajı destekler,"Căn chỉnh khung lưới đầu với các đặc điểm khuôn mặt, hỗ trợ việc trang điểm",将头部笼架与面部特征对齐，支持化妆,将头部笼架与面部特征对齐，支持化妆,將頭部圍籠與臉部特徵對齊，支援使用妝容
Studio.AvatarCompatibilityPreviewer.SortClothingTable.Avatar,,,Avatar,Avatar,,Avatar,Avatar,Avatar,अवतार,Avatar,Avatar,アバター,아바타,Awatar,Avatar,,อวาตาร์,Avatar,Avatar,虚拟形象,虚拟形象,虛擬人偶
Studio.AvatarCompatibilityPreviewer.SortClothingTable.AvatarExplanationTitle,,,Already set up asset,Already set up asset,,Objekt bereits eingerichtet,Activo ya configurado,Contenu déjà configuré,ऐसेट पहले से ही सेट अप किया हुआ है,Aset yang sudah diatur,Risorsa già configurata,すでに設定されたアセット,이미 애셋 설정됨,Zasób już skonfigurowany,Ativo já configurado,,ตั้งค่าแอสเซทไปแล้ว,Varlık zaten ayarlandı,Đã thiết lập tài sản từ trước,已设置素材,已设置素材,已設定資產
Studio.AvatarCompatibilityPreviewer.ProgressBar.HeadCagePostProcessing,,,Improving facial caging,Improving facial caging,,Verbesserung des Gesichts-Caging,Mejorar el cage facial,Amélioration de la cage du visage,फ़ेशियल केजिंग में सुधार किया जा रहा है,Meningkatkan fungsi cage wajah,Miglioramento della gabbia facciale,顔のケージングを改善,얼굴 케이징 향상,Poprawiam obramowanie twarzy,Melhorando o posicionamento da gaiola de rosto,,การปรับปรุง Cage ของใบหน้า,Yüz kafesi iyileştiriliyor,Cải thiện khung lưới khuôn mặt,改善面部笼架,改善面部笼架,正在改善臉部圍籠設定
