Key,Context,Example,Source,en-us,ar-001,de-de,es-es,fr-fr,hi-in,id-id,it-it,ja-jp,ko-kr,pl-pl,pt-br,ru-ru,th-th,tr-tr,vi-vn,zh-cjv,zh-cn,zh-tw
Studio.BetaFeatures.AutoSetupTermsAndConditions,,,"Please view the Terms and Conditions at the link below:

https://en.help.roblox.com/hc/articles/20121392440212","Please view the Terms and Conditions at the link below:

https://en.help.roblox.com/hc/articles/20121392440212","يرجى الاطلاع على الشروط والأحكام على الرابط أدناه:

https://en.help.roblox.com/hc/articles/20121392440212","Bitte sieh dir die Nutzungsbedingungen unter folgendem Link an:

https://en.help.roblox.com/hc/de/articles/115004647846","Consulta los Términos y las condiciones en el siguiente enlace:

https://en.help.roblox.com/hc/articles/20121392440212","Consulter les termes et conditions dans le lien ci-dessous :

https://en.help.roblox.com/hc/articles/20121392440212","कृपया नीचे दिए गए लिंक पर नियम और शर्तें देखें:

https://en.help.roblox.com/hc/articles/20121392440212","Harap baca Syarat dan Ketentuan di tautan di bawah ini:

https://en.help.roblox.com/hc/articles/20121392440212","Visualizza i Termini e condizioni al link qui sotto:

https://en.help.roblox.com/hc/articles/20121392440212","以下のリンクから規約と条件をごらんください。

https://en.help.roblox.com/hc/ja/articles/20121392440212","아래 링크에서 약관 및 조건을 확인하세요.

https://en.help.roblox.com/hc/articles/20121392440212","Wyświetl Warunki, korzystając z poniższego linku:

https://en.help.roblox.com/hc/articles/20121392440212","Por favor, veja os Termos e Condições no link abaixo:

https://en.help.roblox.com/hc/articles/20121392440212",,"โปรดดูข้อกำหนดและเงื่อนไขที่ลิงก์ด้านล่าง:

https://en.help.roblox.com/hc/articles/20121392440212","Lütfen aşağıdaki bağlantıdan Hüküm ve Koşulları görüntüle:

https://en.help.roblox.com/hc/articles/20121392440212","Vui lòng xem các Điều Khoản và Điều Kiện tại liên kết bên dưới:

https://en.help.roblox.com/hc/articles/20121392440212",,,"請從下列連結檢視條款與條件：

https://en.help.roblox.com/hc/articles/20121392440212"
Studio.BetaFeatures.NewFeaturesForChannelUserWarning1,,,"New beta features have been automatically enabled above as you are enrolled in Beta Channel. You must restart Studio for them to be activated. <a href=""%1"">Restart Now</a>","New beta features have been automatically enabled above as you are enrolled in Beta Channel. You must restart Studio for them to be activated. <a href=""%1"">Restart Now</a>","تم تمكين ميزات الإصدار التجريبي الجديدة تلقائيًا أعلاه أثناء تسجيلك في قناة الإصدار التجريبي. يجب إعادة تشغيل Studio حتى يتم تنشيطها. <a href=""%1"">إعادة التشغيل الآن</a>","Neue Beta-Funktionen wurden oben automatisch aktiviert, da du in den Beta-Kanal eingeschrieben bist. Du musst Studio neu starten, damit diese aktiviert werden können. <a href=""%1"">Jetzt neu starten</a>","Las nuevas funciones beta están activadas automáticamente arriba porque estás registrado(a) en el Canal Beta. Debes reiniciar Studio para que se activen. <a href=""%1"">Reiniciar ahora</a>","Les nouvelles fonctions bêta ont été automatiquement activées ci-dessus lorsque tu es inscrit au canal bêta. Tu dois redémarrer Studio pour qu'elles soient activées.<a href=""%1"">Redémarrer maintenant</a>","नये बीटा फ़ीचर्स अपने आप चालू कर दिए गए हैं क्योंकि आप बीटा चैनल में एनरोल कर चुके हैं. उन्हें ऐक्टिवेट करने के लिए आपको Studio को रीस्टार्ट करना होगा. अभी <a href=""%1"">रीस्टार्ट करें</a>","Fitur beta baru telah otomatis diaktifkan di atas karena kamu terdaftar di Channel Beta. Studio harus dimulai ulang agar fitur tersebut bisa diaktifkan. <a href=""%1"">Mulai Ulang Sekarang</a>","Data la tua iscrizione al canale beta, le nuove funzionalità beta sono state abilitate automaticamente. Per attivarle devi riavviare Studio. <a href=""%1"">Riavvia ora</a>","ベータチャンネルに登録されているので、新しいベータ機能は以上のように自動有効化されています。アクティブ化するには、Studioの再起動が必要です。 <a href=""%1"">今すぐ再起動</a>","베타 채널에 등록되었기 때문에 위의 새로운 베타 기능이 자동으로 활성화되었습니다. 기능을 사용하려면 Studio를 다시 시작해야 합니다. <a href=""%1"">지금 다시 시작</a>","Nowe funkcje w wersji beta zostały automatycznie włączone powyżej w momencie dołączenia do kanału wersji beta. Musisz uruchomić Studio ponownie, aby funkcje te zostały aktywowane. <a href=""%1"">Uruchom ponownie teraz</a>","Novas funcionalidades beta foram habilitadas automaticamente acima quando você ingressou no canal beta. Você deve reiniciar o Studio para que elas sejam ativadas.<a href=""%1"">Reiniciar agora</a>",,"คุณสมบัติเบต้าใหม่ได้รับการเปิดใช้งานโดยอัตโนมัติเนื่องจากคุณได้เข้าร่วมในช่องเบต้าแล้ว คุณต้องรีสตาร์ท Studio เพื่อเปิดใช้งานคุณสมบัติดังกล่าว <a href=""%1"">รีสตาร์ททันที</a>","Beta kanalına katıldığın için yeni beta özellikler otomatik olarak etkinleştirildi. Özellikleri kullanabilmek için Studio'yu yeniden başlatman gerekiyor. <a href=""%1"">Hemen yeniden başlat</a>","Hệ thống đã tự động bật các tính năng beta mới ở trên khi bạn đăng ký Kênh Beta. Để kích hoạt, bạn phải khởi động lại Studio. <a href=""%1"">Khởi Động Lại Ngay</a>",,,"因為您已加入 Beta 測試頻道，新的 Beta 測試功能已自動為您啟用。若要使用這些功能，請重新啟動 Studio。<a href=""%1"">立即重新啟動</a>"
Studio.BetaFeatures.WhatsNewWindowTitle,,,New Updates Window,New Updates Window,نافذة التحديثات الجديدة,Fenster mit neuen Updates,Ventana con nuevas actualizaciones,Fenêtre des nouvelles mises à jour,नई अपडेट विंडो,Jendela Update Baru,Nuova finestra degli aggiornamenti,新規更新ウィンドウ,새로운 업데이트 창,Okno nowych aktualizacji,Janela de novas atualizações,,หน้าต่างการอัปเดตใหม่,Yeni güncellemeler penceresi,Cửa Sổ Cập Nhật Mới,,,近期更新視窗
Studio.BetaFeatures.StudioIncrementalAutocompleteDescription,,,Studio will perform incremental typechecks on cached scripts to speed up the responsiveness of autocomplete requests,Studio will perform incremental typechecks on cached scripts to speed up the responsiveness of autocomplete requests,سيقوم Studio بإجراء فحوصات نوعية تدريجية على البرامج النصية المخزنة مؤقتًا لتسريع استجابة طلبات الإكمال التلقائي,"Studio führt inkrementelle Typenüberprüfungen bei zwischengespeicherten Skripten durch, um die Reaktionsfähigkeit von Auto-Vervollständigungsanfragen zu beschleunigen",Studio realizará comprobaciones incrementales de tipografía en los scripts almacenados en caché para acelerar la capacidad de respuesta de las solicitudes de completado automático,Studio effectuera des vérifications incrémentielles sur les scripts mis en cache pour accélérer la réactivité des demandes d'autocomplétion,"Studio ऑटोकंप्लीट रिक्वेस्ट की जवाबदेही में तेज़ी लाने के लिए, कैश्ड स्क्रिप्ट पर इंक्रीमेंटल टाइपचेक करेगा",Studio akan menjalankan typecheck inkremental untuk skrip yang tersimpan di cache untuk mempercepat tingkat respons permintaan lengkapi otomatis,Studio eseguirà controlli incrementali della tipologia di script memorizzati nella cache per accelerare la reattività delle richieste di completamento automatico,Studio はキャッシュされたスクリプトに対して漸進型の型チェックを実行し、自動補完リクエストへの応答を向上させます。,Studio에서 캐싱된 스크립트에 대해 증분식 유형 검사를 진행하여 자동 완성 요청에 대한 반응 속도를 올립니다.,"Aplikacja Studio przeprowadza przyrostowe sprawdzanie typów w skryptach w pamięci podręcznej, aby przyspieszyć reagowanie na żądania autouzupełniania",O Studio realizará verificações incrementais de checagem de tipos em scripts em cache para acelerar a capacidade de resposta de requisições de preenchimento automático,,Studio จะทำการตรวจสอบความถูกต้องแบบเพิ่มสูงขึ้นบนสคริปต์ที่แคชไว้เพื่อเพิ่มความเร็วในการตอบสนองของคำขอการเติมคำอัตโนมัติ,"Studio, önbelleğe alınmış betiklerde aşamalı yazım kontrolleri yapar ve otomatik tamamlama isteklerinin tepkiselliğini hızlandırır",Studio sẽ thực hiện kiểm tra đánh máy liên tục đối với các tập lệnh được lưu trong bộ nhớ đệm để gia tăng tốc độ hồi đáp của các yêu cầu tự động hoàn thành,,,Studio 將對快取指令碼執行增量類型檢查以加快自動完成請求的反應速度
Studio.BetaFeatures.ScriptEditorApiDescription,,,"Allow plugins to access the ScriptEditorService and ScriptDocument objects, permitting them to interact with an active editor.","Allow plugins to access the ScriptEditorService and ScriptDocument objects, permitting them to interact with an active editor.",السماح للمكونات الإضافية بالوصول إلى كائنات ScriptEditorService وScriptDocument، مما يسمح لها بالتفاعل مع محرر نشط.,"Erlaube Plug-ins den Zugriff auf die Objekte ScriptEditorService und ScriptDocument, damit sie mit einem aktiven Editor interagieren können.",Permitir que los plugins accedan al ScriptEditorService y a los objetos de ScriptDocument para que interactuen con un editor activo.,Permettre aux plugins d'accéder aux objets ScriptEditorService et ScriptDocument pour leur permettre d'interagir avec un éditeur actif.,"प्लग-इन को ScriptEditorService और ScriptDocument ऑब्जेक्ट्स तक पहुँचने की अनुमति दें, जिससे वे किसी ऐक्टिव एडिटर के साथ इंटरैक्ट कर सकें.",Membuka akses bagi plugin ke objek ScriptEditorService dan ScriptDocument sehingga plugin bisa berinteraksi dengan editor aktif.,"Consenti ai plugin di accedere agli oggetti ScriptEditorService e ScriptDocument, consentendo loro di interagire con un editor attivo.",ScriptEditorService と ScriptDocument オブジェクトへのプラグインのアクセスを許可し、アクティブな編集者と交流できるようにします。,"플러그인이 ScriptEditorService 및 ScriptDocument 개체에 액세스할 수 있도록 하여, 활성 편집기와 상호 작용할 수 있도록 허용합니다.","Zezwalaj dodatkom plug-in na dostęp do usługi ScriptEditorService oraz obiektów ScriptDocument, zezwalając im na interakcje z aktywnym edytorem.","Permitir que plugins acessem os objetos ScriptEditorService e ScriptDocument, permitindo que eles interajam com um editor ativo.",,อนุญาตปลั๊กอินให้เข้าถึง ScriptEditorService และวัตถุ ScriptDocument อนุญาตให้สิ่งเหล่านี้สามารถปฏิสัมพันธ์กับเครื่องมือแก้ไขที่เปิดใช้งานอยู่ได้,Eklentilerin ScriptEditorService ve ScriptDocument nesnelerine erişimine izin vererek etkin düzenleyicilerle etkileşime girebilmelerini sağla.,Cho phép plugin truy cập vào các đối tượng ScriptEditorService và ScriptDocument để tương tác với trình biên tập đang hoạt động.,,,允許外掛程式存取 ScriptEditorService 和 ScriptDocument 物件，進而允許它們與作用中的編輯器互動。
Studio.BetaFeatures.PreferredTextSizeSettingTitle,,,Preferred Text Size Setting,Preferred Text Size Setting,إعداد حجم النص المفضل,Bevorzugte Textgrößeneinstellung,Configuración de tamaño de texto preferida,Paramètre de taille de texte préféré,पसंदीदा टेक्स्ट साइज़ सेटिंग,Pengaturan Ukuran Teks yang Disukai,Impostazione della dimensione del testo desiderata,優先テキストサイズ設定,선호 텍스트 크기 설정,Preferowane ustawienie wielkości tekstu,Configuração do tamanho do texto preferido,,การตั้งค่าขนาดข้อความที่ต้องการ,Tercih Edilen Metin Boyutu Ayarı,Cài Đặt Cỡ Chữ Ưu Tiên,,,偏好的文字大小設定
Studio.BetaFeatures.ScriptEditorHoverTitle,,,Luau-Powered Type Hover,Luau-Powered Type Hover,نوع التمرير المدعوم من Luau,Hover mit Luau-Typ-Unterstützung,Tipo flotante impulsado por Luau,Type Hover alimenté par Luau,Luau-पावर्ड टाइप होवर,Kursor Melayang Tipe yang Didukung Luau,Passaggio cursore basato su Luau,Luau 駆動型ホバー,Luau 기반 유형 가리키기,Najechanie na tekst obsługiwane przez Luau,Tipo de flutuação habilitada por Luau,,การวางเคอร์เซอร์อยู่เหนือประเภทด้วย Luau,Luau Tabanlı Tür Gezinmesi,Di Chuột Hiển Thị Loại Dựa Trên Mã Luau,,,Luau 支援的停放顯示類型
Studio.BetaFeatures.PreferredTextSizeSettingDescription,,,Enables a text size setting in the in-game menu and app-shell device preferences page that scales text according to a user's selection.,Enables a text size setting in the in-game menu and app-shell device preferences page that scales text according to a user's selection.,تمكين خيار تغيير حجم الخط في قائمة اللعبة الرئيسية وفي صفحة إعدادات الجهاز الخاصة بغلاف التطبيق، حيث يتم تعديل حجم النص بناءً على اختيار المستخدم.,"Ermöglicht eine Einstellung der Textgröße im Spielmenü und in den Geräteeinstellungen der App-Shell, die den Text entsprechend der Auswahl des Benutzers skaliert.",Permite ajustar un tamaño de texto en el menú del juego y la página de preferencias del dispositivo que escala el texto de acuerdo a la selección del usuario.,Active un paramètre de taille de texte dans le menu du jeu et dans la page des préférences de l'app-shell qui adapte le texte à la sélection de l'utilisateur.,इन-गेम मेन्यू और ऐप-शेल डिवाइस के प्राथमिकता पेज में टेक्स्ट साइज़ सेटिंग चालू करता है जो यूज़र के सिलेक्शन के अनुसार टेक्स्ट को स्केल करती है.,Mengaktifkan pengaturan ukuran teks di menu dalam game dan halaman preferensi perangkat app-shell yang mengubah ukuran teks sesuai keinginan pengguna.,"Abilita un'impostazione relativa alla dimensione del testo, nel menu di gioco e nella pagina delle preferenze semplici del dispositivo, che ridimensiona il testo in base alla selezione di un utente.",ゲーム内メニューとアプリシェルデバイスの基本設定ページでテキストのサイズをユーザーの選択に応じて拡大/縮小する設定を有効化。,사용자의 선택에 따라 텍스트 크기를 조정하는 앱 셸 기기 기본 설정 페이지와 게임 내 메뉴의 텍스트 크기 설정을 활성화합니다.,"Włącza ustawienie wielkości tekstu w menu w grze i na stronie preferencji powłoki aplikacji urządzenia, gdzie tekst jest skalowany zgodnie z wyborem użytkownika.",Habilita uma configuração de tamanho de texto no menu do jogo e página de preferências do dispositivo do aplicativo que dimensiona texto de acordo com a seleção do usuário.,,เปิดใช้งานการตั้งค่าขนาดข้อความในเมนูเกมและการตั้งค่าอุปกรณ์เชลล์แอปพลิเคชันที่ปรับขนาดข้อความตามการเลือกของผู้ใช้งาน,Oyun içi menüde ve uygulama kabuğundaki cihaz tercihleri sayfasında metni kullanıcının seçimine göre ölçeklendiren bir metin boyutu ayarı etkinleştirir.,Cho phép cài đặt cỡ chữ trong menu trong trò chơi và trang tùy chọn thiết bị của giao diện ứng dụng để thay đổi cỡ chữ theo lựa chọn của người dùng.,,,在遊戲內選單和應用程式殼層裝置偏好設定頁面中啟用文字大小設定，以根據使用者選擇的項目縮放文字。
Studio.BetaFeatures.StudioNotificationsDescription,,,Improves UI and expands functionality of Studio Notifications,Improves UI and expands functionality of Studio Notifications,يحسِّن واجهة المستخدم ويوسع وظائف إشعارات Studio,Verbessert die Benutzeroberfläche und erweitert die Funktionalität der Studio-Benachrichtigungen,Mejora la interfaz de usuario y expande la funcionalidad de las notificaciones de Studio,Améliore l'interface utilisateur et élargit la fonctionnalité des notifications Studio,इससे UI बेहतर होता है और Studio नोटिफ़िकेशन की सुविधा का दायरा बढ़ता है,Menyempurnakan UI dan memperbanyak fungsi Notifikasi Studio,Migliora l'interfaccia utente ed espande la funzionalità delle notifiche di Studio,ユーザーインターフェースの改善とStudio通知機能の拡張,Studio 알림 UI를 개선하고 기능을 확장합니다.,Usprawnienie interfejsu użytkownika i wzbogacenie funkcji powiadomień w Studio,Melhora a IU e expande a funcionalidade das notificações do Studio,,ปรับปรุง UI และขยายคุณสมบัติของการแจ้งเตือน Studio,Studio bildirimlerinin arayüzünü iyileştirir ve işlevselliğini artırır,Cải thiện UI và mở rộng chức năng của Thông Báo trong Studio,,,改善 Studio 通知的 UI 並擴展其功能性
Studio.BetaFeatures.FasterPlaySoloDescription,,,Streamlines Play Solo for faster loading performance.,Streamlines Play Solo for faster loading performance.,يحسّن من اللعب الفردي لتسريع أداء التحميل.,Optimiert Einzelspiel für eine schnellere Ladeleistung.,Agilizar Jugar en solitario para un rendimiento de carga más rápido.,Rationalisation de Jouer en Solo pour un chargement plus rapide.,अकेले खेलने पर जल्दी लोड करता है.,Menyederhanakan Main Solo agar pemuatan berjalan lebih cepat.,Semplifica il gioco in solitaria per prestazioni di caricamento più rapide.,「一人でプレイ」を効率化して、読み込みパフォーマンスを高速化。,더 빠른 불러오기 성능을 위해 싱글 플레이를 간소화합니다.,"Usprawnia granie solo, skracając wczytywanie.",Agiliza jogar solo para um desempenho de carregamento mais rápido.,,ปรับปรุงการเล่นเดี่ยวเพื่อประสิทธิภาพการโหลดที่รวดเร็วขึ้น,Tek oyunculu modu yükleme hızı performansını artıracak şekilde düzenler.,Tối ưu hóa Chế Độ Chơi Đơn để tải nhanh hơn.,,,簡化單人遊玩以加快載入效能。
Studio.BetaFeatures.GamepadEmulatorTitle,,,Gamepad Emulator,Gamepad Emulator,محاكي Gamepad,Gamepad-Emulator,Emulador de gamepad,Émulateur de la manette,गेमपैड एम्युलेटर,Emulator Gamepad,Emulatore del gamepad,ゲームパッド仮想化機能,게임 패드 에뮬레이터,Emulator kontrolera,Emulador de controle,,อีมูเลเตอร์เกมแพด,Oyun Kolu Öykünücüsü,Trình Giả Lập Tay Cầm,,,手把模擬器
Studio.BetaFeatures.ScriptSyncTitle,,,Script Sync [Early Preview],Script Sync [Early Preview],مزامنة النص البرمجي [معاينة مبكرة],Synchronisation von Skripten [Frühe Vorschau],Sincronización de scripts [Vista previa temprana],Synchronisation de script [Early Preview],स्क्रिप्ट सिंक [अर्ली प्रीव्यू],Sinkronisasi Skrip [Pratinjau Dini],Sincronizzazione script [Anteprima preliminare],スクリプト同期 [早期プレビュー],스크립트 동기화 [초기 미리 보기],Synchronizacja skryptu [Wczesny podgląd],Sincronização de script [visualização antecipada],,การซิงค์สคริปต์ [ดูตัวอย่างเบื้องต้น],Betik Senkronizasyonu [Erken Ön İzleme],Đồng Bộ Tập Lệnh [Bản Xem Trước Sớm],,,指令碼同步 [早期預覽]
Studio.BetaFeatures.LuauNonStrictByDefaultTitle,,,Scripts Are Non-Strict By Default,Scripts Are Non-Strict By Default,النصوص البرمجية في الوضع غير الصارم بشكل افتراضي,Skripte sind standardmäßig nicht-strikt,Los scripts son no estrictos por defecto,Les scripts sont non stricts par défaut,स्क्रिप्ट्स डिफ़ॉल्ट रूप से नॉन-स्ट्रिक्ट हैं,Skrip secara Default Menggunakan Mode Non-Strict,Gli script sono non rigorosi come impostazione predefinita,スクリプトはデフォルトで非厳格,스크립트에 기본적으로 비엄격 모드 적용,Skrypty są domyślnie w trybie nieścisłym,Os scripts são não-restritos por padrão,,สคริปต์เป็นแบบ Non-Strict โดยค่าเริ่มต้น,Betiklerde katı olmayan mod varsayılan,Các Tập Lệnh Không Nghiêm Ngặt Theo Mặc Định,,,指令碼預設為非嚴格模式
Studio.BetaFeatures.PhysicsNewConvexDecompositionTitle,,,Enable CollisionFidelity.PreciseConvexDecomposition.,Enable CollisionFidelity.PreciseConvexDecomposition.,تمكين CollisionFidelity.PreciseConvexDecomposition.,CollisionFidelity.PreciseConvexDecomposition aktivieren.,Activa CollisionFidelity.PreciseConvexDecomposition.,Activer CollisionFidelity.PreciseConvexDecomposition.,CollisionFidelity.PreciseConvexDecomposition चालू करें.,Aktifkan CollisionFidelity.PreciseConvexDecomposition.,Abilita CollisionFidelity.PreciseConvexDecomposition.,CollisionFidelity.PreciseConvexDecomposition を有効化。,CollisionFidelity.PreciseConvexDecomposition 활성화,Udostępnia funkcję CollisionFidelity.PreciseConvexDecomposition.,Habilita CollisionFidelity.PreciseConvexDecomposition.,,เปิดใช้งาน CollisionFidelity.PreciseConvexDecomposition,CollisionFidelity.PreciseConvexDecomposition'ı etkinleştir.,Bật chức năng CollisionFidelity.PreciseConvexDecomposition.,,,啟用 CollisionFidelity.PreciseConvexDecomposition。
Studio.BetaFeatures.ScriptSyncDescription,,,"Very early preview for syncing Scripts with files on disk. Not ready for full workflows, please read the DevForum post linked before enabling.","Very early preview for syncing Scripts with files on disk. Not ready for full workflows, please read the DevForum post linked before enabling.",معاينة مبكرة جدًا لمزامنة النصوص البرمجية مع الملفات الموجودة على القرص. غير جاهز لسير العمل الكامل، يرجى قراءة منشور DevForum المرتبط قبل التمكين.,Sehr frühe Vorschau für die Synchronisierung von Skripten mit Dateien auf der Festplatte. Nicht bereit für vollständige Arbeitsabläufe. Bitte lies vor der Aktivierung den verlinkten Beitrag im DevForum.,Vista previa muy temprana para sincronizar Scripts con archivos en disco. No está listo para flujos de trabajo completos. Lee la publicación de DevForum enlazada antes de activar.,"Prévisualisation très précoce de la synchronisation des scripts avec les fichiers sur le disque. Pas prêt pour des flux de travail complets, lire le post DevForum avant de l'activer.","डिस्क पर फ़ाइलों के साथ स्क्रिप्ट सिंक्रोनाइज़ करने के लिए अर्ली प्रीव्यू. पूरे वर्कफ़्लो के लिए तैयार नहीं, चालू करने से पहले कृपया DevForum पोस्ट लिंक पढ़ें.","Pratinjau sangat dini untuk sinkronisasi Skrip dengan file di disk. Karena ia belum siap untuk alur kerja penuh, maka silakan baca postingan DevForum yang tertaut sebelum melakukan pengaktifan.",Anteprima preliminare per la sincronizzazione degli script con i file sul disco. Non pronta per flussi di lavoro completi. Leggi il post di DevForum al link prima di abilitarla.,スクリプトをディスク上のファイルに同期するための、かなり早期のプレビューです。完全なワークフローの準備ができていません。有効にする前に、リンクされた開発者フォーラムの投稿内容をお読みください。,스크립트를 디스크의 파일과 동기화하기 위한 초기 미리 보기입니다. 전체 워크플로에는 준비되지 않았습니다. 활성화하기 전에 연결된 DevForum 게시물을 확인하세요.,"Bardzo wczesny podgląd funkcji synchronizacji skryptów z plikami na dysku. Nie jest jeszcze gotowa do użycia w pełnych procedurach tworzenia. Zanim ją włączysz, przeczytaj post na forum deweloperów.","Visualização muito antecipada para sincronização de scripts com arquivos no disco. Não está pronta para fluxos de trabalho completos, leia a postagem vinculada no DevForum antes de ativar.",,การดูตัวอย่างเบื้องต้นสำหรับการซิงค์สคริปต์กับไฟล์ในดิสก์ ไม่พร้อมสำหรับกระแสงานเต็มรูปแบบ โปรดอ่านโพสต์ DevForum ที่เชื่อมโยงก่อนที่จะเปิดใช้งาน,Betiklerin diskteki dosyalara senkronizasyonunun çok erken bir ön izlemesi. Tam iş akışları için hazır değildir. Etkinleştirmeden önce lütfen bağlantıdaki Geliştirici Forumu gönderisini oku.,"Bản xem trước sớm để đồng bộ hóa Tập Lệnh với các tệp tin trên ổ đĩa. Chưa sẵn sàng cho quy trình làm việc hoàn thiện, vui lòng đọc bài đăng DevForum được liên kết trước khi bật.",,,將指令碼與磁碟上的檔案同步的非常早期預覽版本。尚未支援完整工作流程，啟用前請先閱讀連結的開發者論壇貼文。
Studio.BetaFeatures.MaterialGeneratorTitle,,,Material Generator,Material Generator,منشئ المواد,Material Generator,Generador de materiales,Générateur de matériaux,मटीरियल जेनरेटर,Material Generator,Material Generator,素材生成,재질 생성기,Generator materiałów,Gerador de materiais,,เครื่องมือสร้างวัสดุ,Malzeme Oluşturucu,Trình Tạo Vật Liệu,,,材質產生器
Studio.BetaFeatures.UnifiedMeshMassDescription,,,Enable calculating masses for Mesh Parts and CSG Operations based on their Mesh instead of their Collision Fidelity. Old Mesh Parts and CSG Operations will not be affected until you change their Collision Fidelity.,Enable calculating masses for Mesh Parts and CSG Operations based on their Mesh instead of their Collision Fidelity. Old Mesh Parts and CSG Operations will not be affected until you change their Collision Fidelity.,تمكين حساب الكتل لأجزاء أصل Mesh وعمليات CSG بناءً على أصل Mesh لديها بدلاً من دقة التصادم. لن تتأثر أجزاء أصل Mesh القديمة وعمليات CSG حتى تقوم بتغيير دقة التصادم الخاصة بها.,"Aktiviere die Berechnung der Massen für Mesh-Teile und CSG-Operationen anhand ihres Meshes und nicht ihrer Kollisionsgenauigkeit. Alte Mesh-Teile und CSG-Operationen sind davon nicht betroffen, bis du ihre Kollisionsgenauigkeit änderst.",Activa el cálculo de masas para Piezas de malla y Operaciones CSG basándote en su Malla en lugar de en su Fidelidad de colisión. Las piezas de malla y las operaciones CSG antiguas no se verán afectadas hasta que cambies su fidelidad de colisión.,Activer le calcul des masses pour les parties maillage et les Opérations CSG en fonction de leur maillage au lieu de leur Collision avec fidélité. Les anciennes pièces de maillage et les opérations de la CSG ne seront pas affectées tant que vous n'aurez pas modifié leur Collision avec fidélité.,उनकी कॉलिज़न फ़िडेलिटी के बजाय उनके मेश के आधार पर मेश पार्ट्स और CSG ऑपरेशन के लिए सभी को कैल्क्यूलेट करना चालू करें. पुराने मेश पार्ट्स और CSG ऑपरेशन पर तब तक असर नहीं पड़ेगा जब तक कि उनकी कॉलिजन फ़िडेलिटी नहीं बदली जाती.,"Mengaktifkan penghitungan massa untuk Komponen Mesh dan Operasi CSG berdasarkan Mesh, alih-alih berdasarkan Fidelitas Benturan. Komponen Mesh dan Operasi CSG lama tidak akan terdampak sampai Fidelitas Benturan diubah.",Abilita il calcolo delle masse per le parti di mesh e le operazioni CSG in base alla loro mesh anziché alla loro fedeltà di collisione. Le vecchie parti di mesh e operazioni CSG non saranno influenzate fino a quando non modificherai la loro fedeltà alla collisione.,メッシュパーツの質量計算と衝突忠実度ではなくメッシュに基づいたCSG操作ができるようになります。古いメッシュパーツとCSG操作は衝突忠実度を変更するまで影響を受けません。,메시 파트 및 CSG 작업에 대해 충돌 정확도 대신 메시를 기반으로 질량을 계산하도록 활성화합니다. 기존 메시 파트 및 CSG 작업은 충돌 정확도를 변경하지 않으면 영향을 받지 않습니다.,"Włącz obliczanie mas części siatki oraz operacji CSG na podstawie ich siatek zamiast wierności kolizji. Nie będzie to mieć wpływu na stare części siatki oraz operacje CSG, dopóki nie zmienisz ich wierności kolizji.",Ativar o cálculo de massas para peças de malha e operações CSG com base em suas malhas ao invés de sua fidelidade de colisão. As velhas peças de malha e as operações CSG não serão afetadas até que você mude sua fidelidade de colisão.,,เปิดใช้งานการคำนวณมวลสำหรับส่วนประกอบเมช และการดำเนินการ CSG ตามเมชแทนความเที่ยงตรงการชนกัน ส่วนประกอบเมชและการดำเนินการ CSG เก่าจะไม่ได้รับผลกระทบจนกว่าคุณจะเปลี่ยนแปลงความเที่ยงตรงการชนกันของรายการดังกล่าว,"Mesh Parçaları ve Yapıcı Katı Geometri (CSG) İşlemleri için kütlenin Çarpışma Bağlılığı yerine Mesh yapıları göz önünde bulundurularak hesaplanmasını etkinleştirir. Eski Mesh Parçaları ve Yapıcı Katı Geometri (CSG) İşlemleri, Çarpışma Bağlılıkları değiştirilene kadar etkilenmez.","Cho phép tính toán khối lượng của các Bộ Phận Lưới và Hoạt Động CSG dựa trên Lưới, thay vì Độ Chính Xác Của Va Chạm. Các Bộ Phận Lưới và Hoạt Động CSG Cũ sẽ không bị ảnh hưởng cho đến khi bạn thay đổi Độ Chính Xác Cho Va Chạm của chúng.",,,啟用根據網格零件和 CSG 運算的網格而非其碰撞真實度來計算其質量。舊版網格零件和 CSG 運算將不會受到影響，直到您變更其碰撞真實度為止。
Studio.BetaFeatures.SurfaceJoinChangesTitle,,,Surface Join Behavior Change,Surface Join Behavior Change,تغيير سلوك انضمام السطح,Verhaltensänderung der Oberflächenverbindung,Cambio en el comportamiento de la unión de superficie,Changement de comportement de l'adhésion de surface,सर्फ़ेस के आपस में जुड़ने के तरीके में बदलाव,Perubahan Perilaku Gabung Permukaan,Modifica al funzionamento dell'unione di superfici,表面結合動作の変更,표면 결합 동작 변경,Zmiana zachowania łączenia powierzchni,Mudança no comportamento de junção de superfície,,การเปลี่ยนแปลงพฤติกรรมการประสานพื้นผิว,Yüzey birleştirme davranış değişimi,Thay Đổi Hành Vi Ghép Khớp Bề Mặt,,,表面結合行為變更
Studio.BetaFeatures.LSPLuauScriptEditorTitle,,,Luau-Powered Autocomplete & Language Features,Luau-Powered Autocomplete & Language Features,ميزات اللغة والإكمال التلقائي المدعومة من Luau,Auto-Vervollständigung und Sprachfunktionen mit Luau-Unterstützung,Funciones de autocompletado e idioma con Luau,Fonctionnalités de remplissage automatique et de langue Luau,Luau-पावर्ड ऑटो-कंप्लीट और भाषा से जुड़े फ़ीचर्स,Lengkapi Otomatis dan Fitur Bahasa yang Didukung Luau,Autocompletamento e funzionalità linguistiche basate su Luau,Luau 駆動自動補完と言語機能,Luau 기반 자동 완성 및 언어 기능,Funkcje autouzupełniania i języka obsługiwane przez Luau,Funcionalidades de idioma e auto completar utilizando Luau,,คุณสมบัติการเติมอัตโนมัติและภาษาที่เปิดโดย Luau,Luau Tabanlı Otomatik Tamamlama ve Dil Özellikleri,Tính Năng Tự Động Hoàn Thành & Ngôn Ngữ được hỗ trợ bởi Luau,,,Luau 支援的自動完成和語言功能
Studio.BetaFeatures.AvatarJointUpgradeTitle,,,Avatar Joint Upgrade,Avatar Joint Upgrade,ترقية مشتركة للأفاتار,Verbesserung der Avatar-Verbindung,Mejora de la articulación de avatar,Amélioration conjointe de l'avatar,अवतार जॉइंट अपग्रेड,Upgrade Sendi Avatar,Aggiornamento delle articolazioni dell'avatar,アバタージョイントのアップグレード,아바타 조인트 업그레이드,Ulepszenie stawów awatara,Melhoria da articulação de avatar,,การอัปเกรดข้อต่ออวาตาร์,Avatar Eklem Güncellemesi,Nâng Cấp Chung Cho Avatar,,,虛擬人偶關節升級
Studio.BetaFeatures.StudioIncrementalAutocompleteTitle,,,Incremental typechecking and autocompletion in studio,Incremental typechecking and autocompletion in studio,فحص النوع التدريجي والإكمال التلقائي في Studio,Inkrementelle Typenüberprüfung und Auto-Vervollständigung in Studio,Comprobación tipográfica incremental y completado automático en Studio,Vérification incrémentale des caractères et autocomplétion en studio,Studio में इन्क्रीमेंटल टाइपचेकिंग और ऑटो-कंप्लीशन,Typecheck inkremental dan melengkapi otomatis di studio,Controllo incrementale della tipologia e completamento automatico in Studio,Studioでの漸進型の型チェックと自動補完,Studio 내 증분식 유형 검사 및 자동 완성,Przyrostowe sprawdzanie typów i autouzupełnianie w Studio,Checagem incremental de tipos e preenchimento automático no Studio,,การตรวจสอบความถูกต้องแบบเพิ่มสูงขึ้นและการเติมคำอัตโนมัติใน Studio,Studio'da aşamalı yazım kontrolü ve otomatik tamamlama,Kiểm tra đánh máy liên tục và tự động hoàn thành trong studio,,,Studio 中的增量類型檢查與自動完成
Studio.BetaFeatures.CSG4StudioTitle,,,Studio solid modeling improvements,Studio solid modeling improvements,تحسينات إنشاء النماذج الصلبة في Studio,Verbesserungen der Körper-Modellierung in Studio,Mejoras de modelado sólido de Studio,Améliorations de la modélisation solide du Studio,Studio सॉलिड मॉडलिंग में सुधार,Penyempurnaan modeling padat Studio,Miglioramenti alla modellazione dei solidi di Studio,Studioのソリッドモデル作成の改善,Studio 솔리드 모델링 개선,Usprawnienia modelowania brył w aplikacji Studio,Melhorias de modelagem sólidas do Studio,,การปรับปรุงการสร้างแบบจำลองของแข็งของ Studio,Studio katı modelleme iyileştirmeleri,Các cải tiến khi dựng mô hình dạng đặc trong Studio,,,Studio 實體建模改善
Studio.BetaFeatures.AnimationCompositorDescription,,,"Enables the new Lua based Animation APIs and the frameworks surrounding them. With this new feature, you can now define richer composition of clip-based and procedural animations using the new Lua Animation Library, and use the new ""Compositor Debugger"" plugin. Opting into the beta will also upgrade the default Animate script with a refactored version that uses this new system and adds new default procedural behaviors.","Enables the new Lua based Animation APIs and the frameworks surrounding them. With this new feature, you can now define richer composition of clip-based and procedural animations using the new Lua Animation Library, and use the new ""Compositor Debugger"" plugin. Opting into the beta will also upgrade the default Animate script with a refactored version that uses this new system and adds new default procedural behaviors.","تمكين واجهات برمجة تطبيقات الحركة الجديدة المستندة إلى لغة Lua والأطر المحيطة بها. باستخدام هذه الميزة الجديدة، يمكنك الآن تحديد تكوين أكثر ثراءً لأشكال الحركة الإجرائية القائمة على المقاطع باستخدام مكتبة حركة لغة Lua الجديدة، واستخدام المكون الإضافي الجديد ""مُصحح أخطاء أداة الإنشاء"". سيؤدي الاشتراك في الإصدار التجريبي أيضًا إلى ترقية برنامج Animate النصي الافتراضي إلى إصدار معاد صياغته يستخدم هذا النظام الجديد ويضيف سلوكيات إجرائية افتراضية جديدة.","Aktiviert die neuen Lua-basierten Animations-APIs und die sie umgebenden Frameworks. Mit dieser neuen Funktion kannst du jetzt mithilfe der neuen Lua-Animationsbibliothek eine umfangreichere Komposition von clipbasierten und prozeduralen Animationen definieren und das neue Plugin „Compositor-Debugger“ verwenden. Wenn du dich für die Beta-Version entscheidest, wird auch das Standard-Animate-Skript mit einer überarbeiteten Version aktualisiert, die dieses neue System nutzt und neue Standardprozedurverhalten hinzufügt.","Habilita las nuevas API de Animación basadas en Lua y los marcos que las rodean. Con esta nueva función, ahora puedes definir una composición más rica de animaciones basadas en clips y en procedimientos utilizando la nueva Biblioteca de Animación Lua, y utilizar el nuevo plugin ""Depurador Compositor"". Al participar en la beta también se actualizará el script predeterminado de Animate con una versión refactorizada que utiliza este nuevo sistema y añade nuevos comportamientos procedimentales predeterminados.","Active les nouvelles API d'animation basées sur Lua et les frameworks qui les entourent. Avec cette nouvelle fonctionnalité, tu peux maintenant définir une composition plus riche d'animations basées sur des clips et procédurales à l'aide de la nouvelle bibliothèque Lua Animation, et utiliser le nouveau plugin ""Compositor Debugger"". En optant pour la bêta, tu mets également à jour le script par défaut Animate avec une version refacturée qui utilise ce nouveau système et ajoutera de nouveaux comportements procéduraux par défaut.","नए Lua आधारित ऐनिमेशन API और उनके आस-पास के फ़्रेमवर्क चालू करता है. इस नए फ़ीचर के साथ, अब नई Lua ऐनिमेशन लाइब्रेरी का इस्तेमाल करके क्लिप-आधारित और प्रक्रियात्मक ऐनिमेशन की समृद्ध संरचना को परिभाषित किया जा सकता है और नए ""कंपोज़िटर डीबगर"" प्लग-इन का इस्तेमाल किया जा सकता है. बीटा में सिलेक्शन करने से डिफ़ॉल्ट ऐनिमेट स्क्रिप्ट को एक रिफ़ैक्टर्ड वर्ज़न के साथ अपग्रेड किया जाएगा जो इस नए सिस्टम का इस्तेमाल करता है और नए डिफ़ॉल्ट प्रक्रियात्मक व्यवहार जोड़ता है.","Mengaktifkan API Animasi berbasis Lua baru dan kerangka kerja di sekitarnya. Dengan fitur baru ini, kamu sekarang dapat membuat komposisi yang lebih kaya untuk animasi berbasis klip dan animasi prosedural menggunakan Perpustakaan Animasi Lua baru, dan menggunakan plugin ""Debugger Kompositor"" baru. Versi beta juga akan meng-upgrade skrip Animasi default dengan versi refaktor yang menggunakan sistem baru ini dan menambahkan perilaku prosedural default baru.","Abilita le nuove API di animazione basate su Lua e i relativi framework. Con questa nuova funzionalità, puoi ottenere una composizione più definita e ricca di animazioni procedurali basate su clip utilizzando la nuova libreria di animazioni Lua e il nuovo plugin ""Debug Compositore"". L'attivazione della versione beta aggiornerà anche lo script ""Anima"" predefinito a una versione rifattorizzata che si serve di questo nuovo sistema e aggiunge nuovi comportamenti procedurali predefiniti.",新しいLuaベースのアニメーション API と周囲のフレームワークを有効にします。 この新機能により、新しいLua アニメーションライブラリを使用して、クリップベースと手続き型アニメーションのさらに充実した構成を定義できるようになりました。 そして、新しい合成デバッガーのプラグインを使用します。 ベータ版にオプトイン（使用選択）すると、この新しいシステムを使用し、新しいデフォルトの手続き動作を追加するリファクタリング済みバージョンのデフォルトのアニメ化（Animate）スクリプトもアップグレードされます。,"새로운 Lua 기반 애니메이션 API와 관련 프레임워크를 활성화합니다. 이제 Lua 애니메이션 라이브러리를 사용해 더욱 풍성한 클립 기반 및 절차적 애니메이션을 정의할 수 있습니다. 새로운 '컴포지터 디버거' 플러그인을 사용할 수도 있습니다. 본 베타 기능을 이용하면 기본 애니메이션 스크립트가 새로운 시스템을 사용하는 리팩터링된 버전으로 업그레이드되며, 새로운 기본 절차적 작업이 추가됩니다.","Umożliwia korzystanie z nowych interfejsów API animacji opartych na języku Lua oraz powiązanych z nimi struktur. Dzięki tej nowej funkcji można teraz definiować wzbogacone kompozycje animacji złożonych z klipów oraz animacji proceduralnych przy użyciu nowej Biblioteki animacji Lua, a także korzystać z nowego dodatku plug-in „Debugger kompozytora”. Skorzystanie z wersji beta spowoduje również wzbogacenie domyślnego skryptu animacji o zrefaktoryzowaną wersję korzystającą z tego nowego systemu i dodającą nowe domyślne zachowania proceduralne.","Permite as novas APIs de animação baseadas Lua e os frameworks que as rodeiam. Com este novo recurso, agora você pode definir a composição mais rica das animações procedurais e baseadas em clipes usando a nova Biblioteca de animação Lua e usar o novo plugin ""Depurador do Compositor"". Optar para a versão beta também atualizará o script de Animação padrão com uma versão refatorada que usa este novo sistema e adiciona novos comportamentos procedurais padrão.",,"เปิดใช้งาน API แอนิเมชันแบบ Lua based ใหม่และเฟรมเวิร์คที่เกี่ยวข้อง ด้วยคุณลักษณะใหม่นี้ คุณจะสามารถกำหนดองค์ประกอบที่เต็มสมบูรณ์ยิ่งขึ้นของแอนิเมชันที่ใช้แบบคลิปและแบบมีขึ้นตามขั้นตอนโดยใช้ไลบรารี Lua แบบใหม่ และใช้ปลั๊กอิน ""เครื่องมือ Debug เครื่องมือจัดวางองค์ประกอบ"" ใหม่ได้ การเลือกใช้รุ่นเบต้าจะอัปเกรดสคริปต์การแอนิเมตเริ่มต้นด้วยเวอร์ชันที่ปรับปัจจัยใหม่ซึ่งใช้ระบบใหม่นี้ และเพิ่มพฤติกรรมที่มีขึ้นตามขั้นตอนเริ่มต้นแบบใหม่","Yeni Lua tabanlı Animasyon API'larını ve bunları çevreleyen çerçeveleri etkinleştirir. Bu yeni özellikle artık Lua Animasyon Kütüphanesini kullanarak klip tabanlı ve usule uygun animasyonların daha zengin kompozisyonlarını tanımlayabilir ve yeni ""Dizici Hata Ayıklayıcı"" eklentisini kullanabilirsin. Beta sürümünü kullanmayı seçtiğinde varsayılan Animasyon betiği, bu yeni sistemi kullanan ve yeni varsayılan usule uygun davranışlar ekleyen yeniden düzenlenmiş bir sürüme yükseltilir.","Cho phép các API Hiệu Ứng Động dựa trên Lua mới và các khung quanh các API đó. Với tính năng mới này, bạn hiện có thể định nghĩa thành phần cấu tạo trong phạm vi rộng hơn của các hiệu ứng động theo clip và theo thủ tục bằng Thư Viện Hiệu Ứng Động Lua mới, cũng như sử dụng plugin ""Trình Gỡ Lỗi Của Trình Tổng Hợp"" mới. Việc đồng ý đăng ký bản beta cũng sẽ nâng cấp tập lệnh Hiệu Ứng Động mặc định bằng phiên bản được tái cấu trúc sử dụng hệ thống mới này, bên cạnh việc bổ sung thêm các hành vi thủ tục mặc định mới.",,,啟用以新的 Lua 為主的動畫 API 及以其為中心的架構。這項新功能可讓您使用新的 Lua 動畫函式庫來定義更豐富的片段式和程式動畫合成，並使用新的「合成器調試器」外掛程式。選擇加入測試還會升級預設的動畫指令碼，此經過重構的版本會使用這個新系統並加入新的預設程式行為。
Studio.BetaFeatures.PhysicsNewConvexDecompositionDescription,,,"Enable the new CollisionFidelity, which uses a method called HACD to generate collision geometry with precise surfaces.","Enable the new CollisionFidelity, which uses a method called HACD to generate collision geometry with precise surfaces.",تمكين CollisionFidelity الجديد، الذي يستخدم طريقة تسمى HACD لتوليد هندسة التصادم بأسطح دقيقة.,"Aktiviere die neue CollisionFidelity, die eine Methode namens HACD verwendet, um Kollisionsgeometrie mit präzisen Oberflächen zu generieren.",Activa la nueva CollisionFidelity que utiliza un método llamado HACD para generar geometría de colisión con superficies precisas.,Activer la nouvelle CollisionFidelity qui utilise une méthode appelée HACD pour générer une géométrie de collision avec des surfaces précises.,"नए CollisionFidelity को चालू करें, जो सटीक सतहों के साथ कोलिज़न ज्योमेट्री जेनरेट करने के लिए HACD नामक एक विधि का इस्तेमाल करता है.",Mengaktifkan CollisionFidelity baru yang menggunakan metode bernama HACD untuk membuat geometri benturan dengan permukaan yang presisi.,"Abilita il nuovo CollisionFidelity, che usa un metodo chiamato HACD per generare una geometria di collisioni con superfici precise.",正確な表面で衝突ジオメトリを作成する HACD という方式を使用する新しい CollisionFidelity を有効化。,HACD라는 메서드를 사용하여 더 정확한 표면의 충돌 지오메트리를 생성하는 새로운 CollisionFidelity를 활성화합니다.,"Udostępnia funkcję CollisionFidelity, w której użyto metodę o nazwie HACD do generowania geometrii kolizji z powierzchniami precyzyjnymi.","Habilita a nova CollisionFidelity, que utiliza um método chamado HACD para gerar geometria de colisão com superfícies precisas.",,เปิดใช้งาน CollisionFidelity ใหม่ ซึ่งจะใช้วิธีการที่เรียกว่า HACD ในการสร้างรูปทรงการชนกันที่มีพื้นผิวแม่นยำ,Hassas yüzeylerle çarpışma geometrisi oluşturmak için HACD olarak bilinen bir yöntem kullanan yeni CollisionFidelity özelliğini etkinleştir.,"Bật chức năng CollisionFidelity mới, sử dụng phương pháp có tên HACD để tạo hình học va chạm với các bề mặt chính xác.",,,啟用新的 CollisionFidelity，其使用名為 HACD 的方法來對精細表面產生碰撞幾何。
Studio.BetaFeatures.AvatarJointUpgradeDescription,,,"Adds ragdoll constraints into avatars. Also replaces Motor6Ds with AnimationConstraints, which play animations either kinematically or with physical simulation.","Adds ragdoll constraints into avatars. Also replaces Motor6Ds with AnimationConstraints, which play animations either kinematically or with physical simulation.",يضيف قيود الدُمى إلى أشكال الأفاتار. كما يستبدل Motor6Ds بـ AnimationConstraints، التي تشغل الحركات إما حركيًا أو بالمحاكاة الحقيقية.,"Fügt Avataren Ragdoll-Beschränkungen hinzu. Ersetzt außerdem Motor6D mit AnimationConstraints, was Animationen entweder mit Kinematik oder physischer Simulation ablaufen lässt.","Añade restricciones de muñeco articulado a los avatares. También reemplaza Motor6Ds con AnimationConstraints, que reproducen animaciones kinemáticamente o con simulación física.","Ajoute des contraintes de ragdoll dans les avatars. Remplace également les Motor6Ds par des AnimationConstraints, qui jouent des animations cinématiquement ou avec une simulation physique.","अवतार में रैगडॉल कंस्ट्रेंट जोड़ता है. इसके अलावा Motor6D की जगह, AnimationConstraints का इस्तेमाल करता है, जो ऐनिमेशन को या तो पहले से तय किए गए तरीके से या फ़िज़िकल सिम्युलेशन के साथ चलाता है.","Menambahkan constraint ragdoll pada avatar. Selain itu, mengganti Motor6D dengan AnimationConstraints, yang akan memutar animasi secara kinematis atau dengan simulasi fisik.",Aggiunge vincoli ragdoll negli avatar. Sostituisce anche Motor6Ds con AnimationConstraints che riproduce le animazioni mediante modalità cinematica o simulazione fisica.,アバターにラグドール拘束を追加します。また、アニメーションを運動力学的に再生するか物理シミュレーションをする Motor6Ds を AnimationConstraints で置き換えます。,"아바타에 래그돌 제약을 추가합니다. 또한 Motor6D를 AnimationConstraints로 대체해, 운동학적으로 또는 물리적 시뮬레이션을 통해 애니메이션을 재생합니다.","Dodaje do awatarów ograniczenia typu ragdoll. Zastępuje też połączenia Motor6D ograniczeniami AnimationConstraint, które odtwarzają animacje w sposób kinematyczny lub w ramach symulacji fizycznej.","Adiciona restrições de bonecos em avatares. Também substitui Motor6Ds por AnimationConstraints, que jogam animações cineticamente ou com simulação física.",,เพิ่ม Constraint แร็กดอลล์เข้าไปในอวาตาร์ และยังแทนที่ Motor6Ds ด้วย AnimationConstraints ซึ่งจะเล่นแอนิเมชันในเชิงจลนศาสตร์ หรือด้วยการจำลองฟิสิกส์,Avatarlara kukla kısıtlamaları ekler. Ayrıca Motor 6D'leri animasyonları kinematik veya fiziksel simülasyonla oynatan AnimationConstraint'lerle değiştirir.,"Thêm ràng buộc ragdoll vào avatar. Ngoài ra, thay thế Motor6D bằng AnimationConstraints, phát hiệu ứng động theo phương pháp động học hoặc mô phỏng vật lý.",,,將洋娃娃模式限制式新增到虛擬人偶。另外使用 AnimationConstraint 取代 Motor6D，以使用運動學或物理模擬方式播放動畫。
Studio.BetaFeatures.TerrainBuildToolTitle,,,Terrain Build Tool,Terrain Build Tool,أداة بناء التضاريس,Geländeerstellungstool,Herramienta de construcción de terrenos,Outil de construction de terrain,टेरेन बिल्ड टूल,Alat Bangun Medan,Strumento di costruzione del terreno,地形作成ツール,지형 빌드 도구,Narzędzie do budowania terenu,Ferramenta de construção do terreno,,เครื่องมือสร้างภูมิประเทศ,Arazi Oluşturma Aracı,Công Cụ Dựng Địa Hình,,,地形建置工具
Studio.BetaFeatures.ConstraintVisualsDescription,,,Details are shown on selected constraints even without the global Constraint Details enabled. Constraints appear translucent through occluding objects.,Details are shown on selected constraints even without the global Constraint Details enabled. Constraints appear translucent through occluding objects.,تُعرض التفاصيل على القيود المحددة حتى بدون تمكين تفاصيل القيود الشاملة. تظهر القيود شفافة من خلال الكائنات الحاجبة.,Details werden für ausgewählte Beschränkungen auch ohne aktivierte globale Beschränkungsdetails angezeigt. Beschränkungen werden durch verdeckende Objekte durchsichtig dargestellt.,Los detalles se muestran en las restricciones seleccionadas incluso sin los Detalles de restricción global activados. Las restricciones aparecen traslúcidas a través de objetos oclusos.,Les détails sont affichés sur les contraintes sélectionnées même si les détails globaux des contraintes ne sont pas activés. Les contraintes apparaissent translucides à travers les objets occultants.,"ग्लोबल कंस्ट्रेंट को चालू किए बिना, चुने हुए कंस्ट्रेंट पर जानकारी दिखाई जाती है. कंस्ट्रेंट ऑक्ल्यूडिंग ऑब्जेक्ट के ज़रिये ट्रांसल्यूसेंट दिखते हैं.","Detail ditampilkan pada constraint yang dipilih, meski Detail Constraint tidak diaktifkan. Constraint akan tampak tembus cahaya melalui objek yang menutupi.",I dettagli sono mostrati sui vincoli selezionati anche senza che i dettagli globali del vincolo siano abilitati. I vincoli appaiono traslucidi attraverso gli oggetti occlusi.,グローバル拘束の詳細をオンにしていなくても、選択済みの拘束にある詳細が表示されます。拘束は閉塞オブジェクトを通して半透明に表示されます。,전역 제약 세부 정보가 활성화되어 있지 않은 경우에도 선택한 제약에 대한 세부 정보가 표시됩니다. 제약은 가려진 개체를 통해 반투명하게 나타납니다.,"Wyświetlanie szczegółów zaznaczonych ograniczeń, nawet gdy globalnie szczegóły ograniczeń nie są włączone. Ograniczenia są widoczne jako przezroczyste i widać przez nie przesłaniane obiekty.","Detalhes são mostrados em restrições selecionadas, mesmo sem os detalhes de restrição globais habilitados. As restrições parecem translúcidas através de objetos de isolamento.",,รายละเอียดจะแสดงใน Constraint ที่เลือกแม้จะไม่มีรายละเอียด Constraint Global ที่เปิดใช้งาน Constraint จะปรากฏเป็นแบบโปร่งแสงผ่านวัตถุขวางกั้น,"Seçili kısıtlamaların ayrıntıları, genel kısıtlama ayrıntıları etkin olmadığında bile gösterilir. Kısıtlamalar, önlerini kapayan nesnelerde yarı saydam şekilde görünür.",Chi tiết được hiển thị trên các ràng buộc đã chọn ngay cả khi không bật Chi Tiết Ràng Buộc toàn cục. Các ràng buộc xuất hiện trong mờ qua các đối tượng che khuất.,,,就算沒有啟用全域限制式細節，選擇的限制式依然會顯示細節。限制式會在互相阻礙的物件之間以半透明的方式呈現。
Studio.BetaFeatures.ProximityPromptDescription,,,ProximityPrompt is a new instance type used to prompt the user for input so they can interact with an object in the 3D world.,ProximityPrompt is a new instance type used to prompt the user for input so they can interact with an object in the 3D world.,ProximityPrompt هو نوع حالة جديد يُستخدم لمطالبة المستخدم بالإدخال حتى يتمكن من التفاعل مع كائن في العالم ثلاثي الأبعاد.,"ProximityPrompt ist ein neuer Instanztyp, der verwendet wird, um Benutzer zur Eingabe aufzufordern, damit sie mit einem Objekt in der 3D-Welt interagieren können.",ProximityPrompt es un nuevo tipo de instancia que se usa para solicitar al usuario su entrada para que pueda interactuar con un objeto en el mundo 3D.,ProximityPrompt est un nouveau type d'instance utilisé pour inviter l'utilisateur à entrer des données afin qu'il puisse interagir avec un objet dans le monde en 3D.,"ProximityPrompt यूज़र को इनपुट के लिए प्रॉम्प्ट देने के लिए इस्तेमाल किया जाने वाला एक नया इंस्टैंस टाइप है, ताकि वे 3D दुनिया में किसी ऑब्जेक्ट के साथ इंटरैक्ट कर सकें.",ProximityPrompt adalah tipe instance baru yang berguna untuk mengingatkan pengguna guna melakukan input agar bisa berinteraksi dengan objek di dunia 3D.,ProximityPrompt è un nuovo tipo di istanza utilizzato per richiedere all'utente un input in modo che possa interagire con un oggetto nel mondo 3D.,ProximityPrompt は、3D世界でオブジェクトと交流できるようにするためユーザーに入力を促すために使われる新しいインスタンス型です。,ProximityPrompt(근접 프롬프트)는 3D 세계에서 개체와 상호 작용할 수 있도록 사용자에게 입력을 요청하는 데 사용되는 새로운 인스턴스 유형입니다.,"ProximityPrompt to nowy typ instancji używany w celu wyświetlenia użytkownikowi monitu o wprowadzenie danych, aby umożliwić mu interakcję z obiektem w świecie 3D.",ProximityPrompt é um novo tipo de instância usado para solicitar instruções ao usuário para que possa interagir com um objeto no mundo 3D.,,ProximityPrompt คือประเภทอินสแตนซ์ใหม่ที่ใช้ในการแจ้งเตือนอินพุตผู้ใช้งาน เพื่อให้สามารถปฏิสัมพันธ์กับวัตถุในโลก 3D ได้,"ProximityPrompt, kullanıcıya 3B dünyadaki bir nesneyle etkileşime girebilmesi için giriş istemi gönderen yeni bir örnek türü.",ProximityPrompt là một kiểu phiên bản mới được sử dụng để nhắc người dùng nhập dữ liệu để họ có thể tương tác với một đối tượng trong thế giới 3D.,,,距離提示是新的個體類型，用來提示使用者進行輸入，進而與 3D 世界內的物件互動。
Studio.BetaFeatures.TextureGeneratorDescription,,,Enables AI-powered texture generation for mesh parts in Studio.,Enables AI-powered texture generation for mesh parts in Studio.,يمكِّن إنشاء الهيئات المدعوم بالذكاء الاصطناعي لأجزاء أصل mesh في Studio.,Aktiviert KI-gestützte Texturerzeugung für Mesh-Teile in Studio.,Permite la generación de texturas impulsadas por la IA para piezas de malla en Studio.,Active la génération de texture alimentée par IA pour les parties en maillage dans Studio.,"Studio में मेश पार्ट्स के लिए, AI-पावर्ड टेक्स्चर जेनरेशन चालू करता है.",Memungkinkan pembuatan tekstur dengan dukungan AI untuk komponen mesh di Studio.,Abilita la generazione di strutture mediante intelligenza artificiale per le parti di mesh in Studio.,StudioでメッシュパーツのAI駆動テクスチャ生成を有効化。,Studio에서 메시 파트에 대한 AI 기반 텍스처 생성을 활성화합니다.,Udostępnia funkcje generowania tekstur wspomagane przez AI w odniesieniu do części siatki Studio.,Ativa a geração de textura alimentada por AI para peças de malha no Studio.,,เปิดใช้งานการสร้างพื้นผิวด้วย AI สำหรับส่วนประกอบเมชใน Studio,Studio'da mesh parçaları için yapay zekâ destekli doku oluşturmayı etkinleştirir.,Bật tính năng tạo vân đồ họa dựa trên AI cho các bộ phận lưới trong Studio.,,,在 Studio 中啟用適用於網格組件的 AI 支援紋理產生。
Studio.BetaFeatures.VideoApiTitle,,,New Video API,New Video API,واجهة برمجة تطبيقات فيديو جديدة,Neue Video-API,Nueva API de video,Nouvelle API Vidéo,नया वीडियो API,API Video Baru,Nuova API video,新規ビデオ API,새로운 비디오 API,Nowy interfejs API do obsługi wideo,Nova API de Vídeo,,API วีดิโอใหม่,Yeni Video API'ı,API Video Mới,,,新影片 API
Studio.BetaFeatures.LSPNewFunctionFilterDescription,,,"(! Works better with ""Scripts Are Non-Strict By Default"" Beta Feature ON !) Luau type inference now powers the Script Function Filter feature in Script Editor, adding type information to the widget while enhancing performance and reliability.","(! Works better with ""Scripts Are Non-Strict By Default"" Beta Feature ON !) Luau type inference now powers the Script Function Filter feature in Script Editor, adding type information to the widget while enhancing performance and reliability.","(! يعمل بشكل أفضل مع تشغيل ميزة الإصدار التجريبي ""النصوص البرمجية غير صارمة بشكل افتراضي""!) يعمل استدلال نوع Luau الآن على تشغيل ميزة فلتر وظيفة النص البرمجي في محرر البرنامج النصي، مما يضيف معلومات النوع إلى الأداة مع تحسين الأداء والموثوقية.","(! Funktioniert besser, wenn die Beta-Funktion ""Skripte sind standardmäßig nicht-strikt"" aktiviert ist!) Die Luau-Typ-Inferenz unterstützt jetzt die Funktion Skriptfunktionsfilter im Skript-Editor, die dem Widget Typinformationen hinzufügt und gleichzeitig die Leistung und Zuverlässigkeit verbessert.","(Funciona mejor cuando la función beta ""Los scripts no son estrictos por defecto"" está activada) La inferencia de tipos de Luau ahora impulsa la función de filtro de funciones de script en el Editor de script, añadiendo información de tipos al widget y mejorando el rendimiento y la fiabilidad.","( ! Fonctionne mieux avec la fonctionnalité bêta ""Scripts Are Non-Strict By Default"" ON !) L'inférence de type Luau alimente désormais la fonctionnalité Script Function Filter dans l'éditeur de scripts, ajoutant des informations de type au widget tout en améliorant les performances et la fiabilité.","(! ""स्क्रिप्ट्स डिफ़ॉल्ट रूप से नॉन-स्ट्रिक्ट हैं"" बीटा फ़ीचर ऑन होने पर बेहतर काम करता है!) Luau टाइप इंफ़रेंस अब स्क्रिप्ट एडिटर में 'स्क्रिप्ट फ़ंक्शन फ़िल्टर फ़ीचर' को संचालित करता है और परफ़ॉर्मेंस और विश्वसनीयता को बढ़ाते हुए विजेट में टाइप जानकारी को जोड़ता है.","(! Lebih efektif saat Fitur Beta ""Skrip Non-Strict Secara Default"" DIAKTIFKAN !) Inferensi tipe Luau sekarang mendukung fitur Filter Fungsi Skrip di Editor Skrip sehingga informasi tipe ditambahkan ke widget dan kinerja serta keandalan meningkat.","(! Funziona meglio con la funzionalità beta ""Script non rigorosi di default"" attivata !) L'inferenza di tipo Luau ora alimenta la funzionalità ""Filtro funzioni script"" nell'editor di script, aggiungendo informazioni di tipo Luau al widget e migliorando al contempo le prestazioni e l'affidabilità.",(! 「スクリプトはデフォルトで非厳格」ベータ機能をオンにしたほうがうまく機能します !) Luau 型推論は現在、スクリプト編集上のスクリプト関数フィルタ機能を動かし、性能と信頼性を高めつつウィジェットに型情報を追加するようになっています。,(! '스크립트에 기본적으로 비엄격 모드 적용' 베타 기능이 켜져 있을 때 더 잘 작동합니다 !) 이제 Luau 유형 추론이 스크립트 편집기의 '스크립트 함수 필터 기능'을 지원하여 위젯에 유형 정보를 추가하는 동시에 성능과 안정성도 개선합니다.,"(! Działa lepiej z WŁĄCZONĄ funkcją „Skrypty są domyślnie w trybie nieścisłym” w wersji beta !) Inferencja typu Luau obsługuje teraz funkcję „Filtr funkcji skryptu” w edytorze skryptów, dodając do widżetu informacje o typie, a przy tym zwiększając wydajność i niezawodność.","(! Funciona melhor com a funcionalidade ""Scripts são não-restritivos por padrão"" habilitada !) Inferência tipo Luau agora habilita a funcionalidade Filtro de Função de Script, adicionando tipo de informação ao widget enquanto que melhora a performance e confiabilidade.",,"(! ทำงานได้ดียิ่งขึ้นด้วยคุณสมบัติเบต้า ""สคริปต์เป็นแบบ Non-Strict โดยค่าเริ่มต้น"" ที่เปิดอยู่ !) ขณะนี้การอนุมานประเภท Luau จะเปิดคุณสมบัติตัวกรองฟังก์ชันสคริปต์ในเครื่องมือแก้ไขสคริปต์ เพิ่มข้อมูลประเภทไปยังวิดเจ็ตพร้อมเสริมประสิทธิภาพและความเสถียร","(! ""Betiklerde katı olmayan mod varsayılan"" beta özelliği AÇIKKEN daha iyi çalışır !) Luau türü çıkarım artık Betik Düzenleyici'deki ""Betik işlev filtresi"" özelliğini çalıştırarak pencere öğesine tür bilgisi eklerken performansı ve güvenilirliği artırır.","(! Hoạt động tốt hơn khi BẬT Tính Năng Beta ""Tập Lệnh Không Nghiêm Ngặt Theo Mặc Định""!) Kiểu suy luận loại Luau hiện hỗ trợ tính năng Bộ Lọc Chức Năng Tập Lệnh trong Trình Biên Tập Lệnh, bổ sung thông tin loại vào tiện ích và cải thiện hiệu suất và độ tin cậy.",,,（！「指令碼預設為非嚴格模式」Beta 測試功能啟用時的效果更佳！）指令碼編輯器裡的指令碼函式篩選功能將會由 Luau 類型推論所支援，能在小工具裡增加類型資訊的同時，讓效能和可靠性更佳。
Studio.BetaFeatures.CloudLoadFailedFmt1,,,Failed to load beta features from cloud: %1,Failed to load beta features from cloud: %1,تعذَّر تحميل ميزات الإصدار التجريبي من السحابة: %1,Fehler beim Laden der Beta-Funktionen aus der Cloud: %1,Error al cargar las funciones beta de la nube: %1,Impossible de charger les fonctionnalités bêta depuis le cloud : %1,क्लाउड से बीटा फ़ीचर लोड नहीं हो सका : %1,Gagal memuat fitur beta dari cloud: %1,Impossibile caricare le funzionalità beta dal cloud: %1,クラウドからベータ機能が読み込めませんでした: %1,클라우드에서 베타 기능을 불러오지 못했습니다. %1,Nie udało się wczytać funkcji beta z chmury: %1,Falha ao carregar funcionalidades beta a partir da nuvem: %1,,โหลดคุณสมบัติรุ่นเบต้าจากคลาวด์ไม่สำเร็จ: %1,Beta özellikler buluttan yüklenemedi: %1,Không tải được các tính năng beta từ đám mây: %1,,,無法從雲端載入 Beta 測試功能：%1
Studio.BetaFeatures.AdaptiveTimesteppingDescription,,,Adaptively take larger timesteps for individual solver islands when possible.,Adaptively take larger timesteps for individual solver islands when possible.,اتخاذ خطوات زمنية أكبر بشكل تكيفي لجزر الحل الفردية عندما يكون ذلك ممكنًا.,"Wähle adaptiv größere Zeitschritte für einzelne Berechner-Inseln, wenn möglich.",Usa de forma adaptativa de intervalos de tiempo más amplios para las islas individuales del solucionador cuando sea posible.,Utiliser de manière adaptative des intervalles de temps plus larges pour les îlots du solveur individuels lorsque cela est possible.,संभव होने पर अलग-अलग सॉल्वर आइलैंड के लिए खुद को बदलते हुए बड़े टाइमस्टेप लें.,Mengambil timestep yang lebih besar secara adaptif untuk setiap pulau solver bilamana memungkinkan.,"Adattamento di timestep più ampi per le singole isole del risolutore, quando possibile.",可能な限り個別のソルバーアイランドに適応しながらより大きな時間ステップを採用。,"가능한 경우, 개별 솔버 아일랜드에 적응형의 더 큰 타임스텝을 사용합니다.","Adaptacyjne powiększanie odcinków czasu dla poszczególnych wysp solvera, jeśli to możliwe.","Quando possível, toma intervalos de tempo maiores de forma adaptativa para solução individual de ilhas.",,ปรับใช้ช่วงเวลาที่นานขึ้นสำหรับเกาะ Solver แต่ละรายการเมื่อสามารถทำได้,Mümkün olduğunda bireysel çözümleyici adaları için daha büyük zaman adımları uygula.,Chọn thích ứng các bước thời gian lớn hơn cho các đảo riêng lẻ của trình giải khi có thể.,,,在可行的情況下，為個別處理器島嶼適應性使用更大的時步。
Studio.BetaFeatures.ConvertToTerrainTitle,,,TerrainTools: ConvertTool Beta,TerrainTools: ConvertTool Beta,TerrainTools: الإصدار التجريبي من ConvertTool,TerrainTools: ConvertTool Beta,TerrainTools: ConvertTool beta,TerrainTools: ConvertTool bêta,TerrainTools: ConvertTool बीटा,TerrainTools: ConvertTool Beta,TerrainTools: ConvertTool beta,TerrainTools: ConvertTool ベータ版,TerrainTools: ConvertTool 베타,Narzędzia związane z terenem: narzędzie do konwersji terenu w wersji beta,TerrainTools: ConvertTool beta,,TerrainTools: ConvertTool เบต้า,Arazi Araçları: Dönüştürme Aracı Beta,TerrainTool: Bản Beta Công Cụ Chuyển Đổi,,,TerrainTools: ConvertTool Beta 測試
Studio.BetaFeatures.CloudReloadPrompt,,,Beta features enabled for this account differ from those saved locally. Updated Beta features will not be available until you restart Studio.,Beta features enabled for this account differ from those saved locally. Updated Beta features will not be available until you restart Studio.,تختلف ميزات الإصدار التجريبي الممكّنة لهذا الحساب عن تلك المحفوظة محليًا. لن تتوفر ميزات الإصدار التجريبي المحدثة حتى تقوم بإعادة تشغيل Studio.,"Die für dieses Konto aktivierten Beta-Funktionen unterscheiden sich von den lokal gespeicherten. Aktualisierte Beta-Funktionen sind erst verfügbar, wenn du Studio neu startest.",Las funciones beta activadas para esta cuenta difieren de aquellas guardadas localmente. Las funciones beta actualizadas no estarán disponibles hasta que se reinicie Studio.,Les fonctionnalités bêta activées pour ce compte diffèrent des fonctionnalités enregistrées localement. Les fonctionnalités bêta mises à jour ne seront disponibles que lors du redémarrage de Studio.,"इस अकाउंट के लिए चालू बीटा फ़ीचर, लोकल रूप से सेव किए गए फ़ीचर्स से अलग हैं. अपडेट किए गए बीटा फ़ीचर्स Studio को रीस्टार्ट करने तक उपलब्ध नहीं होंगे.",Fitur beta yang diaktifkan untuk akun ini berbeda dari yang disimpan secara lokal. Fitur Beta yang telah di-update tidak akan bisa digunakan sampai Studio dimulai ulang.,Le funzionalità beta abilitate per questo account sono diverse da quelle salvate localmente. Le funzionalità beta aggiornate non saranno disponibili se non riavvii Studio.,このアカウントが有効化したベータ機能は、ローカル保存されたものとは異なります。更新済みのベータ機能は、Studioが再起動した後でなければ入手できません。,이 계정에 대해 활성화되어 있는 베타 기능이 로컬에 저장되어 있는 베타 기능과 다릅니다. 업데이트된 베타 기능은 Studio를 다시 시작할 때까지 사용할 수 없습니다.,Funkcje beta włączone dla tego konta różnią się od tych zapisanych lokalnie. Zaktualizowane funkcje beta nie będą dostępne do czasu ponownego uruchomienia aplikacji Studio.,As funcionalidades beta ativadas para esta conta são diferentes das salvas localmente. As funcionalidades beta atualizadas não estarão disponíveis até que o Studio seja reiniciado.,,คุณสมบัติรุ่นเบต้าที่เปิดใช้งานสำหรับบัญชีนี้แตกต่างจากคุณสมบัติที่บันทึกไว้ในเครื่อง คุณสมบัติรุ่นเบต้าที่อัปเดตแล้วจะไม่สามารถใช้ได้จนกว่าคุณจะรีสตาร์ท Studio,"Bu hesap için etkinleştirilmiş beta özellikler yerel olarak kaydedilenlerden farklıdır. Güncel beta özellikler, Studio yeniden başlatılana kadar kullanıma hazır olmaz.",Các tính năng beta được bật cho tài khoản này khác với các tính năng được lưu cục bộ. Các tính năng Beta đã cập nhật sẽ không khả dụng cho đến khi bạn khởi động lại Studio.,,,針對此帳戶啟用的 Beta 測試功能與儲存在本機的功能不同。在您重新啟動 Studio 之前，更新的 Beta 測試功能將無法使用。
Studio.BetaFeatures.RestartStudioTitle,,,Restart Studio,Restart Studio,إعادة تشغيل Studio,Studio neu starten,Reiniciar Studio,Redémarrer Studio,Studio को रीस्टार्ट करें,Mulai Ulang Studio,Riavvia Studio,Studioを再起動,Studio 다시 시작,Uruchom ponownie aplikację Studio,Reiniciar o Studio,,รีสตาร์ท Studio,Studio'yu yeniden başlat,Khởi Động Lại Studio,,,重新啟動 Studio
Studio.BetaFeatures.CSGv2SmoothingDescription,,,Use the SmoothAngle property on CSG part to define threshold angle and smooth normals.,Use the SmoothAngle property on CSG part to define threshold angle and smooth normals.,استخدم خاصية SmoothAngle في جزء CSG لتحديد زاوية الحد الأدنى والقيم الطبيعية لإزالة الحواف الزائدة.,"Verwende die Eigenschaft SmoothWinkel auf CSG-Teil, um Schwellenwinkel und geglättete Normale zu definieren.",Usa la propiedad SmoothAngle en la parte CSG para definir el ángulo del umbral y las normales lisas.,Utilise la propriété SmoothAngle sur la partie CSG pour définir l'angle de seuil et les normales fluides.,"CSG पार्ट की सतह को समतल और वास्तविक दिखाने के लिए, SmoothAngle प्रॉपर्टी का इस्तेमाल करके, ऐंगल के थ्रेशोल्ड को निर्धारित किया जा सकता है.",Gunakan properti SmoothAngle di komponen CSG untuk menentukan sudut ambang batas dan kondisi mulus normal.,Usa la proprietà SmoothAngle sulla parte CSG per definire l'angolo soglia e i livelli normali di levigazione.,しきい値角度と滑らかな法線を定義する CSG パーツ上で SmoothAngle を使用。,CSG 파트의 SmoothAngle 속성을 사용하여 임계각과 부드러운 법선을 정의합니다.,"Użyj właściwości SmoothAngle w odniesieniu do części CSG, aby zdefiniować kąt progowy i normalne wygładzania.",Utilize a propriedade SmoothAngle na parte CSG para definir limites de ângulo e suavidade normal.,,ใช้คุณสมบัติ SmoothAngle กับส่วนประกอบ CSG เพื่อกำหนดมุมเกณฑ์และค่าปกติของการปรับให้เรียบ,Eşik açısını tanımlamak ve normalleri pürüzsüzleştirmek için yapıcı katı geometri (CSG) parçasında SmoothAngle özelliğini kullan.,Sử dụng thuộc tính SmoothAngle trên phần CSG để xác định góc ngưỡng và làm mịn pháp tuyến.,,,在 CSG 組件上使用 SmoothAngle 屬性即可定義臨界角度和平滑法線。
Studio.BetaFeatures.ScriptEditorTitle,,,Script Editor Beta Features,Script Editor Beta Features,ميزات الإصدار التجريبي لمحرر البرنامج النصي,Skript-Editor-Beta-Funktionen,Funciones beta del Editor de script,Caractéristiques de la version bêta de l'éditeur de script,स्क्रिप्ट एडिटर बीटा फ़ीचर्स,Fitur Beta Editor Skrip,Funzionalità beta dell'editor di script,スクリプト編集のベータ版機能,스크립트 편집기 베타 기능,Funkcje edytora skryptów w wersji beta,Funcionalidades beta do Editor de script,,คุณสมบัติเครื่องมือแก้ไขสคริปต์เบต้า,Betik Düzenleyici Beta Özellikleri,Các Tính Năng Beta Của Trình Biên Tập Lệnh,,,指令碼編輯器 Beta 測試功能
Studio.BetaFeatures.SomethingChangedPrompt,,,Would you like to restart Studio now?,Would you like to restart Studio now?,هل ترغب في إعادة تشغيل Studio الآن؟,Möchtest du Studio jetzt neu starten?,¿Quieres reiniciar Studio ahora?,Veux-tu redémarrer Studio maintenant ?,क्या आपको Studio को अभी रीस्टार्ट करना है?,Ingin mulai ulang Studio sekarang?,Vuoi riavviare Studio ora?,Studioを今、再起動しますか。,지금 Studio를 다시 시작할까요?,Czy chcesz uruchomić ponownie aplikację Studio teraz?,Deseja reiniciar o Studio agora?,,คุณต้องการรีสตาร์ท Studio ตอนนี้หรือไม่?,Studio yeniden başlatılsın mı?,Bạn có muốn khởi động lại Studio ngay bây giờ không?,,,您要現在重新啟動 Studio 嗎？
Studio.BetaFeatures.CanvasGroupDescription,,,A new UI object that renders descendants as a single layer that can be tinted and made transparent.,A new UI object that renders descendants as a single layer that can be tinted and made transparent.,كائن واجهة مستخدم جديد يعرض العناصر التابعة كطبقة واحدة يمكن تلوينها وجعلها شفافة.,"Ein neues UI-Objekt, das die untergeordneten Elemente als eine einzige Ebene darstellt, die eingefärbt und transparent gemacht werden kann.",Un nuevo objeto de interfaz de usuario que renderiza los descendientes como una sola capa que se puede colorar y hacer transparente.,Un nouvel objet d'interface qui affiche ses descendants dans une couche unique qui peut être teinte et devenir transparente.,"एक नया UI ऑब्जेक्ट जो डिसेंडेंट्स को सिंगल लेयर के रूप में रेंडर करता है, जिसे टिंट किया जा सकता है और पारदर्शी बनाया जा सकता है.",Objek UI baru yang me-render descendant menjadi layer tunggal yang bisa diwarnai dan dibuat transparan.,Un nuovo oggetto UI che reinderizza i discendenti come un singolo strato che può essere colorato e reso trasparente.,子孫を単一のレイヤーとしてレンダリングする新しいUIオブジェクトは、すべて着色して透明にできます。,"단일 레이어로 하위 항목을 렌더링하는 새로운 UI 개체로, 색조를 더하고 투명하게 설정할 수 있습니다.","Nowy obiekt interfejsu użytkownika renderujący elementy podrzędne jako pojedynczą warstwę, której można nadać kolor lub ustawić jako przezroczystą.",Um novo objeto UI que renderiza os descendentes como uma única camada que pode ser tingida e tornada transparente.,,วัตถุ UI ใหม่ที่เรนเดอร์ Descendant เป็นชั้นเดี่ยวที่สามารถแต้มสีและทำให้โปร่งใสได้,Alt öğeleri boyanabilen ve şeffaf yapılabilen tek bir katman hâlinde işleyen yeni UI nesnesi.,Một đối tượng UI mới hiển thị các hậu duệ dưới dạng một lớp duy nhất có thể được tô màu và làm trong suốt.,,,新 UI 物件，可以將後代以單一層面的形式成像，該層面可以設成不同色調或透明。
Studio.BetaFeatures.OcclusionCullingTitle,,,Occlusion Culling,Occlusion Culling,إزالة الانسداد,Occlusion Culling,Descartar oclusión,Traitement des occlusions,ऑक्‍लूज़न कलिंग,Occlusion Culling,Occlusion culling,オクルージョンカリング,오클루전 컬링,Usuwanie niewidocznych powierzchni,Remoção de oclusão,,การคัดกรอง Occlusion,Gizleme Ayıklama,Loại Bỏ Tắc Nghẽn,,,遮蔽去除
Studio.BetaFeatures.AutoEnrollmentToggleLabel,,,Auto-Enable Upcoming Features,Auto-Enable Upcoming Features,التمكين التلقائي للميزات القادمة,Kommende Funktionen automatisch aktivieren,Activar automáticamente las próximas funciones,Activer automatiquement les fonctionnalités à venir,"आने वाले फ़ीचर, अपने आप चालू करें",Aktifkan Otomatis Fitur Mendatang,Abilita automaticamente le prossime funzionalità,今後の機能の自動有効化,향후 출시 기능 자동 활성화,Automatycznie włączaj nowo dodawane funkcje,Habilitar automaticamente futuras funcionalidades,,เปิดใช้งานอัตโนมัติสำหรับคุณสมบัติที่กำลังจะมาถึง,Gelecek özellikleri otomatik etkinleştir,Tự Động Kích Hoạt Các Tính Năng Sắp Ra Mắt,,,自動啟用未來推出的功能
Studio.BetaFeatures.RestartWarning,,,Beta features will not be activated until you restart Studio,Beta features will not be activated until you restart Studio,لن يتم تنشيط ميزات الإصدار التجريبي حتى تقوم بإعادة تشغيل Studio,Die Beta-Funktionen werden erst nach dem Neustart von Studio aktiviert,Las funciones beta no se activarán hasta que se reinicie Studio,Les fonctionnalités bêta mises à jour ne seront activées que lors du redémarrage de Studio.,"बीटा फ़ीचर्स Studio को रीस्टार्ट करने तक, ऐक्टिवेट नहीं किए जाएँगे",Fitur Beta tidak akan diaktifkan sampai kamu memulai ulang Studio,Le funzionalità beta non saranno attivate finché non riavvierai Studio,Studioを再起動するまでベータ機能は有効になりません,베타 기능은 Studio를 다시 시작할 때까지 활성화되지 않습니다,Funkcje beta nie zostaną aktywowane do czasu ponownego uruchomienia aplikacji Studio,As funcionalidades beta não serão ativadas até que o Studio seja reiniciado,,คุณสมบัติรุ่นเบต้าจะยังไม่ถูกเปิดใช้งานจนกว่าคุณจะรีสตาร์ท Studio,"Beta özellikler, Studio yeniden başlatılana kadar etkinleşmeyecek",Các tính năng Beta sẽ không được kích hoạt cho đến khi bạn khởi động lại Studio,,,在您重新啟動 Studio 之前，Beta 測試功能將不會啟用。
Studio.BetaFeatures.UnifiedMeshMassTitle,,,Improved Mass Properties,Improved Mass Properties,خصائص الكتلة المحسنة,Verbesserte Masseneigenschaften,Propiedades de masa mejoradas,Amélioration des propriétés de masse,बेहतर मास प्रॉपर्टी,Properti Massa yang Disempurnakan,Proprietà di massa migliorate,改良型質量特性,질량 속성 개선,Ulepszone właściwości masy,Propriedades de massa aprimoradas,,คุณสมบัติมวลที่ปรับปรุงแล้ว,Gelişmiş Kütle Özellikleri,Thuộc Tính Khối Lượng Đã Cải Tiến,,,改善的質量屬性
Studio.BetaFeatures.AudioVolumetricSoundsTitle,,,Volumetric Sounds,Volumetric Sounds,الأصوات المجسمة,Volumetrische Sounds,Sonidos volumétricos,Sons volumétriques,वॉल्यूमेट्रिक साउंड,Suara Volumetrik,Suoni volumetrici,立体音響,볼류메트릭 사운드,Dźwięki wolumetryczne,Sons volumétricos,,เสียงเชิงปริมาตร,Hacimsel Sesler,Âm Thanh Thể Tích,,,立體音訊
Studio.BetaFeatures.AutoUpdateTitle,,,Auto Update on Packages,Auto Update on Packages,التحديث التلقائي للحزم,Automatische Aktualisierung der Pakete,Actualización automática de paquetes,Mises à jour automatiques sur les Packages,पैकेज पर ऑटो अपडेट करें,Update Otomatis untuk Paket,Aggiornamento automatico dei pacchetti,パッケージの自動更新,패키지 자동 업데이트,Automatyczna aktualizacja pakietów,Atualização automática de pacotes,,อัปเดตแพ็คเกจอัตโนมัติ,Otomatik paket güncellemesi,Tự Động Cập Nhật Trên Các Gói,,,自動更新套件
Studio.BetaFeatures.CanQueryTitle,,,Part property: CanQuery,Part property: CanQuery,خاصية الجزء: CanQuery,Teil-Eigenschaft: CanQuery,Propiedad de la parte: CanQuery,Propriété de la partie : CanQuery,पार्ट प्रॉपर्टी : CanQuery,Properti komponen: CanQuery,Proprietà parte: CanQuery,パーツプロパティ: CanQuery,파트 속성: CanQuery,Właściwość części: CanQuery,Propriedade de parte: CanQuery,,คุณสมบัติส่วนประกอบ: CanQuery,Parça özelliği: CanQuery,Thuộc Tính Bộ Phận: CanQuery,,,組件屬性：CanQuery
Studio.BetaFeatures.AudioVolumetricSoundsDescription,,,"Enables Sound Instances that are children of Cylinder, Block, and Ball parts to emit audio from every point on the surface of the part, rather than only the center.","Enables Sound Instances that are children of Cylinder, Block, and Ball parts to emit audio from every point on the surface of the part, rather than only the center.",تمكين حالات الصوت التي هي أجزاء فرعية من أجزاء الأسطوانة والكتلة والكرة لإصدار صوت من كل نقطة على سطح الجزء، بدلاً من المركز فقط.,"Ermöglicht es, dass Sound-Instanzen, die untergeordnete Elemente von Zylindern, Blöcken und Kugeln sind, Audiosignale von jedem Punkt auf der Oberfläche des Teils abspielen können und nicht nur von der Mitte.","Permite Instancias de sonido que son hijos de las piezas Cilindro, Bloque y Bola para emitir audio de cada punto en la superficie de la pieza, en lugar de solo el centro.","Active des instances de son qui émettent de l'audio depuis chaque point de la surface d'un cylindre, d'un bloc ou d'une sphère plutôt que du centre.","यह 'सिलेंडर', 'ब्लॉक' और 'बॉल' पार्ट्स के तहत आने वाले साउंड इंस्टैंस चालू करता है, ताकि सिर्फ़ सेंटर के बजाय पार्ट के सर्फ़ेस के हर पॉइंट से ऑडियो एमिट किया जा सके.","Mengaktifkan Instance Suara yang merupakan turunan komponen Silinder, Blok, dan Bola agar mengeluarkan suara dari setiap titik di permukaan komponen, alih-alih hanya dari pusatnya.","Consente alle istanze Suono che sono figli delle parti Cilindro, Blocco e Sfera di emettere suoni da ogni punto della superficie della parte, anziché solo dal centro.",パーツの中心からではなく、表面全体からオーディオを流すために、円柱、ブロック、ボールパーツの子であるサウンドインスタンスを有効化,"원통, 블록 및 공 파트의 자식인 사운드 인스턴스를 활성화해 표면의 중심뿐 아니라 모든 지점에서 오디오를 내보내도록 합니다.","Udostępnia instancje dźwięku, które są elementami podrzędnymi części Walec, Blok i Kula, emitujących dźwięk z każdego punktu na powierzchni części, a nie tylko z jej środka.","Habilita instâncias de som que são filhas de partes tipo cilindro, bloco e bola para emitir áudio de todos os pontos da superfície da parte, ao invés de apenas no centro.",,"เปิดใช้งานอินสแตนซ์เสียงที่เป็นลูกของส่วนประกอบทรงกระบอก, บล็อก และบอล เพื่อปล่อยเสียงออกมาจากทุกจุดบนพื้นผิวของวัตถุ แทนที่จะเป็นจุดศูนย์กลางเท่านั้น","Silindir, blok ve top parçaların alt öğesi olan ses örneklerinin yalnızca merkezden değil parçanın tüm yüzeylerinden ses çıkarmasına olanak sağlar.","Bật Phiên Bản Âm Thanh là phần tử con của các bộ phận Hình Trụ, Khối và Bóng phát ra âm thanh từ mọi điểm trên bề mặt của bộ phận đó, thay vì chỉ phát ra âm thanh ở giữa.",,,允許為 Cylinder、Block、及 Ball 組件子項目的音訊個體在組件表面所有點發出音訊，而不是只從中間。
Studio.BetaFeatures.AnimationEditorTitle,,,Animation Editor Beta,Animation Editor Beta,الإصدار التجريبي من محرر الرسوم المتحركة,Animation-Editor Beta,Versión beta del Editor de animación,Éditeur d'animation bêta,ऐनिमेशन एडिटर बीटा,Editor Animasi Beta,Editor di animazioni beta,アニメーション編集ベータ版,애니메이션 편집기 베타,Edytor animacji w wersji beta,Editor de animação beta,,เครื่องมือแก้ไขแอนิเมชันเบต้า,Animasyon Düzenleyici Beta,Trình Biên Tập Hiệu Ứng Động Beta,,,動畫編輯器 Beta 測試
Studio.BetaFeatures.LSPGoToDeclDescription,,,"(! Works better with ""Scripts Are Non-Strict By Default"" Beta Feature ON !) Luau type inference now powers the Go To Declaration feature in Script Editor, enhancing performance and reliability.","(! Works better with ""Scripts Are Non-Strict By Default"" Beta Feature ON !) Luau type inference now powers the Go To Declaration feature in Script Editor, enhancing performance and reliability.","(! يعمل بشكل أفضل مع تشغيل ميزة الإصدار التجريبي ""النصوص البرمجية غير صارمة بشكل افتراضي""!) يعمل استدلال نوع Luau الآن على تشغيل ميزة الانتقال إلى الإعلان في محرر البرنامج النصي، مما يعزز الأداء والموثوقية.","(! Funktioniert besser, wenn die Beta-Funktion ""Skripte sind standardmäßig nicht-strikt"" aktiviert ist!) Die Luau-Typ-Inferenz unterstützt jetzt die Funktion Gehe zu Deklaration im Skript-Editor und verbessert so die Leistung und Zuverlässigkeit.","(! Funciona mejor con la función beta ""Los scripts no son estrictos por defecto"" activada!) La inferencia de tipo Luau potencia ahora la función Ir a la declaración en el Editor de scripts, mejorando el rendimiento y la fiabilidad.","(! Fonctionne mieux lorsque la fonction bêta ""Les scripts ne sont pas stricts par défaut"" est activée) L'inférence de type Luau pilote désormais la fonction ""Go to statement"" dans l'éditeur de scripts, ce qui améliore les performances et la fiabilité.","(! ""स्क्रिप्ट्स डिफ़ॉल्ट रूप से नॉन-स्ट्रिक्ट हैं"" बीटा फ़ीचर ऑन होने पर बेहतर काम करता है!) Luau टाइप इंफ़रेंस अब स्क्रिप्ट एडिटर में 'गो टू डिक्लेरेशन' फ़ीचर को संचालित करता है और इसकी परफ़ॉर्मेंस और विश्वसनीयता को बेहतर बनाता है.","(! Lebih efektif saat Fitur Beta ""Skrip secara Default Menggunakan Mode Non-Strict"" DIAKTIFKAN !) Inferensi tipe Luau sekarang mendukung fitur Buka Deklarasi di Editor Skrip sehingga kinerja dan keandalan meningkat.","(! Funziona meglio con la funzionalità beta ""Script non rigorosi di default"" attivata !) L'inferenza di tipo Luau ora alimenta la funzionalità ""Vai a dichiarazione"" nell'editor di script, migliorando le prestazioni e l'affidabilità.",(! 「スクリプトはデフォルトで非厳格」ベータ機能をオンにしたほうがうまく機能します !) Luau 型推論は性能と信頼性を高めつつ、スクリプト編集上の「宣言へ」機能を動かすようになりました。,(! '스크립트에 기본적으로 비엄격 모드 적용' 베타 기능이 켜져 있을 때 더 잘 작동합니다 !) 이제 Luau 유형 추론이 스크립트 편집기의 '선언으로 이동' 기능을 지원하여 성능과 안정성을 개선합니다.,"(! Działa lepiej z WŁĄCZONĄ funkcją „Skrypty są domyślnie w trybie nieścisłym” w wersji beta !) Inferencja typu Luau obsługuje teraz funkcję „Przejdź do deklaracji” w edytorze skryptów, zwiększając wydajność i niezawodność.","(! Funciona melhor com a funcionalidade ""Scripts são não-restritivos por padrão"" habilitada! ) Inferência tipo Luau agora habilita a funcionalidade Ir Para a Declaração no editor de scripts, melhorando a performance e confiabilidade.",,"(! ทำงานได้ดียิ่งขึ้นด้วยคุณสมบัติเบต้า ""สคริปต์เป็นแบบ Non-Strict โดยค่าเริ่มต้น"" ที่เปิดอยู่ !) ขณะนี้การอนุมานประเภท Luau จะเปิดคุณสมบัติไปที่การประกาศในเครื่องมือแก้ไขสคริปต์ เสริมประสิทธิภาพและความเสถียร","(! ""Betiklerde katı olmayan mod varsayılan"" beta özelliği AÇIKKEN daha iyi çalışır !) Luau türü çıkarım artık Betik Düzenleyici'deki ""Bildirmeye git"" özelliğini çalıştırarak performansı ve güvenilirliği artırır.","(! Hoạt động tốt hơn khi BẬT Tính Năng Beta ""Tập Lệnh Không Nghiêm Ngặt Theo Mặc Định""!) Kiểu suy luận loại Luau hiện hỗ trợ tính năng Đi Tới Tuyên bố trong Trình Biên Tập Lệnh, giúp cải thiện hiệu suất và độ tin cậy.",,,（！「指令碼預設為非嚴格模式」Beta 測試功能啟用時的效果更佳！）指令碼編輯器裡的前往宣告功能將會由 Luau 類型推斷所支援，讓效能和可靠性更佳。
Studio.BetaFeatures.CreateAssetAsyncTitle,,,CreateAssetAsync Lua API,CreateAssetAsync Lua API,CreateAssetAsync Lua API,CreateAssetAsync Lua API,API Lua CreateAssetAsync,CreateAssetAsync Lua API,CreateAssetAsync Lua API,API Lua CreateAssetAsync,API CreateAssetAsync Lua,Lua API CreateAssetAsync,CreateAssetAsync Lua API,Interfejs API Lua CreateAssetAsync,CreateAssetAsync Lua API,,CreateAssetAsync Lua API,CreateAssetAsync Lua API'ı,API Lua CreateAssetAsync,,,CreateAssetAsync Lua API
Studio.BetaFeatures.MaterialGeneratorDescription,,,"Enables the AI Material Generator, which allows you to generate any PBR material you can imagine using text input.","Enables the AI Material Generator, which allows you to generate any PBR material you can imagine using text input.",تمكين منشئ المواد بالذكاء الاصطناعي، الذي يسمح لك بإنشاء أي مادة PBR يمكنك تخيلها بواسطة إدخال النص.,"Aktiviert den KI-Material-Generator, mit dem du jedes erdenkliche PBR-Material durch Texteingabe erzeugen kannst.","Activa el Generador de materiales de IA, que te permite generar cualquier material renderizado en la física (PBR) que puedas imaginar usando una entrada de texto.","Active l'IA du générateur de matériel, qui te permet de générer n'importe quel matériau PBR imaginable à l'aide d'un texte.","AI मटीरियल जेनरेटर को चालू करता है, जिससे टेक्स्ट इनपुट का इस्तेमाल करके कल्पना की जा सकने वाली कोई भी PBR मटीरियल जेनरेट की जा सकती है.","Mengaktifkan Material Generator AI, yang membantumu membuat segala material PBR menggunakan input teks.","Abilita il Material Generatore AI, che ti permette di generare qualsiasi materiale PBR che puoi immaginare usando l'input di testo.",テキスト入力を使ってイメージできるどんなPBR素材も作成できるAI素材生成をオンにします。,"AI 재질 생성기를 활성화해, 상상하던 모든 PBR 재질을 텍스트 입력으로 생성할 수 있습니다.","Udostępnia Generator materiałów wspomagany przez AI, który umożliwia wygenerowanie dowolnego materiału PBR, jaki można sobie wyobrazić, poprzez wprowadzenie tekstu.","Habilita o Gerador de material de IA, que permite gerar qualquer material PBR que você possa imaginar usando a entrada de texto.",,เปิดใช้งานเครื่องมือสร้างวัสดุ AI ซึ่งจะช่วยให้คุณสามารถสร้างวัสดุ PBR ใดก็ตามที่จะสามารถจินตนาการได้โดยใช้การป้อนข้อความ,Metin girişi kullanarak herhangi bir fiziksel tabanlı işleme malzemesi oluşturmana olanak sağlayan Yapay Zekâlı Malzeme Oluşturucu'yu etkinleştirir.,Bật Trình Tạo Vật Liệu AI để tạo bất kỳ vật liệu PBR nào bạn có thể tưởng tượng bằng cách sử dụng đầu vào văn bản.,,,啟用 AI 材質產生器，其允許您使用文字輸入產生您能想像到的任何 PBR 材質。
Studio.BetaFeatures.PhysicsSleepImprovementsTitle,,,Physics Sleep Behavior Improvements.,Physics Sleep Behavior Improvements.,تحسينات في سلوك السكون الفيزيائي.,Verbesserungen des Schlafverhaltens der Physik.,Mejoras en el comportamiento de la física del sueño.,Amélioration du comportement physique dormir.,फ़िज़िक्स स्लीप बिहेवियर में सुधार.,Penyempurnaan Perilaku Nonaktif Fisika.,Miglioramenti al funzionamento Riposo della fisica.,物理スリープ動作の改善。,물리적 절전 행동 개선,Usprawnienia działania fizyki usypiania.,Melhorias no comportamento de física de sono.,,การปรับปรุงพฤติกรรมการหยุดทำงานฟิสิกส์,Fizik Uyku Davranışı Geliştirmeleri.,Cải Thiện Hành Vi Đóng Băng Vật Lý.,,,物理休眠行為改善。
Studio.BetaFeatures.MaterialGeneratorTermsAndConditions,,,"Material Generator is a tool provided by Roblox as an option to access material creation features in Studio. BY PROCEEDING OR USING MATERIAL GENERATOR, YOU ACCEPT AND AGREE TO THE BELOW.

You remain responsible for ensuring that all language, data and other information that you upload to Roblox, and all images and other materials suggested by Material Generator, complies with the Roblox Terms of Use (the “Terms”) including the Roblox Community Standards. Material Generator is part of the “Services” as defined in the Terms. Accordingly, your use of Material Generator is subject to the Terms, including the Creator Terms and the Roblox Community Standards, and, among other things, you must (i) use Material Generator in a lawful manner and in compliance with all applicable laws, (ii) not reverse engineer, disassemble, decompile, or otherwise attempt to derive or gain access to Material Generator; and (iii) use Material Generator in a manner that does not infringe or attempt to infringe, misappropriate or otherwise violate any rights of Roblox or any other person or entity.

Due to its nature, Material Generator may generate irrelevant, inaccurate, offensive, or other material that is not useful for your purposes and that may be the same, similar, or different among users. Material Generator is not intended to provide factual information or advice. YOUR USE OF MATERIAL GENERATOR IS AT YOUR OWN RISK, AND MATERIAL GENERATOR IS PROVIDED “AS IS” AND WITHOUT CONDITION, WARRANTY, GUARANTEE OR REPRESENTATION OF ANY KIND, EXPRESS OR IMPLIED (INCLUDING WITHOUT LIMITATION, ANY WARRANTY OF MERCHANTABILITY, FITNESS FOR A PARTICULAR PURPOSE, TITLE, NON-INFRINGEMENT, AVAILABILITY, OR ERROR-FREE OR UNINTERRUPTED USE). ROBLOX MAKES NO WARRANTY ABOUT CONTENT OR MATERIALS ACCESSIBLE THROUGH OR FROM MATERIAL GENERATOR, AND EXPRESSLY DISCLAIMS THAT ANY CONTENT, IMAGES OR INFORMATION RESULTING FROM OR RELATED TO YOUR USE OF MATERIAL GENERATOR IS ACCURATE OR RELIABLE OR CAN OR SHOULD BE RELIED UPON BY YOU FOR ANY PURPOSE.","Material Generator is a tool provided by Roblox as an option to access material creation features in Studio. BY PROCEEDING OR USING MATERIAL GENERATOR, YOU ACCEPT AND AGREE TO THE BELOW.

You remain responsible for ensuring that all language, data and other information that you upload to Roblox, and all images and other materials suggested by Material Generator, complies with the Roblox Terms of Use (the “Terms”) including the Roblox Community Standards. Material Generator is part of the “Services” as defined in the Terms. Accordingly, your use of Material Generator is subject to the Terms, including the Creator Terms and the Roblox Community Standards, and, among other things, you must (i) use Material Generator in a lawful manner and in compliance with all applicable laws, (ii) not reverse engineer, disassemble, decompile, or otherwise attempt to derive or gain access to Material Generator; and (iii) use Material Generator in a manner that does not infringe or attempt to infringe, misappropriate or otherwise violate any rights of Roblox or any other person or entity.

Due to its nature, Material Generator may generate irrelevant, inaccurate, offensive, or other material that is not useful for your purposes and that may be the same, similar, or different among users. Material Generator is not intended to provide factual information or advice. YOUR USE OF MATERIAL GENERATOR IS AT YOUR OWN RISK, AND MATERIAL GENERATOR IS PROVIDED “AS IS” AND WITHOUT CONDITION, WARRANTY, GUARANTEE OR REPRESENTATION OF ANY KIND, EXPRESS OR IMPLIED (INCLUDING WITHOUT LIMITATION, ANY WARRANTY OF MERCHANTABILITY, FITNESS FOR A PARTICULAR PURPOSE, TITLE, NON-INFRINGEMENT, AVAILABILITY, OR ERROR-FREE OR UNINTERRUPTED USE). ROBLOX MAKES NO WARRANTY ABOUT CONTENT OR MATERIALS ACCESSIBLE THROUGH OR FROM MATERIAL GENERATOR, AND EXPRESSLY DISCLAIMS THAT ANY CONTENT, IMAGES OR INFORMATION RESULTING FROM OR RELATED TO YOUR USE OF MATERIAL GENERATOR IS ACCURATE OR RELIABLE OR CAN OR SHOULD BE RELIED UPON BY YOU FOR ANY PURPOSE.","منشئ المواد هي أداة تقدمها Roblox تتيح الوصول إلى خصائص إنشاء المواد في Studio. بمجرد المتابعة أو استخدام منشئ المواد، فإنك تقر وتوافق على ما يلي.

تظل مسؤولًا عن ضمان امتثال جميع اللغات والبيانات والمعلومات الأخرى التي تقوم بتحميلها إلى Roblox، وجميع الصور والمواد الأخرى المقترحة من قِبل منشئ المواد، لشروط استخدام Roblox (""الشروط"") بما في ذلك معايير مجتمع Roblox. يُعد منشئ المواد جزءًا من ""الخدمات"" كما هي محددة في الشروط. بناءً عليه، يخضع استخدامك لمنشئ المواد للشروط، بما في ذلك شروط المصممين ومعايير مجتمع Roblox، ومن بين أمور أخرى، يجب عليك (1) استخدام منشئ المواد بطريقة قانونية وبما يتوافق مع جميع القوانين المعمول بها، (2) عدم إجراء هندسة عكسية، أو فك، أو إلغاء تجميع، أو محاولة استخلاص أو الوصول إلى منشئ المواد بأي طريقة أخرى؛ و(3) استخدام منشئ المواد بطريقة لا تنتهك أو تحاول انتهاك، أو تسيء استخدام، أو تخالف بأي شكل آخر أي حقوق لـ Roblox أو أي شخص أو كيان آخر.

قد ينتج منشئ المواد، بحكم طبيعته، محتوى غير ذي صلة، أو خاطئ، أو مسيء، أو غير مفيد لأغراضك، وقد يتشابه هذا المحتوى أو يختلف بين المستخدمين. ليس الغرض من منشئ المواد تقديم معلومات حقيقية أو إرشادات. استخدامك لمنشئ المواد يقع على مسؤوليتك الخاصة، ويُقدم منشئ المواد ""كما هو"" ودون أي شروط أو ضمان أو كفالة أو تعهد من أي نوع، سواء كان صريحًا أو ضمنيًا (بما في ذلك، على سبيل المثال لا الحصر، أي ضمان خاص بالصلاحية التجارية أو الملاءمة لغرض معين أو الملكية أو عدم التعدي أو التوفر أو الاستخدام الخالي من الأخطاء أو غير المنقطع). لا تقدم Roblox أي ضمان بشأن المحتوى أو المواد التي يمكن الوصول إليها من خلال منشئ المواد أو منه، وتخلي مسؤوليتها صراحةً عن أن أي محتوى أو صور أو معلومات ناتجة عن استخدامك لمنشئ المواد أو مرتبطة به هي دقيقة أو موثوقة أو يمكن أو ينبغي الاعتماد عليها من قِبلك لأي غرض.","Der Material Generator ist ein Tool, das von Roblox als Option für den Zugriff auf die Materialerstellungsfunktionen in Studio bereitgestellt wird. DURCH DAS FORTFAHREN ODER DIE NUTZUNG DES MATERIAL GENERATORS ERKLÄRST DU DICH MIT DEN FOLGENDEN PUNKTEN EINVERSTANDEN.

Du bist dafür verantwortlich, dass alle Texte, Daten und anderen Informationen, die du auf Roblox hochlädst, sowie alle Bilder und anderen Materialien, die vom Material Generator vorgeschlagen werden, mit den Roblox-Nutzungsbedingungen (die ""Bedingungen"") einschließlich der Roblox-Community-Regeln übereinstimmen. Material Generator ist Teil der ""Dienste"", wie in den Bedingungen definiert. Dementsprechend unterliegt deine Nutzung des Material Generators den Bedingungen, einschließlich der Nutzungsbedingungen von Roblox für Creator und der Roblox-Community-Regeln, und du musst unter anderem (i) den Material Generator in rechtmäßiger Weise und unter Einhaltung aller geltenden Gesetze nutzen, (ii) davon absehen, den Material Generator zurückzuentwickeln, zu zerlegen, zu dekompilieren oder anderweitig zu versuchen, dir Zugang zu ihm zu verschaffen, und (iii) den Material Generator in einer Weise nutzen, die die Rechte von Roblox oder einer anderen natürlichen oder juristischen Person nicht verletzt oder zu verletzen versucht, sie sich zu eigen macht oder anderweitig beeinträchtigt.

Aufgrund seiner Beschaffenheit kann der Material Generator irrelevantes, ungenaues, beleidigendes oder anderes Material generieren, das für deine Zwecke nicht nützlich ist und das unter den Benutzern gleich, ähnlich oder unterschiedlich sein kann. Material Generator ist nicht dazu gedacht, sachliche Informationen oder Ratschläge zu geben. DEMENTSPRECHEND ERFOLGT DIE NUTZUNG DES MATERIAL GENERATORS AUF EIGENES RISIKO UND DER MATERIAL GENERATOR WIRD OHNE MÄNGELGEWÄHR UND OHNE AUSDRÜCKLICHE ODER STILLSCHWEIGENDE BEDINGUNGEN, GARANTIEN ODER ZUSICHERUNGEN JEGLICHER ART ZUR VERFÜGUNG GESTELLT (EINSCHLIESSLICH UND OHNE EINSCHRÄNKUNG JEGLICHER GARANTIE DER MARKTGÄNGIGKEIT, DER EIGNUNG FÜR EINEN BESTIMMTEN ZWECK, DES EIGENTUMSRECHTS, DER NICHTVERLETZUNG VON RECHTEN, VERFÜGBARKEIT ODER DER FEHLERFREIEN ODER UNUNTERBROCHENEN NUTZUNG DES DIENSTES). ROBLOX ÜBERNIMMT KEINE GARANTIE FÜR INHALTE ODER MATERIALIEN, AUF DIE ÜBER DEN MATERIAL GENERATOR ZUGEGRIFFEN WERDEN KANN, UND SICHERT AUSDRÜCKLICH NICHT ZU, DASS INHALTE, BILDER ODER INFORMATIONEN, DIE SICH AUS DER NUTZUNG DES MATERIAL GENERATORS ERGEBEN ODER DAMIT IN ZUSAMMENHANG STEHEN, KORREKT SIND ODER DASS DU DICH FÜR IRGENDEINEN ZWECK DARAUF VERLASSEN KANNST ODER SOLLTEST.","El Generador de materiales es una herramienta proporcionada por Roblox como opción para acceder a las funciones de creación de materiales en Studio. AL PROCEDER O UTILIZAR EL GENERADOR DE MATERIALES, ACEPTAS Y ESTÁS DE ACUERDO CON LO QUE SE INDICA A CONTINUACIÓN.

Eres responsable de garantizar que todo el lenguaje, los datos y la demás información que subas a Roblox, así como todas las imágenes y demás materiales sugeridos por el Generador de materiales, cumplen los Términos de uso de Roblox (los ""Términos""), incluidas las Normas de la comunidad Roblox. El Generador de materiales forma parte de los ""Servicios"", tal y como se definen en los Términos. En consecuencia, el uso que hagas del Generador de materiales está sujeto a los Términos, incluidos los Términos del creador y las Normas de la comunidad Roblox y, entre otras cosas, debes (i) utilizar el Generador de materiales de forma legal y de conformidad con todas las leyes aplicables, (ii) no realizar ingeniería inversa, desensamblar, descompilar o intentar derivar u obtener acceso al Generador de materiales, y (iii) utilizar el Generador de materiales de forma que no infrinja ni intente infringir, apropiarse indebidamente o incumplir de otro modo ningún derecho de Roblox o de cualquier otra persona o entidad.

Debido a su naturaleza, el Generador de materiales puede generar material irrelevante, inexacto, ofensivo o de otro tipo que no sea útil para tus propósitos y que puede ser igual, similar o diferente entre los usuarios. El Generador de materiales no pretende proporcionar información objetiva ni asesoramiento. EL USO QUE HAGAS DEL GENERADOR DE MATERIALES ES POR TU CUENTA Y RIESGO, Y EL GENERADOR DE MATERIALES SE PROPORCIONA ""TAL CUAL"" Y SIN CONDICIÓN, GARANTÍA, AVAL O REPRESENTACIÓN DE NINGÚN TIPO, EXPRESA O IMPLÍCITA (INCLUYENDO, SIN LIMITACIÓN, CUALQUIER GARANTÍA DE COMERCIABILIDAD, IDONEIDAD PARA UN FIN DETERMINADO, TITULARIDAD, NO INFRACCIÓN, DISPONIBILIDAD O USO SIN ERRORES O ININTERRUMPIDO). ROBLOX NO DA NINGUNA GARANTÍA SOBRE EL CONTENIDO O LOS MATERIALES ACCESIBLES A TRAVÉS O DESDE EL GENERADOR DE MATERIALES, Y RECHAZA EXPRESAMENTE QUE CUALQUIER CONTENIDO, IMAGEN O INFORMACIÓN RESULTANTE DE O RELACIONADA CON TU USO DEL GENERADOR DE MATERIALES SEA PRECISA O FIABLE, O QUE PUEDAS O DEBAS CONFIAR EN ELLA PARA CUALQUIER FIN.","Le générateur de matériaux est un outil fourni par Roblox pour accéder aux fonctions de création de matériaux dans Studio. EN PROCÉDANT OU EN UTILISANT LE GÉNÉRATEUR DE MATÉRIAUX, VOUS ACCEPTEZ ET CONSENTEZ À CE QUI SUIT.

Il vous incombe de veiller à ce que toutes les langues, données et autres informations que vous téléchargez sur Roblox, ainsi que toutes les images et autres matériels suggérés par le générateur de matériel, soient conformes aux conditions d'utilisation de Roblox (les ""conditions""), y compris les normes de la communauté Roblox. Material Generator fait partie des ""Services"" tels que définis dans les Conditions. En conséquence, votre utilisation du Générateur de Matériel est soumise aux Conditions, y compris les Conditions du Créateur et les Normes de la Communauté Roblox, et, entre autres, vous devez (i) utiliser le Générateur de Matériel de manière légale et en conformité avec toutes les lois applicables, (ii) ne pas faire d'ingénierie inverse, ne pas désassembler, ne pas décompiler, et ne pas tenter de toute autre manière de dériver ou d'accéder au Générateur de Matériel ; et (iii) utiliser le Générateur de Matériel d'une manière qui n'enfreint pas ou ne tente pas d'enfreindre, de détourner ou de violer de toute autre manière les droits de Roblox ou d'une autre personne ou entité.

En raison de sa nature, le générateur de matériel peut générer du matériel non pertinent, inexact, offensant ou autre qui n'est pas utile à vos fins et qui peut être identique, similaire ou différent d'un utilisateur à l'autre. Le générateur de matériel n'est pas destiné à fournir des informations factuelles ou des conseils. VOTRE UTILISATION DU GÉNÉRATEUR DE CONTENU EST À VOS PROPRES RISQUES, ET LE GÉNÉRATEUR DE CONTENU EST FOURNI ""EN L'ÉTAT"" ET SANS CONDITION, GARANTIE OU REPRÉSENTATION DE QUELQUE NATURE QUE CE SOIT, EXPRESSE OU IMPLICITE (Y COMPRIS, SANS LIMITATION, TOUTE GARANTIE DE QUALITÉ MARCHANDE, D'ADÉQUATION À UN USAGE PARTICULIER, DE TITRE, DE NON-CONTREFAÇON, DE DISPONIBILITÉ OU D'UTILISATION SANS ERREUR OU ININTERROMPUE). ROBLOX NE DONNE AUCUNE GARANTIE SUR LE CONTENU OU LES MATÉRIAUX ACCESSIBLES VIA OU À PARTIR DU GÉNÉRATEUR DE MATÉRIAUX, ET DÉCLINE EXPRESSÉMENT QUE TOUT CONTENU, IMAGE OU INFORMATION RÉSULTANT DE OU LIÉ À VOTRE UTILISATION DU GÉNÉRATEUR DE MATÉRIAUX EST EXACT OU FIABLE OU PEUT OU DOIT ÊTRE UTILISÉ PAR VOUS À QUELQUE FIN QUE CE SOIT.","मटीरियल जेनरेटर एक टूल है जो Roblox, Studio में मटीरियल क्रिएशन फ़ीचर को ऐक्सेस करने के विकल्प के तौर पर उपलब्ध कराता है. आगे बढ़ने या मटीरियल जेनरेटर का इस्तेमाल करने का मतलब है कि आपने इसे स्वीकार किया है और सहमति दी है.

आप यह सुनिश्चित करने के लिए ज़िम्मेदार हैं कि आपके द्वारा Roblox पर अपलोड की जाने वाली सभी भाषा, डेटा और अन्य जानकारी, और मटीरियल जेनरेटर द्वारा सुझाई जाने वाली सभी इमेज और अन्य मटीरियल, Roblox कम्यूनिटी स्टैंडर्ड सहित Roblox उपयोग की शर्तों (""शर्तों"") का पालन करती हैं; मटीरियल जेनरेटर शर्तों में परिभाषित ""सेवाओं"" का हिस्सा है. उसी तरह, मटीरियल जेनरेटर का आपका उपयोग शर्तों के अधीन है, जिसमें निर्माता की शर्तें और Roblox कम्यूनिटी स्टैंडर्ड शामिल हैं, और, अन्य बातों के अलावा, आपको (i) कानूनी तरीके से और सभी लागू कानूनों के पालन में मटीरियल जेनरेटर का उपयोग करना होगा, (ii) मटीरियल जेनरेटर को रिवर्स इंजीनियर, डिसेंबल, डीकंपाइल या अन्यथा पाने या उसको ऐक्सेस करने की कोशिश नहीं करनी चाहिए (iii) मटीरियल जेनरेटर  का उपयोग ऐसे तरीके से करें जिससे Robox या किसी अन्य व्यक्ति या संस्था के किसी भी अधिकार का उल्लंघन, दुरुपयोग या अन्यथा उल्लंघन करने की कोशिश न हो.

अपने स्वभाव के कारण, मटीरियल जेनरेटर अप्रासंगिक, गलत, आक्रामक या अन्य मटीरियल जेनरेट कर सकता है जो आपके उद्देश्यों के लिए उपयोगी नहीं है और जो यूज़र के बीच समान, एक जैसा या अलग हो सकता है. मटीरियल जेनरेटर का उद्देश्य तथ्यात्मक जानकारी या सलाह देना नहीं है. मटीरियल जेनरेटर का आपका उपयोग आपके अपने रिस्क पर है, और मटीरियल जेनरेटर को ""उसी तरह"" और बिना किसी शर्त, वॉरंटी, गारंटी या किसी भी तरह के प्रतिनिधित्व, व्यक्त या निहित (सीमा के बिना, व्यापारिकता की कोई वॉरंटी, किसी विशेष उद्देश्य के लिए उपयुक्तता, शीर्षक, गैर-उल्लंघन, उपलब्धता, या गलती-मुक्त या निर्बाध उपयोग सहित) के साथ दिया जाता है. ROBLOX मटीरियल जेनरेटर के माध्यम से या उससे उपलब्ध मटीरियल के बारे में कोई वॉरंटी नहीं देता है और स्पष्ट रूप से अस्वीकार करता है कि मटीरियल जेनरेटर के आपके उपयोग से उत्पन्न या उससे संबंधित कोई भी मटीरियल, इमेज या जानकारी सटीक या विश्वसनीय है या किसी भी उद्देश्य के लिए आपके द्वारा उस पर भरोसा किया जा सकता है या किया जाना चाहिए.","Material Generator adalah alat yang disediakan oleh Roblox sebagai opsi untuk mengakses fitur pembuatan material di Studio. DENGAN MELANJUTKAN ATAU MENGGUNAKAN MATERIAL GENERATOR, ARTINYA KAMU MENERIMA DAN MENYETUJUI PERNYATAAN DI BAWAH INI.

Kamu tetap bertanggung jawab memastikan semua bahasa, data, dan informasi lain yang di-upload ke Roblox, berikut semua gambar dan material lain yang disarankan oleh Material Generator, mematuhi Ketentuan Penggunaan Roblox (""Ketentuan""), termasuk Standar Komunitas Roblox. Material Generator adalah bagian dari ""Layanan"" sebagaimana dijelaskan dalam Ketentuan. Karenanya, penggunaanmu atas Material Generator harus tunduk pada Ketentuan, termasuk Ketentuan Kreator dan Standar Komunitas Roblox, serta, antara lain, kamu harus (i) menggunakan Material Generator dengan cara yang sah dan mematuhi semua peraturan perundang-undangan yang berlaku, (ii) tidak merekayasa balik, membongkar, mendekompilasi, atau berupaya membuat karya turunan atau mendapatkan akses ke Material Generator; dan (iii) menggunakan Material Generator dengan cara yang tidak melanggar atau berusaha melanggar, menyalahgunakan, atau melanggar hak Roblox, orang lain, atau entitas lain.

Mengingat sifatnya, Material Generator mungkin saja menghasilkan material yang tidak relevan, tidak akurat, menyinggung, atau tidak berguna untuk keperluanmu dan material yang mungkin saja sama, mirip, atau berbeda dengan pengguna lainnya. Material Generator tidak dimaksudkan untuk memberikan informasi atau saran yang faktual. KAMU BERTANGGUNG JAWAB ATAS RISIKO PENGGUNAAN MATERIAL GENERATOR, DAN MATERIAL GENERATOR DISEDIAKAN ""APA ADANYA"" DAN TANPA SYARAT, JAMINAN, GARANSI, ATAU PERNYATAAN APA PUN, BAIK TERSURAT MAUPUN TERSIRAT (TERMASUK, TETAPI TIDAK TERBATAS PADA, SEMUA JAMINAN TERKAIT KELAYAKAN UNTUK DIPERDAGANGKAN, KESESUAIAN UNTUK TUJUAN TERTENTU, HAK MILIK, KEBEBASAN DARI PELANGGARAN, KETERSEDIAAN, ATAU PENGGUNAAN BEBAS KESALAHAN ATAU BEBAS GANGGUAN APA PUN). ROBLOX SAMA SEKALI TIDAK MENJAMIN KONTEN ATAU MATERIAL YANG DAPAT DIAKSES MELALUI ATAU DARI MATERIAL GENERATOR, DAN DENGAN TEGAS MENAFIKAN BAHWA SEMUA KONTEN, GAMBAR, ATAU INFORMASI YANG DIHASILKAN DARI ATAU TERKAIT PENGGUNAAN MATERIAL GENERATOR BERSIFAT AKURAT, ANDAL, ATAU DAPAT ATAU SEHARUSNYA DAPAT DIANDALKAN OLEHMU UNTUK TUJUAN APA PUN.","Material Generator è uno strumento fornito da Roblox come opzione per accedere alle funzionalità di creazione di materiale in Studio. PROCEDENDO O UTILIZZANDO IL MATERIAL GENERATOR, L'UTENTE ACCETTA QUANTO SOTTO.

Resti responsabile di garantire che tutte i linguaggi, dati e le altre informazioni che carichi su Roblox, e tutte le immagini e gli altri materiali suggeriti dal generatore di materiale, sono conformi alle Condizioni d'uso di Roblox (i ""Termini"") comprese le norme comunitarie di Roblox. Il generatore di materiale fa parte dei ""Servizi"" definiti nei Termini. Di conseguenza, l'utilizzo del Generatore di materiale è soggetto ai Termini, compresi i Termini del Creatore e gli Standard della community Roblox, e, tra l'altro, è necessario (i) utilizzare il generatore di materiale in modo lecito e nel rispetto di tutte le leggi applicabili, (ii) non reingegnerizzare, smontare, disassemblare, decompilare o tentare di derivare o ottenere l'accesso al generatore di materiale; e (iii) utilizzare il generatore di materiale in modo da non violare o tentare di violare, appropriarsi indebitamente o violare qualsiasi diritto di Roblox o di qualsiasi altra persona o entità.

A causa della sua natura, il generatore di materiale può generare materiali irrilevanti, imprecisi, offensivi, o altro materiale che non è utile per i tuoi scopi e che può essere lo stesso, simile o diverso tra gli utenti. Il generatore di materiale non è inteso a fornire informazioni fattuali o consulenze. L'UTILIZZO DEL MATERIAL GENERATOR È A PROPRIO RISCHIO E IL MATERIAL GENERATOR VIENE FORNITO ""COSÌ COM'È"" E SENZA CONDIZIONI, GARANZIE O DICHIARAZIONI DI ALCUN TIPO, ESPRESSE O IMPLICITE (COMPRESE, SENZA LIMITAZIONI, QUALSIASI GARANZIA DI COMMERCIABILITÀ, IDONEITÀ PER UN PARTICOLARE SCOPO, TITOLO, NON VIOLAZIONE, DISPONIBILITÀ O UTILIZZO PRIVO DI ERRORI O ININTERROTTO). ROBLOX NON FORNISCE ALCUNA GARANZIA SUI CONTENUTI O MATERIALI ACCESSIBILI ATTRAVERSO O DAL GENERATORE DI MATERIALI E NEGA ESPRESSAMENTE CHE QUALSIASI CONTENUTO, IMMAGINE O INFORMAZIONE DERIVANTE DA O CORRELATO ALL'UTILIZZO DEL MATERIAL GENERATOR SIA ACCURATO O AFFIDABILE O PUÒ O DOVREBBE ESSERE FATTO DA TE PER QUALSIASI SCOPO.","素材生成は、Roblox（ロブロックス）がStudio上で素材作成機能にアクセスするときのオプションとして提供しているツールです。続行すること、または素材生成の利用をすることで、あなたは以下の内容を承諾し、同意したことになります。

あなたがRobloxにアップロードするすべての言語、データ、その他の情報、および素材生成が提案するすべての画像やその他の素材が、Robloxコミュニティ基準を含むRoblox利用規約（「本規約」）に従っていることを確認する責任をあなたが負います。素材生成は、本規約に定義されている「本サービス」の一部です。したがって、素材生成の使用は、クリエーター規約およびRobloxコミュニティ基準を含む本規約の対象となり、特に、(i) 素材生成を適用可能なすべての法律に則って合法的に使用しなければならず、(ii) リバースエンジニアリング（逆行分析）、逆アセンブル、逆コンパイル、その他の派生やアクセスの試みを禁止します。そして、(iii) Robloxまたはその他の個人やいかなる組織のいかなる権利をも侵害したり、侵害しようと試みたり、不正利用したり、侵害したりしない方法で素材生成を使用しなければなりません。

その特性から、素材生成が間違いや誤解を生む内容、不快なもの、またはあなたが使用する目的には役に立たないその他の情報を生成する可能性があり、それはユーザーによって同じ場合もあれば、似たような場合もあれば、違う場合もあります。素材生成は、事実に基づいた情報やアドバイスを提供する意図で作成されたものではありません。素材生成の使用はご自身の責任において行われるものとし、素材生成は「現状のまま」提供され、明示してあるか暗黙の了解かどうかを問わず、いかなる種類の条件や保証、または表明（商品性、特定の目的への適合性、権利、非侵害、または本サービスのエラーフリーな状態、もしくは中断されない使用に関する保証を含むがこれに限定されない）もないものとします。Robloxは、素材生成を通じて、または素材生成からアクセスできるコンテンツや情報についていかなる保証もせず、素材生成の使用に起因、または関連するデータ、コンテンツまたは情報が正確であること、またはいかなる目的においてもユーザーがこれを信頼できること、または信頼すべきことを明示的に否定します。","재질 생성기는 Studio에서 재질 생성 기능을 이용하기 위한 옵션으로 Roblox에서 제공하는 도구입니다. 계속 진행하거나 재질 생성기를 사용하면 아래 사항을 수락하고 동의하는 것으로 간주됩니다.

귀하는 Roblox에 업로드하는 모든 언어, 데이터 및 기타 정보와 재질 생성기가 제안하는 모든 이미지 및 기타 자료가 Roblox 커뮤니티 규정을 포함한 Roblox 이용 약관(이하 '약관')을 준수하도록 할 책임이 있습니다. 재질 생성기는 약관에 정의된 '서비스'의 일부입니다. 따라서 귀하의 재질 생성기 이용은 크리에이터 약관 및 Roblox 커뮤니티 규정을 포함한 약관의 적용을 받으며, 무엇보다도 (i) 모든 관련 법률을 준수하고 합법적인 방식으로 재질 생성기를 사용해야 하고, (ii) 리버스 엔지니어링, 디스어셈블 또는 디컴파일하거나 기타 방식으로 재질 생성기를 파생시키거나 재질 생성기에 대한 액세스 권한을 얻으려고 시도하지 않아야 하며, (iii) Roblox 또는 다른 사람이나 단체의 권리를 침해하거나 침해, 유용 또는 달리 침범하려는 시도를 하지 않는 방식으로 재질 생성기를 사용해야 합니다.

재질 생성기는 그 특성으로 인해 귀하의 목적 달성에 유용하지 않고 사용자 간에 동일하거나 유사하거나 다를 수 있는 무관하거나 부정확하거나 공격적이거나 하는 등의 자료를 생성할 수 있습니다. 재질 생성기는 사실에 입각한 정보나 조언을 제공하기 위한 것이 아닙니다. 귀하의 재질 생성기 사용에 따른 위험은 귀하의 책임이며, 재질 생성기는 명시적이든 묵시적이든 어떠한 종류의 조건, 보증, 보장 또는 진술 없이 '있는 그대로' 제공됩니다(상품성, 특정 목적에의 적합성, 소유권, 비침해, 가용성 또는 오류나 중단 없는 사용에 대한 보증을 포함하되 이에 국한되지 않음). Roblox는 재질 생성기를 통하거나 재질 생성기에서 액세스할 수 있는 콘텐츠 또는 자료에 대해 어떠한 보증도 하지 않으며, 재질 생성기 사용으로 인해 발생하거나 재질 생성기 사용과 관련된 모든 콘텐츠, 이미지 또는 정보가 정확하거나 신뢰할 수 있거나 귀하가 어떤 목적으로든 신뢰할 수 있거나 신뢰할 수 있어야 함을 명시적으로 부인합니다.","Generator materiałów to narzędzie udostępniane przez platformę Roblox jako opcjonalne, aby zapewnić dostęp do funkcji tworzenia materiałów w aplikacji Studio. PRZECHODZĄC DALEJ LUB KORZYSTAJĄC Z GENERATORA MATERIAŁÓW, AKCEPTUJESZ PONIŻSZE WARUNKI.

W dalszym ciągu ponosisz odpowiedzialność za zapewnienie zgodności wszystkich informacji językowych, danych i innych informacji przesyłanych na platformę Roblox, a także wszystkich obrazów i innych materiałów sugerowanych przez Generator materiałów z Warunkami użytkowania platformy Roblox („Warunkami”), w tym ze Standardami Społeczności platformy Roblox. Generator materiałów stanowi część „Usług” zdefiniowanych w Warunkach. Korzystanie z Generatora materiałów podlega Warunkom, w tym Warunkom dotyczącym twórców oraz Standardom Społeczności platformy Roblox, a ponadto użytkownik jest między innymi zobowiązany do: (i) korzystania z Generatora materiałów w sposób zgodny z prawem i wszelkimi obowiązującymi przepisami; (ii) niepodejmowania działań związanych z odtwarzaniem kodu źródłowego, dezasemblowaniem, dekompilowaniem i wszelkimi innymi próbami odtworzenia lub uzyskania dostępu do Generatora materiałów; oraz (iii) korzystania z Generatora materiałów w sposób, który nie narusza ani nie zmierza do naruszenia, sprzeniewierzenia lub innego rodzaju pogwałcenia jakichkolwiek praw firmy Roblox lub dowolnej innej osoby lub podmiotu.

Ze względu na swoją naturę Generator materiałów może generować informacje nieprawidłowe, wprowadzające w błąd, obraźliwe lub informacje w inny sposób nieprzydatne do celów użytkownika i informacje te mogą być takie same, podobne lub inne w przypadku różnych użytkowników. Generator materiałów nie jest przeznaczony do dostarczania informacji lub porad zgodnych ze stanem faktycznym. UŻYTKOWNIK KORZYSTA Z GENERATORA MATERIAŁÓW NA WŁASNE RYZYKO, A GENERATOR MATERIAŁÓW JEST DOSTARCZANY W STANIE „TAKIM, W JAKIM JEST” I BEZ ŻADNEGO RODZAJU WARUNKÓW, GWARANCJI ANI ZAPEWNIEŃ, WYRAŹNYCH ANI DOROZUMIANYCH (W TYM MIĘDZY INNYMI JAKICHKOLWIEK GWARANCJI POKUPNOŚCI, PRZYDATNOŚCI DO OKREŚLONEGO CELU, TYTUŁÓW, NIENARUSZANIA PRAW, DOSTĘPNOŚCI, WOLNOŚCI OD BŁĘDÓW CZY NIEZAKŁÓCONEGO UŻYTKOWANIA). ROBLOX NIE UDZIELA GWARANCJI DOTYCZĄCYCH ZAWARTOŚCI ANI MATERIAŁÓW DOSTĘPNYCH POPRZEZ GENERATOR MATERIAŁÓW LUB POZYSKANYCH Z GENERATORA MATERIAŁÓW, I W SPOSÓB WYRAŹNY DEMENTUJE, ŻE JAKAKOLWIEK ZAWARTOŚĆ, OBRAZY LUB INFORMACJE WYNIKAJĄCE Z KORZYSTANIA PRZEZ UŻYTKOWNIKA Z GENERATORA MATERIAŁÓW LUB ZWIĄZANE Z TAKIM KORZYSTANIEM SĄ PRAWIDŁOWE, ANI ŻE MOGĄ LUB POWINNY NADAWAĆ SIĘ DO WYKORZYSTANIA DO JAKIEGOKOLWIEK CELU.","O Gerador de materiais é uma ferramenta fornecida pela Roblox como uma opção para acessar funcionalidades de criação de materiais no Studio. AO CONTINUAR COM O USO DO GERADOR DE MATERIAIS, VOCÊ ACEITA E CONCORDA COM O SEGUINTE:

Você permanece responsável por garantir que todas as informações de linguagem, dados e outras que você enviar para a Roblox, e todas as imagens e outros materiais sugeridos pelo Gerador de materiais, obedeçam aos Termos de Uso Roblox (os ""Termos""), incluindo as Regras da Comunidade Roblox. O Gerador de materiais é parte dos ""Serviços"", como definido nos Termos. De acordo, seu uso do Gerador de materiais está sujeito aos Termos, incluindo os Termos para Criadores e as Regras da Comunidade Roblox e, entre outras coisas, você deve (i)usar o gerador de materiais de maneira legal e obedecendo todas as leis aplicáveis, (ii) não fazer engenharia reversa, desmontar, decompilar ou de outra forma tentar derivar ou ganhar acesso ao Gerador de materiais e (iii) usar o Gerador de materiais de maneira que não infrinja ou tente infringir, desapropriar ou de outra maneira violar quaisquer direitos da Roblox ou de outra pessoa ou entidade.

Devido à sua natureza, o Gerador de materiais pode gerar materiais irrelevantes, imprecisos, ofensivos ou outros materiais que não são úteis para seus propósitos e que podem ser o mesmo, similar ou diferente entre usuários. O Gerador de materiais não tem como objetivo fornecer informação factual ou aconselhamento. SEU USO DO GERADOR DE MATERIAIS É FEITO SOB SUA CONTA E RISCO E O GERADOR DE MATERIAIS É FORNECIDO COMO É E SEM NENHUMA CONDIÇÃO, GARANTIA OU REPRESENTAÇÃO DE NENHUM TIPO, DE FORMA IMPLICITA (INCLUINDO SEM LIMITAÇÃO, QUALQUER GARANTIA DE DISPONIBILIDADE DE MERCADO, APROPRIADO PARA UM PROPÓSITO ESPECÍFICO, TÍTULO, NÃO-INFRIGIMENTO, DISPONIBILIDADE OU USO LIVRE DE ERROS OU ININTERRUPTO). A ROBLOX NÃO GARANTE NENHUM CONTEÚDO OU MATERIAL ACESSÍOVEL ATRAVÉS DO GERADOR DE MATERIAIS E DECLARA CATEGORICAMENTE QUE NENHUM CONTEÚDO, IMAGENS OU INFORMAÇÕES RESULTANTES OU RELACIONADAS AO SEU USO DO GERADOR DE MATERIAIS É PRECISO OU CONFIÁVEL OU QUE PODE OU DEVE SER CONFIADO PARA QUALQUER PROPÓSITO.",,"เครื่องมือสร้างวัสดุคือเครื่องมือที่จัดทำโดย Roblox ในฐานะตัวเลือกเพื่อเข้าถึงคุณสมบัติการสร้างวัสดุใน Studio โดยการดำเนินการต่อหรือการใช้เครื่องมือสร้างวัสดุ จะถือว่าคุณยอมรับและตกลงตามข้อกำหนดและเงื่อนไขด้านล่างนี้
คุณยังคงเป็นผู้รับผิดชอบในการตรวจสอบให้แน่ใจว่า ภาษา และข้อมูลอื่นๆ ทั้งหมดที่คุณอัปโหลดไปยัง Roblox และภาพและวัสดุอื่นๆ ที่ได้รับการแนะนำโดยเครื่องมือสร้างวัสดุทั้งหมดเป็นไปตามข้อกำหนดการใช้งานของ Roblox (""ข้อกำหนด"") รวมถึงมาตรฐานชุมชนของ Roblox เครื่องมือสร้างวัสดุเป็นส่วนหนึ่งของ ""บริการ"" ตามที่ได้กำหนดไว้ในข้อกำหนด ดังนั้น การใช้เครื่องมือสร้างวัสดุของคุณ อยู่ภายใต้ข้อกำหนด รวมถึงข้อกำหนดสำหรับครีเอเตอร์ และมาตรฐานชุมชนของ Roblox และนอกเหนือจากสิ่งอื่นใดแล้ว คุณต้อง (i) ใช้เครื่องมือสร้างวัสดุในลักษณะที่ถูกต้องตามกฎหมายและสอดคล้องกับกฎหมายที่บังคับใช้ทั้งหมด (ii) ไม่ทำวิศวกรรมย้อนกลับ แยกองค์ประกอบ ถอดรหัส หรือพยายามอย่างอื่นเพื่อให้ได้มาหรือเข้าถึงเครื่องมือสร้างวัสดุ และ (iii) ใช้เครื่องมือสร้างวัสดุในลักษณะที่ไม่ละเมิดหรือพยายามละเมิด ใช้ในทางที่ผิดหรือละเมิดสิทธิใดๆ ของ Roblox หรือบุคคลหรือนิติบุคคลอื่นใด 

เนื่องจากลักษณะโดยธรรมชาติของมัน เครื่องมือสร้างวัสดุอาจสร้างข้อมูลที่ไม่เกี่ยวข้อง ไม่แม่นยำ ไม่เหมาะสม หรือวัสดุอื่นที่ไม่เป็นประโยชน์ต่อวัตถุประสงค์ของคุณ และอาจเหมือนกัน คล้ายคลึงกัน หรือแตกต่างกันในหมู่ผู้ใช้งาน เครื่องมือสร้างวัสดุไม่ได้มีวัตถุประสงค์เพื่อให้ข้อมูลหรือคำแนะนำที่เป็นข้อเท็จจริง การใช้งานเครื่องมือสร้างวัสดุของคุณถือเป็นความเสี่ยงของคุณเอง และเครื่องมือสร้างวัสดุนี้มีให้ ""ตามสภาพที่เป็นอยู่"" และไม่มีเงื่อนไข การรับประกัน หรือการรับรองใดๆ ทั้งโดยชัดแจ้งหรือโดยนัย (ซึ่งรวมถึงแต่ไม่จำกัดเพียงการรับประกันการใช้ประโยชน์จาากสินค้าตามปกติ ความเหมาะสมสำหรับวัตถุประสงค์ที่เฉพาะเจาะจง กรรมสิทธิ์ การไม่ละเมิด ความพร้อมใช้งาน หรือการใช้งานที่ไม่มีข้อผิดพลาดหรือต่อเนื่อง) Roblox จะไม่รับประกันเกี่ยวกับเนื้อหาหรือวัสดุใดที่เข้าถึงได้ผ่านหรือจากเครื่องมือสร้างวัสดุ และปฏิเสธความรับผิดชอบโดยชัดแจ้งว่า เนื้อหา ภาพ หรือข้อมูลใดๆ อันเป็นผลสืบเนื่องมาจาก หรือเกี่ยวข้องกับการใช้งานเครื่องมือสร้างวัสดุของคุณ มีความถูกต้อง หรือเชื่อถือได้ หรือคุณสามารถหรือควรพึ่งพาเนื้อหา ภาพ หรือข้อมูลนั้นเพื่อวัตถุประสงค์ใดๆ ได้","Malzeme Oluşturucu, Roblox tarafından Studio'daki malzeme oluşturma özelliklerine erişim için sunulmuş bir araçtır. DEVAM ETTİĞİNDE YA DA MALZEME OLUŞTURUCU'YU KULLANDIĞINDA AŞAĞIDAKİLERİ KABUL EDİP ONAYLAMIŞ OLURSUN.

Roblox'a yüklediğin tüm dil, veri ve bilgilerin ve Malzeme Oluşturucu tarafından hazırlanmış tüm görsellerin ve malzemelerin Roblox Topluluk Standartları'nı da kapsayan Roblox Kullanım Koşulları'na (""Koşullar"") uygunluğunun sorumluluğu sana aittir. Malzeme Oluşturucu, Koşullarda belirtildiği üzere ""Hizmetler""in bir parçasıdır. Dolayısıyla Malzeme Oluşturucu kullanımın, Yaratıcı Koşulları ve Roblox Topluluk Standartları da dâhil olmak üzere Koşullara tabidir ve diğer hususların yanı sıra (i) Malzeme Oluşturucu'yu yasal yollardan ve geçerli tüm yasalara uygun şekilde kullanman, (ii) Malzeme Oluşturucu'ya tersine mühendislik uygulamaman, Malzeme Oluşturucu'yu tersine çevirmemen, geri derlememen veya başka herhangi bir şekilde türetmeye ya da erişime açmaya çalışmaman ve (iii) Malzeme Oluşturucu'yu kullanırken Roblox'un ya da başka herhangi bir kişi veya kuruluşun haklarını ihlal etmemen ya da ihlal etmeye çalışmaman, suistimal etmemen veya başka herhangi bir şekilde çiğnememen gerekir.

Malzeme Oluşturucu; doğası gereği alakasız, yanlış, uygunsuz veya amacın doğrultusunda faydalı olmayan ve kullanıcılar arasında özdeşlik, benzerlik veya farklılık gösteren içerikler üretebilir. Malzeme Oluşturucu, gerçeklere dayalı bilgi ya da öneri sunmak için tasarlanmamıştır. DOLAYISIYLA MALZEME OLUŞTURUCU KULLANIMINDA RİSKLERİN SORUMLULUĞU SANA AİTTİR VE MALZEME OLUŞTURUCU; AÇIK VEYA ZIMNİ HERHANGİ BİR KOŞUL, GARANTİ, TEMİNAT VEYA BEYAN BULUNMAKSIZIN ""OLDUĞU GİBİ"" SUNULUR (BUNLARLA SINIRLI OLMAKSIZIN HERHANGİ BİR PAZARLANABİLİRLİK, BELİRLİ BİR AMACA UYGUNLUK, MÜLKİYET, İHLAL ETMEME YA DA HATASIZ VEYA KESİNTİSİZ KULLANIM TEMİNATI). ROBLOX, MALZEME OLUŞTURUCU ARACILIĞIYLA VEYA MALZEME OLUŞTURUCU ÜZERİNDEN ERİŞİLEBİLİR İÇERİKLER YA DA BİLGİLER HAKKINDA HERHANGİ BİR TEMİNAT VERMEZ VE MALZEME OLUŞTURUCU KULLANIMI KAYNAKLI VEYA MALZEME OLUŞTURUCU KULLANIMIYLA İLGİLİ HERHANGİ BİR VERİNİN, İÇERİĞİN YA DA BİLGİNİN KESİNLİKLE DOĞRU OLACAĞINI VEYA BU İÇERİKLERE HERHANGİ BİR AMAÇLA GÜVENİLEBİLECEĞİNİ VEYA GÜVENİLMESİ GEREKTİĞİNİ AÇIKÇA REDDEDER.","Trình Tạo Vật Liệu là một công cụ do Roblox cung cấp như một tùy chọn, cho phép bạn truy cập các tính năng tạo vật liệu trong Studio. BẰNG CÁCH TIẾP TỤC HOẶC SỬ DỤNG TRÌNH TẠO VẬT LIỆU, BẠN ĐỒNG Ý VÀ CHẤP NHẬN CÁC ĐIỀU KIỆN DƯỚI ĐÂY.

Bạn vẫn hoàn toàn chịu trách nhiệm đảm bảo rằng tất cả ngôn ngữ, dữ liệu và các thông tin khác mà bạn tải lên Roblox, cũng như tất cả hình ảnh và vật liệu khác do Trình Tạo Vật Liệu đề xuất, đều tuân thủ Điều Khoản Sử Dụng của Roblox (""Điều Khoản""), bao gồm cả Tiêu Chuẩn Cộng Đồng Roblox. Trình Tạo Vật Liệu là một phần của ""Dịch Vụ"" theo định nghĩa trong Điều Khoản. Theo đó, việc bạn sử dụng Trình Tạo Vật Liệu phải tuân theo Điều Khoản, bao gồm Điều Khoản Dành Cho Nhà Sáng Tạo và Tiêu Chuẩn Cộng Đồng Roblox, cùng các điều khoản khác, bạn phải (i) sử dụng Trình Tạo Vật Liệu một cách hợp pháp và tuân thủ tất cả các luật hiện hành, (ii) không bẻ khóa, phân rã, giải biên dịch hoặc cố gắng lấy hoặc truy cập vào Trình Tạo Vật Liệu; và (iii) sử dụng Trình Tạo Vật Liệu theo cách không vi phạm hoặc cố gắng vi phạm, chiếm dụng sai hoặc vi phạm bất kỳ quyền nào của Roblox hoặc bất kỳ cá nhân hoặc tổ chức nào khác.

Do bản chất của mình, Trình Tạo Vật Liệu có thể tạo ra vật liệu không liên quan, không chính xác, gây hiểu lầm, xúc phạm hoặc các vật liệu khác không hữu ích cho mục đích của bạn và có thể giống nhau, tương tự hoặc khác nhau giữa người dùng. Trình Tạo Vật Liệu không nhằm mục đích cung cấp thông tin hoặc lời khuyên thực tế. BẠN TỰ CHỊU RỦI RO KHI SỬ DỤNG TRÌNH TẠO VẬT LIỆU VÀ TRÌNH TẠO VẬT LIỆU ĐƯỢC CUNG CẤP TRÊN CƠ SỞ ""NGUYÊN TRẠNG"" VÀ KHÔNG CÓ ĐIỀU KIỆN, BẢO HÀNH, BẢO LÃNH HOẶC CAM ĐOAN DƯỚI BẤT KỲ HÌNH THỨC NÀO, DÙ LÀ RÕ RÀNG HAY NGỤ Ý (BAO GỒM NHƯNG KHÔNG GIỚI HẠN Ở BẤT KỲ SỰ BẢO ĐẢM VỀ KHẢ NĂNG THƯƠNG MẠI, PHÙ HỢP VỚI MỤC ĐÍCH CỤ THỂ, QUYỀN SỞ HỮU, VIỆC KHÔNG VI PHẠM, TÍNH SẴN CÓ HOẶC KHÔNG GẶP LỖI HAY KHÔNG BỊ GIÁN ĐOẠN KHI SỬ DỤNG). ROBLOX KHÔNG BẢO ĐẢM CHO NỘI DUNG HOẶC THÔNG TIN CÓ THỂ TRUY CẬP QUA HOẶC TỪ TRÌNH TẠO VẬT LIỆU, ĐỒNG THỜI TỪ CHỐI CHỊU TRÁCH NHIỆM MỘT CÁCH RÕ RÀNG VỀ VIỆC BẤT KỲ NỘI DUNG, HÌNH ẢNH HOẶC THÔNG TIN NÀO PHÁT SINH TỪ HOẶC LIÊN QUAN ĐẾN VIỆC SỬ DỤNG TRÌNH TẠO VẬT LIỆU CỦA BẠN LÀ CHÍNH XÁC HOẶC ĐÁNG TIN CẬY HOẶC BẠN CÓ THỂ HAY NÊN TIN TƯỞNG CHO BẤT KỲ MỤC ĐÍCH NÀO.",,,"「材質產生器」是 Roblox 提供的一個工具，讓您可以在 Studio 中使用材質建立功能。請閱讀以下內容，如果您使用或繼續使用材質產生器，即表示您同意以下內容。

您需要確保所有語言、資料和其他上傳到 Roblox 的資訊，以及材質產生器建議的所有圖像和其他材料都符合 Roblox 使用條款（下稱「條款」），包括 Roblox 社群標準。材質產生器是條款中「服務」的一部分。因此，您使用材質產生器需遵守條款，包括創作者條款和 Roblox 社群標準，您必須（i）以合法方式使用材質產生器，遵守所有適用的法律，（ii）不得反向工程、反編譯或以其他方式嘗試推導或獲取材質產生器的存取權；以及（iii）使用材質產生器的方式不得侵犯或嘗試侵犯、盜用或以其他方式違反 Roblox 或任何其他人或實體的權利。

由於材質產生器的特性，它可能會產生與使用者無關、不準確、冒犯或其他不適用於用戶目的的材料，且這些材料可能會在不同用戶之間相同、類似或不同。材質產生器非旨在提供事實資訊或建議。您使用材質產生器的風險自負，且材質產生器是按「原樣」提供，並且沒有任何條件、保證、擔保或表示，包括但不限於任何適銷性、特定用途適用性、標題、非侵權性、可用性、或錯誤免責或無中斷使用的保證。Roblox 對於材質產生器可存取的內容或材料不提供任何保證，並明確聲明由材質產生器產生或相關的任何內容、圖像或信息都不準確、可靠，且您不應該為任何目的而依賴這些內容、圖像或資訊。"
Studio.BetaFeatures.UnifiedLightingTitle,,,Unified Lighting,Unified Lighting,الإضاءة الموحدة,Einheitliche Beleuchtung,Iluminación unificada,Éclairage unifié,यूनिफ़ाइड लाइटिंग,Pencahayaan Terpadu,Illuminazione unificata,単一照明,통합 조명,Ujednolicone oświetlenie,Iluminação unificada,,การจัดแสงแบบรวมเป็นหนึ่งเดียว,Birleştirilmiş Aydınlatma,Ánh Sáng Hợp Nhất,,,統一照明
Studio.BetaFeatures.AutomaticSizeTitle,,,Automatic Size Beta,Automatic Size Beta,الإصدار التجريبي للحجم التلقائي,Automatische Größe Beta,Tamaño automático en beta,Taille automatique en Bêta,ऑटोमैटिक साइज़ बीटा,Ukuran Otomatis Beta,Dimensione automatica beta,自動サイズ調整ベータ版,자동 크기 조정 베타,Automatyczne dostosowanie rozmiaru w wersji beta,Tamanho automático beta,,ปรับขนาดอัตโนมัติเบต้า,Otomatik Boyutlandırma Beta,Kích Thước Tự Động Beta,,,自動大小調整 Beta 測試
Studio.BetaFeatures.PathfindingModifiersDescription,,,"Attached to Parts (if non-collidable, such Parts are used as volumes), their property Label can be used in the Cost table argument of CreatePath to make traversal cost non-unity.","Attached to Parts (if non-collidable, such Parts are used as volumes), their property Label can be used in the Cost table argument of CreatePath to make traversal cost non-unity.",مرفقة بالأجزاء (إذا كانت غير قابلة للتصادم، يتم استخدام هذه الأجزاء كمجلدات)، يمكن استخدام ملصق الخاصية الخاص بها في قيمة argument الخاصة بجدول التكلفة لـ CreatePath لجعل تكلفة العبور غير موحدة.,"An Teile angehängt (wenn nicht kollidierbar, werden solche Teile als Volumen verwendet), kann ihre Eigenschaft Label im Argument Kostentabelle von CreatePath verwendet werden, um die Überschreitung der Kosten ungleich zu machen.","Adjuntados a Piezas (si no colisionan, dichas Piezas se utilizan como volúmenes), su propiedad ModifierId puede utilizarse en el argumento de la tabla de Costos de CreatePath para hacer que el costo transversal no sea unitario.","Ils sont liés aux parties (si les collisions sont désactivées, les parties sont utilisées comme des volumes). Leur étiquette de propriété peut être utilisée dans l'argument de tableau de coût de CreatePath pour rendre le coût de passage non uniforme.","पार्ट से जुड़ा हुआ है (अगर नॉन-कोलाइडेबल है, तो ऐसे पार्ट को वॉल्यूम के रूप में इस्तेमाल किया जाता है), उनके ऐसेट लेबल का इस्तेमाल CreatePath के कॉस्ट टेबल आर्ग्युमेंट में किया जा सकता है, ताकि ट्रैवर्सल कॉस्ट को नॉन-यूनिटी बनाया जा सके.","Saat tersambung ke Komponen (jika tidak dapat berbenturan, Komponen tersebut digunakan sebagai volume), Label propertinya dapat digunakan di argumen tabel Biaya CreatePath untuk membuat biaya traversal menjadi non-unity.","Collegati alle parti (se non collidenti, tali parti sono usate come volumi), la loro proprietà dell'etichetta può essere usata nell'argomento della tabella dei costi di CreatePath per rendere il costo del percorso non unitario.",パーツに装着した場合（もし、衝突不可の場合、そのようなパーツは体積として使用）、その属性ラベルは CreatePath コストテーブル引数で横断コストを非単一にするために使えます。,"파트에 연결된 경우(충돌할 수 없는 경우 이러한 파트는 볼륨으로 사용됨), 속성 라벨을 CreatePath의 Cost 테이블 인수에서 사용하여 통과 코스트를 비통합으로 설정할 수 있습니다.","Dołączanie do części (w przypadku braku kolizji takie części są używane jako wolumetryczne), etykieta właściwości może zostać użyta w argumencie tabeli kosztów CreatePath w celu ustalenia kosztu przenoszenia jako non-unity.","Anexado às partes (se não colidível, como partes que são usadas em volumes), sua propriedade Label pode ser usada no argumento de tabela Cost de CreatePath para fazer não-unidades de custo transversal.",,ที่แนบกับส่วนประกอบ (หากรายการที่ไม่สามารถชนกันได้ เช่น ส่วนประกอบถูกใช้เป็นปริมาตร) จะสามารถใช้ Label คุณสมบัติของส่วนประกอบเหล่านั้นในอาร์กิวเมนต์ตารางค่า CreatePath เพื่อทำให้ค่าการเดินทางไม่เป็นเอกภาพได้,"Parçalara eklenir (çarpışmayan parçalar için böyle parçalar hacim olarak kullanılır), etiket özellikleri CreatePath'in tutar tablosu bağımsız değişkeninde geçiş tutarını birlik dışı yapmak için kullanılabilir.","Được gắn vào Bộ Phận (nếu không thể va chạm, các Bộ Phận đó được sử dụng như khối lượng), bạn có thể sử dụng thuộc tính Nhãn của chúng trong đối số bảng Chi Phí của CreatePath để làm cho chi phí di chuyển khác một.",,,附加至組件上（若無法法碰撞，該類組件會作為體積使用），其 Label 屬性可以用在 CreatePath 的 Cost 表格引數中，讓穿越成本非整合。
Studio.BetaFeatures.SelectionImprovementsTitle,,,Selection Improvements,Selection Improvements,تحسينات في الاختيار,Auswahlverbesserungen,Mejoras de la selección,Améliorations de la sélection,सिलेक्शन में सुधार,Penyempurnaan Pilihan,Miglioramenti selezione,選択機能の改善,선택 영역 개선,Usprawnienia zaznaczania,Melhorias de seleção,,การปรับปรุงส่วนที่เลือก,Seçim İyileştirmeleri,Cải Thiện Lựa Chọn,,,選取項目改良
Studio.BetaFeatures.ParticlFlipbooksDescription,,,"Enables the new particle flipbook feature, allowing the use of animated textures on particles (needing a 1024x1024 grid-layout texture of individiual frames).","Enables the new particle flipbook feature, allowing the use of animated textures on particles (needing a 1024x1024 grid-layout texture of individiual frames).","تمكين ميزة ""دفتر صور الجسيمات"" الجديدة، التي تسمح بتطبيق هيئات متحركة على الجسيمات (يتطلب ذلك هيئة بتنسيق شبكي بأبعاد 1024x1024 من الإطارات المنفردة).","Aktiviert die neue Funktion Partikel-Flipbook, die die Verwendung von animierten Texturen für Partikel ermöglicht (dazu wird eine 1024x1024 Rastertextur für die Einzelbilder benötigt).","Activa la nueva función de folioscopio de partículas, que permite el uso de las texturas en las partículas (se necesita una cuadrícula de textura de 1024x1024 de cuadros individuales).","Active la nouvelle fonction de flipbook de particules, permettant l'utilisation de textures animées sur les particules (nécessite une texture 1024x1024 en grille de trames individuelles).","नए पार्टिकल फ़्लिपबुक फ़ीचर को चालू करके, पार्टिकल्स पर ऐनिमेटेड टेक्स्चर के इस्तेमाल की अनुमति देता है (इसके लिए अलग-अलग फ्रे़म के 1024x1024 ग्रिड-लेआउट टेक्स्चर की ज़रूरत होती है).","Mengaktifkan fitur flipbook partikel baru, yang memungkinkan penggunaan tekstur animasi pada partikel (membutuhkan tekstur tata letak kisi 1024x1024 dari setiap frame).","Abilita la nuova funzionalità del flipbook particellare, che consente l'uso di texture animate sulle particelle (è necessaria una texture con layout a griglia 1024x1024 di singoli frame).",新しいパーティクルのパラパラマンガ機能を有効にして、パーティクルにアニメーションテクスチャを使用できます（個々のフレームの1024×1024 グリッドレイアウトテクスチャが必要）。,파티클에 애니메이션 텍스처를 사용할 수 있는 새로운 파티클 플립북 기능을 활성화합니다(개별 프레임의 1024x1024 그리드 레이아웃 텍스처 필요).,"Udostępnia nową funkcję flipbooków cząstkowych, która umożliwia korzystanie z animowanych tekstur w przypadku cząstek (dla poszczególnych klatek wymagana jest tekstura 1024x1024 w układzie siatki).","Habilita o novo ativo de partículas flipbook, permitindo o uso de texturas animadas em partículas (precisa de uma textura de layout-grid de 1024x1024 em quadros individuais).",,เปิดใช้งานคุณสมบัติหนังสือกรีดอนุภาคใหม่ ช่วยให้สามารถใช้งานพื้นผิวเคลื่อนไหวบนอนุภาคได้ (ต้องการพื้นผิวเค้าโครงกริด 1024x1024 ของเฟรมเดี่ยว),Parçacıklarda animasyonlu doku kullanımına olanak sağlayan yeni parçacık döngüsü özelliğini etkinleştirir (her karenin 1024x1024 kılavuz düzeninde dokusu gerekir).,"Bật tính năng sổ lật hạt mới, cho phép sử dụng các vân đồ họa hiệu ứng động trên các hạt (yêu cầu vân đồ họa dạng lưới 1024x1024 chứa các khung hình riêng lẻ).",,,啟用新的粒子翻書功能，允許在粒子上使用動畫紋理（需要 1024x2014 網格配置的單一影格）。
Studio.BetaFeatures.ChromeDescription,,,Enables a new modernized Roblox Menu and related APIs for more seamless UI placement of key system controls.,Enables a new modernized Roblox Menu and related APIs for more seamless UI placement of key system controls.,تمكين قائمة Roblox جديدة وعصرية، بالإضافة إلى واجهات برمجة التطبيقات المرتبطة بها، لترتيب أكثر انسيابية لعناصر التحكم الرئيسية في واجهة المستخدم.,Ermöglicht ein neues modernisiertes Roblox-Menü und zugehörige APIs für eine nahtlosere Platzierung der wichtigsten Systemsteuerungen auf der Benutzeroberfläche.,Activa un nuevo Menú de Roblox modernizado y las API relacionadas para una colocación más fluida de los controles clave del sistema.,Active un nouveau menu Roblox modernisé et les API connexes pour un placement plus transparent des commandes de systèmes clés.,"की-सिस्टम कंट्रोल के बिना रुकावट वाले UI प्लेसमेंट के लिए, एक नया आधुनिक Roblox मेन्यू और संबंधित API चालू करता है.",Mengaktifkan Menu Roblox baru yang telah dimodernisasi dan API terkait untuk mendapatkan penempatan antarmuka kontrol sistem penting.,Abilita un nuovo menu Roblox modernizzato e le relative API per un posizionamento più fluido dell'interfaccia utente dei comandi del sistema chiave.,新しいモダンなRobloxメニューと関連するAPIを有効にして主要なシステム操作のUIをさらにスムーズに配置します。,새롭고 모던한 Roblox 메뉴 및 관련 API를 활성화해 주요 시스템 컨트롤의 UI 배치가 더 자연스러워집니다.,"Udostępnia nowe, zmodernizowane menu aplikacji Roblox oraz powiązanych interfejsów API, zapewniając wygodniejsze rozmieszczenie elementów interfejsu użytkownika do sterowania najważniejszymi funkcjami systemu.",Habilita um novo menu Roblox modernizado e APIs relacionadas para colocação mais simples de interface de usuário de controles de teclas do sistema.,,เปิดใช้งานเมนู Roblox และ API ที่เกี่ยวข้องที่ได้รับการปรับให้ทันสมัยเพื่อการวางตำแหน่ง UI ที่ราบรื่นยิ่งขึ้นของการควบคุมระบบหลัก,Önemli sistem kontrollerinin arayüze daha sorunsuz bir şekilde yerleştirilmesi için yeni ve modern bir Roblox menüsünü ve ilgili API'ları etkinleştirir.,Cho phép sử dụng Menu Roblox đổi mới và các API liên quan để bố trí các điều khiển hệ thống chính liền mạch hơn trong UI.,,,啟用新的現代化 Roblox 選單與相關 API，運用更流暢的 UI 放置進行主要系統控制。
Studio.BetaFeatures.NewDockingTitle,,,Updated Docking System,Updated Docking System,نظام الإرساء المحدث,Aktualisiertes Docking-System,Sistema de acoplamiento actualizado,Système d'amarrage mis à jour,अपडेट किया गया डॉकिंग सिस्टम,Sistem Docking yang Di-update,Sistema di aggancio aggiornato,ドッキングシステムの更新,도킹 시스템 업데이트,Zaktualizowany system dokowania,Sistema de acoplamento atualizado,,อัปเดตระบบการยึดโยงแล้ว,Yenilenmiş Yerleştirme Sistemi,Hệ Thống Neo Đã Cập Nhật,,,更新的對接系統
Studio.BetaFeatures.SelectionImprovementsDescription,,,"Enables a new selection outline style, the ability to select objects that are behind other objects, a new option for showing bounding boxes, and a context menu item for selecting parents of objects.","Enables a new selection outline style, the ability to select objects that are behind other objects, a new option for showing bounding boxes, and a context menu item for selecting parents of objects.",تمكين أسلوب تخطيط جديد لعمليات الاختيار، مع إمكانية تحديد الكائنات الموجودة خلف كائنات أخرى، بالإضافة إلى خيار جديد لإظهار مستطيلات التحديد المحيطة، وعنصر قائمة السياق لتحديد أصول الكائنات.,"Ermöglicht einen neuen Auswahlumrissstil, die Möglichkeit, Objekte auszuwählen, die sich hinter anderen Objekten befinden, eine neue Option zum Anzeigen von Begrenzungsrahmen und einen Kontextmenüeintrag zum Auswählen von übergeordneten Elementen von Objekten.","Permite un nuevo estilo de contorno de selección, la posibilidad de seleccionar objetos que están detrás de otros, una nueva opción para mostrar cajas de límites, y un elemento de menú contextual para seleccionar padres de objetos.","Active un nouveau style de contour de sélection, la possibilité de sélectionner des objets derrière d'autres objets, une nouvelle option pour afficher les boîtes englobantes et un lien de menu contextuel pour sélectionner les parents d'objets.","एक नई सिलेक्शन आउटलाइन स्टाइल, दूसरे ऑब्जेक्ट के पीछे के ऑब्जेक्ट सिलेक्ट करने की क्षमता, बाउंडिंग बॉक्स दिखाने के लिए एक नया ऑप्शन और ऑब्जेक्ट के पेरेंट सिलेक्ट करने के लिए एक संदर्भ मेन्यू आइटम चालू करता है.","Mengaktifkan gaya garis luar pemilihan baru, kemampuan memilih objek di belakang objek lain, opsi baru untuk menampilkan bounding box, dan item menu konteks untuk memilih induk objek.","Abilita un nuovo stile di contorno della selezione, la possibilità di selezionare oggetti che si trovano dietro altri oggetti, una nuova opzione per mostrare i riquadri di delimitazione e una voce di menu contestuale per selezionare i genitori degli oggetti.",輪郭スタイルの新しい選択肢、他のオブジェクトの背後にあるオブジェクトを選択すること、バウンディングボックスを表示する新しいオプション、コンテキストメニューでオブジェクトの親の選択を有効化。,"새 선택 윤곽선 스타일, 다른 개체 뒤에 있는 개체를 선택하는 기능, 경계 상자 표시를 위한 새로운 옵션, 개체의 부모를 선택하기 위한 콘텍스트 메뉴 항목을 활성화합니다.","Udostępnia nowy styl obramowania zaznaczenia, możliwość zaznaczania obiektów znajdujących się za innymi obiektami, nową opcję wyświetlania brył brzegowych oraz pozycję menu kontekstowego do zaznaczania obiektów nadrzędnych wskazanych obiektów.","Permite um novo estilo de contorno de seleção, a habilidade de selecionar objetos que estão atrás de outros objetos, uma nova opção para mostrar caixas delimitadoras, e um item de menu de contexto para selecionar pais de objetos.",,เปิดใช้งานสไตล์โครงร่างส่วนที่เลือกใหม่ ความสามารถในการเลือกวัตถุที่อยู่หลังวัตถุอื่น ตัวเลือกใหม่สำหรับการแสดงกล่องขอบเขต และรายการเมนูสำหรับการเลือกพ่อแม่ของวัตถุ,Yeni bir ana hat seçimi stili etkinleştirip başka nesnelerin arkasında nesneleri seçebilme imkânı sunarak bağlayıcı kutuların gösterilmesi için yeni bir seçenek ve nesnelerin üst öğelerinin seçilebilmesi için bağlam menüsü öğesi ekler.,"Bật kiểu viền lựa chọn mới, khả năng chọn các đối tượng nằm sau các đối tượng khác, tùy chọn mới để hiển thị khung viền và mục menu ngữ cảnh để chọn đối tượng cha của các đối tượng.",,,啟用新的選取項目外框樣式、選擇位於其他物件後面之物件的能力、顯示界限方塊的新選項，以及選取物件父項目的內容選單項目。
Studio.BetaFeatures.CreateAnimationFromVideoTitle,,,Live Animation Creator,Live Animation Creator,مصمّم الحركات المباشرة,Live-Animations-Ersteller,Creador de animaciones en vivo,Créateur d'animation Live,लाइव ऐनिमेशन क्रिएटर,Kreator Animasi Langsung,Creatore animazione live,ライブアニメーション作成,라이브 애니메이션 제작기,Kreator animacji na żywo,Criador de animações vivas,,เครื่องมือสร้างแอนิเมชันสด,Canlı Animasyon Yaratıcısı,Trình Tạo Hiệu Ứng Động Trực Tiếp,,,即時動畫生成器
Studio.BetaFeatures.MinPartSizeDescription,,,"Reduces the minimum limit on part sizes from 0.05 to 0.001. Parts can be visually smaller, but will still limit to 0.05 for collision geometry for now.","Reduces the minimum limit on part sizes from 0.05 to 0.001. Parts can be visually smaller, but will still limit to 0.05 for collision geometry for now.",يقلل الحد الأدنى لأحجام الأجزاء من 0.05 إلى 0.001. يمكن أن تكون الأجزاء أصغر بصريًا، ولكن ستظل تقتصر على 0.05 لهندسة التصادم في الوقت الحالي.,"Verringert die Mindestgrenze für die Teilegröße von 0,05 auf 0,001. Teile können visuell kleiner sein, aber für die Kollisionsgeometrie wird die Grenze vorerst noch bei 0,05 bleiben.","Reduce el límite mínimo de los tamaños de las piezas de 0.05 a 0.001. Las piezas pueden ser visualmente más pequeñas, pero todavía se limitará a 0.05 para la geometría de colisión por ahora.","Réduit la limite minimale de la taille des pièces de 0,05 à 0,001. Les pièces peuvent être visuellement plus petites, mais seront toujours limitées à 0,05 pour la géométrie de collision pour le moment.","पार्ट साइज़ पर न्यूनतम सीमा को 0.05 से 0.001 तक कम कर देता है. पार्ट्स देखने में छोटे हो सकते हैं, लेकिन अभी भी कोलीज़न ज्योमेट्री के लिए 0.05 तक सीमित होंगे.","Mengurangi batas minimum ukuran komponen dari 0,05 menjadi 0,001. Komponen mungkin terlihat lebih kecil, tetapi batas geometri benturannya untuk saat ini masih 0,05.","Riduce il limite minimo delle dimensioni delle parti da 0,05 a 0,001. È possibile che le parti siano visivamente più piccole, ma per il momento il limite è ancora di 0,05 per la geometria delle collisioni.",パーツのサイズの下限を 0.05 から 0.001 に減少。パーツは視覚的には小さいかもしれませんが、それでも現在のところ衝突ジオメトリの制限を 0.05 とします。,"파트 크기에 대한 최소한도를 0.05에서 0.001로 줄입니다. 파트가 시각적으로 더 작게 보일 수 있지만, 현재 충돌 지오메트리의 경우 여전히 0.05까지 제한합니다.","Obniża limit dolny wymiarów części z 0,05 do 0,001. Części mogą być wizualnie mniejsze, ale limit w przypadku geometrii kolizji to obecnie 0,05.","Reduz o limite mínimo do tamanho de parted de 0.05 para 0.001. As partes podem ser visualmente menor, mas ainda terão um limite de geometria de colisão de 0.05, por enquanto.",,ลดขีดจำกัดขั้นต่ำของขนาดส่วนประกอบจาก 0.05 เป็น 0.001 ส่วนประกอบอาจดูเล็กลง แต่จะยังคงจำกัดอยู่ที่ 0.05 สำหรับรูปทรงของการชนกันในขณะนี้,"Minimum parça boyutu sınırını 0,05'ten 0,001'e düşürür. Parçalar gözle görülür şekilde küçülebilir ama şimdilik çarpışma geometrisi için hâlâ 0,05 ile sınırlanır.","Giảm giới hạn kích thước tối thiểu của bộ phận từ 0,05 xuống 0,001. Các bộ phận có thể trông nhỏ hơn nhưng vẫn giới hạn ở mức 0,05 đối với hình học va chạm hiện tại.",,,將組件大小下限從 0.05 降到 0.001。組件在視覺上會看起來更小，但在碰撞幾何方面暫時仍會被限制為 0.05。
Studio.BetaFeatures.CreateAnimationFromVideoDescription,,,"Animation clip editor will have a ""Live Animation Creator"" option in the Import menu to transfer 3D pose from a video to an avatar.","Animation clip editor will have a ""Live Animation Creator"" option in the Import menu to transfer 3D pose from a video to an avatar.","سيتوفر في محرر مقاطع الرسوم المتحركة الخيار ""مصمّم الحركات المباشرة"" في قائمة ""الاستيراد"" لنقل الوضعيات ثلاثية الأبعاد من فيديو إلى أفاتار.","Im Animation-Clip-Editor gibt es jetzt die Option ""Live-Animations-Ersteller"" im Importmenü, um eine 3D-Pose aus einem Video auf einen Avatar zu übertragen.","El Editor de clips de animación tendrá una opción ""Creador de animaciones en vivo"" en el menú Importar para transferir la pose 3D de un video a un avatar.","L'éditeur de clip d'animation disposera d'une option ""Créateur d'animation en direct"" dans le menu Importer pour transférer la pose 3D d'une vidéo à un avatar.","ऐनिमेशन क्लिप एडिटर में वीडियो से अवतार में 3D पोज़ ट्रांसफ़र करने के लिए इंपोर्ट मेन्यू में ""लाइव ऐनिमेशन क्रिएटर"" ऑप्शन होगा.","Editor klip animasi akan memiliki opsi ""Kreator Animasi Langsung"" di menu Impor untuk mentransfer pose 3D dari video ke avatar.","L'editor di clip di animazione avrà l'opzione ""Creatore animazione live"" nel menu Importa per trasferire la posa 3D da un video a un avatar.",アニメーションクリップ編集には、インポートメニューでビデオからアバターに3Dポーズを転送する「ライブアニメーション作成」のオプションがあります。,애니메이션 클립 편집기의 가져오기 메뉴에 '라이브 애니메이션 제작기' 옵션이 추가되어 3D 포즈를 비디오에서 아바타로 전송할 수 있습니다.,"W menu importowania w edytorze klipów animowanych dostępna będzie opcja „Kreator animacji na żywo”, umożliwiająca przeniesienie pozy 3D z filmu na awatara.","O editor de clipe de animação terá a opção ""Criador de animação ao vivo"" no menu Importar para transferir a pose 3D de um vídeo para um avatar.",,"เครื่องมือแก้ไขคลิปแอนิเมชันจะมีตัวเลือก ""เครื่องมือสร้างแอนิเมชันสด"" ในเมนูการนำเข้าเพื่อถ่ายโอนท่าโพส 3D จากวิดีโอไปสู่อวาตาร์","Animasyon klibi düzenleyicinin içe aktarım menüsüne videolardaki 3B pozları avatara dönüştürmek için kullanılabilecek ""Canlı Animasyon Yaratıcısı"" seçeneği eklenir.","Trình biên tập clip hiệu ứng động sẽ có tùy chọn ""Trình Tạo Hiệu Ứng Động Trực Tiếp"" trong menu Nhập để chuyển tư thế 3D từ video sang avatar.",,,匯入選單的動畫片段編輯器將含有「即時動畫生成器」的選項，讓您將影片的 3D 姿勢轉入虛擬人偶。
Studio.BetaFeatures.VREmulatorTitle,,,VR Emulator,VR Emulator,محاكي الواقع الافتراضي,VR-Emulator,Emulador RV,Émulateur VR,VR एम्युलेटर,Emulator VR,Emulatore VR,VR仮想化機能,VR 에뮬레이터,Emulator VR,Emulador de RV,,อีมูเลเตอร์ VR,VR Öykünücüsü,Trình Giả Lập VR,,,VR 模擬器
Studio.BetaFeatures.DragDetectorsTitle,,,DragDetectors,DragDetectors,DragDetectors,DragDetectors,DragDetectors,DragDetectors,DragDetectors,DragDetectors,DragDetectors,DragDetectors,DragDetectors,Instancje DragDetector,DragDetectors,,DragDetectors,Sürükleme Tespit Edici,DragDetector,,,DragDetector
Studio.BetaFeatures.TextureGeneratorTermsAndConditions,,,"Please view the Terms and Conditions at the link below:

https://en.help.roblox.com/hc/articles/20121392440212","Please view the Terms and Conditions at the link below:

https://en.help.roblox.com/hc/articles/20121392440212","يرجى الاطلاع على الشروط والأحكام على الرابط أدناه:

https://en.help.roblox.com/hc/articles/20121392440212","Bitte sieh dir die Nutzungsbedingungen unter folgendem Link an:

https://en.help.roblox.com/hc/de/articles/115004647846","Consulta los Términos y las condiciones en el siguiente enlace:

https://en.help.roblox.com/hc/articles/20121392440212","Consulter les termes et conditions dans le lien ci-dessous :

https://en.help.roblox.com/hc/articles/20121392440212","कृपया नीचे दिए गए लिंक पर नियम और शर्तें देखें:

https://en.help.roblox.com/hc/articles/20121392440212","Harap baca Syarat dan Ketentuan di tautan di bawah ini:

https://en.help.roblox.com/hc/articles/20121392440212","Visualizza i Termini e condizioni al link qui sotto:

https://en.help.roblox.com/hc/articles/20121392440212","以下のリンクから規約と条件をごらんください。

https://en.help.roblox.com/hc/ja/articles/20121392440212","아래 링크에서 약관 및 조건을 확인하세요.

https://en.help.roblox.com/hc/articles/20121392440212","Wyświetl Warunki, korzystając z poniższego linku:

https://en.help.roblox.com/hc/articles/20121392440212","Por favor, veja os Termos e Condições no link abaixo:

https://en.help.roblox.com/hc/articles/20121392440212",,"โปรดดูข้อกำหนดและเงื่อนไขที่ลิงก์ด้านล่าง:

https://en.help.roblox.com/hc/articles/20121392440212","Lütfen aşağıdaki bağlantıdan Hüküm ve Koşulları görüntüle:

https://en.help.roblox.com/hc/articles/20121392440212","Vui lòng xem các Điều Khoản và Điều Kiện tại liên kết bên dưới:

https://en.help.roblox.com/hc/articles/20121392440212",,,"請從下列連結檢視條款與條件：

https://en.help.roblox.com/hc/articles/20121392440212"
Studio.BetaFeatures.UIDragDetectorTitle,,,UIDragDetectors,UIDragDetectors,UIDragDetectors,UIDragDetectors,UIDragDetectors,UIDragDetectors,UIDragDetectors,UIDragDetectors,UIDragDetectors,UIDragDetectors,UIDragDetectors,Instancje UIDragDetector,UIDragDetectors,,UIDragDetectors,UIDragDetector,UIDragDetector,,,UIDragDetector
Studio.BetaFeatures.GamepadEmulatorDescription,,,Enabling this feature allows you to simulate gamepad inputs directly in Roblox Studio without the need for physical controllers.,Enabling this feature allows you to simulate gamepad inputs directly in Roblox Studio without the need for physical controllers.,يتيح لك تمكين هذه الميزة محاكاة مدخلات لوحة الألعاب مباشرة في Roblox Studio دون الحاجة إلى وحدات تحكم مادية.,"Durch die Aktivierung dieser Funktion können Gamepad-Eingänge direkt in Roblox Studio simuliert werden, ohne dass physikalische Controller benötigt werden.",Activar esta función te permite simular entradas de gamepad directamente en Roblox Studio sin necesidad de controladores físicos.,Activer cette fonctionnalité vous permet de simuler les entrées de manette directement dans Roblox Studio sans avoir besoin de contrôleurs physiques.,"इस सुविधा को चालू करने से, फ़िज़िकल कंट्रोल की ज़रूरत के बिना सीधे Roblox Studio में गेमपैड इनपुट को सिम्युलेट किया जा सकता है.","Dengan mengaktifkan fitur ini, kamu bisa melakukan simulasi input gamepad secara langsung di Roblox Studio tanpa memerlukan kontroler fisik.","Abilitando questa funzione, potrai simulare gli input del gamepad direttamente in Roblox Studio senza bisogno di usare dei controller reali.",この機能を有効にすると、物理コントローラがなくても Roblox Studio でゲームパッドの入力を直接シミュレーションできます。,이 기능을 활성화하면 실제 컨트롤러 없이도 Roblox Studio에서 직접 게임 패드 입력을 시뮬레이션할 수 있습니다.,Włączenie tej funkcji umożliwia bezpośrednie symulowanie sygnałów wejściowych kontrolera w aplikacji Roblox Studio bez konieczności korzystania z kontrolerów fizycznych.,Ativar este recurso permite simular entradas de controle diretamente no Roblox Studio sem a necessidade de controladores físicos.,,การเปิดใช้งานคุณสมบัตินี้จะช่วยให้คุณสามารถจำลองอินพุตเกมแพดได้โดยตรงใน Roblox Studio โดยไม่จำเป็นต้องมีอุปกรณ์จอยเกมจริง,"Bu özelliği etkinleştirmek, oyun kumandan olmasa bile oyun kolu girişlerini Roblox Studio'da doğrudan taklit edebilmene olanak tanır.",Bật tính năng này cho phép bạn mô phỏng thao tác điều khiển tay cầm trực tiếp trong Roblox Studio mà không cần bộ điều khiển vật lý.,,,啟用此功能可讓您直接在 Roblox Studio 中模擬手把輸入，無需實體控制器。
Studio.BetaFeatures.PackagePermissionsTitle,,,Packages Permissions,Packages Permissions,أذونات الحزم,Paketberechtigungen,Permisos del paquete,Permissions des packages,पैकेज परमिशन,Izin Paket,Autorizzazioni dei pacchetti,パッケージ権限,패키지 권한,Uprawnienia dotyczące pakietów,Permissões de pacotes,,สิทธิ์แพ็คเกจ,Paket İzinleri,Quyền đối với Gói,,,套件權限
Studio.BetaFeatures.DragDetectorsDescription,,,New Instance type DragDetector that enables click-drag-release interactions. Enabling this beta feature allows using DragDetectors only within Roblox Studio.,New Instance type DragDetector that enables click-drag-release interactions. Enabling this beta feature allows using DragDetectors only within Roblox Studio.,DragDetector هو نوع حالة جديد يتيح التفاعل بالضغط والسحب والإفلات. بينما يتيح تمكين هذه الميزة التجريبية استخدام DragDetectors فقط داخل Roblox Studio.,"Neuer Instanztyp DragDetector, der Click-Drag-Release-Interaktionen ermöglicht. Wenn du diese Beta-Funktion aktivierst, kannst du DragDetectors nur innerhalb von Roblox Studio verwenden.",Nueva Instancia de tipo DragDetector que activa las interacciones clic-arrastra-suelta. Activar esta función beta permite usar DragDetectors solo dentro de Roblox Studio.,Nouveau type d'instance DragDetector qui active les interactions cliquer-glisser-libérer. L'activation de cette fonctionnalité bêta permet d'utiliser DragDetectors uniquement dans Roblox Studio.,नया इंस्टैंस टाइप DragDetector जो क्लिक-ड्रैग-रिलीज़ इंटरैक्शन चालू करता है. इस बीटा फ़ीचर को चालू करने से सिर्फ़ Roblox Studio में DragDetectors का इस्तेमाल करने की परमिशन मिलती है.,"Instance baru tipe DragDetector yang memungkinkan interaksi klik-seret-lepas. Jika fitur beta ini diaktifkan, DragDetector bisa digunakan hanya di Roblox Studio.",Nuovo tipo di istanza DragDetector che attiva le interazioni clic-trascinamento. L'abilitazione di questa funzione beta consente di utilizzare DragDetectors solo all'interno di Roblox Studio.,新しいインスタンス型の DragDetector はクリック・ドラッグ・リリースをオンにします。このベータ機能をオンにすると、Roblox Studio内 でのみ DragDetectors が使用できるようになります。,클릭-드래그-릴리스 상호 작용을 활성화하는 새로운 인스턴스 유형 DragDetector입니다. 이 베타 기능을 활성화하면 Roblox Studio 내에서만 DragDetector를 사용할 수 있습니다.,"Nowy typ instancji DragDetector, który umożliwia interakcje typu kliknij-przeciągnij-zwolnij. Włączenie tej funkcji w wersji beta umożliwia korzystanie z instancji DragDetector wyłącznie w aplikacji Roblox Studio.",Nova instância tipo DragDetector que habilita interações do tipo clicar-arrastar-soltar. Habilitar este recurso beta permite usar DragDetectores somente dentro do Roblox Studio.,,DragDetector ประเภทอินสแตนซ์ใหม่ที่จะเปิดใช้งานการปฏิสัมพันธ์การคลิก-ลาก-แล้วปล่อย เปิดใช้งานคุณสมบัติเบต้านี้เพื่ออนุญาตการใช้ DragDetectors ภายใน Roblox Studio เท่านั้น,Tıkla-sürükle-bırak şeklinde etkileşimlere olanak sağlayan yeni DragDetector örnek türü. Bu beta özelliğin etkinleştirilmesi yalnızca Roblox Studio'da DragDetector kullanımına izin verir.,Kiểu Phiên Bản mới của DragDetector cho phép tương tác nhấp-kéo-thả. Việc bật tính năng beta này sẽ phép sử dụng DragDetectors chỉ trong Roblox Studio.,,,新個體類型 DragDetector 可讓您進行點選拖放互動。啟用此 Beta 測試功能可讓您只在 Roblox Studio 內使用 DragDetector。
Studio.BetaFeatures.NewExperiencesEnableTeamCreate,,,New experiences enable Team Create,New experiences enable Team Create,"تمكين التجارب الجديدة لأداة ""إنشاء فريق""",Neue Experiences aktivieren Team Create,Nuevas experiencias que permiten Creación en equipo,Les nouvelles expériences autorisent Création en équipe,नए एक्सपीरिएंस टीम क्रिएट को चालू करते हैं,Pengalaman virtual baru memungkinkan Kreasi Bersama,Nuove esperienze abilitano Creazione di squadra,新しいバーチャル空間ができるとチーム制作機能がオンになります,새로운 체험에서 팀 제작 활성화,W nowych projektach dostępne jest tworzenie zespołowe,Novas experiências ativam a Criação em equipe,,ประสบการณ์ใหม่เปิดใช้งานการสร้างร่วมกับเพื่อน,Yeni deneyimler Takım Çalışması'nı etkinleştirir,Trải nghiệm mới đã bật tính năng Tạo Đội,,,新體驗將啟用團隊創作
Studio.BetaFeatures.AttributesUIDescription,,,Customize instances with your own data,Customize instances with your own data,تخصيص الحالات باستخدام بياناتك الخاصة,Passe Instanzen mit eigenen Daten an,Personalizar instancias con tus propios datos,Personnalise les instances avec tes propres données,अपने डेटा के साथ इंस्टैंस को कस्टमाइज़ करें,Membuat kustomisasi pada instance menggunakan datamu sendiri,Personalizza le istanze con i tuoi dati,自分のデータでインスタンスをカスタマイズ,나의 자체 데이터로 인스턴스를 사용자 정의합니다.,Dostosuj instancje przy użyciu własnych danych,Personalizar instâncias com dados próprios,,กำหนดอินสแตนซ์ด้วยข้อมูลของคุณเอง,Örnekleri kendi verilerinle özelleştir,Tùy chỉnh phiên bản với dữ liệu của riêng bạn,,,以自有資料自訂個體
Studio.BetaFeatures.LuaConstraintToolTitle,,,Improved Constraint Tool,Improved Constraint Tool,أداة القيد المحسنة,Verbessertes Beschränkungstool,Herramienta de restricción mejorada,Outil de contrainte amélioré,बेहतर किया गया कंस्ट्रेंट टूल,Alat Constraint yang Disempurnakan,Strumento di vincolo migliorato,改良済み拘束ツール,제약 도구 개선,Usprawnione narzędzie do obsługi ograniczeń,Ferramenta de restrição melhorada,,เครื่องมือ Constraint ที่ปรับปรุงแล้ว,Gelişmiş Kısıtlama Aracı,Công Cụ Ràng Buộc Được Cải Tiến,,,改善的限制式工具
Studio.BetaFeatures.FasterPlaySoloTitle,,,Faster Play Solo,Faster Play Solo,اللعب الفردي بوتيرة أسرع,Schnelleres Einzelspiel,Jugar en solitario más rápido,Jouer plus vite en solo,फ़ास्टर प्ले सोलो,Main Solo Lebih Cepat,Gioca più velocemente in solitaria,「一人でプレイ」の高速化,더 빠른 싱글 플레이,Szybsze granie solo,Jogo solo mais rápido,,เล่นเดี่ยวเร็วขึ้น,Hızlı Tek Oyunculu Mod,Chơi Đơn Nhanh Hơn,,,更快的單人遊玩
Studio.BetaFeatures.NewScriptFoldStateTitle,,,Script Editor Folds Behavior Beta,Script Editor Folds Behavior Beta,الإصدار التجريبي من سلوك طي محرر البرنامج النصي,Skript-Editor-Faltungsverhalten Beta,Comportamiento beta de los pliegues del Editor de script,L'Editeur de script lance bêta de Behavior,स्क्रिप्ट एडिटर फ़ोल्ड बिहेवियर बीटा,Perilaku Fold Editor Skrip Beta,Funzionamento ripiegamenti nell'editor di script beta,スクリプト編集の折り畳み動作ベータ版,스크립트 편집기 폴딩 동작 베타,Zawijanie kodu w edytorze skryptów – wersja beta,Comportamento de dobragem do Editor de script beta,,พฤติกรรมการพับของเครื่องมือแก้ไขสคริปต์เบต้า,Betik Düzenleyici Katlama Özellikleri Beta,Hành Vi Gấp Trình Biên Tập Lệnh Beta,,,指令碼編輯器摺疊行為 Beta 測試
Studio.BetaFeatures.PathfindingModifiersTitle,,,Pathfinding Modifiers,Pathfinding Modifiers,معدلات البحث عن المسار,Pfadfindungsmodifikatoren,Modificador del buscador de caminos,Modificateurs de recherche de chemin,पाथफ़ाइंडिंग मॉडिफ़ायर,Pemodifikasi Pathfinding,Modificatori di pathfinding,経路探索修飾子,경로 찾기 수정자,Modyfikatory wyszukiwania ścieżki,Modificadores de buscador de caminhos,,เครื่องมือแก้ไขการค้นหาเส้นทาง,Yol Bulma Değiştiricileri,Bộ Điều Chỉnh Tìm Đường,,,路徑搜尋修改器
Studio.BetaFeatures.LuaConstraintToolDescription,,,Quality of life improvements to the existing constraint tool that utilizes the new dragger improvements. Enabling this beta feature will automatically enable the 'Dragger QoL Improvements' beta feature.,Quality of life improvements to the existing constraint tool that utilizes the new dragger improvements. Enabling this beta feature will automatically enable the 'Dragger QoL Improvements' beta feature.,"تحسينات في جودة الاستخدام لأداة القيود الحالية التي تستفيد من التحسينات الجديدة للساحب. سيؤدي تمكين هذه الميزة التجريبية إلى التمكين التلقائي للميزة التجريبية ""تحسينات جودة الاستخدام للساحب"".","Optimierungen für das bestehende Beschränkungstool, das die neuen Dragger-Verbesserungen nutzt. Wenn du diese Beta-Funktion aktivierst, wird automatisch auch die Beta-Funktion ""Dragger-QoL-Verbesserungen"" aktiviert.",Mejoras en la calidad de vida de la herramienta de restricción existente que utiliza las nuevas mejoras de arrastre. Activar esta función beta activará automáticamente la función beta de 'Mejoras de QoL de arrastrador'.,"Amélioration de la qualité de vie de l'outil de contrainte existant qui utilise les nouvelles améliorations du dragueur. L'activation de cette fonctionnalité bêta activera automatiquement la fonctionnalité bêta ""Améliorations de la qualité de vie du dragueur"".","नए ड्रैगर सुधारों का इस्तेमाल करने वाले मौजूदा कंस्ट्रेंट टूल में सुधार, जो यूज़र के अनुभव को भी बेहतर बनाते हैं. इस बीटा फ़ीचर को चालू करने से 'ड्रैगर QoL सुधार' बीटा फ़ीचर अपने-आप चालू हो जाएगा.
","Peningkatan kualitas keseluruhan pada alat constraint saat ini yang memanfaatkan penyempurnaan penyeret baru. Dengan mengaktifkan fitur beta ini, fitur beta 'Penyempurnaan Penyeret QoL' akan otomatis aktif.","Miglioramenti della qualità della vita dello strumento di vincolo esistente che utilizza i miglioramenti del dragger. Abilitare questa funzione beta abiliterà anche la funzione beta ""Miglioramenti della qualità della vita del dragger"".",新しいドラッガーへの改善を利用する既存の拘束ツールへのQOL向上。このベータ機能を有効化すると「ドラッガーQOL向上」のベータ機能を自動有効化します。,기존 제약 도구의 편의성이 개선되어 새로운 드래거 개선 사항을 이용할 수 있습니다. 이 베타 기능을 활성화하면 '드래거 편의성 개선' 베타 기능이 자동으로 활성화됩니다.,"Usprawnienia w obsłudze istniejącego narzędzia do obsługi ograniczeń, w którym zastosowano nowe usprawnienia narzędzia do przeciągania. Włączenie tej funkcji w wersji beta powoduje automatyczne włączenie funkcji w wersji beta „Usprawnienia w obsłudze narzędzia do przeciągania”.",Melhorias de qualidade de vida da ferramenta de restrição existente que utiliza as novas melhorias de arraste. Ativar este recurso beta ativará permitirá o recurso beta 'Melhorias de QoL de arraste'.,,"การยกระดับคุณภาพชีวิตให้แก่เครื่องมือ Constraint ที่มีอยู่แล้วซึ่งจะใช้การปรับปรุงเครื่องมือลากใหม่ เปิดใช้งานคุณสมบัติเบต้านี้จะเปิดใช้งานคุณสมบัติ ""การปรับปรุง QoL ของเครื่องมือลาก"" เบต้าโดยอัตโนมัติ","Yeni sürükleme aracı iyileştirmelerini kullanan mevcut kısıtlama aracına yönelik geliştirmeler. Bu beta özelliğinin etkinleştirilmesi, ""Sürükleme Aracı Kalite İyileştirmeleri"" beta özelliğini otomatik olarak etkinleştirir.","Các cải tiến chất lượng cuộc sống cho công cụ ràng buộc hiện đang sử dụng các cải tiến công cụ kéo mới. Bật tính năng beta này cũng sẽ tự động bật tính năng beta ""Cải Thiện QoL Công Cụ Kéo"".",,,對現有限制式工具進行便利性改善，以利用新的拖曳器改善。啟用此 Beta 測試功能將會自動啟用「拖曳器便利性改善」的 Beta 測試功能。
Studio.BetaFeatures.FacialAnimationRecordingTitle,,,Face Capture,Face Capture,التقاط تعبيرات الوجه,Gesichtsaufnahme,Captura facial,Capture du visage,फ़ेस कैप्चर,Pengambilan Wajah,Cattura del volto,表情検知,얼굴 캡처,Przechwytywanie twarzy,Captura de rosto,,การจับภาพใบหน้า,Yüz Yakalama,Quay Chụp Khuôn Mặt,,,臉部擷取
Studio.BetaFeatures.LuauNonStrictByDefaultDescription,,,"Script analysis uses non-strict mode for all scripts by default. Use --!strict, --!nonstrict or --!nocheck to override mode on a per script basis.","Script analysis uses non-strict mode for all scripts by default. Use --!strict, --!nonstrict or --!nocheck to override mode on a per script basis.",يستخدم تحليل النص البرمجي الوضع غير الصارم لجميع النصوص البرمجية افتراضيًا. استخدم --!strict أو --!nonstrict أو --!nocheck لتجاوز الوضع على أساس كل نص برمجي.,"Die Skriptanalyse verwendet standardmäßig den nicht-strikten Modus für alle Skripte. Verwende --!strict, --!nonstrict oder --!nocheck, um den Modus für jedes einzelne Skript zu ändern.","El análisis del script usa el modo no estricto por defecto para todos los scripts. Usa --!strict, --!nonstrict or --!nocheck para invalidar el modo en función del script.","L'analyse des scripts utilise par défaut le mode non strict pour tous les scripts. Utilisez --!strict, --!nonstrict ou --!nocheck pour passer outre le mode par script.","स्क्रिप्ट एनालिसिस डिफ़ॉल्ट रूप से सभी स्क्रिप्ट के लिए नॉन-स्ट्रिक्ट मोड का इस्तेमाल करती है. प्रति स्क्रिप्ट आधार पर मोड को ओवरराइड करने के लिए --!strict, --!nonstrict या --!nocheck का इस्तेमाल करें.","Analisis skrip secara default menggunakan mode non-strict untuk semua skrip. Gunakan --!strict, --!nonstrict, atau --!nocheck untuk mengubah mode untuk setiap skrip.","L'analisi degli script usa la modalità non rigorosa per tutti gli script come impostazione predefinita. Usa --!strict, --!nonstrict o --!nocheck su ogni script per eseguire un override della modalità.",スクリプト分析は、デフォルトですべてのスクリプトに対して非厳格モードを使用。各スクリプトごとに --!strict、 --!nonstrict または --!nocheck を使用してモードをオーバーライドします。,"스크립트 분석이 기본적으로 모든 스크립트에 대해 비엄격 모드를 사용합니다. 스크립트별로 모드를 재정의하려면 --!strict, --!nonstrict 또는 --!nocheck를 사용하세요.","Przy analizie skryptów domyślnie dla wszystkich skryptów używany jest tryb ścisły. Użyj komentarzy --!strict, --!nonstrict lub --!nocheck (ścisły, nieścisły, bez sprawdzania), aby ręcznie zmienić ten tryb dla danego skryptu.","Por padrão, a análise de script utiliza modo não restrito para todos os scripts. Utilize --!strict, --!nonstrict ou --!nocheck para invalidar o modo em função de cada script.",,"การวิเคราะห์สคริปต์ใช้โหมด Non-Strict กับสคริปต์ทั้งหมดโดยค่าเริ่มต้น ใช้ --!strict, --!nonstrict หรือ !nocheck เพื่อแทนที่โหมดในลักษณะต่อสคริปต์","Betik analizinde tüm betikler için varsayılan olarak katı olmayan mod kullanılır. Modu betik bazında değiştirmek --!strict, --!nonstrict ya da --!nocheck kullan.","Phân tích tập lệnh sử dụng chế độ không nghiêm ngặt cho tất cả các tập lệnh theo mặc định. Sử dụng --!strict, --!nonstrict hoặc --!nocheck để ghi đè chế độ theo từng tập lệnh.",,,指令碼分析預設對所有指令碼使用非嚴格模式。若要對個別指令碼覆寫模式，請使用 --!strict、--!nonstrict 或 --!nocheck。
Studio.BetaFeatures.R15MigratorTitle,,,R6-to-R15 Conversion,R6-to-R15 Conversion,التحويل من R6 إلى R15,R6-zu-R15-Konvertierung,Conversión de R6 a R15,Conversion R6 à R15,R6-to-R15 कन्वर्ज़न,Konversi R6 menjadi R15,Conversione da R6 a R15,R6からR15への変換,R6에서 R15로 변환,Konwersja R6 na R15,Conversão de R6 para R15,,การแปลง R6 เป็น R15,R6'dan R15'e Dönüştürme,Chuyển đổi R6 thành R15,,,R6 至 R15 轉換
Studio.BetaFeatures.DraggerImprovementsTitle,,,Dragger QoL Improvements,Dragger QoL Improvements,تحسينات جودة الحياة للساحب,Dragger-QoL-Verbesserungen,Mejoras del arrastrador QoL,Améliorations de la QoL du Dragger,ड्रैगर QoL में सुधार,Penyempurnaan QoL Penyeret,Miglioramenti della qualità della vita del dragger,ドラッガーのQOL向上,드래거 편의성 개선,Usprawnienia w obsłudze narzędzi do przeciągania,Melhorias na QoL do Arrastador,,การปรับปรุง QoL ของเครื่องมือลาก,Sürükleme Aracı Kalite İyileştirmeleri,Cải Thiện QoL Công Cụ kéo,,,拖曳器便利性改善
Studio.BetaFeatures.DraggerImprovementsDescription,,,Many small quality of life improvements to the core Studio draggers. See the DevForum announcement for a full list of what's been changed.,Many small quality of life improvements to the core Studio draggers. See the DevForum announcement for a full list of what's been changed.,العديد من التحسينات الصغيرة في جودة الحياة الواقعية لأدوات السحب الأساسية في Studio. راجع إعلان DevForum للحصول على قائمة كاملة بالتغييرات التي طرأت.,Viele kleine Verbesserungen an den wichtigsten Ziehern von Studio. In der DevForum-Ankündigung findest du eine vollständige Liste der Änderungen.,Muchas pequeñas mejoras de calidad de vida en el núcleo de los arrastradores de Studio. Lee el anuncio del Foro de desarrolladores para conocer la lista completa de lo que ha cambiado.,Beaucoup de petites améliorations de la qualité de vie des éléments de base du Studio. Voir l'annonce DevForum pour une liste complète des changements apportés.,"कोर Studio ड्रैगर्स में कई छोटी बातों में सुधार. क्या बदला गया है, इसकी पूरी लिस्ट के लिए, DevForum अनाउंसमेंट देखें.",Ada banyak penyempurnaan kecil terkait kualitas keseluruhan untuk penyeret Studio utama. Silakan baca pengumuman di DevForum untuk melihat daftar lengkap semua perubahannya.,Molti piccoli miglioramenti di qualità della vita per i dragger dello Studio di base. Guarda l'annuncio DevForum per una lista completa dei cambiamenti.,Studio の中核となるドラッガーに関して多数の改善をしました。すべての変更内容のリストについては、開発者フォーラムの告知を参照してください。,핵심 Studio 드래거의 편의성이 소소하게 개선되었습니다. 변경된 내용의 전체 목록은 DevForum 공지에서 확인하세요.,Liczne drobne usprawnienia w obsłudze głównych narzędzi do przeciągania w Studio. Pełną listę wprowadzonych zmian można znaleźć w zapowiedzi na forum deweloperów.,Muitas pequenas melhorias de qualidade de vida para os arrastadores principais do Studio. Veja o anúncio do DevForum para uma lista completa do que foi alterado.,,การยกระดับความสะดวกขึ้นไปอีกเล็กน้อยให้แก่เครื่องมือลาก Studio ดูการประกาศ DevForum เพื่อดูรายการการเปลี่ยนแปลงฉบับเต็ม,Çekirdek Studio sürükleme araçlarına çok sayıda kalite iyileştirmesi. Değişikliklerin tam listesini içeren duyuru için DevForum'a göz at.,Nhiều cải thiện nhỏ về chất lượng cuộc sống đối với các công cụ kéo Studio cốt lõi. Xem thông báo của DevForum để biết danh sách toàn bộ thay đổi.,,,針對核心的 Studio 拖曳器推出許多小型便利性改善。請見開發者論壇公告以查看完整的變更內容清單。
Studio.BetaFeatures.FacialAnimationRecordingDescription,,,"Animation Editor will have a ""Face Capture"" button to use a camera to record your own face movements onto an avatar.","Animation Editor will have a ""Face Capture"" button to use a camera to record your own face movements onto an avatar.","سيتوفر في محرر الرسوم المتحركة الزر ""التقاط تعبيرات الوجه"" حتى تتمكن من استخدام الكاميرا لتسجيل حركات وجهك على الأفاتار.","Der Animation-Editor verfügt über die Schaltfläche ""Gesichtsaufnahme"", mit der du mit einer Kamera deine eigenen Gesichtsbewegungen auf einem Avatar aufzeichnen kannst.",El Editor de animaciones tendrá el botón Captura facial para usar una cámara que grabe tus propios movimientos faciales en un avatar.,"L'Animation Editor disposera d'un bouton ""Capture du visage"" permettant d'utiliser une caméra pour enregistrer les mouvements de votre propre visage sur un avatar.","ऐनिमेशन एडिटर में ""फ़ेस कैप्चर"" बटन होगा, जिससे आप कैमरे के ज़रिये अवतार पर अपने फ़ेस मूवमेंट रिकॉर्ड कर पाएँगे.","Editor Animasi akan memiliki tombol ""Pengambilan Wajah"" untuk merekam gerakan wajahmu sendiri menggunakan kamera, lalu menerapkannya pada avatar.","L'editor di animazioni avrà un pulsante ""Cattura del volto"" per utilizzare una videocamera e registrare i tuoi movimenti facciali su un avatar.",アニメーション編集には、アバターに顔の表情を記録するためにカメラを使用する「表情検知」ボタンがあります。,애니메이션 편집기의 '얼굴 캡처' 버튼을 누르면 카메라로 자신의 얼굴 움직임을 기록해 아바타에 적용할 수 있습니다.,"W edytorze animacji pojawi się przycisk „Przechwytywanie twarzy”, umożliwiający użycie kamery do zarejestrowania ruchów swojej twarzy i przypisania ich awatarowi.","O Editor de animação terá um botão ""Captura de rosto"" para usar uma câmera para gravar seus próprios movimentos faciais para um avatar.",,"เครื่องมือแก้ไขแอนิเมชันจะมีปุ่ม ""การจับภาพใบหน้า"" เพื่อใช้กล้องบันทึกการเคลื่อนไหวของใบหน้าของคุณไปยังอวาตาร์","Animasyon Düzenleyici'ye kamera kullanarak kendi yüz hareketlerini kaydedip avatarına aktarmanı sağlayacak bir ""Yüz Yakalama"" düğmesi eklenir.","Trình Biên Tập Hiệu Ứng Động sẽ có nút ""Quay Chụp Khuôn Mặt"" để sử dụng camera nhằm ghi lại chuyển động khuôn mặt của bạn lên avatar.",,,動畫編輯器將含有「臉部擷取」按鈕，讓您使用攝影機將自己的臉部動作錄到虛擬人偶上。
Studio.BetaFeatures.UnifiedLightingDescription,,,"Enables Unified lighting model which replaces Voxel, Shadowmap and Future by adjusting technology at runtime.","Enables Unified lighting model which replaces Voxel, Shadowmap and Future by adjusting technology at runtime.",يمكّن نموذج الإضاءة الموحد الجديد الذي يحل محل Voxel و Shadowmap و Future عن طريق ضبط التقنية في وقت التشغيل.,"Aktiviert das einheitliche Beleuchtungsmodell, das Voxel, Shadowmap und Future ersetzt, indem es die Technologie zur Laufzeit anpasst.","Permite un modelo de iluminación unificado que sustituye a Voxel, Shadowmap y Future ajustando la tecnología en tiempo de ejecución.","Active le modèle d'éclairage unifié qui remplace Voxel, Shadowmap et Future en ajustant la technologie à l'exécution.","यूनिफ़ाइड लाइटिंग मॉडल चालू करता है, जो रनटाइम पर टेक्नोलॉजी को एडजस्ट करके वॉक्सेल, शैडोमैप और फ़्यूचर को रीप्लेस करता है.","Mengaktifkan Model pencahayaan terpadu yang akan menggantikan Voksel, Shadowmap, dan Future dengan menyesuaikan teknologi saat runtime.","Abilita il modello di illuminazione unificata che sostituisce Voxel, Shadowmap e Future regolando la tecnologia durante l'esecuzione.",実行時に技術を調整し、ボクセル（Voxel）、シャドーマップ（Shadowmap）、フューチャー （Future）に代わって単一照明モデルを有効化。,"런타임에서 기술을 조정해 복셀, 그립자 맵, 퓨처를 대체하는 통합 조명을 활성화합니다.","Udostępnia ujednolicony model oświetlenia, który zastępuje modele vokselowe, mapę cieniowania i przyszłe, dostosowując technologię po uruchomieniu.","Permite a unificação dos modelos de iluminação que substituem o Voxel, Shadowmap e Future ajustando a tecnologia no tempo de execução.",,"เปิดใช้งานโมเดลการจัดแสงแบบรวมเป็นหนึ่งเดียวซึ่งจะแทนที่ว็อกเซล, Shadowmap และ Future โดยการปรับเปลี่ยนเทคโนโลยีที่รันไทม์","Çalışma zamanında teknolojiyi düzenleyerek Voxel, Shadowmap ve Future'ın yerini alan Birleştirilmiş aydınlatma modelini etkinleştirir.","Cho phép sử dụng mô hình Ánh sáng hợp nhất để thay thế Voxel, Shadowmap và Future bằng cách điều chỉnh công nghệ khi chạy.",,,啟用統一照明模型，透過在執行階段調整技術來取代 Voxel、Shadowmap 和 Future。
Studio.BetaFeatures.SelectFeaturesToActivate,,,Select beta features to activate,Select beta features to activate,حدد ميزات الإصدار التجريبي لتفعيلها,Wähle die zu aktivierenden Beta-Funktionen aus,Seleccionar funciones beta para activar,Sélectionner les fonctionnalités bêta à activer,ऐक्टिवेट करने के लिए बीटा फ़ीचर चुनें,Pilih fitur beta yang ingin diaktifkan,Seleziona le funzionalità beta da attivare,アクティブ化するベータ機能を選択,활성화할 베타 기능 선택,"Zaznacz funkcje beta, które chcesz aktywować",Selecionar as funcionalidades beta a ativar,,เลือกคุณสมบัติรุ่นเบต้าเพื่อเปิดใช้งาน,Etkinleştirilecek beta özellikleri seç,Chọn các tính năng beta để kích hoạt,,,選擇要啟用的 Beta 測試功能
Studio.BetaFeatures.ForumPostTitleEnding,,,%1 is now enabled,%1 is now enabled,تم تمكين %1 الآن,%1 ist jetzt aktiviert,%1 está activado ahora,%1 est maintenant activé,%1 अब चालू है,%1 kini diaktifkan,%1 è ora abilitato,%1 が有効化済みです,%1(이)가 활성화되었습니다,%1 jest teraz włączony(-a),%1 está habilitado,,เปิดใช้งาน %1 แล้วในขณะนี้,%1 etkinleştirildi,%1 hiện đã được bật,,,已啟用 %1
Studio.BetaFeatures.AutoSetupTitle,,,Avatar Auto-Setup Beta,Avatar Auto-Setup Beta,الإصدار التجريبي للإعداد التلقائي للأفاتار,Beta der automatischen Avatareinrichtung,Configuración automática de avatar Beta,Mise en place automatique de l'avatar,अवतार ऑटो-सेटअप बीटा,Penyiapan Otomatis Avatar Beta,Configurazione automatica dell'avatar beta,アバター自動設定ベータ版,아바타 자동 설정 베타,Automatyczna konfiguracja awatara w wersji beta,Configuração automática de avatar Beta,,การตั้งค่าอวาตาร์อัตโนมัติเบต้า,Otomatik Avatar Kurulumu Beta,Tự Động Thiết Lập Avatar Bản Beta,,,虛擬人偶自動設定 Beta 測試
Studio.BetaFeatures.AvatarLoadingBetaDescription,,,Improves the ordering of events fired when avatars are loaded to be more consistent and easier for developers to use,Improves the ordering of events fired when avatars are loaded to be more consistent and easier for developers to use,يحسِّن ترتيب الأحداث التي يتم إطلاقها عند تحميل الأفاتارات لتكون أكثر اتساقًا وأسهل في الاستخدام للمطورين,"Verbessert die Reihenfolge von Ereignissen, die beim Laden von Avataren ausgelöst werden, damit sie für Entwickler konsistenter und einfacher zu verwenden sind",Mejora el orden de los eventos que se desencadenan cuando los avatares se cargan para que los desarrolladores tengan una experiencia más consistente y fluida,Améliore l'ordre d'exécution des événements lors du téléchargement d'avatars pour une vision plus consistante et facile à naviguer pour les développeurs,"डेवलपर्स के इस्तेमाल के लिए, ज़्यादा कंसिस्टेंट और आसान होने के लिए अवतार लोड होने पर फ़ायर किए गए इवेंट की ऑर्डरिंग में सुधार करता है",Menyempurnakan urutan peristiwa yang dimulai ketika avatar dimuat agar lebih konsisten dan mudah digunakan oleh developer,"Migliora l'ordine degli eventi attivati quando gli avatar vengono caricati, così da avere una maggiore consistenza e semplicità di utilizzo per gli sviluppatori",開発者にとって、より使いやすく一貫性があるようにアバターが読み込まれた場合、イベント発生の順序を改善します,개발자가 더 쉽고 일관되게 사용할 수 있도록 아바타를 불러올 때 발생하는 이벤트의 순서를 개선합니다.,"Usprawnia ustalanie kolejności zdarzeń uruchamianych podczas wczytywania awatarów, aby zwiększyć spójność i ułatwić pracę deweloperom",Melhora a ordem dos eventos ativados quando avatares são carregados para maior consistência e facilidade de uso por desenvolvedores,,ปรับปรุงการจัดลำดับของอีเวนต์ที่ส่งเมื่อทำการโหลดอวาตาร์เพื่อให้มีความสอดคล้องกันมากขึ้น และนักพัฒนาสามารถใช้งานได้ง่ายขึ้น,Avatarlar yüklendiğinde tetiklenen olayların sıralanmasını geliştirerek daha istikrarlı ve geliştiriciler için kullanması daha kolay bir hâle getirir,Cải thiện thứ tự các sự kiện được kích hoạt khi tải avatar để nhà phát triển sử dụng nhất quán và dễ hơn,,,改善虛擬人偶載入時的事件觸發順序，給開發者更流暢且簡單的使用體驗
Studio.BetaFeatures.LuauDCRTitle,,,New Luau type solver,New Luau type solver,حلول جديدة من نوع Luau,Neuer Luau-Typ-Berechner,Nuevo solucionador de tipo Luau,Nouveau solveur de type Luau,नया Luau टाइप सॉल्वर,Solver tipe Luau baru,Nuovo tipo di risolutore Luau,新規 Luau 型ソルバー,새로운 Luau 유형 해결기,Nowy solver typów Luau,Novo solucionador tipo Luau,,Solver ประเภท Luau ใหม่,Yeni Luau türü çözümleyici,Trình giải loại Luau mới,,,新 Luau 類型處理器
Studio.BetaFeatures.UIDragDetectorDescription,,,New Instance type UIDragDetector that enables click-drag-release interactions for UI Elements. Enabling this beta feature allows adding and using UIDragDetectors only within Roblox Studio.,New Instance type UIDragDetector that enables click-drag-release interactions for UI Elements. Enabling this beta feature allows adding and using UIDragDetectors only within Roblox Studio.,UIDragDetector هو نوع حالة جديد يتيح التفاعل بالضغط والسحب والإفلات لعناصر واجهة المستخدم. بينما يتيح تمكين هذه الميزة التجريبية إضافة واستخدام UIDragDetectors فقط داخل Roblox Studio.,"Neuer Instanztyp UIDragDetector, der Click-Drag-Release-Interaktionen für UI-Elemente ermöglicht. Wenn du diese Beta-Funktion aktivierst, kannst du UIDragDetectors nur innerhalb von Roblox Studio hinzufügen und verwenden.",Nueva instancia de tipo UIDragDetector que habilita interacciones de clic-arrastra-suelta para elementos de la interfaz de usuario. Acitvar esta función beta permite añadir y usar UIDragDetectors solo dentro de Studio de Roblox.,Nouveau type d'instance UIDragDetector qui permet des interactions cliquer-glisser-relâcher pour les éléments de l'interface utilisateur. L'activation de cette fonctionnalité bêta permet d'ajouter et d'utiliser des UIDragDetectors uniquement dans Roblox Studio.,नया इंस्टैंस टाइप UIDragDetector जो UI एलिमेंट्स के लिए क्लिक-ड्रैग-रिलीज़ इंटरैक्शन चालू करता है. इस बीटा सुविधा को चालू करने से सिर्फ़ Roblox Studio में UIDragDetectors जोड़ने और इस्तेमाल करने की अनुमति मिलती है.,"Instance baru tipe UIDragDetector yang memungkinkan interaksi klik-seret-lepas untuk Elemen UI. Jika fitur beta ini diaktifkan, UIDragDetector bisa ditambahkan dan digunakan hanya di Roblox Studio.",Un nuovo tipo di istanza UIDragDetector che abilita le interazioni clic-trascinamento-rilascio per gli elementi dell'interfaccia utente. L'abilitazione di questa funzione beta consente di utilizzare UIDragDetectors solo all'interno di Roblox Studio.,新規インスタンスタイプ、UIDragDetector はUI要素のクリック・ドラッグ・リリースでの交流をオンにします。このベータ機能をオンにすると、Roblox Studio内でのみ UIDragDetector の追加と使用ができるようになります。,UI 요소에 대한 클릭-드래그-릴리스 상호 작용을 활성화하는 새로운 인스턴스 유형 UIDragDetector입니다. 이 베타 기능을 활성화하면 Roblox Studio 내에서만 UIDragDetector를 추가 및 사용할 수 있습니다.,"Nowy typ instancji UIDragDetector, który umożliwia interakcje typu kliknij-przeciągnij-zwolnij w przypadku elementów interfejsu użytkownika. Włączenie tej funkcji w wersji beta umożliwia dodanie i korzystanie z instancji UIDragDetector wyłącznie w aplikacji Roblox Studio.","A nova instância tipo UIDragDetector, que habilita interações de lançamento de arrastar e arrastar para os elementos de UI. Ativar este recurso beta permite adicionar e usar UIDragDetectors apenas dentro do Roblox Studio.",,UIDragDetector ประเภทอินสแตนซ์ใหม่ที่จะเปิดใช้งานการปฏิสัมพันธ์การคลิก-ลาก-แล้วปล่อยขององค์ประกอบ UI เปิดใช้งานคุณสมบัติเบต้านี้เพื่ออนุญาตการเพิ่มและการใช้ UIDragDetectors ภายใน Roblox Studio เท่านั้น,UI unsurlarında tıkla-sürükle-bırak şeklinde etkileşimlere olanak sağlayan yeni UIDragDetector örnek türü. Bu beta özelliğin etkinleştirilmesi yalnızca Roblox Studio'da UIDragDetector eklemeye ve kullanmaya izin verir.,Loại Phiên Bản Mới của UIDragDetector cho phép tương tác nhấp-kéo-thả đối với các Yếu Tố UI. Bật tính năng beta này để thêm và sử dụng UIDragDetector chỉ trong Roblox Studio.,,,新個體類型 UIDragDetector 可讓您進行 UI 元素的點選拖放互動。啟用此 Beta 測試功能後可新增及使用 UIDragDetector，但僅限於 Roblox Studio 內。
Studio.BetaFeatures.LuauDCRDescription,,,Script analysis uses the new Luau type inference engine and type checker. Yields better error messages.,Script analysis uses the new Luau type inference engine and type checker. Yields better error messages.,يستخدم تحليل النص البرمجي محرك الاستدلال من نوع Luau الجديد ومدقق النوع. يُنتج رسائل خطأ أفضل.,Die Skript-Analyse verwendet die neue Luau-Typ-Inferenz-Engine und den neuen Typ-Checker. Dies ermöglicht bessere Fehlermeldungen.,El análisis de scripts utiliza el nuevo motor de inferencia de tipo Luau y la comprobación de tipos. Aprovecha mejores mensajes de error.,L'analyse des scripts utilise le nouveau moteur d'inférence de type Luau et le vérificateur de type. Cela permet d'obtenir de meilleurs messages d'erreur.,स्क्रिप्ट एनालिसिस नए Luau टाइप इन्फ़ेरेंस इंजन और टाइप चेकर का इस्तेमाल करती है. गड़बड़ी के बेहतर मैसेज देती है.,"Analisis skrip menggunakan mesin inferensi tipe Luau dan pemeriksa tipe baru. Jadi, pesan kesalahan yang lebih baik.","L'analisi dello script utilizza il nuovo motore di inferenza di tipo Luau e il controllore di tipologie, e produce messaggi di errore migliori.",スクリプト分析は、新しい Luau 型推論エンジンと型チェッカーを使用します。質の高いエラーメッセージを収集できます。,스크립트 분석이 새로운 Luau 유형 추론 엔진과 유형 검사기를 사용합니다. 더 나은 오류 메시지를 생성합니다.,W narzędziu do analizy skryptu używany jest nowy silnik typów inferencji Luau i narzędzie do sprawdzania typów. Efektem ich działania są lepsze komunikaty o błędach.,A análise de script usa o novo mecanismo de inferência de tipos Luau e o verificador de tipos. Isto provê melhores mensagens de erro.,,การวิเคราะห์สคริปต์ใช้ Engine การอนุมานประเภทและเครื่องมือตรวจสอบการพิมพ์ Luau ใหม่ ช่วยให้แสดงข้อความแจ้งข้อผิดพลาดได้ดีขึ้น,Betik analizinde yeni Luau türü çıkarım motoru ve yazım kontrolü kullanılır. Sonuç olarak daha iyi hata mesajları alınır.,Phân tích tập lệnh sử dụng công cụ suy luận và trình kiểm tra loại Luau mới. Tạo ra thông báo lỗi tốt hơn.,,,指令碼分析會使用新的 Luau 類型推斷引擎和類型檢查器。能提供較佳的錯誤訊息。
Studio.BetaFeatures.SurfaceAppearanceTintingTitle,,,SurfaceAppearance Tinting,SurfaceAppearance Tinting,SurfaceAppearance Tinting,SurfaceAppearance-Tönung,Teñido SurfaceAppearance,SurfaceAppearance Tinting,SurfaceAppearance टिंटिंग,Pewarnaan SurfaceAppearance,Colorazione SurfaceAppearance,SurfaceAppearance の着色,SurfaceAppearance 틴팅,Barwienie SurfaceAppearance,Tingimento de SurfaceAppearance,,การแต้มสี SurfaceAppearance,SurfaceAppearance Tonu,SurfaceAppearance Tinting,,,SurfaceAppearance 染色
Studio.BetaFeatures.AccessoryToolBetaTitle,,,Accessory Fitting Tool,Accessory Fitting Tool,أداة تجربة الإكسسوارات,Accessoire-Anpassungs-Tool,Herramienta de ajuste de accesorios,Outil de réglage des accessoires,ऐक्सेसरी फ़िटिंग टूल,Alat Pemasangan Aksesori,Strumento adattamento accessori,アクセサリ装着ツール,장신구 조정 도구,Narzędzie do przymierzania akcesoriów,Ferramenta de ajuste de acessórios,,เครื่องมือทดลองความพอดีของไอเท็มเสริม,Aksesuar Giydirme Aracı,Công Cụ Hiệu Chỉnh Phụ Kiện,,,飾品調整工具
Studio.BetaFeatures.R15MigratorDescription,,,"Enable tools to convert an R6 experience to R15. These include tools to convert characters, animations, and scripts from R6 to R15.","Enable tools to convert an R6 experience to R15. These include tools to convert characters, animations, and scripts from R6 to R15.",تمكين الأدوات لتحويل تجربة من R6 إلى R15. ويشمل ذلك أدوات لتحويل الشخصيات والحركات والنصوص البرمجية من R6 إلى R15.,"Aktiviere Tools, um eine R6-Experience zu R15 zu konvertieren. Dazu gehören Tools zur Konvertierung von Charakteren, Animationen und Skripten von R6 zu R15.","Activa las herramientas para convertir una experiencia de R6 a R15. Estas incluyen herramientas para convertir personajes, animaciones y scripts de R6 a R15.","Permet de convertir une expérience R6 en R15. Cela inclut des outils pour convertir des personnages, des animations et des scripts de R6 à R15.","R6 एक्सपीरिएंस को R15 में बदलने के लिए टूल चालू करें. इनमें कैरेक्टर, ऐनिमेशन और स्क्रिप्ट को R6 से R15 में बदलने के लिए टूल शामिल हैं.","Mengaktifkan alat untuk mengonversi pengalaman virtual R6 menjadi R15. Fitur ini mencakup alat untuk mengonversi karakter, animasi, dan skrip dari R6 menjadi R15.","Abilita gli strumenti per migrare un'esperienza R6 a R15. Questi includono strumenti per convertire personaggi, animazioni e script da R6 a R15.",R6のバーチャル空間をR15に変換するツールを有効化。これにはキャラクター、アニメーション、スクリプトをR6向けからR15向けに変換するツールが含まれています。,"R6 체험을 R15로 변환할 수 있는 도구를 활성화합니다. 캐릭터, 애니메이션, 스크립트를 R6에서 R15로 변환하는 도구가 포함되어 있습니다.","Udostępnia narzędzia do konwertowania projektów R6 na projekty R15. Obejmuje to narzędzia do konwersji postaci, animacji i skryptów z R6 na R15.","Ativa ferramentas para converter uma experiência de R6 para R15. Estas incluem ferramentas para converter caracteres, animações e scripts de R6 para R15.",,เปิดใช้งานเครื่องมือเพื่อแปลงประสบการณ์ R6 เป็น R15 สิ่งเหล่านี้ประกอบด้วยเครื่องมือในการแปลงตัวละคร แอนิเมชัน และสคริปต์จาก R6 เป็น R15,"R6 deneyimleri R15'e dönüştürme araçlarını etkinleştir. Karakterleri, animasyonları ve betikleri R6'dan R15'e dönüştüren araçları kapsar.","Bật các công cụ để chuyển đổi trải nghiệm R6 sang R15, bao gồm các công cụ để chuyển đổi nhân vật, hiệu ứng động và tập lệnh từ R6 sang R15.",,,啟用將 R6 體驗轉換為 R15 體驗的工具。這包含可將角色、動畫與指令碼從 R6 轉換為 R15 的工具。
Studio.BetaFeatures.NewBaseMaterialsTitle,,,New Base Materials,New Base Materials,المواد الأساسية الجديدة,Neue Basismaterialien,Nuevos materiales básicos,Nouveaux matériaux de base,नए बेस मटीरियल,Material Dasar Baru,Nuovi materiali di base,新しいベース素材,새로운 기본 재질,Nowe materiały podstawowe,Novos materiais base,,วัสดุพื้นฐานใหม่,Yeni Taban Malzemeleri,Vật Liệu Cơ Bản Mới,,,全新基礎材質
Studio.BetaFeatures.AudioWiringApiTitle,,,New Audio API,New Audio API,واجهة برمجة تطبيقات صوت جديدة,Neue Audio-API,Nueva API de audio,Nouvelle API audio,नया ऑडियो API,API Audio Baru,Nuova API audio,新規オーディオ API,새로운 오디오 API,Nowy interfejs API audio,Nova API de áudio,,API เสียงใหม่,Yeni Ses API'ı,API Âm Thanh Mới,,,新音訊 API
Studio.BetaFeatures.AsyncPublishTitle,,,Async Publish Beta,Async Publish Beta,الإصدار التجريبي للنشر غير المتزامن,Asynchrones Veröffentlichen Beta,Versión beta de publicación asíncrona,Publication bêta asynchrone,एसिंक पब्लिश बीटा,Publikasi Asinkron Beta,Pubblicazione asincrona beta,非同期公開ベータ版,비동기 게시 베타,Publikowanie asynchroniczne beta,Publicação de beta assíncrona,,การเผยแพร่ Async เบต้า,Asenkron Yayın Beta,Phát Hành Không Đồng Bộ Beta,,,非同步發布 Beta 測試
Studio.BetaFeatures.AsyncPublishDescription,,,Keep working in Studio as we publish in the background,Keep working in Studio as we publish in the background,تابع العمل في Studio بينما نقوم بالنشر في الخلفية,"Arbeite weiter in Studio, während wir im Hintergrund veröffentlichen",Puedes seguir trabajando en Studio mientras publicamos en segundo plano,Continuer à travailler dans Studio pendant que nous publions en arrière-plan,"हम बैकग्राउंड में पब्लिश कर रहे हैं, आप Studio में काम करना जारी रखें",Fitur ini memungkinkanmu mengoperasikan Studio selagi publikasi berjalan di latar belakang,Continua a lavorare su Studio mentre pubblichiamo in background,背景で公開しながら、Studioでの作業を続ける,백그라운드에서 게시되는 동안 Studio 작업을 계속할 수 있습니다.,"Kontynuuj pracę w Studio, a my zajmiemy się publikacją w tle",Continue trabalhando no Studio enquanto publicamos no plano de fundo,,ทำงานต่อไปใน Studio ในขณะที่เราทำการเผยแพร่ในพื้นหลัง,Biz arka planda yayınlama işlemini gerçekleştirirken sen Studio'da çalışmaya devam et,Tiếp tục hoạt động trong Studio khi chúng tôi phát hành trong nền,,,在我們於背景發佈的同時繼續使用 Studio
Studio.BetaFeatures.AccessoryToolBetaDescription,,,Use Accessory Fitting Tool to edit caged clothing items as well as rigid accessories.,Use Accessory Fitting Tool to edit caged clothing items as well as rigid accessories.,استخدم أداة تجربة الإكسسوارات لتحرير عناصر الملابس المحصورة بالإضافة إلى الإكسسوارات الصلبة.,"Verwende das Accessoire-Anpassungs-Tool, um Kleidungsartikel mit Cage sowie starre Accessoires zu bearbeiten.","Utiliza la herramienta de Ajuste de accesorios para editar los objetos de ropa enjaulados, así como los accesorios rígidos.","Utiliser l'outil d'ajustement des accessoires pour modifier les vêtements en ""cage"" ainsi que les accessoires rigides.",ऐक्सेसरी फ़िटिंग टूल का इस्तेमाल केज में बंद ड्रेस आइटम के साथ-साथ रिजिड ऐक्सेसरीज़ को एडिट करने के लिए करें.,Gunakan Alat Pemasangan Aksesori untuk mengedit item pakaian yang memiliki cage dan aksesori yang tampak kaku.,Usa lo strumento di montaggio degli accessori per modificare capi d'abbigliamento in gabbia e accessori rigidi.,ケージつき衣装アイテムと剛性アクセサリの編集にアクセサリ装着ツールを使用。,장신구 조정 도구를 사용하여 케이지 설정된 복장 아이템 및 강성 장신구를 편집할 수 있습니다.,"Użyj narzędzia do przymierzania akcesoriów w celu edytowania elementów ubioru z obramowaniem, a także akcesoriów sztywnych.","Utilize a ferramenta de ajuste de acessórios para editar itens de roupas em gaiolas, bem como acessórios rígidos.",,ใช้เครื่องมือทดลองความพอดีของไอเท็มเสริมในการแก้ไขไอเท็มเสื้อผ้า Cage เช่นเดียวกับไอเท็มเสริมแบบตายตัว,Kafesli kıyafet öğelerini ve rijit aksesuarları düzenlemek için Aksesuar Giydirme Aracı'nı kullan.,Sử dụng Công Cụ Hiệu Chỉnh Phụ Kiện để chỉnh sửa cả các vật phẩm trang phục được lồng và phụ kiện cứng.,,,您可以使用飾品調整工具編輯圍籠服裝道具和固定飾品。
Studio.BetaFeatures.LuaExplorerDescription,,,Enable the preview of the Next Gen Explorer - featuring better performance and a revamped UI,Enable the preview of the Next Gen Explorer - featuring better performance and a revamped UI,تمكين معاينة مستكشف الجيل التالي - يتميز بأداء أفضل وواجهة مستخدم مجددة,Aktiviere die Vorschau des Next Gen Explorers – mit besserer Leistung und einer überarbeiteten UI,Habilita la vista previa del Explorador Next Gen: un mejor rendimiento y una nueva interfaz de usuario,Activer l'aperçu de l'Explorer Next Gen - avec de meilleures performances et une nouvelle interface utilisateur,नेक्स्ट जेनरेशन एक्सप्लोरर के प्रीव्यू को चालू करें - पेश है बेहतर परफ़ॉर्मेंस और नए सिरे से बनाया गया UI ,Aktifkan pratinjau Eksplorer Generasi Masa Depan - memberikan kinerja yang lebih prima dan UI yang disempurnakan,"Abilita l'anteprima dell'Esploratore Nuova Gen, dalle prestazioni migliori e un'interfaccia utente rinnovata",次世代エクスプローラのプレビューを有効化 - より良いパフォーマンスと改善されたUIが特長,더 나은 성능과 개편된 UI를 갖춘 차세대 탐색기의 미리 보기를 활성화합니다.,Włącz podgląd eksploratora nowej generacji – przygotuj się na większą wydajność i odświeżony interfejs,Ativar a visualização do próximo Explorador da próxima geração - com melhor desempenho e uma interface de usuário renovada,,เปิดใช้งานการดูตัวอย่างของการสำรวจรุ่นถัดไป - มีประสิทธิภาพที่ดียิ่งขึ้นและ UI ที่ปรับปรุงแล้ว,Daha gelişmiş bir performansa ve yenilenmiş arayüze sahip Yeni Nesil Gezgin'in ön izlemesini etkinleştir,Bật tính năng xem trước Trình Khám Phá Thế Hệ Mới – với hiệu suất cao hơn và UI được tân trang,,,啟用 Next Gen 總管的預覽：具有更好的效能和重新設計的 UI
Studio.BetaFeatures.ScriptEditorLintDescription,,,Script Analysis Widget and linting logic get an upgrade! No major changes but many bug fixes and more intuitive behavior.,Script Analysis Widget and linting logic get an upgrade! No major changes but many bug fixes and more intuitive behavior.,تمت ترقية أداة تحليل النص البرمجي ومنطق التدقيق! لا توجد تغييرات كبيرة ولكن تم إصلاح العديد من الأخطاء وأصبح الأداء أكثر سهولة.,"Das Skriptanalyse-Widget und die Linting-Logik erhalten ein Upgrade! Keine großen Änderungen, aber viele Fehlerbehebungen und ein intuitiveres Verhalten.",El widget del análisis de scripts y la lógica del linting se actualizaron. No hay grandes cambios: solo se corrigieron los errores y el comportamiento es ahora más intuitivo.,Le widget d'analyse de script et la logique de linting sont mis à jour ! Pas de changements majeurs mais de nombreuses corrections de bugs et un comportement plus intuitif.,"स्क्रिप्ट एनालिसिस विजेट और लिंटिंग लॉजिक को अपग्रेड किया गया है! कोई बड़े बदलाव नहीं हुए हैं, लेकिन कई बग फ़िक्स किए गए हैं और इन्हें इस्तेमाल करना ज़्यादा आसान बनाया गया है.","Widget Analisis Skrip dan logika linting di-upgrade! Tidak ada perubahan signifikan, tetapi kami menerapkan banyak perbaikan bug dan perilaku yang lebih intuitif.","Il widget Analisi script e il sistema di linting sono stati aggiornati! Nessun grande cambiamento, ma molte correzioni di bug e un funzionamento più intuitivo.",スクリプト分析ウィジェットと lint ロジックがアップグレードされます！大きな変更はありませんが、バグ修正が多数あり、さらに直感的な動作となっています。,스크립트 분석 위젯 및 Lint 수행 로직이 업그레이드됩니다! 큰 변화는 없지만 많은 버그가 수정되었고 더욱 직관적으로 작동합니다.,"Ulepszenie widżetu do analizy skryptów i logiki lintingu! Nie wprowadzono poważnych zmian, ale zaimplementowano wiele poprawek błędów i bardziej intuicyjną obsługę.",O widget de análise de script e lógica de linting foi atualizado! Não houve grandes mudanças mas houve várias correções de bugs e comportamento mais intuitivo.,,วิดเจ็ตการวิเคราะห์สคริปต์และตรรกะ Linting ได้รับการอัปเกรด! ไม่มีการเปลี่ยนแปลงที่สำคัญ แต่มีการแก้ไขข้อบกพร่องจำนวนมาก และพฤติกรรมการรับรู้ด้วยตนเองเพิ่มเติม,"Betik Analizi Pencere Öğesi ve ""linting"" mantığı güncelleniyor! Büyük bir değişiklik olmasa da çok sayıda hata düzeltme ve sezgisel davranış ayarı yapıldı.",Tiện Ích Phân Tích Tập Lệnh và logic kiểm lỗi được nâng cấp! Không có thay đổi lớn nhưng có nhiều bản sửa lỗi và hành vi trực quan hơn.,,,指令碼分析小工具和 Lint 邏輯升級了！沒有大規模變動，但我們修正了許多問題並讓一些操作更加直覺。
Studio.BetaFeatures.RobloxClassicTitle,,,Roblox Classic,Roblox Classic,Roblox Classic,Roblox Classic,Roblox Clásico,Roblox Classic,Roblox क्लासिक,Roblox Classic,Roblox Classic,定番のRoblox,Roblox 클래식,Roblox Classic,Roblox clássico,,Roblox คลาสสิก,Klasik Roblox,Roblox Cũ,,,Roblox 經典
Studio.BetaFeatures.ChromeTitle,,,Updated Roblox Controls,Updated Roblox Controls,عناصر تحكم Roblox المحدثة,Aktualisierte Roblox-Steuerelemente,Controles de Roblox actualizados,Contrôles Roblox mis à jour,अपडेट किए गए Roblox कंट्रोल,Kontrol Roblox yang Di-update,Controlli Roblox aggiornati,更新済みのRoblox操作,Roblox 컨트롤 업데이트,Zaktualizowane elementy sterujące aplikacji Roblox,Controles Roblox atualizados,,การควบคุม Roblox ที่อัปเดตแล้ว,Güncellenmiş Roblox Kontrolleri,Điều Khiển Mới Trong Roblox,,,已更新 Roblox 控制
Studio.BetaFeatures.AcousticsSimulationApiDescription,,,"Enables AudioEmitters and AudioListeners to experience occlusion (muffling when blocked), diffraction (bending around corners), and reverberation (bouncing off of surroundings).","Enables AudioEmitters and AudioListeners to experience occlusion (muffling when blocked), diffraction (bending around corners), and reverberation (bouncing off of surroundings).",تمكين AudioEmitters وAudioListeners لتجربة الانسداد (الكتم عند الحجب)، والانحراف (الانحناء حول الزوايا)، والصدى (الارتداد من المناطق المحيطة).,"Ermöglicht es AudioEmitters und AudioListeners, Okklusion (Dämpfung bei Blockierung), Beugung (Biegung um Ecken) und Nachhall (Abprallen von der Umgebung) zu erleben.","Permite a AudioEmitters y AudioListeners experimentar la oclusión (amortiguación cuando está bloqueada), la difusión (flexión a las esquinas) y la reverberación (rebotándose de los alrededores).","Permet aux émetteurs audio et aux récepteurs audio de ressentir l'occlusion (son étouffé quand quelque chose bloque), la diffraction (son qui se courbe autour des angles) et la réverbération (son qui rebondit sur les objets autour).","AudioEmitters और AudioListeners को अवरोध (अवरुद्ध होने पर मफलिंग), विवर्तन (कोनों के चारों ओर झुकना), और प्रतिध्वनि (परिवेश से उछलते हुए) का अनुभव करने में सक्षम बनाता है.","Mengaktifkan AudioEmitters dan AudioListeners untuk merasakan occlusion (peredaman suara saat terhalang), difraksi (pembelokan suara di sudut), dan gaung (pemantulan suara di sekitar).","Consente agli AudioEmitter e agli AudioListener di provare l'occlusione (attenuazione se bloccati), la diffrazione (flessione intorno agli angoli) e il riverbero (rimbalzo sugli ambienti circostanti).",AudioEmitters と AudioListeners を有効化して、オクルージョン（遮蔽物に隠れた音を減衰させること）、回折（音が障害物を回りこむように背後に到達すること）、残響（音源が止まってからも、周囲の環境に反射して音が響くこと）を実現。,"AudioEmitters 및 AudioListeners를 활성화해 폐쇄(가로막히면 약해짐), 회절(모서리 근처에서 구부러짐), 반향(주변 사물에 튕김) 등의 효과를 경험합니다.","Umożliwia wytwarzanie wrażenia okluzji (ściszanie tłumionego czymś dźwięku), dyfrakcji (zaginanie dźwięku na rogach) i pogłosu (odbić od otoczenia) za pomocą instancji AudioEmitter i AudioListener.","Permite que AudioEmiters e AudioListeners tenham experiência de oclusão (abafamento quando bloqueado), difração (curvando-se nos cantos) e reverberação (ricocheteando no ambiente).",,"เปิดใช้งาน AudioEmitters และ AudioListeners เพื่อสัมผัสประสบการณ์กับการบดบัง (เสียงอู้อี้เมื่อถูกปิดกั้น), การหักเห (การอ้อมรอบมุม) และเสียงสะท้อน (สะท้อนสิ่งรอบข้าง)","AudioEmitter ve AudioListener bileşenlerinin; örtülme (engellerin arkasında kalan seslerin boğuklaşması), kırınım (köşelerden dolanması) ve yansıma (çevreden yansıması) gibi ses etkilerini gerçekleştirmesini sağlar.","Cho phép AudioEmitter và AudioListener trải nghiệm độ hấp thụ âm thanh (âm thanh nhỏ đi khi có vật cản), độ nhiễu xạ (âm thanh vòng qua góc) và độ vang (âm thanh dội lại từ môi trường xung quanh).",,,啟用 AudioEmitters 和 AudioListeners 來體驗阻塞（阻擋時的模糊效果）、繞射（夾角的彎曲效果）和殘響（周遭的反射效果）。
Studio.BetaFeatures.RobloxClassicDescription,,,Enable tools to create a Roblox Classic experience (R15 experience that plays like an R6).,Enable tools to create a Roblox Classic experience (R15 experience that plays like an R6).,تمكين الأدوات لإنشاء تجربة Roblox Classic (تجربة R15 التي يتم تشغيلها مثل R6).,"Aktiviere die Tools, um eine Roblox-Classic-Experience zu erstellen (eine R15-Experience, das sich wie ein R6 spielt).",Activar herramientas para crear una experiencia Roblox Clásico (experiencia R15 que se juega como un R6).,Activer les outils pour créer une expérience Roblox Classic (expérience R15 qui se joue comme un R6).,Roblox क्लासिक एक्सपीरिएंस (R15 एक्सपीरिएंस जो R6 की तरह खेलता है) बनाने के लिए टूल चालू करें.,Aktifkan alat untuk membuat pengalaman virtual Roblox Classic (pengalaman virtual R15 yang bisa dimainkan layaknya R6).,Abilita gli strumenti per creare un'esperienza Roblox Classic (esperienza R15 che sembra R6).,ツールを有効にして、Robloxの定番バーチャル空間（R6のようにプレイするR15バーチャル空間）を制作。,Roblox 클래식 체험(R6처럼 플레이되는 R15 체험)을 만들 수 있는 도구를 활성화합니다.,"Udostępnia narzędzia do tworzenia projektów Roblox Classic (projekty R15, w które gra się tak jak w projekty R6).",Ativar ferramentas para criar uma experiência Roblox Clássica (experiência R15 que joga como R6),,เปิดใช้งานเครื่องมือเพื่อสร้างประสบการณ์ดั้งเดิม Roblox (ประสบการณ์ R15 ที่เล่นเหมือนกับ R6),Klasik Roblox deneyimleri oluşturan araçları etkinleştir (R6 gibi oynanan R15 deneyimler).,Bật các công cụ để tạo một trải nghiệm Roblox Cũ (trải nghiệm R15 chơi giống như R6).,,,啟用工具以建立 Roblox 經典體驗（玩起來像 R6 體驗的 R15 體驗）。
Studio.BetaFeatures.AudioWiringApiDescription,,,"Enables new instances for customizing, processing, and routing sounds or voices within the engine","Enables new instances for customizing, processing, and routing sounds or voices within the engine",تمكين حالات جديدة لتخصيص الأصوات أو الصوتيات ومعالجتها وتوجيهها داخل المحرك,"Ermöglicht neue Instanzen zum Anpassen, Verarbeiten und Weiterleiten von Sounds oder Stimmen innerhalb der Engine","Permite nuevas instancias para personalizar, procesar y enrutar sonidos o voces dentro del motor","Permet de nouvelles instances pour la personnalisation, le traitement et le routage des sons ou des voix dans le moteur","इंजन के अंदर साउंड या आवाज़ों को कस्टमाइज़ करने, प्रोसेस करने और रूट करने के लिए नए इंस्टैंस चालू करता है","Mengaktifkan instance baru untuk kustomisasi, pemrosesan, dan perutean suara di dalam mesin","Abilita nuove istanze per personalizzare, elaborare e instradare suoni o voci all'interno del motore",エンジン内でサウンドや音声をカスタマイズ・処理・ルーティングするための新しいインスタンスを有効にします,"새로운 인스턴스를 활성화해 엔진 내에서 사운드 또는 음성을 사용자 정의, 처리, 라우팅합니다.","Udostępnia nowe instancje do konfigurowania, przetwarzania i routingu dźwięków lub głosów w ramach silnika.","Habilita novas instâncias para personalizar, processar e rotear sons ou vozes dentro do mecanismo",,"เปิดใช้งานอินสแตนซ์ใหม่สำหรับการปรับแต่ง, การประมวลผล และกำหนดเส้นทางเสียง หรือเสียงพูดต่างๆ ภายใน Engine","Motorda seslerin özelleştirilebilmesi, işlenebilmesi ve yönlendirilebilmesi için yeni örnekler etkinleştirir","Bật các phiên bản mới để tùy chỉnh, xử lý và định tuyến âm thanh hoặc giọng nói bên trong động cơ",,,啟用新個體以對於引擎中的聲音或語音進行自訂、處理與路由
Studio.BetaFeatures.FacialAnimationBetaTitle,,,Facial Animation,Facial Animation,محرك الوجه,Gesichtsanimation,Animación facial,Animation faciale,फ़ेशियल ऐनिमेशन,Animasi Wajah,Animazione facciale,表情アニメーション,얼굴 애니메이션,Animacja twarzy,Animação facial,,การเคลื่อนไหวใบหน้า,Yüz Animasyonu,Hiệu Ứng Khuôn Mặt,,,臉部動畫
Studio.BetaFeatures.MaterialPickerTitle,,,Material Picker,Material Picker,منتقي المواد,Materialwähler,Selector de materiales,Sélecteur de matériaux,मटीरियल पिकर,Pemilih Material,Selettore di materiale,素材ピッカー,재질 선택기,Selektor materiałów,Seletor de materiais,,เครื่องมือเลือกวัสดุ,Malzeme Seçici,Bộ Chọn Vật Liệu,,,材質選擇器
Studio.BetaFeatures.PackagePermissionsDescription,,,"Add any group, user, or role as a user or editor for your packages through the Package Management action in Game Explorer","Add any group, user, or role as a user or editor for your packages through the Package Management action in Game Explorer",إضافة أي مجموعة، أو مستخدم، أو دور كمستخدم أو محرر لحزمك من خلال إجراء إدارة الحزمة في مستكشف الألعاب,"Füge durch die Paketverwaltungsaktion im Game Explorer Gruppen, Benutzer oder Rollen als Benutzer oder Bearbeiter für deine Pakete hinzu","Añade cualquier grupo, usuario o rol como usuario o editor a tus paquetes yendo a Gestionar paquete en Explorador del juego","Ajoute tout groupe, utilisateur ou rôle en tant qu'utilisateur ou éditeur de tes packages grâce à la fonction Gestion des packages dans Explorateur du jeu","गेम एक्सप्लोरर में पैकेज मैनेजमेंट ऐक्शन के ज़रिये अपने पैकेजों के लिए यूज़र या एडिटर के रूप में किसी भी ग्रुप, यूज़र या रोल को जोड़ें","Menambahkan grup, pengguna, atau peran apa pun sebagai pengguna atau editor untuk paketmu melalui tindakan Pengelolaan Paket di Eksplorer Game","Aggiungi un gruppo, utente o ruolo da utente o editor per i tuoi pacchetti tramite l'azione Gestione pacchetti in Game Explorer",ゲームエクスプローラでのパッケージ管理動作を通じてお持ちのパッケージのためにあらゆるグループ、ユーザー、またはユーザーか編集者としての役割を追加,"게임 탐색기에서 패키지 관리 작업을 통해 그룹, 사용자 또는 역할을 패키지의 사용자 또는 편집자로 추가합니다.","Dodaj do swoich pakietów dowolną grupę lub użytkownika w roli użytkownika lub edytującego, korzystając z akcji zarządzania pakietami w eksploratorze gier","Adiciona qualquer grupo, usuário ou função, como um usuário ou editor para seus pacotes, através da ação Gerenciamento de pacotes no Explorador de jogo",,"เพิ่มกลุ่ม, ผู้ใช้งาน หรือบทบาทใดก็ตามเป็นผู้ใช้งานหรือผู้แก้ไขให้แพ็คเกจของคุณผ่านทางการดำเนินการจัดการแพ็คเกจในการสำรวจในเกม","Herhangi bir grubu, kullanıcıyı ya da rolü Oyun Gezgini'ndeki Paket Yönetimi üzerinden paketlerine kullanıcı ya da düzenleyici olarak ekle","Thêm bất kỳ nhóm, người dùng hoặc vai trò nào làm người dùng hoặc người chỉnh sửa cho các gói của bạn thông qua thao tác Quản Lý Gói trong Trình Khám Phá Game",,,使用遊戲總管裡的套件管理動作來將任何群組、使用者或角色新增為您套件的使用者或編輯者
Studio.BetaFeatures.FacialAnimationBetaDescription,,,Enable the FaceControls instance which supports facial animation for avatars that have a dynamic-head.,Enable the FaceControls instance which supports facial animation for avatars that have a dynamic-head.,قم بتمكين مثيل FaceControls الذي يدعم محرك الوجه للأفاتار الذي يحتوي على رأس ديناميكي.,"Aktiviere die Instanz FaceControls, die Gesichtsanimationen für Avatare mit einem dynamischen Kopf unterstützt.",Activa la instancia de FaceControls que soporta la animación facial para los avatares que tienen una cabeza dinámica.,"Activer l'instance FaceControls, qui prend en charge les animations faciales des avatars dotés d'une tête dynamique.","FaceControls इंस्टैंस चालू करें, जो डायनैमिक-हेड वाले अवतार के लिए फ़ेशियल ऐनिमेशन को सपोर्ट करते हैं.",Mengaktifkan instance FaceControls yang mendukung animasi wajah untuk avatar yang memiliki kepala dinamis.,Abilita l'istanza di FaceControls che supporta l'animazione facciale per gli avatar che hanno una testa dinamica.,動く頭があるアバターの表情アニメーションに対応する FaceControls インスタンスを有効化。,다이내믹 헤드를 가진 아바타의 얼굴 애니메이션을 지원하는 FaceControls 인스턴스를 활성화합니다.,"Włącz instancję FaceControls, która obsługuje animacje twarzy w przypadku awatarów z dynamicznymi głowami.","Ativa a instância FaceControls, que suporta animação facial para avatares que tem cabeças dinâmicas.",,เปิดใช้งานอินสแตนซ์ FaceControls ซึ่งช่วยเหลือการเคลื่อนไหวใบหน้าของอวาตาร์ที่มีศีรษะแบบไดนามิก,Dinamik kafalı avatarlarda yüz animasyonunu destekleyen FaceControls örneğini etkinleştir.,Bật phiên bản FaceControl hỗ trợ hiệu ứng khuôn mặt cho avatar có đầu động.,,,啟用 FaceControls 個體，其支援擁有動態頭部之虛擬人偶的臉部動畫。
Studio.BetaFeatures.ProximityPromptTitle,,,Proximity Prompt Beta,Proximity Prompt Beta,الإصدار التجريبي لمطالبة التقارب,Annäherungsaufforderung Beta,Aviso de proximidad beta,Avertisseur de proximité Bêta,प्रॉक्सिमिटी प्रॉम्प्ट बीटा,Perintah Kedekatan Beta,ProximityPrompt Beta,近接プロンプトベータ版,근접 프롬프트 베타,Proximity Prompt w wersji beta,Aviso de proximidade beta,,Proximity Prompt เบต้า,Yakınlığa Göre İstem Beta,Nhắc Nhở Khoảng Cách Gần Beta,,,距離提示 Beta 測試
Studio.BetaFeatures.PathfindingLinksTitle,,,Pathfinding Links,Pathfinding Links,روابط البحث عن المسار,Pfadfindungslinks,Mostrar enlaces de búsqueda de rutas,Liens de recherche de chemin,पाथफ़ाइंडिंग लिंक्स,Tautan Pathfinding,Collegamenti di pathfinding,経路探索リンク,경로 찾기 링크,Linki do wyszukiwania ścieżek,Links Pathfinding,,จุดเชื่อมโยงการค้นหาเส้นทาง,Yol Bulma Bağlantıları,Liên Kết Tìm Đường,,,路徑搜尋連接
Studio.BetaFeatures.LuaCharacterControllerDescription,,,"A Lua based replacement for the default animate script and the built-in Humanoid State Machine that provides new built-in abilities and other enhancements to character movement over time. This beta adds a Lua State Machine, Lua Motion Compositor, and Lua Abilities framework to the default avatar along with a new movement ability - crouching. It also enhances existing locomotion with new animations and fidelity improvements such as foot-planting. These can be modified using the ability configuration settings via Lua and custom attributes.","A Lua based replacement for the default animate script and the built-in Humanoid State Machine that provides new built-in abilities and other enhancements to character movement over time. This beta adds a Lua State Machine, Lua Motion Compositor, and Lua Abilities framework to the default avatar along with a new movement ability - crouching. It also enhances existing locomotion with new animations and fidelity improvements such as foot-planting. These can be modified using the ability configuration settings via Lua and custom attributes.",استبدال قائم على لغة Lua للنص البرمجي الافتراضي للحركة وتسلسل الحالات Humanoid المدمجة التي توفر قدرات مدمجة جديدة وتحسينات أخرى لحركة الشخصية بمرور الوقت. يضيف هذا الإصدار التجريبي إطار عمل لتسلسل الحالات بلغة Lua وأداة إنشاء الحركة بلغة Lua والقدرات بلغة Lua إلى الأفاتار الافتراضي إلى جانب قدرة حركة جديدة - وهي الانحناء (القرفصة). كما أنه يعزز آليات الحركة الحالية باستخدام حركات جديدة وتحسينات في مستوى الدقة مثل وضع القدم بثبات ودقة. يمكن تعديل هذه الميزات باستخدام إعدادات تهيئة القدرة عبر Lua والسمات المخصصة.,"Ein Lua-basierter Ersatz für das Standard-Animationsskript und die eingebaute humanoide Zustandsmaschine, der neue eingebaute Fähigkeiten und andere Verbesserungen der Charakterbewegung im Laufe der Zeit bietet. Diese Beta fügt dem Standard-Avatar eine Lua-Zustandsmaschine, einen Lua-Bewegungskompositor und ein Lua-Fähigkeiten-Framework sowie eine neue Bewegungsfähigkeit – das Hocken – hinzu. Außerdem wird die bestehende Fortbewegung durch neue Animationen und Verbesserungen der Bewegungstreue, wie das Aufsetzen der Füße, verbessert. Diese können mit den Konfigurationseinstellungen der Fähigkeit über Lua und benutzerdefinierte Attribute modifiziert werden.","Un reemplazo basado en Lua para el script de animación por defecto y la Máquina de estado humanoide incorporada que proporciona nuevas habilidades incorporadas y otras mejoras al movimiento del personaje con el tiempo. Esta beta añade una máquina de estado Lua, un compositor de movimiento Lua y un marco de habilidades Lua al avatar predeterminado, junto con una nueva habilidad de movimiento: agacharse. También mejora la locomoción existente con nuevas animaciones y mejoras en la fidelidad, como el apoyo de los pies. Estas pueden modificarse utilizando los ajustes de configuración de habilidades mediante Lua y atributos personalizados.","Un remplacement basé sur Lua pour le script d'animation par défaut et la machine d'état humanoïde intégrée qui fournit de nouvelles capacités intégrées et d'autres améliorations au mouvement des personnages au fil du temps. Cette beta ajoute une Lua State Machine, Lua Motion Compositor, et le cadre des aptitudes de Lua à l'avatar par défaut avec une nouvelle capacité de mouvement - croustillant. Il améliore également la locomotion existante avec de nouvelles animations et des améliorations de fidélité telles que la plantation de pieds. Celles-ci peuvent être modifiées en utilisant les paramètres de configuration de la capacité via Lua et les attributs personnalisés.","डिफ़ॉल्ट ऐनिमेट स्क्रिप्ट और बिल्ट-इन ह्यूमनॉइड स्टेट मशीन के लिए एक Lua आधारित रीप्लेसमेंट, जो समय के साथ कैरेक्टर मूवमेंट के लिए नई बिल्ट-इन सुविधाएँ और अन्य बेहतर सुविधाएँ देता है. यह बीटा एक नई मूवमेंट क्षमता - क्राउचिंग के साथ डिफ़ॉल्ट अवतार में एक Lua स्टेट मशीन, Lua मोशन कंपोज़िटर और Lua एबिलिटी फ़्रेमवर्क जोड़ता है. यह नए ऐनिमेशन और फ़िडेलिटी सुधार जैसे फु़ट-प्लांटिंग के साथ मौजूदा लोकोमोशन को भी बढ़ाता है. इन्हें Lua और कस्टम एट्रिब्यूट के ज़रिये क्षमता कॉन्फ़िगरेशन सेटिंग्स का इस्तेमाल करके बदला जा सकता है.","Pengganti berbasis Lua untuk skrip animasi default dan State Machine Humanoid bawaan yang memberikan kemampuan bawaan baru dan penyempurnaan lainnya untuk gerakan karakter dari waktu ke waktu. Versi beta ini menambahkan kerangka kerja Lua State Machine, Lua Motion Compositor, dan Lua Abilities ke avatar default serta kemampuan gerakan baru, yaitu merunduk. Versi ini juga menyempurnakan gerakan berpindah yang sudah ada dengan animasi baru dan peningkatan fidelitas, seperti peletakan kaki. Semua ini dapat dimodifikasi dengan pengaturan konfigurasi kemampuan melalui atribut kustom dan Lua.","Una sostituzione basata su Lua per lo script animato predefinito e la macchina statale umanoide integrata che fornisce nuove abilità integrate e altri miglioramenti al movimento del personaggio nel tempo. Questa beta aggiunge framework Lua State Machine, Lua Motion Compositor, e Lua Abilities per l'avatar predefinito insieme a una nuova capacità di movimento: accovacciamento. Inoltre migliora la locomozione esistente con nuove animazioni e miglioramenti della fedeltà come la piantagione di piante. Questi possono essere modificati utilizzando le impostazioni di configurazione di abilità tramite Lua e attributi personalizzati.",デフォルトのアニメーションスクリプトと、キャラクターの動きに新しい組み込み能力やその他の機能強化を提供する内蔵ヒューマノイド・ステートマシンをLuaベースに置き換え。 このベータ機能はLua ステートマシン、Lua 動作合成機能、Lua 能力の枠組みに「かがむ」という新しい動く能力などがついたデフォルトのアバターを追加します。また、新しいアニメーションや忠実度の改善で着地など、既存の動き方を向上させます。 これらは、Luaとカスタム属性から能力の環境設定を使用して変更できます。,"기본 애니메이션 스크립트와 새로운 내장 휴머노이드 상태 머신을 Lua 기반으로 대체하여 시간이 지남에 따라 캐릭터 이동에 새로운 내장 능력과 기타 향상된 기능을 제공합니다. 이 베타는 기본 아바타에 Lua 상태 머신, Lua 모션 컴포지터 및 Lua 능력 프레임워크를 추가하고, 새로운 이동 능력인 웅크리기 기능도 추가합니다. 또한 새로운 애니메이션과 풋 플랜트와 같은 충실도 개선을 통해 기존의 로코모션을 향상합니다. 이는 Lua 및 사용자 정의 특성을 통한 기능 구성 설정을 사용해 수정할 수 있습니다.","Oparta na języku Lua struktura zastępująca domyślny skrypt animacji i wbudowaną humanoidalną maszynę stanów, która z upływem czasu udostępnia nowe wbudowane zdolności oraz inne usprawnienia w poruszaniu się postaci. W tej wersji beta dodano maszynę stanów Lua, kompozytor ruchów Lua oraz strukturę zdolności Lua dla awatara domyślnego, a także nową zdolność poruszania się – kucanie. Usprawniono też istniejące ruchy poprzez dodanie nowych animacji i zwiększono wierność ruchów, takich jak stawianie stóp. Można wprowadzać modyfikacje przy użyciu opcji konfiguracji zdolności za pomocą języka Lua i atrybutów niestandardowych.","Uma substituição baseada em Lua para o script padrão de animações e a máquina de estado humanoide embutida que fornece novas habilidades incorporadas e outras melhorias de movimento de personagem ao longo do tempo. Esta beta adiciona uma Máquina do Estado Lua, o Compositor de Movimento Lua, e o framework Habilidades Lua para o avatar padrão, juntamente com uma nova habilidade de movimento - agachamento. Reforça também a locomoção existente com novas animações e melhorias de fidelidade, como a plantação de pés. Estas podem ser modificadas usando as configurações de habilidade através de atributos Lua e atributos personalizados.",,"การแทนที่ตาม Lua ของสคริปต์เคลื่อนไหวค่าเริ่มต้น และ State Machine ของฮิวแมนอยด์ในตัวที่มอบความสามารถในตัว และการเสริมประสิทธิภาพอื่นๆ ให้แก่การเคลื่อนไหวตัวละครเมื่อเวลาผ่านไป เบต้านี้เพิ่ม State Machine, เครื่องมือจัดวางองค์ประกอบการเคลื่อนไหว Lua และกรอบการดำเนินงานความสามารถ Lua ให้แก่อวาตาร์ค่าเริ่มต้น พร้อมด้วยความสามารถในการเคลื่อนไหวใหม่ - การหมอบคลาน นอกจากนั้นยังเสริมประสิทธิภาพการเคลื่อนไหวที่มีอยู่แล้วด้วยแอนิเมชันใหม่ และการปรับปรุงความเที่ยงตรง เช่น การวางเท้า สามารถแก้ไขสิ่งเหล่านี้ได้โดยการใช้การตั้งค่าการกำหนดค่าความสามารถผ่านทาง Lua และคุณลักษณะที่กำหนดเอง","Varsayılan animasyon betiğinin ve yerleşik Humanoid Makine Durumu'nun yerini alarak karakter hareketine yeni yerleşik kabiliyetler ve başka geliştirmeler ekleyen Lua tabanlı alternatif. Varsayılan avatara yeni çömelme hareketi kabiliyetinin yanı sıra Lua Makine Durumu, Lua Hareket Dizicisi ve Lua Kabiliyetleri çerçevesi ekler. Ayrıca mevcut hareketleri yeni animasyonlar ekleyerek ve ayak basma gibi bağlılık yenilikleriyle geliştirir. Bunlar, Lua ve özel nitelikler üzerinden kabiliyet yapılandırma ayarları kullanarak düzenlenebilir.","Việc thay thế dựa trên Lua đối với tập lệnh hiệu ứng động mặc định và Máy Trạng Thái Người Máy tích hợp cung cấp các khả năng tích hợp mới và các cải tiến khác cho sự chuyển động nhân vật theo thời gian. Bản beta này bổ sung Máy Trạng Thái Lua, Trình Tổng Hợp Chuyển Động Lua và khung Khả Năng Lua vào avatar mặc định cùng với khả năng di chuyển mới - cúi người. Bản beta này cũng cải thiện khả năng vận động hiện tại bằng các hiệu ứng động mới và cải thiện độ chân thực như đặt chân xuống. Các cải tiến này có thể được sửa đổi bằng cách sử dụng cài đặt điều chỉnh khả năng thông qua Lua và các thuộc tính tùy chỉnh.",,,預設動畫指令碼和內建人形狀態機器的 Lua 式替代架構，能針對角色隨時間的移動提供新的內建能力和其他增強功能。此 Beta 測試會為預設虛擬人偶新增 Lua 狀態機器、Lua 運動合成器，以及 Lua 能力架構，並追加新的移動能力「蹲下」，也會透過新的動畫和腳部接地等保真度改善來強化現有的移動。這些可透過 Lua 和自訂屬性的能力組態設定來加以修改。
Studio.BetaFeatures.LuaPropertiesDescription,,,Enable the preview of the Next Gen Properties Panel - featuring better performance and a revamped UI,Enable the preview of the Next Gen Properties Panel - featuring better performance and a revamped UI,تمكين معاينة لوحة خصائص الجيل التالي - تتميز بأداء أفضل وواجهة مستخدم مجددة,Aktiviere die Vorschau des Next Gen-Eigenschaftsfensters – mit besserer Leistung und einer überarbeiteten UI,Habilita la vista previa del panel del Explorador Next Gen: un mejor rendimiento y una nueva interfaz de usuario,Activer la prévisualisation du panneau de propriétés Net Gen - avec de meilleures performances et une interface utilisateur remaniée,नेक्स्ट जेनरेशन प्रॉपर्टी पैनल के प्रीव्यू को चालू करें - पेश है बेहतर परफ़ॉर्मेंस और नए सिरे से बनाया गया UI,Aktifkan pratinjau Panel Properti Generasi Masa Depan - memberikan kinerja lebih prima dan UI yang disempurnakan,"Abilita l'anteprima del pannello delle proprietà Next Gen, con prestazioni migliori e un'interfaccia utente rinnovata",次世代プロパティパネルのプレビューを有効化 - より良いパフォーマンスと改善されたUIが特長,더 나은 성능과 개편된 UI를 갖춘 차세대 속성 패널의 미리 보기를 활성화합니다.,Włącz podgląd panelu właściwości nowej generacji – przygotuj się na większą wydajność i odświeżony interfejs,Ativar a visualização Painel de propriedades da próxima geração - com melhor desempenho e uma interface de usuário renovada,,เปิดใช้งานการดูตัวอย่างของแผงคุณสมบัติรุ่นถัดไป - มีประสิทธิภาพที่ดียิ่งขึ้นและ UI ที่ปรับปรุงแล้ว,Daha gelişmiş bir performansa ve yenilenmiş arayüze sahip Yeni Nesil Özellikler Paneli'nin ön izlemesini etkinleştir,Bật tính năng xem trước Bảng Thuộc Tính Thế Hệ Mới – với hiệu suất cao hơn và UI được tân trang,,,啟用 Next Gen 屬性面板的預覽：具有更好的效能和重新設計的 UI
Studio.BetaFeatures.AdaptiveTimesteppingTitle,,,Adaptive timestepping,Adaptive timestepping,الخطوات الزمنية التكيفية,Adaptives Timestepping,Intervalos de tiempo adaptativos,Laps de temps adaptables,अडैप्टिव टाइमस्टेपिंग,Timestepping adaptif,Timestepping adattivo,適応型時間ステップ,적응형 타임스텝,Adaptacyjne odcinki czasu,Intervalos de tempo adaptativos,,ช่วงเวลาที่ปรับได้,Uyarlanabilir zaman adımları,Bước thời gian thích ứng,,,適應性時步
Studio.BetaFeatures.NewExplorerFilteringTitle,,,Advanced Explorer Filtering,Advanced Explorer Filtering,الفلترة المتقدمة حسب المستكشف,Erweiterte Explorer-Filterung,Filtrado avanzado de Explorador,Filtrage avancé de l'explorateur,एक्सप्लोरर की एडवांस फ़िल्टरिंग,Pemfilteran Eksplorer Lanjutan,Filtro esploratore avanzato,エクスプローラフィルタの詳細設定,고급 탐색기 필터링,Zaawansowane filtrowanie w eksploratorze,Filtro avançado do Explorador,,การกรองสำรวจขั้นสูง,Gelişmiş Gezgin Filtreleri,Tính Năng Lọc Nâng Cao của Trình Khám Phá,,,進階總管篩選
Studio.BetaFeatures.LuauDataModelAwarenessTitle,,,Luau DataModel awareness,Luau DataModel awareness,التوعية بنموذج Luau DataModel,Luau DataModel-Bewusstsein,Conocimiento de Luau DataModel,Sensibilité à Luau DataModel,Luau DataModel अवेयरनेस,Kesadaran DataModel Luau,Consapevolezza DataModel Luau,Luau DataModel 認知,Luau DataModel 인식,Świadomość modelu Luau DataModel,Conhecimento Luau Datamodel,,การตระหนักรู้ DataModel Luau,Luau DataModel farkındalığı,Nhận thức về DataModel của Luau,,,Luau DataModel 認知
Studio.BetaFeatures.ImportQueueDescription,,,Enable the bulk import of multiple 3D files through the Import 3D tool.,Enable the bulk import of multiple 3D files through the Import 3D tool.,تمكين الاستيراد المجمع للعديد من الملفات ثلاثية الأبعاد من خلال أداة الاستيراد ثلاثية الأبعاد.,Aktiviere den Massenimport mehrerer 3D-Dateien über das 3D-Import-Tool.,Activa la importación masiva de múltiples archivos 3D a través de la herramienta Importar 3D.,Activer l'importation en masse de plusieurs fichiers 3D via l'outil Importer 3D.,"इंपोर्ट 3D टूल के ज़रिये, कई 3D फ़ाइलों का बल्क इंपोर्ट चालू करें.",Mengaktifkan impor massal banyak file 3D menggunakan alat Impor 3D.,Abilita l'importazione in blocco di più file 3D con lo strumento Importazione 3D.,3Dインポートツールで複数の3Dファイルの一括インポートを有効化。,3D 가져오기 도구를 통해 여러 3D 파일의 일괄 가져오기를 활성화합니다.,"Włącz importowanie zbiorcze wielu plików 3D, korzystając z narzędzia Import 3D.",Ativar a importação em massa de vários arquivos 3D através da ferramenta de importação 3D.,,เปิดใช้งานการนำเข้าจำนวนมากสำหรับไฟล์ 3D ผ่านเครื่องมือ 3D นำเข้า,3B İçe Aktarım aracı kullanarak çok sayıda 3B dosyanın toplu içe aktarımını etkinleştirir.,Cho phép nhập hàng loạt nhiều tệp tin 3D thông qua công cụ Nhập 3D.,,,透過匯入 3D 工具啟用多個 3D 檔案的大量匯入。
Studio.BetaFeatures.WhatsNewWindowDescription,,,Open up a scrolling window that shows all of the recent updates to Roblox Studio,Open up a scrolling window that shows all of the recent updates to Roblox Studio,افتح نافذة تمرير تعرض جميع التحديثات الأخيرة التي طرأت على Roblox Studio,"Öffne ein Bildlauffenster, in dem alle aktuellen Updates für Roblox Studio angezeigt werden",Abrir una ventana deslizante que muestra todas las actualizaciones recientes de Roblox Studio,Ouvrir une fenêtre qui montre toutes les mises à jour récentes de Roblox Studio,"एक स्क्रोल करने वाली विंडो खोलें, जो Roblox Studio के सभी हालिया अपडेट दिखाती है",Membuka jendela gulir yang menampilkan semua update terkini di Roblox Studio,Apre una finestra di scorrimento che mostra tutti gli aggiornamenti recenti di Roblox Studio,Roblox Studioの最近の更新をすべて表示するスクロールウィンドウを開く,Roblox Studio의 모든 최신 업데이트를 표시하는 스크롤 창을 엽니다.,"Otwórz okno z przewijaniem, w którym widoczne są wszystkie ostatnie aktualizacje Roblox Studio",Abrir uma janela deslizante que mostra todas as atualizações recentes do Roblox Studio,,เปิดหน้าต่างการเลื่อนที่แสดงการอัปเดตล่าสุดทั้งหมดของ Roblox Studio,Roblox Studio'nun son güncellemelerini gösteren bir kaydırma penceresi açar,Mở một cửa sổ cuộn hiển thị tất cả các bản cập nhật gần đây cho Roblox Studio,,,開啟顯示所有 Roblox Studio 近期更新的捲動視窗
Studio.BetaFeatures.LuauDataModelAwarenessDescription,,,"When typechecking scripts, incorporate the shape of the game's DataModel","When typechecking scripts, incorporate the shape of the game's DataModel",عند التحقق من نوع النصوص البرمجية، قم بتضمين شكل نموذج DataModel الخاص باللعبة,Ziehe bei der Typenüberprüfung von Skripten die Form des DataModel des Spiels ein,"Al comprobar los scripts, incorpora la forma del DataModel del juego",Inclure le DataModel du jeu lors de la vérification des scripts,"स्क्रिप्ट टाइप करते समय, गेम के डेटामॉडल के आकार को शामिल करें","Ketika melakukan typecheck skrip, bentuk DataModel game akan disertakan","Quando si effettuano gli script di controllo della tipologia, incorpora la struttura di DataModel del gioco",スクリプトの型チェックの際、ゲームの DataModel を組み込む,"스크립트 유형 검사 시, 게임의 DataModel 모양을 통합합니다.",Podczas sprawdzania typów w skryptach uwzględniaj kształt modelu DataModel gry,"Quando verificar scripts, incorporar a forma do DataModel do jogo",,ขณะที่ตรวจสอบความถูกต้องสคริปต์ รวมรูปร่างของ DataModel ของเกมเข้าด้วยกัน,Betik metinlerini kontrol ederken oyunun DataModel'ının şeklini dâhil et,"Khi kiểm tra đánh máy tập lệnh, hãy kết hợp hình dạng DataModel của trò chơi",,,檢查指令碼類型時，參考遊戲的 DataModel 形狀
Studio.BetaFeatures.NewDockingDescription,,,"New docking logic that allows undocking of the 3D Viewport and addresses docking corruption glitches and issues. Please note when enabled, this will start with a new layout. Your old layout will be restored if you disable this feature.","New docking logic that allows undocking of the 3D Viewport and addresses docking corruption glitches and issues. Please note when enabled, this will start with a new layout. Your old layout will be restored if you disable this feature.",إجراءات إرساء محدّثة تتيح فصل إطار العرض ثلاثي الأبعاد وتعالج مشكلات وأعطال تلف الإرساء. يُرجى العلم أن تمكين هذه الميزة سيبدأ بتخطيط مختلف. وسيُعاد تخطيطك السابق إذا قمت بتعطيل هذه الميزة.,"Neue Docking-Logik, die das Abdocken des 3D-Ansichtsfensters ermöglicht und Probleme mit Docking-Korruption behebt. Bitte beachte, dass bei Aktivierung dieser Funktion ein neues Layout erstellt wird. Dein altes Layout wird wiederhergestellt, wenn du diese Funktion deaktivierst.","Nueva lógica de acoplamiento que permite desacoplar la ventanilla 3D y soluciona problemas y fallos de corrupción del acoplamiento. Ten en cuenta que, si la activas, se iniciará con un nuevo diseño. Si desactivas esta función, se restaurará tu diseño anterior.","Nouvelle logique d'amarrage qui permet de débrancher le Viewport 3D et adresse les bugs et problèmes de corruption d'amarrage. À noter que lorsque cette option est activée, cela commencera par une nouvelle mise en page. Votre ancienne mise en page sera restaurée si tu désactives cette fonctionnalité.","नया डॉकिंग लॉजिक, जो 3D व्यूपोर्ट को अनडॉकिंग करने की अनुमति देता है और डॉकिंग करप्ट होने से जुड़ी गड़बड़ियों और समस्याओं को दूर करता है. कृपया ध्यान दें कि चालू करने पर, यह एक नए लेआउट के साथ शुरू होगा. इस फ़ीचर को बंद करने पर, आपका पुराना लेआउट रीस्टोर हो जाएगा.","Logika docking baru yang memungkinkan pelepasan docking Viewport 3D dan penanggulangan glitch serta masalah kerusakan docking. Harap diingat, saat diaktifkan, fitur ini akan memulai dengan tata letak baru. Tata letak lama akan kembali dipakai jika fitur ini dinonaktifkan.","Nuova logica di agganciamento che permette di disinserire la finestra 3D e affronta i problemi e le anomalie che intaccano il corretto funzionamento. Ricorda che quando abilitata, questa inizierà con un nuovo layout. Il vecchio layout verrà ripristinato se disabiliti questa funzione.",3Dビューポートのドッキング解除を可能にする新しいドッキングロジックがドッキング破損の不具合や問題にも対処します。 有効にすると新しいレイアウトで始まるのでご注意ください。この機能を無効にすると古いレイアウトが復元されます。,3D 뷰포트의 도킹 해제를 허용하고 도킹 손상 결함 및 문제를 해결하는 새로운 도킹 로직입니다. 이 기능을 활성화하면 새로운 레이아웃으로 시작됩니다. 비활성화하면 이전 레이아웃이 복원됩니다.,"Nowa logika dokowania, która umożliwia odłączenie okna podglądu 3D i rozwiązuje problemy i usterki dokowania. Pamiętaj, że włączenie tej funkcji spowoduje przejście do nowego układu. Stary układ zostanie przywrócony po wyłączeniu tej funkcji.","Nova lógica de acoplamento que permite desacoplar o modo Janela 3D e resolve problemas e falhas de acoplamento. Observe que, quando ativado, isto começará com um novo layout. Seu layout antigo será restaurado se você desativar este recurso.",,ตรรกะการยึดโยงใหม่จะช่วยในการยกเลิกการยึดโยง Viewport 3D และแก้ไขข้อบกพร่องและปัญหาการชำรุดเสียหายของการยึดโยง โปรดทราบว่าเมื่อเปิดใช้งาน คุณสมบัตินี้จะเริ่มเค้าโครงใหม่ เค้าโครงเก่าของคุณจะได้รับการกู้คืนหากคุณปิดใช้งานคุณสมบัตินี้,3B görünüm penceresinin yerinden çıkarılmasına izin veren ve yerleştirmeyle ilgili bozulma aksaklıklarını ve sorunlarını gideren yeni yerleştirme mantığı. Etkinleştirildiğinde yeni bir düzenle başlayacağını lütfen unutma. Bu özelliği devre dışı bırakırsan eski düzenin geri yüklenir.,"Logic neo mới cho phép bỏ neo Khung Nhìn 3D và khắc phục các trục trặc và sự cố liên quan đến hỏng hóc khi đậu. Lưu ý: khi bật tính năng này, bố cục mới sẽ được bắt đầu. Bố cục cũ của bạn sẽ được khôi phục nếu bạn tắt tính năng này.",,,新的對接邏輯可允許將 3D 視角解除對接，並解決對接損毀的故障和問題。請注意，啟用此功能時，將會以新的配置開始。您的舊配置將會在您停用此功能時還原。
Studio.BetaFeatures.AnimationCompositorTitle,,,Animation Compositor,Animation Compositor,أداة إنشاء الحركة,Animations-Compositor,Compositor de animación,Compositeur d'animations,ऐनिमेशन कंपोज़िटर,Kompositor Animasi,Compositore animazioni,アニメーション合成,애니메이션 컴포지터,Kompozytor animacji,Compositor de animação,,ตัวผสมแอนิเมชัน,Animasyon Dizici,Trình Tổng Hợp Hiệu Ứng Động,,,動畫合成器
Studio.BetaFeatures.AnimationEditorDescription,,,Enables the new Beta version of the Animation Editor.,Enables the new Beta version of the Animation Editor.,تمكين الإصدار التجريبي الجديد من محرر الرسوم المتحركة.,Aktiviert die neue Beta-Version des Animation-Editors.,Activa la nueva versión beta del Editor de animación.,Active la nouvelle version bêta de l'Éditeur d'animation.,ऐनिमेशन एडिटर के नए बीटा वर्ज़न को चालू करता है.,Mengaktifkan Editor Animasi versi Beta yang baru.,Abilita la nuova versione beta dell'editor di animazioni.,アニメーション編集の新規ベータバージョンを有効化。,애니메이션 편집기의 새로운 베타 버전을 활성화합니다.,Włącza nową wersję beta edytora animacji.,Habilita a nova versão beta do Editor de animação.,,เปิดใช้งานเวอร์ชันเบต้าใหม่ของเครื่องมือแก้ไขแอนิเมชัน,Animasyon Düzenleyici'nin yeni beta sürümünü etkinleştirir.,Bật phiên bản Beta mới của Trình Biên Tập Hiệu Ứng Động.,,,啟用動畫編輯器的新 Beta 版本。
Studio.BetaFeatures.AcceleratedCollisionPipelineTitle,,,Accelerated Collision Pipeline,Accelerated Collision Pipeline,مسار تصادم مسرّع,Beschleunigte Kollisionspipeline,Proceso de colisión acelerada,Pipeline de collisions accélérées,ऐक्सेलरेटेड कॉलिज़न पाइपलाइन,Jalur Benturan Dipercepat,Pipeline collisioni accelerate,加速衝突パイプライン,가속 충돌 파이프라인,Procedura szybszego wykrywania kolizji,Linha de colisão acelerada,,ไปป์ไลน์การชนกันแบบเร่งความเร็ว,Hızlandırılmış Çarpışma Hattı,Đường Ống Va Chạm Tăng Tốc,,,加速碰撞管線
Studio.BetaFeatures.LuaCharacterControllerTitle,,,Character movement abilities framework,Character movement abilities framework,إطار عمل لقدرات حركة الشخصية,Framework für die Bewegungsfähigkeiten der Charaktere,Marco de habilidades de movimiento del personaje,Cadre des capacités de déplacement de personnage,कैरेक्टर मूवमेंट एबिलिटी फ़्रेमवर्क,Kerangka kerja kemampuan bergerak karakter,Quadro delle abilità di movimento dei personaggi,キャラクターの移動能力の枠組み,캐릭터 이동 능력 프레임워크,Struktura zdolności poruszania się postaci,Estrutura de habilidades de movimento do personagem,,กรอบการดำเนินงานความสามารถการเคลื่อนไหวตัวละคร,Karakter hareket kabiliyeti çerçevesi,Khung khả năng di chuyển của nhân vật,,,角色移動能力架構
Studio.BetaFeatures.TerrainEditorTitle,,,Terrain Editor,Terrain Editor,محرر التضاريس,Gelände-Editor,Editor de terreno,Éditeur de terrain,टेरेन एडिटर,Editor Medan,Editor del terreno,地形編集,지형 편집기,Edytor terenu,Editor de terreno,,เครื่องมือแก้ไขภูมิประเทศ,Arazi Düzenleyici,Trình Chỉnh Sửa Địa Hình,,,地形編輯器
Studio.BetaFeatures.PhysicsSleepImprovementsDescription,,,Set of changes that should make simulated parts awake and fall asleep more reliably.,Set of changes that should make simulated parts awake and fall asleep more reliably.,مجموعة من التغييرات تهدف إلى جعل الأجزاء المحاكاة نشطة وخاملة بشكل أكثر موثوقية.,"Eine Reihe von Änderungen, die dafür sorgen sollen, dass simulierte Teile zuverlässiger aktiviert und in Standby geschaltet werden.",Un conjunto de cambios que debería activar o desactivar las partes simuladas de manera más fiable.,Ensemble de modifications qui devraient permettre aux pièces de simulation de s'éveiller et de s'endormir de manière plus fiable.,"बदलावों का सेट, जो सिम्युलेटेड पार्ट को अवेक मोड और स्लीप मोड में सही तरीके से डालता है.",Rangkaian perubahan yang dapat mengaktifkan dan menonaktifkan komponen tertentu dengan lebih baik.,Modifiche che dovrebbero svegliare e far addormentare le parti simulate in modo più sicuro.,シミュレーションされたパーツをより確実に稼働中にしたり、スリープさせる複数の変更内容。,시뮬레이션된 파트를 더 안정적으로 활성화하고 비활성화하는 일련의 변경 사항입니다.,"Zestaw zmian, które powinny sprawić, że symulowane części będą wybudzane i usypiane w sposób bardziej niezawodny.",Conjunto de mudanças que devem fazer partes simuladas serem ativadas e desativadas de forma mais confiável.,,ชุดการเปลี่ยนแปลงที่ควรทำให้ส่วนประกอบที่จำลองเลิกการพักเครื่องและพักเครื่องได้อย่างเสถียรยิ่งขึ้น,Simülasyonu yapılan parçaların uyanık duruma ve uyku durumuna güvenli bir şekilde geçmesini sağlayacak değişiklikler.,Một loạt các thay đổi sẽ khiến các bộ phận được mô phỏng thức và ngủ một cách đáng tin cậy hơn.,,,應該可以使模擬零件更可靠地清醒和睡眠的一組變更。
Studio.BetaFeatures.MinPartSizeTitle,,,Lower minimum part size,Lower minimum part size,الحد الأدنى لحجم الجزء,Minimale Teilegröße verringern,Disminuir el tamaño mínimo de la pieza,Réduction de la taille minimale des pièces,मीनिमम पार्ट साइज़ लोअर करें,Turunkan ukuran minimum komponen,Riduzione dimensioni minime delle parti,パーツサイズの下限,최소 파트 크기 낮추기,Obniżenie wymiarów minimalnych części,Diminui o tamanho mínimo de partes,,ลดขนาดส่วนประกอบขั้นต่ำ,Minimum parça boyutunu düşür,Kích thước bộ phận tối thiểu thấp hơn,,,降低組件大小下限
Studio.BetaFeatures.AcceleratedCollisionPipelineDescription,,,Enable Accelerated Collision Detection which improves collision performance for large assemblies.,Enable Accelerated Collision Detection which improves collision performance for large assemblies.,تمكين الكشف عن التصادم المسرّع الذي يحسن أداء التصادم للتجمعات الكبيرة.,"Aktiviere die beschleunigte Kollisionserkennung, um die Kollisionsleistung bei großen Baugruppen zu verbessern.","Activa la detección de colisiones acelerada, que mejora el rendimiento de las colisiones en ensamblados grandes.","Active la détection accélérée des collisions, ce qui améliore les performances en matière de collisions dans les grands assemblages.",ऐक्सेलरेटेड कॉलिज़न जाँच को चालू करें जो बड़ी असेंबली के लिए कॉलिज़न परफ़ॉर्मेंस को बेहतर बनाती है.,Mengaktifkan Deteksi Benturan Dipercepat yang meningkatkan performa benturan untuk rakitan besar.,"Abilita il rilevamento delle collisioni accelerate, che migliora le prestazioni delle collisioni per gli insiemi di grandi dimensioni.",大きなアセンブリの衝突性能を向上させる加速衝突検知を有効化。,가속 충돌 감지를 활성화해 어셈블리의 충돌 성능을 향상합니다.,"Włącz funkcję szybszego wykrywania kolizji, która poprawia wydajność w zakresie kolizji w dużych instalacjach.","Ativar detecção de colisão acelerada, que melhora a performance de colisão para encontros de larga escala.",,เปิดใช้งานการตรวจหาการชนกันแบบเร่งความเร็ว ซึ่งจะปรับปรุงประสิทธิภาพของการประกอบขนาดใหญ่,Büyük derlemelerde çarpışma performansını artıran Hızlandırılmış Çarpışma Tespiti özelliğini etkinleştir.,Cho phép Phát Hiện Va Chạm Tăng Tốc giúp cải thiện hiệu suất va chạm cho các cụm chi tiết lớn.,,,啟用加速碰撞偵測，其能增強大型組件的碰撞效能。
Studio.BetaFeatures.OneClickCollaborateTitle,,,One-click Collaborate Button,One-click Collaborate Button,زر التعاون بضغطة واحدة,Ein-Klick-Schaltfläche Zusammenarbeit,Botón de colaboración de un clic,Bouton de collaboration en un clic,'एक-क्लिक में कोलैबरेट करें' बटन,Tombol Kolaborasi Sekali Klik,Pulsante Collabora con un clic,ワンクリック共同作業ボタン,원클릭 공동 작업 버튼,Przycisk współpracy jednym kliknięciem,Botão Colaborar com um clique,,ปุ่มการทำงานร่วมกันแบบคลิกเดียว,Tek Tıkla Ortak Çalışma,Nút Hợp Tác một lần nhấp,,,單一點擊協作按鈕
Studio.BetaFeatures.ImprovedInnerBoxTitle,,,Improved Inner Box Avatar Collisions,Improved Inner Box Avatar Collisions,تحسين تصادمات الأفاتار لمستطيل التحديد الداخلي,Verbesserte Avatar-Kollisionen innerhalb des Feldes,Caja de colisión interna del avatar,Boîte de collision interne de l'avatar,बेहतर इनर बॉक्स अवतार कॉलिज़न,Benturan Avatar Boks Dalam yang Ditingkatkan,Miglioramenti box di collisione interna dell'avatar,改良済み内部ボックスアバター衝突,안쪽 상자 아바타 충돌 개선,Usprawnione kolizje bryły wewnętrznej awatara,Colisões de caixa interna de avatar melhoradas,,ปรับปรุงการชนกันของอวาตาร์กล่องภายใน,Gelişmiş İç Kutu Avatar Çarpışmaları,Cải Thiện Va Chạm Inner Box của Avatar,,,改良內範圍虛擬人偶碰撞
Studio.BetaFeatures.UGCBodiesAndHeadsTitle,,,UGC Bodies & Heads,UGC Bodies & Heads,أجساد ورؤوس من إنشاء المستخدمين,UGC-Körper und -Köpfe,Cuerpos y cabezas UGC,Corps et têtes d'UGC,UGC (यूज़र जेनरेटेड कॉन्टेंट) बॉडी और हेड,Tubuh dan Kepada UGC,Corpi e teste UGC,UGCボディと頭,UGC 신체 및 머리,Ciała i głowy ZGU,Corpos e cabeças CGU,,เนื้อหาและหัวข้อ UGC,Kullanıcı Tarafından Oluşturulmuş Vücutlar ve Kafalar,Cơ Thể & Đầu STTNC,,,UGC 身體與頭部
Studio.BetaFeatures.NewCameraControlsDescription,,,Enables improved camera controls for Studio.,Enables improved camera controls for Studio.,تمكين عناصر تحكم الكاميرا المحسّنة لـ Studio.,Ermöglicht verbesserte Kamerasteuerung für Studio.,Activa los controles de cámara mejorados para Studio.,Permet des contrôles de caméra améliorés pour Studio.,Studio के लिए बेहतर कैमरा कंट्रोल चालू करता है.,Mengaktifkan kontrol kamera yang disempurnakan untuk Studio.,Abilita i controlli della videocamera migliorati per Studio.,Studioの改良されたカメラ操作を有効にします。,Studio의 개선된 카메라 제어를 활성화합니다.,Udostępnia ulepszone elementy sterujące kamerą w Studio,Ativa controles de câmera melhorados para o Studio.,,เปิดใช้งานการควบคุมกล้องที่ปรับปรุงแล้วของ Studio,Studio'nun geliştirilmiş kamera kontrollerini etkinleştirir.,Bật các điều khiển camera cải tiến cho Studio.,,,啟用改善的 Studio 攝影機控制。
Studio.BetaFeatures.TerrainBuildToolDescription,,,Enables the build tool in the Terrain Editor which allows for more intentional creation of large scale Terrain features.,Enables the build tool in the Terrain Editor which allows for more intentional creation of large scale Terrain features.,تمكين أداة البناء في محرر التضاريس الذي يسمح بإنشاء أكثر تعمدًا لميزات التضاريس واسعة النطاق.,"Aktiviert das Erstellungstool im Gelände-Editor, mit dem sich großflächige Geländemerkmale gezielter erstellen lassen.","Activa la herramienta de construcción en el Editor de terrenos, que permite la creación más intencionada de características de terreno de gran escala.",Active l'outil de construction dans l'Éditeur de Terrain qui permet la création plus intentionnelle de fonctionnalités de grande envergure.,टेरेन एडिटर में बिल्ड टूल चालू करता है जो बड़े पैमाने पर टेरेन फ़ीचर के इंटेंशनल क्रिएशन में मदद करता है.,Mengaktifkan alat bangun di Editor Medan yang memudahkan kreasi fitur Medan skala besar.,"Abilita lo strumento di costruzione nell'editor del terreno, per consentire una creazione più precisa su larga scala delle caratteristiche del terreno.",地形ツールの作成ツールを有効にすると大規模な地形の作成をより計画的にできるようになります。,지형 편집기의 빌드 도구를 활성화하여 대규모 지형지물을 더 의도적으로 생성할 수 있게 합니다.,"Udostępnia w edytorze terenu narzędzie do budowania, które umożliwia bardziej celowe tworzenie wielkoskalowych cech terenu.",Ativa a ferramenta de construção no Editor de terreno que permite a criação mais intencional de características de terreno em grande escala.,,เปิดใช้งานเครื่องมือ Build ในเครื่องมือแก้ไขภูมิประเทศซึ่งจะช่วยให้สามารถสร้างคุณสมบัติภูมิประเทศขนาดใหญ่ได้ตามที่ตั้งใจมากขึ้น,Arazi Düzenleyici'de geniş ölçekli Arazi özelliklerinin daha amaca uygun şekilde oluşturulmasına olanak tanıyan oluşturma aracını etkinleştirir.,Kích hoạt công cụ dựng trong Trình Chỉnh Sửa Địa Hình cho phép tạo ra các đặc điểm Địa Hình quy mô lớn một cách có chủ đích hơn.,,,啟用地形編輯器中的建置工具，其更容易依照創作者意圖打造大規模地形特徵。
Studio.BetaFeatures.ImprovedInnerBoxDescription,,,Enable a different algorithm for avatar Inner Box collision box sizing and positioning using margins around RigAttachment extents.,Enable a different algorithm for avatar Inner Box collision box sizing and positioning using margins around RigAttachment extents.,تمكين خوارزمية مختلفة لتحجيم تصادمات الأفاتار لمستطيل التحديد الداخلي وتحديد موضعه باستخدام الهوامش حول نطاقات RigAttachment.,Aktiviere einen anderen Algorithmus für die Größe und Positionierung der Avatar-Kollisionen innerhalb des Feldes mithilfe von Rändern um die RigAttachment-Ausmaße.,Permite un algoritmo diferente para el tamaño de la caja de colisión interna del avatar y el posicionamiento usando márgenes alrededor de las extensiones de RigAttachment.,Activer un algorithme différent pour le dimensionnement et le positionnement de la boîte de collision intérieure de l'avatar en utilisant les marges autour des extensions de RigAttachment.,"RigAttachment एक्सटेंट के आसपास मार्जिन का इस्तेमाल करके, अवतार इनर बॉक्स कोलिज़न बॉक्स साइज़िंग और पोज़िशनिंग के लिए एक अलग एल्गोरिद्म चालू करें.",Mengaktifkan algoritme yang berbeda untuk ukuran dan penentuan posisi dan ukuran kotak Boks Dalam menggunakan margin di sekitar cakupan RigAttachment.,"Abilita un algoritmo diverso per il ridimensionamento e il posizionamento della box di collisione interna dell'avatar, utilizzando i margini intorno alle estensioni di RigAttachment.",RigAttachment が広がる周辺の余白を使ってアバターの内部ボックス衝突のボックスのサイズ変更と配置で違うアルゴリズムを有効化。,RigAttachment 범위 주변의 여백을 사용하여 아바타 안쪽 상자 충돌 상자의 크기 및 위치 지정에 대해 서로 다른 알고리즘을 활성화합니다.,Skorzystaj z innego algorytmu do ustalania wymiarów i pozycjonowania bryły wewnętrznej kolizji awatara przy użyciu marginesów wokół zakresów RigAttachment.,Permite um algoritmo diferente para o tamanha de caixa da Caixa de colisão de avatar e posicionamento utilizando margens ao redor das extensões de RigAttachment.,,เปิดใช้งานอัลกอริธึมอื่นสำหรับการปรับขนาดกล่องการชนกันของกล่องภายในอวาตาร์ และการจัดตำแหน่งการใช้ขอบรอบ RigAttachment,Avatar iç çarpışma kutularını RigAttachment uzantıları etrafındaki payları kullanarak boyutlandırmak ve konumlandırmak için farklı bir algoritma etkinleştir.,Bật thuật toán khác để định cỡ và định vị hộp va chạm Inner Box của avatar bằng cách sử dụng lề xung quanh phần mở rộng của RigAttachment.,,,透過使用 RigAttachment 聯集的邊界，為虛擬人偶內範圍碰撞範圍大小和位置啟用不同演算法。
Studio.BetaFeatures.AssetImporterTitle,,,New Mesh Importer,New Mesh Importer,أداة استيراد Mesh جديدة,Neuer Mesh-Importer,Importador de recursos,Nouvelle importation de maillage,नया मेश इंपोर्टर,Importir Mesh Baru,Nuova importazione mesh,新規メッシュインポーター,새로운 메시 임포터,Nowe narzędzie do importowania siatki,Novo importador de malha,,เครื่องมือนำเข้าเมชใหม่,Yeni Mesh Aktarıcı,Trình Nhập Lưới Mới,,,新網格匯入器
Studio.BetaFeatures.AICODescription,,,"AI-Powered code completion in Studio Script Editor. Based on existing script and/or comments, AI code suggestion will be triggered automatically.","AI-Powered code completion in Studio Script Editor. Based on existing script and/or comments, AI code suggestion will be triggered automatically.",أداة الذكاء الاصطناعي لإكمال الكود في محرر النص البرمجي في Studio. بناءً على النص البرمجي و/أو التعليقات الحالية، سيتم تشغيل اقتراح الكود بالذكاء الاصطناعي تلقائيًا.,KI-gestützte Codevervollständigung im Skript-Editor von Studio. Basierend auf dem vorhandenen Skript und/oder den Kommentaren werden automatisch KI-Codevorschläge ausgelöst.,"Autocompletado impulsado por Inteligencia Artificial en el Editor de scripts de Studio. Basándose en script y comentarios existentes, la IA sugiere código de manera automática.","Complétion automatique alimentée par l'IA dans l'éditeur de script de Studio. Sur la base des scripts et des commentaires existants, l'IA suggère automatiquement du code.","Studio स्क्रिप्ट एडिटर में AI-पावर्ड कोड कंप्लीशन. मौजूदा स्क्रिप्ट और/या कमेंट के आधार पर, AI कोड सुझाव ऑटोमैटिक रूप से ट्रिगर हो जाएगा.","Penyelesaian kode yang didukung AI di Editor Skrip Studio. Berdasarkan skrip dan/atau komentar yang ada, saran kode AI akan aktif secara otomatis.","Editor di script con completamento del codice basato sull'intelligenza artificiale del codice in Studio. Basato su script esistenti e/o commenti, il suggerimento di codice AI verrà attivato automaticamente.",Studioのスクリプト編集でのAI駆動コード補完。既存のスクリプトまたはコメントに基づいて、AIによるコード提案が自動的に起動されます。　　,Studio 스크립트 편집기에서 제공되는 AI 기반 코드 완성 기능입니다. 기존 스크립트 및/또는 코멘트를 기반으로 AI 코드 제안이 자동으로 트리거됩니다.,Uzupełnianie kodu wspomagane przez AI w edytorze skryptów w Studio. Na podstawie istniejącego skryptu i/lub komentarzy automatycznie wyświetlane będą sugestie kodu wspomagane przez AI.,"Autocompletar de código feito por IA no Editor de script do Studio. Baseado em scripts existentes e/ou comentários, sugestões de código IA serão iniciados automaticamente.",,การเติมโค้ดให้สมบูรณ์ด้วย AI ในเครื่องมือแก้ไขสคริปต์ Studio คำแนะนำโค้ด AI จะทริกเกอร์โดยอัตโนมัติตามสคริปต์และ/หรือความคิดเห็นที่มีอยู่,Studio'nun Betik Düzenleyici'sinde yapay zekâ destekli kod tamamlama. Mevcut betikleri ve/veya yorumları temel alan yapay zekâ kod önerileri otomatik olarak tetiklenir.,"Gợi ý mã dựa trên AI trong Trình Biên Tập Lệnh Studio. Dựa trên tập lệnh và/hoặc bình luận hiện có, gợi ý mã dựa trên AI sẽ được kích hoạt tự động.",,,Studio 指令碼編輯器中的 AI 支援程式碼自動完成。根據現有的指令碼和/或註解，將會自動觸發 AI 程式碼建議。
Studio.BetaFeatures.CreateAssetAsyncDescription,,,Enables the use of AssetService:CreateAssetAsync and AssetService:CreateAssetVersionAsync for programatic upload of assets from Lua,Enables the use of AssetService:CreateAssetAsync and AssetService:CreateAssetVersionAsync for programatic upload of assets from Lua,تمكين استخدام AssetService:CreateAssetAsync وAssetService:CreateAssetVersionAsync للتحميل البرمجي للأصول من Lua,Aktiviert die Verwendung von AssetService:CreateAssetAsync und AssetService:CreateAssetVersionAsync für den programmatischen Upload von Objekten von Lua,Habilita el uso de AssetService:CreateAssetAsync y AssetService:CreateAssetVersionAsync para la carga programática de recursos de Lua,Active l'utilisation d'AssetService:CreateAssetAsync et AssetService:CreateAssetVersionAsync pour l'envoi programatique de contenus depuis Lua,"AssetService:CreateAssetAsync और AssetService:CreateAssetVersionAsync के इस्तेमाल को चालू करता है, ताकि Lua से ऐसेट का प्रोग्रामेटिक अपलोड किया जा सके",Mengaktifkan penggunaan AssetService:CreateAssetAsync dan AssetService:CreateAssetVersionAsync untuk melakukan upload terprogram atas aset dari Lua,Abilita l'uso di AssetService:CreateAssetAsync e AssetService:CreateAssetVersionAsync per il caricamento programmatico di risorse da Lua,Lua からのプログラムによるアセットのアップロードのための AssetService:CreateAssetAsync と AssetService:CreateAssetVersionAsync の使用を有効化,Lua에서 애셋을 프로그래밍 방식으로 업로드하기 위한 AssetService:CreateAssetAsync 및 AssetService:CreateAssetVersionAsync 사용을 활성화합니다.,Umożliwia wykorzystanie usług AssetService:CreateAssetAsync oraz AssetService:CreateAssetVersionAsync do programowego przesyłania zasobów ze środowiska Lua,Permite o uso do AssetService:CreateAssetAsync e AssetService:CreateAsAssetVersionAsync para upload programático de ativos a partir de Lua,,เปิดใช้งานการใช้ AssetService:CreateAssetAsync และ AssetService:CreateAssetVersionAsync สำหรับการอัปโหลดทางโปรแกรมของแอสเซท/ทรัพยากรจาก Lua,Lua varlıklarının programlı yüklemesi için AssetService:CreateAssetAsync ve AssetService:CreateAssetVersionAsync kullanımını etkinleştirir,Cho phép sử dụng AssetService:CreateAssetAsync và AssetService:CreateAssetVersionAsync để tải các tài sản lên từ Lua theo chương trình,,,允許使用 AssetService:CreateAssetAsync 和 AssetService:CreateAssetVersionAsync 從 Lua 以程式設計方式上傳素材
Studio.BetaFeatures.AssetImporterDescription,,,"Enable the new smart, unified Avatar and Mesh Importer","Enable the new smart, unified Avatar and Mesh Importer",تمكين أداة استيراد أفاتار وMesh الجديدة والذكية والموحدة,"Aktiviere den neuen intelligenten, vereinheitlichten Avatar- und Mesh-Importer",Activa el nuevo importador de recursos,Active la nouvelle importation intelligente et unifiée d'avatar et de maillage,"नए स्मार्ट, यूनिफ़ाइड अवतार और मेश इंपोर्टर को चालू करें",Mengaktifkan Importir Avatar dan Mesh terintegrasi cerdas yang baru,"Abilita la nuova, smart e integrata Importazione mesh e avatar",新しいスマートで統一されたアバターとメッシュインポーターを有効化,새로운 스마트 통합 아바타 및 메시 임포터를 활성화합니다.,"Włącz nowe, inteligentne, ujednolicone narzędzie do importowania awatara i siatki","Ativar o novo, inteligente e unificado importador de avatar e de malha",,เปิดใช้งานเครื่องมือนำเข้าอวาตาร์และเมชรวมแบบสมาร์ต,"Yeni, birleştirilmiş Avatar ve Mesh Aktarıcı'yı etkinleştir","Bật Trình Nhập Avatar và Lưới thông minh, hợp nhất mới",,,啟用全新的智慧型統一虛擬人偶和網格匯入器
Studio.BetaFeatures.CSGv2SmoothingTitle,,,Normal smoothing Beta,Normal smoothing Beta,الإصدار التجريبي لإزالة الحواف الزائدة العادية,Normalen-Glättung Beta,Alisado normal beta,Bêta smoothing normal,नॉर्मल स्मूथिंग बीटा,Pemulusan normal Beta,Levigazione normale beta,法線スムージングベータ版,법선 다듬기 베타,Normalne wygładzania w wersji beta,Suavização normal beta,,การปรับให้เรียบปกติเบต้า,Normal Pürüzsüzleştirme Beta,Làm mịn pháp tuyến Beta,,,法線平滑 Beta 測試
Studio.BetaFeatures.SaveToCloudV2Title,,,New Games in the Cloud,New Games in the Cloud,ألعاب جديدة في السحابة,Neue Spiele in der Cloud,Nuevos juegos en la nube,Nouveaux jeux dans le Cloud,क्लाउड में नए गेम्स,Game Baru di Cloud,Nuovi giochi nel cloud,クラウドにある新しいゲーム,클라우드 내 새로운 게임,Nowe gry w chmurze,Novos jogos na nuvem,,เกมใหม่ในคลาวด์,Bulutta yeni oyun,Trò Chơi Mới Trong Đám Mây,,,雲端上的新遊戲
Studio.BetaFeatures.ParticleFlipbooksTitle,,,Particle Flipbooks,Particle Flipbooks,دفتر صور الجسيمات,Partikel-Flipbooks,Folioscopios de partículas,Flipbooks de particules,पार्टिकल फ़्लिपबुक्स,Flipbook Partikel,Flipbook particellari,パーティクルのパラパラマンガ,파티클 플립북,Flipbooki cząstkowe,Partículas Flipbooks,,หนังสือกรีดอนุภาค,Parçacık Döngüleri,Sổ Lật Hạt,,,粒子翻書
Studio.BetaFeatures.PathfindingLinksDescription,,,Pathfinding link can be used to connect areas in the place which otherwise are unconnected.,Pathfinding link can be used to connect areas in the place which otherwise are unconnected.,يمكن استخدام رابط البحث عن المسار لربط المناطق في المكان التي تكون غير متصلة بطريقة أخرى.,"Pfadfindungslinks können verwendet werden, um Bereiche am Ort zu verbinden, die sonst nicht miteinander verbunden sind.",El enlace de búsqueda de rutas se puede utilizar para conectar áreas en el lugar que de otro modo no están conectadas.,Les liens de recherche de chemin permettent de relier les zones de l'emplacement qui sont séparées.,पाथफाइंडिंग लिंक का उपयोग उन एरिया को कनेक्ट करने के लिए किया जा सकता है जो अभी कनेक्ट नहीं हैं.,Tautan pathfinding bisa digunakan untuk menghubungkan area di tempat yang tidak terhubung.,I collegamenti di pathfinding possono essere usati per collegare aree di un luogo che non sono collegate tra loro.,経路探索リンクは、接続されていないプレースのエリアを接続するために使用できます。,경로 찾기 링크는 연결되지 않은 플레이스의 영역을 연결하는 데 사용할 수 있습니다.,"Linków do wyszukiwania ścieżek można używać do łączenia w ramach miejsca obszarów, które w przeciwnym razie nie byłyby połączone.",O link Pathfinding pode ser usado para conectar áreas no local que de outra forma não estejam ligadas.,,สามารถใช้จุดเชื่อมโยงการค้นหาเส้นทางในการเชื่อมต่อพื้นที่ในสถานที่ซึ่งยังไม่มีการเชื่อมต่อกัน,"Yol bulma bağlantıları, alanları bağlı olmadıkları yerlerden bağlamak için kullanılabilir.",Liên kết tìm đường có thể được dùng để kết nối các khu vực trong nơi mà chúng không được kết nối với nhau.,,,路徑搜尋連接可以用來連起地點中原本未連接的地點。
Studio.BetaFeatures.CSG4StudioDescription,,,"This beta feature improves the robustness and performance of solid modeling operations in Studio. These improvements are enabled when using the Solid modeling tools (Union, Intersect, Negate, Separate) or plugins that leverage the legacy CSG operation APIs (BasePart).","This beta feature improves the robustness and performance of solid modeling operations in Studio. These improvements are enabled when using the Solid modeling tools (Union, Intersect, Negate, Separate) or plugins that leverage the legacy CSG operation APIs (BasePart).",تعمل هذه الميزة التجريبية على تحسين متانة وأداء عمليات إنشاء النماذج الصلبة في Studio. يتم تمكين هذه التحسينات عند استخدام أدوات إنشاء النماذج الصلبة (وحدة، تقاطع، نفي، فصل) أو المكونات الإضافية التي تستفيد من واجهات برمجة تطبيقات تشغيل CSG القديمة (BasePart).,"Diese Beta-Funktion verbessert die Robustheit und Leistung von Körper-Modellierungsoperationen in Studio. Diese Verbesserungen werden aktiviert, wenn du die Körper-Modellierungstools (Verknüpfen, Überschneiden, Negieren, Trennen) oder Plugins verwendest, die die alten CSG-Operations-APIs (BasePart) nutzen.","Esta función beta mejora la robustez y el rendimiento de las operaciones de modelado sólido en Studio. Estas mejoras están habilitadas cuando se utilizan las herramientas de modelado sólido (Unión, Intersección, Negación, Separación) o plugins que aprovechan las API de operación CSG heredadas (BasePart).","Cette fonctionnalité bêta améliore la robustesse et les performances des opérations de modélisation solide dans Studio. Ces améliorations sont activées lors de l'utilisation des outils de modélisation solide (Union, Intersection, Négation, Séparation) ou des plugins qui exploitent les anciennes API d'opérations CSG (BasePart).","यह बीटा फ़ीचर Studio में सॉलिड मॉडलिंग ऑपरेशन की मज़बूती और परफ़ॉर्मेंस में सुधार करता है. ये सुधार सॉलिड मॉडलिंग टूल (यूनियन, इंटरसेक्ट, नेगेट, सेपरेट) या प्लग-इन का इस्तेमाल करते समय चालू होते हैं जो लेगसी CSG ऑपरेशन API (बेसपार्ट) का फ़ायदा उठाते हैं.","Fitur beta ini meningkatkan keunggulan dan performa operasi modeling padat di Studio. Penyempurnaan ini aktif ketika menggunakan Alat modeling padat (Penyatuan, Penyilangan, Peniadaan, Pemisahan) atau plugin yang memanfaatkan API operasi CSG lama (BasePart).","Questa funzionalità beta migliora la solidità e le prestazioni delle operazioni di modellazione dei solidi in Studio. Questi miglioramenti si attivano durante l'utilizzo degli strumenti di modellazione dei solidi (Unione, Intersecare, Negare, Separare) o dei plugin che sfruttano le API operative CSG legacy (BasePart).",このベータ機能により、Studio におけるソリッドモデル作成操作の堅牢性とパフォーマンスが向上します。 これらの改善事項は、旧型のCSG操作 API (BasePart) を活用したソリッドモデル作成ツール（ユニオン、交差、否定、分離）またはプラグインを使用する場合に有効になります。,"이 베타 기능은 Studio 내 솔리드 모델링 작업의 안정성과 성능을 개선합니다. 이러한 개선 사항은 솔리드 모델링 도구(통합, 교차, 무효화, 분리) 또는 기존 CSG 작업 API(BasePart)를 활용하는 플러그인을 사용할 때 활성화됩니다.","Ta funkcja w wersji beta zwiększa solidność i wydajność operacji związanych z modelowaniem brył w aplikacji Studio. Te usprawnienia są dostępne podczas korzystania z narzędzi do modelowania brył (połączenie, przecięcie, odwrócenie, oddzielenie) lub dodatków plug-in, w których używane są starsze interfejsy API operacji CSG (BasePart).","Este recurso beta melhora a robustez e desempenho das operações de modelagem sólida no Studio. Essas melhorias são ativadas ao usar ferramentas de modelagem sólidas (União, Interseção, Negar, Separar) ou plugins que alavancam as APIs de operação CSG (BasePart).",,"คุณสมบัติเบต้านี้จะปรับปรุงความแข็งแรงและประสิทธิภาพของกระบวนการการสร้างแบบจำลองของแข็ง ใน Studio การปรับปรุงเหล่านี้จะเปิดใช้งานเมื่อใช้เครื่องมือการสร้างแบบจำลองแข็ง (Union, Intersect, Negate, Separate) หรือปลั๊กอินที่ใช้ API การดำเนินการ CSG ที่ไม่ใช้แล้ว (BasePart)","Bu beta özelliği, Studio'daki katı modelleme işlemlerinin sağlamlığını ve performansını iyileştirir. Bu iyileştirmeler, Katı modelleme araçları (Birleştir, Kesiştir, Etkisizleştir, Ayır) veya eski Yapıcı Katı Geometri (CSG) işlevi API'larından (BasePart) faydalanan eklentiler kullanılırken etkinleşir.","Tính năng beta này tăng cường sức mạnh và hiệu năng của các hoạt động dựng mô hình dạng đặc trong Studio. Những cải tiến này được kích hoạt khi sử dụng các Công cụ dựng mô hình dạng đặc (Union, Intersect, Negate, Separate) hoặc các plugin sử dụng API hoạt động CSG cũ (BasePart).",,,此 Beta 測試功能可改善 Studio 中立體模型運算的強固性和效能。使用會利用舊版 CSG 運算 API（BasePart）的實體模型化工具（Union、Intersect、Negate、Separate）或外掛程式時，便會啟用這些改進。
Studio.BetaFeatures.ShowTagsInPropertiesDescription,,,Tags for selected instances can now be added and removed from the properties panel.,Tags for selected instances can now be added and removed from the properties panel.,يمكن الآن إضافة العلامات للحالات المحددة وإزالتها من لوحة الخصائص.,Tags für ausgewählte Instanzen können jetzt über das Eigenschaftsfenster hinzugefügt und entfernt werden.,Las etiquetas para las instancias seleccionadas ahora se pueden agregar y eliminar del panel de propiedades.,Les tags pour les instances sélectionnées peuvent maintenant être ajoutées et supprimées du panneau des propriétés.,चुने गए इंस्टैंस के लिए टैग को अब प्रॉपर्टी पैनल से जोड़ा और हटाया जा सकता है.,Tag untuk instance terpilih kini bisa ditambahkan dan dihapus dari panel properti.,I tag per le istanze selezionate possono ora essere aggiunti e rimossi dal pannello delle proprietà.,選択したインスタンスのタグを追加したり、プロパティパネルから削除したりできます。,이제 선택한 인스턴스의 태그를 속성 패널에서 추가하고 제거할 수 있습니다.,Na panelu właściwości można teraz dodawać i usuwać tagi wybranych instancji.,Marcadores para instâncias selecionadas agora podem ser adicionadas e removidas do painel de propriedades.,,แท็กของอินสแตนซ์ที่เลือก และขณะนี้สามารถเพิ่มและลบจากแผงคุณสมบัติได้แล้ว,Seçili örneklerin etiketleri artık özellikler panosundan eklenebilir ve kaldırılabilir.,Hạn hiện có thể thêm và bỏ thẻ cho các phiên bản được chọn khỏi bảng thuộc tính.,,,現在可以在屬性面板中為選定個體新增與移除標籤。
Studio.BetaFeatures.Details,,,Details,Details,التفاصيل,Details,Detalles,Détails,जानकारी,Detail,Dettagli,詳細,세부 정보,Szczegóły,Detalhes,,รายละเอียด,Ayrıntılar,Chi Tiết,,,詳情
Studio.BetaFeatures.AssetManagerDescription,,,"Manage your assets in a brand new widget, with new features. This replaces the Game Explorer.","Manage your assets in a brand new widget, with new features. This replaces the Game Explorer.",يمكنك إدارة أصولك من خلال أداة widget جديدة كليًا، مزوّدة بميزات جديدة. تحل هذه الأداة محل مستكشف الألعاب.,Verwalte deine Objekte in einem brandneuen Widget mit neuen Funktionen. Dies ersetzt den Game Explorer.,Gestiona tus recursos en un widget completamente nuevo y con funciones nuevas. Este reemplaza el Explorador del juego.,Gère tes assets dans un tout nouveau widget avec de nouvelles fonctionnalités. Il remplace l'explorateur de jeu.,"नए फ़ीचर्स के साथ, बिलकुल नए विजेट में अपने ऐसेट मैनेज करें. यह गेम एक्सप्लोरर की जगह लेता है.",Mengelola asetmu dalam widget baru dengan fitur baru. Fitur ini menggantikan Eksplorer Game.,"Gestisci le tue risorse in un widget tutto nuovo, con nuove funzionalità. Questo sostituisce Game Explorer.",新機能がついたまったく新しいウィジェットでアセットを管理。これはゲームエクスプローラを置き換えます。,새로운 기능이 있는 새 위젯으로 애셋을 관리합니다. 게임 탐색기를 대체하는 기능입니다.,Zarządzaj zasobami przy użyciu nowiutkiego widżetu z nowymi funkcjami. Zastąpi on eksplorator gier.,"Gerencie seu ativo em um novo widget, com novas funcionalidades. Isto substitui o Explorador de jogo.",,จัดการทรัพยากรของคุณในวิดเจ็ตใหม่ล่าสุดด้วยคุณสมบัติใหม่ๆ การดำเนินการนี้จะแทนที่การสำรวจในเกม,Varlıklarını yepyeni bir pencere öğesinde yeni özelliklerle yönet. Oyun Gezgini'nin yerini alır.,Quản lý tài sản của bạn trong một tiện ích hoàn toàn mới với các tính năng mới. Tính năng này sẽ thay thế cho Trình Khám Phá Game.,,,使用全新的小工具和功能管理您的素材。這將會取代遊戲總管。
Studio.BetaFeatures.UIStrokeDescription,,,"Enables the UIStroke instance, which adds highly customizable borders around the edges of text and UI objects.","Enables the UIStroke instance, which adds highly customizable borders around the edges of text and UI objects.",تمكين حالة UIStroke، التي تضيف حدودًا قابلة للتخصيص بدرجة كبيرة حول حواف النص وكائنات واجهة المستخدم.,"Aktiviert die Instanz UIStroke, die hochgradig anpassbare Rahmen um die Ränder von Text und UI-Objekten hinzufügt.","Activa la instancia UIStroke, que añade contornos altamente personalizables alrededor de los bordes del texto y de los objetos de la interfaz de usuario.","Active l'instance UIStroke, qui ajoute des bordures hautement personnalisables autour des bords du texte et des objets de l'interface utilisateur.","UIStroke इंस्टैंस को चालू करता है, जो टेक्स्ट और UI ऑब्जेक्ट के किनारों के चारों ओर पूरी तरह से कस्टमाइज़ करने लायक बॉर्डर जोड़ता है.","Mengaktifkan instance UIStroke, yang menambahkan batas yang bisa dikustomisasi di sekitar pinggiran teks dan objek UI.","Abilita l'istanza UIStroke, che aggiunge contorni altamente personalizzabili intorno ai bordi del testo e degli oggetti UI.",高度にカスタマイズ可能なテキストと UI オブジェクトの縁の周辺にある枠線を追加する UIStroke インスタンスを有効化。,UIStroke 인스턴스를 활성화하여 텍스트 및 UI 개체의 가장자리 주위에 고도의 사용자 정의가 가능한 테두리를 추가합니다.,"Umożliwia korzystanie z instancji UIStroke, dodającej wokół krawędzi tekstów i obiektów interfejsu obramowania, które można w dużym zakresie dostosować.","Habilita a instância UIStroke, que adiciona bordas altamente personalizáveis ao redor de bordas de texto e objetos de interface.",,เปิดใช้งานอินสแตนซ์ UIStroke ซึ่งจะเพิ่มขอบที่ปรับแต่งได้อย่างสูงรอบขอบที่ปรับแต่งได้รอบขอบของข้อความและวัตถุ UI,Metinlerin ve UI nesnelerinin kenarlarına yüksek derecede özelleştirilebilir sınırlar ekleyen UIStroke özelliğini etkinleştirir.,Bật phiên bản UIStroke để bổ sung đường viền có khả năng tùy chỉnh cao quanh các cạnh của văn bản và đối tượng UI.,,,啟用 UIStroke 個體，其會在文字和 UI 物件的邊緣加上高度自訂化的邊框。
Studio.BetaFeatures.LuauNativeCodegenTitle,,,Luau Native Code,Luau Native Code,كود Luau الأصلي,Nativer Luau-Code,Código nativo de Luau,Code natif de Luau,Luau का नेटिव कोड,Kode Bawaan Luau,Codice nativo di Luau,Luau ネイティブコード,Luau 네이티브 코드,Kod natywny Luau,Código nativo Luau,,โค้ดดั้งเดิม Luau,Yerleşik Luau Kodu,Mã Gốc Luau,,,Luau 原生程式碼
Studio.BetaFeatures.VREmulatorDescription,,,"Enable this feature to simulate a VR runtime environment, including headset and inputs, without needing a physical VR setup.","Enable this feature to simulate a VR runtime environment, including headset and inputs, without needing a physical VR setup.",تمكين هذه الميزة لمحاكاة بيئة وقت تشغيل الواقع الافتراضي، بما في ذلك سماعة الرأس والمدخلات، دون الحاجة إلى إعداد واقع افتراضي فعلي.,"Aktiviere diese Funktion, um eine VR-Laufzeitumgebung zu simulieren, einschließlich Kopfhörer und Eingänge, ohne ein physikalisches VR-Setup zu benötigen.","Activa esta función para simular un entorno de tiempo de ejecución RV, incluyendo audífonos y entradas, sin necesidad de una configuración física de RV.","Active cette fonctionnalité pour simuler un environnement d'exécution VR, y compris les écouteurs et les entrées, sans avoir besoin d'une configuration VR physique.","फ़िज़िकल VR सेटअप के बिना ही, VR रनटाइम एनवायरनमेंट को सिम्युलेट करने के लिए इस फ़ीचर को चालू करें. इस एनवायरनमेंट में हेडसेट और इनपुट भी शामिल हैं.","Aktifkan fitur ini untuk melakukan simulasi lingkungan runtime VR, termasuk headset dan input, tanpa memerlukan pengaturan VR fisik.","Abilita questa funzione per simulare un ambiente di esecuzione VR, inclusi auricolari e ingressi, senza bisogno di configurarne uno reale.",この機能を有効にすると、物理的なVR設定を必要とせずにヘッドセットや入力を含むVRランタイム環境をシミュレーションできます。,이 기능을 활성화하면 실제 VR 설정 없이도 헤드셋 및 입력 등을 포함한 VR 런타임 환경을 시뮬레이션할 수 있습니다.,"Włącz tę funkcję, aby korzystać z symulacji środowiska uruchomieniowego VR z uwzględnieniem zestawu słuchawkowego i danych wejściowych, bez konieczności korzystania z fizycznej konfiguracji VR.","Habilite este recurso para simular um ambiente de tempo de execução de RV, incluindo headset e inputs, sem a necessidade de uma configuração de RV física.",,เปิดใช้งานฟีเจอร์นี้เพื่อจำลองสภาพแวดล้อม VR รันไทม์รวมถึงชุดเฮดเซ็ทและการป้อนข้อมูล โดยที่ไม่จำเป็นต้องใช้อุปกรณ์ VR จริง,Gerçek bir VR sistemine ihtiyaç duymadan kulaklık ve girişler de dâhil olacak şekilde sanal bir VR çalışma zamanı ortamı oluşturmak için bu özelliği etkinleştir.,"Bật tính năng này để mô phỏng môi trường thời gian chạy VR, bao gồm cả tai nghe và thông tin đầu vào mà không cần thiết lập môi trường VR vật lý.",,,啟用此功能以在不需要實體 VR 設備的情況下模擬 VR 執行階段環境，包含頭戴式裝置和輸入。
Studio.BetaFeatures.AssetManagerTitle,,,Asset Manager,Asset Manager,مدير الأصول,Asset Manager,Gestor de recursos,Gestionnaire de contenus,ऐसेट मैनेजर,Manajer Aset,Gestore risorse,アセット管理,애셋 관리자,Menedżer zasobów,Gerenciador de ativos,,เครื่องมือจัดการแอสเซท,Varlık Yöneticisi,Trình Quản Lý Tài Sản,,,素材管理器
Studio.BetaFeatures.LuauNativeCodegenDescription,,,Enable native code generation for Luau modules tagged with --!native.,Enable native code generation for Luau modules tagged with --!native.,تمكين إنشاء الأكواد الأصلية لوحدات Luau الموسومة بـ ‎--!native.,"Aktiviere die Generierung von nativem Code für Luau-Module, die mit --!native getaggt sind.",Activa la generación de código nativo para los módulos de Luau etiquetados con --!native.,Activer la génération de code natif pour les modules Luau étiquetés avec --!native.,"नेटिव से टैग किए गए Luau मॉड्यूल के लिए, नेटिव कोड जेनरेशन चालू करें.",Mengaktifkan pembuatan kode native untuk modul Luau yang memiliki tag --!native.,Abilita la generazione di codice nativo per i moduli Luau etichettati con --!native.,--!native でタグ付けされた Luau モジュールのネイティブコード生成を有効にします。,--!native 태그가 지정된 Luau 모듈에 대해 네이티브 코드 생성을 활성화합니다.,Włącz generowanie kodu natywnego dla modułów Luau z tagiem --!native.,Habilite a geração de código nativo para módulos Luau marcados com --!native.,,เปิดใช้งานการสร้างโค้ดดั้งเดิมของโมดูล Luau ที่ได้รับการติดแท็กด้วย --!native,--!native etiketli Luau modülleri için yerleşik kod oluşturmayı etkinleştir.,Cho phép tạo mã gốc cho các mô-đun Luau được gắn thẻ với --!native.,,,為具有 --!native 標籤的 Luau 模組啟用原生程式碼產生。
Studio.BetaFeatures.MultilayerWrapFixTitle,,,Multilayer Wrap Fix,Multilayer Wrap Fix,إصلاح التفاف متعدد الطبقات,Korrektur für mehrschichtige Kleidung,Corrección de ajuste multicapa,Fixation par enveloppement multicouche,मल्टीलेयर रैप फ़िक्स,Perbaikan Wrap Multilayer,Correzione dell'avvolgimento multistrato,重ね着ラップ修正,멀티레이어 래핑 수정,Poprawka zawijania wielu warstw,Correção de encapsulamento multicamadas,,การแก้ไขการตัดหลายชั้น,Çok Katmanlı Sarma Düzeltmeleri,Sửa Lỗi Quấn Nhiều Lớp,,,多層次包覆修正
Studio.BetaFeatures.NewCameraControlsTitle,,,New Studio Camera Controls,New Studio Camera Controls,عناصر تحكم جديدة في كاميرا Studio,Neue Studio-Kamerasteuerung,Nuevos controles de cámara de Studio,Nouveaux contrôles de la caméra Studio,नए स्टूडियो कैमरा कंट्रोल,Kontrol Kamera Studio Baru,Nuovi controlli della videocamera per Studio,新しいStudioカメラ操作,새로운 Studio 카메라 제어,Nowe elementy sterujące kamerą w Studio,Novos controles de câmera do Studio,,การควบคุมกล้อง Studio ใหม่,Yeni Studio Kamera Kontrolleri,Điều Khiển Camera Mới Trong Studio,,,新 Studio 攝影機控制
Studio.BetaFeatures.StudioNotifications,,,Notification Overhaul,Notification Overhaul,إصلاح الإشعارات,Benachrichtigungsüberarbeitung,Revisión de notificación,Refonte des notifications,नोटिफ़िकेशन ओवरहॉल,Perombakan Notifikasi,Revisione delle notifiche,通知機能のリニューアル,알림 기능 개편,Restrukturyzacja powiadomień,Revisão de notificação,,ปรับปรุงการแจ้งเตือน,Bildirim Yenilemesi,Sửa Đổi Thông Báo,,,通知重新設計
Studio.BetaFeatures.ClarifiedIKDraggersDescription,,,Enables a new clarified UI for IK/Constraint/Physical draggers and adds a new behavior to the select dragger when in Physical mode,Enables a new clarified UI for IK/Constraint/Physical draggers and adds a new behavior to the select dragger when in Physical mode,تمكين واجهة مستخدم جديدة واضحة لأدوات سحب الحركة العكسية/القيود/الوضع المادي وإضافة سلوك جديد إلى أداة السحب المحددة عندما تكون في الوضع المادي,"Aktiviert eine neue, klarere UI für IK/Beschränkung/physische Dragger und fügt dem Auswahl-Dragger ein neues Verhalten hinzu, wenn er sich im Modus Physisch befindet",Activa una nueva interfaz más clara para los arrastramientos de cinemática inversa/restricción/física y añade un comportamiento nuevo al arrastrador seleccionado cuando está en modo Físico,Active une nouvelle interface utilisateur plus claire pour les glisseurs IK/Contrainte/Physique et ajoute un nouveau comportement au glisseur de sélection lorsqu'il est en mode physique,IK/कंस्ट्रेंट/फ़िज़िकल ड्रैगर के लिए एक नया स्पष्ट UI चालू करता है और फ़िज़िकल मोड में होने पर चुनिंदा ड्रैगर में एक नया बिहेवियर जोड़ता है,Mengaktifkan UI baru yang telah diperjelas untuk penyeret IK/Constraint/Fisik dan menambahkan perilaku baru ke penyeret pilihan saat berada dalam mode Fisik,Abilita una nuova interfaccia utente semplificata per i dragger IK/vincolo/fisici e aggiunge una nuova funzionalità al dragger di selezione quando è in modalità fisica,IK/拘束/物理ドラッガーのための新規の明確化されたUI、そして物理モードのときの選択ドラッガーにとって新規の動作を追加,IK/제약/물리 드래거에 대해 명확해진 새 UI를 활성화하고 물리 모드 시 선택한 드래거에 새 동작을 추가합니다.,"Umożliwia korzystanie z nowego, bardziej przejrzystego interfejsu narzędzi do przeciągania (kinematyki odwrotnej/ograniczeń/fizycznych) i dodaje nowe zachowania wybranego narzędzia do przeciągania używanego w trybie fizycznym.",Habilita uma nova interface mais clara para os arrastes de cinemática inversa/restrições/física e adiciona um novo comportamento ao arraste selecionado quando em modo físico,,เปิดใช้งาน UI ที่ชี้แจงใหม่ของ IK/Constraint/เครื่องมือลากกายภาพ และเพิ่มพฤติกรรมใหม่ไปยังเครื่องมือลากที่เลือกเมื่ออยู่ในโหมดกายภาพ,Ters Kinematik (IK)/Kısıtlama/Fiziksel sürükleme araçları için yeni ve açıklık kazanmış bir görünüm sunar ve fiziksel moddayken seçili sürükleme aracı için yeni davranış ekler,Bật UI được tinh chỉnh mới cho các công cụ kéo IK/Ràng Buộc/Vật Lý và thêm hành vi mới cho công cụ kéo được chọn khi ở chế độ Vật Lý,,,啟用適用於 IK/限制式/物理拖曳器的全新改良 UI，並新增選取拖曳器在物理模式下的行為
Studio.BetaFeatures.NewExperiencesEnableTeamCreateDescNew,,,New experiences created in Studio are immediately saved to Roblox and have Team Create enabled by default.,New experiences created in Studio are immediately saved to Roblox and have Team Create enabled by default.,"يتم حفظ التجارب الجديدة التي تم إنشاؤها في Studio على الفور في منصة Roblox ويتم تمكين استخدام أداة ""إنشاء فريق"" افتراضيًا.","Neue Experiences, die in Studio erstellt werden, werden sofort auf Roblox gespeichert und haben standardmäßig Team Create aktiviert.",Las nuevas experiencias creadas en Studio se guardan inmediatamente en Roblox y tienen la función Creación en equipo activada por defecto.,Les nouvelles expériences créées dans Studio sont immédiatement enregistrées dans Roblox et Création en équipe a été activé par défaut.,Studio में बनाए गए नए एक्सपीरियंस तुरंत Roblox में सेव हो जाते हैं और टीम क्रिएट को डिफ़ॉल्ट रूप से चालू कर देते हैं.,Pengalaman virtual baru yang dibuat di Studio langsung disimpan di Roblox dan Kreasi Bersama otomatis aktif.,Le nuove esperienze create in Studio vengono immediatamente salvate su Roblox e hanno Creazione di squadra abilitata per impostazione predefinita.,Studioで新しいバーチャル空間が制作されると、すぐに Roblox に保存され、デフォルトでチーム制作機能がオンになります。,Studio에서 제작한 새로운 체험이 즉시 Roblox에 저장되며 기본적으로 팀 제작이 활성화됩니다.,Nowe projekty tworzone w Studio są od razu zapisywane na platformie Roblox i domyślnie włączona jest w nich funkcja tworzenia zespołowego.,Novas experiências no Studio são imediatamente salvas na Roblox e por padrão ativam a Criação em equipe.,,ประสบการณ์ใหม่ที่สร้างใน Studio ได้รับการบันทึกไปยัง Roblox ในทันที และทำให้การสร้างร่วมกับเพื่อนเปิดใช้งานตามค่าเริ่มต้น,Studio'da oluşturulan yeni deneyimler hemen Roblox'a kaydedilir ve bu deneyimlerde Takım Çalışması özelliği varsayılan olarak etkinleştirilir.,Hệ thống sẽ lưu ngay lập tức những trải nghiệm mới được tạo trong Studio vào Roblox và bật tính năng Tạo Đội theo mặc định.,,,在 Studio 中建立的新體驗將會立刻儲存到 Roblox 並預設啟用團隊創作。
Studio.BetaFeatures.ScriptEditorApiTitle,,,Script Editor API,Script Editor API,واجهة API لمحرر البرنامج النصي,Skript-Editor-API,API del Editor de scripts,API de l'éditeur de script,स्क्रिप्ट एडिटर API,API Editor Skrip,API dell'editor di script,スクリプト編集 API,스크립트 편집기 API,Interfejs API edytora skryptów,API de editor de script,,API เครื่องมือแก้ไขสคริปต์,Betik Düzenleyici API'ı,API Trình Biên Tập Lệnh,,,指令碼編輯器 API
Studio.BetaFeatures.AttributesUITitle,,,Attributes Beta,Attributes Beta,الإصدار التجريبي للسمات,Attribute Beta,Atributos beta,Attributs Bêta,एट्रिब्यूट्स बीटा,Atribut Beta,Attributi beta,属性ベータ,특성 베타,Atrybuty w wersji beta,Atributos beta,,คุณลักษณะเบต้า,Nitelikler Beta,Thuộc Tính Beta,,,屬性 Beta 測試
Studio.BetaFeatures.CanvasGroupTitle,,,Canvas Group,Canvas Group,مجموعة اللوحة,Leinwandgruppe,Grupo de lienzo,Groupe de toile,कैनवस ग्रुप,Grup Kanvas,Gruppo canvas,キャンバスグループ,캔버스 그룹,CanvasGroup,Grupo Canvas,,กลุ่ม Canvas,Tuval Grubu,Nhóm Canvas,,,畫布群組
Studio.BetaFeatures.ClarifiedIKDraggersTitle,,,New Physical Draggers,New Physical Draggers,أدوات السحب المادية الجديدة,Neue physische Dragger,Nuevos arrastramientos físicos,Nouveaux glisseurs physiques,न्यू फ़िजिकल ड्रैगर्स,Penyeret Fisik Baru,Nuovi dragger fisici,新規物理デバッガー,새로운 물리 드래거,Nowe fizyczne narzędzia do przeciągania,Novos arrastes físicos,,เครื่องมือลากกายภาพใหม่,Yeni Fiziksel Sürükleme Araçları,Công Cụ Kéo Vật Lý Mới,,,全新物理拖曳器
Studio.BetaFeatures.OneClickCollaborateDescription,,,"A new ""Collaborate"" button that enables you to immediately add, view, or manage collaborators and their permissions for your game. If collaborators are added, Team Create is turned on so that you can work together with your friends.","A new ""Collaborate"" button that enables you to immediately add, view, or manage collaborators and their permissions for your game. If collaborators are added, Team Create is turned on so that you can work together with your friends.","زر ""تعاون"" جديد يُمكنك من إضافة المتعاونين أو عرضهم أو إدارتهم وإدارة أذوناتهم في اللعبة على الفور. إذا تمت إضافة المتعاونين، فسيتم تشغيل ""إنشاء فريق"" لتمكينك من العمل مع أصدقائك.","Eine neue Schaltfläche ""Zusammenarbeit"", mit der du sofort Mitwirkende und deren Berechtigungen für dein Spiel hinzufügen, anzeigen oder verwalten kannst. Wenn Mitwirkende hinzugefügt werden, wird Team Create aktiviert, damit du mit deinen Freunden zusammenarbeiten kannst.","El nuevo botón Colaborar te permite agregar, ver o administrar inmediatamente los colaboradores y sus permisos para tu experiencia. Si añades colaboradores, Creación en equipo se activa para que puedas trabajar juntos con tus amigos.","Un nouveau bouton ""Collaborer"" qui te permet d'ajouter, d'afficher ou de gérer immédiatement les collaborateurs et leurs autorisations pour ton jeu. Si des collaborateurs sont ajoutés, l'option Créer une équipe est activée pour que tu puisses travailler avec tes amis.","एक नया ""कोलैबरेट करें"" बटन जिससे अपने गेम के लिए कोलैबरेटर और उनकी परमिशंस तुरंत जोड़ी जा सकती हैं, देखी जा सकती हैं या मैनेज की जा सकती हैं. अगर कोलैबरेटर जोड़े जाते हैं, तो टीम क्रिएट चालू हो जाता है ताकि आप अपने दोस्तों के साथ मिलकर काम कर सकें.","Tombol ""Kolaborasi"" baru yang membuatmu bisa langsung menambahkan, melihat, atau mengelola kolaborator, berikut izinnya, untuk game kamu. Jika kolaborator ditambahkan, Kreasi Bersama akan aktif sehingga kamu dan teman-temanmu bisa bekerja sama.","Un nuovo pulsante ""Collabora"" che consente di aggiungere, visualizzare o gestire immediatamente i collaboratori e le loro autorizzazioni per il tuo gioco. Se si aggiungono collaboratori, Creazione di squadra è attivato in modo da poter lavorare insieme ai tuoi amici.",新しい「共同作業」ボタンを使うと、すぐにあなたのゲームの共同制作者と権限を追加したり、表示したり、管理できるようになり、管理したりできるようになります。共同制作者を追加すると、友達と一緒に作業できるように、チーム制作機能がオンになります。,"게임에 대한 공동 작업자 및 권한을 즉시 추가, 확인, 관리할 수 있는 새로운 '공동 작업' 버튼입니다. 공동 작업자를 추가하면 친구와 함께 작업할 수 있도록 팀 제작이 켜집니다.","Nowy przycisk „Współpraca”, który umożliwia natychmiastowe dodawanie i przeglądanie współtwórców oraz zarządzanie nimi i ich uprawnieniami w grze. Po dodaniu współtwórców włączone zostaje tworzenie zespołowe umożliwiające pracowanie wspólnie ze znajomymi.","Um novo botão ""Colaborar"" que permite que você adicione, veja ou gerencie imediatamente os colaboradores e suas permissões para o seu jogo. Se os colaboradores forem adicionados, a Criação em equipe será ativada para que você possa trabalhar em conjunto com suas amizades.",,"ปุ่มการ ""ทำงานร่วมกัน"" ใหม่ที่ช่วยให้คุณสามารถเพิ่ม, ดู หรือจัดการผู้ร่วมงานและสิทธิ์ของพวกเขาที่มีต่อเกมของคุณได้ในทันที หากมีการเพิ่มผู้ร่วมงานเข้ามา การสร้างร่วมกับเพื่อนจะเปิดเพื่อให้คุณสามารถทำงานร่วมกันกับเพื่อนๆ ของคุณได้","Oyununa ortak çalışan eklemene, ortak çalışanları ve izinlerini görüntülemene ve yönetmene olanak sağlayan yeni ""Ortak çalışma"" düğmesi. Ortak çalışan eklendiğinde arkadaşlarınla birlikte çalışabilmen için Takım Çalışması etkinleştirilir.","Nút ""Hợp tác"" mới cho phép bạn ngay lập tức thêm, xem hoặc quản lý người hợp tác và quyền của họ đối với trò chơi của bạn. Nếu thêm người hợp tác, tính năng Tạo Đội sẽ được bật để bạn có thể làm việc cùng với bạn bè của mình.",,,新的「協作」按鈕可以讓您立刻新增、查看或管理遊戲的協作者及其權限。若新增協作者，系統將會開啟團隊創作，使您能夠與好友一起創作。
Studio.BetaFeatures.ConversationalAITitleUpdated2,,,Assistant Preview,Assistant Preview,معاينة المساعد,Assistentenvorschau,Vista previa de Asistente,Assistant prévisualisation,असिस्टेंट प्रीव्यू,Pratinjau Assistant,Anteprima assistente,アシスタントのプレビュー,어시스턴트 미리 보기,Podgląd asystenta,Pré-visualização do Assistente,,ดูตัวอย่างผู้ช่วย,Asistan Ön İzlemesi,Xem Trước Trợ Lý,,,助理預覽
Studio.BetaFeatures.ScriptEditorLintTitle,,,Script Editor Linting,Script Editor Linting,تدقيق محرر البرنامج النصي,Skript-Editor-Linting,Linting del Editor de script,Linting de l'Éditeur de scripts,स्क्रिप्ट एडिटर लिंटिंग,Linting Editor Skrip,Linting editor di script,スクリプト編集Lintチェック,스크립트 편집기 Lint 수행,Linting w edytorze skryptów,Linting do Editor de script,,Linting เครื่องมือแก้ไขสคริปต์,Betik Düzenleyici'de Linting,Kiểm Lỗi Trình Biên Tập Lệnh,,,指令碼編輯器 Lint
Studio.BetaFeatures.NotchedScreenSupportTitle,,,Notched Screen Support,Notched Screen Support,دعم الشاشة ذات النتوء (نوتش),Unterstützung für Bildschirme mit Aussparungen,Soporte para pantalla con muesca,Prise en charge des écrans à encoche,नॉच्ड स्क्रीन सपोर्ट,Dukungan Layar Notch,Supporto per schermo con notch,ノッチスクリーン対応,노치 스크린 지원,Obsługa ekranów z wycięciem,Suporte a tela com câmera embutida (notch),,รองรับหน้าจอที่มีช่องเว้นสำหรับกล้องหน้า,Çentikli Ekran Desteği,Hỗ Trợ Màn Hình Notch,,,瀏海螢幕支援
Studio.BetaFeatures.NotchedScreenSupportDescription,,,"Add new emulation devices with non-rectangular aka ""notched"" screens.","Add new emulation devices with non-rectangular aka ""notched"" screens.",أضِف أجهزة محاكاة جديدة بشاشات غير مستطيلة، تُعرف أيضًا بالشاشات ذات النتوء (نوتش).,"Füge neue Emulationsgeräte mit nicht-rechteckigen Bildschirmen, sogenannten ""Notches"" oder Display-Aussparungen, hinzu.","Añade nuevos dispositivos de emulación con pantallas no rectangulares conocidas como ""muescas"".","Ajout de nouveaux dispositifs d'émulation avec des écrans non rectangulaires, dits ""à encoche"".","गैर आयताकार उर्फ़ ""नॉच्ड"" स्क्रीन के साथ नकल करने वाले नए डिवाइस जोड़ें.","Menambahkan perangkat emulasi dengan layar yang tidak berbentuk persegi, alias layar yang memiliki ""notch"".","Aggiungi nuovi dispositivi di emulazione con schermi non rettangolari, ovvero con notch.",長方形ではない「ノッチ」スクリーンで新しい仮想化デバイスを追加。,직사각형이 아닌 '노치' 스크린이 있는 새 에뮬레이션 기기를 추가합니다.,"Dodaje do emulacji nowe urządzenia z ekranami nieprostokątnymi, czyli tzw. ekranami z wycięciem.","Adicionar novos dispositivos de emulação com telas não retangulares tipo ""notched"" (câmera embutida na tela).",,"เพิ่มอุปกรณ์การจำลองใหม่ที่มีหน้าจอไม่เป็นสี่เหลี่ยมผืนผ้าหรือ ""มีช่องเว้นสำหรับกล้องหน้า""","""Çentikli"" ekran olarak da bilinen, dikdörtgen olmayan ekranlara sahip yeni öykünme cihazları ekler.","Thêm thiết bị mô phỏng mới có màn hình không phải hình chữ nhật hay còn gọi là màn hình ""notch"".",,,新增擁有非長方形（也就是「瀏海」）螢幕的模擬裝置。
Studio.BetaFeatures.ShowTagsInPropertiesTitle,,,Tags in Properties,Tags in Properties,العلامات في الخصائص,Tags in Eigenschaften,Etiquetas en Propiedades,Tags dans les propriétés,प्रॉपर्टी में टैग,Label di Properti,Etichette in proprietà,プロパティのタグ,속성 태그,Tagi we właściwościach,Marcadores em propriedades,,แท็กในคุณสมบัติ,Özelliklerden Etiketler,Thẻ trong Thuộc Tính,,,屬性中的標籤
Studio.BetaFeatures.UGCBodiesAndHeadsDescription,,,"Import UGC bodies and heads, preview them with the Avatar Previewer, and upload them to the Marketplace.","Import UGC bodies and heads, preview them with the Avatar Previewer, and upload them to the Marketplace.",استيراد أجسام ورؤوس من إنشاء المستخدمين، ومعاينتها باستخدام مستعرض الأفاتار، ورفعها إلى المتجر.,"UGC-Körper und -Köpfe importieren, sie mit Avatar-Vorschau anzeigen und auf den Marktplatz hochladen.","Importa cuerpos y cabezas UGC, previsualízalos con el Previsualizador de avatar, y cárgalos al Mercado.","Importe des corps et des têtes UGC, prévisualise-les avec l'aperçu d'avatar et télécharge-les sur le Marketplace.","UGC (यूज़र जेनरेटेड कॉन्टेंट) बॉडी और हेड को इंपोर्ट करें, अवतार प्रीव्यू के साथ उन्हें प्रीव्यू करें और मार्केटप्लेस में अपलोड करें.","Mengimpor tubuh dan kepala UGC, melakukan pratinjau dengan preview Avatar, lalu upload ke Marketplace.","Importa corpi e teste UGC, visualizzali in anteprima con l'anteprima dell'avatar e caricali sul mercato.",UGCのボディと頭をインポートしてアバタープレビュー機能でプレビューしてから、マーケットプレイスにアップロードします。,"UGC 신체 및 머리를 가져오고, 아바타 미리 보기로 미리 보고, 마켓플레이스에 업로드합니다.","Zaimportuj ciała i głowy ZGU, przejrzyj je w oknie podglądu awatara i prześlij je na rynek.","Importe corpos e cabeças CGU, pré-visualize-os com o Pré-visualizador de avatares e envie-os para o Mercado.",,"นำเข้าเนื้อหาและหัวข้อ UGC, ดูตัวอย่างด้วยเครื่องมือดูตัวอย่างอวาตาร์ และอัปโหลดไปยังมาร์เก็ตเพลส","Kullanıcı tarafından oluşturulmuş vücutları ve kafaları içe aktar, bunları Avatar Ön İzleme Aracı ile ön izle ve Pazar Yeri'ne yükle.","Nhập cơ thể và đầu STTNC, xem trước bằng Trình Xem Trước Avatar và tải chúng lên Chợ.",,,匯入 UGC 身體與頭部，使用虛擬人偶預覽工具加以預覽，並將它們上傳至市集。
Studio.BetaFeatures.NewExplorerFilteringDescription,,,"Search by properties, tags, parents, and more.","Search by properties, tags, parents, and more.",البحث حسب الخصائص والأوسمة والأصول والمزيد.,"Suche nach Eigenschaften, Tags, übergeordneten Elementen und mehr.","Buscar por propiedades, etiquetas, padres, y más.","Rechercher par propriétés, tags, parents, et plus encore.","प्रॉपर्टी, टैग, माता-पिता वगैरह के आधार पर खोजें.","Cari berdasarkan properti, label, induk, dan lainnya.","Ricerca per proprietà, tag, genitori e altro ancora.",プロパティ、タグ、親などでサーチ。,"속성, 태그, 부모 등으로 검색합니다.","Wyszukiwanie według właściwości, tagów, elementów nadrzędnych i nie tylko.","Buscar por propriedades, marcadores, pais e mais.",,"ค้นหาโดยคุณสมบัติ, แท็ก, พ่อแม่ และอื่นๆ อีกมากมาย","Özellik, etiket, üst öğe ve çok daha fazlasını ara.","Tìm kiếm theo thuộc tính, thẻ, phụ huynh và hơn thế nữa.",,,依屬性、標籤、父項目等條件搜尋。
Studio.BetaFeatures.UIListLayoutFlexTitle,,,UIListLayout Flex Features,UIListLayout Flex Features,ميزات UIListLayout Flex,UIListLayout Flex-Funktionen,Funciones flexibles de UIListLayout,Fonctionnalités UIListLayout Flex,UIListLayout फ़्लेक्स के फ़ीचर,Fitur Flex UIListLayout,Funzionalità UIListLayout Flex,UIListLayout フレックス機能,UIListLayout 플렉스 기능,Funkcje elastyczne UIListLayout,Funcionalidades UIListLayout Flex,,คุณสมบัติเฟล็กซ์ UIListLayout,Esnek UIListLayout Özellikleri,Các Tính Năng Linh Hoạt Của UIListLayout,,,UIListLayout 彈性功能
Studio.BetaFeatures.AICOTitle,,,AI-Powered Code Completion,AI-Powered Code Completion,أداة ذكاء اصطناعي لإكمال الكود,KI-unterstützte Codevervollständigung,Autocompletado impulsado por Inteligencia Artificial,Complétion de code par l'IA,AI-पावर्ड कोड कंप्लीशन,Penyelesaian Kode yang Didukung AI,Completamento del codice basato sull'intelligenza artificiale,AI駆動コード補完,AI 기반 코드 완성,Uzupełnianie kodu wspomagane przez AI,Autocompletar feito por IA,,การเติมโค้ดให้สมบูรณ์ด้วย AI,Yapay Zekâ Destekli Kod Tamamlama,Gợi Ý Mã Dựa Trên AI,,,AI 支援程式碼自動完成
Studio.BetaFeatures.ConversationalAIDescriptionWithMaterials2,,,"Enable an experimental AI-powered Assistant to help you create experiences faster by answering questions, generating and explaining code, and creating new materials.","Enable an experimental AI-powered Assistant to help you create experiences faster by answering questions, generating and explaining code, and creating new materials.",قم بتمكين المساعد المدعوم بالذكاء الاصطناعي التجريبي لمساعدتك في إنشاء تجارب بطريقة أسرع من خلال الإجابة عن الأسئلة، وإنشاء الكود وشرحه، بالإضافة إلى إنشاء مواد جديدة.,"Aktiviere einen experimentellen KI-gestützten Assistenten, der dir hilft, Experiences schneller zu erstellen, indem er Fragen beantwortet, Code generiert und erklärt und neue Materialien erstellt.","Activa el Asistente IA experimental para ayudarte a crear experiencias más rápidas respondiendo a preguntas, generando y explicando código, y creando nuevos materiales.","Active un Assistant expérimental IA pour t'aider à créer des expériences plus rapidement en répondant aux questions, en générant et en expliquant du code et en créant de nouveaux matériaux.","AI-पावर्ड असिस्टेंट को चालू करके जल्दी एक्सपीरिएंस बनाने में मदद पाएँ. यह असिस्टेंट आपके सवालों के जवाब देगा, कोड जेनरेट करके उसे समझाएगा और नए मटीरियल क्रिएट करेगा.","Mengaktifkan Assistant eksperimental yang didukung AI untuk membantumu membuat pengalaman virtual lebih cepat dengan menjawab pertanyaan, membuat dan menjelaskan kode, serta membuat material baru.","Abilita un assistente con AI sperimentale per aiutarti a creare le esperienze più velocemente, rispondendo alle domande, generando e spiegando il codice e creando nuovi materiali.",試験的なAI駆動アシスタントを有効にすると、質問に答えたり、コードを生成や説明をしたり、新しい素材を作成したりして、より迅速にバーチャル空間を制作できるようになります。,"질문에 답하고, 코드를 생성 및 설명하고, 새로운 자료를 제작해 더 빠르게 체험을 만들 수 있도록 도와주는 실험용 AI 기반 어시스턴트를 활성화합니다.","Włącz eksperymentalnego asystenta wspomaganego przez AI, który pomoże ci w szybszym tworzeniu projektów, odpowiadając na pytania, generując i objaśniając kod oraz tworząc nowe materiały.","Ativa um Assistente experimental potencializado por IA para ajudar a criar experiências mais rápido, respondendo a perguntas, gerando e explicando o código e criando novos materiais.",,"เปิดใช้งานผู้ช่วย AI ทดลองเพื่อช่วยให้คุณสร้างประสบการณ์ได้รวดรวดเร็วขึ้นด้วยการตอบคำถาม, การสร้างกับการอธิบายโค้ด และการสร้างวัสดุใหม่ๆ","Soruları yanıtlayarak, kod yazarak ve açıklayarak ve yeni malzemeler üreterek deneyim oluşturmanı hızlandıran ve kolaylaştıran deneysel yapay zekâ destekli asistanı etkinleştir.","Bật Trợ Lý AI thử nghiệm để giúp bạn tạo các trải nghiệm nhanh hơn bằng cách trả lời câu hỏi, tạo và giải thích mã và tạo ra vật liệu mới.",,,啟用實驗性的 AI 支援助理，透過回答問題、產生與解釋程式碼，以及建立新的材質，幫助您更快速打造體驗。
Studio.BetaFeatures.MultilayerWrapFixDescription,,,Outer layers of multilayer outfits will fit better with less distortion. Single layer outfits will be unaffected. Also faster.,Outer layers of multilayer outfits will fit better with less distortion. Single layer outfits will be unaffected. Also faster.,ستظهر الطبقات الخارجية للأزياء متعددة الطبقات بملاءمة أفضل وتشوه أقل. أما الأزياء أحادية الطبقة فلن تتأثر. وستكون العملية أسرع أيضًا.,Äußere Lagen von mehrschichtiger Kleidung passen jetzt besser und mit weniger Verzerrungen. Einschichtige Kleidung ist davon nicht betroffen. Außerdem schneller.,Las capas exteriores de un atuendo multicapas se ajustarán mejor con menos distorsión. Los atuendos de una sola capa no se verán afectados. También es más rápido.,Les couches extérieures des vêtements multicouches s'ajusteront mieux et seront moins déformées. Les tenues à une seule couche ne seront pas affectées. Plus rapide aussi.,मल्टीलेयर आउटफ़िट की बाहरी लेयर कम खिंचाव के साथ बेहतर तरीके से फ़िट होंगे. सिंगल लेयर आउटफ़िट पर इसका कोई असर नहीं पड़ेगा और इसमें समय भी कम लगेगा.,Layer luar dari pakaian multilayer akan lebih pas dengan distorsi lebih kecil. Pakaian dengan lapisan tunggal tidak akan terdampak. Prosesnya juga lebih cepat.,Gli strati esterni del completo multistrato si adattano meglio e mostrano meno distorsioni. I completi a singolo strato non saranno influenzati. Sono anche più veloci.,重ね着する衣装の外側のレイヤーに歪みが少なくなりフィットしやすくなります。衣装を重ね着せずレイヤーが一枚しかない場合は影響しません。また、速くなります。,멀티레이어 복장의 바깥쪽 레이어가 더 적은 왜곡으로 더 잘 맞게 됩니다. 단일 레이어드 복장은 영향을 받지 않습니다. 또한 더 빠릅니다.,Zewnętrzne warstwy strojów wielowarstwowych będą lepiej dopasowane przy równoczesnym ograniczeniu zniekształceń. Nie wpłynie to na stroje jednowarstwowe. Przyspieszy to także działanie.,Camadas externas de trajes multicamada encaixarão melhor com menos distorção. Trajes de camada única não serão afetados. Também será rápido.,,ชั้นนอกของเครื่องแต่งกายหลายชั้นจะพอดีมากขึ้นและมีการบิดเบี้ยวน้อยลง เครื่องแต่งกายชั้นเดียวจะไม่ได้รับผลกระทบ นอกจากนี้ยังเร็วขึ้นด้วย,Çok katmanlı giysilerin dış katmanları daha az bozulmayla daha iyi oturur. Tek katmanlı giysiler etkilenmez. Hem de daha hızlı.,Các lớp ngoài cùng của trang phục nhiều lớp sẽ ôm khít hơn và ít biến dạng hơn. Trang phục một lớp sẽ không bị ảnh hưởng. Đồng thời mặc cũng nhanh hơn.,,,多層次服裝的外層會變得更服貼、失真程度更低。單層服裝將不受影響。以外速度也會變得更快。
Studio.BetaFeatures.CustomVideoUploadTitle,,,Video Uploads,Video Uploads,عمليات رفع الفيديوهات,Video-Uploads,Cargas de videos,Chargement des vidéos,वीडियो अपलोड,Upload Video,Caricamenti video,ビデオのアップロード,비디오 업로드,Przesyłanie wideo,Upload de vídeos,,การอัปโหลดวิดีโอ,Video Yüklemeleri,Tải Video Lên,,,影片上傳
Studio.BetaFeatures.LearnMoreTooltip,,,Learn More,Learn More,اعرف المزيد,Mehr erfahren,Aprende más,En savoir plus,ज़्यादा जानें,Pelajari Selengkapnya,Scopri di più,もっと詳しく,자세히 보기,Dowiedz się więcej,Saiba mais,,เรียนรู้เพิ่มเติม,Daha fazla bilgi edin,Tìm Hiểu Thêm,,,深入了解
Studio.BetaFeatures.NewScriptFoldStateDescription,,,Enables new improved behavior for code folding in the Script Editor.,Enables new improved behavior for code folding in the Script Editor.,تمكين سلوك محسّن جديد لطي الكود في محرر البرنامج النصي.,Aktiviert neues verbessertes Verhalten für Code-Faltung im Skript-Editor.,Permite un comportamiento mejorado para doblar el código en Editor de script.,Permet un nouveau comportement amélioré pour le déploiement du code dans l'éditeur de script.,"स्क्रिप्ट एडिटर में कोड फ़ोल्डिंग के लिए, नए बेहतर बिहेवियर को चालू करता है.",Mengaktifkan perilaku baru yang telah disempurnakan untuk folding kode di Editor Skrip.,Abilita un nuovo funzionamento migliorato per il ripiegamento di codice nell'editor di script.,スクリプト編集でコードの折り畳みの新しい改善された動作を有効化。,스크립트 편집기의 코드 폴딩에 대해 새롭게 개선된 동작을 활성화합니다.,"Udostępnia nowy, usprawniony sposób działania zawijania kodu w edytorze skryptów.",Habilita novo comportamento melhorado para dobragem de código no Editor de script.,,เปิดใช้งานพฤติกรรมที่ได้รับการปรับปรุงใหม่สำหรับการพับโค้ดในเครื่องมือแก้ไขสคริปต์,Betik Düzenleyici'de yeni ve geliştirilmiş kod katlama özellikleri sunar.,Bật hành vi mới được cải tiến để gấp mã trong Trình Biên Tập Lệnh.,,,在指令碼編輯器裡啟用改善的新程式碼摺疊行為。
Studio.BetaFeatures.CustomVideoUploadDescription,,,Enables video uploads through the Asset Manager for eligible users.,Enables video uploads through the Asset Manager for eligible users.,يمكن تمكين عمليات رفع الفيديوهات من خلال مدير الأصول للمستخدمين المؤهلين.,Ermöglicht Video-Uploads über den Asset Manager für berechtigte Benutzer.,Permite subir videos a través del Gestor de recursos para usuarios elegibles.,Permet le téléchargement de vidéos via le gestionnaire de contenus pour les utilisateurs éligibles.,"योग्य यूज़र के लिए ऐसेट मैनेजर के ज़रिए, वीडियो अपलोड चालू करता है.",Mengaktifkan upload video melalui Manajer Aset bagi pengguna yang memenuhi syarat.,Consente di caricare video tramite il gestore di risorse per gli utenti idonei.,対象ユーザーはアセット管理でビデオのアップロードを有効にできます。,자격을 갖춘 사용자는 애셋 관리자를 통해 비디오를 업로드할 수 있습니다.,Umożliwia upoważnionym użytkownikom przesyłanie materiałów wideo przy użyciu menedżera zasobów.,Permite upload de vídeos através do Gerenciador de ativos para usuários elegíveis.,,เปิดใช้งานการอัปโหลดวิดีโอผ่านเครื่องมือจัดการทรัพยากรสำหรับผู้ใช้งานที่มีสิทธิ์,Uygun kullanıcılar için Varlık Yöneticisi üzerinden video yüklemelerine izin verir.,Cho phép người dùng đủ điều kiện tải video lên thông qua Trình Quản Lý Tài Sản.,,,允許符合資格的使用者透過素材管理器啟用影片上傳。
Studio.BetaFeatures.TerrainHeightmapImporterDescription,,,Instantly generate heightmaps from high-res (up to 4k) and high-bit-depth (16-bit) PNGs,Instantly generate heightmaps from high-res (up to 4k) and high-bit-depth (16-bit) PNGs,قم بإنشاء خرائط الارتفاع على الفور من صور PNG عالية الدقة (حتى 4k) وذات عمق بت عالٍ (16 بت),Sofortige Generierung von Heightmaps aus PNGs mit hoher Auflösung (bis zu 4k) und hoher Bit-Tiefe (16-bit),Genera instantáneamente heightmaps de PNG de alta resolución (hasta 4K) y de alta profundidad del bit (16 bits),Génére instantanément des cartes hautes à partir de PNG haute résolution (jusqu'à 4 000) et haute profondeur (16 bits),हाई-रिज़ॉल्यूशन (4k तक) और हाई-बिट-डेप्थ (16-बिट) PNG से तुरंत हाइटमैप जेनरेट करें,Langsung membuat heightmap dari PNG beresolusi tinggi (hingga 4k) dan kedalaman bit tinggi (16-bit),Genera istantaneamente heightmap da PNG ad alta risoluzione (fino a 4k) e ad alta profondità di bit (16 bit),高解像度（最大4000）と高ビット深度（16ビット）PNGから瞬時に heightmaps を作成,고해상도(최대 4k) 및 고비트 수준(16비트) PNG 파일에서 Heightmap을 즉시 생성합니다.,Natychmiastowe generowanie map wysokości na podstawie plików PNG o wysokiej rozdzielczości (do 4k) i dużej głębi bitowej (16-bitowe),Gera heightmaps instantaneamente de PNGs de alta resolução (até 4k) e de alta profundidade de bits (16 bit),,สร้าง Heightmap จาก PNG ความละเอียดสูง (สูงสุด 4K) และความลึกบิตสูง (16-bit),Yüksek çözünürlüklü (4k'ye kadar) ve yüksek bit derinliğine (16 bit) sahip PNG'lerden anında yükseklik haritası oluştur,Tạo ngay heightmap từ PNG có độ phân giải cao (lên đến 4k) và độ sâu bit lớn (16 bit),,,立刻從高解析度（最高 4K）和高位元深度（16 位元）PNG 產生 Heightmap
Studio.BetaFeatures.LSPLuauScriptEditorDescription,,,"Luau type inference now powers Autocomplete, Go To Declaration, Linting and the Script Function Filter in Script Editor, enhancing performance and reliability of all features. Autocomplete can now offer suggestions based on the type of a variable, while the Function Filter can preview these types.","Luau type inference now powers Autocomplete, Go To Declaration, Linting and the Script Function Filter in Script Editor, enhancing performance and reliability of all features. Autocomplete can now offer suggestions based on the type of a variable, while the Function Filter can preview these types.",يعمل استدلال نوع Luau الآن على تشغيل الإكمال التلقائي، والانتقال إلى الإعلان، والتحليل النحوي، وفلتر وظيفة النص البرمجي في محرر البرنامج النصي، مما يعزز أداء وموثوقية جميع الميزات. يمكن أن يقدم الإكمال التلقائي الآن اقتراحات بناءً على نوع المتغير، بينما يمكن لفلتر الوظيفة معاينة هذه الأنواع.,"Die Luau-Typ-Inferenz unterstützt jetzt die Auto-Vervollständigung, Gehe zu Deklaration, das Linting und den Skriptfunktionsfilter im Skript-Editor und verbessert so die Leistung und Zuverlässigkeit aller Funktionen. Die Auto-Vervollständigung kann jetzt Vorschläge anhand des Variablentyps machen, während der Funktionsfilter eine Vorschau dieser Typen anzeigen kann.","La inferencia de tipos de Luau ahora permite Autocompletar, Ir a la declaración, Linting y el Filtro de funciones de script en el Editor de script, mejorando el rendimiento y la fiabilidad de todas las funciones. Ahora Autocompletar puede ofrecer sugerencias basadas en el tipo de una variable, mientras que el Filtro de funciones puede previsualizar esos tipos.","Les inférences de type Luau proposent désormais le remplissage automatique, l'accès aux déclarations, le linting et le filtre de fonction de script dans l'éditeur de scripts, ce qui rend toutes les fonctionnalités plus fiables et performantes. Le remplissage automatique propose désormais des suggestions en fonction du type de variable, tandis que le filtre donne un aperçu de ces types.","Luau टाइप इंफ़रेंस अब ऑटोकंप्लीट को सपोर्ट करता है, सभी फ़ीचर्स की परफ़ॉर्मेंस और विश्वसनीयता को बढ़ाने के लिए, स्क्रिप्ट एडिटर में डिक्लरेशन, लिंटिंग और स्क्रिप्ट फ़ंक्शन फ़िल्टर पर जाएँ. ऑटोकंप्लीट अब वेरिएबल के टाइप के आधार पर सुझाव दे सकता है, जबकि फ़ंक्शन फ़िल्टर इन टाइप का प्रीव्यू कर सकता है.","Inferensi tipe Luau kini mendukung Lengkapi Otomatis, Buka Deklarasi, Linting, dan Filter Fungsi Skrip di Editor Skrip sehingga kinerja dan keandalan semua fitur meningkat. Lengkapi Otomatis kini bisa menawarkan saran berdasarkan tipe variabel, sedangkan Filter Fungsi bisa memberikan pratinjau tipe-tipe tersebut.","L'inferenza di tipo Luau ora alimenta la funzionalità ""Autocompletamento"", ""Vai a dichiarazione"", ""Linting"" e ""Filtro funzioni script"" nell'editor di script, migliorando le prestazioni e l'affidabilità di tutte le funzioni. L'autocompletamento ora può fornire suggerimenti basati sul tipo della variabile, mentre il Filtro funzioni consente di visualizzarli in anteprima.",Luau 型推論は、すべての機能の性能と信頼性を高め、自動補完、宣言へ、スクリプト編集の Lint とスクリプト関数フィルタを駆動するようになりました。,"이제 Luau 유형 추론이 스크립트 편집기의 자동 완성, 선언으로 이동, Lint 수행 및 스크립트 함수 필터를 지원하여 모든 기능의 성능과 안정성을 개선합니다. 자동 완성은 변수 유형을 기반으로 제안할 수 있으며 함수 필터로 이러한 유형을 미리 볼 수 있습니다.","Inferencja typu Luau obsługuje teraz funkcje autouzupełniania, przechodzenia do deklaracji, lintingu i filtra funkcji skryptu, zwiększając wydajność i niezawodność wszystkich funkcji. W ramach uzupełniania dostępne są teraz sugestie na podstawie typu zmiennej, a filtr funkcji umożliwia przeglądanie tych typów.","Agora as inferências do tipo Luau são usadas em Auto completar, Ir para declaração, Linting e o Filtro de função de script do Editor de script, com melhorias na performance e confiabilidade em todas as funcionalidades. Auto completar agora oferece sugestões baseadas no tipo de variável, enquanto que o Filtro de funções pode visualizar estes tipos.",,"ขณะนี้การอนุมานประเภท Luau จะเปิดการเติมอัตโนมัติ ไปที่การประกาศ, Linting และตัวกรองฟังก์ชันสคริปต์ในเครื่องมือแก้ไขสคริปต์ เสริมประสิทธิภาพและความเสถียรของคุณสมบัติทั้งหมด ขณะนี้การเติมอัตโนมัติจะให้คำแนะนำตามประเภทของตัวแปร ในขณะที่ตัวกรองฟังก์ชันสามารถดูตัวอย่างทรัพยากรเหล่านี้ได้","Lua türü çıkarım artık Betik Düzenleyici'de Otomatik Tamamlama, ""Bildirmeye git"", ""Linting"" ve ""Betik işlev filtresi"" özelliklerini çalıştırarak tüm özelliklerin performansını ve güvenilirliğini artırır. Otomatik tamamlama artık değişken türüne göre öneriler sunarken işlev filtresi ise bu türlerin ön izlemesini gösterir.","Kiểu suy luận loại Luau hiện hỗ trợ các tính năng Tự Động Hoàn Thành, Đi Tới Tuyên Bố, Kiểm Lỗi và Bộ Lọc Chức Năng Tập Lệnh, giúp nâng cao hiệu suất và độ tin cậy của tất cả các tính năng này. Tự Động Hoàn Thành hiện có thể cung cấp các gợi ý dựa trên loại của một biến trong khi Bộ Lọc Chức Năng có thể xem trước các loại này.",,,Luau 類型推斷現在可在指令碼編輯器內支援自動完成、前往宣告、Lint 及指令碼函式篩選器，提升所有功能的效能和可靠性。自動完成可以根據變數類型給予建議，而函式篩選器則可以預覽這些類型。
Studio.BetaFeatures.NewBaseMaterialsDescription,,,Adds 8 new base materials.,Adds 8 new base materials.,إضافة 8 مواد أساسية جديدة.,Fügt 8 neue Basismaterialien hinzu.,Añade 8 nuevos materiales básicos.,Ajoute 8 nouveaux matériaux de base.,8 नए बेस मटीरियल जोड़ता है.,Menambahkan 8 material dasar baru.,Aggiunge 8 nuovi materiali base.,8つの新しいベース素材を追加します。,새로운 기본 재질 8가지가 추가됩니다.,Dodaje 8 nowych materiałów podstawowych.,Adiciona 8 novos materiais básicos.,,เพิ่มวัสดุพื้นฐานใหม่ 8 รายการ,8 yeni taban malzemesi ekler.,Thêm 8 vật liệu cơ bản mới.,,,新增 8 種全新基礎材質。
Studio.BetaFeatures.AutoSetupDescription,,,Enables automated creation of avatars from single-mesh 3D models of humanoid-like bodies. Marketplace submission of auto-setup created avatars is enabled in this version.,Enables automated creation of avatars from single-mesh 3D models of humanoid-like bodies. Marketplace submission of auto-setup created avatars is enabled in this version.,يتيح الإنشاء الآلي لصور الأفاتار من النماذج ثلاثية الأبعاد أحادية أصل mesh للأجساد الشبيهة بالبشر. يتم تمكين تقديم المتجر لصور الأفاتار التي تم إنشاؤها تلقائيًا في هذا الإصدار.,Ermöglicht die automatisierte Erstellung von Avataren aus Single-Mesh-3D-Modellen menschenähnlicher Körper. Die Einreichung von automatisch erstellten Avataren für den Marktplatz ist in dieser Version aktiviert.,Activa la creación automática de avatares a partir de modelos 3D de malla única de cuerpos parecidos a humanoides. La presentación en el Mercado de avatares creados por autoconfiguración está habilitada en esta versión.,Permet la création automatique d'avatars à partir de modèles 3D mono-maillage de corps de type humanoïde. La soumission sur le marché des avatars créés par la configuration automatique est activée dans cette version.,ह्यूमनॉइड-जैसी बॉडीज़ के सिंगल-मेश 3D मॉडल से अवतारों के ऑटोमेटेड क्रिएशन को चालू करता है. इस वर्ज़न में ऑटो-सेटअप बनाए गए अवतारों का मार्केटप्लेस सबमिशन चालू किया गया है.,Mengaktifkan pembuatan otomatis avatar dari model 3D mesh tunggal tubuh yang menyerupai manusia. Pengiriman avatar yang dibuat dengan penyiapan otomatis ke Marketplace diaktifkan di versi ini.,Consente la creazione automatica di avatar a partire da modelli 3D a mesh singola di corpi di tipo umanoide. In questa versione è consentito l'invio nel marketplace di avatar creati con impostazione automatica.,人型ボディの単一メッシュ3Dモデルからの自動アバター作成ができるようになります。このバージョンでは自動設定で作成されたアバターのマーケットプレイスへの提出が有効になっています。,휴머노이드형 신체의 단일 메시 3D 모델로부터 아바타를 자동 생성하는 기능을 활성화합니다. 이 버전에서는 자동 설정으로 생성된 아바타의 마켓플레이스 제출이 활성화됩니다.,Udostępnia zautomatyzowane tworzenie awatarów na podstawie złożonych z jednej siatki modeli 3D ciał humanoidalnych. W tej wersji włączone jest przesyłanie na Rynek awatarów utworzonych przy użyciu automatycznej konfiguracji.,Habilita a criação automática de avatares de modelos 3D de malha única de corpos humanoides. O envio de avatares criados por configuração automática para o Mercado está habilitada nesta versão.,,เปิดใช้งานการสร้างอัตโนมัติของอวาตาร์จากโมเดล 3D เมชเดี่ยวของร่างกายแบบฮิวมานอยด์ การส่งมาร์เก็ตเพลสของอวาตาร์ที่สร้างโดยการตั้งค่าอัตโนมัติจะเปิดใช้งานในเวอร์ชันนี้,İnsansı vücutların tek mesh yapılı 3B modellerinden otomatik avatar oluşturulmasını etkinleştirir. Otomatik kurulumla oluşturulmuş avatarların pazar yerine yüklenmesi bu sürümde etkinleştirildi.,Bật tính năng tự động tạo avatar từ các mô hình 3D lưới đơn của cơ thể hình người. Phiên bản này cho phép bạn gửi các avatar được tạo tự động lên Chợ.,,,啟用從類人形身體的單一網格 3D 模型虛擬人偶的自動化建立。此版本啟用了將自動設定功能所建立的虛擬人偶提交至市集的功能。
Studio.BetaFeatures.NextGenStudioTitle,,,Next Gen Studio Preview,Next Gen Studio Preview,معاينة الجيل التالي من Studio,Vorschau des Next Gen Studio,Previsualización de Next Gen Studio,Aperçu Next Gen Studio (Studio prochaine génération),नेक्स्ट जेनरेशन Studio प्रीव्यू,Pratinjau Studio Generasi Masa Depan,Anteprima di Next Gen Studio,次世代Studioプレビュー,차세대 Studio 미리 보기,Podgląd aplikacji Studio nowej generacji,Pré-visualização do Studio próxima geração,,ดูตัวอย่าง Studio รุ่นถัดไป,Yeni Nesil Studio Ön İzlemesi,Xem Trước Studio Thế Hệ Mới,,,Next Gen Studio 預覽
Studio.BetaFeatures.NextGenStudioDescription,,,"Enable the preview of Next Gen Studio core - introducing system menus, new categorization and look & feel of the top toolbar, upcoming customization features.","Enable the preview of Next Gen Studio core - introducing system menus, new categorization and look & feel of the top toolbar, upcoming customization features.",تمكين العرض المسبق لنواة الجيل الجديد من Studio - يتضمن قوائم نظام، وتصنيفًا محدثًا، ومظهرًا وإحساسًا جديدًا للشريط العلوي للأدوات، إلى جانب ميزات التخصيص المرتقبة.,"Aktiviere die Vorschau auf den Kern von Next Gen Studio – Einführung von Systemmenüs, neuer Kategorisierung und neuem Aussehen der oberen Symbolleiste, neue Anpassungsfunktionen.","Activa la vista previa del núcleo de Next Gen Studio, con menús del sistema, una nueva categorización y apariencia de la barra de herramientas superior, y próximas funciones de personalización.","Activation de la prévisualisation du noyau de Next Gen Studio - introduction des menus système, nouvelle catégorisation et aspect de la barre d'outils supérieure, nouvelles fonctionnalités de personnalisation.","नेक्स्ट जेनरेशन Studio कोर का प्रीव्यू चालू करें - सिस्टम मेन्यू शुरू करना, नया कैटगराइज़ेशन और टॉप टूलबार का लुक एंड फ़ील, आने वाले कस्टमाइज़ेशन फ़ीचर.","Mengaktifkan pratinjau inti Studio Generasi Masa Depan - memperkenalkan menu sistem, kategorisasi, serta tampilan dan karakteristik baru untuk bilah alat atas, juga fitur kustomisasi yang akan datang.","Abilita l'anteprima dei contenuti base di Next Gen Studio. Potrai visualizzare i menu di sistema, la nuova categorizzazione e l'aspetto della barra degli strumenti superiore nonché le funzionalità di personalizzazione imminenti.",次世代Studioの中核のプレビューを有効化 - システムメニューの導入、新しいカテゴリ分け、トップページのツールバーの見た目と雰囲気のリニューアル、今後のカスタマイズ機能。,"시스템 메뉴, 새로운 카테고리, 상단 도구 모음의 디자인 및 느낌, 예정된 사용자 정의 기능 등 차세대 Studio의 핵심 기능 미리 보기를 활성화합니다.","Włącz podgląd rdzenia aplikacji Studio nowej generacji – przedstawiono w nim menu systemowe, nową kategoryzację oraz wygląd i wrażenia z korzystania z górnego paska narzędzi, a także opracowywane funkcje dostosowywania.","Ative a visualização do núcleo do Studio próxima geração - introduzindo menus de sistema, nova categorização, nova aparência da barra de ferramentas superior e futuros recursos de personalização.",,เปิดใช้งานการดูตัวอย่างของแกนหลัก Studio รุ่นถัดไป - เมนูระบบการแนะนำ การจำแนกประเภทใหม่ รูปลักษณ์และสัมผัสของแถบเครื่องมือชั้นยอด และคุณสมบัติการปรับแต่งที่กำลังจะมา,"Yeni sistem menüleri, kategori seçenekleri ve üst araç çubuğunun görünümde değişiklikler ve ileride eklenecek kişiselleştirme özelliklerini içeren yeni nesil çekirdek Studio ön izlemesini etkinleştir.","Bật tính năng xem trước lõi Studio Thế Hệ Mới – giới thiệu các menu hệ thống, hệ thống phân loại mới và giao diện của thanh công cụ trên cùng, các tính năng tùy chỉnh sắp ra mắt.",,,啟用 Next Gen Studio 核心的預覽：推出系統選單、頂層工具列的新分類方式和外觀與質感、即將推出的自訂功能。
Studio.BetaFeatures.LuaPropertiesTitle,,,Next Gen Properties,Next Gen Properties,خصائص الجيل التالي,Next Gen-Eigenschaften,Propiedades Next Gen,Propriétés Next Gen,नेक्स्ट जेनरेशन प्रॉपर्टीज़,Properti Generasi Masa Depan,Proprietà Nuova Gen,次世代プロパティ,차세대 속성,Właściwości nowej generacji,Propriedades da próxima geração,,คุณสมบัติรุ่นถัดไป,Yeni Nesil Özellikler,Thuộc Tính Thế Hệ Mới,,,Next Gen 屬性
Studio.BetaFeatures.LSPGoToDeclTitle,,,Luau-Powered Go To Declaration,Luau-Powered Go To Declaration,الانتقال إلى الإعلان المدعوم من Luau,Gehe zu Deklaration mit Luau-Unterstützung,Ir a la declaración impulsada por Luau,Déclaration d'intention pour Luau,Luau-पॉवर्ड गो टू डिक्लेरेशन,Buka Deklarasi yang Didukung Luau,Vai a dichiarazione basata su Luau,Luau 駆動宣言へ,Luau 기반 선언으로 이동,Funkcja Przejdź do deklaracji obsługiwana przez Luau,Ir para declaração habilitada por Luau,,ไปที่การประกาศด้วย Luau,"Luau Tabanlı ""Bildirmeye git""",Tính năng Đi Tới Tuyên Bố được hỗ trợ bởi Luau,,,Luau 支援的前往宣告
Studio.BetaFeatures.EditableImageMeshTitle,,,EditableImage and EditableMesh,EditableImage and EditableMesh,EditableImage وEditableMesh,EditableImage und EditableMesh,EditableImage y EditableMesh,EditableImage et EditableMesh,EditableImage और EditableMesh,EditableImage dan EditableMesh,EditableImage e EditableMesh,EditableImage と EditableMesh,EditableImage 및 EditableMesh,EditableImage i EditableMesh,EditableImage e EditableMesh,,EditableImage และ EditableMesh,EditableImage ve EditableMesh,EditableImage và EditableMesh,,,EditableImage 和 EditableMesh
Studio.BetaFeatures.EditableImageMeshDescription,,,Enables the new EditableImage and EditableMesh instances which allow the runtime creation and editing of Images and Meshes,Enables the new EditableImage and EditableMesh instances which allow the runtime creation and editing of Images and Meshes,تمكين حالات EditableImage وEditableMesh الجديدة التي تسمح بإنشاء وقت التشغيل وتحرير الصور وأصول Mesh,"Aktiviert die neuen Instanzen EditableImage und EditableMesh, die die Erstellung und Bearbeitung von Bildern und Meshes zur Laufzeit ermöglichen",Activa las nuevas instancias EditableImage y EditableMesh que permiten la creación y edición de imágenes y mallas,Active les nouvelles instances EditableImage et EditableMesh qui permettent la création et l'édition d'images et de maillages,"नए EditableImage और EditableMesh इंस्टैंस को चालू करता है, जो इमेज और मेश के रनटाइम क्रिएशन और एडिटिंग की अनुमति देते हैं",Mengaktifkan instance EditableImage dan EditableMesh baru yang memungkinkan pembuatan runtime serta pengeditan Gambar dan Mesh,Abilita le nuove istanze EditableImage e EditableMesh che consentono la creazione di runtime e la modifica di immagini e mesh,画像とメッシュの実行時作成と編集を可能にする新しい EditableImage と EditableMesh インスタンスを有効にします,이미지 및 메시의 런타임 제작 및 편집을 허용하는 새로운 EditableImage 및 EditableMeshruntime 인스턴스를 활성화합니다.,"Udostępnia nowe instancje EditableImage i EditableMesh , które umożliwiają tworzenie środowiska uruchomieniowego oraz edytowanie obrazów i siatek.",Habilita as novas instâncias EditableImage e EditableMesh que permitem a criação e edição de imagens e malhas em tempo de execução,,เปิดใช้งานอินสแตนซ์ EditableImage และ EditableMesh ใหม่ซึ่งจะช่วยให้สามารถสร้างรันไทม์และแก้ไขภาพและเมชได้,Çalışma zamanında görsel ve mesh yapısı oluşturma ve düzenleme imkânı sağlayan yeni EditableImage ve EditableMesh örneklerini etkinleştirir,Bật các phiên bản EditableImage và EditableMesh mới để tạo và chỉnh sửa thời gian chạy của Hình Ảnh và Lưới,,,啟用新的 EditableImage 和 EditableMesh 個體，可在執行階段對圖像與網格進行建立和編輯
Studio.BetaFeatures.CanQueryDescription,,,Enables property for excluding BaseParts from spatial queries such as raycasts. Only accesible when CanCollide is disabled.,Enables property for excluding BaseParts from spatial queries such as raycasts. Only accesible when CanCollide is disabled.,تمكين الخاصية لاستبعاد BaseParts من الاستعلامات المكانية مثل أشعة الليزر. يمكن الوصول إليها فقط عند تعطيل CanCollide.,"Aktiviert die Eigenschaft zum Ausschluss von BaseParts bei räumlichen Abfragen wie Raycasts. Nur verfügbar, wenn CanCollide deaktiviert ist.",Activa la propiedad que excluye BaseParts de las solicitudes espaciales como la emisión de rayos. Disponible solo si CanCollide está desactivado.,Active la propriété permettant d'exclure les BaseParts des requêtes spatiales telles que les rayons. Accessible uniquement lorsque CanCollide est désactivé.,रेकास्ट जैसी स्पैशियल क्वेरी से BaseParts को बाहर करने के लिए प्रॉपर्टी चालू करता है. CanCollide बंद होने पर ही ऐक्सेस किया जा सकता है.,"Mengkatifkan properti untuk pengecualian BaseParts dari kueri spasial, misalnya raycast. Hanya bisa diakses jika CanCollide dinonaktifkan.","Abilita la proprietà per escludere BaseParts dalle richieste spaziali, come i raycast. Accessibile solo quando CanCollide è disabilitato.",レイキャストなどの空間クエリから BaseParts を除外するプロパティを有効化。 CanCollide が無効化されている場合にのみアクセスできます。,레이캐스팅과 같은 공간 쿼리에서 BaseParts를 제외하기 위한 속성을 활성화합니다. CanCollide가 비활성화된 경우에만 액세스할 수 있습니다.,Włącza właściwość umożliwiającą wykluczanie elementów BasePart z zapytań przestrzennych takich jak rzutowanie promieni. Funkcja dostępna tylko w przypadku wyłączenia funkcji CanCollide.,Permite propriedade para excluir BaseParts de consultas espaciais como raycasts. Só é acessível quando CanCollide está desativado.,,เปิดใช้งานคุณสมบัติของ BaseParts ที่ยกเว้นจากการคิวรีตามตำแหน่งทิศทาง เช่น Raycast สามารถเข้าถึงได้เมื่อปิดการใช้งาน CanCollide แล้วเท่านั้น,BasePart'ları ışın çizme gibi konumsal sorgulardan muaf tutma özelliğini etkinleştirir. Yalnızca CanCollide devre dışıyken erişime açıktır.,Bật thuộc tính để loại trừ BasePart khỏi các truy vấn không gian như raycast. Chỉ có thể truy cập khi CanCollide bị vô hiệu hóa.,,,啟用將 BasePart 從光線投射等空間查詢中排除的屬性。只有在停用 CanCollide 時才可以使用。
Studio.BetaFeatures.UIListLayoutFlexDescription,,,Add flexible layout options to UIListLayout.,Add flexible layout options to UIListLayout.,أضف خيارات تخطيط مرنة إلى UIListLayout.,Füge flexible Layout-Optionen zu UIListLayout hinzu.,Añadir opciones flexibles de diseño a UIListLayout.,Ajoutez des options de mise en page souples à UIListLayout.,UIListLayout में फ़्लेक्सिबल लेआउट विकल्प जोड़ें.,Menambahkan opsi tata letak fleksibel ke UIListLayout.,Aggiungi opzioni di layout flessibili a UIListLayout.,UIListLayout に柔軟なレイアウトオプションを追加。,UIListLayout에 유연한 레이아웃 옵션을 추가합니다.,Dodaj elastyczne opcje układu do układu UIListLayout.,Adicione opções de layout flexíveis ao UIListLayout.,,เพิ่มตัวเลือกเค้าโครงยืดหยุ่นไปยัง UIListLayout,UIListLayout'a esnek düzen seçenekleri ekle.,Thêm các tùy chọn bố cục linh hoạt vào UIListLayout.,,,將彈性配置選項新增到 UIListLayout。
Studio.BetaFeatures.TerrainEditorDescription,,,Updates the Terrain Editor with a new and improved UI.,Updates the Terrain Editor with a new and improved UI.,تحديث محرر التضاريس بواجهة مستخدم جديدة ومحسّنة.,Aktualisiert den Gelände-Editor mit einer neuen und verbesserten Benutzeroberfläche.,Actualiza el Editor de terreno con una UI nueva y mejorada.,Mises à jour de l'éditeur de terrain avec une nouvelle interface utilisateur améliorée.,नए और बेहतर UI के साथ Terrain Editor को अपडेट करता है.,Meng-update Editor Medan dengan UI baru dan disempurnakan.,Aggiorna l'editor del terreno con una nuova interfaccia utente migliorata.,地形編集を新しく改良されたUIで更新。,지형 편집기를 새롭게 개선된 UI로 업데이트합니다.,"Aktualizuje edytor terenu poprzez dodanie nowego, ulepszonego interfejsu użytkownika.",Atualiza o Editor de terreno com uma interface nova e melhorada.,,อัปเดตเครื่องมือแก้ไขภูมิประเทศด้วย UI ใหม่ที่ปรับปรุงแล้ว,Arazi Düzenleyici'yi yeni ve geliştirilmiş bir arayüzle günceller.,Cập nhật Trình Chỉnh Sửa Địa Hình với UI mới và cải tiến.,,,將地形編輯器更新為改良過的全新 UI。
Studio.BetaFeatures.SimulationPauseAndStepTitle,,,Simulation Pause and Step,Simulation Pause and Step,إيقاف المحاكاة مؤقتًا ثم التدرُّج,Simulation pausieren und steppen,Pausa y paso de simulación,Pause et étape de la simulation,सिम्युलेशन पॉज़ और स्टेप,Jeda dan Step Simulasi,Pausa e passaggio della simulazione,一時停止とステップのシミュレーション,시뮬레이션 일시 중지 및 스테핑,Wstrzymywanie i postęp symulacji,Pausa e passos de simulação,,จำลองการหยุดชั่วคราวและลำดับขั้น,Simülasyon Duraklatma ve Adımlama,Tạm Dừng Mô Phỏng và Bước Mô Phỏng,,,模擬暫停和時步
Studio.BetaFeatures.ScriptEditorHoverDescription,,,"(! Works better with ""Scripts Are Non-Strict By Default"" Beta Feature ON !) Displays Luau type information when hovering over code in the script editor.","(! Works better with ""Scripts Are Non-Strict By Default"" Beta Feature ON !) Displays Luau type information when hovering over code in the script editor.","(! يعمل بشكل أفضل مع تشغيل ميزة الإصدار التجريبي ""النصوص البرمجية غير صارمة بشكل افتراضي""!) يعرض معلومات نوع Luau عند التمرير فوق الكود في محرر البرنامج النصي.","(! Funktioniert besser, wenn die Beta-Funktion ""Skripte sind standardmäßig nicht-strikt"" aktiviert ist!) Zeigt Informationen zum Luau-Typ an, wenn der Mauszeiger über den Code im Script-Editor bewegt wird.","(! Funciona mejor cuando la función beta ""Los scripts no son estrictos por defecto"" está activada !) Muestra la información tipo Luau cuando el puntero se desplaza en el Editor de scripts.","(Fonctionne mieux lorsque la fonction bêta ""Les scripts ne sont pas stricts par défaut"" est activée) Affiche des informations de type Luau lorsque le pointeur est déplacé dans l'éditeur de script.","(! ""स्क्रिप्ट्स डिफ़ॉल्ट रूप से नॉन-स्ट्रिक्ट हैं"" बीटा फ़ीचर ऑन होने पर बेहतर काम करता है!) स्क्रिप्ट एडिटर में कोड पर होवर करते समय Luau टाइप जानकारी दिखाता है.","(! Lebih efektif saat Fitur Beta ""Skrip secara Default Menggunakan Mode Non-Strict"" DIAKTIFKAN !) Menampilkan informasi tipe Luau saat kursor melayang diarahkan di atas kode di editor skrip.","(! Funziona meglio con la funzionalità beta ""Script non rigorosi di default"" attivata !) Visualizza le informazioni di tipo Luau quando si passa il mouse sul codice nell'editor di script.",(! 「スクリプトはデフォルトで非厳格」ベータ機能をオンにしたほうがうまく機能します !) スクリプト編集上でコードの上にマウスオーバーしたときに Luau 型情報を表示。,(! '스크립트에 기본적으로 비엄격 모드 적용' 베타 기능이 켜져 있을 때 더 잘 작동합니다 !) 스크립트 편집기에서 코드 위로 마우스를 가져가면 Luau 유형 정보가 표시됩니다.,(! Działa lepiej z WŁĄCZONĄ funkcją „Skrypty są domyślnie w trybie nieścisłym” w wersji beta !) Wyświetla informacje o typie Luau po najechaniu wskaźnikiem na kod w edytorze skryptów.,"(! Funciona melhor com a funcionalidade ""Scripts são não-restritivos por padrão"" ativada !) Mostra informações tipo Luau quando passar o cursor sobre um código no editor de script.",,"(! ทำงานได้ดียิ่งขึ้นด้วยคุณสมบัติเบต้า ""สคริปต์เป็นแบบ Non-Strict โดยค่าเริ่มต้น"" ที่เปิดอยู่ !) แสดงข้อมูลประเภท Luau เมื่อวางเคอร์เซอร์อยู่เหนือรหัสในเครื่องมือแก้ไขสคริปต์","(! ""Betiklerde katı olmayan mod varsayılan"" beta özelliği AÇIKKEN daha iyi çalışır !) Betik düzenleyicisinde imleç kodun üzerindeyken Luau tür bilgilerini gösterir.","(! Hoạt động tốt hơn khi BẬT Tính Năng Beta ""Tập Lệnh Không Nghiêm Ngặt Theo Mặc Định""!) Hiển thị thông tin loại Luau khi di chuột qua mã trong trình biên tập lệnh.",,,（！「指令碼預設為非嚴格模式」Beta 測試功能啟用時的效果更佳！）在指令碼編輯器裡將游標停放在指令碼上時，將會顯示 Luau 類型資訊。
Studio.BetaFeatures.LuauNativeVector3Title,,,Native Vector3 Type,Native Vector3 Type,نوع Vector3 الأصلي,Nativer Vector3-Typ,Tipo Vector3 nativo,Type Native Vector3,नेटिव Vector3 टाइप,Tipe Vector3 Bawaan,Tipo Vector3 nativo,ネイティブ Vector3 型,네이티브 Vector3 유형,Natywny typ Vector3,Tipo Vector3 nativo,,ประเภท Vector3 ดั้งเดิม,Yerleşik Vector3 türü,Loại Vector3 Gốc,,,原生 Vector3 類型
Studio.BetaFeatures.TextureGeneratorTitle,,,Texture Generator,Texture Generator,أداة إنشاء الهيئة,Texturgenerator,Generador de texturas,Générateur de texture,टेक्स्चर जेनरेटर,Generator Tekstur,Generatore di strutture,テクスチャ生成,텍스처 생성기,Generator tekstur,Gerador de texturas,,เครื่องมือสร้างพื้นผิว,Doku Oluşturucu,Trình Tạo Vân Đồ Họa,,,紋理產生工具
Studio.BetaFeatures.SimulationPauseAndStepDescription,,,"Enables visual pausing, stepping, and simulation debugging at studio run time.","Enables visual pausing, stepping, and simulation debugging at studio run time.",يتيح الإيقاف المؤقت المرئي، والتدرُّج، وتتبع أخطاء المحاكاة في وقت تشغيل studio.,"Aktiviert visuelles Pausieren, Steppen und Debuggen der Simulation, während Studio ausgeführt wird.","Activa la pausa visual, el paso y la depuración de simulación en el tiempo de ejecución de Studio.","Active les pauses visuelles, les étapes et le débogage de simulation à l'heure d'exécution du studio.","स्टूडियो रन टाइम पर विज़ुअल पॉज़िंग, स्टेपिंग और सिम्युलेशन डीबगिंग चालू करता है.","Memungkinkan penjedaan visual, stepping, dan debugging saat runtime studio.","Abilita la pausa visiva, il passaggio e il debug della simulazione in fase di esecuzione di Studio.",Studio実行時に視覚的な一時停止とステッピング、シミュレーションデバッグを有効化。,"Studio 런타임 시 비주얼 일시 중지, 스테핑 및 시뮬레이션 디버깅을 활성화합니다.","Udostępnia wizualne wstrzymywanie, postępy i debugowanie symulacji w środowisku uruchomieniowym aplikacji Studio.","Habilita pausas visuais, passos (stepping) e depuração de simulação no tempo de execução do Studio.",,"เปิดใช้งานการหยุดชั่วคราวภาพ, การปรับระดับขั้น และการ Debug ที่รันไทม์ Studio","Studio çalışma zamanında görsel duraklatmayı, adımlamayı ve simülasyon hata ayıklamasını etkinleştirir.","Cho phép tạm dừng, bước qua và gỡ lỗi mô phỏng trực quan khi studio chạy.",,,啟用 Studio 執行階段的視覺效果暫停、時步和模擬偵錯。
Studio.BetaFeatures.AutomaticSizeDescription,,,UI object property that automatically sizes objects based on their child content.,UI object property that automatically sizes objects based on their child content.,خاصية كائن واجهة المستخدم التي تقوم تلقائيًا بتحجيم الكائنات بناءً على محتواها الفرعي.,"UI-Objekteigenschaft, die die Größe von Objekten automatisch anhand ihres untergeordneten Inhalts bestimmt.",Una propiedad de la interfaz de usuario del objeto que dimensiona automáticamente los objetos según el contenido del hijo.,Propriété de l'objet UI (interface utilisateur) qui dimensionne automatiquement les objets en fonction de leur contenu enfant.,"UI ऑब्जेक्ट प्रॉपर्टी, जो उनके अंतर्गत आने वाले कॉन्टेंट के साइज़ को ऑटोमैटिकली सही तरीके से तय करती है.",Properti objek UI yang secara otomatis menentukan ukuran objek berdasarkan konten turunan.,Proprietà dell'oggetto UI che ridimensiona automaticamente gli oggetti sulla base dei loro contenuti figli.,子コンテンツに基づき、オブジェクトを自動サイズ調整するUIオブジェクトプロパティ。,자식 콘텐츠에 따라 개체의 크기를 자동으로 조정하는 UI 개체 속성입니다.,"Właściwość obiektu interfejsu użytkownika, która automatycznie dostosowuje rozmiary obiektów na podstawie zawartych w nich elementów podrzędnych.",Propriedade do objeto da interface do usuário que automaticamente dimensiona objetos com base em seu conteúdo de filho.,,คุณสมบัติวัตถุ UI ที่ปรับขนาดวัตถุโดยอัตโนมัติตามเนื้อหาลูกปัจจุบันของตนเอง,Nesneleri alt öğe içeriklerine göre otomatik olarak boyutlandıran UI nesnesi özelliği.,Thuộc tính đối tượng trong UI tự động định cỡ đối tượng dựa trên nội dung phụ của chúng.,,,根據物件的子內容自動調整其大小的 UI 物件屬性。
Studio.BetaFeatures.MaterialPickerDescription,,,Adds a new Material button to the Home and Edit tabs to quickly change materials.,Adds a new Material button to the Home and Edit tabs to quickly change materials.,"إضافة زر مادة جديد إلى علامتي التبويب ""الرئيسية"" و""تحرير"" لتغيير المواد بسرعة.","Fügt den Tabs Hauptmenü und Bearbeiten eine neue Material-Schaltfläche hinzu, über die das Material schnell geändert werden kann.",Añade un nuevo botón de Material a las pestañas Inicio y Editar para cambiar materiales rápidamente.,Ajouter un nouveau bouton Matériel aux onglets Accueil et Modifier pour changer rapidement de matériaux.,"होम और एडिट टैब में एक नया मटीरियल बटन जोड़ता है, ताकि मटीरियल जल्दी से बदला जा सके.",Menambahkan tombol Material baru ke tab Beranda dan Edit agar material dapat diubah dengan cepat.,Aggiunge un nuovo pulsante Materiale alle schede Home e Modifica per modificare rapidamente i materiali.,素材をすぐに変更できるように新しい素材ボタンを [ホーム] と [編集] タブに追加。,재질을 빠르게 변경할 수 있도록 홈 및 편집 탭에 새로운 재질 버튼을 추가합니다.,"Dodaje nowy przycisk materiału na karcie głównej i karcie edycji, aby umożliwić szybkie zmienianie materiałów.",Adiciona um novo botão de material às guias Início e Editar para mudar de material rapidamente.,,เพิ่มปุ่มวัสดุใหม่ไปยังแท็บหน้าหลักและการแก้ไขเพื่อเปลี่ยนวัสดุอย่างรวดเร็ว,Ana Sayfa ve Düzenle sekmelerine malzemeleri hızlı bir şekilde değiştirmek için yeni bir Malzeme düğmesi ekler.,Thêm nút Vật Liệu mới vào thẻ Trang Chủ và Chỉnh Sửa để nhanh chóng thay đổi vật liệu.,,,將新的材質按鈕新增到首頁和編輯分頁以快速變更材質。
Studio.BetaFeatures.OcclusionCullingDescription,,,Enables software occlusion culling in Studio. Use wireframe to see what it culls.,Enables software occlusion culling in Studio. Use wireframe to see what it culls.,تمكين إزالة انسداد البرنامج في Studio. استخدم الإطار الشبكي لمعرفة ما يقوم بإزالته.,"Ermöglicht Occlusion Culling von Software in Studio. Verwende das Drahtgitter, um zu sehen, was ausgeblendet wird.",Permite la eliminación de la oclusión de software en Studio. Utiliza el wireframe para ver lo que descarta.,Active l'élimination des occlusions logicielles dans Studio. Utilise l'image filaire pour voir ce qu'il élimine.,Studio में सॉफ़्टवेयर ऑक्लूज़न कलिंग चालू करता है. यह देखने के लिए वायरफ़्रेम का उपयोग करें कि यह क्या सिलेक्ट करता है.,Mengaktifkan pengecualian objek terhalang (occlusion culling) perangkat lunak di Studio. Gunakan wireframe untuk melihat objek yang dikecualikan.,Abilita l'Occlusion culling del software in Studio. Usa il wireframe per vedere cosa viene rimosso.,Studioでソフトウエアのオクルージョンカリング（描画処理負荷軽減の技術）を有効化。除外するものを見るにはワイヤーフレームを使用します。,Studio에서 소프트웨어 오클루전 컬링을 활성화합니다. 와이어프레임을 사용하면 가리는 대상을 확인할 수 있습니다.,"Włącza usuwanie niewidocznych powierzchni w aplikacji Studio. Użyj szkieletu, aby zobaczyć, co zostanie usunięte.",Permite a remoção de oclusão de software no Studio. Use wireframes para ver o que é removido.,,เปิดใช้งาน Occlusion ด้วยซอฟต์แวร์ใน Studio ใช้ wireframe เพื่อดูว่ามันคัดกรองอะไรออกไปบ้าง,Yazılım gizleme ayıklamayı Studio'da etkinleştirir. Hangi nesneleri ayıkladığını görmek için tel çerçeveyi kullan.,Bật tính năng loại bỏ tắc nghẽn phần mềm trong Studio. Sử dụng wireframe để xem các đối tượng bị loại bỏ.,,,在 Studio 中啟用軟體遮蔽去除。使用線框圖可查看會去除的物件。
Studio.BetaFeatures.AcousticsSimulationApiTitle,,,Acoustic Simulation,Acoustic Simulation,المحاكاة الصوتية,Akustiksimulation,Simulación acústica,Simulation acoustique,अकूस्टिक सिम्युलेशन,Simulasi Akustik,Simulazione acustica,音響シミュレーション,음향 시뮬레이션,Symulacja akustyki,Simulação de acústica,,การจำลองเสียง,Akustik Simülasyon,Mô Phỏng Độ Vang,,,聲學模擬
Studio.BetaFeatures.AutoEnrollmentToggleTooltip,,,New Beta Features Will Automatically Be Activated,New Beta Features Will Automatically Be Activated,سيتم تنشيط ميزات الإصدار التجريبي الجديدة تلقائيًا,Neue Beta-Funktionen werden automatisch aktiviert,Las nuevas funciones beta se activarán automáticamente,Les nouvelles fonctionnalités de la version bêta seront automatiquement activées,नए बीटा फ़ीचर्स अपने आप ऐक्टिवेट हो जाएँगे,Fitur Beta Baru Akan Otomatis Diaktifkan,Le nuove funzionalità beta si attiveranno automaticamente,新規ベータ機能が自動的にアクティブ化されます,새로운 베타 기능이 자동으로 활성화됩니다,Nowe funkcje w wersji beta zostaną automatycznie aktywowane,Novas funcionalidades beta serão ativadas automaticamente,,คุณสมบัติเบต้าใหม่จะได้รับการเปิดใช้งานโดยอัตโนมัติ,Yeni beta özellikler otomatik olarak etkinleştirilir,Các Tính Năng Beta Mới Sẽ Tự Động Được Kích Hoạt,,,新的 Beta 測試功能將會自動啟用
Studio.BetaFeatures.LuaExplorerTitle,,,Next Gen Explorer,Next Gen Explorer,مستكشف الجيل التالي,Next Gen Explorer,Explorador Next Gen,Next Gen Explorer,नेक्स्ट जेनरेशन एक्सप्लोरर,Eksplorer Generasi Masa Depan,Esploratore Nuova Gen,次世代エクスプローラ,차세대 탐색기,Eksplorator nowej generacji,Explorador da próxima geração,,การสำรวจรุ่นถัดไป,Yeni Nesil Gezgin,Trình Khám Phá Thế Hệ Mới,,,Next Gen 總管
Studio.BetaFeatures.SurfaceAppearanceTintingDescription,,,SurfaceAppearance Tinting allows you to multiply a Color property with your SurfaceAppearance’s ColorMap to create color variations.,SurfaceAppearance Tinting allows you to multiply a Color property with your SurfaceAppearance’s ColorMap to create color variations.,يسمح لك SurfaceAppearance Tinting بمضاعفة خاصية اللون مع ColorMap الخاص بـ SurfaceAppearance لإنشاء تنوعات الألوان.,"SurfaceAppearance-Tönung ermöglicht es dir, eine Farbeigenschaft mit der ColorMap deines SurfaceAppearance zu multiplizieren, um Farbvariationen zu erstellen.",El teñido SurfaceAppearance permite multiplicar una propiedad Color con tu SurfaceAppearance de ColorMap para crear variaciones de color.,SurfaceAppearance Tinting vous permet de multiplier une propriété Couleur avec la ColorMap de votre SurfaceAppearance pour créer des variations de couleurs.,"SurfaceAppearance टिंटिंग, अलग-अलग तरह के रंग बनाने के लिए आपके SurfaceAppearance के ColorMap को रंगों की प्रॉपर्टी के साथ मिलाकर इस्तेमाल करने की सुविधा देता है.","Dengan Pewarnaan SurfaceAppearance, kamu bisa memperbanyak ciri Warna menggunakan ColorMap SurfaceAppearance untuk menciptakan variasi warna.",La Colorazione SurfaceAppearance ti consente di moltiplicare una proprietà colore con ColorMap di SurfaceAppearance per creare variazioni di colore.,SurfaceAppearance の着色で色の属性を SurfaceAppearance の ColorMap で色のバリエーションを持たせることができます。,SurfaceAppearance 틴팅을 사용하면 색상 속성을 SurfaceAppearance의 ColorMap과 곱하여 색상 변형을 만들 수 있습니다.,Barwienie SurfaceAppearance umożliwia zwielokrotnianie właściwości Color na mapie ColorMap SurfaceAppearance w celu tworzenia wariantów kolorystycznych.,O tingimento SurfaceAppearance permite que você multiplique uma propriedade de cor com o ColorMap de sua SurfaceAppearance para criar variações de cor.,,การแต้มสี SurfaceAppearance จะช่วยให้คุณทวีคูณคุณสมบัติสีได้ด้วย ColorMap ของ SurfaceAppearance ของคุณเพื่อสร้างความแตกต่างของสีได้,"SurfaceAppearance Tonu, bir Color özelliğini SurfaceAppearance'ın ColorMap'iyle çoğaltarak renk varyasyonları oluşturmana olanak tanır.","SurfaceAppearance Tinting cho phép bạn nhân rộng một thuộc tính Màu Sắc bằng ColorMap của SurfaceAppearance, từ đó tạo ra các biến thể màu.",,,SurfaceAppearance 染色可讓您使用 SurfaceAppearance 的 ColorMap 對 Color 屬性進行乘法運算來創造顏色變化。
Studio.BetaFeatures.PlaceAnnotationsDescription,,,"Enable place comments for Team Create places, allowing you to leave annotations and comments for your collaborators.","Enable place comments for Team Create places, allowing you to leave annotations and comments for your collaborators.",تمكين وضع التعليقات لأماكن إنشاء فريق، مما يتيح لك ترك التعليقات التوضيحية والتعليقات للمتعاونين معك.,"Aktiviere Ortskommentare für Team Create-Orte, sodass du Anmerkungen und Kommentare für Mitwirkende hinterlassen kannst.","Activa los comentarios para los lugares de Creación en equipo, permitiéndote dejar anotaciones y comentarios para tus colaboradores.","Activer les commentaires de lieux pour les lieux de Création en équipe, te permettant de laisser des annotations et des commentaires à tes collaborateurs.","'टीम क्रिएट प्लेस' के लिए प्लेस से जुड़े कमेंट चालू करें, जिससे आप अपने कोलैबरेटर के लिए एनोटेशन और कमेंट छोड़ सकें.",Aktifkan taruh komentar untuk tempat Kreasi Bersama agar kamu bisa memberikan anotasi dan komentar bagi kolaboratormu.,"Abilita i commenti sui posti del Team Crea, in modo da poter lasciare annotazioni e commenti consultabili dai tuoi collaboratori.",チーム制作プレースにコメントを入れる機能を有効化し、共同制作者が注釈やコメントを残せるようにします。,팀 제작 플레이스의 플레이스 코멘트를 활성화해 공동 작업자들에게 주석 및 코멘트를 남길 수 있도록 허용합니다.,"Włącz funkcję zamieszczania komentarzy w miejscach tworzonych zespołowo, aby umożliwić dodawanie notatek i komentarzy dla pozostałych współtwórców.","Ativar comentários para locais de criação de equipe, permitindo que você deixe anotações e comentários para seus colaboradores.",,เปิดใช้งานการใส่ความคิดเห็นสำหรับสถานที่การสร้างร่วมกับเพื่อน ช่วยให้คุณสามารถให้ข้อเสนอแนะและความคิดเห็นให้กับผู้ร่วมงานของคุณได้,Takım Çalışması mekânlarına yorum eklenmesini etkinleştirerek çalışma ortakların için notlar ve yorumlar bırak.,"Bật bình luận về địa điểm cho các địa điểm Tạo Đội, cho phép bạn để lại chú thích và bình luận cho những người hợp tác cùng bạn.",,,啟用適用於團隊創作地點的地點留言，可讓您留下註釋和留言給您的協作者。
Studio.BetaFeatures.ImportQueueTitle,,,Import Queue,Import Queue,قائمة انتظار الاستيراد,Warteschlange importieren,Importar cola,Importer une file d’attente,लाइन इंपोर्ट करें,Antrean Impor,Importa coda,キューをインポート,대기열 가져오기,Kolejka importowania,Fila de importação,,นำเข้าคิว,İçe Aktarım Sırası,Nhập Hàng Đợi,,,匯入佇列
Studio.BetaFeatures.SaveToCloudV2Description,,,Create new games in the cloud automatically.,Create new games in the cloud automatically.,ينشئ ألعابًا جديدة في السحابة تلقائيًا.,Erstelle neue Spiele automatisch in der Cloud.,Crea automáticamente nuevos juegos en la nube.,Créer des nouveaux jeux dans le Cloud automatiquement.,क्लाउड में ऑटोमैटिक रूप से नए गेम क्रिएट करें.,Membuat game baru di cloud secara otomatis.,Crea automaticamente nuovi giochi nel cloud.,クラウド上に自動的に新しいゲームを作成。,클라우드에 자동으로 새로운 게임을 만듭니다.,Automatycznie twórz nowe gry w chmurze.,Automaticamente cria novos jogos na nuvem.,,สร้างเกมใหม่ในคลาวด์โดยอัตโนมัติ,Bulutta yeni oyunları otomatik olarak oluştur.,Tự động tạo các trò chơi mới trong đám mây.,,,在雲端上自動建立新遊戲。
Studio.BetaFeatures.PlaceAnnotationsTitle,,,Place Comments,Place Comments,وضع تعليقات,Ortskommentare,Escribir comentarios,Placer des commentaires,प्लेस पर कमेंट्स,Taruh Komentar,Commenti sulle località,コメントを入れる,플레이스 코멘트,Zamieszczanie komentarzy,Comentários do local,,ใส่ความคิดเห็น,Mekân Yorumları,Bình Luận Về Địa Điểm,,,留言
Studio.BetaFeatures.VideoApiDescription,,,Enables the VideoPlayer instance for playing videos on multiple surfaces and compatibility with the new Audio API.,Enables the VideoPlayer instance for playing videos on multiple surfaces and compatibility with the new Audio API.,تمكين حالة VideoPlayer لتشغيل مقاطع الفيديو على أسطح متعددة والتوافق مع واجهة برمجة تطبيقات الصوت الجديدة.,Aktiviert die VideoPlayer-Instanz für die Wiedergabe von Videos auf mehreren Oberflächen und die Kompatibilität mit der neuen Audio-API.,Activa la instancia de VideoPlayer para reproducir videos en múltiples superficies y compatibilidad con la nueva API de audio.,Active l'instance VideoPlayer pour la lecture de vidéos sur plusieurs surfaces et la compatibilité avec la nouvelle API Audio.,"कई सर्फ़ेस पर वीडियो चलाने और नए ऑडियो API के साथ कंपैटिबिलिटी के लिए, VideoPlayer इंस्टैंस चालू करता है.",Mengaktifkan instance VideoPlayer untuk memutar video di beberapa permukaan dan kompatibilitas dengan API Audio baru.,Abilita l'istanza VideoPlayer per la riproduzione di video su più superfici e attivare la compatibilità con la nuova API audio.,複数の表面で動画を再生するための VideoPlayer インスタンスを有効にし、新しい オーディオ API との互換性があります。,VideoPlayer 인스턴스를 활성화해 여러 표면에서 비디오를 재생하고 새로운 오디오 API와 호환되게 합니다.,"Udostępnia instancję odtwarzacza VideoPlayer, umożliwiając odtwarzanie filmów na różnych powierzchniach oraz zapewnia zgodność z nowym interfejsem API do obsługi dźwięku.",Habilita a instância do VideoPlayer para reproduzir vídeos em múltiplas superfícies e compatibilidade com a nova API de áudio.,,เปิดใช้งานอินสแตนซ์ VideoPlayer สำหรับการเล่นวิดีโอบนหลายพื้นผิว และรองรับกับ API เสียงใหม่,Birden fazla yüzeyde video oynatılmasına ve yeni Ses API'ıyla uyumluluğa olanak tanıyan VideoPlayer örneğini etkinleştirir.,Cho phép phiên bản VideoPlayer phát video trên nhiều giao diện và tương thích với API Âm Thanh mới.,,,啟用 VideoPlayer 個體以在多個介面上播放影片，並相容新的音訊 API。
Studio.BetaFeatures.BetaFeatures,,,Beta Features,Beta Features,ميزات الإصدار التجريبي,Beta-Funktionen,Funciones beta,Fonctionnalités bêta,बीटा फ़ीचर्स,Fitur Beta,Funzionalità beta,ベータ機能,베타 기능,Funkcje beta,Funcionalidades beta,,คุณสมบัติรุ่นเบต้า,Beta Özellikler,Tính Năng Beta,,,Beta 測試功能
Studio.BetaFeatures.InsertObjectStreamliningTitle,,,Insert Object Streamlining,Insert Object Streamlining,إدراج تبسيط الكائن,Optimiertes Einfügen von Objekten,Simplificar inserción de objetos,Insertion d'un objet de streaming,ऑब्जेक्ट डालने के प्रोसेस को स्ट्रीमलाइन करना,Masukkan Penyederhanaan Objek,Ottimizzazione dell'inserimento oggetto,オブジェクトストリームラインを挿入,개체 삽입 간소화,Usprawnienie wstawiania obiektów,Simplificar inserção de objetos,,แทรกวัตถุแบบสตรีมไลน์,Nesne Ekleme Modernleştirme,Hợp Lý Hóa Chèn Đối Tượng,,,插入物件精簡化
Studio.BetaFeatures.ConvertToTerrainDescription,,,Enables the Convert TerrainTool which can convert Parts into Terrain materials and biomes.,Enables the Convert TerrainTool which can convert Parts into Terrain materials and biomes.,تمكين أداة تحويل TerrainTool التي يمكنها تحويل الأجزاء إلى مواد التضاريس والمناطق الأحيائية.,"Aktiviert das Convert TerrainTool, mit dem Teile in Geländematerialien und Biome umgewandelt werden können.",Permite a TerrainTool convertir Parts en materiales y biomes del terreno.,Active l'outil Convert TerrainTool qui peut convertir des pièces en matériaux et biomes de terrain.,"कन्वर्ट TerrainTool चालू करता है, जो पार्ट्स को टेरेन मटीरियल और बायोम में बदल सकता है.",Mengaktifkan Convert TerrainTool yang dapat mengonversi Komponen menjadi material dan bioma Medan.,Abilita lo strumento di conversione del terreno che può convertire le parti in materiali di terreno e biomi.,パーツを地形の素材とバイオーム に変換できる TerrainTool 変換を有効化。,파트를 지형 재질 및 생물군으로 변환할 수 있는 Convert TerrainTool 전환을 활성화합니다.,"Udostępnia narzędzie do konwersji terenu, które umożliwia konwertowanie części na materiały terenu i biomy.","Habilita a ferramenta TerrainTool, que pode converter partes em materiais de terrenos e biomas.",,เปิดใช้งาน ConvertTerrainTool ซึ่งสามารถแปลงส่วนประกอบต่างๆ เป็นวัสดุและชีวนิเวศของภูมิประเทศได้,Parçaları arazi malzemelerine ve biyomlara dönüştürmekte kullanılan Dönüştürme arazi aracını etkinleştirir.,Kích hoạt Công Cụ Chuyển Đổi Địa Hình có thể chuyển đổi các Bộ Phận thành vật liệu và quần xã sinh vật của Địa Hình.,,,啟用可以將 Part 轉換成 Terrain 材質和生物群系的轉換 TerrainTool。
Studio.BetaFeatures.LegalDisclaimerTitle,,,Terms and Conditions,Terms and Conditions,الشروط والأحكام,Nutzungsbedingungen,Términos y condiciones,Termes et conditions,नियम और शर्तें,Syarat dan Ketentuan,Termini e condizioni,規約と条件,약관 및 조건,Warunki,Termos e Condições,,ข้อกำหนดและเงื่อนไข,Hüküm ve Koşullar,Điều Khoản và Điều Kiện,,,條款與條件
Studio.BetaFeatures.AICOTermsAndConditions,,,"Roblox provides the Code Generator tool (the ""Tool"") as an option to [enhance and support your creativity in Studio]. TO USE THE TOOL, YOU MUST ACCEPT AND AGREE TO THE BELOW. IF YOU DO NOT AGREE, YOU MUST NOT USE THE TOOL.
As reminder, the Tool is part of the ""Services"" as defined in the Roblox Terms of Use (the ""Terms""). Accordingly, your use of the Services is subject to the Terms, including the Creator Terms and the Roblox Community Standards, and, among other things, you must (i) use the Tool in a lawful manner and in compliance with all applicable laws, (ii) not reverse engineer, disassemble, decompile, or otherwise attempt to derive or gain access to the Tool; and (iii) use the Tool in a manner that does not infringe or attempt to infringe, misappropriate or otherwise violate any rights of Roblox or any other person or entity.
Due to its nature, the Tool may generate incorrect, misleading, offensive, or other information that is not useful for your purposes and that may be the same, similar, or different among users. The Tool is not intended to provide factual information or advice. ACCORDINGLY, YOUR USE OF THE TOOL IS AT YOUR OWN RISK, AND THE TOOL IS PROVIDED ""AS IS"" AND WITHOUT CONDITION, WARRANTY, GUARANTEE OR REPRESENTATION OF ANY KIND, EXPRESS OR IMPLIED (INCLUDING WITHOUT LIMITATION, ANY WARRANTY OF MERCHANTABILITY, FITNESS FOR A PARTICULAR PURPOSE, TITLE, NON-INFRINGEMENT, OR ERROR-FREE OR UNINTERRUPTED USE OF THE SERVICE). ROBLOX MAKES NO WARRANTY ABOUT CONTENT OR INFORMATION ACCESSIBLE THROUGH OR FROM THE TOOL, AND EXPRESSSLY DISCLAIMS THAT ANY DATA, CONTENT OR INFORMATION RESULTING FROM OR RELATED TO YOUR USE OF THE TOOL IS ACCURATE OR CAN OR SHOULD BE RELIED UPON BY YOU FOR ANY PURPOSE.
The model is trained on no private developer data and uses only public marketplace assets.","Roblox provides the Code Generator tool (the ""Tool"") as an option to [enhance and support your creativity in Studio]. TO USE THE TOOL, YOU MUST ACCEPT AND AGREE TO THE BELOW. IF YOU DO NOT AGREE, YOU MUST NOT USE THE TOOL.
As reminder, the Tool is part of the ""Services"" as defined in the Roblox Terms of Use (the ""Terms""). Accordingly, your use of the Services is subject to the Terms, including the Creator Terms and the Roblox Community Standards, and, among other things, you must (i) use the Tool in a lawful manner and in compliance with all applicable laws, (ii) not reverse engineer, disassemble, decompile, or otherwise attempt to derive or gain access to the Tool; and (iii) use the Tool in a manner that does not infringe or attempt to infringe, misappropriate or otherwise violate any rights of Roblox or any other person or entity.
Due to its nature, the Tool may generate incorrect, misleading, offensive, or other information that is not useful for your purposes and that may be the same, similar, or different among users. The Tool is not intended to provide factual information or advice. ACCORDINGLY, YOUR USE OF THE TOOL IS AT YOUR OWN RISK, AND THE TOOL IS PROVIDED ""AS IS"" AND WITHOUT CONDITION, WARRANTY, GUARANTEE OR REPRESENTATION OF ANY KIND, EXPRESS OR IMPLIED (INCLUDING WITHOUT LIMITATION, ANY WARRANTY OF MERCHANTABILITY, FITNESS FOR A PARTICULAR PURPOSE, TITLE, NON-INFRINGEMENT, OR ERROR-FREE OR UNINTERRUPTED USE OF THE SERVICE). ROBLOX MAKES NO WARRANTY ABOUT CONTENT OR INFORMATION ACCESSIBLE THROUGH OR FROM THE TOOL, AND EXPRESSSLY DISCLAIMS THAT ANY DATA, CONTENT OR INFORMATION RESULTING FROM OR RELATED TO YOUR USE OF THE TOOL IS ACCURATE OR CAN OR SHOULD BE RELIED UPON BY YOU FOR ANY PURPOSE.
The model is trained on no private developer data and uses only public marketplace assets.","توفر Roblox أداة منشئ الأكواد البرمجية (""الأداة"") كخيار لـ [تعزيز ودعم إبداعك في Studio]. لاستخدام الأداة، يجب عليك قبول ما يلي والموافقة عليه. إذا كنت لا توافق، فيجب عليك عدم استخدام الأداة. 
للتذكير، تعد الأداة جزءًا من ""الخدمات"" على النحو المحدد في شروط استخدام Roblox (""الشروط""). وفقًا لذلك، يخضع استخدامك للخدمات للشروط، بما في ذلك شروط المنشئ ومعايير مجتمع Roblox، ومن بين أمور أخرى، يجب عليك (i) استخدام الأداة بطريقة قانونية ووفقًا لجميع القوانين المعمول بها، (ii) عدم إجراء هندسة عكسية للأداة أو تفكيكها أو فك تجميعها أو محاولة استخراجها أو الوصول إليها بأي شكل من الأشكال؛ و (iii) استخدام الأداة بطريقة لا تنتهك أو تحاول انتهاك أو إساءة استخدام أو انتهاك أي حقوق لشركة Roblox أو أي شخص أو كيان آخر.
نظرًا لطبيعتها، قد تُنتج الأداة معلومات غير صحيحة، أو مضللة، أو مسيئة، أو معلومات أخرى غير مفيدة لأغراضك، وقد تكون مطابقة، أو متشابهة، أو مختلفة بين المستخدمين. ليس الهدف من الأداة تقديم معلومات أو نصائح واقعية.
وبالتالي، فإن استخدامك للأداة يكون على مسؤوليتك الخاصة، ويتم توفير الأداة ""كما هي"" ودون أي شرط، أو ضمان، أو كفالة، أو تمثيل من أي نوع، صريحًا كان أم ضمنيًا (بما في ذلك على سبيل المثال لا الحصر، أي ضمان للتسويق، أو الملاءمة لغرض معين، أو الملكية أو عدم الانتهاك، أو الاستخدام الخالي من الأخطاء، أو المتواصل للخدمة). لا تقدم ROBLOX أي ضمان بشأن المحتوى أو المعلومات التي يمكن الوصول إليها عبر الأداة أو من خلالها، وتخلي مسؤوليتها صراحةً عن ضمان دقة أي بيانات أو محتوى أو معلومات ناتجة عن أو متعلقة باستخدامك للأداة أو عن إمكانية الاعتماد عليها لأي غرض يخصك.
لا يتم تدريب نموذج التطبيقات على أي بيانات خاصة بالمطور ويستخدم فقط أصول السوق العامة.","Roblox stellt das Codegenerator-Tool (das ""Tool"") als Option zur Verfügung, um [deine Kreativität in Studio zu verbessern und zu unterstützen]. UM DAS TOOL NUTZEN ZU KÖNNEN, MUSST DU DICH MIT DEN FOLGENDEN BEDINGUNGEN EINVERSTANDEN ERKLÄREN. WENN DU NICHT DAMIT EINVERSTANDEN BIST, DARFST DU DAS TOOL NICHT BENUTZEN.
Zur Erinnerung: Das Tool ist Teil der ""Dienste"", wie in den Roblox-Nutzungsbedingungen (die ""Bedingungen"") definiert. Dementsprechend unterliegt deine Nutzung der Dienste den Bedingungen, einschließlich der Nutzungsbedingungen von Roblox für Creator und der Roblox-Community-Regeln, und du musst unter anderem (i) das Tool auf rechtmäßige Weise und in Übereinstimmung mit allen geltenden Gesetzen nutzen, (ii) davon absehen, dass Tool zurückzuentwickeln, zu zerlegen, zu dekompilieren oder anderweitig zu versuchen, dir Zugang zu ihm zu verschaffen, und (iii) das Tool auf eine Weise nutzen, die keine Rechte von Roblox oder einer anderen natürlichen oder juristischen Person verletzt oder zu verletzen versucht, sie sich zu eigen macht oder auf andere Weise beeinträchtigt.
Aufgrund seiner Beschaffenheit kann das Tool falsche, irreführende, beleidigende oder andere Informationen generieren, die für deine Zwecke nicht nützlich sind und die unter den Benutzern gleich, ähnlich oder unterschiedlich sein können. Das Tool ist nicht dazu gedacht, sachliche Informationen oder Ratschläge zu geben. DEMENTSPRECHEND ERFOLGT DIE NUTZUNG DES TOOLS AUF EIGENES RISIKO UND DAS TOOL WIRD OHNE MÄNGELGEWÄHR UND OHNE AUSDRÜCKLICHE ODER STILLSCHWEIGENDE BEDINGUNGEN, GARANTIEN ODER ZUSICHERUNGEN JEGLICHER ART ZUR VERFÜGUNG GESTELLT (EINSCHLIESSLICH UND OHNE EINSCHRÄNKUNG JEGLICHER GARANTIE DER MARKTGÄNGIGKEIT, DER EIGNUNG FÜR EINEN BESTIMMTEN ZWECK, DES EIGENTUMSRECHTS, DER NICHTVERLETZUNG VON RECHTEN ODER DER FEHLERFREIEN ODER UNUNTERBROCHENEN NUTZUNG DES DIENSTES). ROBLOX ÜBERNIMMT KEINE GARANTIE FÜR INHALTE ODER INFORMATIONEN, DIE ÜBER DAS TOOL ZUGÄNGLICH SIND, UND SICHERT AUSDRÜCKLICH NICHT ZU, DASS DATEN, INHALTE ODER INFORMATIONEN, DIE SICH AUS DER NUTZUNG DES TOOLS ERGEBEN ODER DAMIT IN ZUSAMMENHANG STEHEN, KORREKT SIND ODER DASS DU DICH FÜR IRGENDEINEN ZWECK DARAUF VERLASSEN KANNST ODER SOLLTEST.
Das Modell wird nicht auf Daten privater Entwickler trainiert und verwendet nur öffentliche Marktplatz-Objekte.","Roblox proporciona la herramienta Generador de código (la ""Herramienta"") como una opción para [mejorar y apoyar tu creatividad en Studio]. PARA UTILIZAR LA HERRAMIENTA, DEBES ACEPTAR Y ESTAR DE ACUERDO CON LO QUE SE INDICA A CONTINUACIÓN. SI NO ESTÁS DE ACUERDO, NO DEBES UTILIZARLA.
Como recordatorio, la Herramienta forma parte de los ""Servicios"", tal y como se definen en los Términos de uso de Roblox (los ""Términos""). En consecuencia, tu uso de los Servicios está sujeto a los Términos, incluidos los Términos del creador y las Normas de la comunidad Roblox, y, entre otras cosas, debes (i) utilizar la Herramienta de forma legal y de conformidad con todas las leyes aplicables, (ii) no realizar ingeniería inversa, desensamblar, descompilar o intentar derivar u obtener acceso a la Herramienta; y (iii) utilizar la Herramienta de forma que no infrinja o intente infringir, malversar o incumplir de cualquier otro modo cualquier derecho de Roblox o de cualquier otra persona o entidad.
Debido a su naturaleza, la Herramienta puede generar información incorrecta, engañosa, ofensiva o de otro tipo que no sea útil para tus fines y que puede ser igual, similar o diferente entre los usuarios. La Herramienta no pretende proporcionar información objetiva ni asesoramiento. EN CONSECUENCIA, EL USO QUE HAGAS DE LA HERRAMIENTA ES POR TU CUENTA Y RIESGO, Y LA HERRAMIENTA SE PROPORCIONA ""TAL CUAL"" Y SIN CONDICIONES, GARANTÍAS O REPRESENTACIONES DE NINGÚN TIPO, EXPRESAS O IMPLÍCITAS (INCLUYENDO, SIN LIMITACIÓN, CUALQUIER GARANTÍA DE COMERCIABILIDAD, IDONEIDAD PARA UN FIN DETERMINADO, TITULARIDAD, NO INFRACCIÓN O USO SIN ERRORES O ININTERRUMPIDO DEL SERVICIO). ROBLOX NO DA NINGUNA GARANTÍA SOBRE EL CONTENIDO O LA INFORMACIÓN ACCESIBLE A TRAVÉS O DESDE LA HERRAMIENTA, Y RENUNCIA EXPRESAMENTE A QUE CUALQUIER DATO, CONTENIDO O INFORMACIÓN RESULTANTE DE TU USO O RELACIONADA CON EL MISMO DE LA HERRAMIENTA SEA EXACTA O PUEDA O DEBA SER UTILIZADA POR TI PARA CUALQUIER FIN.
El modelo no se entrena con datos de desarrolladores privados y solo utiliza recursos del mercado público.","Roblox fournit l'outil Générateur de Code (« l'Outil ») comme option pour [améliorer et soutenir votre créativité dans le Studio]. POUR UTILISER L'OUTIL, VOUS DEVEZ ACCEPTER ET DONNER VOTRE ACCORD CI-DESSUS. SI VOUS NE DONNEZ PAS VOTRE ACCORD, VOUS NE POUVEZ PAS UTILISER L'OUTIL.
Comme rappel, l'outil fait partie des ""Services"" tels que définis dans les conditions d'utilisation de Roblox (les ""Conditions""). En conséquence, votre utilisation des Services est soumise aux Conditions, y compris les Conditions Générales du Créateur et les Normes de la communauté Roblox et, entre autres, vous devez (i) utiliser l'outil de manière légale et en conformité avec toutes les lois applicables, (ii) ne pas inverser l'ingénierie, le désassemblage, la décompilation, ou tenter autrement de dériver ou d'accéder à l'outil ; et (iii) de détourner ou de transgresser de quelque manière que ce soit les droits de Roblox ou de toute autre personne ou entité.
En raison de sa nature, l'outil peut générer des erreurs incorrectes, trompeuses, offensantes, ou toute autre information qui n'est pas utile à vos fins et qui peut être la même, similaire ou différente entre les utilisateurs. L'outil n'est pas destiné à fournir des informations factuelles ou des conseils. EN CONSÉQUENCE, VOTRE UTILISATION DE L'OUTIL EST À VOS PROPRES RISQUES, ET L'OUTIL EST FOURNI « TEL QUEL » ET SANS CONDITIONS, GARANTIE, REPRÉSENTATION DE QUELQUE NATURE QUE CE SOIT, EXPRESSE OU IMPLICITE (Y COMPRIS, SANS S'Y LIMITER, TOUTE GARANTIE DE QUALITÉ MARCHANDE, D'ADAPTATION À UN USAGE PARTICULIER, DE TITRE, D'ABSENCE DE CONTREFAÇON OU D'UTILISATION SANS ERREURS OU ININTERROMPUE DU SERVICE). ROBLOX NE DONNE AUCUNE GARANTIE SUR LE CONTENU OU LES INFORMATIONS ACCESSIBLES PAR L'INTERMÉDIAIRE DE L'OUTIL OU À PARTIR DE CELUI-CI ET DÉCLINE EXPRESSÉMENT QUE TOUTE DONNÉE, LE CONTENU OU LES RENSEIGNEMENTS RÉSULTANT DE VOTRE UTILISATION DE L'OUTIL SONT EXACTES OU PEUVENT ÊTRE UTILISÉES PAR VOUS POUR UN USAGE QUE CE SOIT.
Le modèle est conçu à partir d'aucune donnée de développeur privé et n'utilise que des actifs du marché public.","Roblox, कोड जेनरेटर टूल (""टूल"") को [Studio में अपनी क्रिएटिविटी को बढ़ाने और सपोर्ट करने] के विकल्प के रूप में देता है. टूल का इस्तेमाल करने के लिए, आपको नीचे दिए गए टूल को स्वीकार करना होगा और उससे सहमत होना होगा. अगर आप सहमत नहीं हैं, तो आपको टूल का इस्तेमाल नहीं करना चाहिए. रिमांइडर के रूप में, टूल Roblox उपयोग की शर्तों (""शर्तों"") में परिभाषित ""सेवाओं"" का हिस्सा है. उसी तरह, सेवाओं का आपका उपयोग शर्तों के अधीन है, जिसमें क्रिएटर की शर्तें और Roblox कम्यूनिटी स्टैंडर्ड शामिल हैं और अन्य बातों के अलावा, आपको (i) टूल का वैध तरीके से और सभी लागू कानूनों के अनुपालन में उपयोग करना होगा, (ii) इंजीनियर को रिवर्स, डिसअसेंबल, डिकंपाइल नहीं करना या अन्यथा टूल को ऐक्सेस करने या पाने का प्रयास नहीं करना होगा; और (iii) टूल का उपयोग इस तरह से करें जो Roblox या किसी अन्य व्यक्ति या इकाई के अधिकारों का उल्लंघन नहीं करता है.
इसकी आदत के कारण, टूल गलत तरीके से जेनरेट हो सकता है या किसी भी तरह की वॉरंटी के उपयोग के बिना किसी अन्य उद्देश्य के और आपकी दी गई जानकारी का उपयोग किया जा सकता है.","Roblox menyediakan alat Code Generator (""Alat"") sebagai opsi untuk [meningkatkan dan mendukung kreativitasmu di Studio]. UNTUK MENGGUNAKAN ALAT INI, KAMU HARUS MENERIMA DAN MENYETUJUI PERNYATAAN DI BAWAH INI. JIKA TIDAK SETUJU, KAMU DILARANG MENGGUNAKAN ALAT INI.
Sebagai pengingat, Alat ini adalah bagian dari ""Layanan"" sebagaimana dijelaskan dalam Ketentuan Layanan Roblox (""Ketentuan""). Karenanya, penggunaanmu atas Layanan ini harus tunduk pada Ketentuan, termasuk Ketentuan Kreator dan Standar Komunitas Roblox, serta, antara lain, kamu harus (i) menggunakan Alat dengan cara yang sah dan mematuhi semua peraturan perundang-undangan yang berlaku, (ii) tidak merekayasa balik, membongkar, mendekompilasi, atau berupaya membuat karya turunan atau mendapatkan akses ke Alat; dan (iii) menggunakan Alat dengan cara yang tidak melanggar atau berusaha melanggar, menyalahgunakan, atau melanggar hak Roblox, orang lain, atau entitas lain.
Mengingat sifatnya, Alat ini mungkin saja menghasilkan material yang tidak relevan, tidak akurat, menyinggung, atau tidak berguna untuk keperluanmu dan material yang mungkin saja sama, mirip, atau berbeda dengan pengguna lainnya. Alat ini tidak dimaksudkan untuk memberikan informasi atau saran yang faktual. KAMU BERTANGGUNG JAWAB ATAS RISIKO PENGGUNAAN ALAT, DAN ALAT DISEDIAKAN ""APA ADANYA"" DAN TANPA SYARAT, JAMINAN, GARANSI, ATAU PERNYATAAN APA PUN, BAIK TERSURAT MAUPUN TERSIRAT (TERMASUK, TETAPI TIDAK TERBATAS PADA, SEMUA JAMINAN TERKAIT KELAYAKAN UNTUK DIPERDAGANGKAN, KESESUAIAN UNTUK TUJUAN TERTENTU, HAK MILIK, KEBEBASAN DARI PELANGGARAN, KETERSEDIAAN, ATAU PENGGUNAAN BEBAS KESALAHAN ATAU BEBAS GANGGUAN APA PUN). ROBLOX SAMA SEKALI TIDAK MENJAMIN KONTEN ATAU MATERIAL YANG DAPAT DIAKSES MELALUI ATAU DARI ALAT, DAN DENGAN TEGAS MENAFIKAN BAHWA SEMUA KONTEN, GAMBAR, ATAU INFORMASI YANG DIHASILKAN DARI ATAU TERKAIT PENGGUNAAN ALAT BERSIFAT AKURAT, ANDAL, ATAU DAPAT ATAU SEHARUSNYA DAPAT DIANDALKAN OLEHMU UNTUK TUJUAN APA PUN.
Model ini tidak dilatih dengan data privat pengembang dan hanya menggunakan aset marketplace publik.","Roblox fornisce lo strumento Generatore di codici (lo ""Strumento"") come opzione per [migliorare e supportare la tua creatività in Studio]. PER UTILIZZARE LO STRUMENTO, DEVI ACCETTARE E ACCONSENTIRE A QUANTO SOTTO. SE NON SEI D'ACCORDO, NON DEVI UTILIZZARE LO STRUMENTO.
A titolo di promemoria, lo Strumento fa parte dei ""Servizi"" come definiti nei Termini di utilizzo di Roblox (i ""Termini""). Di conseguenza, l'utilizzo dei Servizi è soggetto ai Termini, inclusi i Termini di servizio dei creatori e gli Standard della community Roblox e, tra le altre cose, è necessario (i) utilizzare lo Strumento in modo legale e in conformità con tutte le leggi applicabili, (ii) non decodificare, disassemblare, decompilare o tentare in altro modo di derivare o ottenere l'accesso allo Strumento; e (iii) utilizzare lo Strumento in modo da non infrangere o tentare di infrangere, appropriarsi indebitamente o altrimenti violare alcun diritto di Roblox o di qualsiasi altra persona o entità. Per sua natura, lo Strumento può generare informazioni errate, fuorvianti, offensive o di altro tipo non utili ai tuoi scopi e che possono essere uguali, simili o diverse tra gli utenti. Lo strumento non ha lo scopo di fornire informazioni fattuali o consigli. DI CONSEGUENZA, L'UTILIZZO DELLO STRUMENTO È A PROPRIO RISCHIO E LO STRUMENTO VIENE FORNITO ""COSÌ COM'È"" E SENZA CONDIZIONI, GARANZIE O RAPPRESENTAZIONI DI ALCUN TIPO, ESPRESSE O IMPLICITE (COMPRESE, SENZA LIMITAZIONI, QUALSIASI GARANZIA DI COMMERCIABILITÀ, IDONEITÀ PER UNO SCOPO, TITOLO, NON VIOLAZIONE O UTILIZZO DEL SERVIZIO PRIVO DI ERRORI O ININTERROTTO). ROBLOX NON FORNISCE ALCUNA GARANZIA SUI CONTENUTI O SULLE INFORMAZIONI ACCESSIBILI ATTRAVERSO O DALLO STRUMENTO E NEGA ESPRESSAMENTE CHE QUALSIASI DATO, CONTENUTO O INFORMAZIONE DERIVANTE DA O CORRELATO ALL'UTILIZZO DELLO STRUMENTO SIA ACCURATO OPPURE POSSA O DEBBA ESSERE CONSIDERATO DA TE PER QUALSIASI SCOPO.
Il modello non viene addestrato su dati di sviluppatori privati e utilizza solo risorse del mercato pubblico.","Roblox（ロブロックス）は [Studio上で創造力を高め、サポートするため] のオプションとしてコード生成ツール（「本ツール」と記載）を提供しています。本ツールを使用するには、以下を承認してから同意しなければなりません。同意しない場合は、本ツールを使用できません。
ツールは、Roblox利用規約（「本規約」）で定義されている「本サービス」の一部ですのでご注意ください。従って、本サービスのご利用は、クリエーター規約とRobloxコミュニティ基準を含む当規約に従うことが条件となり、 その他にも (i) 本ツールを適用可能なすべての法律に則って合法的に使用しなければならず、 (ii) リバースエンジニアリング（逆行分析）、逆アセンブル、逆コンパイル、その他の派生やアクセスの試みを禁止します。そして、 (iii) Robloxまたはその他の個人やいかなる組織のいかなる権利をも侵害したり、侵害しようと試みたり、不正利用したり、侵したりしない方法で本ツールを使用しなければなりません。
その特性から、本ツールが間違いや誤解を生む内容、不快なもの、またはあなたが使用する目的には役に立たないその他の情報を生成する可能性があり、それはユーザーによって同じ場合もあれば、似たような場合もあれば、違う場合もあります。本ツールは、事実に基づいた情報やアドバイスを提供する意図で作成されたものではありません。従って、本ツールの使用はご自身の責任において行われるものとし、本ツールは「現状のまま」提供され、明示してあるか暗黙の了解かどうかを問わず、いかなる種類の条件や保証、または表明（商品性、特定の目的への適合性、権利、非侵害、または本サービスのエラーフリーな状態、もしくは中断されない使用に関する保証を含むがこれに限定されない）もないものとします。　
Robloxは、本ツールを通じて、または本ツールからアクセスできるコンテンツや情報についていかなる保証もせず、本ツールの使用に起因、または関連するデータ、コンテンツまたは情報が正確であること、またはいかなる目的においてもユーザーがこれを信頼できること、または信頼すべきことを明示的に否定します。
このモデルは、個人の開発者データを使用せず、公開済みのマーケットプレイスにあるアセットのみを使用してトレーニングされています。","Roblox는 [Studio에서의 창의성 지원 및 향상]을 위한 옵션으로 코드 생성기 도구(이하 '도구')를 제공합니다. 도구를 사용하려면 아래 내용을 수락하고 이에 동의해야 합니다. 동의하지 않으면 도구를 사용해서는 안 됩니다.
참고로 본 도구는 Roblox 이용 약관(이하 '약관')에 정의된 '서비스'의 일부입니다. 따라서 귀하의 서비스 이용은 크리에이터 약관 및 Roblox 커뮤니티 규정을 포함한 약관의 적용을 받으며, 무엇보다도 (i) 모든 관련 법률을 준수하고 합법적인 방식으로 도구를 사용해야 하고, (ii) 리버스 엔지니어링, 디스어셈블, 디컴파일하거나 기타 방식으로 도구를 파생시키거나 도구에 대한 액세스 권한을 얻으려고 시도하지 않아야 하며, (iii) Roblox 또는 다른 사람이나 단체의 권리를 침해하거나 침해, 유용 또는 달리 침범하려는 시도를 하지 않는 방식으로 도구를 사용해야 합니다.
본 도구는 그 특성상 귀하의 목적 달성에 유용하지 않고 사용자 간에 동일하거나 유사하거나 다를 수 있는 부정확하거나 오해의 소지가 있거나 공격적이거나 하는 등의 정보를 생성할 수 있습니다. 본 도구는 사실에 입각한 정보나 조언을 제공하기 위한 것이 아닙니다. 따라서 귀하의 도구 사용에 따른 위험은 귀하의 책임이며, 도구는 명시적이든 묵시적이든 어떠한 종류의 조건, 보증, 보장 또는 진술 없이 '있는 그대로' 제공됩니다(상품성, 특정 목적에의 적합성, 소유권, 비침해, 가용성 또는 오류나 중단 없는 사용에 대한 보증을 포함하되 이에 국한되지 않음). Roblox는 도구를 통하거나 도구에서 액세스할 수 있는 콘텐츠 또는 정보에 대해 어떠한 보증도 하지 않으며, 도구 사용으로 인해 발생하거나 도구 사용과 관련된 모든 데이터, 콘텐츠 또는 정보가 정확하거나 귀하가 어떤 목적으로든 신뢰할 수 있거나 신뢰할 수 있어야 함을 명시적으로 부인합니다.
이 모델은 비공개 개발자 데이터로 훈련되지 않으며 공개 마켓플레이스 애셋만 사용합니다.","Roblox udostępnia narzędzie Generator kodu („Narzędzie”) jako opcjonalne, aby [zwiększyć i wspomóc kreatywność użytkownika podczas korzystania z aplikacji Studio]. ABY KORZYSTAĆ Z TEGO NARZĘDZIA, MUSISZ ZAAKCEPTOWAĆ PONIŻSZE WARUNKI. JEŚLI NIE WYRAŻASZ NA NIE ZGODY, NIE MOŻESZ KORZYSTAĆ Z NARZĘDZIA.
Przypominamy, że Narzędzie stanowi część „Usług” zdefiniowanych w Warunkach użytkowania platformy Roblox („Warunkach”). Korzystanie z Usług podlega Warunkom, w tym Warunkom dotyczącym twórców oraz Standardom Społeczności platformy Roblox, a ponadto użytkownik jest między innymi zobowiązany do: (i) korzystania z Narzędzia w sposób zgodny z prawem i wszelkimi obowiązującymi przepisami; (ii) niepodejmowania działań związanych z odtwarzaniem kodu źródłowego, dezasemblowaniem, dekompilowaniem i wszelkimi innymi próbami odtworzenia lub uzyskania dostępu do Narzędzia; oraz (iii) korzystania z Narzędzia w sposób, który nie narusza ani nie zmierza do naruszenia, sprzeniewierzenia lub innego rodzaju pogwałcenia jakichkolwiek praw firmy Roblox lub dowolnej innej osoby lub podmiotu.
Ze względu na naturę Narzędzia może ono generować informacje nieprawidłowe, wprowadzające w błąd, obraźliwe lub informacje w inny sposób nieprzydatne do celów użytkownika i informacje te mogą być takie same, podobne lub inne w przypadku różnych użytkowników. Narzędzie nie jest przeznaczone do dostarczania informacji lub porad zgodnych ze stanem faktycznym. W ZWIĄZKU Z POWYŻSZYM UŻYTKOWNIK KORZYSTA Z NARZĘDZIA NA WŁASNE RYZYKO, A NARZĘDZIE JEST DOSTARCZANE W STANIE „TAKIM, W JAKIM JEST” I BEZ ŻADNEGO RODZAJU WARUNKÓW, GWARANCJI ANI ZAPEWNIEŃ, WYRAŹNYCH ANI DOROZUMIANYCH (W TYM MIĘDZY INNYMI JAKICHKOLWIEK GWARANCJI POKUPNOŚCI, PRZYDATNOŚCI DO OKREŚLONEGO CELU, TYTUŁÓW, NIENARUSZANIA PRAW LUB WOLNOŚCI OD BŁĘDÓW CZY NIEZAKŁÓCONEGO KORZYSTANIA Z USŁUGI). ROBLOX NIE UDZIELA GWARANCJI DOTYCZĄCYCH ZAWARTOŚCI ANI INFORMACJI DOSTĘPNYCH POPRZEZ NARZĘDZIE LUB POZYSKANYCH Z NARZĘDZIA, I W SPOSÓB WYRAŹNY DEMENTUJE, ŻE JAKIEKOLWIEK DANE, ZAWARTOŚĆ LUB INFORMACJE WYNIKAJĄCE Z KORZYSTANIA PRZEZ UŻYTKOWNIKA Z NARZĘDZIA LUB ZWIĄZANE Z TAKIM KORZYSTANIEM SĄ PRAWIDŁOWE ANI ŻE MOGĄ LUB POWINNY NADAWAĆ SIĘ DO WYKORZYSTANIA DO JAKIEGOKOLWIEK CELU.
Model nie jest uczony na żadnych danych prywatnych deweloperów i wykorzystuje wyłącznie zasoby z rynku publicznego.","A Roblox fornece a ferramenta Gerador de Código (a ""Ferramenta"") como uma opção para [melhorar e apoiar a sua criatividade no Studio]. PARA USAR A FERRAMENTA, VOCÊ DEVE ACEITAR E CONCORDAR COM O SEGUINTE. SE VOCÊ NÃO CONCORDA, VOCÊ NÃO DEVE USAR A FERRAMENTA.
Como lembrete, a Ferramenta faz parte dos ""Serviços"" conforme definido nos Termos de Uso da Roblox (os ""Termos""). Consequentemente, seu uso dos Serviços está sujeito aos Termos, incluindo os Termos do Criador e as Normas Comunitárias Roblox, entre outras coisas, você deve (i) usar a Ferramenta de forma legal e em conformidade com todas as leis aplicáveis. (ii) não fazer engenharia reversa, desmontar, descompilar ou de outra forma tentar derivar ou obter acesso à Ferramenta; e (ii) use a Ferramenta de maneira que não infrinja ou tente infringir, apropria-se indevidamente ou violar quaisquer direitos da Roblox ou de qualquer outra pessoa ou entidade.
Devido à sua natureza, a ferramenta pode gerar informações incorretas, ofensivas ou outras informações que não são úteis para seus objetivos e que podem ser as mesmas, similares ou diferentes entre os usuários. A Ferramenta não pretende fornecer informações ou conselhos factuais. DE ACORDO, SEU USO DA FERRAMENTA É POR SUA CONTA E RISCO, E A FERRAMENTA É FORNECIDA ""COMO ESTÁ"" E SEM CONDIÇÃO, GARANTIA OU REPRESENTAÇÃO DE QUALQUER TIPO, EXPRESSAMENTE OU IMPLÍCITAMENTE (INCLUINDO SEM LIMITAÇÃO, QUALQUER GARANTIA DE COMERCIALIZAÇÃO, ADEQUAÇÃO PARA UM USO DE PROPÓSTIO PARTICULAR, TÍTULO, NÃO-INFRINGIMENTO, OU LIVRE DE ERROS OU SEM INTERRUPÇÃO DE USO DO SERVIÇO). A ROBLOX NÃO FAZ GARANTIA SOBRE O CONTEÚDO OU INFORMAÇÃO DE ACESSÍVEIS ATRAVÉS DA FERRAMENTA E EXPRESSAMENTE AVISA QUE QUALQUER DADO, CONTEÚDO OU INFORMAÇÃO RESULTANTE DE OU RELACIONADO AO SEU USO DA FERRAMENTA É PRECISO EOU PODE OU DEVE SER UTILIZADO COM CONFIANÇA PARA QUALQUER PROPÓSITO.
O modelo não é treinado em nenhum dado de desenvolvedor privado e usa apenas ativos do mercado público.",,"Roblox จัดทำเครื่องมือ Code Generator (""เครื่องมือ"") ในฐานะตัวเลือกของ [การเสริมสร้างและสนับสนุนความคิดสร้างสรรค์ของคุณใน Studio] หากต้องการใช้เครื่องมือ คุณต้องยอมรับและตกลงตามข้อกำหนดและเงื่อนไขด้านล่างนี้ หากคุณไม่ยอมรับ คุณต้องไม่ใช้เครื่องมือดังกล่าว
โปรดทราบว่า เครื่องมือนี้เป็นส่วนหนึ่งของ ""บริการ"" ตามที่กำหนดไว้ในข้อกำหนดการใช้งาน Roblox (""ข้อกำหนด"") ดังนั้น การใช้บริการของคุณ อยู่ภายใต้ข้อกำหนด รวมถึงข้อกำหนดสำหรับครีเอเตอร์ และมาตรฐานชุมชนของ Roblox และนอกเหนือจากสิ่งอื่นใดแล้ว คุณต้อง (i) ใช้เครื่องมือในลักษณะที่ถูกต้องตามกฎหมายและสอดคล้องกับกฎหมายที่บังคับใช้ทั้งหมด (ii) ไม่ทำวิศวกรรมย้อนกลับ แยกองค์ประกอบ ถอดรหัส หรือพยายามอย่างอื่นเพื่อให้ได้มาหรือเข้าถึงเครื่องมือ และ (iii) ใช้เครื่องมือในลักษณะที่ไม่ละเมิดหรือพยายามละเมิด ใช้ในทางที่ผิดหรือละเมิดสิทธิใดๆ ของ Roblox หรือบุคคลหรือนิติบุคคลอื่นใด
โปรดทราบว่าเครื่องมือ อาจสร้างข้อมูลที่ไม่ถูกต้อง ทำให้เข้าใจผิด น่ารังเกียจ ไม่น่าเชื่อถือ หรือเนื้อหาและข้อมูลอื่นๆ ที่ไม่เป็นประโยชน์สำหรับวัตถุประสงค์ของคุณ และอาจเหมือนกัน คล้ายคลึงกัน หรือแตกต่างกันในหมู่ผู้ใช้ เครื่องมือนี้ไม่ได้มีวัตถุประสงค์เพื่อให้ข้อมูลหรือคำแนะนำที่เป็นข้อเท็จจริง ดังนั้นแล้ว การใช้เครื่องมือของคุณถือเป็นความเสี่ยงของคุณเอง และเครื่องมือนี้มีให้ ""ตามสภาพที่เป็นอยู่"" และไม่มีการให้เงื่อนไข การรับประกัน หรือการรับรองใดๆ ทั้งโดยชัดแจ้งหรือโดยนัย (รวมถึงแต่ไม่จำกัดเพียง การรับประกันเรื่องการใช้สอยสินค้าสมประโยชน์ตามวิสัยของการใช้ทั่วๆ ไป ความเหมาะสมตามวัตถุประสงค์ที่กำหนด กรรมสิทธิ์ การไม่ละเมิด หรือปราศจากข้อผิดพลาด หรือการใช้บริการอย่างต่อเนื่อง) ROBLOX ไม่รับประกันเกี่ยวกับเนื้อหาหรือข้อมูลที่เข้าถึงได้ผ่านหรือจากเครื่องมือ และขอปฏิเสธความรับผิดชอบอย่างชัดแจ้งว่าเนื้อหาหรือข้อมูลใดๆ ที่เป็นผลจากหรือเกี่ยวข้องกับการใช้เครื่องมือของคุณนั้นมีความถูกต้อง หรือคุณสามารถหรือควรพึ่งพาเนื้อหาหรือข้อมูลนั้นเพื่อวัตถุประสงค์ใดๆ ได้
โมเดลนี้ไม่ได้รับการฝึกฝนกับข้อมูลนักพัฒนาที่เป็นส่วนตัว และใช้ทรัพยากรมาร์เก็ตเพลสสาธารณะเท่านั้น","Roblox, Kod Üreticisi aracını (""Araç""), [Studio'da yaratıcılığı artırmak ve desteklemek] için bir seçenek olarak sunar. ARACI KULLANMAK İÇİN AŞAĞIDAKİLERİ KABUL EDİP ONAYLAMAN GEREKİR. AKSİ TAKDİRDE ARACI KULLANMAMAN GEREKİR.
Araç, Roblox Kullanım Koşulları'nda (""Koşullar"") tanımlandığı üzere ""Hizmetler""in bir parçasıdır. Dolayısıyla Hizmet kullanımın, Yaratıcı Koşulları ve Roblox Topluluk Standartları da dâhil olmak üzere Koşullara tabidir ve diğer hususların yanı sıra (i) Aracı yasal yollardan ve geçerli tüm yasalara uygun şekilde kullanman, (ii) Araca tersine mühendislik uygulamaman, Aracı tersine çevirmemen, geri derlememen veya başka herhangi bir şekilde türetmeye veya erişime açmaya çalışmaman ve (iii) Aracı kullanırken Roblox'un ya da başka herhangi bir kişi veya kuruluşun haklarını ihlal etmemen veya ihlal etmeye çalışmaman, suistimal etmemen veya başka herhangi bir şekilde çiğnememen gerekir.
Araç; doğası gereği yanlış, yanıltıcı, uygunsuz veya amacın doğrultusunda faydalı olmayan ve kullanıcılar arasında özdeşlik, benzerlik veya farklılık gösteren bilgiler üretebilir. Araç, gerçeklere dayalı bilgi ya da öneri sunmak için tasarlanmamıştır. DOLAYISIYLA ARACIN KULLANIMINDA RİSKLERİN SORUMLULUĞU SANA AİTTİR VE ARAÇ; AÇIK VEYA ZIMNİ HERHANGİ BİR KOŞUL, GARANTİ, TEMİNAT VEYA BEYAN BULUNMAKSIZIN ""OLDUĞU GİBİ"" SUNULUR (BUNLARLA SINIRLI OLMAKSIZIN HERHANGİ BİR PAZARLANABİLİRLİK, BELİRLİ BİR AMACA UYGUNLUK, MÜLKİYET, İHLAL ETMEME YA DA HİZMETİN HATASIZ VEYA KESİNTİSİZ KULLANIMI TEMİNATI). ROBLOX, ARAÇ ARACILIĞIYLA VEYA ARAÇ ÜZERİNDEN ERİŞİLEBİLİR İÇERİKLER YA DA BİLGİLER HAKKINDA HERHANGİ BİR TEMİNAT VERMEZ VE ARAÇ KULLANIMI KAYNAKLI VEYA ARAÇ KULLANIMIYLA İLGİLİ HERHANGİ BİR VERİNİN, İÇERİĞİN YA DA BİLGİNİN KESİNLİKLE DOĞRU OLACAĞINI VEYA BU İÇERİKLERE HERHANGİ BİR AMAÇLA GÜVENİLEBİLECEĞİNİ VEYA GÜVENİLMESİ GEREKTİĞİNİ AÇIKÇA REDDEDER.
Model, özel geliştirici verileriyle eğitilmemiştir ve yalnızca herkese açık pazar yeri varlıklarını kullanır.","Roblox cung cấp công cụ Trình Tạo Mã (""Công Cụ"") như một tùy chọn để [nâng cao và hỗ trợ khả năng sáng tạo của bạn trong Studio]. ĐỂ SỬ DỤNG CÔNG CỤ, BẠN PHẢI CHẤP NHẬN VÀ ĐỒNG Ý VỚI NHỮNG ĐIỀU KIỆN BÊN DƯỚI. NẾU KHÔNG, BẠN SẼ KHÔNG SỬ DỤNG ĐƯỢC CÔNG CỤ.
Lưu ý, Công Cụ là một phần của ""Dịch Vụ"" theo định nghĩa trong Điều Khoản Sử Dụng của Roblox (""Điều Khoản""). Theo đó, việc bạn sử dụng Dịch Vụ phải tuân theo Điều Khoản, bao gồm Điều Khoản Dành Cho Nhà Sáng Tạo và Tiêu Chuẩn Cộng Đồng Roblox, cùng các điều khoản khác, bạn phải (i) sử dụng Công Cụ một cách hợp pháp và tuân thủ tất cả các luật hiện hành, (ii) không bẻ khóa, phân rã, giải biên dịch hoặc cố gắng lấy hoặc truy cập vào Công Cụ; và (iii) sử dụng Công cụ theo cách không vi phạm hoặc cố gắng vi phạm, chiếm dụng sai hoặc vi phạm bất kỳ quyền nào của Roblox hoặc bất kỳ cá nhân hoặc tổ chức nào khác.
Do bản chất của mình, Công Cụ có thể tạo ra thông tin không chính xác, gây hiểu lầm, xúc phạm hoặc các thông tin khác không hữu ích cho mục đích của bạn và có thể giống nhau, tương tự hoặc khác nhau giữa người dùng. Công Cụ không nhằm mục đích cung cấp thông tin hoặc lời khuyên thực tế. DO ĐÓ, BẠN TỰ CHỊU RỦI RO KHI SỬ DỤNG CÔNG CỤ VÀ CÔNG CỤ ĐƯỢC CUNG CẤP TRÊN CƠ SỞ ""NGUYÊN TRẠNG"" VÀ KHÔNG CÓ ĐIỀU KIỆN, BẢO HÀNH, BẢO LÃNH HOẶC CAM ĐOAN DƯỚI BẤT KỲ HÌNH THỨC NÀO, DÙ LÀ RÕ RÀNG HAY NGỤ Ý (BAO GỒM NHƯNG KHÔNG GIỚI HẠN Ở BẤT KỲ SỰ BẢO ĐẢM VỀ KHẢ NĂNG THƯƠNG MẠI, PHÙ HỢP VỚI MỤC ĐÍCH CỤ THỂ, QUYỀN SỞ HỮU, VIỆC KHÔNG VI PHẠM HOẶC KHÔNG GẶP LỖI HAY KHÔNG BỊ GIÁN ĐOẠN KHI SỬ DỤNG DỊCH VỤ). ROBLOX KHÔNG BẢO HÀNH VỀ NỘI DUNG HOẶC THÔNG TIN CÓ THỂ TRUY CẬP QUA HOẶC TỪ CÔNG CỤ, ĐỒNG THỜI KHƯỚC TỪ TRÁCH NHIỆM MỘT CÁCH RÕ RÀNG VỀ VIỆC BẤT KỲ DỮ LIỆU, NỘI DUNG HOẶC THÔNG TIN NÀO PHÁT SINH TỪ HOẶC LIÊN QUAN ĐẾN VIỆC SỬ DỤNG CÔNG CỤ CỦA BẠN LÀ CHÍNH XÁC HOẶC BẠN CÓ THỂ HAY NÊN TIN TƯỞNG CHO BẤT KỲ MỤC ĐÍCH NÀO.
Mô hình được đào tạo dựa trên dữ liệu công khai của nhà phát triển và chỉ sử dụng tài sản công khai trên chợ.",,,"Roblox 提供程式碼產生器工具（下稱「工具」）作為增強和支援您在 Studio 中創造力的選項。使用該工具，您必須接受並同意以下條款。如果您不同意，則不得使用該工具。
提醒您，根據 Roblox 使用條款（下稱「條款」）的定義，該工具屬於 Roblox 服務的一部分。因此，您使用服務時受條款（包括創作者條款和 Roblox 社群標準）的約束，並且必須 (i) 以合法的方式使用該工具並遵守所有適用法律，(ii) 不得透過逆向工程、反編譯或以其他方式試圖推導或獲得存取工具的權限；(iii) 使用該工具時不得侵犯或試圖侵犯、盜用或以其他方式侵犯 Roblox 或任何其他個人或實體的任何權利。
由於工具性質的緣故，該工具可能產生不正確、誤導、冒犯或對您無幫助的其他資訊，並且這些資訊在使用者之間可能相同、相似或不同。該工具非旨在提供事實資訊或建議。因此，您使用該工具的風險由您自行承擔，該工具以「原樣」提供，且不帶任何條件、保證、擔保或任何形式的明示或默認（包括但不限於任何適銷性、特定用途適用性、標題、非侵權或服務無錯誤或無中斷的任何擔保）。Roblox 對透過該工具存取或從中存取的內容或資訊不提供保證，並明確聲明您使用該工具所產生或相關的任何資料、內容或資訊均準確無誤或可以或應該被您用於任何用途。
該模型未訓練任何私人資料，僅使用公開市集資產。"
Studio.BetaFeatures.LegalDisclaimerBottomHeader,,,Do you accept the Terms and Conditions?,Do you accept the Terms and Conditions?,هل تقبل الشروط والأحكام؟,Akzeptierst du die Nutzungsbedingungen?,¿Aceptas los Términos y las Condiciones?,Acceptes-tu les conditions générales ?,क्या आपको नियम और शर्तें स्वीकार हैं?,Setuju dengan Syarat dan Ketentuan tersebut?,Accetti Termini e Condizioni?,規約と条件に同意しますか？,약관 및 조건에 동의하시나요?,Czy akceptujesz niniejsze Warunki?,Você aceita os Termos e Condições?,,คุณยอมรับข้อกำหนดและเงื่อนไขดังกล่าวหรือไม่?,Hüküm ve Koşulları kabul ediyor musun?,Bạn có chấp nhận các Điều Khoản và Điều Kiện không?,,,是否接受本條款和條件？
Studio.BetaFeatures.ScriptEditorDescription,,,Customizable Semantic Highlighting and Temporary tabs that open Scripts in preview mode by default.,Customizable Semantic Highlighting and Temporary tabs that open Scripts in preview mode by default.,إبراز دلالي قابل للتخصيص وعلامات تبويب مؤقتة تفتح النصوص البرمجية في وضع المعاينة افتراضيًا.,"Anpassbare semantische Markierung und temporäre Tabs, die Skripte standardmäßig im Vorschaumodus öffnen.",Resaltado semántico personalizable y pestañas temporales que abren los scripts en modo de vista previa por defecto.,Mise en évidence sémantique personnalisable et onglets temporaires qui ouvrent les scripts en mode prévisualisation par défaut.,कस्टमाइज़ेबल सिमेंटिक हाइलाइटिंग और अस्थायी टैब जो डिफ़ॉल्ट रूप से प्रीव्यू मोड में स्क्रिप्ट खोलते हैं.,Penyorotan Semantik yang bisa Dikustomisasi dan Tab sementara yang secara default membuka Skrip dalam mode pratinjau.,Colorazione semantica personalizzabile e schede temporanee che aprono gli script in modalità anteprima per impostazione predefinita.,デフォルトのプレビューモードでスクリプトを開くカスタム可能な文脈依存ハイライト機能と一時タブ。,"사용자 정의가 가능한 의미 강조 표시 및 임시 탭으로, 스크립트를 기본적으로 미리 보기 모드에서 엽니다.","Konfigurowalne wyróżnianie semantyczne i karty tymczasowe, w których skrypty otwierane są domyślnie w trybie podglądu.",Realce de semântica personalizado e abas temporárias que abrem scripts em modo de prévia por padrão.,,การไฮไลต์ตามความหมายที่ปรับแต่งได้ และแท็บชั่วคราวที่เปิดสคริปต์ในโหมดการดูตัวอย่างโดยค่าเริ่มต้น,Özelleştirilebilir semantik vurgulama ve betikleri varsayılan olarak ön izleme modunda açan geçici sekmeler.,Thẻ Tô Sáng Ngữ Nghĩa Có Thể Tùy Chỉnh và thẻ Tạm Thời mở Tập Lệnh ở chế độ xem trước theo mặc định.,,,預設以預覽模式開啟指令碼的可自訂語義標記與臨時標籤。
Studio.BetaFeatures.TryCoolFeaturesWithWarning,,,Try out cool new features before they are released to everyone! Please be aware that Beta features could be unstable. Your feedback is invaluable to us as we move towards building the imagination platform.,Try out cool new features before they are released to everyone! Please be aware that Beta features could be unstable. Your feedback is invaluable to us as we move towards building the imagination platform.,جرّب الميزات الجديدة الرائعة قبل إطلاقها للجميع! يرجى العلم بأن ميزات الإصدار التجريبي قد تكون غير مستقرة. ملاحظاتك قيّمة للغاية بالنسبة لنا بينما نمضي قدمًا نحو بناء منصة نسج الخيال.,"Teste coole neue Funktionen, bevor sie für alle veröffentlicht werden! Bitte beachte, dass die Beta-Funktionen instabil sein könnten. Dein Feedback ist uns bei der Entwicklung unserer „Plattform der Vorstellungskraft“ sehr wichtig.",Prueba nuestras nuevas funciones antes de que estén disponibles para todo el mundo. Ten en cuenta que las funciones beta pueden ser inestables. Tu opinión es muy importante mientras construimos la plataforma de la imaginación.,Essaie les nouvelles fonctionnalités avant qu'elles ne soient présentées à tout le monde ! Garde à l'esprit que les fonctionnalités bêta peuvent être instables. Tes commentaires nous sont très précieux dans le cadre de la construction de la plateforme de l'imagination.,सभी के लिए रिलीज़ होने से पहले बेहतरीन नए फ़ीचर आज़माएँ! ध्यान रखें कि बीटा फ़ीचर अस्थिर हो सकते हैं. हम इमैजिनेशन प्लैटफ़ॉर्म बनाने की दिशा में आगे बढ़ रहे हैं और आपका फ़ीडबैक हमारे लिए बहुत मायने रखता है.,"Cobalah fitur keren baru sebelum diluncurkan untuk publik! Ingat, fitur Beta mungkin belum stabil. Masukanmu sangat berarti seiring kami mengembangkan platform imajinasi ini.",Prova le nuove strepitose funzionalità appena rilasciate! Ricorda che le funzionalità beta potrebbero essere instabili. Il tuo feedback è fondamentale per permetterci di creare questa piattaforma di immaginazione.,公開前に便利な新機能を試しましょう！ベータ機能は不安定になる可能性があることをご理解ください。みなさんからのフィードバックは、想像力を駆使できるプラットフォーム作りに取り組む当社にとってかけがえのないものです。,새로운 기능이 공식적으로 출시되기 전에 먼저 사용해 보세요! 베타 기능은 불안정할 수 있습니다. 여러분이 보내주시는 피드백은 상상 플랫폼을 구현하는 데 상당히 큰 도움이 됩니다.,"Wypróbuj świetne nowe funkcje, zanim zostaną udostępnione wszystkim użytkownikom! Pamiętaj, że funkcje w wersji beta mogą działać niestabilnie. Twoja opinia w nieoceniony sposób pomaga nam w tworzeniu wyjątkowej platformy wyobraźni.",Experimente novas funcionalidades do Studio antes que elas sejam lançadas para o público geral! Entenda que as funcionalidades beta podem ser instáveis. Sua avaliação é muito importante para nós enquanto avançamos na construção da plataforma de imaginação.,,ลองคุณสมบัติใหม่สุดเจ๋งก่อนปล่อยให้ทุกคนใช้งาน! โปรดทราบว่าคุณสมบัติเวอร์ชัน Beta อาจไม่เสถียร ข้อเสนอแนะของคุณมีค่าอย่างยิ่งสำหรับเราในการเดินหน้าสร้างแพลตฟอร์มแห่งจินตนาการ,Harika yeni özellikleri herkes kullanmaya başlamadan önce dene! Beta özelliklerin kararsız olabileceğini lütfen unutma. Hayal gücü platformunu inşa etme yolculuğumuzda ilerlerken geri bildirimin bizim için çok önemli.,Hãy thử các tính năng mới thú vị trước khi chúng được phát hành rộng rãi! Xin lưu ý rằng các tính năng Beta có thể không ổn định. Ý kiến đóng góp của bạn vô cùng giá trị đối với chúng tôi để xây dựng nền tảng phát triển trí tưởng tượng.,,,先行嘗試尚未推出的功能！請注意，Beta 測試功能可能會有穩定性問題。您的寶貴意見將會協助我們打造一個更完善的想像力平台。
Studio.BetaFeatures.AutoUpdateDescription,,,Adds an option to automatically update a package when a newer package is available,Adds an option to automatically update a package when a newer package is available,يضيف خيارًا لتحديث الحزمة تلقائيًا عند توفر إصدار أحدث منها,"Fügt eine Option hinzu, die das automatische Aktualisieren eines Pakets ermöglicht, wenn ein neueres Paket verfügbar ist",Añade la opción de actualizar automáticamente un paquete cuando haya uno nuevo disponible,Ajoute automatiquement l'option de mettre à jour dès qu'un nouveau package est disponible,नया पैकेज उपलब्ध होने पर पैकेज को ऑटोमैटिक रूप से अपडेट करने का विकल्प जोड़ता है,Menambahkan opsi untuk meng-update paket secara otomatis ketika ada paket baru,Aggiunge un'opzione per aggiornare automaticamente un pacchetto quando è disponibile un nuovo pacchetto,新しいパッケージがある場合は自動的にパッケージを更新するオプションを追加,새로운 패키지가 이용 가능할 때 자동으로 업데이트하는 옵션을 추가합니다.,"Dodaje opcję automatycznego aktualizowania pakietu, gdy dostępny jest nowszy pakiet",Adiciona uma opção para atualizar automaticamente um pacote quando um novo pacote estiver disponível,,เพิ่มตัวเลือกในการอัปเดตแพ็คเกจอัตโนมัติเมื่อมีแพ็คเกจที่ใหม่กว่าพร้อมใช้งาน,Yeni bir paket mevcut olduğunda paketi otomatik olarak güncelleme seçeneği ekler,Thêm tùy chọn tự động cập nhật gói khi có gói mới hơn,,,新增在有新套件時自動更新的選項
Studio.BetaFeatures.SurfaceJoinChangesDescription,,,"Remove the 'Surface' Join Mode, all surfaces create ManualWelds.","Remove the 'Surface' Join Mode, all surfaces create ManualWelds.","قم بإزالة وضع انضمام ""السطح""، حيث تنشئ جميع الأسطح ManualWelds.",Entferne den Verbindungsmodus 'Surface'. Alle Oberflächen erstellen ManualWelds.,Eliminar el modo Unión de 'Surface'. Todas las superficies crean ManualWelds.,"Retirer le mode d'adhésion ""Surface"", toutes les surfaces créent des ManualWelds.","'सर्फ़ेस' जॉइन मोड हटाएँ, सभी सर्फ़ेस ManualWelds क्रिएट करती हैं.",Menghapus Mode Gabung 'Surface'. Semua permukaan membuat ManualWelds.,"Rimuovi la modalità unione di ""Superficie"". Tutte le superfici creano ManualWelds.",'Surface' 結合モードを削除し、すべての表面を ManualWelds で作成,"'표면' 결합 모드를 제거하고, 모든 표면이 ManualWeld를 만듭니다.","Usuń tryb łączenia „Powierzchnia”, wszystkie powierzchnie tworzą połączenia ManualWeld.","Remove o modo de junção 'Surface', todas as superfícies criam ManualWelds.",,"ลบโหมดประสาน ""พื้นผิว"" พื้นผิวทั้งหมดสร้าง ManualWelds","""Yüzey"" birleştirme modu kaldırılır, tüm yüzeyler ManuelWeld oluşturur.","Loại bỏ Chế Độ Ghép Khớp ""Bề Mặt"", tất cả các bề mặt tạo ManualWeld.",,,移除 'Surface' 結合模式，所有表面都將建立 ManualWeld。
Studio.BetaFeatures.TerrainHeightmapImporterTitle,,,Heightmaps 2,Heightmaps 2,خرائط الارتفاع 2,Heightmaps 2,Heightmaps 2,Heightmaps 2,हाइटमैप्स 2,Heightmaps 2,Heightmap 2,Heightmaps 2,Heightmaps 2,Mapy wysokości 2,Heightmaps 2,,Heightmaps 2,Yükseklik Haritası 2,Heightmap 2,,,Heightmap 2
Studio.BetaFeatures.CouldBeUnstable,,,Note: Beta features could be unstable resulting in data loss or game corruption,Note: Beta features could be unstable resulting in data loss or game corruption,ملاحظة: قد تكون ميزات الإصدار التجريبي غير مستقرة مما يؤدي إلى فقدان البيانات أو تلف اللعبة,Hinweis: Beta-Funktionen sind möglicherweise instabil und können zu Datenverlust oder beschädigten Spieldaten führen,Nota: las funciones beta podrían ser inestables y causar la pérdida de datos o la corrupción del juego,Remarque : les fonctionnalités bêta peuvent être instables et entraîner une perte de données ou une corruption du jeu,"नोट : बीटा फ़ीचर्स ठीक तरह से काम नहीं कर सकते हैं, जिसकी वजह से डेटा का नुकसान हो सकता है या गेम करप्शन हो सकता है",Catatan: Fitur Beta mungkin belum stabil sehingga bisa menyebabkan kehilangan data atau kerusakan game,Nota: le funzionalità beta potrebbero essere instabili e comportare perdita di dati o danneggiare il gioco,ご注意：ベータ機能は不安定なことがあるため、データ消失やゲームの破損につながる可能性があります。,참고: 베타 기능은 불안정하므로 데이터 유실 또는 게임 손상을 초래할 수 있습니다,"Uwaga: funkcje beta mogą być niestabilne, co może spowodować utratę danych lub uszkodzenie gry",Obs.: As funcionalidades beta podem ser instáveis e resultar em perdas de dados ou jogos corrompidos,,หมายเหตุ: คุณสมบัติรุ่นเบต้าอาจไม่เสถียรซึ่งอาจส่งผลให้ข้อมูลสูญหายหรือเกมเสียหายได้,"Not: Beta özellikler, kararsız davranışlar sergileyerek veri kaybına ya da oyunun bozulmasına neden olabilir","Lưu ý: Các tính năng Beta có thể không ổn định, dẫn đến tình trạng mất dữ liệu hoặc trò chơi bị hỏng",,,注意：Beta 測試功能可能比較不穩定，可能會造成資料遺失或遊戲損壞
Studio.BetaFeatures.LSPNewFunctionFilterTitle,,,Luau-Powered Script Function Filter,Luau-Powered Script Function Filter,فلتر وظيفة النص البرمجي المدعوم من Luau,Skriptfunktionsfilter mit Luau-Unterstützung,Filtro de la función del script impulsado por Luau,Filtre à fonction script alimenté par Luau,Luau-पॉवर्ड स्क्रिप्ट फ़ंक्शन फ़िल्टर,Filter Fungsi Skrip yang Didukung Luau,Filtro funzioni script basato su Luau,Luau 駆動スクリプト関数フィルタ,Luau 기반 스크립트 함수 필터,Filtr funkcji skryptu obsługiwany przez Luau,Funcionalidade Filtro de script habilitada por Luau,,ตัวกรองฟังก์ชันสคริปต์ที่เปิดโดย Luau,"Luau Tabanlı ""Betik işlev filtresi""",Bộ Lọc Chức Năng Tập Lệnh được hỗ trợ bởi Luau,,,Luau 支援的指令碼函式篩選器
Studio.BetaFeatures.AvatarLoadingBetaTitle,,,New Avatar Loading Signal Ordering,New Avatar Loading Signal Ordering,ترتيب جديد لإشارات تحميل الأفاتار,Neue Avatar-Ladesignalreihenfolge,Organización de la señal de carga del nuevo avatar,Classement des signaux pour le téléchargement de nouveaux avatars,नया अवतार लोडिंग सिग्नल ऑर्डरिंग,Urutan Sinyal Memuat Avatar Baru,Ordine segnale di caricamento dei nuovi avatar,新しいアバターの読み込みシグナル順序,새로운 아바타 로드 신호 순서,Kolejność sygnalizacji wczytywania nowych awatarów,Ordenamento do sinal de carregamento de novo avatar,,การจัดลำดับสัญญาณการโหลดอวาตาร์ใหม่,Yeni avatar yükleme sinyali sıralaması,Thứ Tự Tín Hiệu Tải Avatar Mới,,,新虛擬人偶載入訊號排序
Studio.BetaFeatures.InsertObjectStreamliningDescription,,,Enables a new unified workflow for inserting objects.,Enables a new unified workflow for inserting objects.,تمكين سير عمل موحد جديد لإدراج الكائنات.,Aktiviert einen neuen einheitlichen Workflow zum Einfügen von Objekten.,Permite un flujo de trabajo más unificado para insertar objetos.,Permet un nouveau flux de travail unifié pour l'insertion d'objets.,"ऑब्जेक्ट इंसर्ट करने के लिए, एक नया यूनिफ़ाइड वर्कफ़्लो चालू करता है.",Mengaktifkan alur kerja baru yang terpadu untuk memasukkan objek.,Abilita un nuovo flusso di lavoro unificato per l'inserimento di oggetti.,オブジェクト挿入の新しい統合ワークフローを有効化。,개체 삽입을 위한 새로운 통합 워크플로를 활성화합니다.,"Udostępnia nową, ujednoliconą procedurę wstawiania obiektów.",Habilita um novo fluxo de trabalho unificado para inserção de objetos.,,เปิดใช้งานกระแสงานที่รวมใหม่ของวัตถุที่แทรก,Nesne ekleme için yeni ve birleştirilmiş bir iş akışı sunar.,Cho phép một quy trình làm việc thống nhất mới để chèn các đối tượng.,,,啟用適用於插入物件的新統一工作流程。
Studio.BetaFeatures.UIStrokeTitle,,,UIStroke Component,UIStroke Component,مكوّن UIStroke,UIStroke-Komponente,Componente UIStroke,Composant UIStroke,UIStroke कॉम्पोनेंट,Komponen UIStroke,Componente UIStroke,UIStroke コンポーネント,UIStroke 구성 요소,Komponent UIStroke,Componente UIStroke,,ส่วนประกอบ UIStroke,UIStroke Bileşeni,Thành Phần UIStroke,,,UIStroke 元件
Studio.BetaFeatures.LuauNativeVector3Description,,,Enable Luau VM built-in support for Vector3 type to improve script performance.,Enable Luau VM built-in support for Vector3 type to improve script performance.,تمكين الدعم المدمج لـ Luau VM لنوع Vector3 لتحسين أداء النص البرمجي.,"Aktiviere die in Luau VM eingebaute Unterstützung für den Vector3-Typ, um die Skriptleistung zu verbessern.",Activar el soporte integrado Luau VM para el tipo Vector3 a fin de mejorar el rendimiento del script.,Activer le support intégré de Luau VM pour le type Vector3 afin d'améliorer les performances du script.,"स्क्रिप्ट परफ़ॉर्मेंस को बेहतर बनाने के लिए, Vector3 टाइप के लिए Luau VM बिल्ट-इन-सपोर्ट चालू करें.",Mengaktifkan dukungan bawaan VM Luau untuk tipe Vector3 guna meningkatkan performa skrip.,Abilita il supporto integrato di Luau VM per il tipo Vector3 per migliorare le prestazioni degli script.,スクリプト性能を向上させるVector3 型のLuau VM 内蔵サポートを有効化。,Vector3 유형에 대한 Luau VM 기본 제공 지원을 활성화해 스크립트 성능을 향상합니다.,Włącza w maszynie wirtualnej Luau natywną obsługę typu Vector3 w celu zwiększenia wydajności skryptów.,Ativar o suporte integrado Luau VM para tipo Vector3 para melhorar a performance de script.,,เปิดใช้งานการสนับสนุนในตัว Luau VM ของประเภท Vector3 เพื่อปรับปรุงประสิทธิภาพสคริปต์,Betik performansını artırmak adına Vector3 türü için yerleşik Luau VM desteğini etkinleştirir.,Bật tính năng hỗ trợ tích hợp của Luau VM cho loại Vector3 để cải thiện hiệu suất tập lệnh.,,,啟用 Luau VM 針對 Vector3 類型的內建支援，以改善指令碼效能。
Studio.BetaFeatures.NextGenExplorerTitle,,,Next Gen Explorer,Next Gen Explorer,مستكشف الجيل التالي,Next Gen Explorer,Explorador Next Gen,Next Gen Explorer,नेक्स्ट जेन एक्सप्लोरर,Eksplorer Generasi Masa Depan,Esploratore Next Gen,次世代エクスプローラ,차세대 탐색기,Eksplorator nowej generacji,Explorador da próxima geração,,การสำรวจรุ่นถัดไป,Yeni Nesil Gezgin,Trình Khám Phá Thế Hệ Mới,,,Next Gen 總管
Studio.BetaFeatures.NextGenExplorerDescription,,,"Enable the Next Gen Explorer Panel - featuring better performance and stability, better context menus, and easier mechanics for selection and editing.","Enable the Next Gen Explorer Panel - featuring better performance and stability, better context menus, and easier mechanics for selection and editing.",تمكين لوحة مستكشف الجيل التالي - تتميز بأداء واستقرار أفضل، وقوائم سياق أفضل، وآليات أسهل للاختيار والتحرير.,"Aktiviert den Next Gen Explorer – mit besserer Leistung und Stabilität, besseren Kontextmenüs und einfacheren Mechanismen für die Auswahl und Bearbeitung.","Activa el panel de Explorador Next Gen, que ofrece mejor rendimiento y estabilidad, mejores menús contextuales y una mecánica más sencilla de selección y edición.","Activer le panneau Next Gen Explorer - avec de meilleures performances et stabilité, de meilleurs menus contextuels et des mécanismes plus faciles pour la sélection et l'édition.","नेक्स्ट जेनरेशन एक्सप्लोरर पैनल को चालू करें - बेहतर परफ़ॉर्मेंस और स्थिरता, बेहतर कॉन्टेक्स्ट मेन्यू और सिलेक्शन और एडिटिंग के लिए आसान मेकैनिक्स वाले फ़ीचर.","Aktifkan Panel Eksplorer Generasi Masa Depan - performa dan stabilitas makin impresif, menu konteks makin baik, dan mekanisme pemilihan dan pengeditan makin mudah.","Abilita il pannello Esploratore Next Gen, con prestazioni e stabilità ottimizzate, menu contestuali migliori e meccaniche più semplici per la selezione e la modifica.",次世代エクスプローラパネルを有効化 - パフォーマンスと安定性の向上、コンテキストメニューの向上、選択と編集の簡単な仕組みが特長です。,"차세대 탐색기 패널을 활성화합니다. 더 나은 성능과 안정성, 더 나은 콘텍스트 메뉴, 선택 및 편집을 위한 더 쉬운 메커니즘을 경험할 수 있습니다.","Udostępnia panel eksploratora nowej generacji, który cechuje się większą wydajnością i stabilnością, ma lepsze menu kontekstowe oraz łatwiejszą mechanikę zaznaczania i edytowania.","Habilite o próximo painel do Explorador de próxima geração - com melhor desempenho e estabilidade, melhores menus de contexto e mecânicas mais fáceis para seleção e edição.",,"เปิดใช้งานแผงการสำรวจรุ่นถัดไป - ที่มีประสิทธิภาพและความมั่นคงที่ดีขึ้น, เมนูเนื้อหาที่ดีขึ้น และระบบที่ง่ายดายยิ่งขึ้นสำหรับการเลือกและการแก้ไข","Daha iyi performans ve istikrar, daha iyi bağlam menüleri ve seçim ve düzenleme için daha pratik mekanikler içeren Yeni Nesil Gezgin Panelini etkinleştirir.","Bật Bảng Trình Khám Phá Thế Hệ Mới - với hiệu năng và độ ổn định tốt hơn, menu ngữ cảnh phù hợp hơn và cơ chế lựa chọn cũng như chỉnh sửa dễ dàng hơn.",,,啟用 Next Gen 總管面板，其具有更好的效能和穩定性、更好的情境選單以及更簡單的選擇和編輯機制。
Studio.BetaFeatures.AssistantLabTitle,,,Assistant Lab,Assistant Lab,مختبر المساعد,Assistentenlabor,Laboratorio de Asistente,Assistant Lab,असिस्टेंट लैब,Lab Assistant,Laboratorio assistente,アシスタント研究室,어시스턴트 랩,Laboratorium asystenta,Laboratório do Assistente,,แล็บผู้ช่วย,Asistan Laboratuvarı,Phòng Thử Nghiệm Trợ Lý,,,Assistant 實驗室
Studio.BetaFeatures.AssistantLabDescription,,,"Preview next-generation Assistant features, including new UI and advanced AI models. Opt-in anytime and switch back to default Assistant features as needed.","Preview next-generation Assistant features, including new UI and advanced AI models. Opt-in anytime and switch back to default Assistant features as needed.",معاينة ميزات مساعد الجيل التالي، بما في ذلك واجهة المستخدم الجديدة ونماذج الذكاء الاصطناعي المتقدمة. اشترك في أي وقت وانتقل مرة أخرى إلى ميزات المساعد الافتراضية حسب الحاجة.,"Vorschau auf Assistentenfunktionen der nächsten Generation, einschließlich neuer Benutzeroberfläche und fortschrittlicher KI-Modelle. Du kannst dich jederzeit dafür entscheiden und bei Bedarf wieder zu den Standardfunktionen des Assistenten wechseln.","Previsualiza las funciones de Asistente de próxima generación, que incluyen nuevos modelos de interfaz y de IA avanzados. Date de alta en cualquier momento y vuelve a las funciones por defecto del Asistente según sea necesario.","Prévisualise les fonctionnalités de l'Assistant nouvelle génération, notamment la nouvelle interface utilisateur et les modèles d'IA avancés. Opte pour l'option à tout moment et reviens aux fonctionnalités par défaut de l'Assistant en cas de besoin.",नए UI और एडवांस AI मॉडल सहित नेक्स्ट-जेनरेशन के असिस्टेंट फ़ीचर प्रीव्यू करें. किसी भी समय ऑप्ट-इन करें और ज़रूरत पड़ने पर डिफ़ॉल्ट असिस्टेंट फ़ीचर पर वापस स्विच करें.,"Preview fitur generasi masa depan Assistant, yang meliputi UI baru dan model AI mutakhir. Nyalakan fitur ini kapan saja dan kembalikan ke pengaturan default fitur Assistant sesuai kebutuhan.","Anteprima delle funzionalità dell'Assistente di nuova generazione, tra cui la nuova interfaccia utente e i modelli avanzati di intelligenza artificiale. Attiva l'opzione in qualsiasi momento e torna alle funzionalità predefinite dell'Assistente quando preferisci.",新しいUIや高度なAIモデルを含む次世代アシスタント機能をプレビューします。いつでもオプトイン（選択）でき、必要に応じてデフォルトのアシスタント機能に切り替えまできす。,새로운 UI와 첨단 AI 모델 등 차세대 어시스턴트 기능을 미리 만나보세요. 언제든 옵트인하고 필요한 대로 기본 어시스턴트 기능으로 다시 전환할 수 있습니다.,"Podgląd funkcji asystenta najnowszej generacji, w tym nowy interfejs użytkownika i zaawansowane modele AI. W dowolnym momencie możesz z niego skorzystać lub przełączyć się z powrotem na domyślne funkcje asystenta w zależności od potrzeb.","Pré-visualize os recursos do Assistente de última geração, incluindo nova UI e modelos avançados de IA. Opte por partcipar a qualquer momento e voltar para os recursos de Assistente padrão, conforme necessário.",,ดูตัวอย่างคุณสมบัติผู้ช่วยรุ่นถัดไป ซึ่งรวมถึง UI ใหม่และแบบจำลอง AI ขั้นสูง เลือกเข้าร่วมได้ทุกเมื่อ แล้วสลับกลับไปใช้คุณสมบัติผู้ช่วยเริ่มต้นได้ตามที่ต้องการ,"Yeni kullanıcı arayüzü ve gelişmiş yapay zekâ modelleriyle yeni nesil Asistan özelliklerini ön izle. İstediğin zaman kullan, gerektiğinde varsayılan Asistan özelliklerine geri dön.","Xem trước các tính năng Trợ lý thế hệ kế tiếp, bao gồm giao diện người dùng mới và các mô hình AI tiên tiến. Chọn tham gia bất kỳ lúc nào và hoán chuyển về lại các tính năng Trợ lý mặc định khi cần.",,,預覽次世代 Assistant 功能，包含全新使用者介面和進階 AI 模型。可隨時視需要選擇加入並切換回預設的 Assistant 功能。
Studio.BetaFeatures.ScrollEventOverhaulTitle,,,Scroll Event Overhaul,Scroll Event Overhaul,إصلاح حدث التمرير,Scroll-Ereignisüberarbeitung,Revisión del evento de desplazamiento,Révision de l'événement de défilement,इवेंट ओवरहॉल स्क्रोल करें,Perombakan Peristiwa Gulir,Revisione evento di scorrimento,,스크롤 이벤트 개편,Restrukturyzacja zdarzenia typu scroll,Revisão do rolamento de evento,,การยกเครื่องอีเวนต์การสโครล,Kaydırma Etkinlik Yenilemesi,Cải tiến Sự kiện cuộn,滚动事件优化,滚动事件优化,捲動事件重新設計
Studio.BetaFeatures.ScrollEventOverhaulDescription,,,Allow inputObject.Position.Z for MouseWheel events to take any floating point value improving trackpad input.,Allow inputObject.Position.Z for MouseWheel events to take any floating point value improving trackpad input.,السماح لـ inputObject.Position.Z لأحداث MouseWheel بأخذ أي قيمة نقطة عائمة لتحسين إدخال لوحة التتبع.,"Erlaubt inputObject.Position.Z für MouseWheel-Ereignisse, jeden beliebigen Gleitkommawert zu nehmen, um die Trackpad-Eingabe zu verbessern.",Permitir a inputObject.Position.Z para eventos de Mousewheel para tomar cualquier valor de punto flotante que mejora la entrada del trackpad.,Autoriser inputObject.Position.Z pour les événements MouseWheel à prendre n'importe quelle valeur à virgule flottante améliorant l'entrée sur trackpad.,MouseWheel इवेंट के लिए inputObject.Position.Z को ट्रैकपैड इनपुट में सुधार करने वाले किसी भी फ़्लोटिंग पॉइंट वैल्यू को लेने की अनुमति दें.,Mengizinkan inputObject.Position.Z untuk peristiwa MouseWheel agar mengambil nilai floating point yang meningkatkan input trackpad.,Consenti a inputObject.Position.Z per gli eventi MouseWheel di accettare qualsiasi valore in virgola mobile per migliorare l'input del trackpad., MouseWheel イベントで Allow inputObject.Position.Z がトラックパッド入力を改善する浮動小数点値を取り入れることを許可。,MouseWheel 이벤트의 inputObject.Position.Z가 모든 플로팅 포인트 값을 가져가 트랙패드 입력을 개선할 수 있습니다.,Zezwala na użycie dla zmiennej inputObject.Position.Z dowolnej liczby zmiennoprzecinkowej w zdarzeniach typu MouseWheel w celu usprawnienia korzystania z danych wejściowych trackpada.,Permitir inputObject.Position.Z para eventos do MouseWheel receberem qualquer valor de ponto flutuante melhorando a entrada do trackpad,,อนุญาต inputObject.Position.Z สำหรับอีเวนต์ MouseWheel เพื่อรับค่าเลขทศนิยมใดก็ตาม เป็นการปรับปรุงการป้อนข้อมูลด้วยแทร็คแพด,FareTekerliği etkinliği için inputObject.Position.Z'nin izleme dörtgeni girişini iyileştiren herhangi bir kayan noktalı değer almasına izin ver.,Cho phép inputObject.Position.Z trong các trường hợp MouseWheel sử dụng giá trị dấu phẩy động bất kỳ để cải thiện dữ liệu nhận vào của bàn di chuột.,允许 MouseWheel 事件的 inputObject.Position.Z 接受任意浮点数值，提升触控板滚动体验。,允许 MouseWheel 事件的 inputObject.Position.Z 接受任意浮点数值，提升触控板滚动体验。,讓 MouseWheel 事件的 inputObject.Position.Z 可使用任何浮點數值來改善觸控板輸入。
Studio.BetaFeatures.AssistantMeshGenTitle,,,Assistant Mesh Generation,Assistant Mesh Generation,مساعد إنشاء أصل Mesh,Assistant Mesh-Generierung,Asistente de generación de mallas,Assistant génération de maillage,असिस्टेंट मेश जेनरेशन,Pembuatan Assistant Mesh,Generazione mesh Assistant,アシスタントのメッシュ生成,메시 생성 어시스턴트,Generowanie siatki przy użyciu asystenta,Assistentede geração de malha ,,การสร้างเมชผู้ช่วย,Asistan Mesh Oluşturma,Tạo Mesh trong Trợ Lý,,,助理網格生成
Studio.BetaFeatures.AssistantMeshGenDescription,,,"Adds mesh generation capabilities to the Assistant. Mesh generation can be activated by starting your prompt with ""/generate"".","Adds mesh generation capabilities to the Assistant. Mesh generation can be activated by starting your prompt with ""/generate"".","يضيف قدرات إنشاء أصل Mesh إلى المساعد. يمكن تنشيط إنشاء أصل Mesh عن طريق بدء المطالبة باستخدام ""/generate"".","Erweitert den Assistenten um die Möglichkeit der Mesh-Generierung. Du kannst die Mesh-Generierung aktivieren, indem du deine Eingabeaufforderung mit ""/generate"" startest.","Añade capacidades de generación de mallas al Asistente. La generación de mallas se puede activar iniciando tu mensaje con ""/generate"".",Ajoute des capacités de génération de maillage à l'Assistant. La génération de maillage peut être activée en commençant votre invite par « /generate ».,"असिस्टेंट में मेश जेनरेशन क्षमताओं को जोड़ता है. मेश जेनरेशन को ""/generate"" के साथ अपना प्रॉम्प्ट शुरू करके, ऐक्टिवेट किया जा सकता है.","Menambahkan kemampuan pembuatan mesh ke Assistant. Pembuatan mesh dapat diaktifkan dengan menambahkan ""/generate"" di awal perintah.","Aggiunge funzionalità di generazione mesh all'Assistant. La generazione della mesh può essere attivata avviando il prompt con ""/generate"".",アシスタントにメッシュ生成機能を追加します。メッシュ生成は「/generate」でプロンプトを始めると有効化できます。,어시스턴트에 메시 생성 기능을 추가하세요. 메시 생성은 프롬프트를 '/generate'으로 시작하면 활성화할 수 있습니다.,"Dodaje do asystenta funkcje generowania siatki. Generowanie siatki można aktywować, rozpoczynając prompt słowem „/generate” (wygeneruj).","Adiciona recursos de geração de malha ao Assistente. A geração de malha pode ser ativada iniciando o seu prompt com ""/generate"".",,"เพิ่มความสามารถในการสร้างเมชไปยังผู้ช่วย จะสามารถเปิดใช้งานการสร้างเมชโดยการเริ่มต้นคำสั่งพร้อมพ์ของคุณด้วย ""/generate"" ได้","Mesh oluşturma becerilerini Asistan'a ekler. Mesh oluşturmayı, isteminin başına ""/generate"" (""/oluştur"") yazarak etkinleştirebilirsin.","Thêm khả năng tạo mesh vào Trợ Lý. Có thể kích hoạt chức năng tạo mesh bằng cách bắt đầu câu lệnh của bạn bằng ""/generate"".",,,為助理新增網格生成功能。若要啟用網格生成，您可使用「/generate」作為提示的開頭。
Studio.BetaFeatures.AssetManagerRevampedTitle,,,Revamped Asset Manager,Revamped Asset Manager,مدير الأصول المحسّن,Überarbeiteter Objektmanager,Gestor de recursos renovado,Gestionnaire de contenu remanié,संशोधित ऐसेट मैनेजर,Manajer Aset yang Disempurnakan,Manager risorse rinnovato,最新版アセット管理,개편된 애셋 관리자,Odświeżony menedżer zasobów,Gerenciador de Ativos renovado,,เครื่องมือจัดการทรัพยากรที่ปรับปรุงใหม่,Yenilenen Varlık Yöneticisi,Trình Quản Lý Tài Sản Được Cải Tiến,,,經過重新翻修的素材管理器
Studio.BetaFeatures.AssetManagerRevampedDescription,,,"Use the revamped Asset Manager to browse, search, and work with assets.","Use the revamped Asset Manager to browse, search, and work with assets.",استخدم مدير الأصول المحسّن لتصفح الأصول والبحث فيها والعمل معها.,"Nutze den überarbeiteten Objektmanager, um Objekte zu suchen, zu durchstöbern und zu bearbeiten.","Utiliza el renovado Gestor de recursos para examinar, buscar y trabajar con recursos.","Utiliser le gestionnaire de contenus remanié pour naviguer, rechercher et travailler avec des contenus.","ऐसेट को ब्राउज़ करने, सर्च करने और उनके साथ काम करने के लिए संशोधित ऐसेट मैनेजर का इस्तेमाल करें.","Gunakan Manajer Aset yang disempurnakan untuk menjelajahi, mencari, dan menggunakan aset.","Prova il nuovo e aggiornato Manager risorse per sfogliare, cercare e utilizzare le risorse.",最新版アセット管理機能を使用してアセットの閲覧、サーチ、操作をしましょう。,"개편된 애셋 관리자를 이용해 애셋을 둘러보고, 검색하고, 작업하세요.","Używaj odświeżonego menedżera zasobów do przeglądania zasobów, wyszukiwania ich i do pracy z nimi.","Use o Gerenciador de ativos renovado para navegar, pesquisar e trabalhar com conteúdos.",,"ใช้เครื่องมือจัดการทรัพยากรที่ปรับปรุงใหม่เพื่อเลือกดู, ค้นหา และทำงานกับทรัพยากร","Yenilenen Varlık Yöneticisi ile varlıkları görüntüleyebilir, arayabilir ve yönetebilirsin.","Sử dụng Trình Quản Lý Tài Sản được cải tiến để duyệt qua, tìm kiếm và thao tác với tài sản.",,,使用經過重新翻修的素材管理器來瀏覽、搜尋及處理素材。
Studio.BetaFeatures.SmoothVoxelsTitle,,,Smooth Voxels,Smooth Voxels,قيم voxel لإزالة الحواف الزائدة,Glatte Voxel,Vóxeles suaves,Voxels lisses,समतल वॉक्सेल्स,Voksel Mulus,Voxel lisci,スムーズ・ボクセル,스무드 복셀,Wygładzone woksele,Suavizar voxels,,ปรับว็อกเซลให้เรียบ,Pürüzsüz Vokseller,Voxel Mịn,,,平滑體素
Studio.BetaFeatures.SmoothVoxelsDescription,,,Enable the terrain upgrade changing the way voxels are rendered to make them much smoother in cases where there were terracing issues and LOD artefacts before. (NOTE: Requires Upgrade Shorelines!),Enable the terrain upgrade changing the way voxels are rendered to make them much smoother in cases where there were terracing issues and LOD artefacts before. (NOTE: Requires Upgrade Shorelines!),تمكين ترقية التضاريس لتغيير طريقة عرض قيم voxel لجعلها أكثر نعومة في الحالات التي واجهت فيها مشاكل في التدرج وتشوهات في مستوى التفاصيل سابقًا. (ملاحظة: يتطلب ترقية الخطوط الساحلية!),"Aktiviere das Gelände-Upgrade, das die Art und Weise ändert, wie Voxel gerendert werden, um sie in Fällen, in denen es vorher Probleme mit Terrassierung und LOD-Artefakten gab, viel nahtloser zu machen. (HINWEIS: Erfordert das Küstenlinien-Upgrade!)",Activa la actualización del terreno cambiando la forma en que los vóxeles son renderizados para hacerlos mucho más suaves en los casos en que hubo problemas con los aterrazamientos y artefactos nivel de detalle (LOD) antes. (NOTA: Requiere mejorar costas),Permettre l'amélioration du terrain de changer la façon dont les voxels sont rendus pour les rendre beaucoup plus lisses dans les cas où il y avait des problèmes de terrassement et des artefacts LOD avant. (NOTE : Nécessite d'améliorer les plages !),"टेरेन अपग्रेड चालू करके वॉक्सेल्स को रेंडर करने का तरीका बदलें. इससे, टेरेसिंग के मामले और LOD (लेवल ऑफ़ डीटेल) आर्टिफ़ैक्ट जैसी पहले होने वाली समस्याओं में अब वॉक्सेल्स पहले से ज़्यादा समतल हो जाते हैं. (ध्यान दें: अपग्रेड शोरलाइन्स ज़रूरी है!)",Mengaktifkan upgrade medan yang mengubah cara voksel di-render agar lebih mulus untuk mengatasi masalah terasering dan artefak LOD sebelumnya. (CATATAN: Memerlukan Upgrade Pesisir!),"Abilita l'aggiornamento del terreno cambiando il modo in cui i voxel sono renderizzati, rendendoli così più fluidi nei casi in cui ci sono stati problemi di terrazzamento e artefatti LOD prima. (Nota: richiede l'aggiornamento Shorelines!)",段差やLODアーティファクトの問題があった場合、地形のアップグレードを有効化することで、ボクセルがさらに平らになるようにレンダリングされるやり方を変えます。（注：海岸線のアップグレードが必要です！）,복셀을 훨씬 더 부드럽게 다듬기 위해 렌더링 방식을 변경하는 지형 업그레이드를 활성화합니다. 이전에 계단 현상 문제와 LOD 아티팩트가 있었던 경우 이를 개선합니다. (참고: 해안선을 업그레이드해야 합니다.),"Udostępnia ulepszenie terenu zmieniające sposób renderowania wokseli w celu ich znacznego wygładzenia w przypadkach, w których wcześniej występowały problemy z terasowaniem i artefakty związane z poziomem szczegółów. (UWAGA: wymagane jest ulepszenie linii brzegowych!)",Ative a atualização do terreno alterando a forma como os voxels são renderizados para torná-los muito mais suaves nos casos em que havia problemas e artefatos LOD antes. (Obs.: Requer atualização de litorais!),,เปิดใช้งานการอัปเกรดภูมิประเทศจะเปลี่ยนแปลงลักษณะที่ว็อกเซลได้รับการเรนเดอร์เพื่อให้มีความเรียบมากขึ้นในกรณีที่มีปัญหาการลดหลั่นและ วัตถุ LOD มาก่อน (หมายเหตุ: จำเป็นต้องใช้แนวชายฝั่งอัปเกรด!),Önceden teraslama sorunları ve detay seviyesi (LOD) kalıntıları bulunan yerleri çok daha pürüzsüz bir hâle getirmek için voksellerin işlenme yöntemini değiştiren arazi güncellemesini etkinleştir. (NOT: Kıyı Şeridi Yükseltmeleri gerekir!),"Bật nâng cấp địa hình để thay đổi cách hiển thị voxel, giúp bề mặt mượt mà hơn trong các trường hợp trước đây gặp vấn đề bậc thang và hiện tượng giả lập chi tiết (LOD). (LƯU Ý: Cần nâng cấp Bờ Biển!)",,,啟用地形升級，變更體素成像的方式；若之前有斷層和細節層次物件情形，此升級會讓地形更平滑。（注意：需要升級海岸線！）
Studio.BetaFeatures.ContextActionServiceRedesignDescription,,,"Context Action Service 2.0 enables new Instances, InputContext, InputAction and InputBinding, allowing you to create more complex and flexible input handling at edit time.","Context Action Service 2.0 enables new Instances, InputContext, InputAction and InputBinding, allowing you to create more complex and flexible input handling at edit time.",تتيح خدمة إجراء السياق 2.0 حالات جديدة، وInputContext، وInputAction، وInputBinding، مما يتيح لك إنشاء معالجة إدخال أكثر تعقيدًا ومرونة في وقت التحرير.,"Context Action Service 2.0 ermöglicht neue Instanzen, InputContext, InputAction und InputBinding, mit denen du komplexere und flexiblere Eingabehandlungen zur Bearbeitungszeit erstellen kannst.","Context Action Service 2.0 permite nuevas Instances, InputContext, InputAction y InputBinding, permitiéndote crear un manejo de entrada más complejo y flexible en tiempo de edición.","Context Action Service 2.0 permet de créer de nouvelles Instances, InputContext, InputAction et InputBinding, ce qui te permet de créer une gestion des entrées plus complexe et plus flexible au moment de l'édition.","कॉन्टेक्स्ट ऐक्शन सर्विस 2.0 से नए इंस्टैंस, InputContext, InputAction और InputBinding चालू होते हैं, जिससे एडिट के समय ज़्यादा कॉम्प्लेक्स और फ़्लेक्सिबल इनपुट हैंडलिंग क्रिएट की जा सकती है.","Context Action Service 2.0 mengaktifkan Instans, InputContext, InputAction, dan InputBinding baru sehingga kamu akan bisa membuat penanganan input yang lebih kompleks dan fleksibel pada saat pengeditan.","Context Action Service 2.0 abilita nuove istanze, InputContext, InputAction e InputBinding, consentendo di creare una gestione degli input più complessa e flessibile al momento della modifica.",コンテキストアクションサービス 2.0は、 新規インスタンス、InputContext、InputAction、InputBindingを有効化し、編集時により複雑で柔軟性のある入力処理ができるようにします。,"Context Action Service 2.0은 이제 새로운 인스턴스, InputContext, InputAction 및 InputBinding을 사용 가능하게 하여 더욱 복잡하고 유연한 입력 핸들링을 가능하게 합니다.","Funkcja Context Action Service 2.0 udostępnia nowe instancje i elementy sterujące InputContext, InputAction oraz InputBinding, umożliwiając korzystanie z bardziej złożonej i elastycznej obsługi wprowadzania podczas edycji.","Serviço de Ação de Contexto 2.0 permite novas instâncias, InputContext, InputAction e InputBinding, permitindo que você crie manipulação de entrada mais complexa e flexível no momento da edição.",,"บริการแอ็คชันบริบท 2.0 จะเปิดใช้งานอินสแตนซ์ใหม่, InputContext, InputAction และ InputBinding ซึ่งช่วยให้คุณสามารถสร้างการจัดการการป้อนข้อมูลที่ซับซ้อนและยืดหยุ่นได้มากยิ่งขึ้นในช่วงเวลาแก้ไข","Bağlam Eylemi Hizmeti 2.0, düzenleme sırasında daha karmaşık ve esnek girdi yönetimi oluşturmana olanak tanıyan yeni Instances, InputContext, InputAction ve InputBinding özelliklerini etkinleştirir.","Dịch vụ Hành động Theo ngữ cảnh 2.0 cho phép sử dụng các Đối tượng mới như InputContext, InputAction và InputBinding, giúp bạn tạo ra cách xử lý đầu vào phức tạp và linh hoạt hơn ngay trong lúc chỉnh sửa.",,,情境動作服務 2.0 可讓您使用新的實例、InputContext、InputAction 和 InputBinding，讓您在編輯階段建立更複雜且具彈性的輸入操作。
Studio.BetaFeatures.ContextActionServiceRedesignTitle,,,Context Action Service 2.0,Context Action Service 2.0,خدمة إجراء السياق 2.0,Context Action Service 2.0,Context Action Service 2.0,Context Action Service 2.0,कॉन्टेक्स्ट ऐक्शन सर्विस 2.0,Context Action Service 2.0,Context Action Service 2.0,コンテキストアクションサービス 2.0,Context Action Service 2.0,Context Action Service 2.0,Serviço de Ação de Contexto 2.0,,บริการแอ็คชันบริบท 2.0,Bağlam Eylemi Hizmeti 2.0,Dịch vụ Hành động Theo ngữ cảnh 2.0,,,情境動作服務 2.0
Studio.BetaFeatures.EditableMeshSkinningFACSDescription,,,Enables EditableMesh to support skinning and Facial Action Coding System (FACS) integration.,Enables EditableMesh to support skinning and Facial Action Coding System (FACS) integration.,تمكين EditableMesh لدعم تكامل المظهر ونظام أكواد حركة الوجه (FACS).,Ermöglicht EditableMesh die Unterstützung von Skinning und die Integration von Facial Action Coding System (FACS).,Permite a EditableMesh soportar la integración del Sistema de Codificación Facial (FACS).,Permet à EditableMesh de prendre en charge l'intégration du système de codage du skinning et de l'action faciale (FACS).,"EditableMesh चालू हो जाता है, जिससे स्किनिंग और फ़ेशियल ऐक्शन कोडिंग सिस्टम (FACS) इंटीग्रेशन को सपोर्ट मिलता है.",Mengaktifkan EditableMesh untuk mendukung skinning dan integrasi Facial Action Coding System (FACS).,Consente a EditableMesh di supportare l'appiattimento e l'integrazione del sistema di codifica facciale (FACS).,スキニングと表情コーディングシステム（FACS）の実装に対応する EditableMesh を有効化。,스키닝 및 표정 코딩 시스템(FACS) 통합을 지원하도록 EditableMesh를 활성화합니다.,Umożliwia obsługę skinningu i integrację z systemem kodowania mimiki twarzy (FACS) w ramach funkcji EditableMesh.,Permite que EditableMesh suporte a integração de skinning e Sistema de Codificação de Ações Faciais (FACS).,,เปิดใช้งาน EditableMesh เพื่อรองรับการผสานรวม Skinning และ Facial Action Coding System (FACS),Ciltleme ve Yüz Hareketi Kodlama Sistemi (FACS) entegrasyonunun desteklenmesi için EditableMesh'i etkinleştirir.,Bật EditableMesh để hỗ trợ tạo ngoại trang và tích hợp Hệ Thống Mã Hóa Hành Động Khuôn Mặt (FACS).,,,啟用 EditableMesh 來支援蒙皮和臉部動作編碼系統 (FACS) 整合。
Studio.BetaFeatures.EditableMeshSkinningFACSTitle,,,EditableMesh Skinning & FACS,EditableMesh Skinning & FACS,المظهر ونظام أكواد حركة الوجه لـ EditableMesh,EditableMesh Skinning & FACS,EditableMesh de Skinning y FACS,EditableMesh Skinning & FACS,EditableMesh स्किनिंग और FACS,Skinning EditableMesh & FACS,Appiattimento e FACS EditableMesh,EditableMesh スキニングとFACS,EditableMesh 스키닝 및 FACS(표정 코딩 시스템),Skinning i FACS w funkcji EditableMesh,EditableMesh Skinning & FACS,,EditableMesh Skinning และ FACS,EditableMesh Ciltleme ve Yüz Hareketi Kodlama Sistemi (FACS),Tạo Ngoại Trang bằng EditableMesh & FACS,,,EditableMesh 蒙皮和 FACS
Studio.BetaFeatures.SkyboxOrientationTitle,,,Skybox Orientation,Skybox Orientation,اتجاه Skybox,Skybox-Ausrichtung,Orientación de Skybox,Orientation de Skybox,स्काईबॉक्स ओरिएंटेशन,Orientasi Skybox,Orientamento skybox,Skyboxの向き,스카이박스 방향,Orientacja nieba,Orientação da Skybox,,ทิศทางจัดวาง Skybox,Skybox Yönü,Hướng Skybox,,,天空盒方向
Studio.BetaFeatures.SkyboxOrientationDescription,,,Enables setting the orientation of a skybox in the properties panel.,Enables setting the orientation of a skybox in the properties panel.,تمكين إعداد اتجاه skybox في لوحة الخصائص.,Ermöglicht die Ausrichtung einer Skybox im Bereich Eigenschaften.,Permite ajustar la orientación de un skybox en el panel de propiedades.,Active le paramétrage de l'orientation d'une skybox dans le panneau de propriétés.,"इससे, प्रॉपर्टी पैनल में स्काईबॉक्स का ओरिएंटेशन सेट हो जाता है.",Mengaktifkan pengaturan orientasi skybox di panel properti.,Abilita la configurazione dell'orientamento di uno skybox nel pannello delle proprietà.,プロパティパネルで、スカイボックスの向きの設定を有効にします。,속성 패널에서 스카이박스의 방향을 설정하는 기능을 사용하도록 설정합니다.,Umożliwia ustawienie orientacji skyboxa w panelu właściwości.,Permite a configuração da orientação de um skybox no painel de propriedades.,,เปิดใช้งานการตั้งค่าทิศทางของ Skybox ในแผงคุณสมบัติ,Özellikler panelinde bir Skybox'ın yönünü ayarlamayı sağlar.,Cho phép thiết lập hướng xoay của skybox trong bảng thuộc tính.,,,在屬性面板中啟用 Skybox 的方向設定。
Studio.BetaFeatures.EngineStylingTitle,,,UI Styling,UI Styling,تصميم واجهة المستخدم,UI Styling,Estilizar interfaz,UI Styling,UI स्टाइलिंग,Pengaturan Gaya UI,Formattazione grafica dell'interfaccia utente,,UI 스타일링,Stylizacja interfejsu użytkownika,Estilização da interface do usuário,,การจัดรูปแบบ UI,Kullanıcı Arayüzü Stili,Tạo Kiểu UI,,,UI 風格
Studio.BetaFeatures.EngineStylingDescription,,,"Define your UI's visual appearance separate from the instance itself through new APIs (StyleRule, StyleSheet, StyleLink) and a no-code Style Editor.","Define your UI's visual appearance separate from the instance itself through new APIs (StyleRule, StyleSheet, StyleLink) and a no-code Style Editor.",حدد المظهر المرئي لواجهة المستخدم الخاصة بك بشكل منفصل عن الحالة نفسها من خلال واجهات برمجة التطبيقات الجديدة (StyleRule، وStyleSheet، وStyleLink) ومحرر نمط بدون كود.,"Definiere das Aussehen deiner Benutzeroberfläche unabhängig von der Instanz selbst durch neue APIs (StyleRule, StyleSheet, StyleLink) und einen codefreien Style-Editor.","Define la apariencia visual de tu interfaz separada de la instancia en sí misma a través de nuevas API (StyleRule, StyleSheet, StyleLink) y un Editor de estilo sin código.","Définir l'apparence visuelle de ton interface utilisateur indépendamment de l'instance elle-même grâce à de nouvelles API (StyleRule, StyleSheet, StyleLink) et à un éditeur de style sans code.","नए API (StyleRule, StyleSheet, StyleLink) और नो-कोड स्टाइल एडिटर के ज़रिए अपने UI के विज़ुअल लुक को इंस्टैंस से अलग करें.","Tentukan penampilan visual UI kamu secara terpisah dari instans melalui API baru (StyleRule, StyleSheet, StyleLink) dan Editor Gaya tanpa kode.","Definisci l'aspetto visivo della tua interfaccia utente con le nuove API (StyleRule, StyleSheet, StyleLink) e l'Editor di stili no-code senza sovrascrivere quelli dell'istanza su cui stai lavorando.",,"새로운 API(StyleRule, StyleSheet, StyleLink)와 코드가 필요 없는 스타일 편집기를 통해 인스턴스와 별도로 UI의 그래픽 모양을 정의할 수 있습니다.","Zdefiniuj wygląd interfejsu użytkownika odrębnie od samej instancji przy użyciu nowych interfejsów API (StyleRule, StyleSheet, StyleLink) oraz bezkodowego Edytora stylów.","Defina a aparência visual da sua interface de usuário separada da instância própria através de novas APIs (StyleRule, StyleSheet, StyleLink) e um editor de estilo sem código.",,"กำหนดรูปลักษณ์ของ UI ของคุณแยกจากอินสแตนซ์ด้วย API (StyleRule, StyleSheet, StyleLink) แบบใหม่และเครื่องมือแก้ไขรูปแบบที่ไม่มีการเขียนโค้ด","Yeni API'ler (StyleRule, StyleSheet, StyleLink) ve kodsuz Biçim Düzenleyici aracılığıyla kullanıcı arayüzünün görünümünü bileşen örneklerinden bağımsız şekilde belirle.","Xác định giao diện trực quan của UI một cách tách biệt với đối tượng thông qua các API mới (StyleRule, StyleSheet, StyleLink) và Trình chỉnh sửa kiểu không cần mã.",,,透過新 API（StyleRule、StyleSheet、StyleLink）和無代碼的風格編輯器單獨決定實例本身以外的 UI 視覺外觀。
Studio.BetaFeatures.NewFindAllReplaceAllTitle,,,Improved Find All/Replace All,Improved Find All/Replace All,تحسين البحث عن الكل/استبدال الكل,"Verbessertes ""Alle suchen/Alle ersetzen""",Mejorar Encontrar todo/Reemplazar todo,Amélioration de la fonction « Rechercher tout / Remplacer tout »,'सभी खोजें/सभी बदलें' टूल अब पहले से बेहतर,Alat Cari Semua/Ganti Semua yang Ditingkatkan,"Funzionalità ""Trova tutto"" e ""Sostituisci tutto"" migliorate",,개선된 모두 찾기/모두 바꾸기,Ulepszona funkcja Znajdź wszystko / Zamień wszystko,Localizar tudo/Substituir tudo melhorada,,ค้นหาทั้งหมด/แทนที่ทั้งหมดที่ได้รับการปรับปรุง,Geliştirilmiş Tümünü Bul/Tümünü Değiştir,Công Cụ Tìm Tất Cả/Thay Thế Tất Cả Đã Được Cải Thiện,,,改善後的全部尋找 / 全部取代工具
Studio.BetaFeatures.NewFindAllReplaceAllDescription,,,Faster and modernized Find All/Replace All tool,Faster and modernized Find All/Replace All tool,أداة البحث عن الكل/استبدال الكل بشكل أسرع وحديث,"Schnelleres und modernisiertes Tool ""Alle suchen/Alle ersetzen""",Herramienta más rápida y modernizada de Buscar todo/Reemplazar todo,Outil Remplacer tout/Trouver tout plus vite et modernisé,'सभी खोजें/सभी बदलें' टूल अब पहले से ज़्यादा तेज़ और बेहतर,Alat Cari Semua/Ganti Semua yang lebih modern dan cepat,"Strumento ""Trova tutto"" e ""Sostituisci tutto"" più veloce e rinnovato",,더 빨라지고 새로워진 모두 찾기/모두 바꾸기 도구,Szybsza i nowocześniejsza funkcja Znajdź wszystko / Zamień wszystko,Ferramenta Localizar tudo/Substituir tudo mais rápida e modernizada,,เครื่องมือค้นหาทั้งหมด/แทนที่ทั้งหมดที่รวดเร็วขึ้นและปรับปรุงให้ทันสมัย,Daha hızlı ve modernleştirilmiş Tümünü Bul/Tümünü Değiştir aracı,Công cụ Tìm Tất Cả/Thay Thế Tất Cả nhanh hơn và hiện đại hơn,,,速度變快且更現代化的全部尋找 / 全部取代工具
Studio.BetaFeatures.IEAvatarAutoSetupTitleDescription,,,Enables in-experience automated creation of avatars from 3D models of humanoid-like bodies.,Enables in-experience automated creation of avatars from 3D models of humanoid-like bodies.,,,,,,,,,,,,,,,,,,
Studio.BetaFeatures.IEAvatarAutoSetupTitleTitle,,,In-Experience Avatar Auto Setup,In-Experience Avatar Auto Setup,,,,,,,,,,,,,,,,,,
Studio.BetaFeatures.CreateSurfaceAppearanceTitle,,,EditableImage support for SurfaceAppearance maps,EditableImage support for SurfaceAppearance maps,,EditableImage-Unterstützung für SurfaceAppearance-Karten,Soporte de EditableImage para mapas SurfaceAppearance,Support EditableImage pour les cartes SurfaceAppearance,SurfaceAppearance मैप्स के लिए EditableImage सपोर्ट,Dukungan EditableImage untuk peta SurfaceAppearance,Supporto EditableImage per le mappe SurfaceAppearance,SurfaceAppearance マップの EditableImage への対応,SurfaceAppearance 맵에 대한 EditableImage 지원,Obsługa EditableImage w mapach SurfaceAppearance,Suporte EditableImage para mapas SurfaceAppearance,,รองรับ EditableImage สำหรับแผนที่ SurfaceAppearance,SurfaceAppearance haritaları için EditableImage desteği,Hỗ trợ EditableImage cho các bản đồ SurfaceAppearance,,,SurfaceAppearance 地圖的 EditableImage 支援
Studio.BetaFeatures.CreateSurfaceAppearanceDescription,,,Enables the use of AssetService:CreateSurfaceAppearanceAsync() to create SurfaceAppearance instances with EditableImage content at run time.,Enables the use of AssetService:CreateSurfaceAppearanceAsync() to create SurfaceAppearance instances with EditableImage content at run time.,,"Dies ermöglicht die Verwendung von AssetService:CreateSurfaceAppearanceAsync(), um SurfaceAppearance-Instanzen mit EditableImage-Inhalten zur Laufzeit zu erstellen.",Activa el uso de AssetService:CreateSurfaceAppearanceAsync() para crear instancias SurfaceAppearance con contenido EditableImage en tiempo de ejecución.,Permet d'utiliser AssetService:CreateSurfaceAppearanceAsync() pour créer des instances de SurfaceAppearance avec un contenu EditableImage au moment de l'exécution.,"इससे रन टाइम में EditableImage कॉन्टेंट के साथ SurfaceAppearance इंस्टैंस बनाने के लिए, AssetService:CreateSurfaceAppearance() का इस्तेमाल किया जा सकता है.",Mengaktifkan penggunaan AssetService:CreateSurfaceAppearance() untuk membuat kejadian SurfaceAppearance dengan konten EditableImage pada saat program berjalan.,Abilita l'uso di AssetService:CreateSurfaceAppearanceAsync() per creare istanze di SurfaceAppearance con contenuto EditableImage in fase di esecuzione.,,런타임에 EditableImage 콘텐츠가 포함된 SurfaceAppearance 인스턴스를 생성하기 위해 AssetService:CreateSurfaceAppearanceAsync()의 사용을 활성화합니다.,Umożliwia użycie funkcji AssetService:CreateSurfaceAppearanceAsync() do tworzenia instancji SurfaceAppearance z zawartością EditableImage w czasie działania.,Permite o uso do AssetService:CreateSurfaceAppearance() para criar instâncias SurfaceAppearance com conteúdo EditableImage em tempo de execução.,,เปิดใช้งาน AssetService:CreateSurfaceAppearanceAsync() เพื่อสร้างอินสแตนซ์ SurfaceAppearance ด้วยเนื้อหา EditableImage ขณะเรียกใช้,Çalışma zamanında EditableImage içeriğine sahip SurfaceAppearance durumları oluşturmak için AssetService:CreateSurfaceAppearanceAsync() kullanımını etkinleştirir.,Cho phép sử dụng AssetService:CreateSurfaceAppearance() để tạo các phiên bản SurfaceAppearance với nội dung EditableImage trong thời gian chạy.,,,啟用 AssetService:CreateSurfaceAppearanceAsync()，即可在執行時建立具有 EditableImage 內容的 SurfaceAppearance 實例。
Studio.BetaFeatures.ReimportTitle,,,Reimport,Reimport,,Reimport,,Réimporter,फिर से इंपोर्ट करें,Impor ulang,Reimporta,再インポート,다시 가져오기,Importuj ponownie,Reimportar,,นำเข้าใหม่,Yeniden içe aktar,Nhập lại,,,重新匯入
Studio.BetaFeatures.ReimportDescription,,,Adds the ability to quickly and non-destructively reimport Models and SurfaceAppearances from external files through the right-click menu in the Explorer,Adds the ability to quickly and non-destructively reimport Models and SurfaceAppearances from external files through the right-click menu in the Explorer,,Du kannst jetzt Modelle und SurfaceAppearances schnell und ohne Probleme aus externen Dateien über das Kontextmenü im Explorer reimportieren.,,Ajoute la possibilité de réimporter rapidement et de façon non destructive des modèles et des surfaces à partir de fichiers externes par le biais du menu du clic droit dans l'explorateur,"इससे, एक्सप्लोरर में राइट-क्लिक मेन्यू के ज़रिए बाहरी फ़ाइलों से मॉडल और SurfaceAppearances को जल्दी और बिना नष्ट किए फिर से इंपोर्ट करने की सुविधा जोड़ी जा सकती है.",Menambahkan kemampuan untuk mengimpor ulang Model dan SurfaceAppearances dengan cepat dan tidak merusak dari file eksternal melalui menu klik kanan di Explorer,Aggiunge la possibilità di reimportare rapidamente e in modo non distruttivo modelli e SurfaceAppearances da file esterni tramite il menu di scelta rapida in Explorer,,탐색기에서 메뉴를 우클릭하여 외부 파일로부터 모델과 SurfaceAppearances를 신속하면서도 기존 데이터에 대한 손상 없이 다시 가져오는 기능을 추가합니다,Dodaje możliwość szybkiego i nieniszczącego ponownego importowania modeli oraz SurfaceAppearances z plików zewnętrznych za pomocą menu prawego przycisku myszy w Eksploratorze,Adiciona a habilidade de reimportar modelos e SurfaceAppearances rapidamente e não destrutivamente de arquivos externos através do menu do botão direito no Gerenciador de arquivos,,เพิ่มความสามารถในการนำเข้าโมเดลและ SurfaceAppearances จากไฟล์ภายนอกอีกครั้งอย่างรวดเร็วและไม่ทำลายข้อมูลผ่านเมนูคลิกขวาใน Explorer,Kâşif'te sağ tıklanan menü aracılığıyla harici dosyalardan Models ve SurfaceAppearances hızla ve yıkıma yol açmadan yeniden içe aktarılabilir,Bổ sung khả năng nhập lại nhanh chóng và không phá hủy Model và SurfaceAppearance từ tệp bên ngoài thông qua menu chuột phải trong Explorer,,,新增功能：透過檔案總管中的右鍵選單，從外部檔案快速且非破壞性地重新匯入模型和 SurfaceAppearances
Studio.BetaFeatures.DefaultInstancesTitle,,,User Provided Default Instances,User Provided Default Instances,,Vom Benutzer bereitgestellte Standardinstanzen,,Instances par défaut fournies par l'utilisateur,यूज़र के दिए गए डिफ़ॉल्ट इंस्टैंस,Kejadian Default yang Diberikan Pengguna,Istanze predefinite fornite dall'utente,ユーザー提供のデフォルトインスタンス,사용자 제공 기본 인스턴스,Domyślne instancje dostarczone przez użytkownika,Instâncias padrão fornecidas pelo usuário,,อินสแตนซ์เริ่มต้นที่ผู้ใช้กำหนด,Kullanıcı Tarafından Sağlanan Varsayılan Durumlar,Các trường hợp mặc định do người dùng cung cấp,,,使用者提供的預設實例
Studio.BetaFeatures.DefaultInstancesDescription,,,"Allows customization of Instance defaults. Introduce an action ""Edit > Save as Default _"" which updates the default properties of inserted Instances of the selected type.","Allows customization of Instance defaults. Introduce an action ""Edit > Save as Default _"" which updates the default properties of inserted Instances of the selected type.",,"Lässt die Anpassung der Instanz-Standardeinstellungen zu. Fügt die Aktion ""Bearbeiten > Als Standard speichern _"" hinzu, die die Standardeigenschaften der eingefügten Instanzen des ausgewählten Typs aktualisiert.",,Permet de personnaliser les valeurs par défaut des Instances. Introduit une action « Editer > Enregistrer comme défaut _ » qui met à jour les propriétés par défaut des Instances insérées du type sélectionné.,"इससे इंस्टैंस डिफ़ॉल्ट के कस्टमाइज़ेशन की अनुमति मिलती है. ""एडिट करें > डिफ़ॉल्ट के तौर पर सेव करें _"" ऐक्शन अपनाएँ, जिससे चुनिंदा टाइप के इंसर्ट किए गए इंस्टैंस की डिफ़ॉल्ट प्रॉपर्टी अपडेट हो जाती हैं.","Memungkinkan kustomisasi default Kejadian. Memperkenalkan tindakan ""Edit > Simpan sebagai Default _"" yang memperbarui properti default dari Kejadian yang disisipkan dari tipe yang dipilih.","Consente la personalizzazione delle impostazioni predefinite dell'istanza. Aggiungere un'azione ""Modifica > Salva come predefinito _"" per aggiornare le proprietà predefinite delle istanze inserite del tipo selezionato.",,인스턴스 기본값의 사용자 정의를 허용합니다. '편집 > 기본값으로 저장 _' 작업을 통해 선택한 유형의 삽입된 인스턴스 기본 속성을 업데이트할 수 있습니다.,"Umożliwia dostosowanie domyślnych ustawień instancji. Wprowadza działanie „Edytuj > Zapisz jako domyślne _”, która aktualizuje domyślne właściwości wstawionych instancji wybranego typu.","Permite a personalização do padrão da instância. Introduzir uma ação ""Editar > Salvar como Padrão _"" que atualiza as propriedades padrão das instâncias inseridas do tipo selecionado.",,"อนุญาตให้ปรับแต่งค่าเริ่มต้นของอินสแตนซ์ได้ ใส่การดำเนินการ ""แก้ไข > บันทึกเป็นค่าเริ่มต้น _"" ซึ่งจะอัปเดตคุณสมบัติเริ่มต้นของอินสแตนซ์ที่แทรกของประเภทที่เลือก","Durum varsayılanlarının özelleştirilmesine olanak verir. Getirdiği ""Düzenle > Varsayılan olarak kaydet _"" işlemi, seçilen türde araya eklenmiş durumların varsayılan özelliklerini günceller.","Cho phép tùy chỉnh giá trị mặc định của Trường hợp. Giới thiệu hành động ""Chỉnh sửa > Lưu làm mặc định _"" để cập nhật các thuộc tính mặc định của Trường hợp đã chèn theo loại đã chọn.",,,允許自訂實例預設值。引入一個動作「編輯 > 儲存為預設值_」，該動作會更新所選類型已插入實例的預設屬性。
Studio.BetaFeatures.ImprovedModelLodDescription,,,"Enable the new Scalable Lightweight Interactive Models (SLIM) system. Once enabled, set any model's LevelOfDetail to SLIM to use SLIM on that model","Enable the new Scalable Lightweight Interactive Models (SLIM) system. Once enabled, set any model's LevelOfDetail to SLIM to use SLIM on that model",,"Aktiviere das neue SLIM-System (Scalable Lightweight Interactive Models). Sobald es aktiviert ist, lege einfach das LevelOfDetail eines Modells auf SLIM fest, um SLIM für dieses Modell zu nutzen.",,Active cette fonction pour lancer le modèle amélioré LOD.,"नए स्केलेबल लाइटवेट इंटरैक्टिव मॉडल (SLIM) सिस्टम को चालू करें. चालू होने के बाद, किसी भी मॉडल का LevelOfDetail SLIM पर सेट करें ताकि उस मॉडल पर SLIM सिस्टम का इस्तेमाल किया जा सके.","Aktifkan sistem Scalable Lightweight Interactive Models (SLIM) yang baru. Setelah diaktifkan, atur LevelOfDetail model apapun ke SLIM untuk menggunakan SLIM pada model tersebut","Abilita il nuovo sistema SLIM (Scalable Lightweight Interactive Models). Una volta abilitato, imposta Workspace > UseImprovedModelLoD su Abilitato per sostituire il sistema ModelLoD esistente con il sistema SLIM",モデルの詳細度（LOD）向上を有効にするには、この機能を有効化します。,"새로운 경량 인터랙티브 모델(Scalable Lightweight Interactive Models, SLIM) 시스템을 활성화하세요. 활성화한 다음 원하는 모델의 LevelOfDetail을 SLIM으로 설정하여 해당 모델에 SLIM을 사용할 수 있습니다","Włącz nowy system skalowalnych lekkich modeli interaktywnych (SLIM). Po włączeniu ustaw Workspace > UseImprovedModelLoD na Włączone, aby zastąpić istniejący system ModelLoD systemem SLIM.",Ative este recurso para ativar o Nível de Detalhe de Modelo Aprimorado.,,เปิดใช้งานระบบ Scalable Lightweight Interactive Models (SLIM) ตัวใหม่ เมื่อเปิดใช้งานแล้ว ให้ตั้งค่า LevelOfDetail ของโมเดลเป็น SLIM เพื่อใช้ SLIM ในโมเดลนั้น,"Yeni Ölçeklenebilir Hafif Etkileşimli Modeller (SLIM) sistemini etkinleştir. Etkinleştirildikten sonra, herhangi bir modelin LevelOfDetail ayarını SLIM olarak belirle ve o modelde SLIM'i kullan","Bật hệ thống Mô hình tương tác nhẹ có thể mở rộng (SLIM) mới. Sau khi được bật, hãy đặt LevelOfDetail của bất kỳ mô hình nào thành SLIM để sử dụng SLIM trên mô hình đó",,,啟用新的可擴展輕量互動模型 (SLIM) 系統。啟用後，請將任何模型的「LevelOfDetail」設定為「SLIM」，以便在該模型上使用 SLIM
Studio.BetaFeatures.ImprovedModelLodTitle,,,SLIM,SLIM,,SLIM,,LOD du modèle amélioré,SLIM,SLIM,SLIM,モデルの詳細度向上,SLIM,SLIM,Nível de Detalhe do Modelo Aprimorado,,SLIM,SLIM,SLIM,,,SLIM
Studio.BetaFeatures.ProximityPromptIndicatorsTitle,,,Proximity Prompt Indicators,Proximity Prompt Indicators,,Indikatoren für Interaktionsmöglichkeiten in der Nähe,,,प्रॉक्सिमिटी प्रॉम्प्ट इंडिकेटर,Indikator Prompt Kedekatan,Indicatori di prompt di prossimità,,근접 프롬프트 표시기,Wskaźniki podpowiedzi bliskości,,,ตัวบ่งชี้ข้อความแจ้งระยะใกล้เคียง,Yakınlık Komutu Göstergeleri,Chỉ báo câu lệnh lân cận,,,鄰近提示指示器
Studio.BetaFeatures.ProximityPromptIndicatorsDescription,,,"Enables Indicators for Proximity Prompts. Indicators show where nearby prompts are, so you can help guide players to interactable objects or reduce the clutter of many nearby items.","Enables Indicators for Proximity Prompts. Indicators show where nearby prompts are, so you can help guide players to interactable objects or reduce the clutter of many nearby items.",,"Aktiviert Indikatoren für Interaktionsmöglichkeiten in der Nähe. Indikatoren zeigen an, wo sich in der Nähe Interaktionsmöglichkeiten befinden, sodass du Spieler zu interaktiven Objekten führen oder die Unordnung vieler Gegenstände in der Nähe reduzieren kannst.",,,"प्रॉक्सिमिटी प्रॉम्प्ट के लिए इंडिकेटर चालू करता है. इंडिकेटर से पता चलता है कि आस-पास के प्रॉम्प्ट कहाँ हैं, ताकि आप प्लेयर्स को इंटरैक्ट करने योग्य चीज़ों के बारे में बता सकें या आस-पास मौजूद कई चीज़ों के घाल-मेल से बचा जा सके.","Mengaktifkan Indikator untuk Prompt Kedekatan. Indikator menunjukkan letak prompt terdekat, jadi kamu dapat membantu memandu pemain ke objek yang dapat berinteraksi atau mengurangi kekacauan berbagai item di sekitarnya.","Abilita gli indicatori per i prompt di prossimità. Gli indicatori mostrano dove si trovano i prompt vicini, in modo da poter aiutare a guidare i giocatori verso gli oggetti interagibili o ridurre l'ingombro di molti oggetti vicini.",,근접 프롬프트 표시기를 활성화합니다. 표시기는 근처 프롬프트의 위치를 표시해 상호작용을 할 수 있는 객체로 플레이어를 안내하거나 가까이 있는 아이템이 뭉치는 것을 줄여줍니다.,"Włącza wskaźniki podpowiedzi bliskości. Wskaźniki pokazują, gdzie znajdują się pobliskie podpowiedzi, dzięki czemu możesz ułatwić użytkownikom znajdowanie obiektów do interakcji lub zmniejszyć chaos przy wielu elementach w pobliżu.",,,เปิดใช้งานตัวบ่งชี้สำหรับข้อความแจ้งระยะใกล้เคียง ตัวบ่งชี้จะแสดงตำแหน่งของข้อความแจ้งที่อยู่ใกล้ๆ เพื่อให้คุณช่วยแนะนำผู้เล่นไปยังวัตถุที่โต้ตอบได้ หรือลดความยุ่งเหยิงของไอเท็มจำนวนมากที่อยู่ใกล้กัน,"Yakınlık Komutları için Göstergeleri etkinleştirir. Göstergeler, yakındaki komutların nerede olduğunu gösterir. Böylece oyuncuları etkileşimli nesnelere doğru yönlendirebilir veya yakındaki birçok öğenin yarattığı karmaşıklığını azaltabilirsin.","Bật Chỉ báo cho câu lệnh lân cận. Chỉ báo sẽ hiển thị vị trí câu lệnh gần đó, giúp bạn hướng dẫn người chơi đến các đối tượng tương tác hoặc giảm thiểu tình trạng lộn xộn khi có nhiều vật phẩm gần đó.",,,啟用顯示鄰近提示的指示器。指示器會顯示附近的提示位置，以便引導玩家與可互動的物件互動，或減少附近物品過多的混亂情形。
Studio.BetaFeatures.PartyEmulatorTitle,,,Party Simulator,Party Simulator,,Party-Simulator,,,पार्टी एम्युलेटर,Emulator Party,Simulatore di party,,파티 시뮬레이터,Symulator Party,,,Party Simulator,Parti Simülatörü,Trình giả lập Party,,,Party 模擬器
Studio.BetaFeatures.PartyEmulatorDescription,,,Enables testing Party API dependent game logic during Server & Clients play tests,Enables testing Party API dependent game logic during Server & Clients play tests,,Ermöglicht das Testen der von der Party-API abhängigen Spiellogik während der “Server & Clients”-Tests,,,"सर्वर और क्लाइंट प्ले टेस्ट के दौरान, यह पार्टी API पर आधारित गेम लॉजिक की टेस्टिंग चालू करता है",Memungkinkan pengujian logika game yang bergantung pada API Party selama uji coba permainan Server & Klien,Consente di testare la logica di gioco dipendente dall'API Party durante i test di gioco del server e del client,,서버 및 클라이언트 플레이 테스트 중에 실행하는 파티 API에 의존하는 게임 로직에 대한 테스트를 활성화합니다,Umożliwia testowanie logiki gry zależnej od interfejsu API Party podczas testów gry na serwerze i klientach,,,เปิดใช้งานการทดสอบตรรกะของเกมที่ขึ้นอยู่กับ Party API ระหว่างทดสอบการเล่นบนเซิร์ฟเวอร์และไคลเอ็นต์,Sunucu ve İstemciler oyun testleri sırasında Parti API'sine bağlı oyun mantığının test edilmesini sağlar,Cho phép kiểm thử logic trò chơi phụ thuộc vào API Party trong các phiên chơi thử có Máy chủ và Máy khách,,,在伺服器與用戶端的遊戲測試期間，啟用依賴 Party API 的遊戲邏輯測試
