Key,Context,Example,Source,en-us,ar-001,de-de,es-es,fr-fr,hi-in,id-id,it-it,ja-jp,ko-kr,pl-pl,pt-br,ru-ru,th-th,tr-tr,vi-vn,zh-cjv,zh-cn,zh-tw
Studio.Toolbox.General.ToolboxToolbarName,,,Toolbox,Toolbox,صندوق الأدوات,Toolbox,Caja de herramientas,Boîte à outils,टूलबॉक्स,Toolbox,Toolbox,ツールボックス,도구 상자,Przybornik,Caixa de ferramentas,Панель инструментов,กล่องเครื่องมือ,Araç Kutusu,Hộp Công Cụ,工具箱,工具箱,工具箱
Studio.Toolbox.General.CategoryModels,,,Models,Models,النماذج,Modelle,Modelos,Modèles,मॉडल्स,Model,Modelli,モデル,모델,Modele,Modelos,Модели,โมเดล,Modeller,Mô Hình,模型,模型,模型
Studio.Toolbox.General.CategoryDecals,,,Images,Images,الصور,Bilder,Imágenes,Images,इमेज,Gambar,Immagini,画像,이미지,Obrazy,Imagens,Изображения,ภาพ,Görseller,Hình Ảnh,图片,图片,圖像
Studio.Toolbox.General.CategoryMeshes,,,Meshes,Meshes,أصول Mesh,Meshes,Mallas,Maillages,मेश,Mesh,Mesh,メッシュ,메시,Siatki,Malhas,Сетки,เมช,Mesh Yapıları,Mesh,网格,网格,網格
Studio.Toolbox.General.CategoryAudio,,,Audio,Audio,الصوت,Audio,Audio,Audio,ऑडियो,Audio,Audio,オーディオ,오디오,Dźwięk,Áudios,Звук,เสียง,Sesler,Âm Thanh,音频,音频,語音
Studio.Toolbox.General.CategoryPlugins,,,Plugins,Plugins,المكونات الإضافية,Plugins,Plugins,Plugins,प्लग-इन,Plugin,Plugin,プラグイン,플러그인,Dodatki plug-in,Plugins,Плагины,ปลั๊กอิน,Eklentiler,Plugin,插件,插件,外掛程式
Studio.Toolbox.General.CategoryMyModels,,,My Models,My Models,نماذجي,Meine Modelle,Mis modelos,Mes modèles,मेरे मॉडल,Model Saya,I miei modelli,マイモデル,내 모델,Moje modele,Meus modelos,Мои модели,โมเดลของฉัน,Modellerim,Mô Hình Của Tôi,我的模型,我的模型,我的模型
Studio.Toolbox.General.CategoryMyDecals,,,My Images,My Images,صوري,Meine Bilder,Mis imágenes,Mes images,मेरी तस्वीरें,Gambar Saya,Le mie immagini,マイ画像,내 이미지,Moje obrazy,Minhas imagens,Мои изображения,ภาพของฉัน,Görsellerim,Hình Ảnh Của Tôi,我的图片,我的图片,我的圖像
Studio.Toolbox.General.CategoryMyMeshes,,,My Meshes,My Meshes,أصول Mesh الخاصة بي,Meine Meshes,Mis mallas,Mes maillages,मेरे मेश,Mesh Saya,Le mie mesh,マイメッシュ,내 메시,Moje siatki,Minhas malhas,Мои сетки,เมชของฉัน,Mesh Yapılarım,Mesh Của Tôi,我的网格,我的网格,我的網格
Studio.Toolbox.General.CategoryMyAudio,,,My Audio,My Audio,صوتي,Meine Audiodateien,Mi audio,Mes sons,मेरा ऑडियो,Audio Saya,I miei audio,マイオーディオ,내 오디오,Moje dźwięki,Meus áudios,Мой звук,เสียงของฉัน,Seslerim,Âm Thanh Của Tôi,我的音频,我的音频,我的語音
Studio.Toolbox.General.CategoryMyPackages,,,My Packages,My Packages,حزمي,Meine Pakete,Mis paquetes,Mes packages,मेरे पैकेज,Paket Saya,I miei pacchetti,マイパッケージ,내 패키지,Moje pakiety,Meus pacotes,Мои пакеты,แพ็คเกจของฉัน,Paketlerim,Gói Của Tôi,我的包,我的包,我的套件
Studio.Toolbox.General.CategoryMyPlugins,,,My Plugins,My Plugins,المكونات الإضافية الخاصة بي,Meine Plugins,Mis plugins,Mes plugins,मेरे प्लग-इन,Plugin Saya,I miei plugin,マイプラグイン,내 플러그인,Moje dodatki plug-in,Meus plugins,Мои плагины,ปลั๊กอินของฉัน,Eklentilerim,Plugin Của Tôi,我的插件,我的插件,我的外掛程式
Studio.Toolbox.General.CategoryRecentModels,,,Recent Models,Recent Models,النماذج الأخيرة,Zuletzt verwendete Modelle,Modelos recientes,Modèles récents,हाल ही के मॉडल्स,Model Terbaru,Modelli recenti,最近のモデル,최근 모델,Ostatnie modele,Modelos recentes,Недавние модели,โมเดลล่าสุด,Son Modeller,Mô Hình Gần Đây,最近使用的模型,最近使用的模型,近期使用的模型
Studio.Toolbox.General.CategoryRecentDecals,,,Recent Images,Recent Images,الصور الأخيرة,Zuletzt verwendete Bilder,Imágenes recientes,Images récentes,हाल ही की तस्वीरें,Gambar Terbaru,Immagini recenti,最近の画像,최근 이미지,Ostatnie obrazy,Imagens recentes,Недавние изображения,ภาพล่าสุด,Son Görseller,Hình Ảnh Gần Đây,最近使用的图片,最近使用的图片,近期使用的圖像
Studio.Toolbox.General.CategoryRecentMeshes,,,Recent Meshes,Recent Meshes,أصول Mesh الأخيرة,Zuletzt verwendete Meshes,Mallas recientes,Maillages récents,हाल ही के मेश,Mesh Terbaru,Mesh recenti,最近のメッシュ,최근 메시,Ostatnie siatki,Malhas recentes,Недавние сетки,เมชล่าสุด,Son Mesh Yapıları,Mesh Gần Đây,最近使用的网格,最近使用的网格,近期使用的網格
Studio.Toolbox.General.CategoryRecentAudio,,,Recent Audio,Recent Audio,الصوت الأخير,Zuletzt verwendete Audiodateien,Audio reciente,Sons récents,हाल ही का ऑडियो,Audio Terbaru,Audio recenti,最近のオーディオ,최근 오디오,Ostatnie dźwięki,Áudios recentes,Недавние звукозаписи,เสียงล่าสุด,Son Sesler,Âm Thanh Gần Đây,最近使用的音频,最近使用的音频,近期使用的語音
Studio.Toolbox.General.CategoryGroupModels,,,Group Models,Group Models,نماذج المجموعة,Gruppenmodelle,Modelos del grupo,Modèles du groupe,ग्रुप मॉडल्स,Model Grup,Modelli del gruppo,モデルをグループ化,그룹 모델,Modele grupy,Agrupar modelos,Модели группы,โมเดลกลุ่ม,Grup Modeller,Mô Hình Nhóm,群组模型,群组模型,組合模型
Studio.Toolbox.General.CategoryGroupDecals,,,Group Images,Group Images,صور المجموعة,Gruppenbilder,Imágenes del grupo,Images du groupe,ग्रुप इमेज,Gambar Grup,Immagini del gruppo,画像をグループ化,그룹 이미지,Obrazy grupy,Agrupar imagens,Изображения группы,ภาพกลุ่ม,Grup Görseller,Hình Ảnh Nhóm,群组图片,群组图片,組合圖像
Studio.Toolbox.General.CategoryGroupMeshes,,,Group Meshes,Group Meshes,أصول Mesh للمجموعة,Gruppenmeshes,Mallas del grupo,Maillages du groupe,ग्रुप मेश,Mesh Grup,Mesh del gruppo,メッシュをグループ化,그룹 메시,Siatki grupy,Agrupar malhas,Сетки группы,เมชกลุ่ม,Grup Mesh Yapıları,Mesh Nhóm,群组网格,群组网格,組合網格
Studio.Toolbox.General.CategoryGroupAudio,,,Group Audio,Group Audio,أصوات المجموعة,Gruppenaudiodateien,Audio del grupo,Sons du groupe,ग्रुप ऑडियो,Audio Grup,Audio del gruppo,オーディオをグループ化,그룹 오디오,Dźwięki grupy,Agrupar áudios,Звукозаписи группы,เสียงกลุ่ม,Grup Sesler,Âm Thanh Nhóm,群组音频,群组音频,組合音效
Studio.Toolbox.General.CategoryGroupPackages,,,Group Packages,Group Packages,حزم المجموعة,Gruppenpakete,Paquetes del grupo,Packages du groupe,ग्रुप पैकेज,Paket Grup,Pacchetti del gruppo,グループパッケージ,그룹 패키지,Pakiety grupy,Agrupar pacotes,Пакеты группы,แพ็คเกจกลุ่ม,Grup Paketler,Gói Nhóm,群组包,群组包,組合套件
Studio.Toolbox.General.SearchBarDefaultText,,,Search,Search,بحث,Suchen,Buscar,Rechercher,सर्च करें,Cari,Cerca,サーチ,검색,Wyszukaj,Pesquisar,Поиск,ค้นหา,Ara,Tìm Kiếm,搜索,搜索,搜尋
Studio.Toolbox.General.SearchBarCreatorText,,,Search for users,Search for users,البحث عن المستخدمين,Nach Benutzern suchen,Buscar usuarios,Rechercher des utilisateurs,यूज़र सर्च करें,Cari pengguna,Cerca utenti,ユーザーをサーチ,사용자 검색,Wyszukaj użytkowników,Pesquisar usuários,Поиск пользователей,ค้นหาผู้ใช้งาน,Kullanıcı ara,Tìm kiếm người dùng,搜索用户,搜索用户,搜尋使用者
Studio.Toolbox.General.SuggestionsIntroText,,,Try searching for:,Try searching for:,جرِّب البحث عن:,Versuche zu suchen nach:,Intenta buscar:,Essayez de rechercher :,इनके लिए सर्च करने की कोशिश करें :,Coba cari:,Prova a cercare:,以下をサーチしてみてください。,다음으로 검색:,Spróbuj wyszukać:,Tente pesquisar por:,Попробуйте найти:,ลองค้นหา:,Şunu aramayı dene:,Thử tìm kiếm:,尝试搜索:,尝试搜索:,正在嘗試搜尋：
Studio.Toolbox.General.SuggestionsNPC,,,NPC,NPC,NPC,NPC,PNJ,PNJ,NPC,NPC,PNG,NPC,NPC,NPC,NPC,НИП,NPC,NPC,NPC,NPC,NPC,NPC
Studio.Toolbox.General.SuggestionsVehicle,,,Vehicle,Vehicle,مركبة,Fahrzeug,Vehículo,Véhicule,गाड़ी,Kendaraan,Veicolo,車,차량,Pojazd,Veículo,Транспорт,ยานพาหนะ,Araç,Phương Tiện,车辆,车辆,載具
Studio.Toolbox.General.SuggestionsWeapon,,,Weapon,Weapon,سلاح,Waffe,Arma,Arme,वेपन,Senjata,Arma,武器,무기,Broń,Arma,Оружие,อาวุธ,Silah,Vũ Khí,武器,武器,武器
Studio.Toolbox.General.SuggestionsBuilding,,,Building,Building,بناء,Gebäude,Edificio,Bâtiment,बिल्डिंग,Bangunan,Edificio,ビル,건물,Budynek,Construção,Постройки,สิ่งปลูกสร้าง,Bina,Xây Dựng,建造,建造,建築
Studio.Toolbox.General.SuggestionsLight,,,Light,Light,خفيف,Licht,Luz,Lumière,लाइट,Cahaya,Luce,照明,조명,Oświetlenie,Luz,Свет,แสง,Işık,Ánh Sáng,光,光,燈光
Studio.Toolbox.General.SortByText,,,Sort by:,Sort by:,ترتيب حسب:,Sortieren nach:,Ordenar por:,Trier par :,इस आधार पर क्रम से लगाएँ :,Urutkan berdasarkan:,Ordina per:,並べ替え順:,정렬 기준:,Sortuj według:,Ordenar por:,Сортировка:,เรียงลำดับตาม:,Sırala:,Sắp xếp theo:,排序方式:,排序方式:,排序方式：
Studio.Toolbox.General.SortByRelevance,,,Relevance,Relevance,الأهمية,Relevanz,Relevancia,Pertinence,सबसे ज़्यादा मेल खाने वाला,Relevansi,Rilevanza,関連性,관련성,Trafność,Relevância,Актуальность,ความเกี่ยวข้อง,Alaka,Liên Quan,关联,关联,相關性
Studio.Toolbox.General.SortByMostTaken,,,Most Taken,Most Taken,الأكثر التقاطًا,Am häufigsten verwendet,Más populares,Populaires,सबसे ज़्यादा लिया गया,Paling Banyak Digunakan,Più usati,一番人気,사용 횟수,Najczęściej wybierane,Mais populares,Использование,นำไปใช้มากที่สุด,En Çok Alınan,Được Chọn Nhiều Nhất,最多采用,最多采用,最常採用
Studio.Toolbox.General.SortByFavorites,,,Favorites,Favorites,المفضلة,Favoriten,Favoritos,Favoris,पसंदीदा,Favorit,Preferiti,お気に入り,즐겨찾기,Ulubione,Favoritos,Избранное,รายการโปรด,Favoriler,Yêu Thích,收藏,收藏,最愛
Studio.Toolbox.General.SortByUpdated,,,Updated,Updated,تم التحديث,Aktualisiert,Actualizado,Mis à jour,अपडेट किया गया,Di-update,Aggiornati,更新済み,업데이트,Zaktualizowane,Atualizado,Обновление выполнено,การอัปเดต,Son Güncelleme,Đã Cập Nhật,已更新,已更新,更新時間
Studio.Toolbox.General.SortByRatings,,,Ratings,Ratings,التقييمات,Bewertungen,Calificaciones,Notes,रेटिंग,Rating,Valutazioni,評価,평가,Oceny,Avaliações,Рейтинги,คะแนน,Derecelendirme,Xếp Hạng,评级,评级,評分
Studio.Toolbox.General.AssetCreatorIntroText,,,by {name:username},by {name:username},بواسطة {name:username},von {name:username},de {name:username},par {name:username},इन्होंने बनाया {name:username},oleh {name:username},di {name:username},作：{name:username},제작: {name:username},Autor: {name:username},de {name:username},Имя пользователя: {name:username},โดย {name:username},Oluşturan: {name:username},bởi {name:username},作者: {name:username},作者: {name:username},創作者：{name:username}
Studio.Toolbox.General.VotingVoteText,,,vote,vote,صوت,abstimmen,voto,vote,वोट करें,suara,voto,投票,표,głos,voto,голос,การโหวต,oy,phiếu bầu,票,票,票
Studio.Toolbox.General.VotingVotesText,,,votes,votes,أصوات,Stimmen,votos,votes,वोट,suara,voti,投票,표,głosy(-ów),votos,голоса,โหวต,oy,phiếu bầu,票,票,票
Studio.Toolbox.General.FooterBGText,,,Background:,Background:,الخلفية:,Hintergrund:,Fondo:,Arrière-plan :,बैकग्राउंड : -,Latar Belakang:,Sfondo:,背景:,배경:,Tło:,Fundo:,Фон:,พื้นหลัง:,Arka plan:,Nền:,背景:,背景:,背景：
Studio.Toolbox.General.FooterButtonWhiteName,,,White,White,أبيض,Weiß,Blanco,Blanc,वाइट,Putih,Bianco,白,흰색,Biały,Branco,Белый,สีขาว,Beyaz,Trắng,白色,白色,白
Studio.Toolbox.General.FooterButtonBlackName,,,Black,Black,أسود,Schwarz,Negro,Noir,ब्लैक,Hitam,Nero,黒,검은색,Czarny,Preto,Черный,สีดำ,Siyah,Đen,黑色,黑色,黑
Studio.Toolbox.General.FooterButtonNoneName,,,None,None,لا شيء,Keiner,Ninguno,Aucun,कुछ भी नहीं,Tidak Ada,Nessuno,なし,없음,Brak,Nenhum,Нет,ไม่มี,Yok,Không Có,无,无,無
Studio.Toolbox.General.EndorseBadgeTooltipText,,,Marked as a high-quality item,Marked as a high-quality item,تم وضع علامة كعنصر عالي الجودة,Als qualitativ hochwertigen Artikel markiert,Marcado como elemento de alta calidad,Marqué comme article de qualité,हाई क्वॉलिटी आइटम के रूप में मार्क किया गया,Ditandai sebagai item berkualitas tinggi,Segnato come oggetto di alta qualità,ハイクオリティアイテムとして登録済み,고품질 아이템으로 표시,Oznaczono jako przedmiot wysokiej jakości,Marcado como item de alta qualidade,Обозначен как высококачественный товар,ได้รับการทำเครื่องหมายเป็นไอเท็มคุณภาพสูง,Kaliteli öğe olarak işaretlendi,Được đánh dấu là vật phẩm chất lượng cao,标记为高品质的项目,标记为高品质的项目,已標記為高品質物品
Studio.Toolbox.General.InfoBannerText,,,No results found,No results found,لا توجد نتائج,Keine Ergebnisse gefunden,No se encontraron resultados,Aucun résultat trouvé,कोई रिज़ल्ट नहीं मिला,Tidak ada hasil,Nessun risultato trovato,結果が見つかりませんでした,결과 없음,Nie znaleziono wyników,Nenhum resultado encontrado,Результатов не найдено,ไม่พบผลลัพธ์,Sonuç bulunamadı,Không tìm thấy kết quả,未找到结果,未找到结果,未找到結果
Studio.Toolbox.General.CategoryEndorsedPlugins,,,EndorsedPlugins,EndorsedPlugins,EndorsedPlugins,EndorsedPlugins,EndorsedPlugins,Plugins approuvés,EndorsedPlugins,EndorsedPlugins,EndorsedPlugins,EndorsedPlugins,추천 플러그인,EndorsedPlugins,EndorsedPlugins,Одобренные плагины,EndorsedPlugins,Onaylanmış Eklentiler,EndorsedPlugins,官方认可的插件,官方认可的插件,官方認可外掛程式
Studio.Toolbox.General.SearchResults,,,Search Results,Search Results,نتائج البحث,Suchergebnisse,Resultados de la búsqueda,Résultats de la recherche,सर्च रिज़ल्ट्स,Hasil Pencarian,Risultati di ricerca,サーチ結果,검색 결과,Wyniki wyszukiwania,Pesquisar nos resultados,Результаты поиска,ผลลัพธ์การค้นหา,Arama Sonuçları,Kết Quả Tìm Kiếm,搜索结果,搜索结果,搜尋結果
Studio.Toolbox.General.SearchResultsKeyword,,,Search Results for,Search Results for,نتائج البحث عن,Suchergebnisse für,Buscar resultados para,Résultats de la recherche pour,इसके लिए सर्च रिज़ल्ट्स,Hasil Pencarian untuk,Risultati di ricerca per,以下のサーチ結果,다음에 대한 검색 결과:,Wyniki wyszukiwania dla:,Pesquisar nos resultados por,Результаты поиска для:,ผลลัพธ์การค้นหาสำหรับ,Şunun için sonuç ara:,Kết Quả Tìm Kiếm cho,搜索结果：,搜索结果：,以此條件搜尋的結果：
Studio.Toolbox.General.SearchResultsClearAll,,,Clear,Clear,مسح,Löschen,Eliminar,Effacer,डिलीट करें,Hapus,Cancella,消す,지우기,Wyczyść,Limpar,Очистить,เคลียร์,Temizle,Dọn Sạch,清除,清除,清除
Studio.Toolbox.General.SearchOptionCreator,,,Creator,Creator,المصمّم,Ersteller:in,Creador,Créateur,क्रिएटर,Kreator,Creatore,クリエーター,크리에이터,Twórca,Criador,Автор,ครีเอเตอร์,Oluşturan,Nhà Sáng Tạo,创作者,创作者,創作者
Studio.Toolbox.General.SearchOptionSort,,,Sort By,Sort By,الترتيب حسب,Sortieren nach,Ordenar por,Trier par,इस आधार पर क्रम से लगाएँ,Urutkan Berdasarkan,Ordina per,並べ替え順,정렬 기준,Sortuj według,Ordenar por,Сортировка:,เรียงลำดับตาม,Sırala:,Sắp Xếp Theo,排序方式,排序方式,排序方式
Studio.Toolbox.General.SearchOptionsApply,,,Apply,Apply,تطبيق,Anwenden,Aplicar,Appliquer,लागू करें,Terapkan,Applica,適用,적용,Zastosuj,Aplicar,Применить,ปรับใช้,Uygula,Áp Dụng,应用,应用,套用
Studio.Toolbox.General.SearchOptionsCancel,,,Cancel,Cancel,إلغاء,Abbrechen,Cancelar,Annuler,कैंसिल करें,Batalkan,Annulla,キャンセル,취소,Anuluj,Cancelar,Отмена,ยกเลิก,İptal,Hủy Bỏ,取消,取消,取消
Studio.Toolbox.General.SearchTagCreator,,,by:,by:,بواسطة:,von:,de:,par :,इन्होंने क्रिएट किया है :,oleh:,di:,作:,제작:,Twórca:,de:,параметр:,โดย:,Oluşturan:,bởi:,作者:,作者:,來自：
Studio.Toolbox.General.TabMarketplace,,,Marketplace,Marketplace,المتجر,Marktplatz,Mercado,Marketplace,मार्केटप्लेस,Marketplace,Mercato,マーケットプレイス,마켓플레이스,Rynek,Mercado,Магазин,มาร์เก็ตเพลส,Pazar Yeri,Sàn Giao Dịch,商城,商城,商城
Studio.Toolbox.General.TabInventory,,,Inventory,Inventory,المقتنيات,Inventar,Inventario,Inventaire,इन्वेंट्री,Inventaris,Inventario,持ち物,인벤토리,Wyposażenie,Inventário,Снаряжение,คลังไอเท็ม,Envanter,Kho,背包,背包,物品庫
Studio.Toolbox.General.TabRecent,,,Recent,Recent,مؤخرًا,Zuletzt verwendet,Reciente,Récents,हाल ही का,Baru-Baru Ini,Recenti,最近の編集,최근,Ostatnie,Recentes,Недавние,ล่าสุด,Son,Gần Đây,最近,最近,近期使用
Studio.Toolbox.General.CategoryPaidPlugins,,,Plugins,Plugins,المكونات الإضافية,Plugins,Plugins,Plugins,प्लग-इन,Plugin,Plugin,プラグイン,플러그인,Dodatki plug-in,Plugins,Плагины,ปลั๊กอิน,Eklentiler,Plugin,插件,插件,外掛程式
Studio.Toolbox.General.CategoryCreationsDevelopmentSectionDivider,,,Game development assets,Game development assets,أصول تطوير اللعبة,Spielentwicklungsobjekte,Recursos para el desarrollo del juego,Contenus pour le développement du jeu,गेम डेवलपमेंट ऐसेट्स,Aset pengembangan game,Risorse di sviluppo del gioco,ゲーム開発アセット,게임 개발 애셋,Zasoby do tworzenia gier,Recursos de desenvolvimento do jogo,Ресурсы разработки игры,ทรัพยากรการพัฒนาเกม,Oyun geliştirme varlıkları,Tài sản phát triển trò chơi,游戏开发素材,游戏开发素材,遊戲開發素材
Studio.Toolbox.General.CategoryCreationsModels,,,Models,Models,النماذج,Modelle,Modelos,Modèles,मॉडल्स,Model,Modelli,モデル,모델,Modele,Modelos,Модели,โมเดล,Modeller,Mô Hình,模型,模型,模型
Studio.Toolbox.General.CategoryCreationsDecals,,,Images,Images,الصور,Bilder,Imágenes,Images,इमेज,Gambar,Immagini,画像,이미지,Obrazy,Imagens,Изображения,ภาพ,Görseller,Hình Ảnh,图片,图片,圖像
Studio.Toolbox.General.CategoryCreationsAudio,,,Audio,Audio,الصوت,Audio,Audio,Audio,ऑडियो,Audio,Audio,オーディオ,오디오,Dźwięk,Áudio,Звук,เสียง,Sesler,Âm Thanh,音频,音频,語音
Studio.Toolbox.General.CategoryCreationsMeshes,,,Meshes,Meshes,أصول Mesh,Meshes,Mallas,Mailles,मेश,Mesh,Mesh,メッシュ,메시,Siatki,Malhas,Сетки,เมช,Mesh Yapıları,Mesh,网格,网格,網格
Studio.Toolbox.General.CategoryCreationsCatalogSectionDivider,,,Avatar assets,Avatar assets,أصول الأفاتار,Avatar-Objekte,Recursos para el avatar,Éléments avatars,अवतार की ऐसेट्स,Aset avatar,Risorse avatar,アバターアセット,아바타 애셋,Zasoby awatarów,Recursos de avatar,Ресурсы аватара,ทรัพยากรอวาตาร์,Avatar varlıkları,Tài sản avatar,虚拟形象素材,虚拟形象素材,虛擬人偶素材
Studio.Toolbox.General.CategoryCreationsHats,,,Hats,Hats,قبعات,Hüte,Sombreros,Chapeaux,हैट्स,Topi,Cappelli,帽子,모자,Nakrycia głowy,Chapéus,Головные уборы,หมวก,Şapkalar,Mũ,帽子,帽子,帽子
Studio.Toolbox.General.CategoryCreationsTeeShirts,,,T-Shirts,T-Shirts,تي شيرت,T-Shirts,Camisetas,T-shirts,टी-शर्ट्स,Kaus,Magliette,Tシャツ,티셔츠,Koszulki,Camisetas,Футболки,เสื้อยืด,Tişörtler,Áo Thun,T 恤,T 恤,T 恤
Studio.Toolbox.General.CategoryCreationsShirts,,,Shirts,Shirts,القمصان,Shirts,Camisas,Chemises,शर्ट्स,Kemeja,Camicie,シャツ,셔츠,Koszule,Camisas,Рубашки,เสื้อเชิ้ต,Gömlekler,Áo Sơ Mi,上衣,上衣,上衣
Studio.Toolbox.General.CategoryCreationsPants,,,Pants,Pants,البنطلون,Hosen,Pantalones,Pantalons,पैंट्स,Celana,Pantaloni,パンツ,바지,Spodnie,Calças,Брюки,กางเกงขายาว,Pantolonlar,Quần Dài,裤子,裤子,褲子
Studio.Toolbox.General.CategoryCreationsHair,,,Hair,Hair,الشعر,Haare,Pelo,Cheveux,बाल,Rambut,Capelli,髪,헤어,Włosy,Cabelo,Волосы,ผม,Saçlar,Tóc,头发,头发,髮型
Studio.Toolbox.General.CategoryCreationsFaceAccessory,,,Face Accessories,Face Accessories,أكسسوارات الوجه,Gesichts-Accessoires,Accesorios para la cara,Accessoires visage,चेहरे की ऐक्सेसरीज़,Aksesori Wajah,Accessori faccia,顔用アクセサリ,얼굴 장신구,Akcesoria – twarz,Acessórios de rosto,Лицо: аксесссуары,ไอเท็มเสริมใบหน้า,Yüz Aksesuarları,Phụ Kiện Mặt,脸部配件,脸部配件,臉部飾品
Studio.Toolbox.General.CategoryCreationsNeckAccessory,,,Neck Accessories,Neck Accessories,أكسسوارات الرقبة,Hals-Accessoires,Accesorios para el cuello,Accessoires cou,गरदन की ऐक्सेसरीज़,Aksesori Leher,Accessori collo,首用アクセサリ,목 장신구,Akcesoria – szyja,Acessórios de pescoço,Шея: аксесссуары,ไอเท็มเสริมคอ,Boyun Aksesuarları,Phụ Kiện Cổ,颈部配件,颈部配件,頸部飾品
Studio.Toolbox.General.CategoryCreationsShoulderAccessory,,,Shoulder Accessories,Shoulder Accessories,أكسسوارات للكتف,Schulter-Accessoires,Accesorios para el hombro,Accessoires épaule,कंधे की ऐक्सेसरीज़,Aksesori Bahu,Accessori spalla,肩用アクセサリ,어깨 장신구,Akcesoria – ramiona,Acessórios de ombro,Плечи: аксесссуары,ไอเท็มเสริมไหล่,Omuz Aksesuarları,Phụ Kiện Vai,肩部配件,肩部配件,肩膀飾品
Studio.Toolbox.General.CategoryCreationsFrontAccessory,,,Front Accessories,Front Accessories,أكسسوارات للجزء الأمامي,Vorderseite-Accessoires,Accesorios frontales,Accessoires devant,फ़्रंट ऐक्सेसरीज़,Aksesori Depan,Accessori anteriori,正面用アクセサリ,전면 장신구,Akcesoria – przód,Acessórios de frente,Перед: аксесссуары,ไอเท็มเสริมด้านหน้า,Ön Taraf Aksesuarları,Phụ Kiện Trán,正面配件,正面配件,正面飾品
Studio.Toolbox.General.CategoryCreationsBackAccessory,,,Back Accessories,Back Accessories,أكسسوارات الجزء الخلفي,Rückseite-Accessoires,Accesorios traseros,Accessoires dos,बैक ऐक्सेसरीज़,Aksesori Belakang,Accessori posteriori,背面用アクセサリ,후면 장신구,Akcesoria – tył,Acessórios das costas,Спина: аксесссуары,ไอเท็มเสริมด้านหลัง,Arka Taraf Aksesuarları,Phụ Kiện Lưng,背面配件,背面配件,背部飾品
Studio.Toolbox.General.CategoryCreationsWaistAccessory,,,Waist Accessories,Waist Accessories,أكسسوارات الخصر,Taille-Accessoires,Accesorios para la cintura,Accessoires taille,कमर की ऐक्सेसरीज़,Aksesori Pinggang,Accessori vita,腰用アクセサリ,허리 장신구,Akcesoria – talia,Acessórios de cintura,Пояс: аксесссуары,ไอเท็มเสริมเอว,Bel Aksesuarları,Phụ Kiện Eo,腰部配件,腰部配件,腰部飾品
Studio.Toolbox.General.TabCreations,,,Creations,Creations,المنتجات,Kreationen,Creaciones,Créations,क्रिएशंस,Kreasi,Creazioni,作品,작품,Dzieła,Criações,Создания,ผลงานสร้างสรรค์,Oluşturulanlar,Sản Phẩm,作品,作品,創作
Studio.Toolbox.General.RightClickMenuCopyAssetID,,,Copy Asset ID,Copy Asset ID,نسخ مُعرِّف الأصل,Objekt-ID kopieren,ID de la copia del recurso,Copier Identifiant de l'élément,ऐसेट ID कॉपी करें,Salin ID Aset,Copia ID risorsa,アセットIDをコピー,애셋 ID 복사,Skopiuj identyfikator zasobu,Copiar ID do ativo,Копировать ID ресурса,คัดลอก ID ทรัพยากร,Varlık kimliğini kopyala,Sao Chép ID Tài Sản,复制素材 ID,复制素材 ID,複製素材 ID
Studio.Toolbox.General.RightClickMenuCopyAssetURI,,,Copy Asset URI,Copy Asset URI,نسخ عنوان URI للأصل,Objekt-URI kopieren,URI de la copia del recurso,Copier élément URI,ऐसेट URI कॉपी करें,Salin URI Aset,Copia URI risorsa,アセットURIをコピー,애셋 URI 복사,Skopiuj identyfikator URI zasobu,Copiar URI do ativo,Копировать URI ресурса,คัดลอก URI ทรัพยากร,Varlık URI'ını kopyala,Sao Chép URI Tài Sản,复制素材 URI,复制素材 URI,複製素材 URI
Studio.Toolbox.General.RightClickMenuViewInBrowser,,,View In Browser,View In Browser,عرض في متصفح الويب,Im Browser ansehen,Ver en navegador,Voir dan le navigateur,ब्राउज़र में देखें,Lihat di Browser,Vedi nel browser,ブラウザで表示,브라우저에서 보기,Wyświetl w przeglądarce,Ver no navegador,Просмотр в обозревателе,ดูในเบราว์เซอร์,Tarayıcıda görüntüle,Xem Trong Trình Duyệt,在浏览器中查看,在浏览器中查看,在瀏覽器檢視
Studio.Toolbox.General.RightClickMenuConfigureAsset,,,Configure asset,Configure asset,تهيئة الأصل,Objekt konfigurieren,Configurar recurso,Configurer élément,ऐसेट को कॉन्फ़िगर करें,Konfigurasi aset,Configura risorsa,アセットの環境設定,애셋 구성,Skonfiguruj zasób,Configurar ativo,Настроить ресурс,กำหนดค่าทรัพยากร,Varlığı yapılandır,Định cấu hình tài sản,配置素材,配置素材,設定素材
Studio.Toolbox.General.RightClickMenuEditAsset,,,Edit Asset,Edit Asset,تحرير الأصل,Objekt bearbeiten,Editar recurso,Modifier élément,ऐसेट एडिट करें,Edit Aset,Modifica risorsa,アセットを編集,애셋 편집,Edytuj zasób,Editar ativo,Изменить ресурс,แก้ไขทรัพยากร,Varlığı düzenle,Chỉnh Sửa Tài Sản,编辑素材,编辑素材,編輯素材
Studio.Toolbox.General.RightClickMenuReport,,,Report,Report,إبلاغ,Melden,Reportar,Reporter,रिपोर्ट करें,Laporkan,Segnala,報告,신고,Zgłoś,Informar,Отчет,รายงาน,Bildir,Báo Cáo,举报,举报,舉報
Studio.Toolbox.General.StatusReviewPending,,,In Review,In Review,قيد المراجعة,In Überprüfung,En revisión,En révision,रिव्यू हो रहा है,Sedang Di-review,In fase di revisione,レビュー中,검토 중,Rozpatrywanie,Sob revisão,На рассмотрении,อยู่ในระหว่างการตรวจสอบ,İnceleniyor,Đang Chờ Đánh Giá,审核中,审核中,審查中
Studio.Toolbox.General.StatusModerated,,,Rejected,Rejected,مرفوض,Abgelehnt,Rechazado,Rejeté,रिजेक्ट किया गया,Ditolak,Rifiutato,却下済み,거부됨,Odrzucono,Rejeitado,Отклонено,ถูกปฏิเสธ,Reddedildi,Bị Từ Chối,已拒绝,已拒绝,遭拒
Studio.Toolbox.General.StatusReviewApproved,,,Ready For Sale,Ready For Sale,جاهز للبيع,Bereit zum Verkauf,Listo para la venta,Prêt à la vente,बिक्री के लिए तैयार,Siap Dijual,Pronto alla vendita,販売の準備完了,판매 준비 완료,Przedmiot gotowy do sprzedaży,Pronto para venda,Готово для продажи,พร้อมสำหรับขาย,Satışa hazır,Sẵn Sàng Để Bán,待售,待售,可上架
Studio.Toolbox.General.StatusOnSale,,,On Sale,On Sale,في البيع,Im Angebot,En venta,À vendre,बिक्री के लिए उपलब्ध,Dijual,In vendita,販売中,판매 시작,W sprzedaży,À venda,В продаже,กำลังวางขายอยู่,Satılık,Đang Bán,在售,在售,上架
Studio.Toolbox.General.StatusOffSale,,,Off Sale,Off Sale,ليس للبيع,Nicht im Angebot,Fuera de venta,Hors vente,बिक्री के लिए उपलब्ध नहीं है,Tidak Dijual,Non in vendita,非売品,판매 종료,Nie na sprzedaż,Não está à venda,Не в продаже,หยุดขาย,Satışa kapalı,Ngừng Bán,下架,下架,下架
Studio.Toolbox.General.StatusDelayedRelease,,,Ready For Sale,Ready For Sale,جاهز للبيع,Bereit zum Verkauf,Listo para la venta,Prêt à la vente,बिक्री के लिए तैयार,Siap Dijual,Pronto alla vendita,販売の準備完了,판매 준비 완료,Przedmiot gotowy do sprzedaży,Pronto para venda,Готово для продажи,พร้อมสำหรับขาย,Satışa hazır,Sẵn Sàng Để Bán,待售,待售,可上架
Studio.Toolbox.General.StatusUnknown,,,Unknown,Unknown,غير معروف,Unbekannt,Desconocido,Inconnu,अज्ञात,Tidak Diketahui,Sconosciuto,不明,알 수 없음,Nieznane,Desconhecido,Неизвестно,ไม่ทราบ,Bilinmiyor,Không Xác Định,未知,未知,未知
Studio.Toolbox.General.AssetTypeModel,,,Model,Model,النموذج,Modell,Modelo,Modèle,मॉडल,Model,Modello,モデル,모델,Model,Modelo,Модель,โมเดล,Model,Mô Hình,模型,模型,模型
Studio.Toolbox.General.AssetTypeDecal,,,Decal,Decal,الملصق,Aufkleber,Adhesivo,Autocollant,डीकैल,Stiker,Decalcomania,デカール,데칼,Naklejka,Adesivo,Деколь,สติกเกอร์,Çıkartma,Đề Can,贴花,贴花,貼花
Studio.Toolbox.General.AssetTypeMesh,,,Mesh,Mesh,أصل Mesh,Mesh,Malla,Maillage,मेश,Mesh,Mesh,メッシュ,메시,Siatka,Malha,Сетка,เมช,Mesh,Mesh,网格,网格,網格
Studio.Toolbox.General.AssetTypeAudio,,,Audio,Audio,الصوت,Audio,Audio,Audio,ऑडियो,Audio,Audio,オーディオ,오디오,Dźwięk,Áudio,Звук,เสียง,Ses,Âm Thanh,音频,音频,語音
Studio.Toolbox.General.AssetTypeHat,,,Hat,Hat,قبعة,Hut,Sombrero,Chapeau,हैट,Topi,Cappello,帽子,모자,Nakrycie głowy,Chapéu,Головной убор,หมวก,Şapka,Mũ,帽子,帽子,帽子
Studio.Toolbox.General.AssetTypeTeeShirt,,,T-Shirt,T-Shirt,تي شيرت,T-Shirt,Camiseta,T-Shirt,टी-शर्ट,Kaus,Maglietta,Tシャツ,티셔츠,Koszulka,Camiseta,Футболка,เสื้อยืด,Tişört,Áo Thun,T 恤,T 恤,T 恤
Studio.Toolbox.General.AssetTypeShirt,,,Shirt,Shirt,قميص,Shirt,Camisa,Chemise,शर्ट,Kemeja,Camicia,シャツ,셔츠,Koszula,Camisa,Рубашка,เสื้อเชิ้ต,Gömlek,Áo Sơ Mi,上衣,上衣,上衣
Studio.Toolbox.General.AssetTypePants,,,Pants,Pants,البنطلون,Hose,Pantalones,Pantalons,पैंट्स,Celana,Pantaloni,パンツ,바지,Spodnie,Calça,Брюки,กางเกงขายาว,Pantolon,Quần Dài,裤子,裤子,褲子
Studio.Toolbox.General.AssetTypePlugin,,,Plugin,Plugin,المكوَّن الإضافي,Plugin,Plugin,Plugin,प्लग-इन,Plugin,Plugin,プラグイン,플러그인,Dodatek plug-in,Plugin,Плагин,ปลั๊กอิน,Eklenti,Plugin,插件,插件,外掛程式
Studio.Toolbox.General.AssetTypeHairAccessory,,,Hair,Hair,الشعر,Haare,Pelo,Cheveux,बाल,Rambut,Capelli,髪,헤어,Włosy,Cabelo,Волосы,ผม,Saç,Tóc,头发,头发,髮型
Studio.Toolbox.General.AssetTypeFaceAccessory,,,Face Accessory,Face Accessory,إكسسوار للوجه,Gesichts-Accessoire,Accesorio para la cara,Accessoire visage,चेहरे की ऐक्सेसरी,Aksesori Wajah,Accessorio faccia,顔用アクセサリ,얼굴 장신구,Akcesorium – twarz,Acessório de rosto,Лицо: аксессуары,ไอเท็มเสริมใบหน้า,Yüz Aksesuarı,Phụ Kiện Mặt,脸部配件,脸部配件,臉部飾品
Studio.Toolbox.General.AssetTypeNeckAccessory,,,Neck Accessory,Neck Accessory,إكسسوار للرقبة,Hals-Accessoire,Accesorio para el cuello,Accessoire cou,नेक ऐक्सेसरी,Aksesori Leher,Accessorio collo,首用アクセサリ,목 장신구,Akcesorium – szyja,Acessório de pescoço,Шея: аксессуары,ไอเท็มเสริมคอ,Boyun Aksesuarı,Phụ Kiện Cổ,颈部配件,颈部配件,頸部飾品
Studio.Toolbox.General.AssetTypeShoulderAccessory,,,Shoulder Accessory,Shoulder Accessory,إكسسوار للكتف,Schulter-Accessoire,Accesorio para el hombro,Accessoire épaule,शोल्डर ऐक्सेसरी,Aksesori Bahu,Accessorio spalla,肩用アクセサリ,어깨 장신구,Akcesorium – ramiona,Acessório de ombro,Плечи: аксессуары,ไอเท็มเสริมไหล่,Omuz Aksesuarı,Phụ Kiện Vai,肩部配件,肩部配件,肩膀飾品
Studio.Toolbox.General.AssetTypeFrontAccessory,,,Front Accessory,Front Accessory,إكسسوار للمقدمة,Vorderseite-Accessoire,Accesorio frontal,Accessoire devant,फ़्रंट ऐक्सेसरी,Aksesori Depan,Accessorio anteriore,正面用アクセサリ,전면 장신구,Akcesorium – przód,Acessório de frente,Перед: аксессуары,ไอเท็มเสริมด้านหน้า,Ön Taraf Aksesuarı,Phụ Kiện Trán,正面配件,正面配件,正面飾品
Studio.Toolbox.General.AssetTypeBackAccessory,,,Back Accessory,Back Accessory,إكسسوار للظهر,Rückseite-Accessoire,Accesorio trasero,Accessoire dos,बैक ऐक्सेसरी,Aksesori Belakang,Accessorio posteriore,背面用アクセサリ,후면 장신구,Akcesorium – tył,Acessório das costas,Спина: аксессуары,ไอเท็มเสริมด้านหลัง,Arka Taraf Aksesuarı,Phụ Kiện Lưng,背面配件,背面配件,背部飾品
Studio.Toolbox.General.AssetTypeWaistAccessory,,,Waist Accessory,Waist Accessory,إكسسوار للخصر,Taille-Accessoire,Accesorio para la cintura,Accessoire taille,कमर की ऐक्सेसरी,Aksesori Pinggang,Accessorio vita,腰用アクセサリ,허리 장신구,Akcesorium – talia,Acessório de cintura,Пояс: аксессуары,ไอเท็มเสริมเอว,Bel Aksesuarı,Phụ Kiện Eo,腰部配件,腰部配件,腰部飾品
Studio.Toolbox.General.DiscardMessage,,,Would you like to discard all changes?,Would you like to discard all changes?,هل ترغب في تجاهل جميع التغييرات؟,Möchtest du alle Änderungen verwerfen?,¿Quieres descartar todos los cambios?,Souhaites-tu renoncer à tous les changements ?,क्या आपको सभी बदलाव खारिज करने हैं?,Ingin menghapus semua perubahan?,Vuoi scartare tutte le modifiche?,すべての変更を破棄しますか。,모든 변경 사항을 취소할까요?,Czy chcesz odrzucić wszystkie zmiany?,Deseja descartar todas as alterações?,Отменить все изменения?,คุณต้องการยกเลิกการเปลี่ยนแปลงทั้งหมดหรือไม่?,Değişikliklerden vazgeçmek istediğinden emin misin?,Bạn có muốn loại bỏ tất cả các thay đổi không?,你要放弃所有更改吗?,你要放弃所有更改吗?,確定捨棄所有變更？
Studio.Toolbox.General.Discard,,,Discard,Discard,تجاهل,Verwerfen,Descartar,Renoncer,खारिज करें,Hapus,Elimina,破棄,제거,Odrzuć,Descartar,Сбросить,ยกเลิก,Vazgeç,Loại Bỏ,放弃,放弃,捨棄
Studio.Toolbox.General.Title,,,Title,Title,العنوان,Titel,Título,Titre,टाइटल,Judul,Titolo,題名,제목,Tytuł,Título,Название,หัวข้อ,Başlık,Tiêu Đề,标题,标题,名稱
Studio.Toolbox.General.Description,,,Description,Description,الوصف,Beschreibung,Descripción,Description,विवरण,Deskripsi,Descrizione,詳細,설명,Opis,Descrição,Описание,คำอธิบาย,Açıklama,Mô Tả,描述,描述,說明
Studio.Toolbox.General.Ownership,,,Creator,Creator,المصمّم,Creator,Creador,Créateur,क्रिएटर,Kreator,Creatore,クリエーター,크리에이터,Twórca,Criador,Автор,ครีเอเตอร์,Oluşturan,Nhà Sáng Tạo,创作者,创作者,創作者
Studio.Toolbox.General.Genre,,,Genre,Genre,نوع التجربة,Genre,Género,Genres,कैटगरी,Genre,Genere,ジャンル,장르,Gatunek,Gênero,Жанр,ประเภท,Tür,Thể Loại,主题,主题,類別
Studio.Toolbox.General.Copy,,,Allow Copying,Allow Copying,السماح بالنسخ,Kopieren zulassen,Permitir hacer una copia,Autoriser la copie,कॉपी करने की परमिशन दें,Izinkan Penyalinan,Consenti copia,コピーを許可,복사 허용,Zezwalaj na kopiowanie,Permitir cópia,Разрешить копирование,อนุญาตให้คัดลอก,Kopyalamaya izin ver,Cho Phép Sao Chép,允许复制,允许复制,允許複製
Studio.Toolbox.General.Comments,,,Allow Comments,Allow Comments,السماح بالتعليقات,Kommentare zulassen,Permitir comentarios,Permettre les commentaires,कमेंट्स करने की परमिशन दें,Izinkan Komentar,Permetti commenti,コメントを許可,코멘트 허용,Zezwalaj na komentarze,Permitir comentário,Разрешить комментарии,อนุญาตให้แสดงความคิดเห็น,Yorumlara izin ver,Cho Phép Bình Luận,允许评论,允许评论,允許留言
Studio.Toolbox.General.LearnMore,,,Learn more,Learn more,معرفة المزيد,Mehr erfahren,Aprende más,En apprendre plus,ज़्यादा जानें,Pelajari selengkapnya,Maggiori informazioni,もっと詳しく,더 알아보기,Dowiedz się więcej,Saiba mais,Подробнее,เรียนรู้เพิ่มเติม,Daha fazla bilgi edin,Tìm hiểu thêm,了解更多,了解更多,了解更多
Studio.Toolbox.General.Me,,,Me,Me,أنا,Ich,Yo,Moi,मैं,Saya,Io,自分,나,Ja,Eu,Я,ฉัน,Ben,Tôi,我,我,我
Studio.Toolbox.General.AssetType,,,Asset type,Asset type,نوع الأصل,Objekt-Typ,Tipo de recurso,Type de contenu,ऐसेट का टाइप,Tipe aset,Tipo risorsa,アセットタイプ,애셋 유형,Typ zasobu,Tipo de ativo,Тип ресурса,ประเภททรัพยากร,Varlık türü,Loại tài sản,素材类型,素材类型,素材類型
Studio.Toolbox.General.SalesSale,,,Sale,Sale,المبيعات,Angebot,En venta,Vente,बिक्री,Penjualan,Vendita,セール,판매,Sprzedaż,Venda,Распродажа,ขาย,Satış,Mua Bán,销售,销售,買賣
Studio.Toolbox.General.SalesOnsale,,,Onsale,Onsale,للبيع,Im Angebot,En venta,En vente,ऑनसेल,Dijual,In vendita,販売中,판매 시작,W sprzedaży,À venda,В продаже,วางขาย,Satışta,Đang Bán,在售,在售,上架
Studio.Toolbox.General.SalesOnsaleApplyToSave,,,Onsale (apply to save changes),Onsale (apply to save changes),للبيع (تطبيق لحفظ التغييرات),"Im Angebot (anwenden, um Änderungen zu speichern)",En venta (aplicar para guardar cambios),En vente (demande pour sauvegarder les changements),ऑनसेल (बदलाव सेव करने के लिए अप्लाई करें),Dijual (terapkan untuk menyimpan perubahan),In vendita (applica per salvare le modifiche),販売中（適用して変更を保存）,판매 시작(적용하여 변경 사항 저장),"W sprzedaży (zastosuj, aby zapisać zmiany)",À venda (aplicar para salvar mudanças),В продаже (применить,วางขาย (ปรับใช้เพื่อบันทึกการเปลี่ยนแปลง),Satışta (değişiklikleri kaydetmek için uygula),Đang Bán (áp dụng để lưu các thay đổi),在售 (应用以保存更改),在售 (应用以保存更改),上架（套用以儲存變更）
Studio.Toolbox.General.SalesOffsale,,,Offsale,Offsale,ليس للبيع,Nicht im Angebot,Fuera de venta,Hors vente,ऑफ़सेल,Tidak Dijual,Non in vendita,非売品,판매 종료,Nie na sprzedaż,Não está à venda,Не в продаже,หยุดขาย,Satışa kapalı,Ngừng Bán,下架,下架,下架
Studio.Toolbox.General.SalesOffsaleApplyToSave,,,Offsale (apply to save changes),Offsale (apply to save changes),غير معروض للبيع (تطبيق لحفظ التغييرات),"Nicht im Angebot (anwenden, um Änderungen zu speichern)",Fuera de venta (aplicar para guardar cambios),Hors vente (demande pour sauvegarder les changements),ऑफ़सेल (बदलाव सेव करने के लिए अप्लाई करें),Tidak Dijual (terapkan untuk menyimpan perubahan),Non in vendita (applica per salvare le modifiche),非売品（適用して変更を保存）,판매 종료(적용하여 변경 사항 저장),"Nie na sprzedaż (zastosuj, aby zapisać zmiany)",Não está à venda (aplicar para salvar mudanças),Не в продаже (применить,หยุดขาย (ปรับใช้เพื่อบันทึกการเปลี่ยนแปลง),Satışa kapalı (değişiklikleri kaydetmek için uygula),Ngừng Bán (áp dụng để lưu các thay đổi),下架 (应用以保存更改),下架 (应用以保存更改),下架（套用以儲存變更）
Studio.Toolbox.General.SalesItemCannotBeSold,,,This item cannot be sold right now,This item cannot be sold right now,لا يمكن بيع هذا العنصر الآن,Dieser Artikel kann im Moment nicht verkauft werden,Este objeto no se puede vender ahora,Cet article ne peut pas être vendu pour le moment,यह आइटम अभी नहीं बेचा जा सकता,Item ini tidak bisa dijual sekarang,Quest'oggetto non può essere venduto ora,このアイテムは、現在は販売できません,이 아이템은 지금 팔 수 없습니다,Tego przedmiotu nie można teraz sprzedawać,Este item não pode ser vendido neste momento,Невозможно продать предмет прямо сейчас,ไม่สามารถขายไอเท็มนี้ได้ในขณะนี้,Bu öğe şu anda satılamıyor,Vật phẩm này không thể được bán ngay,此物品无法立即出售,此物品无法立即出售,目前無法販賣此道具
Studio.Toolbox.General.SalesPrice,,,Price,Price,السعر,Preis,Precio,Prix,कीमत,Harga,Prezzo,価格,가격,Cena,Preço,Цена,ราคา,Fiyat,Giá,价格,价格,價格
Studio.Toolbox.General.SalesPriceRange,,,Price range: {minPrice} - {maxPrice},Price range: {minPrice} - {maxPrice},نطاق السعر: {minPrice} - {maxPrice},Preisspanne: {minPrice} – {maxPrice},Rango de precio: de {minPrice} a {maxPrice},Fourchette de prix : {minPrice} - {maxPrice},कीमत की रेंज : {minPrice} - {maxPrice},Rentang harga: {minPrice} - {maxPrice},Range di prezzo: {minPrice} - {maxPrice},価格範囲: {minPrice} - {maxPrice},가격 범위: {minPrice} - {maxPrice},Zakres cen: {minPrice}–{maxPrice},Faixa de preço: {minPrice} - {maxPrice},Диапазон цен: {minPrice} - {maxPrice},ช่วงราคา: {minPrice} - {maxPrice},Fiyat aralığı: {minPrice} - {maxPrice},Khoảng giá: {minPrice} - {maxPrice},价格范围: {minPrice} - {maxPrice},价格范围: {minPrice} - {maxPrice},價格範圍：{minPrice} - {maxPrice}
Studio.Toolbox.General.SalesEarning,,,You earn: {earning},You earn: {earning},أنت تربح: {earning},Du verdienst: {earning},Recibirás: {earning},Tu gagnes : {earning},आपकी कमाई : {earning},Pendapatanmu: {earning},Guadagni: {earning},獲得額: {earning},획득 금액: {earning},Twój zarobek: {earning},Você receberá: {earning},Вы получите: {earning},คุณจะได้รับ: {earning},Kazancın: {earning},Bạn kiếm được: {earning},你赚取: {earning},你赚取: {earning},您將賺取：{earning}
Studio.Toolbox.General.SalesServiceFee,,,Service fee will be collected upon sale,Service fee will be collected upon sale,سيتم تحصيل رسوم الخدمة عند البيع,Servicegebühr wird beim Verkauf erhoben,La cuota de servicio se cobrará al momento de la venta,Des frais de service seront perçus lors de la vente,बिक्री होने पर सेवा शुल्क लिया जाएगा,Biaya layanan akan dipotong pada saat penjualan,La commissione verrà riscossa dopo la vendita,手数料は販売時に回収されます,판매 시 서비스 수수료가 징수됩니다,W momencie sprzedaży zostanie pobrana opłata serwisowa,A taxa de serviço será deduzida durante a venda,При продаже взимается сервисный сбор,การขายมีค่าบริการ,Satış sırasında hizmet ücreti tahsil edilir,Phí dịch vụ sẽ được thu khi bán,将在销售时收取手续费,将在销售时收取手续费,服務費將會在買賣完成時收取。
Studio.Toolbox.General.SideTabSales,,,Sales,Sales,المبيعات,Verkäufe,Ventas,Ventes,बिक्री,Penjualan,Vendite,セール,판매,Sprzedaż,Vendas,Распродажи,การขาย,Satışlar,Bán Hàng,销售,销售,買賣
Studio.Toolbox.General.SideTabVersions,,,Versions,Versions,الإصدارات,Versionen,Versiones,Versions des versions,वर्ज़न,Versi,Versioni,バージョン,버전,Wersje,Versões,Версии,เวอร์ชัน,Sürümler,Phiên Bản,版本,版本,版本
Studio.Toolbox.General.SideTabGeneral,,,General,General,عام,Allgemein,General,Général,सामान्य,Umum,Generali,全般,일반,Ogólne,Geral,Общие,ทั่วไป,Genel,Chung,通用,通用,一般
Studio.Toolbox.General.SideTabPermissions,,,Permissions,Permissions,الأذونات,Berechtigungen,Permisos,Autorisations,परमिशंस,Izin,Autorizzazioni,許可,권한,Uprawnienia,Permissões,Разрешения,สิทธิ์,İzinler,Quyền,权限,权限,權限
Studio.Toolbox.General.PreviewAreaAssetID,,,Asset ID: {assetId},Asset ID: {assetId},مُعرِّف الأصل: {assetId},Objekt-ID: {assetId},ID del recurso: {assetId},Identifiant contenu : {assetId},ऐसेट ID : {assetId},ID Aset: {assetId},ID risorsa: {assetId},アセットID: {assetId},애셋 ID: {assetId},Identyfikator zasobu: {assetId},ID do ativo: {assetId},ID ресурса: {assetId},ID ทรัพยากร: {assetId},Varlık kimliği: {assetId},ID Tài Sản: {assetId},素材 ID: {assetId},素材 ID: {assetId},素材 ID：{assetId}
Studio.Toolbox.General.PreviewAreaStatus,,,Status: {assetStatus},Status: {assetStatus},الحالة: {assetStatus},Status: {assetStatus},Estado: {assetStatus},Status : {assetStatus},स्टेटस : {assetStatus},Status: {assetStatus},Stato: {assetStatus},状況: {assetStatus},상태: {assetStatus},Status: {assetStatus},Estado: {assetStatus},Статус: {assetStatus},สถานะ: {assetStatus},Durum: {assetStatus},Trạng Thái: {assetStatus},状态: {assetStatus},状态: {assetStatus},狀態：{assetStatus}
Studio.Toolbox.General.InstallSuccess,,,Success!,Success!,نجاح العملية!,Erfolg!,¡Hecho!,Succès !,पूरा हो गया!,Berhasil!,Successo!,完了！,완료!,Udało się!,Sucesso!,Успешно!,สำเร็จ!,Başarılı!,Thành Công!,成功!,成功!,成功！
Studio.Toolbox.General.InstallFailure,,,Failure,Failure,فشل,Fehler,Error,Échec,फ़ेल हो गया,Gagal,Fallimento,失敗,실패,Niepowodzenie,Erro,Ошибка,ไม่สำเร็จ,Başarısız,Thất Bại,失败,失败,失敗
Studio.Toolbox.AssetConfigFooter.NewAsset,,,Save as a new asset...,Save as a new asset...,حفظ كأصل جديد...,Als neues Objekt speichern ...,Guardar como nuevo recurso...,Sauvegarder un nouvel asset...,नए ऐसेट के तौर पर सेव करें...,Simpan sebagai aset baru...,Salva come nuova risorsa...,新規アセットとして保存...,새로운 애셋으로 저장...,Zapisz jako nowy zasób...,Salvar como novo ativo...,Сохранить как новый ресурс...,บันทึกเป็นทรัพยากรใหม่,Yeni varlık olarak kaydet...,Lưu dưới dạng tài sản mới...,另存为新素材...,另存为新素材...,以新素材儲存……
Studio.Toolbox.AssetConfigFooter.Override,,,Overwrite an existing asset...,Overwrite an existing asset...,الكتابة فوق أصل موجود...,Ein bestehendes Objekt überschreiben ...,Reemplazar un recurso existente...,Remplacer un asset existant...,मौजूदा ऐसेट को ओवरराइट करें...,Timpa aset yang sudah ada...,Sovrascrivi risorsa esistente...,現在のアセットを上書きする...,기존 애셋 덮어쓰기...,Zastąp istniejący zasób...,Substituir um ativo existente...,Перезаписать существующий ресурс...,เขียนทับทรัพยากรที่มีอยู่,Mevcut bir varlığın üzerine yaz...,Ghi đè tài sản hiện có...,覆盖现有素材...,覆盖现有素材...,覆寫既有素材……
Studio.Toolbox.AssetConfigFooter.OverrideTitle,,,Choose an existing model to overwrite.,Choose an existing model to overwrite.,اختر نموذجًا موجودًا للكتابة فوقه.,"Wähle ein bestehendes Modell, das du überschreiben möchtest.",Elegir un modelo existente para reemplazarlo.,Choisir un modèle existant à remplacer.,ओवरराइट करने के लिए मौजूदा मॉडल चुनें.,Pilih model yang sudah ada untuk ditimpa.,Scegli un modello esistente da sovrascrivere.,上書きする現在のモデルを選ぶ。,덮어쓸 기존 모델을 선택하세요.,Wybierz istniejący model do zastąpienia.,Escolher um modelo existente para substituir.,Выберите существующую модель для перезаписи.,เลือกโมเดลที่มีอยู่เพื่อเขียนทับ,Üzerine yazılacak bir model seç.,Chọn một mô hình hiện có để ghi đè.,选择要覆盖的现有模型。,选择要覆盖的现有模型。,選擇要覆寫的既有素材。
Studio.Toolbox.AssetConfigCopy.Terms,,,"By switching on, you are granting every other user of Roblox the right to use (in various ways) the content you are now sharing. If you do not want to grant this right, please do not check this box. For more information about sharing content, please review the Roblox Terms of Use.","By switching on, you are granting every other user of Roblox the right to use (in various ways) the content you are now sharing. If you do not want to grant this right, please do not check this box. For more information about sharing content, please review the Roblox Terms of Use.",بتفعيل هذه الخاصية، فإنك تمنح جميع مستخدمي Roblox الآخرين الحق في استخدام المحتوى الذي تشاركه الآن (بطرق مختلفة). إذا كنت لا تريد منح هذا الحق، يرجى عدم تحديد هذا المربع. لمزيد من المعلومات حول مشاركة المحتوى، يرجى مراجعة شروط الاستخدام لدى Roblox.,"Durch das Aktivieren gewährst du allen anderen Roblox-Benutzern das Recht, die Inhalte, die du jetzt teilst, (auf verschiedene Weise) zu nutzen. Wenn du dieses Recht nicht gewähren möchtest, markiere dieses Kästchen bitte nicht. Weitere Informationen zum Teilen von Inhalten findest du in den Roblox-Nutzungsbedingungen.","Al activar esta casilla, le otorgarás a todos los usuarios de Roblox el derecho a usar (de varias maneras) el contenido que compartes. Si no quieres otorgarlo, no la actives. Para obtener más información sobre cómo se comparte el contenido, revisa los Términos de uso de Roblox.","En activant Roblox, tu accordes à tous les autres utilisateurs le droit d'utiliser (de diverses manières) le contenu que tu partages actuellement. Si tu ne souhaites pas accorder ce droit, ne coche pas cette case. Pour plus d'informations sur le partage de contenu, consulte les conditions d'utilisation de Roblox.","यह विकल्प चुनने पर, Roblox के बाकी सभी यूज़र को आपके ज़रिए अभी शेयर किए जा रहे कॉन्टेंट का इस्तेमाल करने का अधिकार (अलग-अलग तरीकों से) मिल जाएगा. अगर आपको शेयर करने का अधिकार नहीं देना है, तो इस बॉक्स पर सही का निशान न लगाएँ. कॉन्टेंट शेयर करने के बारे में ज़्यादा जानकारी के लिए, Roblox प्लैटफ़ॉर्म की उपयोग की शर्तों पर गौर करें.","Dengan mengaktifkan, kamu memberikan hak kepada setiap pengguna Roblox untuk menggunakan (dengan berbagai cara) konten yang saat ini sedang kamu bagikan. Jika kamu tidak ingin memberikan hak ini, jangan centang kotak ini. Untuk mengetahui informasi selengkapnya tentang berbagi konten, baca Ketentuan Penggunaan Roblox.","Attivandolo, si concede a tutti gli altri utenti di Roblox il diritto di utilizzare (in vari modi) i contenuti che si stanno condividendo. Se non desideri concedere questo diritto, non selezionare questa casella. Per ulteriori informazioni sulla condivisione dei contenuti, consulta i Termini di servizio di Roblox.",オンにすることで、現在、共有しようとしているコンテンツの使用権（さまざまな方法で）をRobloxのすべてのユーザーに与えています。もし、この権利を与えたくない場合は、このボックスにチェックマークをつけないでください。コンテンツの共有に関する詳しい情報は、Robloxの利用規約をご覧ください。,활성화하면 Roblox의 다른 모든 사용자들에게 현재 공유하고 있는 콘텐츠를 다양한 방식으로 사용할 수 있는 권한을 부여합니다. 이러한 권한을 부여하지 않으려면 이 확인란을 선택하지 마세요. 콘텐츠 공유에 대한 자세한 정보는 Roblox 이용 약관을 참조하시기 바랍니다.,"Włączając tę opcję, udzielasz wszystkim użytkownikom platformy Roblox prawa do korzystania (na różne sposoby) z zawartości, którą właśnie udostępniasz. Jeśli nie chcesz udzielić tego prawa, nie zaznaczaj tego pola. Więcej informacji na temat udostępniania zawartości znajdziesz w Warunkach użytkowania platformy Roblox.","Ao ativar esta funcionalidade, você está cedendo a qualquer usuário Roblox o direito de usar (de várias maneiras) o conteúdo que você está compartilhando. Se você não quer ceder este direito, não selecione esta caixa. Para mais informações sobre conteúdo compartilhado, revise os Termos de Uso da Roblox.", you are granting every other user of Roblox the right to use (in various ways) the content you are now sharing. If you do not want to grant this right,การสลับเป็นเปิด จะถือว่าคุณอนุญาตให้ผู้ใช้ทุกคนของ Roblox มีสิทธิ์ใช้ (ในรูปแบบต่างๆ) เนื้อหาที่คุณกำลังแชร์อยู่ตอนนี้ หากคุณไม่ต้องการให้สิทธิ์ดังกล่าว โปรดอย่าทำเครื่องหมายในกล่องนี้ สำหรับข้อมูลเพิ่มเติมเกี่ยวกับการแชร์เนื้อหา โปรดอ่านข้อกำหนดการใช้งานของ Roblox,Bu seçeneği açarak diğer tüm Roblox kullanıcılarına şu anda paylaşmakta olduğun içeriği (çeşitli şekillerde) kullanma hakkı veriyorsun. Bu hakkı vermek istemiyorsan lütfen kutuyu işaretleme. İçerik paylaşımı hakkında daha fazla bilgi için lütfen Roblox Kullanım Koşulları'nı incele.,"Nếu bật lên, bạn sẽ cho phép tất cả người dùng Roblox có quyền sử dụng (theo nhiều cách khác nhau) nội dung mà bạn đang chia sẻ. Nếu bạn không muốn cấp quyền này, vui lòng không đánh dấu hộp chọn này. Để biết thêm thông tin về việc chia sẻ nội dung, vui lòng đọc lại Điều Khoản Sử Dụng Của Roblox.",切换至开位置，即表示你授予 Roblox 的所有其他用户 (以各种方式) 使用你现在分享的内容的权限。如果你不想授予此权限，请勿勾选此框。有关分享内容的详细信息，请查看 Roblox 使用条款。,切换至开位置，即表示你授予 Roblox 的所有其他用户 (以各种方式) 使用你现在分享的内容的权限。如果你不想授予此权限，请勿勾选此框。有关分享内容的详细信息，请查看 Roblox 使用条款。,您勾選此方塊即授權所有 Roblox 使用者以不同方式使用您分享的內容。若您不想授權，請勿勾選此方塊。若要了解更多關於分享內容的資訊，請前往 Roblox 使用條款。
Studio.Toolbox.AssetConfigCopy.AccountSetting,,,"In order to share content in Marketplace, you must add & verify an email address to your account. This can be done in Account Settings.","In order to share content in Marketplace, you must add & verify an email address to your account. This can be done in Account Settings.",لتتمكن من مشاركة المحتوى في المتجر، يتعين عليك إضافة عنوان بريد إلكتروني إلى حسابك والتحقق منه. يمكن إضافته في إعدادات الحساب.,"Um Inhalte auf dem Marktplatz zu teilen, musst du eine E-Mail-Adresse zu deinem Konto hinzufügen und verifizieren. Das kannst du in den Kontoeinstellungen tun.","Para compartir contenido en el Mercado, debes añadir tu correo electrónico y verificarlo en tu cuenta. Esto se lleva a cabo en Configuración de la cuenta.","Afin de partager du contenu sur le Marketplace, tu dois ajouter et vérifier une adresse électronique à ton compte. Cela peut être fait dans les paramètres du compte.","मार्केटप्लेस में कॉन्टेंट शेयर करने के लिए, आपको अपने अकाउंट में एक ईमेल एड्रेस जोड़कर उसे वेरिफ़ाई करना होगा. यह काम अकाउंट सेटिंग्स में किया जा सकता है.","Untuk berbagi konten di Marketplace, kamu harus memasukkan dan memverifikasikan alamat email ke akun kamu. Buka Pengaturan Akun untuk melakukannya.","Per condividere contenuti nel mercato, devi aggiungere e verificare un indirizzo e-mail al tuo account. Questo può essere fatto in Impostazioni account.",マーケットプレイス内のコンテンツを共有するには、お持ちのアカウントにメールアドレスの追加と認証が必須です。これは、アカウント設定でできます。,마켓플레이스에서 콘텐츠를 공유하려면 계정에 이메일 주소를 추가하고 확인해야 합니다. 이 작업은 계정 설정에서 수행할 수 있습니다.,"Aby móc udostępniać zawartość na rynku, musisz dodać do swojego konta adres e-mail i zweryfikować go. Możesz to zrobić w obszarze Ustawienia konta.","Para compartilhar mais conteúdo no Mercado, você deve adicionar um endereço de e-mail à sua conta e verificá-lo. Isto pode ser feito nas configurações de conta.", you must add & verify an email address to your account. This can be done in Account Settings.,หากต้องการแชร์เนื้อหาในมาร์เก็ตเพลส คุณต้องเพิ่มและตรวจสอบยืนยันที่อยู่อีเมลในบัญชีของคุณก่อน ซึ่งสามารถทำได้ในการตั้งค่าบัญชี,"Pazar Yeri'nde içerik paylaşmak için hesabına bir e-posta adresi eklemen ve bu e-posta adresini doğrulaman gerekir. Bu eylem, Hesap Ayarları sayfasında yapılabilir.","Để chia sẻ nội dung trong Sàn Giao Dịch, bạn phải thêm một địa chỉ email vào tài khoản của mình và xác thực email đó. Việc này có thể thực hiện trong Cài Đặt Tài Khoản.",为了在商城中分享内容，你必须向你的帐户添加电子邮件地址并进行验证。可在“帐户设置”中完成此操作。,为了在商城中分享内容，你必须向你的帐户添加电子邮件地址并进行验证。可在“帐户设置”中完成此操作。,若要在商城分享內容，請先在帳號上新增並驗證電子郵件地址。此動作可在帳號設定裡完成。
Studio.Toolbox.AssetConfigPreview.Preview,,,Preview,Preview,معاينة,Vorschau,Vista previa,Prévisualiser,प्रीव्यू,Preview,Anteprima,プレビュー,미리 보기,Podgląd,Prévia,Предварительный просмотр,ดูตัวอย่าง,Ön İzleme,Xem Trước,预览,预览,預覽
Studio.Toolbox.AssetConfigPreview.Change,,,Change,Change,تغيير,Ändern,Cambio,Changer,बदलें,Ubah,Cambia,変更,변경,Zmień,Alterar,Изменить,เปลี่ยน,Değiştir,Thay Đổi,更改,更改,變更
Studio.Toolbox.AssetConfigVersions.Current,,,Current published version,Current published version,الإصدار الحالي المنشور,Aktuelle veröffentlichte Version,Versión publicada actual,Version publiée actuelle,पब्लिश किया गया मौजूदा वर्ज़न,Versi terpublikasi saat ini,Versione attuale pubblicata,現在の公開済みバージョン,현재 게시된 버전,Bieżąca opublikowana wersja,Versão publicada atual,Текущая опубликованная версия,เวอร์ชันที่เผยแพร่ในปัจจุบัน,Yayınlanmış mevcut sürüm,Phiên bản đã đăng hiện tại,当前发布的版本,当前发布的版本,目前發布版本
Studio.Toolbox.AssetConfigVersions.Restore,,,Restore previous version,Restore previous version,استعادة الإصدار السابق,Frühere Version wiederherstellen,Restaurar la versión anterior,Restaurer la version précédente,पिछला वर्ज़न रीस्टोर करें,Pulihkan versi sebelumnya,Ripristina versione precedente,以前のバージョンを復元,이전 버전 복원,Przywróć poprzednią wersję,Restaurar à versão anterior,Восстановить предыдущую версию,กู้คืนเวอร์ชันก่อนหน้า,Önceki sürümü geri yükle,Khôi phục phiên bản trước,还原之前版本,还原之前版本,復原先前版本
Studio.Toolbox.AssetConfig.GetAssetFailed,,,There was an problem fetching asset data. We will be closing AssetConfig page.,There was an problem fetching asset data. We will be closing AssetConfig page.,حدثت مشكلة أثناء جلب بيانات الأصل. سنغلق صفحة AssetConfig.,Beim Abrufen der Objektdaten gab es ein Problem. Wir werden die AssetConfig-Seite schließen.,Ha habido un problema al recuperar los datos del recurso. La página AssetConfig se cerrará.,Il y a eu un problème pour récupérer les données sur les éléments. Nous allons fermer la page AssetConfig.,ऐसेट डेटा हासिल करते समय गड़बड़ी हुई. हम AssetConfig पेज को बंद कर रहे हैं.,Terjadi masalah saat mengambil data aset. Kami akan menutup halaman AssetConfig.,Si è verificato un problema durante il recupero dei dati della risorsa. La pagina AssetConfig verrà chiusa.,アセットデータのフェッチ中に問題が発生しました。AssetConfig ページを終了しています。,애셋 데이터를 가져오는 중에 문제가 발생했습니다. AssetConfig 페이지를 닫습니다.,Wystąpił problem z pobieraniem danych zasobu. Strona AssetConfig zostanie zamknięta.,Ocorreu um problema ao adquirir os dados do ativo. A página AssetConfig será fechada.,Возникла проблема при получении данных ресурса. Страница AssetConfig будет закрыта.,เกิดปัญหาในการดึงข้อมูลทรัพยากร เราจะปิดหน้า AssetConfig,Varlık verileri alınırken bir hata oluştu. AssetConfig sayfasını kapatacağız.,Đã xảy ra sự cố khi tìm nạp dữ liệu tài sản. Chúng tôi sẽ đóng trang AssetConfig.,提取素材数据时发生问题。将关闭 AssetConfig 页面。,提取素材数据时发生问题。将关闭 AssetConfig 页面。,擷取素材資料時發生問題，AssetConfig 頁面將會關閉。
Studio.Toolbox.AssetConfig.Error,,,Error,Error,خطأ,Fehler,Error,Erreur,गड़बड़ी,Eror,Errore,エラー,오류,Błąd,Erro,Ошибка,เกิดข้อผิดพลาด,Hata,Lỗi,错误,错误,錯誤
Studio.Toolbox.AssetConfigPackagePermissions.PackageOwner,,,Package Owner,Package Owner,مالك الحزمة,Paketeigentümer,Propietario del paquete,Propriétaire package,पैकेज ओनर,Pemilik Paket,Proprietario del pacchetto,パッケージ所有者,패키지 소유자,Właściciel pakietu,Proprietário do pacote,Владелец пакета,เจ้าของแพ็คเกจ,Paket Sahibi,Người Sở Hữu Gói,包所有者,包所有者,套件主人
Studio.Toolbox.AssetConfigPackagePermissions.Owner,,,Owner,Owner,المالك,Eigentümer,Propietario,Propriétaire,ओनर,Pemilik,Proprietario,所有者,소유자,Właściciel,Proprietário,Владелец,เจ้าของ,Sahip,Người Sở Hữu,所有者,所有者,主人
Studio.Toolbox.AssetConfigPackagePermissions.NoResults,,,No results found,No results found,لا توجد نتائج,Keine Ergebnisse gefunden,No se encontraron resultados,Pas de résultats trouvés,कोई रिज़ल्ट नहीं मिला,Tidak ada hasil,Nessun risultato trovato,結果が見つかりませんでした,결과 없음,Nie znaleziono wyników,Nenhum resultado encontrado,Результатов не найдено,ไม่พบผลลัพธ์,Sonuç bulunamadı,Không tìm thấy kết quả,未找到结果,未找到结果,找不到結果
Studio.Toolbox.AssetConfigPackagePermissions.SearchByUser,,,Search by username,Search by username,البحث حسب اسم المستخدم,Suche nach Benutzernamen,Buscar por nombre de usuario,Recherche par nom d'utilisateur,यूज़रनेम से सर्च करें,Cari dengan nama pengguna,Cerca per nome utente,ユーザーネームをサーチ,사용자 이름으로 검색,Wyszukaj po nazwie użytkownika,Busca por usuário,Поиск по имени пользователя,ค้นหาโดยใช้ชื่อผู้ใช้งาน,Kullanıcı adıyla ara,Tìm theo tên tài khoản,依用户名搜索,依用户名搜索,以使用者名稱搜尋
Studio.Toolbox.AssetConfigPackagePermissions.ShareWith,,,Share with,Share with,مشاركة مع,Teilen mit,Compartir con,Partager avec,इनके साथ शेयर करें,Bagikan dengan,Condividi con,共有相手:,다음 사람과 공유,Udostępnij:,Compartilhar com,Поделиться с...,แชร์กับ,Şununla paylaş:,Chia sẻ với,分享对象,分享对象,分享對象
Studio.Toolbox.AssetConfigPackagePermissions.NoAccessLabel,,,No Access,No Access,لا يوجد وصول,Kein Zugriff,Sin acceso,Pas d'accès,ऐक्सेस नहीं है,Tidak Ada Akses,Nessuna autorizzazione,アクセスできません,접근 불가,Brak dostępu,Sem acesso,Нет доступа,ไม่มีสิทธิ์เข้าถึง,Erişim yok,Không Có Quyền Truy Cập,无法访问,无法访问,無存取權限
Studio.Toolbox.AssetConfigPackagePermissions.UseViewLabel,,,Use & View,Use & View,الاستخدام والعرض,Benutzen & anzeigen,Usar y ver,Utiliser et voir,इस्तेमाल करें और देखें,Gunakan & Lihat,Usa e visualizza,使って表示,사용 및 보기,Użyj i wyświetl,Usar e visualizar,Использование и Просмотр,ใช้งานและดู,Kullan ve Görüntüle,Sử Dụng & Xem,使用和查看,使用和查看,使用和檢視
Studio.Toolbox.AssetConfigPackagePermissions.EditLabel,,,Edit,Edit,تحرير,Bearbeiten,Editar,Modifier,एडिट करें,Edit,Modifica,編集,편집,Edytuj,Editar,Изменить,แก้ไข,Düzenle,Chỉnh Sửa,编辑,编辑,編輯
Studio.Toolbox.AssetConfigPackagePermissions.MultipleLabel,,,(Multiple),(Multiple),(متعدد),(Mehrere),(Múltiple),(multiple),(मल्टीपल),(Beberapa),(Molteplici),（複数）,(여러 항목),(Wiele),(Múltiplo),(Несколько),(หลายรายการ),(Çoklu),(Nhiều),(多项),(多项),（多項）
Studio.Toolbox.AssetConfigPackagePermissions.NoAccessDescription,,,"Cannot use, view or edit this package","Cannot use, view or edit this package",لا يمكن استخدام هذه الحزمة، أو عرضها، أو تحريرها,"Dieses Paket kann nicht verwendet, angezeigt oder bearbeitet werden","Este paquete no se puede usar, ver o editar","Ne peut pas utiliser, visualiser ou modifier ce package","इस पैकेज को इस्तेमाल नहीं किया जा सकता, देखा नहीं जा सकता या एडिट नहीं किया जा सकता","Tidak bisa menggunakan, melihat, atau mengedit paket ini","Impossibile usare, visualizzare o modificare questo pacchetto",このパッケージの使用、表示、編集はできません,이 패키지를 사용하거나 보거나 편집할 수 없습니다,"Nie można używać, wyświetlać ani edytować tego pakietu","Não é possível usar, visualizar ou editar este pacote", view or edit this package,ไม่สามารถใช้งาน ดู หรือแก้ไขแพ็คเกจนี้ได้,"Bu paket kullanılamaz, görüntülenemez ve düzenlenemez","Không thể sử dụng, xem hoặc chỉnh sửa gói này",无法使用、查看或编辑此包,无法使用、查看或编辑此包,無法使用、檢視或編輯此套件
Studio.Toolbox.AssetConfigPackagePermissions.UseViewDescription,,,Can use and view this package,Can use and view this package,يمكن استخدام هذه الحزمة وعرضها,Dieses Paket kann verwendet und angezeigt werden,Este paquete se puede usar y ver,Peut utiliser et voir ce package,इस पैकेज का इस्तेमाल किया जा सकता है और देखा जा सकता है,Bisa menggunakan dan melihat paket ini,È possibile usare e visualizzare questo pacchetto,このパッケージの使用と表示ができます,이 패키지를 사용하고 볼 수 있습니다,Można używać tego pakietu i wyświetlać go,É possível usar e visualizar este pacote,Можно использовать и просматривать пакет,สามารถใช้งานและดูแพ็คเกจนี้ได้,Bu paket kullanılabilir ve görüntülenebilir,Có thể sử dụng và xem gói này,可以使用并查看此包,可以使用并查看此包,可以使用和檢視此套件
Studio.Toolbox.AssetConfigPackagePermissions.EditDescription,,,"Can use, view and edit this package","Can use, view and edit this package",يمكن استخدام هذه الحزمة، وعرضها، وتحريرها,"Dieses Paket kann verwendet, angezeigt und bearbeitet werden","Este paquete se puede usar, ver y editar","Peut utiliser, voir et modifier ce package","इस पैकेज को इस्तेमाल किया जा सकता है, देखा जा सकता है और एडिट किया जा सकता है","Bisa menggunakan, melihat, dan mengedit paket ini","È possibile usare, visualizzare e modificare questo pacchetto",このパッケージの使用、表示、編集ができます,이 패키지를 사용하고 보고 편집할 수 있습니다,"Można używać tego pakietu, wyświetlać go i edytować","É possível usar, visualizar e editar este pacote", view and edit this package,สามารถใชเงาน ดู และแก้ไขแพ็คเกจนี้ได้,"Bu paket kullanılabilir, görüntülenebilir ve düzenlenebilir","Có thể sử dụng, xem và chỉnh sửa gói này",可以使用、查看和编辑此包,可以使用、查看和编辑此包,可以使用、檢視及編輯此套件
Studio.Toolbox.AssetConfigPackagePermissions.FriendsCollaboratorType,,,Friends,Friends,الأصدقاء,Freunde,Amigos,Amis,फ़्रेंड्स,Teman,Amici,友達,친구,Znajomi,Amigos,Друзья,เพื่อน,Arkadaşlar,Bạn Bè,好友,好友,好友
Studio.Toolbox.AssetConfigPackagePermissions.UsersCollaboratorType,,,Users,Users,المستخدمون,Benutzer,Usuarios,Utilisateurs,यूज़र्स,Pengguna,Utenti,ユーザー,사용자,Użytkownicy,Usuários,Пользователи,ผู้ใช้งาน,Kullanıcılar,Người Dùng,用户,用户,使用者
Studio.Toolbox.AssetConfigPackagePermissions.GroupsCollaboratorType,,,Groups,Groups,المجموعات,Gruppen,Grupos,Groupes,ग्रुप्स,Grup,Gruppi,グループ,그룹,Grupy,Grupos,Группы,กลุ่ม,Gruplar,Nhóm,团体,团体,群組
Studio.Toolbox.AssetConfigPackagePermissions.MyFriendsCollaborator,,,My Friends,My Friends,أصدقائي,Meine Freunde,Mis amigos,Mes amis,मेरे फ़्रेंड्स,Teman Saya,I miei amici,自分の友達,내 친구,Moi znajomi,Meus amigos,Мои друзья,เพื่อนของฉัน,Arkadaşlarım,Bạn Bè Của Tôi,我的好友,我的好友,我的好友
Studio.Toolbox.AssetConfigPreview.Format,,,"Acceptable files: {formatString}
Max: {maxDimensionsX} x {maxDimensionsY}","Acceptable files: {formatString}
Max: {maxDimensionsX} x {maxDimensionsY}","الملفات المقبولة:
الحد الأقصى {formatString}: {maxDimensionsX} × {maxDimensionsY}","Akzeptierte Dateien: {formatString}
Max: {maxDimensionsX} x {maxDimensionsY}","Archivos aceptados: {formatString}
Máx: {maxDimensionsX} x {maxDimensionsY}","Fichiers acceptables : {formatString}
Max : {maxDimensionsX} x {maxDimensionsY}","स्वीकार योग्य फ़ाइलें : {formatString}
अधिकतम : {maxDimensionsX} x {maxDimensionsY}","File yang diterima: {formatString}
Maksimum: {maxDimensionsX} x {maxDimensionsY}","File accettabili: {formatString}
Max: {maxDimensionsX} x {maxDimensionsY}","許容できるファイル: {formatString}
最大: {maxDimensionsX} x {maxDimensionsY}","허용 파일: {formatString}
최대: {maxDimensionsX} x {maxDimensionsY}","Akceptowane pliki: {formatString}
Maks.: {maxDimensionsX} x {maxDimensionsY}","Arquivos permitidos: {formatString}
Máx.: {maxDimensionsX} x {maxDimensionsY}","Допустимые файлы: {formatString}
Макс.: {maxDimensionsX} x {maxDimensionsY}","ไฟล์ที่ยอมรับได้: {formatString}
สูงสุด: {maxDimensionsX} x {maxDimensionsY}","Kabul edilen dosyalar:{formatString}
En fazla: {maxDimensionsX} x {maxDimensionsY}","Tệp được chấp nhận: {formatString}
Tối đa: {maxDimensionsX} x {maxDimensionsY}","可接受的文件: {formatString}
最大: {maxDimensionsX} x {maxDimensionsY}","可接受的文件: {formatString}
最大: {maxDimensionsX} x {maxDimensionsY}","可以接受的檔案：{formatString}
最大尺寸：{maxDimensionsX} x {maxDimensionsY}"
Studio.Toolbox.AssetConfigPreview.Process,,,Image will be reviewed by moderators before being made visible to other users,Image will be reviewed by moderators before being made visible to other users,سيراجع المشرفون الصورة قبل إظهارها للمستخدمين الآخرين,"Bild wird vom Moderationsteam überprüft, bevor es anderen Benutzern angezeigt wird",La imagen será revisada por los moderadores antes de hacerse visible para otros usuarios,L'image sera revue par des modérateurs avant d'être visible par les autres utilisateurs,"दूसरे यूज़र को दिखाने से पहले मॉडरेटर, अपलोड किए गए इमेज को रिव्यू करेंगे",Gambar akan di-review oleh moderator sebelum ditampilkan kepada pengguna lainnya,L'immagine sarà valutata dai moderatori prima di essere resa visibile agli altri utenti,画像は、他のユーザーに表示される前に内容審査スタッフによってレビューされます。,이미지는 검열팀의 검토가 끝난 후에 다른 사용자들에게 공개됩니다.,"Zanim inni użytkownicy zobaczą ten obraz, zostanie on sprawdzony przez moderatorów",A imagem será revisada por moderadores antes de poder ser vista por outros usuários,"Изображение будет рассмотрено модераторами перед тем, как его увидят другие пользователи.",ภาพจะได้รับการตรวจสอบโดยผู้กลั่นกรองก่อนที่จะแสดงให้ผู้ใช้งานคนอื่นห็น,Resim diğer kullanıcılara görünür hâle getirilmeden önce denetimciler tarafından incelenecek,Người kiểm duyệt sẽ đánh giá hình ảnh trước khi hiển thị cho người dùng khác xem,图片将由协调员审查，然后再对其他用户开放显示,图片将由协调员审查，然后再对其他用户开放显示,圖像將交由管理員審查後方得供其他使用者檢視
Studio.Toolbox.AssetConfigPackagePermissions.OwnerLabel,,,Owner,Owner,المالك,Eigentümer,Propietario,Propriétaire,ओनर,Pemilik,Proprietario,所有者,소유자,Właściciel,Proprietário,Владелец,เจ้าของ,Sahip,Người Sở Hữu,所有者,所有者,主人
Studio.Toolbox.AssetConfigPackagePermissions.TooManyCollaboratorsText,,,You cannot add more than {maxNumCollaborators:int} collaborators,You cannot add more than {maxNumCollaborators:int} collaborators,لا يمكنك إضافة أكثر من {maxNumCollaborators:int} من المتعاونين,Du kannst nicht mehr als {maxNumCollaborators:int} Mitwirkende hinzufügen,No puedes añadir más de {maxNumCollaborators:int} colaboradores,Tu ne peux pas ajouter plus de {maxNumCollaborators:int} collaborateurs,{maxNumCollaborators:int} से ज़्यादा कोलैबरेटर नहीं जोड़े जा सकते,Kamu tidak bisa menambahkan lebih dari {maxNumCollaborators:int} kolaborator,Non puoi aggiungere più di {maxNumCollaborators:int} collaboratori,共同制作者は {maxNumCollaborators:int} 人以上、追加できません,공동 작업자는 최대 {maxNumCollaborators:int}명까지만 추가할 수 있습니다.,Nie można dodać więcej niż {maxNumCollaborators:int} współtwórców,Você não pode adicionar mais do que {maxNumCollaborators:int} colaboradores,Можно добавить не более {maxNumCollaborators:int} участников,คุณไม่สามารถเพิ่มผู้ร่วมงานได้มากกว่า {maxNumCollaborators:int} คน,En fazla {maxNumCollaborators:int} ortak çalışan ekleyebilirsin,Bạn không thể thêm nhiều hơn {maxNumCollaborators:int} cộng tác viên,无法添加 {maxNumCollaborators:int} 位以上的协作者,无法添加 {maxNumCollaborators:int} 位以上的协作者,無法增加超過 {maxNumCollaborators:int} 名合夥人
Studio.Toolbox.Purchase.RobuxBalance,,,Your current balance:,Your current balance:,الرصيد الحالي:,Dein aktuelles Guthaben:,Tu saldo actual:,Votre solde actuel :,आपका मौजूदा बैलेंस :,Saldo kamu saat ini:,Fondi attuali:,現在の残高:,현재 잔액:,Bieżące saldo:,Seu saldo atual:,Ваш текущий баланс:,ยอดคงเหลือปัจจุบันของคุณ:,Mevcut bakiyen:,Số dư hiện tại của bạn:,你当前的余额:,你当前的余额:,您目前的餘額：
Studio.Toolbox.Purchase.BuyPrompt,,,"Would you like to buy ""{name}"" from {creator} for {robux:int} Robux?","Would you like to buy ""{name}"" from {creator} for {robux:int} Robux?","هل ترغب في شراء ""{name}"" من {creator} مقابل {robux:int} Robux؟","Möchtest du ""{name}"" von {creator} für {robux:int} Robux kaufen?","¿Quieres comprar ""{name}"" de {creator} por {robux:int} Robux?",Voudrais-tu acheter {name} de {creator} pour {robux:int} Robux ?,"क्या आपको {creator} से {robux:int} Robux में ""{name}"" खरीदना है?","Kamu ingin membeli ""{name}"" dari {creator} seharga {robux:int} Robux?","Vuoi acquistare ""{name}"" da {creator} per {robux:int} Robux?",{creator} さんから {robux:int} Robuxで「{name}」を買いますか？,{creator}의 '{name}'(을)를 {robux:int} Robux에 구매할까요?,Czy chcesz kupić przedmiot „{name}” od twórcy {creator} za następującą kwotę w Robuxach: {robux:int}?,"Gostaria de comprar ""{name}"" de {creator} por {robux:int} Robux?","""{name}"", автор {creator}: купить для {robux:int} Robux?","คุณต้องการซื้อ ""{name}"" จาก {creator} ในราคา {robux:int} Robux หรือไม่?","{creator} adlı yaratıcıdan {robux:int} karşılığında ""{name}"" satın almak istiyor musun?","Bạn có muốn mua ""{name}"" từ {creator} với giá {robux:int} Robux không?","你要以 {robux:int} Robux 从 {creator} 处购买 ""{name}"" 吗?","你要以 {robux:int} Robux 从 {creator} 处购买 ""{name}"" 吗?",您要向 {creator} 以 {robux:int} Robux 購買「{name}」嗎？
Studio.Toolbox.Purchase.InsufficientPrompt,,,"You need {robux:int} more Robux to buy ""{name}"" from {creator}.","You need {robux:int} more Robux to buy ""{name}"" from {creator}.","تحتاج إلى {robux:int} Robux إضافية لشراء ""{name}"" من {creator}.","Du brauchst {robux:int} mehr Robux, um ""{name}"" von {creator} zu kaufen.","Necesitas {robux:int} Robux más para comprar ""{name}"" de {creator}.",Tu as besoin de {robux:int} Robux en plus pour acheter {name} de {creator}.,"{creator} से ""{name}"" खरीदने के लिए आपको {robux:int} और Robux की ज़रूरत है.","Kamu perlu {robux:int} Robux lagi untuk membeli ""{name}"" dari {creator}.","Hai bisogno di {robux:int} Robux in più per comprare ""{name}"" da {creator}.",{creator}さんから「{name}」を買うにはRobuxがあと{robux:int}必要です。,{creator}의 '{name}'(을)를 구매하려면 {robux:int} Robux가 더 필요합니다.,"Potrzebujesz jeszcze {robux:int} Robuxów, aby móc kupić przedmiot „{name}” od twórcy {creator}.","Você precisa de {robux:int} Robux a mais para comprar ""{name}"" de {creator}.","Требуется еще {robux:int} Robux для покупки (""{name}"", автор {creator}).","คุณต้องมี {robux:int} Robux เพื่อซื้อ ""{name}"" จาก {creator}","{creator} adlı yaratıcıdan ""{name}"" satın almak için {robux:int} Robux'a daha ihtiyacın var.","Bạn cần thêm {robux:int} Robux để mua ""{name}"" từ {creator}.","你还需要 {robux:int} Robux 才能从 {creator} 处购买到 ""{name}""。","你还需要 {robux:int} Robux 才能从 {creator} 处购买到 ""{name}""。",您還需要 {robux:int} Robux 才可向 {creator} 購買「{name}」。
Studio.Toolbox.Purchase.Cancel,,,Cancel,Cancel,إلغاء,Abbrechen,Cancelar,Annuler,कैंसिल करें,Batalkan,Annulla,キャンセル,취소,Anuluj,Cancelar,Отмена,ยกเลิก,İptal,Hủy Bỏ,取消,取消,取消
Studio.Toolbox.Purchase.Retry,,,Retry,Retry,إعادة المحاولة,Erneut versuchen,Reintentar,Réessayer,फिर से कोशिश करें,Coba lagi,Riprova,再試行,다시 시도,Spróbuj ponownie,Tentar novamente,Повтор,ลองอีกครั้ง,Tekrar dene,Thử Lại,重试,重试,重試
Studio.Toolbox.Purchase.Buy,,,Buy,Buy,شراء,Kaufen,Comprar,Acheter,खरीदें,Beli,Compra,買う,구매,Kup,Comprar,Купить,ซื้อ,Satın al,Mua,购买,购买,購買
Studio.Toolbox.Purchase.BuyRobux,,,Buy Robux,Buy Robux,شراء Robux,Robux kaufen,Comprar Robux,Acheter des Robux,Robux खरीदें,Beli Robux,Acquista Robux,Robuxを買う,Robux 구매,Kup Robuxy,Comprar Robux,Купить Robux,ซื้อ Robux,Robux satın al,Mua Robux,购买 Robux,购买 Robux,購買 Robux
Studio.Toolbox.Purchase.BuyTitle,,,Buy & Install,Buy & Install,شراء وتثبيت,Kaufen und installieren,Comprar e instalar,Acheter et installer,खरीदारी करें और इंस्टॉल करें,Beli & Instal,Compra & installa,購入とインストール,구매 및 설치,Kup i zainstaluj,Comprar e instalar,Купить и установить плагин,ซื้อและติดตั้ง,Satın al ve kur,Mua & Cài đặt,购买和安装,购买和安装,購買並安裝
Studio.Toolbox.Purchase.InsufficientTitle,,,Insufficient Robux,Insufficient Robux,Robux غير كافية,Nicht genügend Robux,Robux insuficientes,Nombre insuffisant de Robux,अपर्याप्त Robux,Robux Tidak Cukup,Robux insufficienti,Robuxが足りません,Robux가 부족함,Za mało Robuxów,Não há Robux suficientes,Недостаточно Robux,Robux ไม่เพียงพอ,Yetersiz Robux,Không Đủ Robux,Robux 不足,Robux 不足,Robux 不足
Studio.Toolbox.Purchase.FailedHeader,,,Purchase failed,Purchase failed,فشل الشراء,Kauf fehlgeschlagen,Error en la compra,Échec de l'achat,खरीदारी नहीं की जा सकी,Pembelian gagal,Acquisto fallito,購入できませんでした,구매 실패,Nie udało się dokonać zakupu.,Falha na compra,Покупка не совершена,ซื้อไม่สำเร็จ,Satın alım başarısız,Giao dịch mua không thành công,购买失败,购买失败,購買失敗
Studio.Toolbox.Purchase.FailedDetails,,,"Purchase of ""{name}"" failed.","Purchase of ""{name}"" failed.","فشل شراء ""{name}"".","Kauf von ""{name}"" fehlgeschlagen.","Error en la compra de ""{name}""",L'achat de {name} a échoué.,"""{name}"" की खरीदारी नहीं की जा सकी.","Pembelian ""{name}"" gagal.","Acquisto di ""{name}"" fallito.",「{name}」を購入できませんでした。,"""{name}"" 구매에 실패했습니다.",Nie udało się dokonać zakupu przedmiotu „{name}”.,"Falha ao comprar ""{name}"".","""{name}"": покупка не совершена.","ซื้อ ""{name}"" ไม่สำเร็จ","""{name}"" satın alınamadı.","Giao dịch mua ""{name}"" không thành công.","购买 ""{name}"" 失败。","购买 ""{name}"" 失败。",購買「{name}」失敗。
Studio.Toolbox.Purchase.Free,,,FREE,FREE,مجاناً,KOSTENLOS,GRATIS,GRATUIT,फ़्री,GRATIS,GRATIS,無料,무료,ZA DARMO,GRÁTIS,БЕСПЛАТНО,ฟรี,ÜCRETSİZ,MIỄN PHÍ,免费,免费,免費
Studio.Toolbox.General.Fee,,,After {percent}% fee:,After {percent}% fee:,بعد {percent}% رسوم:,Nach {percent}% Gebühr:,Después de una cuota del {percent}%:,Après {percent}% de frais :,{percent}% शुल्क के बाद :,Setelah biaya {percent}%:,Dopo una commissione del {percent}%:,{percent}% 手数料差し引き後:,{percent}% 수수료 적용 후 금액:,Po uwzględnieniu {percent}% opłaty:,Após taxa de {percent}%:,Со сбором {percent}%:,หลังค่าธรรมเนียม {percent}%:,%{percent} komisyondan sonra:,Sau khi áp dụng {percent}% phí:,在支付 {percent}% 的手续费后:,在支付 {percent}% 的手续费后:,{percent}% 手續費後：
Studio.Toolbox.General.Earn,,,You earn:,You earn:,ما كسبته:,Du verdienst:,Recibirás:,Tu gagnes :,आपकी कमाई :,Kamu mendapatkan:,Guadagni:,獲得額:,획득 금액:,Twój zarobek:,Você receberá:,Вы получите:,คุณจะได้รับ:,Kazancın:,Bạn kiếm được:,你赚取:,你赚取:,您將賺取：
Studio.Toolbox.AssetConfigSales.Target,,,"By enabling it, this asset will be put in {market} and available for any Roblox {user}.","By enabling it, this asset will be put in {market} and available for any Roblox {user}.",من خلال تمكينه، سيتم وضع هذا الأصل في {market} ومتاح لأي {user} Roblox.,"Wenn du diese Option aktivierst, wird dieses Objekt in den {market} gestellt und ist für jeden Roblox-{user} verfügbar.","Al activarlo, este recurso se colocará en {market} y estará disponible para todos los {user} de Roblox.","En l'activant, cet élément sera mis sur le {market} et disponible pour chaque {user} de Roblox.","इसे चालू करने से, यह ऐसेट {market} में डाल दी जाएगी और किसी भी Roblox {user} के लिए उपलब्ध होगी.","Dengan mengaktifkannya, aset ini akan diletakkan di {market} dan tersedia untuk semua {user} Roblox.","Abilitandolo, questa risorsa verrà messa sul {market} e disponibile a ogni {user} di Roblox.",有効化すると、このアセットは {market} に置かれ、どのRoblox {user}も利用できます。  ,활성화하면 이 애셋이 {market}에 포함되어 모든 Roblox {user}(이)가 사용할 수 있게 됩니다.,Po włączeniu tej opcji ten zasób zostanie wystawiony w obszarze {market} i każdy {user} platformy Roblox będzie miał do niego dostęp.,"Ao ativar este ativo, ele será colocado no {market} e disponível para qualquer {user} Roblox.","После вашего разрешения этот ресурс появится в магазине ({market}), и любой {user} Roblox сможет им воспользоваться.",หากเปิดใช้งาน ทรัพยากรนี้จะได้รับการบรรจุไว้ใน {market} และพร้อมใช้งานสำหรับ {user} Roblox,"Etkinleştirildiğinde varlık, {market} başlığı altında her Roblox {user} için satışa sunulacak.","Sau khi được cho phép, tài sản này sẽ được đưa vào {market} và có sẵn cho {user} của Roblox.",启用之后，此项素材就会投放到 {market} 并可供所有 Roblox {user} 使用。,启用之后，此项素材就会投放到 {market} 并可供所有 Roblox {user} 使用。,此素材在啟用後將會放到 {market}，所有 Roblox {user} 都將能使用。
Studio.Toolbox.General.CategoryGroupPlugins,,,Group Plugins,Group Plugins,المكونات الإضافية للمجموعة,Gruppen-Plugins,Plugins del grupo,Plugins de groupe,ग्रुप प्लग-इन्स,Plugin Grup,Plugin del gruppo,グループプラグイン,그룹 플러그인,Dodatki plug-in grupy,Agrupar plugins,Плагины групп,ปลั๊กอินกลุ่ม,Grup Eklentileri,Plugin Nhóm,群组插件,群组插件,組合外掛程式
Studio.Toolbox.General.CategoryCreationsPlugins,,,Plugins,Plugins,المكونات الإضافية,Plugins,Plugins,Plugins,प्लग-इन,Plugin,Plugin,プラグイン,플러그인,Dodatki plug-in,Plugins,Плагины,ปลั๊กอิน,Eklentiler,Plugin,插件,插件,外掛程式
Studio.Toolbox.General.Free,,,Free,Free,مجاني,Kostenlos,Gratis,Gratuit,फ़्री,Gratis,Gratis,無料,무료,Darmowe,Grátis,Бесплатно,ฟรี,Ücretsiz,Miễn Phí,免费,免费,免費
Studio.Toolbox.General.Installing,,,Installing,Installing,جارٍ التثبيت,Wird installiert,Instalando,Installation,इंस्टॉल हो रहा है,Menginstal,Installazione,インストール中,설치,Instalowanie,Instalando,Устанавливается,กำลังติดตั้ง,Kuruluyor,Cài Đặt,正在安装,正在安装,正在安裝
Studio.Toolbox.General.Tags,,,Tags,Tags,الوسوم,Tags,Etiquetas,Étiquettes,टैग्स,Tag,Etichette,タグ,태그,Tagi,Marcadores,Теги,แท็ก,Etiketler,Thẻ,标签,标签,標籤
Studio.Toolbox.AssetConfigError.NetworkError,,,We encountered some problems:,We encountered some problems:,واجهنا بعض المشاكل:,Einige Probleme sind aufgetreten:,Ha habido un problema:,Nous rencontrons des difficultés :,हमें कुछ समस्याओं का सामना करना पड़ा :,Kami mengalami beberapa masalah:,Abbiamo riscontrato dei problemi:,何らかの問題が発生しました:,문제가 발생했습니다.,Wystąpiły pewne problemy:,Encontramos alguns problemas:,Обнаружены проблемы:,เราได้ประสบปัญหาบางอย่าง:,Bazı sorunlarla karşılaştık:,Chúng tôi đã gặp một số vấn đề:,我们遇到了一些问题：,我们遇到了一些问题：,我們遇到了問題：
Studio.Toolbox.AssetConfigPackagePermissions.PackageCreator,,,Package Creator,Package Creator,مصمم الحزمة,Paket-Ersteller,Creador del paquete,Créateur package,पैकेज क्रिएटर,Pembuat Paket,Creatore del pacchetto,パッケージクリエーター,패키지 생성자,Twórca pakietu,Criador de pacotes,Создатель пакета,ครีเอเตอร์แพ็คเกจ,Paket Yaratıcısı,Nhà Sáng Tạo Gói,包创作者,包创作者,套件創作者
Studio.Toolbox.AssetConfigPackagePermissions.SearchbarDefault,,,Search for Friends,Search for Friends,البحث عن أصدقاء,Suche nach Freunden,Buscar amigos,Rechercher des amis,फ़्रेंड्स सर्च करें,Cari Teman,Cerca amici,友達をサーチ,친구 검색,Wyszukaj znajomych,Pesquisar amigos,Поиск друзей,ค้นหาเพื่อน,Arkadaş ara,Tìm Bạn Bè,搜索好友,搜索好友,搜尋好友
Studio.Toolbox.AssetConfigPackagePermissions.UserOwnedWarning,,,Users you share with will always have access to the current and previous versions of this package. Removing collaborators will discontinue their access to newer versions of the package.,Users you share with will always have access to the current and previous versions of this package. Removing collaborators will discontinue their access to newer versions of the package.,سيتمكن المستخدمون الذين تشاركهم دائمًا من الوصول إلى الإصدارات الحالية والسابقة من هذه الحزمة. ستؤدي إزالة المتعاونين إلى إيقاف وصولهم إلى الإصدارات الأحدث من الحزمة.,"Benutzer, mit denen du dieses Paket teilst, haben immer Zugriff auf aktuelle und frühere Versionen davon. Wenn du Mitwirkende entfernst, haben sie keinen Zugriff mehr auf neuere Versionen des Pakets.","Los usuarios con quienes lo compartes tendrán siempre acceso a la versión actual y pasada de este paquete. Si eliminas a los colaboradores, se suspenderá su acceso a las versiones más recientes del paquete.",Les utilisateurs avec lesquels tu partages auront toujours accès aux versions actuelles et précédentes de ce package. La suppression des collaborateurs supprimera leur accès aux nouvelles versions du paquet.,"जिन यूज़र के साथ आप यह पैकेज शेयर करते हैं, उनके पास हमेशा इस पैकेज के मौजूदा और पिछले वर्ज़न का ऐक्सेस रहेगा. कोलैबरेटर्स को हटाने से वे पैकेज के नए वर्ज़न को ऐक्सेस नहीं कर सकेंगे.",Pengguna yang menerima paket yang kamu bagikan akan selalu memiliki akses ke versi lama dan terbaru paket ini. Menghapus kolaborator akan menghentikan akses pengguna ke versi baru paket ini.,Gli utenti con cui condividi avranno sempre accesso alle versioni attuali e precedenti di questo pacchetto. Rimuovendo i collaboratori impedirai loro di accedere alle nuove versioni del pacchetto.,あなたが共有するユーザーは、このパッケージの現在と前のバージョンにいつでもアクセスできます。共同制作者を削除すると、共同制作者による新しいバージョンへのアクセスが停止されます。,공유하는 사용자들은 항상 이 패키지의 현재 및 이전 버전에 액세스할 수 있습니다. 공동 작업자를 제거하면 최신 버전의 패키지에 대한 액세스가 중단됩니다.,"Użytkownicy, którym udostępnisz ten pakiet, zawsze będą mieli dostęp do jego bieżącej i poprzednich wersji. Usunięcie współtwórców uniemożliwi im dalszy dostęp do nowszych wersji pakietu.",Usuários com quem você compartilha pacotes sempre terão acesso às versões atuais e anteriores do seu pacote. Remover colaboradores descontinuará o acesso deles à novas versões do pacote.,"Пользователи, с которыми вы делитесь, всегда будут иметь доступ к текущей и предыдущей версиям этого пакета. Пользователи, отключенные от совместной работы, потеряют доступ к новым версиям пакета.",ผู้ใช้งานที่คุณแชร์ด้วยจะมีสิทธิ์เข้าถึงเวอร์ชันปัจจุบัน และเวอร์ชันก่อนหน้าของแพ็คเกจนี้อยู่เสมอ การลบผู้ร่วมงานจะยกเลิกสิทธิ์เข้าถึงเวอร์ชันใหม่ของแพ็คเกจ,"Paylaştığın kullanıcılar, bu paketin hem mevcut sürümüne hem de eski sürümlerine her zaman ulaşabilir. Ortak çalışanlar kaldırıldığında paketin yeni sürümlerine olan erişimleri sona erer.",Người dùng mà bạn chia sẻ sẽ luôn có quyền truy cập vào các phiên bản hiện tại và trước đây của gói này. Việc xóa cộng tác viên sẽ ngừng cấp quyền truy cập cho họ vào các phiên bản mới hơn của gói.,你分享的用户都将始终拥有可以访问此套装当前及先前版本的权限。合作者被移除后将无法套装更新后的版本。,你分享的用户都将始终拥有可以访问此套装当前及先前版本的权限。合作者被移除后将无法套装更新后的版本。,您分享的對象都將可以存取此套件目前和先前的版本。合夥人被移除時將無法存取更新的套件版本。
Studio.Toolbox.AssetConfigPackagePermissions.GroupOwnedWarning,,,"No Access takes effect from new versions of this package. Users assigned to rolesets with ""Edit"" permissions will always have access to current and previous versions of this package.","No Access takes effect from new versions of this package. Users assigned to rolesets with ""Edit"" permissions will always have access to current and previous versions of this package.","لا يسري أي وصول من الإصدارات الجديدة من هذه الحزمة. سيتمكن المستخدمون المعينون لمجموعات الأدوار التي تحتوي على أذونات ""تحرير"" دائمًا من الوصول إلى الإصدارات الحالية والسابقة من هذه الحزمة.","Bei neuen Versionen dieses Pakets wird kein Zugriff mehr gewährt. Benutzer, denen eine Rolle mit der Berechtigung ""Bearbeiten"" zugewiesen ist, haben immer Zugriff auf aktuelle und frühere Versionen dieses Pakets.",La Restricción de acceso entrará en vigor con las nuevas versiones de este paquete. Los usuarios con el permiso para Editar siempre tendrán acceso a las versiones actuales y pasadas de este paquete.,"L'interdiction d'accès prend effet à partir des nouvelles versions de ce package. Les utilisateurs assignés à des jeux de rôles avec des autorisations ""Edit"" auront toujours accès aux versions actuelles et précédentes de ce package.","इस पैकेज के नए वर्ज़न से कोई ऐक्सेस प्रभावी नहीं होता है. ""एडिट"" परमिशंस वाले रोलसेट को असाइन किए गए यूज़र्स के पास हमेशा इस पैकेज के मौजूदा और पिछले वर्ज़न का ऐक्सेस होगा.","Tidak Ada Akses akan berlaku untuk versi baru paket ini. Pengguna yang diberi set peran dengan izin ""Edit"" akan selalu memiliki akses ke versi paket terbaru dan sebelumnya.","Nessuna autorizzazione entra in vigore dalla nuove versioni di questo pacchetto. Gli utenti assegnati ai set di ruoli con le autorizzazioni ""Edit"" avranno sempre accesso alle versioni attuali e precedenti di questo pacchetto.",このパッケージの新しいバージョンからはアクセスが有効になりません。「編集」の権限が与えられている役割が割り当てられているユーザーはこのパッケージの現在と前のバージョンにいつもアクセスできます。,"이 패키지의 새 버전에는 액세스 권한이 적용되지 않습니다. ""편집"" 권한이 있는 역할 세트에 할당된 사용자는 항상 이 패키지의 현재 및 이전 버전에 액세스할 수 있습니다.",Brak dostępu zaczyna obowiązywać od nowych wersji tego pakietu. Użytkownicy przypisani do zestawów ról obejmujących uprawnienia do edycji zawsze będą bieli dostęp do bieżącej i poprzednich wersji tego pakietu.,Restrições de acesso entrarão em efeito para novas versões deste pacote. Usuários com permissões de edição sempre terão acesso à versão atual e anteriores deste pacote.,"Команда «Нет доступа» влияет на новые версии этого пакета. Пользователи, которым разрешено «Редактировать», всегда будут иметь доступ к текущей и предыдущим версиям пакета.","ไม่มีสิทธิ์เข้าถึงที่มีผลจากเวอร์ชันใหม่ของแพ็คเกจนี้ ผู้ใช้งานที่ได้รับการกำหนดบทบาทโดยสิทธิ์ ""การแก้ไข"" จะมีสิทธิ์เข้าถึงเวอร์ชันปัจจุบันและเวอร์ชันก่อนหน้าของแพ็คเกจนี้","Erişim Yok seçimi, paketin yeni sürümlerinden itibaren etki gösterir. ""Düzenleme"" izinlerine sahip rol kümelerine atanmış kullanıcılar bu paketin hem mevcut sürümüne hem de eski sürümlerine her zaman ulaşabilir.","Không Có Quyền Truy Cập sẽ có hiệu lực đối với các phiên bản mới của gói này. Người dùng được gán vào các bộ vai trò có quyền ""Chỉnh Sửa"" sẽ luôn có quyền truy cập vào các phiên bản hiện tại và trước đây của gói này.",无访问权限设定会在此包更新版本后生效。拥有“编辑”权限角色集中的用户将始终有权访问此包的最新与先前版本。,无访问权限设定会在此包更新版本后生效。拥有“编辑”权限角色集中的用户将始终有权访问此包的最新与先前版本。,存取權限會在此套件的新版本移除。在擁有「編輯」權限的階級裡的使用者永遠可以存取此套件目前與先前的版本。
Studio.Toolbox.AssetConfigPackagePermissions.PackageDetails,,,Package Details,Package Details,تفاصيل الحزمة,Paketdetails,Detalles del paquete,Détails du package,पैकेज की जानकारी,Detail Paket,Dettagli pacchetto,パッケージの詳細,패키지 세부 정보,Szczegóły pakietu,Detalhes do pacote,Информация о пакете,รายละเอียดแพ็คเกจ,Paket Ayrıntıları,Chi Tiết Gói,包详情,包详情,套件詳細資料
Studio.Toolbox.Purchase.FreeTitle,,,Install,Install,تثبيت,Installieren,Instalar,Installer,इंस्टॉल करें,Instal,Installa,インストール,설치,Zainstaluj,Instalar,Установить плагин,ติดตั้ง,Kur,Cài Đặt,安装,安装,安裝
Studio.Toolbox.Purchase.SuccessHeader,,,Buy & Installation Complete!,Buy & Installation Complete!,اكتمل الشراء والتثبيت!,Kauf & Installation abgeschlossen!,¡Compra e instalación completadas!,Achat et installation complète !,खरीदारी और इंस्टॉलेशन पूरा हो गया!,Pembelian & Penginstalan Selesai!,Acquisto e installazione completati!,購入とインストール完了！,플러그인 설치 및 구매!,Ukończono zakup i instalowanie!,Compra e instalação completadas!,Покупка и установка завершены!,การซื้อและการติดตั้งเสร็จสมบูรณ์!,Satın alım ve kurulum tamamlandı!,Đã Mua & Cài Đặt Xong!,购买及安装完成！,购买及安装完成！,購買與安裝完成！
Studio.Toolbox.Purchase.FreeSuccessHeader,,,Installation Complete!,Installation Complete!,اكتمل التثبيت!,Installation abgeschlossen!,¡Instalación completada!,Installation complète !,इंस्टॉलेशन पूरा हो गया!,Penginstalan Selesai!,Installazione completata!,インストール完了！,설치 완료!,Ukończono instalowanie!,Instalação completada!,Установка завершена!,การติดตั้งเสร็จสมบูรณ์!,Kurulum tamamlandı!,Đã Cài Đặt Xong!,安装完成!,安装完成!,安裝完成！
Studio.Toolbox.Purchase.SuccessDetails,,,"Successfully installed ""{name}"".","Successfully installed ""{name}"".","تم تثبيت ""{name}"" بنجاح.","""{name}"" erfolgreich installiert.","""{name}"" se instaló correctamente.","Installation réussie ""{name}"".","""{name}"" इंस्टॉल हो गया है.","Berhasil menginstal ""{name}"".","Installazione di ""{name}"" completata.",「{name}」をインストールできました。,'{name}'(을)를 설치했습니다.,Zainstalowano pakiet „{name}”.,"""{name}"" instalado com sucesso.","""{name}"": установка завершена","ติดตั้ง ""{name}"" สำเร็จแล้ว","""{name}"" başarıyla kuruldu.","Đã cài đặt thành công ""{name}"".","成功安装 ""{name}""。","成功安装 ""{name}""。",已成功安裝「{name}」。
Studio.Toolbox.MaxTagsDescription,,,Add up to {max:int} tags from the tag library,Add up to {max:int} tags from the tag library,يمكنك إضافة ما يصل إلى {max:int} من العلامات من مكتبة العلامات,Füge bis zu {max:int} Tags aus der Tag-Bibliothek hinzu,Añade hasta {max:int} etiquetas desde la biblioteca de etiquetas,Ajouter jusqu'à {max:int} tags de la bibliothèque,टैग लाइब्रेरी से ज़्यादा-से-ज़्यादा {max:int} टैग जोड़ें,Tambahkan hingga {max:int} tag dari perpustakaan tag,Aggiungi fino a {max:int} etichette dalla libreria di etichette,タグライブラリから最大 {max:int} 個のタグを追加,태그 라이브러리에서 최대 {max:int}개의 태그 추가,Dodaj maksymalnie {max:int} tagi(-ów) z biblioteki tagów,Adicionar até {max:int} marcadores da biblioteca de marcadores,Добавьте не более {max:int} тегов из библиотеки тегов,เพิ่มไปยังแท็ก {max:int} จากคลังแท็ก,Etiket kütüphanesinden {max:int} adede kadar etiket ekle,Thêm tối đa {max:int} thẻ từ thư viện thẻ,从标签库中最多添加 {max:int} 个标签,从标签库中最多添加 {max:int} 个标签,從標籤庫最多增加 {max:int} 個標籤
Studio.Toolbox.NoTagFound,,,Word(s) not found in the tag library,Word(s) not found in the tag library,لم يتم العثور على كلمة (كلمات) في مكتبة العلامات,Wort/Wörter wurde(n) in der Tag-Bibliothek nicht gefunden,No se encontraron las palabras en la biblioteca de etiquetas,Mot(s) non trouvé(s) dans la bibliothèque de tags,टैग लाइब्रेरी में वर्ड नहीं मिला (मिले),Kata tidak ditemukan di perpustakaan tag,Parola/e non trovata/e nella libreria di etichette,語句がタグライブラリで見つかりませんでした,태그 라이브러리에서 단어를 찾을 수 없음,Nie znaleziono słowa w bibliotece tagów,Palavra(s) não encontrada(s) na biblioteca de marcadores,В библиотеке тегов нет искомого,ไม่พบคำดังกล่าวในคลังแท็ก,"Kelime(ler), etiket kütüphanesinde bulunamadı",Không tìm thấy (các) từ trong thư viện thẻ,未能在标签库中找到相应词语,未能在标签库中找到相应词语,標籤庫裡找不到該單字
Studio.Toolbox.ThumbnailStatus.Error,,,Error,Error,خطأ,Fehler,Error,Erreur,गड़बड़ी,Eror,Errore,エラー,오류,Błąd,Erro,Ошибка,เกิดข้อผิดพลาด,Hata,Lỗi,错误,错误,錯誤
Studio.Toolbox.ThumbnailStatus.InReview,,,In Review,In Review,قيد المراجعة,In Überprüfung,En revisión,En révision,रिव्यू हो रहा है,Sedang Di-review,In fase di revisione,レビュー中,검토 중,Rozpatrywanie,Sob revisão,На рассмотрении,อยู่ในระหว่างการตรวจสอบ,İnceleniyor,Đang Chờ Đánh Giá,审核中,审核中,審查中
Studio.Toolbox.ThumbnailStatus.Pending,,,Pending,Pending,معلّق,Ausstehend,Pendiente,En attente,पेंडिंग,Pending,In sospeso,保留中,보류 중,Oczekiwanie,Pendente,Ожидание,กำลังรอดำเนินการ,Beklemede,Đang Chờ Xử Lý,处理中,处理中,待處理
Studio.Toolbox.ThumbnailStatus.Blocked,,,Blocked,Blocked,تم الحظر,Blockiert,Bloqueada,Bloqué,ब्लॉक किया गया,Diblokir,Bloccati,ブロック済み,차단됨,Zablokowano,Bloqueado,Заблокировано,บล็อคแล้ว,Engellendi,Đã Chặn,已屏蔽,已屏蔽,遭拒
Studio.Toolbox.General.AbbreviatedSeconds,,,s,s,ثانية,Sek.,s,s,से.,d,s,秒,초,s,s,,วิ,sn.,giây,秒,秒,秒
Studio.Toolbox.General.AbbreviatedMinutes,,,m,m,دقيقة,Min.,m,m,मि.,m,m,分,분,min,m,,นาที,dk.,phút,分,分,分
Studio.Toolbox.General.SearchOptionAudioTo,,,to,to,إلى,bis,en,à,को,ke,a,へ,(으)로,do,em,,ไปยัง,şuraya:,đến,至,至,到
Studio.Toolbox.General.SearchOptionAudioLength,,,Sound Length,Sound Length,طول الصوت,Tonlänge,Duración del sonido,Longueur du son,साउंड की अवधि,Durasi Suara,Lunghezza suono,サウンドの長さ,사운드 길이,Długość dźwięku,Duração do som,,ความยาวเสียง,Ses Uzunluğu,Độ Dài Âm Thanh,声音长度,声音长度,音效長度
Studio.Toolbox.General.SearchTagLength,,,length:,length:,المدة:,Länge:,duración:,longueur :,अवधि :,durasi:,lunghezza:,長さ：,길이:,długość:,duração:,длина:,ความยาว:,uzunluk:,chiều dài:,长度：,长度：,長度：
Studio.Toolbox.AssetConfigUpload.IDCopied,,,ID Copied!,ID Copied!,تم نسخ المعرّف!,ID kopiert!,¡ID copiado!,Identifiant copié !,ID कॉपी की गई!,ID Disalin!,ID copiato!,IDをコピー済み！,ID 복사 완료!,Skopiowano identyfikator!,ID copiada!,,คัดลอก ID แล้ว!,Kimlik kopyalandı!,Đã Sao Chép ID!,ID 已复制！,ID 已复制！,ID 已複製！
Studio.Toolbox.AssetConfigAnimation.FilterID,,,Filter ID,Filter ID,معرّف الفلتر,Filter-ID,Filtro ID,Identifiant filtre,फ़िल्टर ID,Filter ID,Filtra ID,IDをフィルタする,필터 ID,Identyfikator filtru,Filtrar ID,,กรอง ID,Kimlik filtrele,ID Bộ Lọc,过滤 ID,过滤 ID,過濾 ID
Studio.Toolbox.General.PremiumBenefits,,,Add Premium benefits,Add Premium benefits,إضافة مزايا مميزة,Premium-Vorteile hinzufügen,Añadir beneficios Premium,Ajouter les avantages Premium,Premium सब्सक्रिप्शन के फ़ायदे जोड़ें,Tambahkan keuntungan Premium,Aggiungi vantaggi Premium,プレミアム特典を追加,Premium 혜택 추가,Dodaj korzyści z członkostwa Premium,Adicionar benefícios Premium,,เพิ่มสิทธิประโยชน์ Premium,Premium avantaj ekle,Thêm các ưu đãi Premium,添加 Premium 特权,添加 Premium 特权,增加 Premium 福利
Studio.Toolbox.General.CategoryMyVideos,,,My Videos,My Videos,الفيديوهات الخاصة بي,Meine Videos,Mis videos,Mes vidéos,मेरे वीडियो,Video Saya,I miei video,マイビデオ,내 비디오,Moje filmy,Meus vídeos,Мои видео,วิดีโอของฉัน,Videolarım,Video Của Tôi,我的视频,我的视频,我的影片
Studio.Toolbox.General.CategoryVideos,,,Videos,Videos,الفيديوهات,Videos,Videos,Vidéos,वीडियो,Video,Video,ビデオ,비디오,Filmy,Vídeos,Видео,วิดีโอ,Videolar,Video,视频,视频,影片
Studio.Toolbox.AssetUploadResult.Success,,,Successfully submitted!,Successfully submitted!,تم الإرسال بنجاح!,Erfolgreich eingereicht!,¡Enviado correctamente!,Soumis avec succès !,सबमिट हो गया है!,Berhasil dikirim!,Invio riuscito!,送信できました！,제출 완료!,Przesłano!,Enviado com sucesso!,,ส่งสำเร็จแล้ว!,Başarıyla gönderildi!,Đã gửi thành công!,提交成功！,提交成功！,提交成功！
Studio.Toolbox.AssetUploadResult.Failure,,,Submission failed,Submission failed,تعذَّر الإرسال,Einreichen fehlgeschlagen,Error al enviar,Échec de la soumission,सबमिट नहीं किया जा सका,Pengiriman gagal,Invio non riuscito,送信できませんでした,제출 실패,Nie udało się przesłać,Falha no envio,,ส่งไม่สำเร็จ,Gönderim başarısız,Gửi không thành công,提交失败,提交失败,提交失敗
Studio.Toolbox.General.NoPluginsFound.TextLine1,,,Can’t find what you’re looking for?,Can’t find what you’re looking for?,لا يمكنك العثور على ما تبحث عنه؟,"Du kannst nicht finden, was du suchst?",¿No encuentras lo que buscas?,Tu ne trouves pas ce que tu cherches ?,"क्या आपको वह नहीं मिल रहा है, जिसकी आपको तलाश है?",Tidak menemukan yang kamu cari?,Non trovi ciò che cerchi?,探しているものが見つからない場合,항목을 찾을 수 없나요?,"Nie możesz znaleźć tego, czego szukasz?",Não consegue encontrar o que estava procurando?,,ไม่พบสิ่งที่คุณกำลังหาอยู่ใช่ไหม?,Aradığını bulamıyor musun?,Bạn không tìm thấy thứ mình cần?,未能搜索到相关内容？,未能搜索到相关内容？,找不到您要的東西嗎？
Studio.Toolbox.General.NoPluginsFound.TextLine2,,,"For more plugins, try searching in the {link} on our website.","For more plugins, try searching in the {link} on our website.",لمزيد من المكونات الإضافية، حاول البحث في {link} على موقعنا.,Für weitere Plugins kannst du im {link} auf unserer Website suchen.,"Para encontrar más plugins, intenta buscar en {link} en nuestro sitio web.","Pour obtenir plus de plugins, essaie de faire une recherche dans le {link} sur notre site web.","ज़्यादा प्लग-इन्स के लिए, हमारी वेबसाइट पर दिए गए {link} में खोजने की कोशिश करें.","Untuk plugin lainnya, coba cari di {link} di situs web kami.","Per altri plugin, prova a cercare nel {link} sul nostro sito web.",その他のプラグインは、当社のウェブサイト上の {link} でサーチしてみてください。,더 많은 플러그인을 보려면 웹사이트의 {link}에서 검색하세요.,"Aby znaleźć więcej dodatków plug-in, spróbuj wyszukać je na naszej stronie internetowej w obszarze {link}.","Para mais plugins, tente procurar no {link} em nossa página.",,ลองค้นหาใน {link} บนเว็บไซต์ของเราเพื่อดูปลั๊กอินเพิ่มเติม,Daha fazla eklenti için web sitemizde {link} adresine göz at.,"Để biết thêm các plugin, hãy thử tìm kiếm trong {link} trên trang web của chúng tôi.",若想获取更多插件，请在网站{link}中进行搜索。,若想获取更多插件，请在网站{link}中进行搜索。,若要尋找更多外掛程式，請前往我們網站上的{link}搜尋。
Studio.Toolbox.General.NoPluginsFound.LinkText,,,Library,Library,المكتبة,Bibliothek,Biblioteca,Bibliothèque,लाइब्रेरी,Perpustakaan,Libreria,ライブラリ,라이브러리,Biblioteka,Biblioteca,Библиотека,คลัง,Kütüphane,Thư Viện,资料库,资料库,資料庫
Studio.Toolbox.General.CategoryRecentVideos,,,Recent Videos,Recent Videos,الفيديوهات الأخيرة,Zuletzt verwendete Videos,Videos recientes,Vidéos récentes,हाल ही के वीडियो,Video Terbaru,Video recenti,最近のビデオ,최근 비디오,Ostatnie filmy,Vídeos recentes,Недавние видео,วิดีโอล่าสุด,Son Videolar,Video Gần Đây,最近使用的视频,最近使用的视频,近期使用的影片
Studio.Toolbox.AssetConfigFooter.ImportTitle,,,Choose an asset to import.,Choose an asset to import.,اختر أصلًا لاستيراده.,Wähle ein Objekt zum Importieren.,Elige un recurso para importar.,Choisir un objet à importer.,इंपोर्ट करने के लिए ऐसेट चुनें.,Pilih aset yang akan diimpor.,Scegli una risorsa da importare.,インポートするアセットを選ぶ。,가져올 애셋을 선택하세요.,Wybierz zasób do zaimportowania.,Escolha um ativo para importar.,Выбери ресурс для импорта.,เลือกทรัพยากรที่จะนำเข้า,İçe aktarılacak bir varlık seç.,Chọn một tài sản để nhập.,请选择要导入的素材。,请选择要导入的素材。,選擇要匯入的素材。
Studio.Toolbox.AssetConfigAnimation.AnimationID,,,Animation ID,Animation ID,مُعرِّف الحركة,Animations-ID,ID de la animación,Identifiant ID,ऐनिमेशन ID,ID Animasi,ID animazione,アニメーションID,애니메이션 ID,Identyfikator animacji,ID de animação,,ID แอนิเมชัน,Animasyon Kimliği,ID Hiệu Ứng Động,动画 ID,动画 ID,動畫 ID
Studio.Toolbox.AssetConfigAnimation.InvalidAnimationID,,,Invalid Animation ID,Invalid Animation ID,مُعرِّف حركة غير صالح,Ungültige Animations-ID,ID de la animación no válido,Identifiant animation invalide,ऐनिमेशन ID अमान्य है,ID Animasi Tidak Valid,ID animazione non valida,アニメーションIDが無効です,유효하지 않은 애니메이션 ID,Nieprawidłowy identyfikator animacji,ID de animação inválida,,ID แอนิเมชันไม่ถูกต้อง,Animasyon kimliği geçersiz,ID Hiệu Ứng Động Không Hợp lệ,无效的动画 ID,无效的动画 ID,動畫 ID 無效
Studio.Toolbox.AssetConfigFooter.UploadWithFee,,,"Submit for
{price:int} Robux","Submit for
{price:int} Robux","إرسال مقابل
{price:int} Robux","Einreichen für
{price:int} Robux","Enviar por
{price:int} Robux","Soumettre pour
{price:int} Robux","{price:int} Robux
के लिए सबमिट करें","Kirim dengan
{price:int} Robux","Invia per
{price:int} Robux","{price:int} Robux
で提出","{price:int} Robux 사용
제출","Prześlij za
{price:int} Robuxy(-ów)","Enviar para
{price:int} Robux","Submit for
{price:int} Robux","ส่งในราคา
{price:int} Robux","{price:int} Robux
karşılığında gönder","Gửi cho
{price:int} Robux","花费 {price:int} Robux
并提交","花费 {price:int} Robux
并提交","以 {price:int} Robux
提交"
Studio.Toolbox.Common.Submit,,,Submit,Submit,إرسال,Einreichen,Enviar,Soumettre,सबमिट करें,Kirim,Invia,送信,제출,Prześlij,Enviar,Отправить,ส่ง,Gönder,Gửi,提交,提交,提交
Studio.Toolbox.Common.Close,,,Close,Close,إغلاق,Schließen,Cerrar,Fermer,बंद करें,Tutup,Chiudi,閉じる,닫기,Zamknij,Fechar,Закрыть,ปิด,Kapat,Đóng,关闭,关闭,關閉
Studio.Toolbox.Common.Insert,,,Insert,Insert,إدراج,Einfügen,Insertar,Insérer,डालें,Masukkan,Immetti,挿入,삽입,Wstaw,Inserir,Вставить,แทรก,Ekle,Chèn,插入,插入,插入
Studio.Toolbox.Common.Install,,,Install,Install,تثبيت,Installieren,Instalar,Installer,इंस्टॉल करें,Instal,Installa,インストール,설치,Zainstaluj,Instalar,Установить,ติดตั้ง,Kur,Cài Đặt,安装,安装,安裝
Studio.Toolbox.Common.Loading,,,Loading,Loading,جارٍ التحميل,Wird geladen,Cargando,Chargement,लोड हो रहा है,Loading,Caricamento,読み込み中,불러오는 중,Wczytywanie,Carregando,Загрузка,กำลังโหลด,Yükleniyor,Đang Tải,正在加载,正在加载,正在載入
Studio.Toolbox.Common.Update,,,Update,Update,تحديث,Aktualisieren,Actualizar,Mise à jour,अपडेट करें,Update,Aggiorna,更新,업데이트,Aktualizacja,Atualizar,,อัปเดต,Güncelle,Cập Nhật,更新,更新,更新
Studio.Toolbox.Common.Installed,,,Installed,Installed,تم التثبيت,Installiert,Instalado,Installé,इंस्टॉल किया गया,Diinstal,Installazione riuscita,インストール済み,설치됨,Zainstalowano,Instalado,,ติดตั้งแล้ว,Kuruldu,Đã Cài Đặt,已安装,已安装,已安裝
Studio.Toolbox.Common.OK,,,OK,OK,موافق,OK,Aceptar,Ok,ठीक है,OK,OK,OK,확인,OK,OK,,ตกลง,Tamam,OK,确认,确认,確定
Studio.Toolbox.General.CategoryCreationsGroupHats,,,Group Hats,Group Hats,قبعات المجموعة,Gruppenhüte,Sombreros del grupo,Chapeaux du groupe,हैट्स का ग्रुप बनाएँ,Topi Grup,Cappelli del gruppo,帽子をグループ化,그룹 모자,Nakrycia głowy dostępne dla grupy,Chapéus de grupo,,หมวกกลุ่ม,Grup Şapkaları,Mũ Nhóm,群组帽子,群组帽子,群組帽子
Studio.Toolbox.General.CategoryCreationsGroupHair,,,Group Hair,Group Hair,شعر المجموعة,Gruppenhaare,Pelo del grupo,Cheveux du groupe,बालों का ग्रुप बनाएँ,Rambut Grup,Capelli del gruppo,髪をグループ化,그룹 헤어,Włosy dostępne dla grupy,Cabelos de grupo,,ผมกลุ่ม,Grup Saçları,Tóc nhóm,群组发型,群组发型,群組髮型
Studio.Toolbox.General.CategoryCreationsGroupFaceAccessory,,,Group Face Accessories,Group Face Accessories,إكسسوارات الوجه للمجموعة,Gruppen-Gesichts-Accessoires,Accesorios para la cara del grupo,Accessoires pour le visage de groupe,चेहरे की ऐक्सेसरीज़ का ग्रुप बनाएँ,Aksesori Wajah Grup,Accessori faccia del gruppo,顔用アクセサリをグループ化,그룹 얼굴 장신구,Akcesoria – twarz dostępne dla grupy,Acessórios de rosto de grupo,,ไอเท็มเสริมใบหน้ากลุ่ม,Grup Yüz Aksesuarları,Phụ Kiện Mặt Nhóm,群组脸部配件,群组脸部配件,群組臉部飾品
Studio.Toolbox.General.CategoryCreationsGroupNeckAccessory,,,Group Neck Accessories,Group Neck Accessories,إكسسوارات الرقبة للمجموعة,Gruppen-Hals-Accessoires,Accesorios para el cuello del grupo,Accessoires pour le cou du groupe,गरदन की ऐक्सेसरीज़ का ग्रुप बनाएँ,Aksesori Leher Grup,Accessori collo del gruppo,首用アクセサリをグループ化,그룹 목 장신구,Akcesoria – szyja dostępne dla grupy,Acessórios de pescoço de grupo,,ไอเท็มเสริมคอกลุ่ม,Grup Boyun Aksesuarları,Phụ Kiện Cổ Của Nhóm,群组颈部配件,群组颈部配件,群組頸部飾品
Studio.Toolbox.General.CategoryCreationsGroupShoulderAccessory,,,Group Shoulder Accessories,Group Shoulder Accessories,إكسسوارات الكتف للمجموعة,Gruppen-Schulter-Accessoires,Accesorios para el hombro del grupo,Accessoires pour le cou du groupe,कंधे की ऐक्सेसरीज़ का ग्रुप बनाएँ,Aksesori Bahu Grup,Accessori spalla del gruppo,肩用アクセサリをグループ化,그룹 어깨 장신구,Akcesoria – ramiona dostępne dla grupy,Acessórios de ombro de grupo,,ไอเท็มเสริมไหล่กลุ่ม,Grup Omuz Aksesuarları,Phụ Kiện Vai Của Nhóm,群组肩部配件,群组肩部配件,群組肩膀飾品
Studio.Toolbox.General.CategoryCreationsGroupFrontAccessory,,,Group Front Accessories,Group Front Accessories,إكسسوارات المقدمة للمجموعة,Gruppen-Vorderseite-Accessoires,Accesorios frontales del grupo,Groupe Accessoires avant,फ़्रंट ऐक्सेसरीज़ का ग्रुप बनाएँ,Aksesori Depan Grup,Accessori anteriori del gruppo,正面用アクセサリをグループ化,그룹 전면 장신구,Akcesoria – przód dostępne dla grupy,Acessórios de frente de grupo,,ไอเท็มเสริมด้านหน้ากลุ่ม,Grup Ön Taraf Aksesuarları,Phụ Kiện Trán Của Nhóm,群组正面配件,群组正面配件,群組正面飾品
Studio.Toolbox.General.CategoryCreationsGroupBackAccessory,,,Group Back Accessories,Group Back Accessories,إكسسوارات الظهر للمجموعة,Gruppen-Rückseite-Accessoires,Accesorios traseros del grupo,Groupe Accessoires arrière,बैक ऐक्सेसरीज़ का ग्रुप बनाएँ,Aksesori Belakang Grup,Accessori posteriori del gruppo,背面用アクセサリをグループ化,그룹 후면 장신구,Akcesoria – tył dostępne dla grupy,Acessórios das costas de grupo,,ไอเท็มเสริมด้านหลังกลุ่ม,Grup Arka Taraf Aksesuarları,Phụ Kiện Lưng Của Nhóm,群组背面配件,群组背面配件,群組背面飾品
Studio.Toolbox.General.CategoryCreationsGroupWaistAccessory,,,Group Waist Accessories,Group Waist Accessories,إكسسوارات الخصر للمجموعة,Gruppen-Taille-Accessoires,Accesorios para la cintura del grupo,Accessoires pour la taille du groupe,कमर की ऐक्सेसरीज़ का ग्रुप बनाएँ,Aksesori Pinggang Grup,Accessori vita del gruppo,腰用アクセサリをグループ化,그룹 허리 장신구,Akcesoria – talia dostępne dla grupy,Acessórios de cintura de grupo,,ไอเท็มเสริมเอวกลุ่ม,Grup Bel Aksesuarları,Phụ Kiện Eo Của Nhóm,群组腰部配件,群组腰部配件,群組腰部飾品
Studio.Toolbox.AssetUploadResult.Back,,,Back,Back,رجوع,Rückseite,Volver,Retour,वापस जाएँ,Belakang,Indietro,戻る,뒤로,Tył,Voltar,,ย้อนกลับ,Geri,Lưng,返回,返回,返回
Studio.Toolbox.General.CategoryCreationsTShirtAccessory,,,T-Shirt Accessories,T-Shirt Accessories,إكسسوارات التي شيرت,T-Shirt-Accessoires,Accesorios para camiseta,Accessoires pour t-shirts,टी-शर्ट की ऐक्सेसरीज़,Aksesori Kaus,Accessori maglietta,Tシャツ用アクセサリ,티셔츠 장신구,Akcesoria – koszulki,Acessórios de camiseta,,ไอเท็มเสริมเสื้อยืด,Tişört Aksesuarları,Phụ Kiện Áo Thun,T 恤衫配件,T 恤衫配件,T 恤飾品
Studio.Toolbox.General.CategoryCreationsShirtAccessory,,,Shirt Accessories,Shirt Accessories,إكسسوارات القميص,Shirt-Accessoires,Accesorios para camisa,Accessoires chemises,शर्ट की ऐक्सेसरीज़,Aksesori Kemeja,Accessori camicia,シャツ用アクセサリ,셔츠 장신구,Akcesoria – koszule,Acessórios de camisa,,ไอเท็มเสริมเสื้อเชิ้ต,Gömlek Aksesuarları,Phụ Kiện Áo Sơ Mi,衬衫配件,衬衫配件,上衣飾品
Studio.Toolbox.General.CategoryCreationsPantsAccessory,,,Pants Accessories,Pants Accessories,إكسسوارات البنطلون,Hosen-Accessoires,Accesorios para pantalones,Accessoires pantalons,पैंट की ऐक्सेसरीज़,Aksesori Celana,Accessori pantaloni,ズボン用アクセサリ,바지 장신구,Akcesoria – spodnie,Acessórios de calça,,ไอเท็มเสริมกางเกงขายาว,Pantolon Aksesuarları,Phụ Kiện Quần Dài,裤子配件,裤子配件,褲子飾品
Studio.Toolbox.General.CategoryCreationsJacketAccessory,,,Jacket Accessories,Jacket Accessories,إكسسوارات الجاكيت,Jacken-Accessoires,Accesorios para chaqueta,Accessoires vestes,जैकेट की ऐक्सेसरीज़,Aksesori Jaket,Accessori giacca,ジャケット用アクセサリ,재킷 장신구,Akcesoria – kurtki,Acessórios de jaqueta,,ไอเท็มเสริมเสื้อแจ็คเก็ต,Ceket Aksesuarları,Phụ Kiện Áo Khoác,外套配件,外套配件,夾克飾品
Studio.Toolbox.General.CategoryCreationsSweaterAccessory,,,Sweater Accessories,Sweater Accessories,إكسسوارات السترة,Pullover-Accessoires,Accesorios para suéter,Accessoires pulls,स्वेटर की ऐक्सेसरीज़,Aksesori Sweter,Accessori maglione,セーター用アクセサリ,스웨터 장신구,Akcesoria – bluzy,Acessórios de moletom,,ไอเท็มเสริมเสื้อสเวตเตอร์,Kazak Aksesuarları,Phụ Kiện Áo Len,毛衣配件,毛衣配件,外套飾品
Studio.Toolbox.General.CategoryCreationsShortsAccessory,,,Shorts Accessories,Shorts Accessories,إكسسوارات الشورت,Shorts-Accessoires,Accesorios para pantalones cortos,Accessoires shorts,शॉर्ट्स की ऐक्सेसरीज़,Aksesori Celana Pendek,Accessori pantaloncini,短パン用アクセサリ,반바지 장신구,Akcesoria – szorty,Acessórios de short,,ไอเท็มเสริมกางเกงขาสั้น,Şort Aksesuarları,Phụ Kiện Quần Ngắn,短裤配件,短裤配件,短褲飾品
Studio.Toolbox.General.CategoryCreationsLeftShoeAccessory,,,Left Shoe Accessories,Left Shoe Accessories,إكسسوارات الحذاء الأيسر,Linker-Schuh-Accessoires,Accesorios para zapato izquierdo,Accessoires chaussures gauches,बाएँ पैर के जूते की ऐक्सेसरीज़,Aksesori Sepatu Kiri,Accessori scarpa sinistra,左靴用アクセサリ,왼쪽 신발 장신구,Akcesoria – lewe buty,Acessórios de calçado esquerdo,,ไอเท็มเสริมรองเท้าข้างซ้าย,Sol Ayakkabı Aksesuarları,Phụ Kiện Giày Trái,左脚鞋配件,左脚鞋配件,左鞋飾品
Studio.Toolbox.General.CategoryCreationsRightShoeAccessory,,,Right Shoe Accessories,Right Shoe Accessories,إكسسوارات الحذاء الأيمن,Rechter-Schuh-Accessoires,Accesorios para zapato derecho,Accessoires chaussures droites,दाएँ पैर के जूते की ऐक्सेसरीज़,Aksesori Sepatu Kanan,Accessori scarpa destra,右靴用アクセサリ,오른쪽 신발 장신구,Akcesoria – prawe buty,Acessórios de calçado direito,,ไอเท็มเสริมรองเท้าข้างขวา,Sağ Ayakkabı Aksesuarları,Phụ Kiện Giày Phải,右脚鞋配件,右脚鞋配件,右鞋飾品
Studio.Toolbox.General.CategoryCreationsDressSkirtAccessory,,,Dress Skirt Accessories,Dress Skirt Accessories,إكسسوارات تنورة الفستان,Kleid-Rock-Accessoires,Accesorios para falda de vestir,Accessoires jupe de robe,ड्रेस स्कर्ट की ऐक्सेसरीज़,Aksesori Rok Gaun,Accessori gonna elegante,ワイシャツ用アクセサリ,원피스 치마 장신구,Akcesoria – sukienki i spódnice,Acessórios de vestido,,ไอเท็มเสริมกระโปรงเดรส,Elbise Eteği Aksesuarları,Phụ Kiện Đầm & Chân Váy,套裙配件,套裙配件,裙子飾品
Studio.Toolbox.General.CategoryCreationsGroupTShirtAccessory,,,Group T-Shirt Accessories,Group T-Shirt Accessories,إكسسوارات التي شيرت للمجموعة,Gruppen-T-Shirt-Accessoires,Accesorios para camiseta del grupo,Accessoires pour t-shirts de groupe,टी-शर्ट की ऐक्सेसरीज़ ग्रुप,Aksesori Kaus Grup,Accessori maglietta del gruppo,グループTシャツ用アクセサリ,그룹 티셔츠 장신구,Akcesoria – koszulki dostępne dla grupy,Acessórios de camiseta de grupo,,ไอเท็มเสริมเสื้อยืดกลุ่ม,Grup Tişört Aksesuarları,Phụ Kiện Áo Thun Của Nhóm,群组 T 恤衫配件,群组 T 恤衫配件,群組 T 恤飾品
Studio.Toolbox.General.CategoryCreationsGroupShirtAccessory,,,Group Shirt Accessories,Group Shirt Accessories,إكسسوارات القميص للمجموعة,Gruppen-Shirt-Accessoires,Accesorios para camisa del grupo,Accessoires pour chemises de groupe,शर्ट की ऐक्सेसरीज़ का ग्रुप बनाएँ,Aksesori Kemeja Grup,Accessori camicia del gruppo,グループのシャツ用アクセサリ,그룹 셔츠 장신구,Akcesoria – koszule dostępne dla grupy,Acessórios de camisa de grupo,,ไอเท็มเสริมเสื้อเชิ้ตกลุ่ม,Grup Gömlek Aksesuarları,Phụ Kiện Áo Sơ Mi Của Nhóm,群组衬衫配件,群组衬衫配件,群組上衣飾品
Studio.Toolbox.General.CategoryCreationsGroupPantsAccessory,,,Group Pants Accessories,Group Pants Accessories,إكسسوارات البنطلون للمجموعة,Gruppen-Hosen-Accessoires,Accesorios para pantalones del grupo,Accessoires pour pantalons de groupe,पैंट्स की ऐक्सेसरीज़ का ग्रुप बनाएँ,Aksesori Celana Grup,Accessori pantaloni del gruppo,ズボン用アクセサリをグループ化,그룹 바지 장신구,Akcesoria – spodnie dostępne dla grupy,Acessórios de grupo de calça,,ไอเท็มเสริมกางเกงขายาวกลุ่ม,Grup Pantolon Aksesuarları,Phụ Kiện Quần Dài Của Nhóm,群组裤子配件,群组裤子配件,群組褲子飾品
Studio.Toolbox.General.CategoryCreationsGroupJacketAccessory,,,Group Jacket Accessories,Group Jacket Accessories,إكسسوارات الجاكيت للمجموعة,Gruppen-Jacken-Accessoires,Accesorios para chaqueta del grupo,Accessoires pour vestes de groupe,जैकेट की ऐक्सेसरीज़ का ग्रुप बनाएँ,Aksesori Jaket Grup,Accessori giacca del gruppo,ジャケット用アクセサリをグループ化,그룹 재킷 장신구,Akcesoria – kurtki dostępne dla grupy,Acessórios de grupo de jaqueta,,ไอเท็มเสริมเสื้อแจ็คเก็ตกลุ่ม,Grup Ceket Aksesuarları,Phụ Kiện Áo Khoác Của Nhóm,群组外套配件,群组外套配件,群組夾克飾品
Studio.Toolbox.General.CategoryCreationsGroupSweaterAccessory,,,Group Sweater Accessories,Group Sweater Accessories,إكسسوارات السترة للمجموعة,Gruppen-Pullover-Accessoires,Accesorios para suéter del grupo,Accessoires pour pulls de groupe,स्वेटर की ऐक्सेसरीज़ का ग्रुप बनाएँ,Aksesori Sweter Grup,Accessori maglione del gruppo,セーター用アクセサリをグループ化,그룹 스웨터 장신구,Akcesoria – bluzy dostępne dla grupy,Acessórios de grupo de moletom,,ไอเท็มเสริมเสื้อสเวตเตอร์กลุ่ม,Grup Kazak Aksesuarları,Phụ Kiện Áo Len Của Nhóm,群组毛衣配件,群组毛衣配件,群組外套飾品
Studio.Toolbox.General.CategoryCreationsGroupShortsAccessory,,,Group Shorts Accessories,Group Shorts Accessories,إكسسوارات الشورت للمجموعة,Gruppen-Shorts-Accessoires,Accesorios para pantalones cortos del grupo,Accessoires pour short de groupe,शॉर्ट्स की ऐक्सेसरीज़ का ग्रुप बनाएँ,Aksesori Celana Pendek Grup,Accessori pantaloncini del gruppo,短パン用アクセサリをグループ化,그룹 반바지 장신구,Akcesoria – szorty dostępne dla grupy,Acessórios de grupo de short,,ไอเท็มเสริมกางเกงขาสั้นกลุ่ม,Grup Şort Aksesuarları,Phụ Kiện Quần Ngắn Của Nhóm,群组短裤配件,群组短裤配件,群組短褲飾品
Studio.Toolbox.General.CategoryCreationsGroupLeftShoeAccessory,,,Group Left Shoe Accessories,Group Left Shoe Accessories,إكسسوارات الحذاء الأيسر للمجموعة,Gruppen-Linker-Schuh-Accessoires,Accesorios para zapato izquierdo del grupo,Accessoires pour la chaussure gauche du groupe,बाएँ पैर के जूते की ऐक्सेसरीज़ का ग्रुप बनाएँ,Aksesori Sepatu Kiri Grup,Accessori scarpa sinistra del gruppo,左靴用アクセサリをグループ化,그룹 왼쪽 신발 장신구,Akcesoria – lewe buty dostępne dla grupy,Acessórios de grupo de calçado esquerdo,,ไอเท็มเสริมรองเท้าข้างซ้ายกลุ่ม,Grup Sol Ayakkabı Aksesuarları,Phụ Kiện Giày Trái Của Nhóm,群组左脚鞋配件,群组左脚鞋配件,群組左鞋飾品
Studio.Toolbox.General.CategoryCreationsGroupRightShoeAccessory,,,Group Right Shoe Accessories,Group Right Shoe Accessories,إكسسوارات الحذاء الأيمن للمجموعة,Gruppen-Rechter-Schuh-Accessoires,Accesorios para zapato derecho del grupo,Accessoires pour la chaussure droite du groupe,दाएँ पैर के जूते की ऐक्सेसरीज़ का ग्रुप बनाएँ,Aksesori Sepatu Kanan Grup,Accessori scarpa destra del gruppo,右靴用アクセサリをグループ化,그룹 오른쪽 신발 장신구,Akcesoria – prawe buty dostępne dla grupy,Acessórios de grupo de calçado direito,,ไอเท็มเสริมรองเท้าข้างขวากลุ่ม,Grup Sağ Ayakkabı Aksesuarları,Phụ Kiện Giày Phải Của Nhóm,群组右脚鞋配件,群组右脚鞋配件,群組右鞋飾品
Studio.Toolbox.General.CategoryCreationsGroupDressSkirtAccessory,,,Group Dress Skirt Accessories,Group Dress Skirt Accessories,إكسسوارات تنورة الفستان للمجموعة,Gruppen-Kleid-Rock-Accessoires,Accesorios para falda de vestir del grupo,Accessoires du groupe robes/jupes,ड्रेस स्कर्ट की ऐक्सेसरीज़ का ग्रुप बनाएँ,Aksesori Rok Gaun Grup,Accessori gonna elegante del gruppo,ワイシャツ用アクセサリをグループ化,그룹 원피스 치마 장신구,Akcesoria – sukienki i spódnice dostępne dla grupy,Acessórios de grupo de vestido,,ไอเท็มเสริมกระโปรงเดรสกลุ่ม,Grup Elbise Eteği Aksesuarları,Phụ Kiện Đầm & Chân Váy Của Nhóm,群组套裙配件,群组套裙配件,群組裙子飾品
Studio.Toolbox.General.AssetTypeTShirtAccessory,,,T-Shirt Accessory,T-Shirt Accessory,إكسسوار التي شيرت,T-Shirt-Accessoire,Accesorio para camiseta,Accessoire t-shirt,टी-शर्ट की ऐक्सेसरी,Aksesori Kaus,Accessorio maglietta,Tシャツ用アクセサリ,티셔츠 장신구,Akcesorium – koszulka,Acessório de camiseta,,ไอเท็มเสริมเสื้อยืด,Tişört Aksesuarı,Phụ Kiện Áo Thun,T 恤衫配件,T 恤衫配件,T 恤飾品
Studio.Toolbox.General.AssetTypeShirtAccessory,,,Shirt Accessory,Shirt Accessory,إكسسوار القميص,Shirt-Accessoire,Accesorio para camisa,Accessoire chemise,शर्ट की ऐक्सेसरी,Aksesori Kemeja,Accessorio camicia,シャツ用アクセサリ,셔츠 장신구,Akcesorium – koszula,Acessório de camisa,,ไอเท็มเสริมเสื้อเชิ้ต,Gömlek Aksesuarı,Phụ Kiện Áo Sơ Mi,衬衫配件,衬衫配件,上衣飾品
Studio.Toolbox.General.AssetTypePantsAccessory,,,Pants Accessory,Pants Accessory,إكسسوار البنطلون,Hosen-Accessoire,Accesorio para pantalones,Accessoire pantalon,पैंट की ऐक्सेसरी,Aksesori Celana,Accessorio pantaloni,ズボン用アクセサリ,바지 장신구,Akcesorium – spodnie,Acessório de calça,,ไอเท็มเสริมกางเกงขายาว,Pantolon Aksesuarı,Phụ Kiện Quần Dài,裤子配件,裤子配件,褲子飾品
Studio.Toolbox.General.AssetTypeJacketAccessory,,,Jacket Accessory,Jacket Accessory,إكسسوار الجاكيت,Jacken-Accessoire,Accesorio para chaqueta,Accessoire veste,जैकेट की ऐक्सेसरी,Aksesori Jaket,Accessorio giacca,ジャケット用アクセサリ,재킷 장신구,Akcesorium – kurtka,Acessório de jaqueta,,ไอเท็มเสริมเสื้อแจ็คเก็ต,Ceket Aksesuarı,Phụ Kiện Áo Khoác,外套配件,外套配件,夾克飾品
Studio.Toolbox.General.AssetTypeSweaterAccessory,,,Sweater Accessory,Sweater Accessory,إكسسوار السترة,Pullover-Accessoire,Accesorio para suéter,Accessoire pull,स्वेटर की ऐक्सेसरी,Aksesori Sweter,Accessorio maglione,セーター用アクセサリ,스웨터 장신구,Akcesorium – bluza,Acessório de moletom,,ไอเท็มเสริมเสื้อสเวตเตอร์,Kazak Aksesuarı,Phụ Kiện Áo Len,毛衣配件,毛衣配件,外套飾品
Studio.Toolbox.General.AssetTypeShortsAccessory,,,Shorts Accessory,Shorts Accessory,إكسسوار الشورت,Shorts-Accessoire,Accesorio para pantalones cortos,Accessoire short,शॉर्ट्स की ऐक्सेसरी,Aksesori Celana Pendek,Accessorio pantaloncini,短パン用アクセサリ,반바지 장신구,Akcesorium – szorty,Acessório de short,,ไอเท็มเสริมกางเกงขาสั้น,Şort Aksesuarı,Phụ Kiện Quần Ngắn,短裤配件,短裤配件,短褲飾品
Studio.Toolbox.General.AssetTypeLeftShoeAccessory,,,Left Shoe Accessory,Left Shoe Accessory,إكسسوار الحذاء الأيسر,Linker-Schuh-Accessoire,Accesorio para zapato izquierdo,Accessoire chaussure gauche,बाएँ पैर के जूते की ऐक्सेसरी,Aksesori Sepatu Kiri,Accessorio scarpa sinistra,左靴用アクセサリ,왼쪽 신발 장신구,Akcesorium – lewy but,Acessório de calçado esquerdo,,ไอเท็มเสริมรองเท้าข้างซ้าย,Sol Ayakkabı Aksesuarı,Phụ Kiện Giày Trái,左脚鞋配件,左脚鞋配件,左鞋飾品
Studio.Toolbox.General.AssetTypeRightShoeAccessory,,,Right Shoe Accessory,Right Shoe Accessory,إكسسوار الحذاء الأيمن,Rechter-Schuh-Accessoire,Accesorio para zapato derecho,Accessoire chaussure droite,दाएँ पैर के जूते की ऐक्सेसरी,Aksesori Sepatu Kanan,Accessorio scarpa destra,右靴用アクセサリ,오른쪽 신발 장신구,Akcesorium – prawy but,Acessório de calçado direito,,ไอเท็มเสริมรองเท้าข้างขวา,Sağ Ayakkabı Aksesuarı,Phụ Kiện Giày Phải,右脚鞋配件,右脚鞋配件,右鞋飾品
Studio.Toolbox.General.AssetTypeDressSkirtAccessory,,,Dress Skirt Accessory,Dress Skirt Accessory,إكسسوار تنورة الفستان,Kleid-Rock-Accessoire,Accesorio para falda de vestir,Accessoire jupe robe,ड्रेस स्कर्ट की ऐक्सेसरी,Aksesori Rok Gaun,Accessorio gonna elegante,ワイシャツ用アクセサリ,원피스 치마 장신구,Akcesorium – sukienka i spódnica,Acessório de vestido,,ไอเท็มเสริมกระโปรงเดรส,Elbise Eteği Aksesuarı,Phụ Kiện Đầm & Chân Váy,套裙配件,套裙配件,裙子飾品
Studio.Toolbox.General.CategoryMyAnimations,,,My Animations,My Animations,الرسوم المتحركة الخاصة بي,Meine Animationen,Mis animaciones,Mes animations,मेरे ऐनिमेशन,Animasi Saya,Le mie animazioni,マイアニメーション,내 애니메이션,Moje animacje,Minhas animações,,แอนิเมชันของฉัน,Animasyonlarım,Hiệu Ứng Động Của Tôi,我的动画,我的动画,我的動畫
Studio.Toolbox.General.CategoryRecentAnimations,,,Recent Animations,Recent Animations,الحركات الأخيرة,Zuletzt verwendete Animationen,Animaciones recientes,Animations récentes,हाल ही के ऐनिमेशन,Animasi Terakhir,Animazioni recenti,最近のアニメーション,최근 애니메이션,Ostatnie animacje,Animações recentes,,แอนิเมชันล่าสุด,Son Animasyonlar,Hiệu Ứng Động Gần Đây,最近动画,最近动画,近期動畫
Studio.Toolbox.General.CategoryCreationsAnimations,,,Animations,Animations,الحركات,Animationen,Animaciones,Animations,ऐनिमेशंस,Animasi,Animazioni,アニメーション,애니메이션,Animacje,Animações,,แอนิเมชัน,Animasyonlar,Hiệu Ứng Động,动画,动画,動畫
Studio.Toolbox.General.CategoryGroupAnimations,,,Group Animations,Group Animations,حركات المجموعة,Gruppenanimationen,Animaciones del grupo,Animations de groupe,ग्रुप ऐनिमेशंस,Animasi Grup,Animazioni del gruppo,アニメーションをグループ化,그룹 애니메이션,Animacje grupy,Animações de grupo,,แอนิเมชันกลุ่ม,Grup Animasyonları,Hiệu Ứng Động Nhóm,群组动画,群组动画,群組動畫
Studio.Toolbox.General.RightClickMenuCopyMeshID,,,Copy Mesh ID,Copy Mesh ID,نسخ مُعرِّف أصل Mesh,Mesh-ID kopieren,Copiar ID de la malla,Copier l'ID de maillage,मेश ID को कॉपी करें,Salin ID Mesh,Copia l'ID mesh,メッシュIDをコピー,메시 ID 복사,Skopiuj identyfikator siatki,Copiar ID da malha,,คัดลอก ID เมช,Mesh kimliğini kopyala,Sao Chép ID Mesh,复制网格 ID,复制网格 ID,"複製網格 ID
"
Studio.Toolbox.General.RightClickMenuCopyTextureID,,,Copy Texture ID,Copy Texture ID,نسخ مُعرِّف الهيئة,Textur-ID kopieren,Copiar ID de la textura,Copier l'ID de texture,टेक्स्चर ID को कॉपी करें,Salin ID Tekstur,Copia l'ID texture,テクスチャIDをコピー,텍스처 ID 복사,Skopiuj identyfikator tekstury,Copiar ID da textura,,คัดลอก ID พื้นผิว,Doku kimliğini kopyala,Sao Chép ID Kết Cấu,复制纹理 ID,复制纹理 ID,複製紋理 ID
Studio.Toolbox.Common.InsertAborted,,,Not inserting asset {assetId} because it is invalid.,Not inserting asset {assetId} because it is invalid.,عدم إدراج الأصل {assetId} لأنه غير صالح.,"Objekt {assetId} wird nicht eingefügt, weil es ungültig ist.",No se insertará el recurso {assetId} porque no es válido.,L'élément {assetId} n'a pas été inséré car il n'est pas valide.,"ऐसेट {assetId} नहीं डाली जा रही है, क्योंकि यह अमान्य है.",Tidak memasukkan aset {assetId} karena tidak valid.,Non stai immettendo la risorsa {assetId} perché non è valida.,無効なためアセット {assetId} を挿入しません。,애셋 {assetId}(이)가 유효하지 않으므로 삽입되지 않습니다.,"Nie wstawiono zasobu {assetId}, ponieważ jest on nieprawidłowy.",Não é possível inserir {assetId} porque é inválido(a).,,ไม่ได้แทรกทรัพยากร {assetId} เนื่องจากไม่ถูกต้อง,"Varlık ({assetId}), geçersiz olduğu için eklenemiyor.",Không chèn tài sản {assetId} bởi vì tài sản không hợp lệ.,资源 {assetId} 无效，无法插入。,资源 {assetId} 无效，无法插入。,素材 {assetId} 無效，無法插入。
Studio.Toolbox.AssetPreview.PluginNotice,,,This plugin was created by a third party. Roblox does not guarantee its safety or quality.,This plugin was created by a third party. Roblox does not guarantee its safety or quality.,هذا المكون الإضافي أنشأه طرف ثالث. ولا تضمن Roblox سلامته أو جودته.,Dieses Plugin wurde von einem Dritten erstellt. Roblox übernimmt keine Garantie für seine Sicherheit oder Qualität.,Este plugin es de terceros. Roblox no garantiza su seguridad o calidad.,Ce plugin a été créé par un tiers. Roblox ne peut pas garantir sa sécurité ou sa qualité.,यह प्लग-इन किसी थर्ड पार्टी ने बनाया था. Roblox इसकी सुरक्षा या क्वालिटी की गारंटी नहीं देता है.,Plugin ini dibuat oleh pihak ketiga. Roblox tidak menjamin keamanan atau kualitasnya.,Questo plugin è stato creato da un terzo. Roblox non ne garantisce la sicurezza e la qualità.,このプラグインは第三者によって作成されました。Robloxはその安全性や品質を保証しません。,제삼자가 제작한 플러그인입니다. Roblox에서 안전이나 품질을 보장하지 않습니다.,Ten dodatek plug-in został utworzony przez stronę trzecią. Roblox nie udziela gwarancji co do jego jakości i bezpieczeństwa używania go.,Este plugin foi criado por terceiros. A Roblox não garante a sua segurança ou qualidade.,,ปลั๊กอินนี้สร้างขึ้นโดยบุคคลภายนอก Roblox จะไม่รับรองความปลอดภัยหรือคุณภาพ,"Bu eklenti, üçüncü bir taraf tarafından oluşturuldu. Roblox, eklentinin güvenliğini ya da kalitesini garanti etmez.",Plugin này được tạo bởi một bên thứ ba. Roblox không đảm bảo độ an toàn hay chất lượng của plugin này.,此插件由第三方制作。Roblox 不保证其安全性或品质。,此插件由第三方制作。Roblox 不保证其安全性或品质。,此外掛程式由第三方製作，Roblox 無法擔保其安全性或品質。
Studio.Toolbox.General.VerifiedCreatorBadgeTooltipText,,,Creator is ID verified,Creator is ID verified,تم التحقق من هوية المصمم,Creator ist identitätsverifiziert,Creador verificado con ID,L'ID de créateur a été vérifié,क्रिएटर की ID वेरिफ़ाइड है,Kreator telah diverifikasi identitasnya,ID del creatore verificato,クリエーターのIDは認証済みです,크리에이터 본인 인증 완료,Twórca zweryfikowany dowodem tożsamości,A identidade do criador foi verificada,,ครีเอเตอร์ได้รับการตรวจสอบยืนยัน ID แล้ว,Kimliği doğrulanmış,Nhà sáng tạo đã xác minh ID,创作者已通过 ID 验证,创作者已通过 ID 验证,創作者已經過 ID 驗證
Studio.Toolbox.ScriptWarning.DontShowAgain,,,Don't show this again.,Don't show this again.,لا تظهر هذا مرة أخرى.,Nicht erneut anzeigen.,No volver a mostrar esto.,Ne plus afficher ceci.,इसे फिर से न दिखाएँ.,Jangan tampilkan ini lagi.,Non mostrarlo più.,次回から表示しない。,다시 표시하지 않습니다.,Nie pokazuj tego ponownie.,Não mostrar isto novamente.,,ไม่ต้องแสดงสิ่งนี้อีก,Bunu tekrar gösterme.,Không hiển thị lại cảnh báo này.,不要再显示。,不要再显示。,不要再顯示。
Studio.Toolbox.ScriptWarning.DetailText,,,{assetName} includes {numScripts:int} script(s).,{assetName} includes {numScripts:int} script(s).,{assetName} يتضمن {numScripts:int} برنامج (برامج) نصية.,{assetName} enthält {numScripts:int} Skript(e).,{assetName} incluye {numScripts:int} script(s).,{assetName} inclut {numScripts:int} script(s).,{assetName} में {numScripts:int} स्क्रिप्ट शामिल है (हैं).,{assetName} mencakup {numScripts:int} skrip.,{assetName} contiene {numScripts:int} script.,{assetName} には {numScripts:int} 個のスクリプトが含まれています。,{assetName}에는 {numScripts:int} 스크립트가 포함되어 있습니다.,Zasób {assetName} obejmuje następującą liczbę skryptów: {numScripts:int}.,{assetName} inclui {numScripts:int} script(s).,,{assetName} มีสคริปต์ {numScripts:int} รายการ,"{assetName}, {numScripts:int} betik içeriyor.",{assetName} bao gồm {numScripts:int} kịch bản.,{assetName} 包含 {numScripts:int} 个脚本。,{assetName} 包含 {numScripts:int} 个脚本。,{assetName} 包括 {numScripts:int} 個指令碼。
Studio.Toolbox.ScriptWarning.InstructionText,,,Please review the scripts to prevent unwanted changes to your experience.,Please review the scripts to prevent unwanted changes to your experience.,يرجى مراجعة النصوص البرمجية لمنع التغييرات غير المرغوب فيها في تجربتك.,"Bitte überprüfe die Skripte, um unerwünschte Änderungen an deinem Erlebnis zu verhindern.",Revisa los scripts para evitar cambios no deseados en tu experiencia.,Vérifier les scripts pour éviter tout changement indésirable dans votre expérience.,कृपया अपने एक्सपीरिएंस में अनचाहे बदलावों को रोकने के लिए स्क्रिप्ट्स को रिव्यू करें.,Periksa skrip agar tidak ada perubahan yang tidak diinginkan dalam pengalaman virtualmu.,Verifica gli script per evitare modifiche indesiderate alla tua esperienza.,あなたのバーチャル空間への望まない変更を防ぐために、スクリプトを確認してください。,원하지 않는 체험 변경을 방지하려면 스크립트를 검토하세요.,"Sprawdź te skrypty, aby zapobiec wprowadzeniu niepożądanych zmian w twoim projekcie.",Revise os scripts para evitar alterações indesejadas na sua experiência.,,โปรดตรวจสอบสคริปต์เพื่อป้องกันการเปลี่ยนแปลงอันไม่พึงประสงค์ต่อประสบการณ์ของคุณ,Deneyiminde istemediğin değişiklikleri önlemek için lütfen betikleri gözden geçir.,Vui lòng xem lại các kịch bản để tránh những thay đổi không mong muốn đối với trải nghiệm của bạn.,请检查脚本，以防止对你的作品作出预期外的更改。,请检查脚本，以防止对你的作品作出预期外的更改。,請檢查指令碼，避免對體驗做出預期外的變更。
Studio.Toolbox.ScriptWarning.InstructionText2,,,You can disable scripts by right-clicking in Explorer.,You can disable scripts by right-clicking in Explorer.,يمكنك تعطيل النصوص البرمجية بالضغط بزر الماوس الأيمن في المستكشف.,Du kannst Skripte durch einen Rechtsklick im Explorer deaktivieren.,Puedes desactivar los scripts haciendo clic derecho en el Explorador.,Faites un clic droit dans Explorer pour désactiver les scripts.,एक्सप्लोरर में राइट-क्लिक करके स्क्रिप्ट्स बंद की जा सकती हैं.,Kamu bisa menonaktifkan skrip dengan mengklik kanan di Eksplorer.,Puoi disabilitare gli script facendo clic destro in Esploratore.,エクスプローラで右クリックするとスクリプトを無効にできます。,탐색기에서 마우스 오른쪽 버튼을 클릭하면 스크립트를 비활성화할 수 있습니다.,"Możesz wyłączyć skrypty, klikając prawym przyciskiem w eksploratorze.",Você pode desativar scripts clicando com o botão direito no Explorer.,,คุณสามารถปิดใช้งานสคริปต์ได้โดยการคลิกขวาในการสำรวจ,Betikleri Gezgin'de sağ tıklayarak devre dışı bırakabilirsin.,Bạn có thể tắt các kịch bản bằng cách nhấp chuột phải vào Cửa Sổ Khám Phá.,您可以在项目管理器中通过点按右键来禁用脚本。,您可以在项目管理器中通过点按右键来禁用脚本。,您可以在總管點擊右鍵停用指令碼。
Studio.Toolbox.Subcategory.ModelStructureTreehouse,,,Treehouse,Treehouse,بيت الشجرة,Baumhaus,Casa del árbol,Cabane dans les arbres,ट्रीहाउस,Rumah Pohon,Casa sull'albero,ツリーハウス,트리하우스,Domek na drzewie,Casa na árvore,,บ้านต้นไม้,Ağaç Ev,Nhà Trên Cây,树屋,树屋,樹屋
Studio.Toolbox.Subcategory.ModelStructureHouse,,,House,House,بيت,Haus,Casa,Maison,घर,Rumah,Casa,家,집,Dom,Casa,Дом,บ้าน,Ev,Nhà,房子,房子,房子
Studio.Toolbox.Subcategory.ModelStructureApartment,,,Apartment,Apartment,شقة,Wohnung,Departamento,Appartement,अपार्टमेंट,Apartemen,Appartamento,アパート,아파트,Mieszkanie,Apartamento,Квартира,อพาร์ตเมนต์,Apartman,Căn Hộ,公寓,公寓,公寓
Studio.Toolbox.Subcategory.ModelStructureMansion,,,Mansion,Mansion,قصر,Villa,Mansión,Manoir,कोठी,Rumah Besar,Villa,豪邸,저택,Willa,Mansão,Особняк,คฤหาสน์,Köşk,Biệt Thự,豪宅,豪宅,豪宅
Studio.Toolbox.Subcategory.ModelStructureTownhouse,,,Townhouse,Townhouse,تاون هاوس,Stadthaus,Casa adosada,Maison de ville,टाउनहाउस,Townhouse,Casa di città,タウンハウス,타운하우스,Rezydencja miejska,Condomínio,Таунхаус,ทาวน์เฮาส์,Konak,Nhà Phố,联排别墅,联排别墅,獨棟屋
Studio.Toolbox.Subcategory.ModelStructureOffice,,,Office,Office,مكتب,Büro,Oficina,Bureau,ऑफ़िस,Kantor,Ufficio,オフィス,사무실,Biuro,Escritório,Офис,ออฟฟิศ,Ofis,Văn Phòng,办公室,办公室,辦公室
Studio.Toolbox.Subcategory.ModelStructureMilitaryBase,,,Military Base,Military Base,قاعدة عسكرية,Militärbasis,Base militar,Base militaire,मिलिट्री बेस,Pangkalan Militer,Base militare,軍事基地,군사 기지,Baza wojskowa,Base militar,Военная база,ฐานทัพทหาร,Askerî Üs,Căn Cứ Quân Sự,军事基地,军事基地,軍事基地
Studio.Toolbox.Subcategory.ModelStructureLab,,,Lab,Lab,المختبر,Labor,Laboratorio,Laboratoire,लैब,Laboratorium,Laboratorio,研究所,실험실,Laboratorium,Laboratório,Лаборатория,ห้องทดลอง,Laboratuvar,Phòng Thí Nghiệm,实验室,实验室,實驗室
Studio.Toolbox.Subcategory.ModelStructureRoads,,,Roads,Roads,الطرق,Straßen,Calles,Routes,सड़कें,Jalan,Strade,道路,도로,Drogi,Estradas,Дороги,ถนน,Yollar,Đường,道路,道路,道路
Studio.Toolbox.Subcategory.ModelStructureRoadSigns,,,Road Signs,Road Signs,إشارات الطريق,Straßenschilder,Señales de tráfico,Panneaux routiers,रोड साइन,Rambu Jalan,Cartelli stradali,道路標識,도로 표지판,Znaki drogowe,Sinais de trânsito,Дорожные знаки,ป้ายจราจร,Trafik İşaretleri,Biển Báo Giao Thông,路标,路标,路標
Studio.Toolbox.Subcategory.ModelStructureRailroad,,,Railroad,Railroad,السكك الحديدية,Eisenbahn,Ferrocarril,Chemin de fer,रेलमार्ग,Jalur Rel,Ferrovia,鉄道,철도,Tory kolejowe,Ferrovia,Железная дорога,รางรถไฟ,Demir Yolu,Đường Sắt,铁路,铁路,鐵路
Studio.Toolbox.Subcategory.ModelStructureStore,,,Store,Store,المتجر,Shop,Tienda,Boutique,स्टोर,Toko,Negozio,ストア,상점,Sklep,Loja,Магазин,ร้านค้า,Mağaza,Cửa Hàng,商店,商店,商店
Studio.Toolbox.Subcategory.ModelStructureRestaurant,,,Restaurant,Restaurant,المطعم,Restaurant,Restaurante,Restaurant,रेस्टोरेंट,Restoran,Ristorante,レストラン,식당,Restauracja,Restaurante,Ресторан,ร้านอาหาร,Restoran,Nhà Hàng,餐厅,餐厅,餐廳
Studio.Toolbox.Subcategory.ModelStructureClub,,,Club,Club,النادي,Club,Club,Club,क्लब,Klub,Discoteca,クラブ,클럽,Klub,Clube,Клуб,คลับ,Kulüp,Câu Lạc Bộ,俱乐部,俱乐部,俱樂部
Studio.Toolbox.Subcategory.ModelStructure,,,Structure,Structure,هيكل,Struktur,Estructura,Structure,स्ट्रक्चर,Struktur,Struttura,構造,건축물,Struktura,Estrutura,,สิ่งปลูกสร้าง,Yapı,Cấu Trúc,建造,建造,建築
Studio.Toolbox.Subcategory.ModelVehicleCar,,,Car,Car,سيارة,Auto,Coche,Voiture,कार,Mobil,Auto,車,자동차,Samochód,Carro,,รถยนต์,Araba,Xe Hơi,汽车,汽车,汽車
Studio.Toolbox.Subcategory.ModelVehicleBoat,,,Boat,Boat,قارب,Boot,Barco,Bateau,नाव,Perahu,Barca,ボート,배,Łódź,Barco,,เรือ,Tekne,Thuyền,船只,船只,船
Studio.Toolbox.Subcategory.ModelVehiclePlane,,,Plane,Plane,طائرة,Flugzeug,Avión,Avion,हवाई जहाज़,Pesawat,Aeroplano,飛行機,비행기,Samolot,Avião,,เครื่องบิน,Uçak,Máy Bay,飞机,飞机,飛機
Studio.Toolbox.Subcategory.ModelVehicleHelicopter,,,Helicopter,Helicopter,طائرة هليكوبتر,Hubschrauber,Helicóptero,Hélicoptère,हेलीकॉप्टर,Helikopter,Elicottero,ヘリコプター,헬리콥터,Helikopter,Helicóptero,,เฮลิคอปเตอร์,Helikopter,Trực Thăng,直升机,直升机,直升機
Studio.Toolbox.Subcategory.ModelVehicleSpaceship,,,Spaceship,Spaceship,مركبة فضائية,Raumschiff,Nave espacial,Vaisseau spatial,स्पेसशिप,Pesawat Ruang Angkasa,Astronave,宇宙船,우주선,Statek kosmiczny,Nave espacial,,ยานอวกาศ,Uzay Gemisi,Tàu Vũ Trụ,宇宙飞船,宇宙飞船,太空梭
Studio.Toolbox.Subcategory.ModelVehicleTank,,,Tank,Tank,دبابة,Panzer,Tanque,Tank,टैंक,Tank,Carro armato,タンカー,탱크,Czołg,Tanque,,รถถัง,Tank,Xe Tăng,坦克,坦克,坦克車
Studio.Toolbox.Subcategory.ModelVehicleSubmarine,,,Submarine,Submarine,غواصة,U-Boot,Submarino,Sous-marin,सबमरीन,Kapal Selam,Sottomarino,潜水艦,잠수함,Okręt podwodny,Submarino,,เรือดำน้ำ,Denizaltı,Tàu Ngầm,潜水艇,潜水艇,潛水艇
Studio.Toolbox.Subcategory.ModelVehicleTrain,,,Train,Train,القطار,Zug,Tren,Train,ट्रेन,Kereta Api,Treno,電車,기차,Pociąg,Trem,,รถไฟ,Tren,Xe Lửa,火车,火车,火車
Studio.Toolbox.Subcategory.ModelVehicle,,,Vehicle,Vehicle,مركبة,Fahrzeug,Vehículo,Véhicule,गाड़ी,Kendaraan,Veicolo,乗り物,탈것,Pojazd,Veículo,,ยานพาหนะ,Araç,Phương Tiện,交通工具,交通工具,交通工具
Studio.Toolbox.Subcategory.ModelLight,,,Light,Light,خفيف,Licht,Luz,Lumière,लाइट,Cahaya,Luce,照明,조명,Oświetlenie,Luz,,แสงสว่าง,Işık,Ánh Sáng,灯光,灯光,燈光
Studio.Toolbox.Subcategory.ModelTechComputer,,,Computer,Computer,جهاز كمبيوتر,Computer,Computadora,Ordinateur,कंप्यूटर,Komputer,Computer,パソコン,컴퓨터,Komputer,Computador,,คอมพิวเตอร์,Bilgisayar,Máy Tính,电脑,电脑,電腦
Studio.Toolbox.Subcategory.ModelTechTelevision,,,Television,Television,تلفزيون,Fernseher,Televisión,Télévision,टेलीविज़न,Televisi,Televisore,テレビ,텔레비전,Telewizor,Televisão,,โทรทัศน์,Televizyon,Truyền Hình,电视,电视,電視
Studio.Toolbox.Subcategory.ModelTechPhone,,,Phone,Phone,الهاتف,Telefon,Teléfono,Téléphone,फ़ोन,Ponsel,Telefono,電話,전화기,Telefon,Telefone,Телефон,โทรศัพท์,Telefon,Điện Thoại,电话,电话,電話
Studio.Toolbox.Subcategory.ModelTechBag,,,Bag,Bag,الحقيبة,Tasche,Bolsa,Sac,बैग,Tas,Borsa,バッグ,가방,Torba,Bolsa,Сумка,กระเป๋า,Çanta,Túi,背包,背包,背包
Studio.Toolbox.Subcategory.ModelTech,,,Tech,Tech,التكنولوجيا,Technologie,Tecnología,Tech,टेक,Teknologi,Tecnologia,テクノロジー,기술,Technologie,Tecnologia,Техника,เทคโนโลยี,Teknoloji,Công Nghệ,科技,科技,科技
Studio.Toolbox.Subcategory.ModelWeaponsGun,,,Gun,Gun,البندقية,Pistole,Pistola,Arme,बंदूक,Senapan,Arma da fuoco,銃,총,Broń palna,Arma,Пистолет,ปืน,Silah,Súng,枪,枪,槍
Studio.Toolbox.Subcategory.ModelWeaponsSword,,,Sword,Sword,السيف,Schwert,Espada,Épée,तलवार,Pedang,Spada,剣,검,Miecz,Espada,Меч,ดาบ,Kılıç,Gươm,剑,剑,劍
Studio.Toolbox.Subcategory.ModelWeaponsKnife,,,Knife,Knife,السكين,Messer,Cuchillo,Couteau,चाकू,Pisau,Coltello,ナイフ,칼,Nóż,Faca,Нож,มีด,Bıçak,Dao,刀,刀,刀
Studio.Toolbox.Subcategory.ModelWeaponsShield,,,Shield,Shield,الدرع,Schild,Escudo,Bouclier,शील्ड,Perisai,Scudo,盾,방패,Tarcza,Escudo,Щит,โล่,Kalkan,Khiên,盾,盾,盾
Studio.Toolbox.Subcategory.ModelWeaponsBat,,,Bat,Bat,خفاش,Schläger,Bate,Batte,चमगादड़,Pemukul Bisbol,Mazza,バット,방망이,Kij,Bastão,Бита,ไม้ตี,Sopa,Dơi,棍棒,棍棒,棍棒
Studio.Toolbox.Subcategory.ModelWeapons,,,Weapons,Weapons,الأسلحة,Waffen,Armas,Armes,हथियार,Senjata,Armi,武器,무기,Broń,Armas,Оружие,อาวุธ,Silahlar,Vũ Khí,武器,武器,武器
Studio.Toolbox.Subcategory.ModelLandscapeTree,,,Tree,Tree,شجرة,Baum,Árbol,Arbre,पेड़,Pohon,Albero,木,나무,Drzewo,Árvore,Дерево,ต้นไม้,Ağaç,Cây,树木,树木,樹
Studio.Toolbox.Subcategory.ModelLandscapeSnow,,,Snow,Snow,ثلج,Schnee,Nieve,Neige,बर्फ़,Salju,Neve,雪,눈,Śnieg,Neve,Снег,หิมะ,Kar,Tuyết,雪,雪,雪
Studio.Toolbox.Subcategory.ModelLandscapeSand,,,Sand,Sand,رمل,Sand,Arena,Sable,रेत,Pasir,Sabbia,砂,모래,Piasek,Areia,Песок,ทราย,Kum,Cát,沙,沙,沙
Studio.Toolbox.Subcategory.ModelLandscapeGrass,,,Grass,Grass,العشب,Gras,Pasto,Herbe,घास,Rumput,Erba,草,잔디,Trawa,Grama,Трава,หญ้า,Çim,Cỏ,草地,草地,草
Studio.Toolbox.Subcategory.ModelLandscapeSkybox,,,Skybox,Skybox,Skybox,Skybox,Skybox,Boîte du ciel,स्काईबॉक्स,Skybox,Skybox,スカイボックス,스카이박스,Niebo,Skybox,VIP-ложа,ท้องฟ้าจำลอง,Skybox,Skybox,天空盒,天空盒,天空盒
Studio.Toolbox.Subcategory.ModelLandscapeRock,,,Rock,Rock,موسيقى الروك,Fels,Piedra,Roche,चट्टान,Batuan,Pietra,岩,바위,Skała,Rocha,Камень,หิน,Kaya,Đá Tảng,岩石,岩石,岩石
Studio.Toolbox.Subcategory.ModelLandscapeMountain,,,Mountain,Mountain,جبل,Berg,Montaña,Montagne,पहाड़,Gunung,Montagna,山,산,Góra,Montanha,Гора,ภูเขา,Dağ,Núi,山脉,山脉,山脈
Studio.Toolbox.Subcategory.ModelLandscapeWater,,,Water,Water,الماء,Wasser,Agua,Eau,पानी,Air,Acqua,水,물,Woda,Água,Вода,น้ำ,Su,Nước,水域,水域,水域
Studio.Toolbox.Subcategory.ModelLandscape,,,Landscape,Landscape,أفقي,Landschaft,Paisaje,Paysage,लैंडस्केप,Lanskap,Panorama,景観,조경,Krajobraz,Paisagem,Ландшафт,ภูมิทัศน์,Peyzaj,Cảnh Quan,景观,景观,地域
Studio.Toolbox.Subcategory.ModelFurnitureComputer,,,Computer,Computer,جهاز كمبيوتر,Computer,Computadora,Ordinateur,कंप्यूटर,Komputer,Computer,パソコン,컴퓨터,Komputer,Computador,Компьютер,คอมพิวเตอร์,Bilgisayar,Máy Tính,电脑,电脑,電腦
Studio.Toolbox.Subcategory.ModelFurnitureTelevision,,,Television,Television,تلفزيون,Fernseher,Televisión,Téléviseur,टेलीविज़न,Televisi,Televisore,テレビ,텔레비전,Telewizor,Televisão,Телевидение,โทรทัศน์,Televizyon,Truyền Hình,电视,电视,電視
Studio.Toolbox.Subcategory.ModelFurniturePhone,,,Phone,Phone,الهاتف,Telefon,Teléfono,Téléphone,फ़ोन,Ponsel,Telefono,電話,전화기,Telefon,Telefone,Телефон,โทรศัพท์,Telefon,Điện Thoại,电话,电话,電話
Studio.Toolbox.Subcategory.ModelFurnitureCouch,,,Couch,Couch,أريكة,Couch,Sofá,Canapé,काउच,Sofa,Divano,ソファ,소파,Kanapa,Sofá,Диван,โซฟา,Kanepe,Đi Văng,沙发,沙发,沙發
Studio.Toolbox.Subcategory.ModelFurnitureChair,,,Chair,Chair,كرسي,Stuhl,Silla,Chaise,कुर्सी,Kursi,Sedia,イス,의자,Krzesło,Cadeira,Стул,เก้าอี้,Sandalye,Ghế,椅子,椅子,椅子
Studio.Toolbox.Subcategory.ModelFurnitureBed,,,Bed,Bed,سرير,Bett,Cama,Lit,बेड,Tempat Tidur,Letto,ベッド,침대,Łóżko,Cama,Кровать,เตียง,Yatak,Giường,床,床,床
Studio.Toolbox.Subcategory.ModelFurnitureToilet,,,Toilet,Toilet,المرحاض,Toilette,Baño,Toilettes,टॉयलेट,Toilet,Bagno,トイレ,변기,Toaleta,Banheiro,Туалет,สุขา,Tuvalet,Nhà Vệ Sinh,厕所,厕所,廁所
Studio.Toolbox.Subcategory.ModelFurnitureBathtub,,,Bathtub,Bathtub,حوض الاستحمام,Badewanne,Bañera,Baignoire,बाथटब,Bak Mandi,Vasca da bagno,バスタブ,욕조,Wanna,Banheira,Ванная,อ่างอาบน้ำ,Küvet,Bồn Tắm,浴缸,浴缸,浴缸
Studio.Toolbox.Subcategory.ModelFurnitureSink,,,Sink,Sink,حوض,Waschbecken,Lavabo,Évier,सिंक,Wastafel,Lavandino,流し台,세면대,Umywalka,Pia,Раковина,อ่าง,Lavabo,Bồn Rửa Chén,水池,水池,臉盆
Studio.Toolbox.Subcategory.ModelFurniture,,,Furniture,Furniture,أثاث,Möbel,Muebles,Meuble,फ़र्नीचर,Furnitur,Mobili,家具,가구,Meble,Móveis,Мебель,เฟอร์นิเจอร์,Mobilya,Đồ Nội Thất,家具,家具,家具
Studio.Toolbox.Subcategory.Model,,,Model,Model,النموذج,Modell,Modelo,Modèle,मॉडल,Model,Modello,モデル,모델,Model,Modelo,Модель,โมเดล,Model,Mô Hình,模型,模型,模型
Studio.Toolbox.Subcategory.AudioMusicScoresOrchestral,,,Scores & Orchestral,Scores & Orchestral,الدرجات الموسيقية والأوركسترا,Titelmusik & Orchester,Partitura y Orquesta,Partitions et orchestration,संगीत और ऑर्केस्ट्रा,Soundtrack & Orkestra,Colonne sonore e orchestra,管弦楽とオーケストラ,악보 및 오케스트라,Instrumentalna i w wykonaniu orkiestry,Pontuações e Orquestrais,Партитура и оркестр,โน้ตเพลงและออร์เคสตรา,Film ve Orkestra,Nhạc Phim & Nhạc Giao Hưởng,乐曲和管弦乐队,乐曲和管弦乐队,樂曲和管弦樂
Studio.Toolbox.Subcategory.AudioMusicRock,,,Rock,Rock,موسيقى الروك,Rock,Rock,Rock,चट्टान,Rock,Rock,ロック,록,Rock,Rock,Рок,ร็อค,Rock,Rock,摇滚,摇滚,搖滾
Studio.Toolbox.Subcategory.AudioMusicElectronic,,,Electronic,Electronic,الموسيقى الإلكترونية,Electronic,Electrónica,Électronique,इलेक्ट्रॉनिक,Elektronik,Elettronica,エレクトロニック,일렉트로닉,Elektroniczna,Eletrônica,Электронная,อิเล็กทรอนิก,Elektronik,Điện Tử,电音,电音,電音
Studio.Toolbox.Subcategory.AudioMusicPop,,,Pop,Pop,موسيقى البوب,Pop,Pop,Pop,पॉप,Pop,Pop,ポップス,팝,Pop,Pop,Поп,ป๊อป,Pop,Pop,流行,流行,流行
Studio.Toolbox.Subcategory.AudioMusicAtmosphere,,,Atmosphere,Atmosphere,موسيقى أتموسفير,Atmosphäre,Atmósfera,Atmosphérique,माहौल,Atmosfer,Atmosfera,ムード音楽,애트모스피어,Nastrojowa,Ambiente,Атмосфера,บรรยากาศ,Atmosfer,Khí Quyển,气氛,气氛,氣氛
Studio.Toolbox.Subcategory.AudioMusicCorporate,,,Corporate,Corporate,الشركات,Unternehmen,Empresarial,Entreprise,कॉर्पोरेट,Korporat,Corporate,コーポレート,코퍼레이트,Korporacyjna,Corporativo,Корпоративный,คอร์เปอเรต,Kurumsal,Doanh Nghiệp,企业,企业,企業
Studio.Toolbox.Subcategory.AudioMusicClassical,,,Classical,Classical,كلاسيكية,Klassik,Clásica,Classique,क्लासिकल,Klasik,Classica,クラシック,클래식,Klasyczna,Clássico,Классический,คลาสสิก,Klasik,Cổ Điển,古典,古典,古典
Studio.Toolbox.Subcategory.AudioMusicJazz,,,Jazz,Jazz,الجاز,Jazz,Jazz,Jazz,जैज़,Jazz,Jazz,ジャズ,재즈,Jazz,Jazz,Джаз,แจ๊ส,Caz,Nhạc Jazz,爵士,爵士,爵士
Studio.Toolbox.Subcategory.AudioMusicEthnicFolk,,,Ethnic Folk,Ethnic Folk,الفولكلور العرقي,Ethnic Folk,Folk étnico,Folk ethnique,एथनिक फ़ोक,Folk Etnik,Folk etnico,民族音楽,에스닉 포크,Etniczna i folkowa,Folk étnico,Этнический народный,โฟล์กพื้นเมือง,Etnik Halk,Dân Ca,民族民谣,民族民谣,民族民謠
Studio.Toolbox.Subcategory.AudioMusicChildren,,,Children,Children,الأطفال,Kinder,Infantil,Enfants,बच्चे,Anak-Anak,Per bambini,子供向け,어린이,Dla dzieci,Crianças,Дети,เด็กๆ,Çocuk,Thiếu Nhi,儿童,儿童,兒童
Studio.Toolbox.Subcategory.AudioMusicWorldBeat,,,World Beat,World Beat,الموسيقى العالمية,World Beat,World Beat,World Beat,वर्ल्ड बीट,World Beat,World beat,ワールドビート,월드 비트,Worldbeat,World Beat,Мировые биты,เวิลด์บีต,Dünyadan Sesler,Nhạc Thế Giới,世界节奏,世界节奏,世界節奏
Studio.Toolbox.Subcategory.AudioMusicEasyListening,,,Easy Listening,Easy Listening,موسيقى هادئة,Einfaches Zuhören,Música fácil de escuchar,Musique d'ambiance,सुगम संगीत,Musik Ringan,Di facile ascolto,イージーリスニング,이지 리스닝,Easy Listening,Música suave,Простое слушание,ฟังสบาย,Hafif,Easy Listening,轻音乐,轻音乐,輕音樂
Studio.Toolbox.Subcategory.AudioMusicFolkContemporary,,,Folk Contemporary,Folk Contemporary,الفولكلور المعاصر,Folk Contemporary,Folk contemporáneo,Folk contemporain,फ़ोक कंटेम्पररी,Folk Kontemporer,Folk contemporaneo,コンテンポラリーフォーク,포크 컨템퍼러리,Folkowa współczesna,Folk contemporâneo,Современный фолк,โฟล์กร่วมสมัย,Modern Halk,Dân Gian Đương Đại,流行民谣,流行民谣,流行民謠
Studio.Toolbox.Subcategory.AudioMusicHipHopUrban,,,Hip Hop & Urban,Hip Hop & Urban,موسيقى الهيب هوب والموسيقى الحضرية,Hip-Hop & Urban,Hip Hop y urbano,Hip-hop et musique urbaine,हिप हॉप और अर्बन,Hip Hop & Urban,Hip hop e urban,ヒップホップとアーバン,힙합 및 어번,Hip Hop i Urban,Hip hop e urbano,Хип-xоп и горосдкая,ฮิปฮอปและเออร์เบิน,Hip Hop ve Sokak,Hip Hop & Đô Thị,嘻哈和都市,嘻哈和都市,嘻哈和都市
Studio.Toolbox.Subcategory.AudioMusicKitschRetro,,,Kitsch & Retro,Kitsch & Retro,كيتش وريترو,Kitsch & Retro,Kitsch y Retro,Kitsch et rétro,किच और रेट्रो,Kitsch & Retro,Kitsch e retrò,キッチュ＆レトロ,키치 및 레트로,Kicz i retro,Kitsch & Retro,Китч и ретро,คิตช์และเรโทร,Kitsch ve Retro,Kitsch & Retro,通俗与复古,通俗与复古,媚俗和復古
Studio.Toolbox.Subcategory.AudioMusicFunkSoulRB,,,"Funk, Soul, R&B","Funk, Soul, R&B",الفونك، السول، الريذم أند بلوز,"Funk, Soul, R&B","Funk, Soul y R&B","Funk, soul, R&B","फ़ंक, सोल, R&B","Funk, Soul, R&B","Funk, Soul, R&B",ファンク、ソウル、R&B,"펑크, 소울, R&B","Funk, Soul, R&B","Funk, Soul, R&B","Фанк, соул и R&B","ฟังก์, โซล, R&B","Funk, Soul, R&B","Nhạc Funk, Soul, R&B",放克、灵魂和 R&B,放克、灵魂和 R&B,放克、靈魂、R&B
Studio.Toolbox.Subcategory.AudioMusicCountry,,,Country,Country,موسيقى كانتري,Country,Country,Country,कंट्री,Country,Country,カントリー,컨트리,Country,Country,Кантри,คันทรี,Country,Nhạc Đồng Quê,乡村,乡村,鄉村
Studio.Toolbox.Subcategory.AudioMusicLatin,,,Latin,Latin,الموسيقى اللاتينية,Latin,Latina,Latine,लैटिन,Latin,Latin,ラテン,라틴,Latino,Latina,Латинская,ละติน,Latin,La Tinh,拉丁,拉丁,拉丁
Studio.Toolbox.Subcategory.AudioMusicEthnicPop,,,Ethnic Pop,Ethnic Pop,البوب العرقي,Ethnic Pop,Pop étnico,Pop ethnique,एथनिक पॉप,Pop Etnik,Pop etnico,エスニックポップ,에스닉 팝,Etno-pop,Pop étnico,Этнический поп,ป๊อปพื้นเมือง,Etnik Pop,Nhạc Pop Âm Hưởng Dân Tộc,民族流行,民族流行,民族流行
Studio.Toolbox.Subcategory.AudioMusicBlues,,,Blues,Blues,موسيقى البلوز,Blues,Blues,Bleus,ब्लूज़,Blues,Blues,ブルース,블루스,Blues,Blues,Блюз,บลูส์,Blues,Nhạc Blues,蓝调,蓝调,藍調
Studio.Toolbox.Subcategory.AudioMusicReligious,,,Religious,Religious,الموسيقى الدينية,Religiös,Religiosa,Religieuse,धार्मिक,Religi,Religiosa,宗教,종교,Religijna,Religiosa,Религиозная,ศาสนา,Dinî,Tôn giáo,宗教,宗教,宗教
Studio.Toolbox.Subcategory.AudioMusicDanceTraditional,,,Dance Traditional,Dance Traditional,الرقص التقليدي,Traditioneller Tanz,Baile tradicional,Danse traditionnelle,डांस ट्रेडिशनल,Tari Tradisional,Dance tradizionale,フォークダンス,댄스 트래디셔널,Tradycyjna taneczna,Dance tradicional,,แดนซ์พื้นบ้าน,Geleneksel Dans,Điệu Nhảy Truyền Thống,传统舞蹈,传统舞蹈,傳統舞蹈
Studio.Toolbox.Subcategory.AudioMusicMarchesMilitary,,,Marches Military,Marches Military,المسيرات العسكرية,Märsche & Militär,Marcha militar,Marche militaire,मार्च मिलिट्री,Pawai Militer,Marcia militare,行進曲とミリタリー,군대 행진곡,Marsze wojskowe,Marchas militares,,มาร์ชทหาร,Ordu Marşları,Hành Khúc & Quân Đội,进行曲,进行曲,進行曲
Studio.Toolbox.Subcategory.AudioMusic,,,Music,Music,الموسيقى,Musik,Música,Musique,म्यूज़िक,Musik,Musica,音楽,음악,Muzyka,Música,,ดนตรี,Müzik,Âm Nhạc,音乐,音乐,音樂
Studio.Toolbox.Subcategory.Audio,,,Audio,Audio,الصوت,Audio,Audio,Audio,ऑडियो,Audio,Audio,オーディオ,오디오,Dźwięk,Áudio,,เสียง,Ses,Âm Thanh,音频,音频,音訊
Studio.Toolbox.General.HasScripts,,,Has scripts,Has scripts,يحتوي على نصوص برمجية,Hat Skripte,Tiene scripts,A des scripts,स्क्रिप्ट्स हैं,Memiliki skrip,Con script,スクリプトあり,스크립트 있음,Zawiera skrypty,Possui scripts,,มีสคริปต์,Betik içerir,Có kịch bản,包含脚本,包含脚本,有指令碼
Studio.Toolbox.General.AllModels,,,All Models,All Models,كل النماذج,Alle Modelle,Todos los modelos,Tous les modèles,सभी मॉडल्स,Semua Model,Tutti i modelli,すべてのモデル,전체 모델,Wszystkie modele,Todos os modelos,,โมเดลทั้งหมด,Tüm Modeller,Tất Cả Mô Hình,所有模型,所有模型,所有模型
Studio.Toolbox.HomeView.SeeAll,,,See All,See All,عرض الكل,Alles anzeigen,Ver todo,Tout voir,सभी देखें,Lihat Semua,Vedi tutto,すべて見る,모두 보기,Zobacz wszystko,Ver tudo,,ดูทั้งหมด,Tümünü gör,Xem Tất Cả,查看全部,查看全部,查看全部
Studio.Toolbox.HomeView.Results,,,{total} Results,{total} Results,{total} نتائج,{total} Ergebnisse,{total} resultados,{total} Résultats,{total} रिज़ल्ट्स,{total} Hasil,{total} risultati,{total} 件の結果,결과 {total},Liczba wyników: {total},{total} Resultados,,ผลลัพธ์ {total} รายการ,{total} Sonuç,{total} Kết Quả,{total} 个结果,{total} 个结果,{total} 個結果
Studio.Toolbox.General.Cancel,,,Cancel,Cancel,إلغاء,Abbrechen,Cancelar,Annuler,कैंसिल करें,Batalkan,Annulla,キャンセル,취소,Anuluj,Cancelar,,ยกเลิก,İptal,Hủy Bỏ,取消,取消,取消
Studio.Toolbox.General.GoBack,,,Go Back,Go Back,الرجوع,Zurück,Volver,Retour,वापस जाएँ,Kembali,Indietro,戻る,돌아가기,Wstecz,Voltar,,ย้อนกลับ,Geri dön,Quay Lại,返回,返回,返回
Studio.Toolbox.General.DistributeOnMarketplace,,,Distribute on Marketplace,Distribute on Marketplace,التوزيع في السوق,Auf dem Marktplatz vertreiben,Distribuir en Mercado,Distribuer sur le marché,मार्केटप्लेस पर डिस्ट्रीब्यूट करें,Distribusikan di Marketplace,Distribuisci sul mercato,マーケットプレイスで流通させる,마켓플레이스에 배포,Udostępnij na Rynku,Distribuir no mercado,,จำหน่ายบนมาร์เก็ตเพลส,Pazar Yeri'nde dağıtıma çıkar,Phân Phối Trên Sàn Giao Dịch,在商城中流通,在商城中流通,在商城中流通
Studio.Toolbox.General.Proceed,,,Proceed,Proceed,المتابعة,Fortfahren,Continuar,Continuer,आगे बढ़ें,Lanjutkan,Procedi,続行する,계속,Kontynuuj,Continuar,,ดำเนินการต่อ,İlerle,Tiếp Tục,继续,继续,繼續
Studio.Toolbox.General.Sharing,,,Sharing,Sharing,مشاركة,Wird geteilt,Compartiendo,Partage,शेयर किया जा रहा है,Bagikan,Condivisione,シェア中,공유,Udostępnianie,Compartilhando,,การแชร์,Paylaşılıyor,Chia Sẻ,分享,分享,分享
Studio.Toolbox.General.TermsOfUse,,,Terms of use,Terms of use,شروط الاستخدام,Nutzungsbedingungen,Términos de uso,Conditions d'utilisation,उपयोग की शर्तें,Ketentuan penggunaan,Termini di servizio,利用規約,이용 약관,Warunki użytkowania,Termos de Uso,,ข้อกำหนดการใช้งาน,Kullanım koşulları,Điều Khoản Sử Dụng,使用条款,使用条款,使用條款
Studio.Toolbox.General.RobloxStudio,,,Roblox Studio,Roblox Studio,Roblox Studio,Roblox Studio,Roblox Studio,Roblox Studio,Roblox Studio,Roblox Studio,Roblox Studio,Roblox Studio,Roblox Studio,Roblox Studio,Roblox Studio,,Roblox Studio,Roblox Studio,Roblox Studio,Roblox Studio,Roblox Studio,Roblox Studio
Studio.Toolbox.AssetConfigCopy.DistributeAgreement,,,"To maintain community safety, Roblox may terminate accounts that publish spam or assets with malicious or obfuscated code.","To maintain community safety, Roblox may terminate accounts that publish spam or assets with malicious or obfuscated code.",للحفاظ على سلامة المجتمع، قد تقوم Roblox بإنهاء الحسابات التي تنشر رسائل غير مرغوب فيها أو أصولًا تحتوي على أكواد ضارة أو خبيثة.,"Um die Sicherheit der Community zu gewährleisten, kann Roblox Konten schließen, die Spam oder Objekte mit bösartigem oder verschleiertem Code veröffentlichen.","Para proteger a la comunidad, Roblox puede eliminar cuentas que publican spam o recursos que contengan código malicioso u ofuscado.","Afin de protéger la communauté, Roblox pourrait supprimer les comptes qui publient du spam ou utilisent des éléments contenant du code malveillant ou caché.","कम्यूनिटी की सुरक्षा बनाए रखने के लिए, Roblox ऐसे अकाउंट टर्मिनेट कर सकता है, जो स्पैम या किसी गलत इरादे से या अस्पष्ट कोड वाले ऐसेट्स पब्लिश करते हैं.","Untuk menjaga keamanan komunitas, Roblox dapat menutup akun yang memublikasikan spam atau aset dengan kode jahat atau kode yang dibuat agar sulit dipahami.","Per garantire la sicurezza della community, Roblox può terminare gli account che pubblicano spam o risorse con codici malevoli o offuscati.",コミュニティの安全を維持するために、Robloxはスパムや悪意のあるコードや難読化されたコードをつけてアセットを公開するアカウントを削除することがあります。,"커뮤니티의 안전을 유지하기 위해, Roblox는 악성 코드나 난독 처리된 코드를 포함한 스팸 또는 애셋을 게시하는 계정을 영구 정지할 수 있습니다.",W trosce o bezpieczeństwo społeczności konta używane do publikowania spamu lub zasobów zawierających szkodliwy lub zaciemniony kod mogą zostać trwale zablokowane na platformie Roblox.,"Para manter a segurança da comunidade, a Roblox pode encerrar contas que publicam spam ou ativos com código malicioso ou ofuscado.",,เพื่อรักษาความปลอดภัยให้ชุมชน Roblox อาจยกเลิกบัญชีที่เผยแพร่สแปมหรือทรัพยากรที่มีโค้ดที่เป็นอันตรายหรือคลุมเครือ,"Roblox, spam ya da kötü amaçlı veya gizlenmiş kod içeren varlıklar yayınlayan hesapları topluluğun güvenliğini korumak için kapatabilir.","Để bảo vệ cộng đồng, Roblox sẽ đình chỉ những tài khoản phát hành thư rác hoặc tài sản chứa mã độc hoặc mã bị làm rối.",为了维护社区安全，Roblox 可能会将发布含有恶意或模糊代码的垃圾邮件或素材的帐户停用。,为了维护社区安全，Roblox 可能会将发布含有恶意或模糊代码的垃圾邮件或素材的帐户停用。,為了確保社群安全，Roblox 可能會將發布垃圾內容或擁有惡意或混淆程式碼的素材的帳號停權。
Studio.Toolbox.AssetConfigCopy.MustShare,,,Must share with anyone on Roblox,Must share with anyone on Roblox,يجب المشاركة مع أي شخص على Roblox,Muss mit jedem auf Roblox geteilt werden,Debe compartirse con cualquier persona en Roblox,À partager avec tout le monde sur Roblox.,Roblox पर किसी के भी साथ शेयर करना ज़रूरी है,Harus dibagikan dengan semua orang di Roblox,Deve condividere con chiunque su Roblox,Robloxで誰とでも共有する必要があります,Roblox의 모든 사용자와 공유해야 합니다,Należy udostępnić wszystkim na platformie Roblox,Deve compartilhar com qualquer pessoa na Roblox,,ต้องแชร์กับทุกคนใน Roblox,Roblox'taki herkesle paylaşılmalı,Phải chia sẻ với tất cả người chơi trên Roblox,必须与 Roblox 上的所有人共享,必须与 Roblox 上的所有人共享,必須和 Roblox 上所有人分享
Studio.Toolbox.AssetConfigSharing.PublicInformation,,,I certify that I am the creator of this asset. I agree that the asset may be shared and used by others on Roblox. This cannot be undone.,I certify that I am the creator of this asset. I agree that the asset may be shared and used by others on Roblox. This cannot be undone.,أنا أقرّ بأنني مصمم هذا الأصل وأوافق على أن تتم مشاركة واستخدام هذه الأصول مع مستخدمي Roblox الآخرين. لا يمكن التراجع عن هذا الإجراء.,"Ich bestätige, dass ich Creator dieses Objektes bin. Ich stimme zu, dass das Objekt von anderen auf Roblox geteilt und genutzt werden kann. Dies kann nicht rückgängig gemacht werden.",Confirmo que soy el(la) creador(a) de este recurso y concedo a cualquiera en Roblox el permiso a compartirlo y usarlo. Esta acción no se puede deshacer.,Je certifie que c'est moi qui ai créé cet élément. J'accepte qu'il soit partagé et utilisé par d'autres personnes sur Roblox. Cette action est irréversible.,मैं प्रमाणित करता/करती हूँ कि मैं इस ऐसेट का/की क्रिएटर हूँ. मैं इस बात से सहमत हूँ कि इस ऐसेट को Roblox पर दूसरों द्वारा शेयर और इस्तेमाल किया जा सकता है. मैं इससे भी सहमत हूँ कि एक बार परमिशन देने के बाद फ़ैसला बदलना संभव नहीं है.,Saya menyatakan bahwa saya adalah kreator aset ini. Saya setuju bahwa aset dapat dibagikan dan digunakan oleh pengguna lain di Roblox. Ini tidak dapat dibatalkan.,Certifico di essere il creatore di questa risorsa. Acconsento alla condivisione e all'utilizzo della stessa da altri utenti di Roblox. Questa azione è irreversibile.,私はこのアセットの作成者であることを証明します。アセットがRoblox上で他の人によって共有されて使用される可能性があることに同意します。これは元に戻すことはできません。,본인은 이 애셋의 크리에이터임을 보증합니다. Roblox에서 다른 사람들이 이 애셋을 공유하고 사용할 수 있음에 동의합니다. 이 작업은 취소할 수 없습니다.,"Potwierdzam, że jestem twórcą tego zasobu. Zgadzam się na udostępnianie tego zasobu i korzystanie z niego przez innych użytkowników platformy Roblox. Tej zgody nie można wycofać.",Eu afirmo que sou o(a) criador(a) deste ativo. Concordo que o ativo pode ser compartilhado e usado por outros no Roblox. Isto não pode ser desfeito.,,ฉันรับรองว่าฉันคือครีเอเตอร์ของทรัพยากรนี้ ฉันยินยอมให้ผู้ใช้คนอื่นๆ บน Roblox แชร์และใช้ทรัพยากรนี้ได้ การดำเนินการนี้ไม่สามารถยกเลิกได้,Bu varlığı benim oluşturduğumu onaylıyorum. Varlığın Roblox'ta başkaları tarafından paylaşılabileceğini ve kullanılabileceğini kabul ediyorum. Bu işlem geri alınamaz.,Tôi xác nhận rằng tôi là người tạo ra tài sản này. Tôi cho phép tài sản này được chia sẻ và sử dụng bởi những người chơi Roblox khác. Việc này không thể hoàn tác được.,我保证我是此素材的创作者，我同意其他人在 Roblox 上可以共享和使用此素材。此操作无法撤消。,我保证我是此素材的创作者，我同意其他人在 Roblox 上可以共享和使用此素材。此操作无法撤消。,我保證我是此素材的創作者。我同意其他人在 Roblox 分享和使用此素材。此動作無法復原。
Studio.Toolbox.AssetConfigSharing.AnyoneOnRoblox,,,Anyone on Roblox,Anyone on Roblox,أي شخص على Roblox,Jeder auf Roblox,Cualquier persona en Roblox,Tout le monde sur Roblox,Roblox पर किसी के भी साथ,Semua orang di Roblox,Chiunque su Roblox,Roblox上の誰でも,Roblox의 모든 사용자,Wszyscy na platformie Roblox,Qualquer pessoa na Roblox,,ทุกคนใน Roblox,Roblox'taki herkes,Bất cứ ai trên Roblox,Roblox 上的所有人,Roblox 上的所有人,Roblox 上的所有人
Studio.Toolbox.AssetConfigSharing.OnlyMe,,,Only me,Only me,أنا فقط,Nur ich,Solo yo,Seulement moi,सिर्फ़ मेरे साथ,Hanya saya,Solo io,自分のみ,나만,Tylko ja,Somente eu,,ฉันเท่านั้น,Yalnızca ben,Chỉ Mình Tôi,只有我,只有我,只有我
Studio.Toolbox.AssetConfigSharing.PublicConfirmationTitle,,,Are you sure?,Are you sure?,هل أنت متأكد؟,Bist du sicher?,¿Estás seguro(a)?,Voulez-vous continuer ?,क्या आपको वाकई ऐसा करना है?,Kamu yakin?,Confermi?,よろしいですか？,계속할까요?,Czy na pewno?,Tem certeza?,,คุณแน่ใจหรือไม่?,Emin misin?,Bạn có chắc không?,你确定吗？,你确定吗？,確定？
Studio.Toolbox.AssetConfigSharing.PublicConfirmationMessage,,,"Once shared with Anyone on Roblox, you cannot set it back to private.","Once shared with Anyone on Roblox, you cannot set it back to private.",بمجرد مشاركته مع أي شخص على Roblox، لا يمكنك إرجاعه إلى الخصوصية.,"Sobald du es mit allen auf Roblox geteilt hast, kannst du es nicht auf privat zurücksetzen.","Una vez que lo compartas con todas las personas en Roblox, no puedes volver a cambiarlo a privado.","Une fois partagé sur Roblox, tu ne peux pas le remettre en mode privé.","Roblox पर 'किसी के भी साथ' शेयर किए जाने के बाद, इसे वापस प्राइवेट पर सेट नहीं किया जा सकता.","Setelah dibagikan dengan Semua orang di Roblox, pengaturan ini tidak bisa dikembalikan ke privat.","Una volta condivisa con Chiunque su Roblox, non puoi impostarla di nuovo su privata.",一度、Robloxの全員と共有すると、設定を非公開に戻すことはできません。,Roblox에서 모두와 공유하고 난 후에는 비공개로 되돌릴 수 없습니다.,Po udostępnieniu zasobu wszystkim na platformie Roblox nie można przywrócić go do zasobów prywatnych.,"Uma vez que compartilhado com qualquer pessoa na Roblox, você não pode revertê-lo para privado.",,เมื่อแชร์กับทุกคนบน Roblox แล้ว คุณจะไม่สามารถตั้งค่ากลับให้เป็นส่วนตัวได้,Varlığı Roblox'ta herkes ile paylaştıktan sonra tekrar özel olarak ayarlayamazsın.,"Một khi đã chia sẻ với Tất Cả Người Chơi trên Roblox, bạn sẽ không thể thiết lập vật phẩm này thành vật phẩm riêng tư.",一旦与 Roblox 上的所有人共享，你将不能将设置改回私人模式。,一旦与 Roblox 上的所有人共享，你将不能将设置改回私人模式。,和 Roblox 上所有人分享後，您將無法再設為私人。
Studio.Toolbox.AssetConfigSharing.PublicConfirmationHeading,,,You have allowed this asset to be shared with Anyone on Roblox,You have allowed this asset to be shared with Anyone on Roblox,لقد سمحت بمشاركة هذا الأصل مع أي شخص على Roblox,"Du hast erlaubt, dass dieses Objekt mit jedem auf Roblox geteilt wird",Permitiste que este recurso se comparta con cualquier persona en Roblox,Tu as autorisé le partage de ce contenu avec tout le monde sur Roblox,आपने इस ऐसेट को Roblox पर 'किसी के भी साथ' शेयर करने की परमिशन दी है,Kamu harus mengizinkan aset ini dibagikan dengan Semua orang di Roblox,Hai consentito alla condivisione di questa risorsa con Chiunque su Roblox,このアセットがRobloxの誰とでも共有されることを許可しました,이 애셋에 대한 모든 Roblox 사용자와의 공유를 허용했습니다,Zezwalasz na udostępnianie tego zasobu wszystkim użytkownikom platformy Roblox,Você permitiu que este ativo seja compartilhado com qualquer pessoa na Roblox,,คุณอนุญาตให้แชร์ทรัพยากรนี้กับทุกคนบน Roblox ได้,Varlığın Roblox'taki herkesle paylaşılmasına izin verdin,Bạn đã cho phép tài sản này được chia sẻ với Tất Cả Người Chơi trên Roblox,你已允许此素材与在 Roblox 上所有人共享,你已允许此素材与在 Roblox 上所有人共享,您已允許此素材和 Roblox 上所有人分享
Studio.Toolbox.AssetConfigSharing.SubTitle,,,Who can use this asset?,Who can use this asset?,من يمكنه استخدام هذا الأصل؟,Wer kann dieses Objekt nutzen?,¿Quién puede usar este recurso?,Qui peut utiliser cet actif ?,इस ऐसेट का इस्तेमाल कौन कर सकता है?,Siapa saja yang bisa menggunakan aset ini?,Chi può usare questa risorsa?,このアセットを使用できる人,누가 이 애셋을 사용할 수 있나요?,Kto może korzystać z tego zasobu?,Quem pode usar este ativo?,,ใครที่สามารถใช้ทรัพยากรนี้ได้บ้าง?,Bu varlığı kimler kullanabilir?,Ai có thể sử dụng tài sản này?,谁可以使用此素材？,谁可以使用此素材？,誰可以使用此素材？
Studio.Toolbox.AssetConfig.PublishAssetDialogHeading,,,This model contains private assets,This model contains private assets,يحتوي هذا النموذج على أصول خاصة,Dieses Modell enthält private Objekte,Este modelo contiene recursos privados,Ce modèle contient des actifs privés,इस मॉडल में प्राइवेट ऐसेट्स मौजूद हैं,Model ini mengandung aset privat,Questo modello contiene risorse private,このモデルには非公開のアセットが含まれています,이 모델에는 비공개 애셋이 포함되어 있습니다,Ten model zawiera zasoby prywatne,Este modelo contém ativos privados,,โมเดลนี้มีทรัพยากรส่วนตัว,"Bu model, özel varlıklar içerir",Mô hình này chứa tài sản riêng tư,此模型包含私人素材,此模型包含私人素材,此模型含有私人素材
Studio.Toolbox.AssetConfig.PublishAssetDialogDescription,,,"On Publish, all private assets will be made public. If you do not wish to do so, do not proceed with Publish.","On Publish, all private assets will be made public. If you do not wish to do so, do not proceed with Publish.",عند النشر، سيتم نشر جميع الأصول الخاصة. إذا كنت لا ترغب في القيام بذلك، فلا تتابع النشر.,"Bei der Veröffentlichung werden alle privaten Objekte öffentlich gemacht. Wenn Sie dies nicht möchten, fahren Sie nicht mit der Veröffentlichung fort.","En Publicar, todos los recursos privados se convertirán en públicos. Si no quieres que esto pase, no procedas con Publicar.","Lors de la publication, tous les actifs privés deviendront publics. Si vous ne souhaitez pas que cela se produise, ne publiez pas.","पब्लिश करने पर, सभी प्राइवेट ऐसेट पब्लिक बना दिए जाएँगे. अगर आपको ऐसा नहीं करना है, तो पब्लिश न करें.","Pada saat Publikasi, semua aset pribadi akan diubah menjadi publik. Jika kamu tidak ingin aset menjadi publik, jangan lanjutkan proses Publikasi.","Su Pubblica, tutte le risorse private verranno rese pubbliche. Se non vuoi farlo, non procedere con Pubblica.",「公開」にすると、すべての非公開のアセットが公開されます。公開したくない場合は、「公開」しないでください。,"게시 시, 모든 비공개 애셋이 전체 공개됩니다. 원치 않을 경우 게시를 진행하지 마세요.","Wraz z jego opublikowaniem wszystkie zasoby prywatne staną się publiczne. Jeśli nie chcesz, aby tak się stało, nie kontynuuj publikowania.","Na publicação, todos os ativos privados serão tornados públicos. Se você não deseja que isto aconteça, não prossiga com a publicação.",,เมื่อเผยแพร่แล้ว ทรัพยากรส่วนตัวทั้งหมดจะกลายเป็นสาธารณะ หากคุณไม่ต้องการที่จะทำเช่นนั้น โปรดอย่าดำเนินการเผยแพร่ต่อ,Yayınlanan tüm özel varlıklar herkese açık hâle getirilir. Bunu istemiyorsan varlığı yayınlamaktan vazgeç.,"Tại phần Đăng, tất cả tài sản riêng tư sẽ được công khai. Nếu bạn không muốn, vui lòng không tiếp tục thao tác trong phần này.",发布后，所有私人素材都将设为公开。如果你不想将素材设为公开，请勿发布。,发布后，所有私人素材都将设为公开。如果你不想将素材设为公开，请勿发布。,發布後，所有私人素材將會設為公開。如果您不想將素材設為公開，請勿發布。
Studio.Toolbox.AssetConfig.PublishAssetDialogPublish,,,Publish,Publish,نشر,Veröffentlichen,Publicar,Publier,पब्लिश करें,Publikasi,Pubblica,公開,게시,Opublikuj,Publicar,,เผยแพร่,Yayınla,Đăng,发布,发布,發布
Studio.Toolbox.AssetConfigCopy.TemporarilyDisabledMessage,,,Marketplace publishing is unavailable at this time. Please check back later.,Marketplace publishing is unavailable at this time. Please check back later.,لا يتوفر النشر في السوق في الوقت الحالي. يُرجى التحقق مرة أخرى لاحقًا.,Das Veröffentlichen am Marktplatz ist derzeit nicht verfügbar. Bitte versuche es später erneut.,La publicación en el Mercado no está disponible en este momento. Vuelve aquí más tarde.,Il n'est pas possible de publier sur le Marketplace pour le moment. Réessayer plus tard.,मार्केटप्लेस को पब्लिश करने की सुविधा अभी उपलब्ध नहीं है. कृपया कुछ देर बाद कोशिश करें.,Publikasi Marketplace tidak tersedia pada saat ini. Kembali lagi nanti.,La pubblicazione sul Mercato non è disponibile in questo momento. Riprova più tardi.,マーケットプレイス公開は現在、利用できません。後でチェックしてください。,현재 마켓플레이스 게시를 할 수 없습니다. 나중에 다시 확인하세요.,Publikowanie na Rynku jest w tej chwili niedostępne. Sprawdź ponownie za jakiś czas.,A publicação no Mercado está indisponível neste momento. Tente mais tarde.,,การเผยแพร่มาร์เก็ตเพลสไม่สามารถใช้งานได้ในขณะนี้ โปรดกลับมาอีกครั้งในภายหลัง,Pazar Yeri'nde yayınlama kullanılamıyor. Lütfen daha sonra tekrar kontrol et.,Tính năng Đăng Lên Sàn Giao Dịch hiện không khả dụng. Vui lòng thử lại sau.,目前无法发布至商城，请稍后再回来查看。,目前无法发布至商城，请稍后再回来查看。,目前無法發布到商城，請稍後再回來查看。
Studio.Toolbox.AssetConfigSharing.PublicDisabledInformation,,,Audio files cannot be made public at this time. Please check back at a later date.,Audio files cannot be made public at this time. Please check back at a later date.,لا يمكن جعل الملفات الصوتية عامة في هذا الوقت. يرجى التحقق مرة أخرى في وقت لاحق.,Audiodateien können derzeit nicht veröffentlicht werden. Bitte versuche es zu einem späteren Zeitpunkt erneut.,Los archivos de audio no pueden hacerse públicos en este momento. Inténtalo más tarde.,Les fichiers audio ne peuvent pas être rendus publics pour le moment. Vérifie à une date ultérieure.,अभी ऑडियो फ़ाइलों को पब्लिक नहीं किया जा सकता. बाद की किसी तारीख में फिर से चेक करें.,File audio tidak bisa dibuat menjadi publik pada saat ini. Kembali lagi nanti.,Impossibile pubblicare i file audio in questo momento. Riprova più tardi.,現時点では音声ファイルは公開できません。後で確認してください。,현재 오디오 파일을 공개할 수 없습니다. 추후에 다시 확인하세요.,Nie można w tej chwili udostępniać publicznie plików dźwiękowych. Sprawdź ponownie za jakiś czas.,Os arquivos de áudio não podem ser tornados públicos neste momento. Verifique novamente mais tarde.,,ไม่สามารถกำหนดค่าไฟล์เสียงเป็นสาธารณะได้ในขณะนี้ โปรดกลับมาอีกครั้งในภายหลัง,Ses dosyaları şu anda herkese açık hâle getirilemiyor. Lütfen ileri bir tarihte tekrar kontrol et.,Không thể công khai các tệp âm thanh tại thời điểm này. Vui lòng kiểm tra lại vào ngày mai.,当前无法将音频文件设为公开，请稍后再回来查看。,当前无法将音频文件设为公开，请稍后再回来查看。,目前無法將音訊檔案設為公開，請日後再回來查看。
Studio.Toolbox.AssetConfigSharing.CheckStatus,,,Check Status,Check Status,التحقق من الحالة,Status überprüfen,Comprobar estado,Vérifier le statut,स्टेटस चेक करें,Cek Status,Controlla lo stato,ステータスの確認,상태 확인,Sprawdź status,Verificar status,,ตรวจสอบสถานะ,Durumu kontrol et,Kiểm Tra Trạng Thái,查看状态,查看状态,查看狀態
Studio.Toolbox.AssetConfigSharing.VerificationNotice,,,"To make audio assets public, you must first verify your identity. Use the Refresh button to update your Verification status.","To make audio assets public, you must first verify your identity. Use the Refresh button to update your Verification status.",لجعل الأصول الصوتية عامة، يجب عليك أولاً التحقق من هويتك. استخدم زر التحديث لتحديث حالة التحقق الخاصة بك.,"Um Audio-Objekte zu veröffentlichen, musst du zunächst deine Identität verifizieren. Benutze die Schaltfläche ""Aktualisieren"", um deinen Verifizierungsstatus zu aktualisieren.","Para hacer públicos los recursos de audio, primero debes verificar tu identidad. Utiliza el botón Actualizar para actualizar tu estado de la verificación.","Pour rendre publiques les ressources audio, tu dois d'abord vérifier ton identité. Utilise le bouton Actualiser pour mettre à jour ton statut de vérification.","ऑडियो ऐसेट्स को पब्लिक बनाने के लिए, आपको पहले अपनी पहचान वेरिफ़ाई करनी होगी. अपना वेरिफ़िकेशन स्टेटस अपडेट करने के लिए 'रीफ़्रेश करें' बटन इस्तेमाल करें.","Untuk mengubah aset audio menjadi publik, pertama-tama kamu harus memverifikasi identitasmu. Gunakan tombol Refresh untuk meng-update status Verifikasi.","Per pubblicare le risorse audio, devi prima verificare la tua identità. Usa il pulsante Aggiorna per aggiornare il tuo stato di Verifica.",オーディオアセットを公開するには、まず本人確認を行う必要があります。リフレッシュボタンを使用して認証状況を更新してください。,오디오 애셋을 공개하려면 먼저 본인 인증을 해야 합니다. 새로 고침 버튼을 사용해 인증 상태를 업데이트하세요.,"Aby ustawić zasoby audio jako publiczne, musisz najpierw zweryfikować swoją tożsamość. Użyj przycisku Odśwież, aby odświeżyć swój status weryfikacji.","Para tornar ativos de áudio públicos, você deve primeiro verificar sua identidade. Use o botão Atualizar para atualizar seu status de verificação.",,หากต้องการทำให้ทรัพยากรเสียงเป็นสาธารณะ คุณต้องตรวจสอบยืนยันตัวตนก่อน ใช้ปุ่มรีเฟรชเพื่ออัปเดตสถานะการตรวจสอบยืนยันของคุณ,Ses varlıklarını herkese açık hâle getirmek için önce kimliğini doğrulaman gerekir. Yenile düğmesini kullanarak doğrulama durumunu kontrol et.,"Để công khai tài sản âm thanh, bạn phải xác thực danh tính trước. Hãy sử dụng nút Làm Mới để cập nhật trạng thái Xác Thực của mình.",若要将因音频文件设为公开，请先验证你的身份。请使用刷新按钮更新你的验证状态。,若要将因音频文件设为公开，请先验证你的身份。请使用刷新按钮更新你的验证状态。,若要將音訊素材設為公開，您必須先驗證身分。請使用重新整理按鈕更新您的驗證狀態。
Studio.Toolbox.AssetConfigSharing.VerificationAction,,,ID Verify your account,ID Verify your account,التحقق من معرّف حسابك,Verifiziere dein Konto,Verifica el ID de tu cuenta,Identifier ton compte,ID अपना अकाउंट वेरिफ़ाई करें,Lakukan Verifikasi ID untuk akunmu,ID verifica il tuo account,お持ちのアカウントをID認証してください,본인 계정 인증,Zweryfikuj swoje konto przy użyciu dowodu tożsamości,ID Verifique sua conta,,ตรวจสอบยืนยัน ID บัญชีของคุณ,Hesabında kimliğini doğrula,Xác Thực ID cho tài khoản của bạn,进行帐户 ID 验证,进行帐户 ID 验证,進行帳號 ID 驗證
Studio.Toolbox.AssetConfigSharing.MeAndSpecificExperiences,,,Me and Specific Experiences,Me and Specific Experiences,أنا وتجارب محددة,Ich und spezifische Erlebnisse,Experiencias específicas y yo,Moi et des expériences spécifiques,मैं और खास एक्सपीरिएंस,Saya dan Pengalaman Virtual Tertentu,Io ed esperienze specifiche,私と特定のバーチャル空間,나 및 특정 체험,Ja i określone projekty,Eu e experiências específicas,,ฉันและประสบการณ์ที่เจาะจง,Belirli Deneyimler ve Ben,Tôi và Trải Nghiệm Cụ Thể,我和特定作品,我和特定作品,我和指定體驗
Studio.Toolbox.AssetConfigSharing.PrivateInformation,,,Grant permissions to specific Universes through Asset Configuration on the web.,Grant permissions to specific Universes through Asset Configuration on the web.,منح أذونات لأكوان محددة من خلال تكوين الأصول على الويب.,Erteile über die Objektkonfiguration im Web Berechtigungen für bestimmte Universen.,Otorgar permisos a Universos específicos a través de la Configuración de recursos en la web.,Accorder des autorisations à des univers spécifiques via la configuration du contenu sur le Web.,वेब पर ऐसेट कॉन्फ़िगरेशन के ज़रिए खास यूनिवर्स को परमिशंस दें.,Berikan izin kepada Universe tertentu melalui Konfigurasi Aset di web.,Concedi l'autorizzazione a universi specifici da Configurazione risorse sul web.,ウェブ上のアセット環境設定を通じて特定のユニバースへのアクセス許可を付与します。,웹에서의 애셋 구성을 통해 특정 유니버스에 권한을 부여합니다.,"Przyznaj uprawnienia określonym uniwersom, korzystając z konfiguracji zasobów w sieci.",Conceder permissões para universos específicos através da Configuração de ativos na web.,,มอบสิทธิ์ให้แก่ยูนิเวิร์สที่กำหนดผ่านการกำหนดค่าทรัพยากรในเว็บ,Web'de Varlık yapılandırması üzerinden belirli evrenlere izin ver.,Cấp quyền cho các Vũ Trụ cụ thể thông qua Cấu Hình Tài Sản trên web.,在网络上的素材配置中，给特定 Universe 授予权限。,在网络上的素材配置中，给特定 Universe 授予权限。,透過網上的素材設定功能授予指定宇宙權限。
Studio.Toolbox.AssetConfig.ModelPublishWarning,,, Any private audio in your model will not be playable., Any private audio in your model will not be playable., لن يكون من الممكن تشغيل أي صوت خاص في نموذجك.,Alle privaten Audiodateien in deinem Modell können nicht abgespielt werden., Cualquier audio privado en tu modelo no será reproducible., Tout son privé dans ton modèle ne sera pas lu., आपके मॉडल में कोई भी प्राइवेट ऑडियो प्ले करने लायक नहीं होगा., Audio privat di modelmu tidak akan bisa dimainkan., Ogni audio privato nel tuo modello non sarà riproducibile., お持ちのモデル内のどの非公開オーディオも再生できません。, 모델의 모든 비공개 오디오는 재생할 수 없습니다.," Jeśli w twoim modelu są prywatne zasoby audio, nie będzie można ich odtworzyć.", Qualquer áudio privado em seu modelo não será reproduzível.,, เสียงส่วนตัวทั้งหมดในโมเดลของคุณจะไม่สามารถเล่นได้, Modelindeki özel sesler oynatılamayacak., Bất kỳ âm thanh riêng tư nào trong mô hình của bạn đều không thể chơi được.,你模型中的所有私人音频将无法播放。,你模型中的所有私人音频将无法播放。,您的模型裡的私人音訊將無法播放。
Studio.Toolbox.GrantAssetPermission.Success,,,Successfully granted Universe permission to use asset {assetId:int},Successfully granted Universe permission to use asset {assetId:int},تم منح إذن الكون لاستخدام الأصل {assetId:int} بنجاح,Universum wurde erfolgreich die Berechtigung zur Verwendung des Objekts {assetId:int} erteilt,Se ha otorgado permiso al Universo para usar el recurso {assetId:int},L'Univers a été autorisé à utiliser le contenu {assetId:int},ऐसेट {assetId:int} का इस्तेमाल करने के लिए यूनिवर्स परमिशन दे दी गई है,Berhasil memberikan izin Universe untuk menggunakan aset {assetId:int},Hai concesso l'autorizzazione dell'universo per usare la risorsa {assetId:int},{assetId:int} のアセットを使用するユニバース権限を付与できました,유니버스에 {assetId:int} 애셋 사용에 대한 권한 부여를 완료했습니다,Przyznano uniwersum uprawnienia do korzystania z zasobu {assetId:int},Permissão do universo concedida com sucesso para usar o ativo {assetId:int},,มอบสิทธิ์ในการใช้งานทรัพยากร {assetId:int} ให้แก่ยูนิเวิร์สสำเร็จแล้ว,{assetId:int} varlığının evrende kullanılmasına başarıyla izin verildi,Đã cấp thành công quyền cho Vũ Trụ để sử dụng tài sản {assetId:int},已成功为素材 {assetId:int} 授予 Universe 使用权限,已成功为素材 {assetId:int} 授予 Universe 使用权限,已成功授予宇宙使用素材 {assetId:int} 的權限
Studio.Toolbox.GrantAssetPermission.Failure,,,Failed to grant Universe permission to use asset {assetId:int},Failed to grant Universe permission to use asset {assetId:int},تعذَّر منح إذن الكون لاستخدام الأصل {assetId:int},Universum konnte die Berechtigung zur Verwendung des Objekts {assetId:int} nicht erteilt werden,Error al otorgar permiso de Universo para usar el recurso {assetId:int},Impossible d'accorder la permission à l'Univers d'utiliser le contenu {assetId:int},ऐसेट {assetId:int} का इस्तेमाल करने के लिए यूनिवर्स परमिशन नहीं दी जा सकी,Gagal memberikan izin Universe untuk menggunakan aset {assetId:int},Impossibile concedere l'autorizzazione dell'universo per usare la risorsa {assetId:int},{assetId:int} のアセットを使用するユニバース権限を付与できませんでした,유니버스에 {assetId:int} 애셋 사용 권한을 부여하지 못했습니다,Nie udało się przyznać uniwersum uprawnień do korzystania z zasobu {assetId:int},Falha ao conceder permissão ao universo para usar o ativo {assetId:int},,มอบสิทธิ์ในการใช้งานทรัพยากร {assetId:int} ให้แก่ยูนิเวิร์สไม่สำเร็จ,{assetId:int} varlığının evrende kullanılmasına izin verilemedi,Không cấp được quyền cho Vũ Trụ để sử dụng tài sản {assetId:int},无法为素材 {assetId:int} 授予 Universe 使用权限,无法为素材 {assetId:int} 授予 Universe 使用权限,無法授予宇宙使用素材 {assetId:int} 的權限
Studio.Toolbox.GrantAssetPermission.DialogText,,,Do you grant permission for this Experience?,Do you grant permission for this Experience?,هل تمنح الإذن لهذه التجربة؟,Erteilst du die Berechtigung für dieses Erlebnis?,¿Otorgas el permiso a esta experiencia?,Donnes-tu ta permission pour cette expérience ?,क्या आपको इस एक्सपीरिएंस के लिए परमिशन देनी है?,Apakah kamu memberikan izin untuk Pengalaman Virtual ini?,Concedere l'autorizzazione per questa esperienza?,このバーチャル空間に権限を付与しますか？,이 체험에 권한을 부여할까요?,Przyznajesz uprawnienia temu projektowi?,Você concede permissão para esta experiência?,,คุณจะมอบสิทธิ์ของประสบการณ์นี้หรือไม่?,Bu deneyime izin veriyor musun?,Bạn muốn cấp quyền cho Trải Nghiệm này?,你想为此作品授予权限吗？,你想为此作品授予权限吗？,為此體授予權限？
Studio.Toolbox.GrantAssetPermission.Information,,,"Name: {assetName}
ID: {assetId:int}
Type: {assetType}","Name: {assetName}
ID: {assetId:int}
Type: {assetType}","الاسم: {assetName}
المعرّف: {assetId:int}
النوع: {assetType}","Name: {assetName}
ID: {assetId:int}
Typ: {assetType}","Nombre: {assetName}
ID: {assetId:int}
Tipo: {assetType}","Nom: {assetName}
ID : {assetId:int}
Type : {assetType}","नाम : {assetName}
ID : {assetId:int}
प्रकार : {assetType}","Nama: {assetName}
ID: {assetId:int}
Tipe: {assetType}","Nome: {assetName}
ID: {assetId:int}
Tipo: {assetType}","名前: {assetName}
AssetId: {assetId:int}
種類: {assetType}","이름: {assetName}
ID: {assetId:int}
유형: {assetType}","Nazwa: {assetName}
Identyfikator: {assetId:int}
Typ: {assetType}","Nome: {assetName}
ID: {assetId:int}
Tipo: {assetType}",,"ชื่อ: {assetName}
ID: {assetId:int}
ประเภท: {assetType}","Ad: {assetName}
Kimlik: {assetId:int}
Tür: {assetType}","Tên: {assetName}
ID: {assetId:int}
Loại: {assetType}","名称： {assetName}
ID： {assetId:int}
类型：{assetType}","名称： {assetName}
ID： {assetId:int}
类型：{assetType}","名稱：{assetName}
素材 ID：{assetId:int}
類型：{assetType}"
Studio.Toolbox.GrantAssetPermission.CancelButton,,,Cancel,Cancel,إلغاء,Abbrechen,Cancelar,Annuler,कैंसिल करें,Batalkan,Annulla,キャンセル,취소,Anuluj,Cancelar,,ยกเลิก,İptal,Hủy Bỏ,取消,取消,取消
Studio.Toolbox.GrantAssetPermission.GrantButton,,,Grant,Grant,منح,Erteilen,Otorgar,Accorder,परमिशन दें,Berikan,Concedi,許可する,권한 부여,Przyznaj,Conceder,,มอบ,İzin Ver,Cấp,授权,授权,授予
Studio.Toolbox.Subcategory.ModelStructureObby,,,Obby,Obby,مسار عوائق,Obby,Obby,Obby,ऑबी,Obby,Ostacolo,障害物アスレ,오비,Tor przeszkód,Obby,,อ็อบบี้,Engel Parkuru,Chướng Ngại,跑酷,跑酷,障礙賽
Studio.Toolbox.Subcategory.ModelFurnitureTable,,,Table,Table,جدول,Tisch,Mesa,Table,टेबल,Meja,Tavolo,テーブル,테이블,Stół,Mesa,,โต๊ะ,Masa,Bàn,桌子,桌子,桌子
Studio.Toolbox.Subcategory.ModelFurniturePlant,,,Plant,Plant,مصنع,Pflanze,Planta,Plante,पौधा,Tanaman,Pianta,観葉植物,화초,Roślina,Planta,,พืช,Bitki,Cây Cối,植物,植物,植物
Studio.Toolbox.Subcategory.ModelFurnitureTelephone,,,Telephone,Telephone,الهاتف,Telefon,Teléfono,Téléphone,टेलीफ़ोन,Telepon,Telefono,電話,전화기,Telefon,Telefone,,โทรศัพท์,Telefon,Điện Thoại,电话,电话,電話
Studio.Toolbox.General.Categories,,,Categories,Categories,الفئات,Kategorien,Categorías,Catégories,कैटगरीज़,Kategori,Categorie,カテゴリ,카테고리,Kategorie,Categorias,,หมวดหมู่,Kategoriler,Thể Loại,类别,类别,類別
Studio.Toolbox.HomeView.TheEssentials,,,The Essentials,The Essentials,الأساسيات,Das Wesentliche,Lo esencial,Les Essentiels,ज़रूरी चीज़ें,Paket Aset Dasar,L'essenziale,必需品,필수품,Niezbędne,Os essenciais,,จำเป็น,Temel İhtiyaçlar,Những Điều Thiết Yếu,必需品,必需品,必備品
Studio.Toolbox.HomeView.newest,,,Newest,Newest,الأحدث,Neueste,Más nuevo,Plus récent,सबसे नया,Terbaru,Più recente,最新,최신,Najnowsze,Recentes,,ใหม่ล่าสุด,En Yeni,Mới Nhất,最新,最新,最新
Studio.Toolbox.HomeView.essential,,,Essential,Essential,أساسي,Wesentliches,Esencial,Essentiel,ज़रूरी,Penting,Essenziale,基本ツール,필수,Niezbędne,Essencial,,จำเป็น,Temel,Thiết Yếu,必备,必备,必備品
Studio.Toolbox.HomeView.trending,,,Trending,Trending,الرائجة,Populär,Tendencia,Tendance,ट्रेंडिंग,Sedang Tren,Di tendenza,人気急上昇,트렌드,Popularne,Populares,Популярные,กำลังนิยม,Popüler,Thịnh Hành,热门,热门,熱門
Studio.Toolbox.AssetConfigSharing.AllExperiences,,,All Experiences,All Experiences,جميع التجارب,Alle Erlebnisse,Todas las experiencias,Toutes les expériences,सभी एक्सपीरिएंस,Semua Pengalaman Virtual,Tutte le esperienze,すべてのバーチャル空間,전체 체험,Wszystkie projekty,Todas as experiências,,ประสบการณ์ทั้งหมด,Tüm deneyimler,Tất Cả Trải Nghiệm,所有作品,所有作品,所有體驗
Studio.Toolbox.AssetConfigSharing.ExperiencesWithAccess,,,Experiences with access,Experiences with access,التجارب في مجال الوصول,Erlebnisse mit Zugang,Experiencias con acceso,Expériences avec accès,ऐक्सेस वाले एक्सपीरिएंस,Pengalaman Virtual dengan akses,Esperienze con accesso,アクセス可能なバーチャル空間,액세스 권한 부여된 체험,Projekty z dostępem,Experiências com acesso,,ประสบการณ์ที่มีสิทธิ์เข้าถึง,Erişimi olan deneyimler,Trải nghiệm có quyền truy cập,有访问权限的作品,有访问权限的作品,所有擁有存取權的體驗
Studio.Toolbox.AssetConfigSharing.PrivateDisabledInformation,,,This option is not available since your asset is set to public.,This option is not available since your asset is set to public.,هذا الخيار غير متاح نظرًا لتعيين الأصل الخاص بك على الوضع العام.,"Diese Option ist nicht verfügbar, da dein Objekt auf öffentlich gesetzt ist.",Esta opción no está disponible ya que tu recurso se estableció en público.,Cette option n'est pas disponible car votre actif est public.,"यह विकल्प उपलब्ध नहीं है, क्योंकि आपकी ऐसेट पब्लिक पर सेट है.",Opsi ini tidak tersedia karena asetmu diatur ke publik.,Questa opzione non è disponibile perché la tua risorsa è impostata su pubblica.,あなたのアセットが公開に設定されているため、このオプションは利用できません。,애셋이 공개로 설정되어 있어 이 옵션을 사용할 수 없습니다.,"Ta opcja nie jest dostępna, ponieważ zasób jest ustawiony jako publiczny.",Esta opção não está disponível pois seu ativo está definido como público.,,ตัวเลือกนี้ไม่พร้อมใช้งานเนื่้องจากทรัพยากรของคุณถูกกำหนดเป็นสาธารณะ,Varlığın herkese açık şekilde ayarlandığı için bu seçenek kullanılamıyor.,Tùy chọn này không khả dụng vì tài sản của bạn được đặt thành công khai.,你的素材设为公开，无法使用此选项。,你的素材设为公开，无法使用此选项。,您的素材設為公開，無法使用此選項。
Studio.Toolbox.AssetConfigSharing.SpecificExperiences,,,Specific Experiences,Specific Experiences,تجارب محددة,Spezifische Erlebnisse,Experiencias específicas,Expériences spécifiques,खास एक्सपीरिएंस,Pengalaman Virtual Tertentu,Esperienze specifiche,特定のバーチャル空間,특정 체험,Określone projekty,Experiências específicas,,ประสบการณ์ที่เจาะจง,Belirli Deneyimler,Trải Nghiệm Cụ Thể,特定作品,特定作品,指定體驗
Studio.Toolbox.AssetConfigSharing.DistributeMarketplaceQuotaUnused2,,,Share up to {capacity} assets per {days} days.,Share up to {capacity} assets per {days} days.,يمكنك مشاركة ما يصل إلى {capacity} من الأصول في {days} من الأيام.,Teile bis zu {capacity} Objekte alle {days} Tage.,Comparte hasta {capacity} recursos por {days} días.,Tu peux partager jusqu'à {capacity} actifs tous les {days} jours.,हर {days} दिनों में {capacity} ऐसेट तक शेयर करें.,Bagikan hingga {capacity} aset per {days} hari.,Condividi fino a {capacity} risorse ogni {days} giorni.,{capacity} 日あたり最大 {days} 件のアセットを共有します。,{days}일당 최대 {capacity}개의 애셋을 공유합니다.,Udostępnij do {capacity} zasobów na {days} dni.,Compartilhe até {capacity} ativos por {days} dias.,,แชร์ทรัพยากรได้สูงสุด {capacity} รายการต่อ {days} วัน,{days} günde {capacity} varlığa kadar paylaş.,Chia sẻ lên đến {capacity} tài sản/{days} ngày.,每 {days} 天分享最多 {capacity} 个素材,每 {days} 天分享最多 {capacity} 个素材,每 {days} 天最多分享 {capacity} 個素材。
Studio.Toolbox.AssetConfigSharing.DistributeMarketplaceQuotaInfoLink,,,How many assets can I publish to the Creator Marketplace?,How many assets can I publish to the Creator Marketplace?,كم عدد الأصول التي يمكنني نشرها إلى سوق المنشئ؟,Wie viele Objekte kann ich auf dem Creator Marktplatz veröffentlichen?,¿Cuántos recursos puedo publicar en el Mercado de creadores?,Combien d'éléments puis-je publier sur le marché des créateurs ?,क्रिएटर मार्केटप्लेस पर कितने ऐसेट पब्लिश किए जा सकते हैं?,Berapa aset yang bisa saya publikasikan ke Marketplace Kreator?,Quante risorse posso pubblicare nel Mercato dei creatori?,クリエーターマーケットプレイスには、アセットをいくつ公開できますか？,크리에이터 마켓플레이스에 얼마나 많은 애셋을 게시할 수 있나요?,Ile zasobów mogę opublikować na Rynku twórców?,Quantos ativo posso publicar no Mercado do Criador?,,ฉันสามารถเผยแพร่ทรัพยากรไปยังมาร์เก็ตเพลสครีเอเตอร์ได้วันละกี่รายการ?,Yaratıcı Pazar Yeri'nde kaç adet varlık yayınlayabilirim?,Tôi có thể đăng bao nhiêu tài sản lên Sàn Giao Dịch Của Nhà Sáng Tạo?,我可以发布几个素材到创作者商城？,我可以发布几个素材到创作者商城？,我可以發布幾個素材到創作者商城？
Studio.Toolbox.General.SearchBarIdVerified,,,Show ID verified creators only,Show ID verified creators only,عرض المصممين الذين تم التحقق من هويتهم فقط,Nur identitätsverifizierte Creator anzeigen,Mostrar solo el ID de los creadores verificados,Afficher uniquement les créateurs dont l'identité a été vérifiée,सिर्फ़ ID वेरिफ़ाइड क्रिएटर दिखाएँ,Hanya tampilkan kreator yang telah diverifikasi ID,Mostra solo creatori con ID verificato,ID認証済みクリエーターのみ表示,본인 인증 완료한 크리에이터만 표시,Pokaż tylko twórców zweryfikowanych dowodem tożsamości,Mostrar somente criadores com identidade verificada,,แสดงครีเอเตอร์ที่ตรวจสอบยืนยัน ID แล้วเท่านั้น,Yalnızca kimliği doğrulanmış yaratıcıları göster,Chỉ hiển thị nhà sáng tạo đã được xác minh qua ID,只显示拥有 ID 认证的创作者,只显示拥有 ID 认证的创作者,只顯示擁有 ID 認證的創作者
Studio.Toolbox.General.ShowMore,,,Show more,Show more,عرض المزيد,Mehr anzeigen,Mostrar más,Afficher plus,और दिखाएँ,Lebih banyak,Mostra di più,もっと表示,더 많이 표시,Pokaż więcej,Mostrar mais,Развернуть,แสดงเพิ่มเติม,Daha fazla,Hiển thị thêm,显示更多,显示更多,顯示更多
Studio.Toolbox.General.ShowLess,,,Show less,Show less,عرض أقل,Weniger anzeigen,Mostrar menos,Afficher moins,कम दिखाएँ,Lebih sedikit,Mostra di meno,表示を減らす,간단히 표시,Pokaż mniej,Mostre menos,Свернуть,แสดงน้อยลง,Daha az,Ẩn bớt,缩起,缩起,顯示更少
Studio.Toolbox.General.SearchOptionsAllViews,,,All Views,All Views,كل المشاهدات,Alle Aufrufe,Todas las vistas,Toutes les vues,सभी व्यू,Semua Tampilan,Tutte le visualizzazioni,すべてのビュー,전체 보기,Wszystkie widoki,Todas as visualizações,,มุมมองทั้งหมด,Tüm Görünümler,Tất Cả Lượt Xem,所有视图,所有视图,所有檢視
Studio.Toolbox.General.SearchTagIdVerified,,,Showing ID Verified assets,Showing ID Verified assets,عرض الأصول التي تم التحقق من هويتها,Identitätsverifizierte Objekte werden angezeigt,Mostrando ID de recursos verificados,Éléments à identité vérifiée,ID वेरिफ़ाइड ऐसेट दिखाए जा रहे हैं,Menampilkan aset yang telah lolos Verifikasi ID,Mostrate le risorse con ID verificato,ID認証済みアセットの表示,본인 인증 완료된 애셋만 표시함,Wyświetlanie zasobów zweryfikowanych dowodem tożsamości,Mostrando ativos com identidade verificada,,กำลังแสดงทรัพยากรที่ตรวจสอบยืนยัน ID แล้ว,Kimliği doğrulanmış varlıklar gösteriliyor,Hiển thị ID tài sản đã xác minh,显示拥有 ID 验证的素材,显示拥有 ID 验证的素材,顯示擁有 ID 認證的素材
Studio.Toolbox.HomeView.TopSearches,,,Top Searches,Top Searches,أعلى عمليات البحث,Top Suchanfragen,Búsquedas más frecuentes,Recherches populaires,टॉप सर्च,Pencarian Teratas,Ricerche più frequenti,サーチ上位,상위 검색,Najczęściej wyszukiwane,Principais buscas,,การค้นหาสูงสุด,En Çok Arananlar,Tìm Kiếm Hàng Đầu,热门搜索,热门搜索,熱門搜尋
Studio.Toolbox.AssetConfig.PublishPluginHeader,,, Publish as Plugin, Publish as Plugin,نشر كمكون إضافي, Als Plugin veröffentlichen, Publicar como plugin, Publier en tant que plugin, प्लग-इन के तौर पर पब्लिश करें, Publikasikan sebagai Plugin, Pubblica come plugin, プラグインとして公開, 플러그인으로 게시, Opublikuj jako dodatek plug-in, Publicar como plugin,, เผยแพร่เป็นปลั๊กอิน, Eklenti olarak yayınla, Đăng dưới dạng Plugin, 发布为插件, 发布为插件,發布為外掛程式
Studio.Toolbox.AudioView.Type,,,Type,Type,النوع,Typ,Tipo,Type,टाइप,Tipe,Tipo,種類,유형,Typ,Tipo,Вид,ประเภท,Tür,Loại,类型,类型,類型
Studio.Toolbox.AudioView.Name,,,Name,Name,الاسم,Name,Nombre,Nom,नाम,Nama,Nome,名前,이름,Nazwa,Nome,Имя,ชื่อ,Ad,Tên,名称,名称,名稱
Studio.Toolbox.AudioView.Artist,,,Artist,Artist,الفنان,Künstler,Artista,Artiste,आर्टिस्ट,Artis,Artista,アーティスト,아티스트,Twórca,Artista,Исполнитель,ศิลปิน,Sanatçı,Nghệ Sĩ,表演者,表演者,表演者
Studio.Toolbox.AudioView.Length,,,Length,Length,المدة,Länge,Longitud,Longueur,लंबाई,Panjang,Lunghezza,長さ,길이,Długość,Comprimento,Длина,ความยาว,Uzunluk,Chiều Dài,长度,长度,長度
Studio.Toolbox.AudioView.Duration,,,Duration,Duration,المدة,Dauer,Duración,Durée,अवधि,Durasi,Durata,期間,지속 시간,Czas trwania,Duração,Продолжительность,ระยะเวลา,Süre,Thời Lượng,时长,时长,時長
Studio.Toolbox.AudioView.Subcategory,,,Subcategory,Subcategory,الفئة الفرعية,Unterkategorie,Subcategoría,Sous catégorie,सब-कैटगरी,Subkategori,Sottocategoria,サブカテゴリ,하위 카테고리,Podkategoria,Subcategoria,Подкатегория,หมวดหมู่ย่อย,Alt Kategori,Thể Loại Phụ,子类别,子类别,子類別
Studio.Toolbox.AudioView.Album,,,Album,Album,ألبوم,Album,Álbum,Album d'album,एल्बम,Album,Album,アルバム,앨범,Album,Álbum,Альбом,อัลบั้ม,Albüm,Album,专辑,专辑,專輯
Studio.Toolbox.AudioView.UploadedBy,,,Uploaded By,Uploaded By,تم الرفع بواسطة,Hochgeladen von,Cargado por,Téléchargé par,इन्होंने अपलोड किया,Di-upload oleh,Caricato Da,アップロード：,업로드한 사람:,Przesłane przez,Enviado por,Загружено:,อัปโหลดโดย,Yükleyen:,Được Tải Lên Bởi,上传者,上传者,上傳者
Studio.Toolbox.AudioView.Category,,,Category,Category,الفئة,Kategorie,Categoría,Catégorie,कैटगरी,Kategori,Categorie,カテゴリ,카테고리,Kategoria,Categoria,Категория,หมวดหมู่,Kategori,Thể Loại,类别,类别,類別
Studio.Toolbox.AudioView.AlbumArtist,,,Album/Artist,Album/Artist,ألبوم/فنان,Album/Künstler,Álbum/Artista,Album/Artiste,एल्बम/आर्टिस्ट,Album/Artis,Album/Artista,アルバム/アーティスト,앨범/아티스트,Album/Twórca,Álbum/Artista,Альбом/исполнитель,อัลบั้ม/ศิลปิน,Albüm/Sanatçı,Album/Nghệ Sĩ,专辑 / 表演者,专辑 / 表演者,專輯 / 表演者
Studio.Toolbox.Audio.Music.Genre.atmosphere,,,Atmosphere,Atmosphere,موسيقى أتموسفير,Atmosphäre,Atmósfera,Atmosphère,माहौल,Atmosfer,Atmosfera,ムード音楽,애트모스피어,Nastrojowa,Ambiente,Атмосфера,บรรยากาศ,Atmosfer,Khí Quyển,气氛,气氛,氣氛
Studio.Toolbox.Audio.Music.Genre.blues,,,Blues,Blues,موسيقى البلوز,Blues,Blues,Blues,ब्लूज़,Blues,Blues,ブルース,블루스,Blues,Blues,Блюз,บลูส์,Blues,Nhạc Blues,蓝调,蓝调,藍調
Studio.Toolbox.Audio.Music.Genre.children,,,Children,Children,الأطفال,Kinder,Infantil,Enfants,बच्चों के लिए,Anak-Anak,Figli,子供向け,어린이,Dla dzieci,Crianças,Детская,เด็กๆ,Çocuk,Thiếu Nhi,儿童,儿童,兒童
Studio.Toolbox.Audio.Music.Genre.classical,,,Classical,Classical,كلاسيكية,Klassik,Clásica,Classique,क्लासिकल,Klasik,Classica,クラシック,클래식,Klasyczna,Clássico,Классика,คลาสสิก,Klasik,Cổ Điển,古典,古典,古典
Studio.Toolbox.Audio.Music.Genre.corporate,,,Corporate,Corporate,الشركات,Unternehmen,Empresarial,Entreprise,कॉर्पोरेट,Korporat,Corporate,コーポレート,코퍼레이트,Korporacyjna,Corporativo,Корпоративная,คอร์เปอเรต,Kurumsal,Doanh Nghiệp,企业,企业,企業
Studio.Toolbox.Audio.Music.Genre.country,,,Country,Country,موسيقى كانتري,Country,Country,Country,कंट्री,Country,Paese,カントリー,컨트리,Country,Country,Кантри,คันทรี,Country,Nhạc Đồng Quê,乡村,乡村,鄉村
Studio.Toolbox.Audio.Music.Genre.dance-traditional,,,Dance Traditional,Dance Traditional,الرقص التقليدي,Traditioneller Tanz,Baile tradicional,Danse traditionnelle,डांस ट्रेडिशनल,Tari Tradisional,Dance tradizionale,フォークダンス,댄스 트래디셔널,Tradycyjna taneczna,Dance tradicional,Традиционная танцевальная,แดนซ์พื้นบ้าน,Geleneksel Dans,Điệu Nhảy Truyền Thống,传统舞蹈,传统舞蹈,傳統舞蹈
Studio.Toolbox.Audio.Music.Genre.easy-listening,,,Easy Listening,Easy Listening,موسيقى هادئة,Einfaches Zuhören,Música fácil de escuchar,Musique d'ambiance,सुगम संगीत,Musik Ringan,Di facile ascolto,イージーリスニング,이지 리스닝,Easy Listening,Música suave,Фоновая музыка,ฟังสบาย,Hafif,Easy Listening,轻音乐,轻音乐,輕音樂
Studio.Toolbox.Audio.Music.Genre.electronic,,,Electronic,Electronic,الموسيقى الإلكترونية,Electronic,Electrónica,Électronique,इलेक्ट्रॉनिक,Elektronik,Elettronica,エレクトロニック,일렉트로닉,Elektroniczna,Eletrônico,Электронная,อิเล็กทรอนิก,Elektronik,Điện Tử,电音,电音,電音
Studio.Toolbox.Audio.Music.Genre.electronica,,,Electronica,Electronica,إلكترونيكا,Electronica,Electrónica,Electronica,इलेक्ट्रॉनिका,Electronica,Elettronica,エレクトロニカ,일렉트로니카,Electronica,Eletrônica,Электроника,อิเล็กทรอนิกา,Elektronika,Electronica,电子,电子,Electronica
Studio.Toolbox.Audio.Music.Genre.ethnic-folk,,,Ethnic Folk,Ethnic Folk,الفولكلور العرقي,Ethnic Folk,Folk étnico,Folk ethnique,एथनिक फ़ोक,Folk Etnik,Folk etnico,民族音楽,에스닉 포크,Etniczna i folkowa,Folk étnico,Этническая народная,โฟล์กพื้นเมือง,Etnik Halk,Dân Ca,民族民谣,民族民谣,民族民謠
Studio.Toolbox.Audio.Music.Genre.ethnic-pop,,,Ethnic Pop,Ethnic Pop,البوب العرقي,Ethnic Pop,Pop étnico,Pop ethnique,एथनिक पॉप,Pop Etnik,Pop etnico,エスニックポップ,에스닉 팝,Etno-pop,Pop étnico,Этнический поп,ป๊อปพื้นเมือง,Etnik Pop,Nhạc Pop Âm Hưởng Dân Tộc,民族流行,民族流行,民族流行
Studio.Toolbox.Audio.Music.Genre.folk-contemporary,,,Folk Contemporary,Folk Contemporary,الفولكلور المعاصر,Folk Contemporary,Folk contemporáneo,Folk contemporain,फ़ोक कंटेम्पररी,Folk Kontemporer,Folk contemporaneo,コンテンポラリーフォーク,포크 컨템퍼러리,Folkowa współczesna,Folk contemporâneo,Современный фолк,โฟล์กร่วมสมัย,Modern Halk,Dân Gian Đương Đại,流行民谣,流行民谣,流行民謠
Studio.Toolbox.Audio.Music.Genre.funk-soul-r-b,,,"Funk, Soul, R&B","Funk, Soul, R&B",الفونك، السول، الريذم أند بلوز,"Funk, Soul, R&B","Funk, Soul y R&B","Funk, soul, R&B","फ़ंक, सोल, R&B","Funk, Soul, R&B","Funk, Soul, R&B",ファンク、ソウル、R&B,"펑크, 소울, R&B","Funk, Soul, R&B","Funk, Soul, R&B","Фанк, соул и R&B","ฟังก์, โซล, R&B","Funk, Soul, R&B","Nhạc Funk, Soul, R&B",放克、灵魂和 R&B,放克、灵魂和 R&B,放克、靈魂、R&B
Studio.Toolbox.Audio.Music.Genre.hip-hop,,,Hip-Hop,Hip-Hop,موسيقى الهيب هوب,Hip-Hop,Hip-Hop,Hip-Hop,हिप-हॉप,Hip-Hop,Hip-Hop,ヒップホップ,힙합,Hip-Hop,Hip-Hop,Хип-хоп,ฮิปฮอป,Hip-Hop,Hip-Hop,嘻哈,嘻哈,嘻哈
Studio.Toolbox.Audio.Music.Genre.jazz,,,Jazz,Jazz,الجاز,Jazz,Jazz,Jazz,जैज़,Jazz,Jazz,ジャズ,재즈,Jazz,Jazz,Джаз,แจ๊ส,Caz,Nhạc Jazz,爵士,爵士,爵士
Studio.Toolbox.Audio.Music.Genre.kitsch-retro,,,Kitsch & Retro,Kitsch & Retro,كيتش وريترو,Kitsch & Retro,Kitsch y Retro,Kitsch et rétro,किच और रेट्रो,Kitsch & Retro,Kitsch & Retro,キッチュ＆レトロ,키치 및 레트로,Kicz i retro,Kitsch & Retrô,Китч и ретро,คิตช์และเรโทร,Kitsch ve Retro,Kitsch & Retro,通俗与复古,通俗与复古,媚俗和復古
Studio.Toolbox.Audio.Music.Genre.latin,,,Latin,Latin,الموسيقى اللاتينية,Latin,Latina,Latine,लैटिन,Latin,Latina,ラテン,라틴,Latino,Latina,Латинская,ละติน,Latin,La Tinh,拉丁,拉丁,拉丁
Studio.Toolbox.Audio.Music.Genre.marches-military,,,Marches & Military,Marches & Military,موسيقى المسيرات والموسيقى العسكرية,Märsche & Militär,Marchas & Militar,Marches & Militaires,मार्च और मिलिट्री,Pawai & Militer,Marcie & militare,行進曲とミリタリー,행진곡 및 군대음악,Marsze i wojskowe,Marchas e militares,Марши и военная,มาร์ชทหาร,Marşlar ve Ordu,Hành Khúc & Quân Đội,进行曲,进行曲,進行曲
Studio.Toolbox.Audio.Music.Genre.pop,,,Pop,Pop,موسيقى البوب,Pop,Pop,Pop,पॉप,Pop,Pop,ポップス,팝,Pop,Pop,Поп,ป๊อป,Pop,Pop,流行,流行,流行
Studio.Toolbox.Audio.Music.Genre.religious,,,Religious,Religious,الموسيقى الدينية,Religiös,Religiosa,Religieux,धार्मिक,Religi,Religiosa,宗教,종교,Religijna,Religiosa,Религиозная,ศาสนา,Dinî,Tôn Giáo,宗教,宗教,宗教
Studio.Toolbox.Audio.Music.Genre.rock,,,Rock,Rock,موسيقى الروك,Rock,Rock,Rock,चट्टान,Rock,Rock,ロック,록,Rock,Rock,Рок,ร็อค,Rock,Rock,摇滚,摇滚,搖滾
Studio.Toolbox.Audio.Music.Genre.scores-orchestral,,,Scores & Orchestral,Scores & Orchestral,الدرجات الموسيقية والأوركسترا,Titelmusik & Orchester,Partituras y Orquesta,Partitions et orchestration,संगीत और ऑर्केस्ट्रा,Soundtrack & Orkestra,Colonne sonore e orchestra,管弦楽とオーケストラ,스코어 및 오케스트라,Instrumentalna i w wykonaniu orkiestry,Partituras e Orquestrais,Партитура и оркестр,โน้ตเพลงและออร์เคสตรา,Film ve Orkestra,Nhạc Phim & Nhạc Giao Hưởng,乐曲和管弦乐队,乐曲和管弦乐队,樂曲和管弦樂
Studio.Toolbox.Audio.Music.Genre.world-beat,,,World Beat,World Beat,الموسيقى العالمية,World Beat,World Beat,World Beat,वर्ल्ड बीट,World Beat,World beat,ワールドビート,월드 비트,Worldbeat,World Beat,Мировые биты,เวิลด์บีต,Dünyadan Sesler,Nhạc Thế Giới,世界节奏,世界节奏,世界節奏
Studio.Toolbox.Audio.SoundEffect.Category.acid,,,Acid,Acid,صوت أسيد,Säure,Acid,Acide,एसिड,Asam,Acid,アシッド,애시드,Kwas,Ácido,Acid,กรด,Asit,Axit,酸性,酸性,酸
Studio.Toolbox.Audio.SoundEffect.Category.air,,,Air,Air,هواء,Luft,Aire,Air,हवा,Udara,Aria,エア,공기,Powietrze,Ar,Air,อากาศ,Hava,Không Khí,天空,天空,空氣
Studio.Toolbox.Audio.SoundEffect.Category.Aircraft,,,Aircraft,Aircraft,الطائرة,Flugzeug,Avión,Avion,एयरक्राफ़्ट,Pesawat,Aereo,飛行機,항공기,Samoloty,Aeronave,,อากาศยาน,Uçak,Máy Bay,飞行器,飞行器,飛機
Studio.Toolbox.Audio.SoundEffect.Category.alarms,,,Alarms,Alarms,الإنذارات,Alarme,Alarmas,Alarmes,अलार्म,Alarm,Allarmi,アラーム,알람,Alarmy,Alarmes,,สัญญาณเตือน,Alarm,Báo Động,闹铃,闹铃,鬧鈴
Studio.Toolbox.Audio.SoundEffect.Category.alien,,,Alien,Alien,صوت فضائي,Alien,Alienígena,Alien,एलियन,Alien,Alieno,エイリアン,외계인,Obcy,Alienígena,,มนุษย์ต่างดาว,Uzaylı,Người Ngoài Hành Tinh,外星人,外星人,外星人
Studio.Toolbox.Audio.SoundEffect.Category.ambience,,,Ambience,Ambience,صوت الأجواء,Ambiente,Ambiente,Ambiance,माहौल,Ambience,Ambiente,環境音,주변음,Atmosfera,Ambiente,,บรรยากาศ,Ambiyans,Môi Trường,气氛,气氛,氣氛
Studio.Toolbox.Audio.SoundEffect.Category.amphibians,,,Amphibians,Amphibians,البرمائيات,Amphibien,Anfibios,Amphibiens,उभयचर,Amfibi,Anfibi,両生類,양서류,Płazy,Anfíbios,,ครึ่งบกครึ่งน้ำ,Amfibiler,Động Vật Lưỡng Cư,两栖动物,两栖动物,雙棲動物
Studio.Toolbox.Audio.SoundEffect.Category.answering-machine,,,Answering Machine,Answering Machine,جهاز الرد الآلي,Anrufbeantworter,Contestadora,Répondeur,जवाब देने वाली मशीन,Mesin Penjawab Telepon,Segreteria Telefonica,留守電,자동 응답기,Automatyczna sekretarka,Secretária eletrônica,,เครื่องตอบรับอัตโนมัติ,Telesekreter,Máy Trả lời,答录机,答录机,答錄機
Studio.Toolbox.Audio.SoundEffect.Category.antique-cars,,,Antique Cars,Antique Cars,سيارات عتيقة,Oldtimer Autos,Carros antiguos,Voitures anciennes,एंटीक कारें,Mobil Antik,Auto Antiche,ヴィンテージカー,앤티크 카,Zabytkowe samochody,Carros antigos,,รถยนต์โบราณ,Antika Araba,Xe Cổ,古董车,古董车,古董車
Studio.Toolbox.Audio.SoundEffect.Category.Applause,,,Applause,Applause,تصفيق,Applaus,Aplauso,Applaudissements,तालियाँ,Tepuk Tangan,Applausi,拍手,박수갈채,Aplauz,Aplausos,,ปรบมือ,Alkış,Vỗ Tay,鼓掌,鼓掌,掌聲
Studio.Toolbox.Audio.SoundEffect.Category.arcs-zaps,,,Arcs & Zaps,Arcs & Zaps,أقواس وصدمات,Arcs & Zaps,Arcos voltáicos y descargas eléctricas,Arcs & Zaps,आर्क्स और ज़ैप्स,Desisan & Sengatan Listrik,Arcs & Zaps,電流と放電,전기 아크 및 충격,Wyładowania elektryczne,Arcos e zaps,,ไฟฟ้าช็อต,Elektrik ve Işın,Cao Trào & Dồn Dập,电流 & 电击声,电流 & 电击声,電流電擊
Studio.Toolbox.Audio.SoundEffect.Category.arrows,,,Arrows,Arrows,السهام,Pfeile,Flechas,Flèches,तीर,Anak Panah,Frecce,矢,화살,Strzały,Flechas,,ลูกธนู,Ok,Mũi Tên,箭,箭,箭
Studio.Toolbox.Audio.SoundEffect.Category.artillery,,,Artillery,Artillery,مدفعية,Artillerie,Artillería,Artillerie,तोपखाना,Artileri,Artiglieria,大砲,대포,Artyleria,Artilharia,,ปืนใหญ่,Ağır Silah,Pháp Binh,大炮,大炮,大砲
Studio.Toolbox.Audio.SoundEffect.Category.babies,,,Babies,Babies,الأطفال,Babys,Bebés,Bébés,शिशु,Bayi,Neonati,赤ちゃん,아기,Niemowlęta,Bebês,,ทารก,Bebekler,Em Bé,婴儿,婴儿,嬰兒
Studio.Toolbox.Audio.SoundEffect.Category.battle,,,Battle,Battle,معركة,Schlacht,Batalla,Bataille,लड़ाई,Pertempuran,Battaglia,戦闘,전투,Bitwa,Batalha,,การต่อสู้,Savaş,Chiến Đấu,战斗,战斗,戰鬥
Studio.Toolbox.Audio.SoundEffect.Category.beasts,,,Beasts,Beasts,وحوش,Bestien,Bestias,Bêtes,जानवर,Makhluk Buas,Bestie,ビースト,짐승,Potwory,Feras,,สัตว์ประหลาด,Canavar,Quái Vật,野兽,野兽,野獸
Studio.Toolbox.Audio.SoundEffect.Category.beeps,,,Beeps,Beeps,صفارات,Pieptöne,Pitidos,Bips,बीप,Bip,Beeps,ビープ音,경고음,Klaksony,Bips,,ปี๊บ,Bipler,Tiếng Bíp,哔哔声,哔哔声,嗶嗶聲
Studio.Toolbox.Audio.SoundEffect.Category.bells,,,Bells,Bells,أجراس,Glocken,Campanas,Cloches,घंटियाँ,Lonceng,Campane,ベル,벨 소리,Dzwonki,Sinos,,กระดิ่ง,Zil,Chuông,铃铛,铃铛,鈴鐺
Studio.Toolbox.Audio.SoundEffect.Category.bicycles,,,Bicycles,Bicycles,الدراجات,Fahrräder,Bicicletas,Vélos,साइकिलें,Sepeda,Biciclette,自転車,자전거,Rowery,Bicicletas,,จักรยาน,Bisiklet,Xe Đạp,自行车,自行车,腳踏車
Studio.Toolbox.Audio.SoundEffect.Category.birds,,,Birds,Birds,الطيور,Vögel,Aves,Oiseaux,पक्षी,Burung,Uccelli,鳥,새,Ptaki,Pássaros,,นก,Kuş,Chim,鸟叫,鸟叫,鳥
Studio.Toolbox.Audio.SoundEffect.Category.blood,,,Blood,Blood,الدم,Blut,Sangre,Sang,ब्लड,Darah,Sangue,流血,유혈,Krew,Sangue,,เลือด,Kan,Máu,血,血,血
Studio.Toolbox.Audio.SoundEffect.Category.blow,,,Blow,Blow,نفخ,Pusten,Golpe,Souffler,ब्लो,Tiupan,Colpo,殴る音,부는 소리,Podmuch,Soprador,,เป่า,Darbe,Tiếng Gió,吹气,吹气,吹氣
Studio.Toolbox.Audio.SoundEffect.Category.boats,,,Boats,Boats,القوارب,Boote,Barcos,Bateaux,नावें,Perahu,Barche,ボート,보트,Łodzie,Barcos,,เรือ,Tekne,Thuyền,船只,船只,船
Studio.Toolbox.Audio.SoundEffect.Category.bodyfalls,,,Bodyfalls,Bodyfalls,سقوط الجسم,Körperfälle,Caída de cuerpos,Chutes de corps,बॉडीफ़ॉल,Badan Jatuh,Corpi cadenti,倒れる音,낙하,Upadki,Corpo caindo,,ล้มตัว,Düşme,Va Chạm Cơ Thể,身体掉落,身体掉落,Bodyfall
Studio.Toolbox.Audio.SoundEffect.Category.bow-wash,,,Bow Wash,Bow Wash,صوت غسل القوس,Bugwellen,Lavado de proa,Nettoyage d'arc,बो वॉश,Ombak Perahu,Lavaggio Dell'Arco,ボウウォッシュ,뱃머리,Plusk wody,Água na proa,,คลื่นซัด,Su Dalgası,Rửa Mũi Tàu,擦弓声,擦弓声,Bow Wash
Studio.Toolbox.Audio.SoundEffect.Category.brakes,,,Brakes,Brakes,المكابح,Bremsen,Frenos,Freins,ब्रेक्स,Rem,Freni,ブレーキ,브레이크,Hamulce,Freios,,เบรก,Frenler,Phanh,刹车,刹车,煞車
Studio.Toolbox.Audio.SoundEffect.Category.Breaking,,,Breaking,Breaking,كسر,Zerbrechen,Romper,Bruit de casse,तोड़ना,Patah,Rompere,破壊,파열,Przerywanie,Quebrando,,การแตก,Kırılma,Đổ Vỡ,破裂,破裂,破壞
Studio.Toolbox.Audio.SoundEffect.Category.Breathing,,,Breathing,Breathing,التنفس,Atmen,Respirar,Respiration,श्वास,Bernapas,Respirazione,呼吸,호흡,Oddychanie,Respiração,,การหายใจ,Nefes,Thở,呼吸,呼吸,呼吸
Studio.Toolbox.Audio.SoundEffect.Category.bubbles,,,Bubbles,Bubbles,الفقاعات,Blasen,Burbujas,Bulles,बुलबुले,Gelembung,Bolle,バブル,거품,Bąbelki,Bolhas,,ฟองสบู่,Baloncuk,Bong Bóng,泡泡,泡泡,泡泡
Studio.Toolbox.Audio.SoundEffect.Category.bullet-whiz,,,Bullet Whiz,Bullet Whiz,أزيز الرصاصة,Patronenzischen,Zumbido de bala,Bullet Whiz,गोली चलने की आवाज़,Desing Peluru,Ronzio di proiettili,銃声,총알 소리,Świst pocisków,Zumbido de bala,,กระสุนหวีดหวิว,Mermi Vızıltısı,Tiếng Đạn Xé Gió,子弹咻声,子弹咻声,子彈咻聲
Studio.Toolbox.Audio.SoundEffect.Category.bullets,,,Bullets,Bullets,الرصاصات,Patronen,Balas,Balles,गोलियाँ,Peluru,Proiettili,銃弾,총알,Pociski,Balas,,กระสุน,Mermi,Viên Đạn,子弹,子弹,子彈
Studio.Toolbox.Audio.SoundEffect.Category.burning,,,Burning,Burning,حرق,Brennen,Quemar,En feu,जलना,Terbakar,Bruciamento,燃える音,불타는 소리,Płomienie,Queimando,,เผาไหม้,Yanma,Cháy,燃烧,燃烧,燃燒
Studio.Toolbox.Audio.SoundEffect.Category.burps,,,Burps,Burps,تجشؤ,Rülpsen,Eructos,Rots,डकारें,Sendawa,Rutti,げっぷ,트림,Beknięcia,Arrotos,,เรอ,Geğirme,Ợ Hơi,打嗝,打嗝,打嗝
Studio.Toolbox.Audio.SoundEffect.Category.buses,,,Buses,Buses,الحافلات,Busse,Autobuses,Autobus,बसें,Bus,Autobus,バス,버스,Autobusy,Ônibus,,รถประจำทาง,Otobüs,Xe Khách,公车,公车,公車
Studio.Toolbox.Audio.SoundEffect.Category.buzzers,,,Buzzers,Buzzers,أجهزة التنبيه,Buzzer,Zumbidos,Vrombissements,बज़र्स,Buzzer,"Buzzer,",ブザー,버저,Brzęczyki,Zumbidos,,ออด,Zil Sesi,Kèn Chuông,蜂鸣器,蜂鸣器,蜂鳴器
Studio.Toolbox.Audio.SoundEffect.Category.bys,,,Bys,Bys,بايس,Vorbeirauschen,Cercano,Passer à côté,Bys,Suara dari sumber tertentu,Vai oltre,通過音,통과음,Przejeżdżanie,Passar por cima,,ใกล้เคียง,Yaklaşma sesleri,Bys,通过,通过,掰
Studio.Toolbox.Audio.SoundEffect.Category.cameras,,,Cameras,Cameras,الكاميرات,Kameras,Cámaras,Caméras,कैमरे,Kamera,Telecamere,カメラ,카메라,Kamery,Câmeras,,กล้อง,Kamera,Camera,摄像机,摄像机,攝影機
Studio.Toolbox.Audio.SoundEffect.Category.cartoon,,,Cartoon,Cartoon,رسوم متحركة,Cartoon,Caricatura,Caricature,कार्टून,Kartun,Cartone,アニメ,만화,Kreskówki,Desenho,,การ์ตูน,Çizgi Film,Hoạt Hình,卡通,卡通,卡通
Studio.Toolbox.Audio.SoundEffect.Category.carts,,,Carts,Carts,عربات,Einkaufswagen,Carritos,Paniers,कार्ट्स,Gerobak,Carri,カート,카트,Wózki,Carrinhos,,รถเข็น,Çekçek,Xe Đẩy,购物车,购物车,推車
Studio.Toolbox.Audio.SoundEffect.Category.chains,,,Chains,Chains,السلاسل,Ketten,Cadenas,Chaînes,चेन्स,Rantai,Catene,チェーン,체인,Łańcuchy,Correntes,,โซ่,Zincir,Xích,链条,链条,鎖鏈
Studio.Toolbox.Audio.SoundEffect.Category.chairs,,,Chairs,Chairs,كراسي,Stühle,Sillas,Chaises,कुर्सियाँ,Kursi,Sedie,イス,의자,Krzesła,Cadeiras,,เก้าอี้,Sandalye,Ghế,椅子,椅子,椅子
Studio.Toolbox.Audio.SoundEffect.Category.chimes,,,Chimes,Chimes,الأجراس,Röhrenglocken,Repiques,Reprises,चाइम्स,Denting,Chimes,チャイム,차임,Kuranty,Sinos,,ระฆัง,Çan Sesi,Chuông Hòa Âm,风铃,风铃,風鈴
Studio.Toolbox.Audio.SoundEffect.Category.chops,,,Chops,Chops,تقطيع,Hacken,Cortes,Coupes,चॉप्स,Memotong,Chops,切る音,써는 소리,Ciosy,Cortes,,สับ,Vuruş,Tiếng Băm Chặt,劈砍,劈砍,劈聲
Studio.Toolbox.Audio.SoundEffect.Category.classic-cars,,,Classic Cars,Classic Cars,سيارات كلاسيكية,Klassische Autos,Carros clásicos,Voitures classiques,क्लासिक कारें,Mobil Klasik,Auto Classiche,クラシックカー,클래식 카,Klasyczne samochody,Carros Clássicos,,รถยนต์คลาสสิก,Klasik Araba,Xe Cổ,经典车,经典车,經典車
Studio.Toolbox.Audio.SoundEffect.Category.clicks,,,Clicks,Clicks,الضغطات,Klicks,Clics,Clics,क्लिक,Klik,Clic,クリック,딸깍 소리,Kliknięcia,Cliques,,คลิก,Tıklama,Nhấp Chuột,咔哒声,咔哒声,喀擦
Studio.Toolbox.Audio.SoundEffect.Category.clocks,,,Clocks,Clocks,الساعات,Uhren,Relojes,Horloges,घड़ियाँ,Jam,Orologi,時計,시계,Zegary,Relógios,,นาฬิกา,Saat,Đồng Hồ,钟表,钟表,鬧鐘
Studio.Toolbox.Audio.SoundEffect.Category.cloth,,,Cloth,Cloth,قماش,Stoff,Tela,Vêtement,कपड़ा,Kain,Tessuto,布,옷감,Tkaniny,Roupa,,เสื้อผ้า,Kıyafet,Trang Phục,布料,布料,布料
Studio.Toolbox.Audio.SoundEffect.Category.combustion,,,Combustion,Combustion,الاحتراق,Verbrennung,Combustión,Combustion,दहन,Pembakaran,Combustione,燃焼,연소,Zapłon,Combustão,,การสันดาป,Tutuşma,Sự Cháy,燃烧,燃烧,燃燒
Studio.Toolbox.Audio.SoundEffect.Category.computers,,,Computers,Computers,أجهزة الكمبيوتر,Computer,Computadoras,Ordinateurs,कंप्यूटर,Komputer,Computer,パソコン,컴퓨터,Komputery,Computadores,,คอมพิวเตอร์,Bilgisayar,Máy Tính,电脑,电脑,電腦
Studio.Toolbox.Audio.SoundEffect.Category.cooking,,,Cooking,Cooking,الطهي,Kochen,Cocinar,Cuisine,खाना पकाना,Memasak,Cucinare,料理,요리,Gotowanie,Cozinhando,,ทำอาหาร,Pişirme,Nấu Ăn,烹饪,烹饪,烹飪
Studio.Toolbox.Audio.SoundEffect.Category.coughs,,,Coughs,Coughs,السعال,Husten,Golpes de tos,Toux,खाँसी,Batuk,Tosse,咳,기침,Kaszel,Tosse,,ไอ,Öksürük,Ho,咳嗽,咳嗽,咳嗽
Studio.Toolbox.Audio.SoundEffect.Category.cracks,,,Cracks,Cracks,شقوق,Risse,Chasquidos,Fentes,दरारें,Retakan,Cracks,割れる音,깨짐 소리,Trzaski,Rachados,,แตกร้าว,Çatlama,Vết Nứt,碎裂,碎裂,碎裂
Studio.Toolbox.Audio.SoundEffect.Category.crashes,,,Crashes,Crashes,اصطدامات,Crashes,Choques,Accidents,क्रैश,Tabrakan,Crashes,衝突音,충돌,Zderzenia,Batidas,,ชน,Şangırtı,Va Chạm,撞击,撞击,撞擊
Studio.Toolbox.Audio.SoundEffect.Category.creaks,,,Creaks,Creaks,صرير,Knarren,Rechinamientos,Craquements,चरमराहट,Derit,Macinazione,きしみ音,삐걱 소리,Skrzypnięcia,Rangidos,,เอี๊ยด,Gıcırtı,Tiếng Cót Két,嘎吱,嘎吱,嘎吱聲
Studio.Toolbox.Audio.SoundEffect.Category.crowds,,,Crowds,Crowds,حشود,Menschenmengen,Multitudes,Foules,भीड़,Keramaian,Folle,群衆,군중,Tłumy,Multidões,,ฝูงชน,Kalabalık,Đám Đông,喧哗,喧哗,喧嘩
Studio.Toolbox.Audio.SoundEffect.Category.crunches,,,Crunches,Crunches,قرمشة,Knirschen,Crujidos,Crissements,क्रंच,Geretak,Crunches,カリカリ音,씹는 소리,Szelesty,Trituramento,,บดขยี้,Çatırtı,Tiếng Răng Rắc,嘎吱咀嚼,嘎吱咀嚼,喀擦聲
Studio.Toolbox.Audio.SoundEffect.Category.debris,,,Debris,Debris,حطام,Trümmer,Escombros,Débris,डेब्री,Puing,Debris,デブリ,파편,Gruz,Escombros,,เศษหิน,Enkaz,Dọn Rác,碎片,碎片,碎片
Studio.Toolbox.Audio.SoundEffect.Category.diesel,,,Diesel,Diesel,ديزل,Diesel,Gasóleo,Diesel,डीज़ल,Diesel,Diesel,ディーゼル,디젤,Diesel,Diesel,,ดีเซล,Dizel,Diesel,柴油,柴油,柴油
Studio.Toolbox.Audio.SoundEffect.Category.dirt,,,Dirt,Dirt,تراب,Erde,Tierra,Poussière,डर्ट,Tanah,Terra,採掘音,흙먼지,Ziemia,Poeira,,ดิน,Toprak,Lời Tục Tĩu,尘土,尘土,塵土
Studio.Toolbox.Audio.SoundEffect.Category.Distortion,,,Distortion,Distortion,خشخشة,Verzerrung,Distorción,Distorsion,डिस्टॉर्शन,Distorsi,Distorsione,ディストーション,왜곡,Zniekształcenie,Distorção,,การบิดเบี้ยว,Bozulma,Vặn Vẹo,扭曲,扭曲,失真
Studio.Toolbox.Audio.SoundEffect.Category.doors,,,Doors,Doors,أبواب,Türen,Puertas,Portes,दरवाज़े,Pintu,Porte,ドア,문,Drzwi,Portas,,ประตู,Kapı,Cửa,门,门,門
Studio.Toolbox.Audio.SoundEffect.Category.drain,,,Drain,Drain,صرف,Abfluss,Drenaje,Tuyau,नाली,Drainase,Prosciuga,コポコポ音,배수관,Odpływ,Dreno,,ดูด,Kanal,Rãnh,排水管道,排水管道,排水管
Studio.Toolbox.Audio.SoundEffect.Category.drawers,,,Drawers,Drawers,أدراج,Schubladen,Cajones,Tiroirs,दराज़,Laci,Cassetti,引き出し,서랍,Szuflady,Gavetas,,ลิ้นชัก,Çekmece,Ngăn Kéo,抽屉,抽屉,抽屜
Studio.Toolbox.Audio.SoundEffect.Category.drips,,,Drips,Drips,قطرات,Tropfen,Gotas,Gouttes,ड्रिप्स,Tetesan,Goccioline,ポタポタ音,액체 방울,Kapanie,Gotas,,หยด,Damlama,Nhỏ Giọt,滴答,滴答,滴答
Studio.Toolbox.Audio.SoundEffect.Category.earthquakes,,,Earthquakes,Earthquakes,زلازل,Erdbeben,Terremotos,Tremblements de terre,भूकंप,Gempa Bumi,Terremoti,地震,지진,Trzęsienie ziemi,Terremotos,,แผ่นดินไหว,Deprem,Động Đất,地震,地震,地震
Studio.Toolbox.Audio.SoundEffect.Category.eating,,,Eating,Eating,تناول الطعام,Essen,Comer,Manger,खाना,Makan,Mangiare,食べる音,먹는 소리,Jedzenie,Comendo,,การกิน,Yeme,Ăn,用餐,用餐,進食
Studio.Toolbox.Audio.SoundEffect.Category.efforts,,,Efforts,Efforts,جهود,Anstrengungen,Esfuerzos,Éfforts,कोशिश,Efek suara manusia,Sforzi,がんばり,안간힘,Wysiłek,Esforços,,พยายาม,Çaba,Nỗ Lực,努力,努力,努力
Studio.Toolbox.Audio.SoundEffect.Category.electric,,,Electric,Electric,كهربائي,Elektrisch,Eléctrico,Électrique,इलेक्ट्रिक,Elektrik,Elettrico,エレクトリック,일렉트릭,Elektryczne,Elétrico,,ไฟฟ้า,Elektrik,Điện,电流,电流,電
Studio.Toolbox.Audio.SoundEffect.Category.elevators,,,Elevators,Elevators,مصاعد,Aufzüge,Elevadores,Ascenseurs,लिफ़्ट,Lift,Ascensori,エレベーター,엘리베이터,Windy,Elevadores,,ลิฟต์,Asansör,Thang Máy,电梯,电梯,電梯
Studio.Toolbox.Audio.SoundEffect.Category.energy,,,Energy,Energy,الطاقة,Energie,Energía,Énergie,एनर्जी,Energi,Energia,エネルギー,에너지,Energia,Energia,,พลังงาน,Enerji,Năng Lượng,能量,能量,能量
Studio.Toolbox.Audio.SoundEffect.Category.english,,,English,English,الإنجليزية,Englisch,Inglés,Anglais,अंग्रेज़ी,Bahasa Inggris,Inglese,英語,영어,Angielski,Inglês,,อังกฤษ,İngilizce,Tiếng Anh,英语,英语,英文
Studio.Toolbox.Audio.SoundEffect.Category.exotic,,,Exotic,Exotic,غريب,Exotisch,Exótico,Exotique,एग्ज़ॉटिक,Eksotis,Esotico,エキゾチック,이국적,Egzotyczne,Exótico,,แปลกประหลาด,Egzotik,Kỳ Lạ,异国,异国,異國
Studio.Toolbox.Audio.SoundEffect.Category.explosions,,,Explosions,Explosions,انفجارات,Explosionen,Explosiones,Explosions,धमाके,Ledakan,Esplosione,爆発,폭발,Wybuchy,Explosões,,การระเบิด,Patlama,Nổ,爆炸,爆炸,爆炸
Studio.Toolbox.Audio.SoundEffect.Category.fans-air-conditioning,,,Fans & Air Conditioning,Fans & Air Conditioning,المراوح وتكييف الهواء,Ventilatoren & Klimaanlagen,Ventiladores y aire acondicionado,Ventilateurs & Air conditionné,पंखे और एयर कंडीशनिंग,Kipas Angin & Pendingin Ruangan,Ventilatori E Aria Condizionata,扇風機とエアコン,선풍기 및 에어컨,Wentylatory i klimatyzacja,Ventiladores e ar condicionado,,พัดลมและเครื่องปรับอากาศ,Vantilatör ve Klima,Quạt & Điều Hòa Không Khí,风扇与空调,风扇与空调,風扇和空調
Studio.Toolbox.Audio.SoundEffect.Category.farm,,,Farm,Farm,مزرعة,Farm,Granja,Ferme,फ़ार्म,Peternakan,Azienda,農場,농장,Wieś,Fazenda,,ฟาร์ม,Çiftlik,Trang Trại,农场,农场,農場
Studio.Toolbox.Audio.SoundEffect.Category.farts,,,Farts,Farts,ضراطات,Fürze,Flatulencia,Flatulences,फ़ार्ट्स,Kentut,Scoregge,おなら,방귀,Pierdnięcia,Peidos,,ผายลม,Gaz Çıkarma,Đánh Rắm,放屁,放屁,放屁
Studio.Toolbox.Audio.SoundEffect.Category.feedback,,,Feedback,Feedback,ملاحظات,Feedback,Retroalimentación,Commentaires,फ़ीडबैक,Feedback,Feedback,フィードバック,피드백,Sprzężenie,Retroalimentação,,ข้อเสนอแนะ,Geri Bildirim,Phản Hồi,反馈,反馈,回授
Studio.Toolbox.Audio.SoundEffect.Category.fight,,,Fight,Fight,قتال,Kampf,Pelea,Combat,फ़ाइट,Pertarungan,Lotta,戦い,싸움,Bijatyka,Luta,,ต่อสู้,Kavga,Chiến Đấu,战斗,战斗,格鬥
Studio.Toolbox.Audio.SoundEffect.Category.Fire,,,Fire,Fire,نيران,Feuer,Fuego,Feu,फ़ायर,Api,Fuoco,火,불,Ogień,Fogo,,ยิง,Yangın,Lửa,火,火,火焰
Studio.Toolbox.Audio.SoundEffect.Category.Fireworks,,,Fireworks,Fireworks,ألعاب نارية,Feuerwerk,Fuegos artificiales,Feux d'artifice,आतिशबाज़ी,Kembang Api,Fuochi D'Artificio,花火,불꽃놀이,Sztuczne ognie,Fogos de artifício,,พลุ,Havai Fişek,Pháo Hoa,烟花,烟花,火花
Studio.Toolbox.Audio.SoundEffect.Category.flowing,,,Flowing,Flowing,تدفق,Fließen,Fluir,Flux,बहना,Mengalir,Fluttuante,流れ,흐름,Pływanie,Fluir,,การไหล,Akış,Dòng Chảy,流动,流动,流動
Studio.Toolbox.Audio.SoundEffect.Category.flying,,,Flying,Flying,طيران,Fliegen,Volar,Volant,उड़ना,Terbang,Volante,飛行,비행,Latanie,Voando,,การบิน,Uçuş,Bay,飞行,飞行,飛行
Studio.Toolbox.Audio.SoundEffect.Category.foley,,,Foley,Foley,فولي,Geräuschemachen,Efecto de sala,Bruiteur,फ़ोली,Foley,Effetto stanza,フォーリー,폴리,Imitacja dźwięku,Efeito de sala,,โฟลีย์,Foley,Âm Thanh Từ Các Vật Dụng Hàng Ngày,拟声音效,拟声音效,擬聲音效
Studio.Toolbox.Audio.SoundEffect.Category.foliage,,,Foliage,Foliage,أوراق شجر,Laub,Hojas,Feuillage,पत्ते,Dedaunan,Fogliame,グリーン,나뭇잎,Listowie,Folhagem,,ใบไม้,Yeşillik,Xào Xạc,叶片,叶片,葉子
Studio.Toolbox.Audio.SoundEffect.Category.footsteps,,,Footsteps,Footsteps,خطوات,Fußschritte,Pasos,Bruits de pas,फ़ुटस्टेप्स (पदचिह्न),Langkah Kaki,Impronte,足音,발소리,Kroki,Passos,,ฝีเท้า,Ayak Sesi,Tiếng Bước Chân,脚步,脚步,腳步
Studio.Toolbox.Audio.SoundEffect.Category.foreign,,,Foreign,Foreign,أجنبي,Fremd,Extranjero,Étranger,विदेश,Asing,Stranieri,外国,외국,Zagraniczne,Estrangeiro,,ต่างประเทศ,Yabancı,Nước Ngoài,外国,外国,外國
Studio.Toolbox.Audio.SoundEffect.Category.games,,,Games,Games,الألعاب,Spiele,Juegos,Jeux,गेम्स,Game,Giochi,ゲーム,게임,Gry,Jogos,,เกม,Oyun,Trò Chơi,游戏,游戏,遊戲
Studio.Toolbox.Audio.SoundEffect.Category.Gears,,,Gears,Gears,الأدوات,Getriebe,Engranajes,Engrenages,गियर,Roda Gigi,Ingranaggio,ギア,기어,Koła zębate,Engrenagens,,อุปกรณ์,Dişli,Trang Bị,装备,装备,齒輪
Studio.Toolbox.Audio.SoundEffect.Category.ghosts,,,Ghosts,Ghosts,الأشباح,Geister,Fantasmas,Fantômes,भूत,Hantu,Fantasmi,おばけ,귀신,Duchy,Fantasmas,,ผี,Hayalet,Ma,鬼魂,鬼魂,鬼
Studio.Toolbox.Audio.SoundEffect.Category.Glass,,,Glass,Glass,زجاج,Glas,Vidrio,Verre,ग्लास,Kaca,Vetro,ガラス,유리,Szkło,Vidro,,แก้ว,Cam,Kính,玻璃,玻璃,玻璃
Studio.Toolbox.Audio.SoundEffect.Category.glassware,,,Glassware,Glassware,الأواني الزجاجية,Glaswaren,Cristalería,Verrerie,ग्लासवेयर,Barang Pecah Belah,Bicchieri,ガラス器,유리그릇,Naczynia szklane,Vidraria,,เครื่องแก้ว,Züccaciye,Đồ Thủy Tinh,玻璃制品,玻璃制品,玻璃製品
Studio.Toolbox.Audio.SoundEffect.Category.gliders,,,Gliders,Gliders,طائرات شراعية,Segelflugzeuge,Planeadores,Planeurs,ग्लाइडर्स,Pesawat Layang,Alianti,グライダー,글라이더,Szybowce,Planadores,,เครื่องร่อน,Planör,Tàu Lượn,滑翔机,滑翔机,滑翔機
Studio.Toolbox.Audio.SoundEffect.Category.gore,,,Gore,Gore,مشاهد دموية,Blutrünstige Darstellungen (Gore),Derramamientos de sangre,Gore,खूनी,Berdarah,Macabro,流血,고어,Krew,Violência extrema,,นองเลือด,Vahşet,Máu Me,血腥,血腥,血腥
Studio.Toolbox.Audio.SoundEffect.Category.guns,,,Guns,Guns,بنادق,Pistolen,Pistolas,Fusils,बंदूकें,Senapan,Pistole,銃,총,Broń palna,Armas,,ปืน,Silah,Súng,枪支,枪支,槍
Studio.Toolbox.Audio.SoundEffect.Category.hand,,,Hand,Hand,يد,Hand,Mano,Main,हाथ,Tangan,Mano,手,손,Ręka,Mão,,มือ,El,Bàn Tay,手,手,手
Studio.Toolbox.Audio.SoundEffect.Category.handling,,,Handling,Handling,مقابض,Handhabung,Manejo,Manipulation,हैंडलिंग,Tindakan dengan Tangan,Gestione,取扱い,조작,Obsługa,Manuseio,,จับถือ,Kullanım,Xử Lý,操作,操作,操作
Studio.Toolbox.Audio.SoundEffect.Category.hardware,,,Hardware,Hardware,الأجهزة,Hardware,Hardware,Hardware,हार्डवेयर,Perangkat Keras,Hardware,ハードウェア,하드웨어,Sprzęt,Hardware,,ฮาร์ดแวร์,Donanım,Phần Cứng,硬件,硬件,硬體
Studio.Toolbox.Audio.SoundEffect.Category.heavy,,,Heavy,Heavy,ثقيل,Schwer,Pesado,Lourd,बहुत ज़्यादा,Berat,Pesante,ヘビー,무거움,Ciężki,Pesado,,หนัก,Ağır,Nặng,沉重,沉重,沉重
Studio.Toolbox.Audio.SoundEffect.Category.helicopters,,,Helicopters,Helicopters,طائرات هليكوبتر,Hubschrauber,Helicópteros,Hélicoptères,हेलीकॉप्टर्स,Helikopter,Elicotteri,ヘリコプター,헬리콥터,Helikoptery,Helicópteros,,เฮลิคอปเตอร์,Helikopter,Trực Thăng,直升机,直升机,直升機
Studio.Toolbox.Audio.SoundEffect.Category.hits,,,Hits,Hits,ضربات,Schläge,Golpes,Hits,हिट्स,Pukulan,Colpi,打つ音,타격,Trafienia,Golpes,,ตี,İsabet,Cú Đánh,打击,打击,打擊
Studio.Toolbox.Audio.SoundEffect.Category.horns,,,Horns,Horns,أبواق,Hupen,Bocinas,Cornes,हॉर्न्स,Klakson,Corni,ホーン,경적,Rogi,Metais,,แตร,Korna,Còi ô tô,号角,号角,號角
Studio.Toolbox.Audio.SoundEffect.Category.Hum,,,Hum,Hum,همهمة,Summen,Zumbido,Hum,हम,Dengungan,Hum,鼻歌,웅웅거림,Nucenie,Zumbido,,ฮัมเพลง,Uğultu,Vo Ve,嗡嗡声,嗡嗡声,輕哼
Studio.Toolbox.Audio.SoundEffect.Category.human,,,Human,Human,بشري,Mensch,Humano,Humain,इंसान,Manusia,Umano,人間,인간,Człowiek,Humano,,มนุษย์,İnsan,Con Người,人声,人声,人類
Studio.Toolbox.Audio.SoundEffect.Category.hydraulic,,,Hydraulic,Hydraulic,هيدروليكي,Hydraulik,Hidráulico,Hydraulique,हाइड्रोलिक,Hidraulis,Idraulico,水力,수력,Hydraulika,Hidráulico,,ไฮดรอลิก,Hidrolik,Thủy Lực,水力,水力,水力
Studio.Toolbox.Audio.SoundEffect.Category.impact,,,Impact,Impact,التأثير,Aufprall,Impacto,Impact,इम्पैक्ट,Benturan,Impatto,インパクト,충격,Uderzenie,Impacto,,กระทบ,Çarpma,Hiệu Quả,冲击,冲击,衝擊
Studio.Toolbox.Audio.SoundEffect.Category.impacts,,,Impacts,Impacts,التأثيرات,Aufpralle,Impactos,Impact,इम्पैक्ट्स,Benturan,Impatti,インパクト,충격적,Uderzenia,Impactos,,กระทบหลายครั้ง,Çarpmalar,Va Chạm,冲击,冲击,衝擊力
Studio.Toolbox.Audio.SoundEffect.Category.industrial,,,Industrial,Industrial,صناعي,Industriell,Industrial,Industriel,औद्योगिक,Industri,Industriale,工業,산업,Industrialne,Industrial,,อุตสาหกรรม,Endüstriyel,Công Nghiệp,工业,工业,工業
Studio.Toolbox.Audio.SoundEffect.Category.insects,,,Insects,Insects,حشرات,Insekten,Insectos,Insectes,कीड़े-मकोड़े,Serangga,Insetti,昆虫,곤충,Owady,Insetos,,แมลง,Böcek,Côn Trùng,昆虫,昆虫,昆蟲
Studio.Toolbox.Audio.SoundEffect.Category.instruments,,,Instruments,Instruments,أدوات,Instrumente,Instrumentos,Instruments,इंस्ट्रूमेंट्स,Instrumen,Strumenti,楽器,악기,Instrumenty,instrumentos,,เครื่องดนตรี,Enstrüman,Dụng Cụ,乐器,乐器,樂器
Studio.Toolbox.Audio.SoundEffect.Category.jets,,,Jets,Jets,طائرات,Jets,Jets,Jets,जेट्स,Jet,Jets,ジェット,제트,Odrzutowce,Jatos,,เจ็ต,Jet,Máy Bay Phản Lực,喷射机,喷射机,噴射
Studio.Toolbox.Audio.SoundEffect.Category.jungle,,,Jungle,Jungle,غابة,Dschungel,Selva,Jungle,जंगल,Hutan,Giungla,ジャングル,정글,Dżungla,Selva,,ป่า,Orman,Rừng Nhiệt Đới,丛林,丛林,叢林
Studio.Toolbox.Audio.SoundEffect.Category.knives-swords,,,Knives & Swords,Knives & Swords,سكاكين وسيوف,Messer & Schwerter,Cuchillos y Espadas,Couteaux et épées,चाकू और तलवारें,Pisau & Pedang,Coltelli & Spade,ナイフと剣,칼 및 검,Noże i miecze,Facas e espadas,,มีดและดาบ,Bıçak ve Kılıç,Dao & Kiếm,刀剑,刀剑,刀劍
Studio.Toolbox.Audio.SoundEffect.Category.land,,,Land,Land,الأرض,Land,Tierra,Territoire,ज़मीन,Daratan,Terreno,着地音,육지,Ląd,Terra,,ดินแดน,Arazi,Đất Đai,土地,土地,陸地
Studio.Toolbox.Audio.SoundEffect.Category.lasers,,,Lasers,Lasers,الليزر,Laser,Láseres,Laser,लेज़र,Laser,Laser,レーザー,레이저,Lasery,Lasers,,เลเซอร์,Lazer,Tia Laser,激光,激光,雷射
Studio.Toolbox.Audio.SoundEffect.Category.Laughter,,,Laughter,Laughter,ضحك,Lachen,Risa,Rire,हँसी,Tawa,Risate,笑い声,웃음,Śmiech,Riso,,เสียงหัวเราะ,Gülme,Tiếng Cười,笑声,笑声,笑聲
Studio.Toolbox.Audio.SoundEffect.Category.leather,,,Leather,Leather,جلد,Leder,Cuero,Cuir,चमड़ा,Kulit,Pelle,レザー,가죽,Skóra,Couro,,หนัง,Deri,Da,皮革,皮革,皮革
Studio.Toolbox.Audio.SoundEffect.Category.light,,,Light,Light,خفيف,Licht,Luz,Lumière,लाइट,Ringan,Luce,ライト,빛,Światło,Luz,,แสง,Işık,Ánh Sáng,灯光,灯光,光
Studio.Toolbox.Audio.SoundEffect.Category.liquid-fx,,,Liquid FX,Liquid FX,سائل FX,Flüssig-Effekte,FX líquido,FX liquide,लिक्विड FX,Efek Cairan,Liquido FX,液体の効果音,액체 효과음,Efekty cieczy,Efeitos líquidos,,เอฟเฟกต์ของเหลว,Sıvı Efekti,Hiệu Ứng Chất Lỏng,液体效果,液体效果,液體效果
Studio.Toolbox.Audio.SoundEffect.Category.machine,,,Machine,Machine,آلة,Maschine,Máquina,Machine,मशीन,Mesin,Macchina,マシン,기계,Maszyna,Máquina,,เครื่องจักร,Makine,Máy Móc,机器,机器,機器
Studio.Toolbox.Audio.SoundEffect.Category.machines,,,Machines,Machines,آلات,Maschinen,Máquinas,Machine,मशीनें,Mesin,Macchine,マシン,기계들,Maszyny,Máquinas,,เครื่องจักร,Makineler,Máy Móc,机器,机器,機械
Studio.Toolbox.Audio.SoundEffect.Category.mammals,,,Mammals,Mammals,الثدييات,Säugetiere,Mamíferos,Mammifères,स्तनधारी,Mamalia,Mammali,哺乳類,포유류,Ssaki,Mamíferos,,สัตว์เลี้ยงลูกด้วยนม,Memeli,Động Vật Có Vú,哺乳动物,哺乳动物,哺乳動物
Studio.Toolbox.Audio.SoundEffect.Category.marine,,,Marine,Marine,بحري,Meer,Marino,Marin,समुद्री,Lautan,Marina,海洋,해양,Morskie,Marinho,,สัตว์น้ำ,Deniz,Hàng Hải,海洋,海洋,海洋
Studio.Toolbox.Audio.SoundEffect.Category.mechanical,,,Mechanical,Mechanical,ميكانيكي,Mechanisch,Mecánico,Mécanique,मैकेनिकल,Mekanis,Meccanico,機械,기계 작동,Mechaniczne,Mecânico,,กลไก,Mekanik,Cơ Khí,机械,机械,機械
Studio.Toolbox.Audio.SoundEffect.Category.metal,,,Metal,Metal,المعدن,Metall,Metal,Métal,मेटल (धातु),Logam,Metallo,メタル,금속,Metal,Metal,,โลหะ,Metal,Kim Loại,金属,金属,金屬
Studio.Toolbox.Audio.SoundEffect.Category.microphone,,,Microphone,Microphone,الميكروفون,Mikrofon,Micrófono,Microphone,माइक्रोफ़ोन,Mikrofon,Microfono,マイク,마이크,Mikrofon,Microfone,,ไมโครโฟน,Mikrofon,Micro,麦克风,麦克风,邁科風
Studio.Toolbox.Audio.SoundEffect.Category.military,,,Military,Military,عسكري,Militär,Militar,Militaire,मिलिट्री,Militer,Militare,ミリタリー,군대,Wojskowe,Militar,,ทหาร,Askerî,Quân Đội,军事,军事,軍事
Studio.Toolbox.Audio.SoundEffect.Category.misc,,,Misc,Misc,متفرقات,Sonstiges,Misceláneo,Divers,विविध,Lain-Lain,Varie,その他,기타,Różne,Diversos,,อื่นๆ,Diğer,Khác,其他,其他,其他
Studio.Toolbox.Audio.SoundEffect.Category.modern-cars,,,Modern Cars,Modern Cars,سيارات حديثة,Moderne Autos,Carros modernos,Voitures modernes,मॉडर्न कारें,Mobil Modern,Auto Moderne,現代の車,모던 카,Nowoczesne samochody,Carros modernos,,รถยนต์สมัยใหม่,Modern Araba,Xe Hiện Đại,现代车,现代车,現代車
Studio.Toolbox.Audio.SoundEffect.Category.motorboats,,,Motorboats,Motorboats,القوارب الآلية,Motorboote,Motobarcos,Bateaux à moteur,मोटरबोट,Perahu Motor,Motoscafi,モーターボート,모터보트,Łodzie motorowe,Barcos motorizados,,เรือยนต์,Motorbot,Thuyền Máy,摩托艇,摩托艇,機動船
Studio.Toolbox.Audio.SoundEffect.Category.motorcycles,,,Motorcycles,Motorcycles,الدراجات النارية,Motorräder,Motocicletas,Motos,मोटरसाइकिलें,Sepeda Motor,Motocicli,オートバイ,오토바이,Motocykle,Motocicletas,,รถจักรยานยนต์,Motosiklet,Xe Máy,摩托车,摩托车,摩托車
Studio.Toolbox.Audio.SoundEffect.Category.motors,,,Motors,Motors,المحركات,Motoren,Motores,Moteurs,मोटर्स,Motor,Motori,モーター,모터,Silniki,Motores,,มอเตอร์,Motor,Động Cơ,马达,马达,馬達
Studio.Toolbox.Audio.SoundEffect.Category.movement,,,Movement,Movement,الحركة,Bewegung,Movimiento,Déplacement,मूवमेंट,Gerakan,Movimento,動き,이동,Ruch,Movimento,,การเคลื่อนไหว,Hareket,Chuyển Động,移动,移动,移動
Studio.Toolbox.Audio.SoundEffect.Category.musical,,,Musical,Musical,موسيقي,Musical,Musical,Musical,म्यूज़िकल,Musikal,Musica,音楽,음악,Muzyczne,Musical,,ดนตรี,Müzik,Âm Nhạc,音乐剧,音乐剧,音樂劇
Studio.Toolbox.Audio.SoundEffect.Category.nautical,,,Nautical,Nautical,بحري,Seefahrt,Náutico,Nautique,नॉटिकल,Bahari,Nautica,航海,항해,Żeglarskie,Náutico,,การเดินเรือ,Denizcilik,Hàng hải,航海,航海,航海
Studio.Toolbox.Audio.SoundEffect.Category.p-a-,,,P.A.,P.A.,مكبرات الصوت,Ansage,Anuncio público,Annonces publiques,P.A.,Audio Publik,P.A.,拡声装置,안내 방송,Komunikaty,Anúncio público,,P.A.,Duyuru,P.A.,大喇叭,大喇叭,大聲公
Studio.Toolbox.Audio.SoundEffect.Category.paper,,,Paper,Paper,ورق,Papier,Papel,Papier,कागज़,Kertas,Carta,紙,종이,Papier,Papel,,กระดาษ,Kâğıt,Giấy,纸,纸,紙
Studio.Toolbox.Audio.SoundEffect.Category.phonographs,,,Phonographs,Phonographs,فونوغراف,Phonografen,Fonógrafos,Phonographes,फ़ोनोग्राफ़,Fonograf,Fonografi,蓄音機,축음기,Gramofony,Fonógrafos,,เครื่องเล่นแผ่นเสียง,Fonograf,Máy Quay Đĩa,留声机,留声机,留聲機
Studio.Toolbox.Audio.SoundEffect.Category.pistols,,,Pistols,Pistols,المسدسات,Pistolen,Pistolas,Pistolets,पिस्तौलें,Pistol,Pistole,ピストル,권총,Pistolety,Pistolas,,ปืนพก,Tabanca,Súng Lục,手枪,手枪,手槍
Studio.Toolbox.Audio.SoundEffect.Category.plastic,,,Plastic,Plastic,بلاستيك,Plastik,Plástico,Plastique,प्लास्टिक,Plastik,Plastica,プラスチック,플라스틱,Plastik,Plástico,,พลาสติก,Plastik,Nhựa,塑料,塑料,塑膠
Studio.Toolbox.Audio.SoundEffect.Category.plumbing,,,Plumbing,Plumbing,سباكة,Wasserleitung,Plomería,Plomberie,प्लंबिंग,Perpipaan,Impianto idraulico,排水,배관,Instalacje wodno-kanalizacyjne,Encanamento,,ท่อประปา,Tesisat,Đường Ống Nước,排水管,排水管,排水
Studio.Toolbox.Audio.SoundEffect.Category.pops,,,Pops,Pops,فرقعة,Knall,Tronidos,Populations,पॉप्स,Letusan,Pops,ポップス,뻥 소리,Odgłosy pękania,Estalos,,ป๊อป,Pat Sesi,Pop,爆裂声,爆裂声,啪聲
Studio.Toolbox.Audio.SoundEffect.Category.pottery,,,Pottery,Pottery,الفخار,Keramik,Alfarería,Poterie,पॉटरी,Tembikar,Ceramica,陶器,도자기,Ceramika,Cerâmica,,การปั้นดินเผา,Çömlek,Đồ Gốm,陶艺,陶艺,陶藝
Studio.Toolbox.Audio.SoundEffect.Category.pouring,,,Pouring,Pouring,صب,Gießen,Verter,Versement,उड़ेलना,Menuang,Versamento,注ぐ音,쏟아짐,Nalewanie,Derramando,,ริน,Dökme,Tiếng Chảy Tràn,倾倒,倾倒,倒出
Studio.Toolbox.Audio.SoundEffect.Category.power,,,Power,Power,الطاقة,Strom,Energía,Électricité,पॉवर,Kekuatan,Potenza,パワー,파워,Prąd,Energia,,พลัง,Güç,Sức Mạnh,能量,能量,能量
Studio.Toolbox.Audio.SoundEffect.Category.prop-planes,,,Prop Planes,Prop Planes,طائرات الدعم,Propellerflugzeuge,Aviones de propulsión,Avions à hélices,प्रॉप प्लेन्स,Pesawat Baling-Baling,Aereo a elica,飛行機の舞台装置,프로펠러 비행기,Samoloty śmigłowe,Aviões de hélice,,เครื่องบินใบพัด,Pervaneli Uçak,Máy Bay Cánh Đẩy,飞机道具,飞机道具,飛機道具
Studio.Toolbox.Audio.SoundEffect.Category.props,,,Props,Props,الاكسسوارات,Requisiten,Entorno,Hélices,प्रॉप्स,Prop,Props,プロップ,프롭,Śmigła,Hélices,,แวดล้อม,Destek Sesler,Vật Phẩm Hỗ Trợ,道具,道具,道具
Studio.Toolbox.Audio.SoundEffect.Category.public-places,,,Public Places,Public Places,الأماكن العامة,Öffentliche Orte,Lugares públicos,Lieux publics,पब्लिक प्लेस,Tempat Umum,Luoghi Pubblici,公共の場所,공공 장소,Miejsca publiczne,Lugares públicos,,สถานที่สาธารณะ,Halka Açık Yer,Địa Điểm Công Cộng,公共场所,公共场所,公共場所
Studio.Toolbox.Audio.SoundEffect.Category.pumps,,,Pumps,Pumps,المضخات,Pumpen,Bombas,Pompes,पंप्स,Pompa,Pompe,ポンプ,펌프,Pompy,Bombas,,ปั๊ม,Pompa,Bơm,泵,泵,幫浦
Studio.Toolbox.Audio.SoundEffect.Category.race-cars,,,Race Cars,Race Cars,سيارات السباق,Rennwagen,Carros de carrera,Voitures de course,रेस कार,Mobil Balap,Auto Da Corsa,レースカー,레이싱 카,Samochody wyścigowe,Carros de corrida,,รถแข่ง,Yarış Arabası,Xe Đua,赛车,赛车,賽車
Studio.Toolbox.Audio.SoundEffect.Category.Radio,,,Radio,Radio,راديو,Radio,Radio,Radio,रेडियो,Radio,Radio,ラジオ,라디오,Radio,Rádio,,วิทยุ,Radyo,Radio,无线电,无线电,收音機
Studio.Toolbox.Audio.SoundEffect.Category.radio-fx,,,Radio FX,Radio FX,راديو FX,Radioeffekte,Radio FX,FX radio,रेडियो FX,Efek Radio,Radio FX,ラジオ効果音,라디오 효과음,Efekty radiowe,Efeitos de rádio,,เอฟเฟกต์วิทยุ,Radyo Efekti,Hiệu Ứng Âm Thanh Radio,收音机效果,收音机效果,收音機效果
Studio.Toolbox.Audio.SoundEffect.Category.Rain,,,Rain,Rain,مطر,Regen,Lluvia,Pluie,बारिश,Hujan,Pioggia,雨,비,Deszcz,Chuva,,ฝน,Yağmur,Mưa,雨声,雨声,雨
Studio.Toolbox.Audio.SoundEffect.Category.ratchets,,,Ratchets,Ratchets,سقاطة,Ratsche,Ruedas dentadas,Ratures,रैचेट्स,Roda Gigi Searah,Ruote dentate,ラチェット,래칫,Zębatki,Catracas,,เฟืองล้อ,Cırcır,Bánh Cóc,棘轮,棘轮,棘輪
Studio.Toolbox.Audio.SoundEffect.Category.rattles,,,Rattles,Rattles,خشخشات,Rasseln,Traqueteos,Hochets,रैटल्स,Derik,Sonagli,ガラガラ,덜거덕 소리,Grzechotki,Chocalhos,,สั่นรัว,Çıngırak,Tiếng Lách Cách,拨浪鼓,拨浪鼓,嘎嘎器
Studio.Toolbox.Audio.SoundEffect.Category.reptiles,,,Reptiles,Reptiles,الزواحف,Reptilien,Reptiles,Reptiles,रेप्टाइल्स (सरीसृप),Reptil,Rettili,爬虫類,파충류,Gady,Répteis,,สัตว์เลื้อยคลาน,Sürüngen,Bò Sát,爬行动物,爬行动物,爬蟲動物
Studio.Toolbox.Audio.SoundEffect.Category.reverse,,,Reverse,Reverse,عكس,Umgekehrt,Invertir,Inversé,रिवर्स,Terbalik,Inverso,リバース,역방향,Bieg wsteczny,Inverter,,ย้อนกลับ,Ters,Hoàn Lại,翻转,翻转,倒轉
Studio.Toolbox.Audio.SoundEffect.Category.ricochets,,,Ricochets,Ricochets,ارتدادات,Abpraller,Rebotes,Ricochets,वस्तु का टकराकर लौटना,Pantulan,Rimbalzi,跳弾,도탄,Rykoszety,Ricochetes,,กระดอนกลับ,Sekme,Dội Lại,弹跳,弹跳,跳彈
Studio.Toolbox.Audio.SoundEffect.Category.rings,,,Rings,Rings,خواتم,Klingeln,Timbres,Anneaux,अंगूठियाँ/छल्ले,Dering,Anelli,着信音,링,Dzwonki,Timbres,,โทรศัพท์,Yüzük,Nhẫn,环,环,環
Studio.Toolbox.Audio.SoundEffect.Category.rips,,,Rips,Rips,تمزقات,Risse,Desgarres,Larmes,चीरना,Sobekan,Rips,引き裂く音,찢음,Rozdarcia,Rasgos,,ฉีก,Yırtma,Xe Toạc,撕,撕,撕
Studio.Toolbox.Audio.SoundEffect.Category.rips-tears,,,Rips & Tears,Rips & Tears,التمزيق والتقطيع,Risse & Zerreißen,Desgarres y Rasgaduras,Larmes et déchirures,चीरना और फाड़ना,Sobekan & Cabikan,Rips E Lacrime,引き裂く音と割れる音,찢음 및 뜯음,Rozdarcia i pęknięcia,Rasgos e partidas,,ฉีกและกระชาก,Yırtma ve Yırtılma,Xe Toạc & Giật Mạnh,撕裂,撕裂,撕裂
Studio.Toolbox.Audio.SoundEffect.Category.robots,,,Robots,Robots,الروبوتات,Roboter,Robots,Robots,रोबोट,Robot,Robots,ロボット,로봇,Roboty,Robôs,,หุ่นยนต์,Robot,Người Máy,机器人,机器人,機器人
Studio.Toolbox.Audio.SoundEffect.Category.rockets,,,Rockets,Rockets,صواريخ,Raketen,Cohetes,Fusées,रॉकेट,Roket,Razzi,ロケット,로켓,Rakiety,Foguetes,,จรวด,Roket,Tên Lửa,火箭,火箭,火箭
Studio.Toolbox.Audio.SoundEffect.Category.rocks,,,Rocks,Rocks,صخور,Steine,Rocas,Rochers,चट्टानें,Batuan,Rocce,ロック,바위,Kamienie,Rochas,,หิน,Taş,Rock,岩石,岩石,岩石
Studio.Toolbox.Audio.SoundEffect.Category.rodents,,,Rodents,Rodents,القوارض,Nagetiere,Roedores,Rongeurs,रोडेंट,Hewan Pengerat,Roditori,ネズミ,설치류,Gryzonie,Roedores,,สัตว์ฟันแทะ,Kemirgen,Loài Gặm Nhấm,啮齿动物,啮齿动物,囓齒動物
Studio.Toolbox.Audio.SoundEffect.Category.rollers,,,Rollers,Rollers,بكرات,Walzen,Rodillos,Rouleaux,रोलर्स,Rol,Rulli,ローラー音,롤러,Walce,Roladores,,ล้อ,Silindir,Con Lăn,滚动,滚动,Roller
Studio.Toolbox.Audio.SoundEffect.Category.rolling,,,Rolling,Rolling,تدحرج,Rollen,Rodar,Rouleau,रोलिंग,Menggelinding,Rotolamento,とどろき,굴림,Toczenie się,Rolando,,การกลิ้ง,Yuvarlanma,Lăn,滚动,滚动,滾動
Studio.Toolbox.Audio.SoundEffect.Category.room-tone,,,Room Tone,Room Tone,نغمة الغرفة,Zimmerton,Tono de sala,Tonalité de la pièce,रूम टोन,Ruangan Hening,Tono della Sala,室内音,방 소리,Akustyka pomieszczenia,Tom de sala,,บรรยากาศห้อง,Oda Sesi,Âm Thanh Nền,室内音效,室内音效,室內聲
Studio.Toolbox.Audio.SoundEffect.Category.rope,,,Rope,Rope,حبل,Seil,Cuerda,Corde,रस्सी,Tali,Fune,ロープ,밧줄,Lina,Corda,,เชือก,İp,Dây Thừng,绳索,绳索,繩索
Studio.Toolbox.Audio.SoundEffect.Category.rowboats,,,Rowboats,Rowboats,قوارب التجديف,Ruderboote,Barcas de remo,Canots,चप्पू वाली छोटी नावें,Perahu Dayung,Barca a remi,漕ぐ音,노 젓는 배,Łodzie wiosłowe,Barcos a remo,,เรือพาย,Sandal,Thuyền Có Mái Chèo,划浆船,划浆船,划槳船
Studio.Toolbox.Audio.SoundEffect.Category.rubber,,,Rubber,Rubber,مطاط,Gummi,Goma,Caoutchouc,रबड़,Karet,Gomma,ゴム,고무,Guma,Borracha,,ยาก,Kauçuk,Cao Su,橡胶,橡胶,橡膠
Studio.Toolbox.Audio.SoundEffect.Category.rumbles,,,Rumbles,Rumbles,قرقرة,Grollen,Gruñidos,Grognements,गड़गड़ाहट,Gemuruh,Rimbombi,ゴロゴロ音,우르릉 소리,Dudnienie,Grunhidos,,ครืน,Gümbürtü,Tiếng Rền,震动,震动,震動
Studio.Toolbox.Audio.SoundEffect.Category.rural,,,Rural,Rural,ريفي,Ländlich,Rural,Rural,ग्रामीण,Pedesaan,Rurale,田舎,시골,Wiejskie,Rural,,ชนบท,Kırsal,Nông Thôn,农村,农村,農村
Studio.Toolbox.Audio.SoundEffect.Category.sand,,,Sand,Sand,رمل,Sand,Arena,Sable,रेत,Pasir,Sabbia,砂,모래,Piasek,Areia,,ทราย,Kum,Cát,沙,沙,沙
Studio.Toolbox.Audio.SoundEffect.Category.scrapes,,,Scrapes,Scrapes,خدوش,Kratzer,Raspados,Raclages,स्क्रेप,Goresan,Raschiature,削る音,긁음,Szuranie,Raspagens,,ขูด,Sürtme,Tiếng Sột Soạt,摩擦,摩擦,摩擦
Studio.Toolbox.Audio.SoundEffect.Category.scrapes-squeaks,,,Scrapes & Squeaks,Scrapes & Squeaks,خدوش وصرير,Kratzer & Quietschen,Raspados y Chillidos,Raclages et grincements,स्क्रेप और स्क्वीक्स,Goresan & Decitan,Cigolii e cigolii,摩擦音ときしみ音,긁음 및 삐걱거림,Szuranie i zgrzyty,Raspagens e rangidos,,เอี๊ยดอ๊าด,Sürtme ve Gıcırdama,Tiếng Cọ Xát & Tiếng Kẽo Kẹt,摩擦嘎吱声,摩擦嘎吱声,摩擦吱叫
Studio.Toolbox.Audio.SoundEffect.Category.screams,,,Screams,Screams,صراخ,Schreie,Gritos,Cris,चीखें,Jeritan,Urli,叫び声,비명,Krzyki,Gritos,,กรีดร้อง,Çığlık,Tiếng Thét,尖叫,尖叫,尖叫
Studio.Toolbox.Audio.SoundEffect.Category.sea-animals,,,Sea Animals,Sea Animals,حيوانات البحر,Meerestiere,Animales marinos,Animaux de mer,समुद्री जानवर,Hewan Laut,Animali Marini,海洋生物,해양 생물,Zwierzęta wodne,Animais do mar,,สัตว์ทะเล,Deniz Hayvanı,Động Vật Biển,海洋动物,海洋动物,海洋動物
Studio.Toolbox.Audio.SoundEffect.Category.ships,,,Ships,Ships,السفن,Schiffe,Naves,Navires,जहाज़,Kapal,Navi,船,배,Statki,Navios,,เรือ,Gemi,Tàu Thủy,船只,船只,艦
Studio.Toolbox.Audio.SoundEffect.Category.shotguns,,,Shotguns,Shotguns,البنادق,Schrotflinten,Escopetas,Fusils à pompe,शॉटगन,Senapan Tembak,Fucili,ショットガン,산탄총,Strzelby,Espingardas,,ปืนลูกซอง,Pompalı,Súng Ngắn,散弹枪,散弹枪,散彈槍
Studio.Toolbox.Audio.SoundEffect.Category.sirens,,,Sirens,Sirens,صفارات الإنذار,Sirenen,Sirenas,Sirènes,सायरन,Sirene,Sirene,サイレン,사이렌,Syreny,Sirenes,,ไซเรน,Siren,Còi Báo Động,警笛,警笛,警笛
Studio.Toolbox.Audio.SoundEffect.Category.sliding,,,Sliding,Sliding,انزلاق,Rutschen,Deslizar,Glissement,स्लाइडिंग,Meluncur,Scorrevoli,スライディング,슬라이딩,Zsuwanie się,Deslizar,,การสไลด์,Kayma,Trượt,滑行,滑行,滑行
Studio.Toolbox.Audio.SoundEffect.Category.sneezes,,,Sneezes,Sneezes,عطس,Niesen,Estornudos,Éternuements,छींक,Bersin,Starnuti,くしゃみ,재채기,Kichnięcia,Espirros,,จาม,Hapşırma,Hắt Xì,打喷嚏,打喷嚏,噴嚏
Studio.Toolbox.Audio.SoundEffect.Category.snow,,,Snow,Snow,ثلج,Schnee,Nieve,Neige,बर्फ़,Salju,Neve,雪,눈,Śnieg,Neve,,หิมะ,Kar,Tuyết,雪,雪,雪
Studio.Toolbox.Audio.SoundEffect.Category.spaceships,,,Spaceships,Spaceships,سفن الفضاء,Raumschiffe,Naves espaciales,Vaisseaux spatiaux,अंतरिक्ष यान,Pesawat Ruang Angkasa,Astronave,宇宙船,우주선,Statki kosmiczne,Naves espaciais,,ยานอวกาศ,Uzay Gemisi,Tàu Vũ Trụ,宇宙飞船,宇宙飞船,太空梭
Studio.Toolbox.Audio.SoundEffect.Category.splashes,,,Splashes,Splashes,الرش,Platschen,Salpicaduras,Éclaboussures,स्प्लैश,Percikan,Splashes,パシャパシャ音,물보라,Pluski,Salpicos,,สาดกระเซ็น,Sıçrama,Tia Lửa,水花飞溅,水花飞溅,水花
Studio.Toolbox.Audio.SoundEffect.Category.sports,,,Sports,Sports,الرياضات,Sport,Deportes,Sports,स्पोर्ट्स,Olahraga,Sport,スポーツ,스포츠,Sport,Esportes,,กีฬา,Spor,Thể Thao,运动,运动,運動
Studio.Toolbox.Audio.SoundEffect.Category.Spray,,,Spray,Spray,رذاذ,Spray,Rociar,Vaporisation,छिड़काव,Semprotan,Spray,スプレー,스프레이,Spray,Borrifo,,สเปรย์,Sprey,Phun Xịt,喷洒,喷洒,噴灑
Studio.Toolbox.Audio.SoundEffect.Category.squeaks,,,Squeaks,Squeaks,صرير,Quietschen,Chillidos,Grincements,स्क्वीक्स,Decitan,Scricchiolii,キーキー音,끼익 소리,Piski,Rangidos,,เสียงแหลม,Gıcırdama,Tiếng Chít Chít,嘎吱声,嘎吱声,吱吱聲
Studio.Toolbox.Audio.SoundEffect.Category.Static,,,Static,Static,ثابت,Statisch,Estático,Statique,स्टैटिक,Statis,Statico,静電気,정전기,Szum,Estática,,ไฟฟ้าสถิต,Parazit,Tĩnh,静电,静电,靜電
Studio.Toolbox.Audio.SoundEffect.Category.Steam,,,Steam,Steam,بخار,Dampf,Vapor,Vapeur,भाप,Uap,Vapore,スチーム,스팀,Para,Vapor,,ไอน้ำ,Buhar,Hơi Nước,蒸汽,蒸汽,蒸氣
Studio.Toolbox.Audio.SoundEffect.Category.stings,,,Stings,Stings,لسعات,Stiche,Punzadas,Piqûres,डंक,Sting,Punture,刺す音,쏘기,Użądlenia,Picadas,,สติงก์,Batmalar,Sự Chích/Đốt,叮咬,叮咬,叮刺
Studio.Toolbox.Audio.SoundEffect.Category.submarines,,,Submarines,Submarines,الغواصات,U-Boote,Submarinos,Sous-marins,पनडुब्बियाँ,Kapal Selam,Sottomarino,潜水艦,잠수함,Okręty podwodne,Submarinos,,เรือดำน้ำ,Denizaltı,Tàu Ngầm,潜水艇,潜水艇,潛水艇
Studio.Toolbox.Audio.SoundEffect.Category.suburban,,,Suburban,Suburban,ضاحية,Vorstadt,Suburbano,Banlieusard,उपनगर,Pinggiran Kota,Suburbano,郊外,교외,Przedmieście,Suburbano,,ชานเมือง,Banliyö,Khu Ngoại Ô,郊区,郊区,郊區
Studio.Toolbox.Audio.SoundEffect.Category.subway,,,Subway,Subway,مترو الأنفاق,U-Bahn,Metropolitana,Métro,सबवे,Kereta Bawah Tanah,Metropolitana,地下鉄,지하철,Metro,Metrô,,รถไฟใต้ดิน,Metro,Tàu Điện Ngầm,地铁,地铁,地鐵
Studio.Toolbox.Audio.SoundEffect.Category.subwoofer,,,Subwoofer,Subwoofer,مضخم صوت,Subwoofer,Subwoofer,Caisson de basse,सब-वूफ़र,Subwoofer,Subwoofer,サブウーファー,서브우퍼,Subwoofer,Subwoofer,,ลำโพงทุ้ม,Subwoofer,Loa Siêu Trầm,低音炮,低音炮,低音炮
Studio.Toolbox.Audio.SoundEffect.Category.surf,,,Surf,Surf,ركوب الأمواج,Surfen,Surfear,Surf,सर्फ़,Berselancar,Surf,波,서핑,Fale przyboju,Surf,,โต้คลื่น,Sörf,Lướt Sóng,冲浪,冲浪,衝浪
Studio.Toolbox.Audio.SoundEffect.Category.suspension,,,Suspension,Suspension,تعليق,Federung,Suspensión,Suspension,सस्पेंशन,Suspensi,Sospensione,サスペンション,서스펜션,Napięcie,Suspensão,,ความระทึก,Süspansiyon,Đình Chỉ,悬疑,悬疑,懸吊
Studio.Toolbox.Audio.SoundEffect.Category.swishes,,,Swishes,Swishes,حفيف,Zischen,Silbidos,Sifflements,सरसराहट,Desir,Fischi,ヒュー音,휙 소리,Szmery,Sibilos,,หวด,Hışırtı,Tiếng Vun Vút,唰唰声,唰唰声,咻聲
Studio.Toolbox.Audio.SoundEffect.Category.switches,,,Switches,Switches,المفاتيح,Schalter,Interruptores,Interrupteurs,स्विच,Sakelar,Interruttori,スイッチ音,스위치,Przełączniki,Interruptores,,สวิตช์,Şalter,Chuyển Đổi,开关,开关,開關
Studio.Toolbox.Audio.SoundEffect.Category.sword,,,Sword,Sword,السيف,Schwert,Espada,Épée,तलवार,Pedang,Spada,剣,검,Miecz,Espada,,ดาบ,Kılıç,Gươm,剑,剑,劍
Studio.Toolbox.Audio.SoundEffect.Category.technical,,,Technical,Technical,تقني,Technisch,Técnico,Technique,तकनीकी,Teknis,Tecnica,テクニカル,테크니컬,Techniczne,Técnico,,เทคนิค,Teknik,Kỹ Thuật,技术,技术,技術
Studio.Toolbox.Audio.SoundEffect.Category.Telephone,,,Telephone,Telephone,الهاتف,Telefon,Teléfono,Téléphone,टेलीफ़ोन,Telepon,Telefono,電話,전화,Telefon,Telefone,,โทรศัพท์,Telefon,Điện Thoại,电话,电话,電話
Studio.Toolbox.Audio.SoundEffect.Category.television-fx,,,Television FX,Television FX,تلفزيون FX,Fernseh-Effekte,FX de televisión,FX de la télévision,टेलीविज़न FX,Efek Televisi,Televisione FX,テレビ効果音,텔레비전 효과음,Efekty telewizyjne,Efeitos de televisão,,เอฟเฟกต์โทรทัศน์,Televizyon Efekti,Hiệu Ứng Truyền Hình,电视效果,电视效果,電視效果
Studio.Toolbox.Audio.SoundEffect.Category.Thunder,,,Thunder,Thunder,رعد,Donner,Trueno,Tonnerre,गड़गड़ाहट,Guntur,Tuono,雷,천둥,Grzmot,Trovão,,ฟ้าผ่า,Gök Gürültüsü,Sấm,雷声,雷声,打雷
Studio.Toolbox.Audio.SoundEffect.Category.tires,,,Tires,Tires,الإطارات,Reifen,Neumáticos,Pneus,टायर,Ban,Pneumatici,タイヤ,타이어,Opony,Pneus,,ล้อรถ,Lastik,Lốp Xe,轮胎,轮胎,輪胎
Studio.Toolbox.Audio.SoundEffect.Category.tonalities,,,Tonalities,Tonalities,درجات الصوت,Tonalität,Tonalidades,Tonalités,टोनैलिटी (सुरों का संयोजन),Nada suara,Tonalità,調性音楽,조성,Systemy tonalne,Tonalidades,,โทนาลิตี้,Tını,Âm sắc,调性,调性,調性
Studio.Toolbox.Audio.SoundEffect.Category.tones,,,Tones,Tones,نغمات,Töne,Tonos,Tons,टोन,Nada,Toni,トーン,톤,Tony,Tons,,โทน,Ton,Âm Thanh,音调,音调,音調
Studio.Toolbox.Audio.SoundEffect.Category.Tools,,,Tools,Tools,الأدوات,Tools,Herramientas,Outils,टूल्स,Alat,Strumenti,ツール,공구,Narzędzia,Ferramentas,,เครื่องมือ,Alet,Công Cụ,工具,工具,工具
Studio.Toolbox.Audio.SoundEffect.Category.traffic,,,Traffic,Traffic,حركة المرور,Verkehr,Tráffico,Trafic,ट्रैफ़िक,Lalu Lintas,Traffico,交通,교통,Ruch uliczny,Tráfego,,จราจร,Trafik,Lượt Truy Cập,车流,车流,車潮
Studio.Toolbox.Audio.SoundEffect.Category.trains,,,Trains,Trains,القطارات,Züge,Trenes,Trains,ट्रेन,Kereta Api,Treno,電車,기차,Pociągi,Trens,,รถไฟ,Tren,Xe Lửa,火车,火车,火車
Studio.Toolbox.Audio.SoundEffect.Category.trucks,,,Trucks,Trucks,الشاحنات,LKW,Camiones,Camions,ट्रक,Truk,Camion,トラック,트럭,Ciężarówki,Caminhões,,รถบรรทุก,Kamyon,Xe Tải,卡车,卡车,卡車
Studio.Toolbox.Audio.SoundEffect.Category.turbines,,,Turbines,Turbines,التوربينات,Turbinen,Turbinas,Turbines,टर्बाइन,Turbin,Turbine,タービン,터빈,Turbiny,Turbinas,,กังหัน,Türbin,Tua Bin,涡轮机,涡轮机,渦輪
Studio.Toolbox.Audio.SoundEffect.Category.turbulent,,,Turbulent,Turbulent,دفق,Turbulent,Turbulento,Turbulent,टर्ब्युलंट,Bergolak,Turbolento,乱気流,난기류,Turbulencje,Turbulento,,ระส่ำระสาย,Türbülans,Hỗn Loạn,突发事件,突发事件,亂流
Studio.Toolbox.Audio.SoundEffect.Category.typewriters,,,Typewriters,Typewriters,آلات كاتبة,Schreibmaschinen,Máquinas de escribir,Machines à écrire,टाइपराइटर,Mesin Tik,Macchine da scrivere,タイプライター,타자기,Maszyny do pisania,Máquinas de escrever,,เครื่องพิมพ์ดีด,Daktilo,Máy Đánh Chữ,打字机,打字机,打字機
Studio.Toolbox.Audio.SoundEffect.Category.underwater,,,Underwater,Underwater,تحت مائي,Unterwasser,Submarino,Sous-marin,अंडरवॉटर,Bawah Air,Sott'acqua,水中,수중,Pod wodą,Submerso,,ใต้น้ำ,Su Altı,Dưới Nước,水下,水下,水中
Studio.Toolbox.Audio.SoundEffect.Category.urban,,,Urban,Urban,مدني,Stadt,Urbano,Urbain,अर्बन,Perkotaan,Urbano,都市,도시,Miejskie,Urbano,,เมือง,Kentsel,Đô Thị,都市,都市,都市
Studio.Toolbox.Audio.SoundEffect.Category.user-interface,,,User Interface,User Interface,واجهة المستخدم,Benutzeroberfläche,Interfaz de usuario,Interface utilisateur,यूज़र इंटरफ़ेस,Antarmuka Pengguna,Interfaccia Utente,ユーザーインターフェース,사용자 인터페이스,Interfejs użytkownika,Interface do usuário,,อินเตอร์เฟซผู้ใช้งาน,Kullanıcı Arayüzü,Giao Diện Người Dùng,用户界面,用户界面,使用者介面
Studio.Toolbox.Audio.SoundEffect.Category.vacuums,,,Vacuums,Vacuums,المكانس الكهربائية,Staubsauger,Aspiradoras,Aspirateurs,वैक्यूम,Penyedot Debu,Aspiratori,掃除機,진공청소기,Odkurzacze,Aspiradores,,สุญญากาศ,Vakum,Máy Hút Bụi,真空,真空,真空
Studio.Toolbox.Audio.SoundEffect.Category.vehicles,,,Vehicles,Vehicles,مركبات,Fahrzeuge,Vehículos,Véhicules,गाड़ियाँ,Kendaraan,Veicoli,車,탈것,Pojazdy,Veículos,,ยานพาหนะ,Araç,Phương Tiện,车辆,车辆,交通工具
Studio.Toolbox.Audio.SoundEffect.Category.voice,,,Voice,Voice,الصوت,Stimme,Voz,Voix,वॉइस,Suara,Voce,声,말소리,Głos,Voz,,เสียง,Ses,Giọng Nói,声音,声音,話語
Studio.Toolbox.Audio.SoundEffect.Category.voices,,,Voices,Voices,أصوات,Stimmen,Voces,Voix,वॉइस,Suara,Voci,音声,말소리들,Głosy,Vozes,,เสียง,Sesler,Giọng Nói,声音,声音,話語
Studio.Toolbox.Audio.SoundEffect.Category.wagons,,,Wagons,Wagons,عربات,Waggons,Vagones,Wagons,वैगन,Pedati,Carri,ワゴン,수레,Wozy,Vagões,,เกวียน,Vagon,Xe Ngựa,马车,马车,馬車
Studio.Toolbox.Audio.SoundEffect.Category.walla,,,Walla,Walla,والا,Walla,Walla,Walla,वाल्ला,Suara Kerumunan,Walla,がやがや,주변 대사,Rozmowy w tle,Walla,,ฝูงชน,Seyirci,Walla,人声,人声,Walla
Studio.Toolbox.Audio.SoundEffect.Category.warps,,,Warps,Warps,حبال,Warps,Deformaciones,Déformations,वार्प्स,Warp,Verruche,ワープ,파형 변형,Odkształcenia,Deformações,,วาร์ป,Çarpıtma,Cổng Dịch Chuyển,传送,传送,傳送
Studio.Toolbox.Audio.SoundEffect.Category.Water,,,Water,Water,الماء,Wasser,Agua,Eau,पानी,Air,Acqua,水,물,Woda,Água,,น้ำ,Su,Nước,水,水,水
Studio.Toolbox.Audio.SoundEffect.Category.weapons,,,Weapons,Weapons,الأسلحة,Waffen,Armas,Armes,हथियार,Senjata,Armi,武器,무기,Broń,Armas,,อาวุธ,Silah,Vũ Khí,武器,武器,武器
Studio.Toolbox.Audio.SoundEffect.Category.whips,,,Whips,Whips,السياط,Peitschen,Latigazos,Fouets,व्हिप,Cambuk,Fruste,ムチ,채찍,Smagnięcia,Chicotes,,แส้,Kamçı,Người Đánh Xe Ngựa,鞭打,鞭打,鞭
Studio.Toolbox.Audio.SoundEffect.Category.whispers,,,Whispers,Whispers,همسات,Flüstern,Susurros,Murmures,प्राइवेट चैट,Bisikan,Sussurri,ささやき,속삭임,Szepty,Sussurros,,กระซิบ,Fısıltı,Thì Thầm,低语,低语,悄悄話
Studio.Toolbox.Audio.SoundEffect.Category.whistles,,,Whistles,Whistles,صفارات,Pfeifen,Silbidos,Sifflets,सीटी,Siulan,Fischi,ホイッスル,휘파람,Gwizdy,Assovios,,หวีด,Islık,Tiếng Huýt Còi,口哨,口哨,哨子
Studio.Toolbox.Audio.SoundEffect.Category.whooshes,,,Whooshes,Whooshes,أصوات هسهسة,Whooshes,Whooshes,Whooshes,व्हूश,Embusan Angin,Whooshes,シュー音,쉭 소리,Świsty,Whooshes,,กรรโชก,Fışırtı,Xẹt,嗖嗖声,嗖嗖声,咻聲
Studio.Toolbox.Audio.SoundEffect.Category.wild,,,Wild,Wild,بري,Wild,Silvestre,Nature,जंगली,Liar,Selvaggio,ワイルド,야생,Dzikie,Selvagem,,ป่า,Yaban,Hoang Dã,野外,野外,野外
Studio.Toolbox.Audio.SoundEffect.Category.winds,,,Winds,Winds,رياح,Winde,Vientos,Vents,हवाएँ,Angin,Venti,風,바람,Wiatr,Ventos,,ลม,Rüzgâr,Gió,风,风,風
Studio.Toolbox.Audio.SoundEffect.Category.wingflaps,,,Wingflaps,Wingflaps,رفرفة الأجنحة,Flügelschläge,Aleteos,Battements d'ailes,विंगफ़्लैप्स,Kepak Sayap,Alette,パタパタ音,날갯짓,Trzepot skrzydeł,Asas,,สยายปีก,Kanat Çırpma,Vỗ Cánh,振翅,振翅,振翅
Studio.Toolbox.Audio.SoundEffect.Category.Wood,,,Wood,Wood,الخشب,Holz,Madera,Bois,लकड़ी,Kayu,Legno,木,목재,Drewno,Madeira,,ไม้,Ahşap,Gỗ,木,木,木材
Studio.Toolbox.Audio.SoundEffect.Category.zippers,,,Zippers,Zippers,السحابات,Reißverschlüsse,Cierres,Fermetures,ज़िपर्स,Ritsleting,Cerniere,チャック,지퍼,Suwaki,Zippers,,รูดซิป,Fermuar,Giữ Im Lặng,拉链,拉链,拉鍊
Studio.Toolbox.Audio.FindTracks,,,Find Tracks by {creatorName},Find Tracks by {creatorName},البحث عن المسارات حسب {creatorName},Spuren finden nach {creatorName},Encuentra pistas de {creatorName},Trouver des morceaux par {creatorName},{creatorName} के हिसाब से गाने खोजें,Temukan Trek berdasarkan {creatorName},Trova tracce da {creatorName},{creatorName} で曲を見つける,{creatorName}의 트랙 찾기,Znajdź utwory twórcy {creatorName},Encontrar faixas de {creatorName},,ค้นหาแทร็กโดย {creatorName},Parçaları {creatorName} kullanarak bul,Tìm Các Bài Hát theo {creatorName},按照“{creatorName}”寻找曲目,按照“{creatorName}”寻找曲目,尋找 {creatorName} 的曲目
Studio.Toolbox.Audio.Music,,,Music,Music,الموسيقى,Musik,Música,Musique,म्यूज़िक,Musik,Musica,音楽,음악,Muzyka,Música,,ดนตรี,Müzik,Âm Nhạc,音乐,音乐,音樂
Studio.Toolbox.Audio.Music.Browse,,,Browse by Genre,Browse by Genre,تصفح حسب النوع,Nach Genre suchen,Explorar por Género,Parcourir par genre,कैटगरी के हिसाब से ब्राउज़ करें,Jelajahi berdasarkan Genre,Sfoglia per genere,ジャンル別に閲覧,장르별로 둘러보기,Przeglądaj według gatunku,Navegar por gênero,Поиск по жанру,เรียกดูตามประเภท,Türe göre göz at,Duyệt Tìm theo Thể Loại,按类型浏览,按类型浏览,依類別瀏覽
Studio.Toolbox.Audio.SoundEffect,,,Sound Effect,Sound Effect,التأثير الصوتي,Soundeffekt,Efecto de sonido,Effet sonore,साउंड इफ़ेक्ट,Efek Suara,Effetto Sonoro,効果音,음향 효과,Efekt dźwiękowy,Efeito sonoro,Звуковой эффект,เอฟเฟกต์เสียง,Ses Efekti,Hiệu Ứng Âm Thanh,音效,音效,音效
Studio.Toolbox.Audio.SoundEffect.Browse,,,Browse by Category,Browse by Category,تصفح حسب الفئة,Nach Kategorie suchen,Explorar por Categoría,Parcourir par catégorie,कैटगरी के हिसाब से ब्राउज़ करें,Jelajahi berdasarkan Kategori,Sfoglia per categoria,カテゴリ別に閲覧,카테고리별로 둘러보기,Przeglądaj według kategorii,Navegar por categoria,Поиск по категориям,เลือกดูตามหมวดหมู่,Kategoriye göre göz at,Duyệt Tìm theo Thể Loại,按类别浏览,按类别浏览,依類別瀏覽
Studio.Toolbox.AssetConfigSharing.PublicDisabledLinkText,,,Learn more,Learn more,معرفة المزيد,Mehr erfahren,Aprende más,En savoir plus,ज़्यादा जानें,Pelajari selengkapnya,Maggiori informazioni,もっと詳しく,더 알아보기,Dowiedz się więcej,Saiba mais,Подробнее,เรียนรู้เพิ่มเติม,Daha fazla bilgi edin,Tìm hiểu thêm,了解更多,了解更多,了解更多
Studio.Toolbox.AssetConfigSharing.PublicAllExperiences,,,Public - All Experiences,Public - All Experiences,الجمهور - جميع التجارب,Öffentlich – Alle Erlebnisse,Público - Todas las experiencias,Public - Toutes les Expériences,पब्लिक - सभी एक्सपीरिएंस,Publik - Semua Pengalaman Virtual,Pubblico - Tutte Le Esperienze,公開済み - すべてのバーチャル空間,공개 - 전체 체험,Publiczne – wszystkie projekty,Público - Todas as experiências,,สาธารณะ - ประสบการณ์ทั้งหมด,Herkese Açık - Tüm Deneyimler,Công Khai - Tất Cả Trải Nghiệm,公开 - 所有作品,公开 - 所有作品,公開 - 所有體驗
Studio.Toolbox.AssetConfigSharing.PrivateInformationVersionTwo,,,You can grant permissions to specific experiences on web asset configuration.,You can grant permissions to specific experiences on web asset configuration.,يمكنك منح أذونات لتجارب محددة لتكوين أصول الويب.,Du kannst bei der Konfiguration von Webobjekten Berechtigungen für bestimmte Erlebnisse erteilen.,Puede otorgar permisos a experiencias específicas en la Configuración de recursos web.,Tu peux accorder des autorisations à des expériences spécifiques dans la configuration des ressources web.,वेब ऐसेट कॉन्फ़िगरेशन पर खास एक्सपीरिएंस को परमिशन दी जा सकती हैं.,Kamu bisa memberikan izin kepada pengalaman virtual tertentu di konfigurasi aset web.,È possibile concedere i permessi a specifiche esperienze sulla configurazione degli asset web.,ウェブアセット環境設定で特定のバーチャル空間に権限を付与できます。,특정 체험에 웹 애셋 구성에 대한 권한을 부여할 수 있습니다.,Możesz przyznać uprawnienia do określonych projektów w konfiguracji zasobów sieciowych.,Você pode dar permissões para experiências específicas nas configurações de ativos web.,,คุณสามารถมอบสิทธิ์ให้แก่ประสบการณ์ที่กำหนดได้ในการกำหนดค่าทรัพยากรเว็บ,Web'deki varlık yapılandırmada belirli deneyimlere izin verebilirsin.,Bạn có thể cấp quyền cho từng trải nghiệm cụ thể trong cấu hình tài sản trên web.,你可以在网络素材设置中为指定作品授予权限。,你可以在网络素材设置中为指定作品授予权限。,您可以在網路素材設定為特定體驗授予權限。
Studio.Toolbox.AssetConfigSharing.PrivateInformationLinkText,,,Manage permissions,Manage permissions,إدارة الأذونات,Berechtigungen verwalten,Gestionar permisos,Gérer les autorisations,परमिशंस मैनेज करें,Kelola izin,Gestisci i permessi,権限の管理,권한 관리,Zarządzaj uprawnieniami,Gerenciar permissões,,จัดการสิทธิ์,İzinleri yönet,Quản lý quyền,管理权限,管理权限,管理權限
Studio.Toolbox.AssetConfigSharing.PrivateSpecificExperiences,,,Private - Specific Experiences,Private - Specific Experiences,تجارب خاصة - محددة,Privat – Bestimmte Erlebnisse,Privado - Experiencias específicas,Privé - Expériences spécifiques,प्राइवेट - खास एक्सपीरिएंस,Privat - Pengalaman Virtual Tertentu,Privato - Esperienze Specifiche,非公開 - 特定のバーチャル空間,비공개 - 특정 체험,Prywatne – określone projekty,Privado - Experiências específicas,,ส่วนตัว - ประสบการณ์ที่เจาะจง,Özel - Belirli Deneyimler,Riêng Tư - Trải Nghiệm Cụ Thể,私人 - 指定作品,私人 - 指定作品,私人 - 特定體驗
Studio.Toolbox.AssetConfigSharing.DistributeMarketplaceQuotaInfoShortLink,,,What's my limit?,What's my limit?,ما هو حدودي؟,Was ist mein Limit?,¿Cuál es mi límite?,Quelle est ma limite ?,मेरी लिमिट क्या है?,Berapa batas saya?,Qual è il mio limite?,上限は？,한도가 어떻게 되나요?,Jaki jest limit?,Qual é o meu limite?,,ขีดจำกัดของฉันคืออะไร?,Sınırım ne?,Giới hạn của tôi là gì?,我的上限是什么？,我的上限是什么？,我的上限是多少？
Studio.Toolbox.AssetConfigSharing.DistributeMarketplaceQuotaRemaining2,,,{remaining} shares left through {date}.,{remaining} shares left through {date}.,{remaining} مشاركات متبقية حتى {date}.,{remaining} Freigaben bis {date}.,{remaining} restantes para compartir hasta el {date}.,{remaining} parts restantes le {date}.,{date} तक {remaining} शेयर बाकी रह गए हैं.,{remaining} kesempatan berbagi tersisa sampai {date}.,{remaining} azioni rimaste attraverso {date}.,{date} まであと {remaining} 件、残っています。,{date}까지 {remaining}회의 공유가 남았습니다.,Masz jeszcze {remaining} udostępnienia(-ń) do {date}.,{remaining} compartilhamentos restantes até {date}.,,การแชร์จาก {date} เหลืออีก {remaining} ครั้ง,{date} tarihine kadar {remaining} paylaşım hakkı kaldı.,Còn {remaining} lượt chia sẻ đến ngày {date}.,{date}前还有 {remaining} 次分享。,{date}前还有 {remaining} 次分享。,{date} 前還有 {remaining} 個分享。
Studio.Toolbox.AssetConfigSharing.DistributeMarketplaceQuotaExhausted1,,,Sharing limit exceeded. Try again on {dateTime}.,Sharing limit exceeded. Try again on {dateTime}.,تم تجاوز حد المشاركة. يرجى المحاولة مرة أخرى في {dateTime}.,Freigabelimit überschritten. Versuche es erneut am {dateTime}.,Se superó el límite para compartir. Inténtalo de nuevo el {dateTime}.,Limite de partage dépassée. Réessayer le {dateTime}.,शेयर करने की लिमिट पार हो गई है. {dateTime} को फिर से कोशिश करें.,Batas berbagi tercapai. Coba lagi pada {dateTime}.,Limite di condivisione superato. Riprova il {dateTime}.,共有制限を超えました。 {dateTime} にもう一度お試しください。,공유 한도를 초과했습니다. {dateTime}에 다시 시도하세요.,Przekroczono limit udostępnień. Spróbuj ponownie {dateTime}.,Limite de compartilhamento excedido. Tente novamente em {dateTime}.,,การแชร์เกินขีดจำกัดแล้ว โปรดลองอีกครั้งในวันที่ {dateTime},Paylaşım sınırı aşıldı. {dateTime} tarihinde tekrar dene.,Đã vượt quá giới hạn chia sẻ. Hãy thử lại vào {dateTime}.,已超过分享上限。请在 {dateTime}重新尝试。,已超过分享上限。请在 {dateTime}重新尝试。,已超過分享上限。請在 {dateTime} 重新嘗試。
Studio.Toolbox.AssetConfigSharing.DistributeMarketplaceQuotaUnavailable,,,Marketplace sharing has been temporarily disabled.,Marketplace sharing has been temporarily disabled.,تم تعطيل مشاركة السوق مؤقتاً.,Marktplatzfreigabe wurde vorübergehend deaktiviert.,Se desactivó temporalmente el modo Compartir en el Mercado.,Le partage du Marketplace a été temporairement désactivé.,मार्केटप्लेस शेयरिंग कुछ समय के लिए बंद कर दी गई है.,Berbagi Marketplace telah dinonaktifkan untuk sementara.,La condivisione del mercato è stata temporaneamente disattivata.,マーケットプレイス共有が一時的に無効になっています。,마켓플레이스 공유가 일시적으로 비활성화되었습니다.,Udostępnianie na Rynku zostało tymczasowo wyłączone.,O compartilhamento no mercado foi temporariamente desativado.,,การแชร์บนมาร์เก็ตเพลสถูกปิดใช้งานชั่วคราว,Pazar Yeri'nde paylaşım geçici olarak devre dışı bırakıldı.,Tính năng chia sẻ trên Sàn Giao Dịch tạm thời bị vô hiệu hóa.,商城分享已暂时停用。,商城分享已暂时停用。,商城分享已暫時停用。
Studio.Toolbox.AssetConfigPackagePermissions.MultipleLabelTooltip,,,Not all roles have the same access; expand the group for details.,Not all roles have the same access; expand the group for details.,لا تتمتع جميع الأدوار بنفس الوصول؛ قم بتوسيع المجموعة للحصول على التفاصيل.,Nicht alle Rollen haben den gleichen Zugriff; erweitere die Gruppe für Details.,No todos los roles tienen el mismo acceso; expande el grupo para más detalles.,"Tous les rôles n'ont pas le même accès, élargir le groupe pour plus de détails.",सभी रोल्स को एक जैसा ऐक्सेस नहीं दिया गया है. ज़्यादा जानने के लिए ग्रुप को बड़ा करें.,Tidak semua peran memiliki akses yang sama; perluas grup untuk mengetahui detailnya.,Non tutti i ruoli hanno lo stesso accesso; espandere il gruppo per i dettagli.,すべての役割に同じアクセス権限があるわけではありません。詳しくはグループを展開してください。,모든 역할이 동일한 액세스 권한을 갖는 것은 아닙니다. 자세한 내용은 그룹을 확장해 확인하세요.,"Nie wszystkie role mają te same uprawnienia dostępu; rozwiń grupę, aby zobaczyć szczegóły.",Nem todas as funções têm o mesmo acesso; expanda o grupo para detalhes.,,ทุกบทบาทมีสิทธิ์เข้าถึงที่แตกต่างกัน; ขยายกลุ่มเพื่อดูรายละเอียด,Rollerin erişim hakları farklıdır. Ayrıntılar için grubu genişlet.,Không phải tất cả các vai trò đều có quyền truy cập giống nhau; mở rộng nhóm để biết thông tin chi tiết.,不是所有的角色都有相同的权限；请展开群组获取详情。,不是所有的角色都有相同的权限；请展开群组获取详情。,並非所有角色都擁有相同的存取權；請展開群組以獲得詳細資訊。
Studio.Toolbox.AssetConfigPackagePermissions.LockedGroup,,,"To change access for the ""{roleName}"" role, visit the Configure Group page on the website.","To change access for the ""{roleName}"" role, visit the Configure Group page on the website.","لتغيير الوصول إلى دور ""{roleName}""، تفضل بزيارة صفحة تكوين المجموعة على الموقع الإلكتروني.","Um die Zugriffsrechte für die Rolle ""{roleName}"" zu ändern, besuche die Seite ""Gruppe konfigurieren"" auf der Website.","Para cambiar el acceso del rol ""{roleName}"", visita la página Configurar grupo en el sitio web.","Pour modifier l'accès au rôle ""{roleName}"", visite la page Configurer le groupe sur le site Web.","""{roleName}"" रोल का ऐक्सेस बदलने के लिए, वेबसाइट के 'ग्रुप कॉन्फ़िगर करें' पेज पर जाएँ.","Untuk mengubah akses untuk peran ""{roleName}"", kunjungi halaman Konfigurasi Grup di situs web.","Per modificare l'accesso al ruolo ""{roleName}"", visitare la pagina Configura gruppo sul sito web.",「{roleName}」の役割のアクセス権限を変更するには、ウェブサイトの「グループ設定」ページを参照してください。,'{roleName}' 역할에 대한 액세스 권한을 변경하려면 웹사이트의 그룹 구성 페이지를 방문하세요.,"Aby zmienić uprawnienia dostępu dla roli „{roleName}”, na stronie internetowej przejdź na stronę konfiguracji grupy.","Para alterar o acesso para o cargo ""{roleName}"", visite a página Configurar grupo no site.",,"หากต้องการเปลี่ยนแปลงสิทธิ์เข้าถึงของบทบาท ""{roleName}"" ให้ไปที่หน้าการกำหนดค่ากลุ่มในเว็บไซต์","""{roleName}"" rolünün erişim haklarını değiştirmek istiyorsan web sitesindeki Grup Yapılandırma sayfasına git.","Để thay đổi quyền truy cập cho vai trò ""{roleName}"", hãy truy cập trang Điều Chỉnh Nhóm trên trang web.",若要更改“{roleName}”角色的权限，请在网页上前往设置群组页面。,若要更改“{roleName}”角色的权限，请在网页上前往设置群组页面。,若要變更「{roleName}」角色的存取權，請造訪網站上的設定群組頁面。
Studio.Toolbox.AssetConfigPackagePermissions.UserOwnedWarningAllVersions,,,The user access granted here applies to all versions of this package.,The user access granted here applies to all versions of this package.,ينطبق وصول المستخدم الممنوح هنا على جميع إصدارات هذه الحزمة.,Der hier gewährte Benutzerzugang gilt für alle Versionen dieses Pakets.,El acceso de usuario concedido aquí se aplica a todas las versiones de este paquete.,L'accès de l'utilisateur accordé ici s'applique à toutes les versions de ce package.,यहाँ दिया गया यूज़र ऐक्सेस इस पैकेज के सभी वर्ज़न पर अप्लाई होता है.,Akses pengguna yang diberikan di sini berlaku untuk semua versi paket ini.,L'accesso dell'utente concesso qui si applica a tutte le versioni di questo pacchetto.,ここで付与されたユーザーアクセスは、このパッケージのすべてのバージョンに適用されます。,여기에서 부여된 사용자 액세스는 이 패키지의 모든 버전에 적용됩니다.,Uprawnienia dostępu przyznane tu użytkownikowi odnoszą się do wszystkich wersji tego pakietu.,O acesso de usuário concedido aqui aplica-se a todas as versões deste pacote.,,การมอบสิทธิ์เข้าถึงของผู้ใช้งานที่นี่จะปรับใช้กับทุกเวอร์ชันของแพ็คเกจนี้,"Burada kullanıcılara verilen erişim hakları, paketin tüm sürümleri için geçerli olur.",Quyền truy cập của người dùng được cấp ở đây áp dụng cho tất cả các phiên bản của gói này.,在此授权的用户权限将适用于此包的所有版本。,在此授权的用户权限将适用于此包的所有版本。,在此授予的使用者權限將適用此套件所有版本。
Studio.Toolbox.AssetConfigPackagePermissions.GroupOwnedWarningAllVersions,,,Group roles that have not been assigned in Group Configuration can be set here. Permissions set here affect all users with the group role for all versions of this package.,Group roles that have not been assigned in Group Configuration can be set here. Permissions set here affect all users with the group role for all versions of this package.,يمكن تعيين أدوار المجموعة التي لم يتم تعيينها في تكوين المجموعة هنا. تؤثر الأذونات المحددة هنا على جميع المستخدمين الذين لديهم دور المجموعة لجميع إصدارات هذه الحزمة.,"Gruppenrollen, die noch nicht in der Gruppenkonfiguration zugewiesen wurden, können hier festgelegt werden. Die hier festgelegten Berechtigungen wirken sich auf alle Benutzer mit der Gruppenrolle für alle Versionen dieses Pakets aus.",Los roles de grupo que no se han asignado en Configuración del grupo pueden establecerse aquí. Los permisos establecidos aquí afectan a todos los usuarios con el rol de grupo para todas las versiones de este paquete.,Les rôles de groupe qui n'ont pas été assignés dans la configuration de groupe peuvent être définis ici. Les permissions définies ici affectent tous les utilisateurs ayant le rôle de groupe pour toutes les versions de ce package.,"जिन ग्रुप रोल को 'ग्रुप कॉन्फ़िगरेशन' में असाइन नहीं किया गया है, उन्हें यहाँ सेट किया जा सकता है. यहाँ सेट की गई परमिशंस इस पैकेज के सभी वर्ज़न के लिए ग्रुप रोल वाले सभी यूज़र पर असर डालती हैं.",Peran Grup yang belum ditetapkan di Konfigurasi Grup bisa diatur di sini. Izin yang diatur di sini akan berdampak pada semua pengguna dengan peran grup untuk semua versi paket ini.,I ruoli del gruppo che non sono stati assegnati nella configurazione del gruppo possono essere impostati qui. I permessi impostati qui riguardano tutti gli utenti con il ruolo del gruppo per tutte le versioni di questo pacchetto.,グループ設定ページで割り当てられていないグループの役割は、ここで設定できます。ここで設定された権限は、このパッケージのすべてのバージョンでユーザー全員に影響します。,그룹 구성에서 할당되지 않은 그룹 역할은 여기에서 설정할 수 있습니다. 여기에 설정된 권한은 이 패키지의 모든 버전에 대한 그룹 역할이 있는 모든 사용자에게 영향을 줍니다.,"Role w grupie, które nie zostały przydzielone na stronie konfiguracji grupy, można ustawić tutaj. Uprawnienia udzielone tutaj odnoszą się do wszystkich użytkowników z daną rolą w grupie i do wszystkich wersji tego pakietu.",Funções do grupo que não foram atribuídas na configuração do grupo podem ser definidas aqui. Permissões definidas aqui afetam todos os usuários com cargo no grupo para todas as versões deste pacote.,,สามารถกำหนดบทบาทกลุ่มที่ยังไม่ได้กำหนดในการกำหนดค่ากลุ่มได้ที่นี่ สิทธิ์ที่กำหนดที่นี่จะมีผลกับผู้ใช้งานทั้งหมดที่มีบทบาทกลุ่มในทุกเวอร์ชันของแพ็คเกจนี้,"Grup Yapılandırma sayfasında atanmayan grup rolleri buradan ayarlanabilir. Burada belirlenen izinler, grup rolüne sahip tüm kullanıcıları paketin tüm sürümlerinde etkiler.",Có thể thiết lập các vai trò trong nhóm chưa được chỉ định trong phần Cấu Hình Nhóm tại đây. Quyền được đặt ở đây sẽ ảnh hưởng đến tất cả người dùng có vai trò trong nhóm đối với mọi phiên bản của gói này.,群组设置中尚未分派的群组角色可以在此处设置。在此设置的权限将会在影响此包的所有版本中拥有此群组角色的用户。,群组设置中尚未分派的群组角色可以在此处设置。在此设置的权限将会在影响此包的所有版本中拥有此群组角色的用户。,可以在這裡設定尚未在群組設定中指派的群組角色。在此設定的權限將會影響此套件所有版本中具有該群組角色的所有使用者。
Studio.Toolbox.AssetConfigPackagePermissions.GroupOwnedTooltip,,,The creator always has full access.,The creator always has full access.,يتمتع المصمم دائمًا بإمكانية الوصول الكامل.,Creator haben immer vollen Zugriff.,El creador siempre tiene acceso completo.,Le créateur a toujours un accès complet.,क्रिएटर के पास हमेशा पूरा ऐक्सेस होता है.,Kreator selalu memiliki akses penuh.,Il creatore ha sempre accesso completo.,クリエーターには、常にすべてのアクセス権限があります。,크리에이터는 항상 전체 액세스 권한을 갖습니다.,Twórca zawsze ma pełny dostęp.,O criador sempre tem acesso total.,,ครีเอเตอร์จะมีสิทธิ์เข้าถึงเต็มรูปแบบเสมอ,Yaratıcıların daima tam erişim hakkı olur.,Nhà sáng tạo luôn có quyền truy cập đầy đủ.,创作者永远拥有完整权限。,创作者永远拥有完整权限。,創作者永遠會擁有完整權限。
Studio.Toolbox.InsertTool.DialogTitle,,,Insert Tool,Insert Tool,أداة الإدراج,Einfügen-Tool,Insertar Herramienta,Insert Tool,इन्सर्ट टूल,Masukkan Alat,Inserire Tool,ツールを挿入,삽입 도구,Wstaw narzędzie,Inserir ferramenta,,แทรกเครื่องมือ,Araç Ekle,Công Cụ Chèn,插入工具,插入工具,插入工具
Studio.Toolbox.InsertTool.DialogText,,,Put this tool into the StarterPack?,Put this tool into the StarterPack?,هل تريد وضع هذه الأداة في StarterPack؟,Dieses Tool in das StarterPack aufnehmen?,¿Poner esta herramienta en StarterPack?,Ajouter cet outil dans le StarterPack ?,इस टूल को StarterPack में डालना है?,Masukkan alat ini ke dalam StarterPack?,Inserire questo strumento nello StarterPack?,StarterPack にこのツールを入れますか？,이 도구를 StarterPack에 넣을까요?,Umieścić to narzędzie w pakiecie StarterPack?,Colocar esta ferramenta no Pacote inicial?,,ใส่เครื่องมือนี้ลงใน StarterPack หรือไม่?,"Araç, StarterPack'e eklensin mi?",Bạn muốn đặt công cụ này vào StarterPack?,将此工具放入 StarterPack？,将此工具放入 StarterPack？,將此工具放入 StarterPack？
Studio.Toolbox.General.SearchResultsBackToHome,,,< All {assetType} /,< All {assetType} /,< جميع {assetType}/,< Alle {assetType} /,< Todos {assetType}/,< Toutes les {assetType}/,< सभी {assetType} /,< Semua {assetType} /,< Tutti {assetType}/,< すべての {assetType}/,< 전체 {assetType} /,< Wszystkie typu {assetType} /,< Todos {assetType}/,,< {assetType}ทั้งหมด/,< Her {assetType} /,< Tất cả {assetType} /,< 所有{assetType} /,< 所有{assetType} /,< 所有{assetType} /
Studio.Toolbox.HomeView.Baseplate,,,Baseplate,Baseplate,صفيحة القاعدة,Grundplatte,Placa de base,Plaque de base,बेसप्लेट,Pelat Dasar,Piastra di base,ベースプレート,베이스 플레이트,Płytka bazowa,Placa base,,แผ่นฐาน,Taban Zemini,Nền tảng,底板,底板,底盤
Studio.Toolbox.HomeView.FlatTerrain,,,Flat Terrain,Flat Terrain,التضاريس المسطحة,Flaches Gelände,Terreno plano,Terrain plat,फ़्लैट टेरेन,Medan Rata,Terreno piatto,地形を平にする,평평한 지형,Teren płaski,Terreno plano,,ภูมิประเทศแบน,Düz Arazi,Địa Hình Phẳng,平整地形,平整地形,平地
Studio.Toolbox.HomeView.Obby,,,Obby,Obby,مسار عوائق,Obby,Obby,Obby,ऑबी,Obby,Obby,障害物アスレ,오비,Tor przeszkód,Obby,,อ็อบบี้,Engel Parkuru,Chướng Ngại,障碍赛跑,障碍赛跑,障礙賽
Studio.Toolbox.HomeView.City,,,City,City,المدينة,Stadt,Ciudad,Ville,शहर,Kota,Città,都市,도시,Miasto,Cidade,,เมือง,Şehir,Thành Phố,城市,城市,城市
Studio.Toolbox.HomeView.Suburban,,,Suburban,Suburban,ضاحية,Vorstadt,Suburbano,Banlieue,उपनगर,Pinggiran Kota,Periferia,郊外,교외,Przedmieście,Suburbano,,ชานเมือง,Banliyö,Khu Ngoại Ô,郊区,郊区,郊區
Studio.Toolbox.HomeView.Combat,,,Combat,Combat,قتال,Kämpfen,Combate,Combat,युद्ध,Pertarungan,Combattere,戦闘,전투,Walka,Combate,,การต่อสู้,Çarpışma,Trận Đấu,对抗,对抗,戰鬥
Studio.Toolbox.HomeView.Castle,,,Castle,Castle,قلعة,Schloß,Castillo,Château,कैसल,Kastel,Castello,お城,성,Zamek,Castelo,,ปราสาท,Kale,Lâu Đài,城堡,城堡,城堡
Studio.Toolbox.HomeView.PirateIsland,,,Pirate Island,Pirate Island,جزيرة القراصنة,Pirateninsel,Isla de piratas,Île aux pirates,पाइरेट आइलैंड,Pulau Bajak Laut,Isola dei Pirati,海賊の島,해적 섬,Wyspa piratów,Ilha pirata,,เกาะโจรสลัด,Korsan Adası,Đảo Hải Tặc,海盗岛,海盗岛,海盜島
Studio.Toolbox.HomeView.Village,,,Village,Village,قرية,Dorf,Pueblo,Village,गाँव,Desa,Paese,村,마을,Wioska,Vila,,หมู่บ้าน,Köy,Làng,村庄,村庄,村鎮
Studio.Toolbox.HomeView.MansionofWonder,,,Mansion of Wonder,Mansion of Wonder,قصر العجائب,Wunderhaus,Mansión de las Maravillas,Manoir de la Merveille,शानदार कोठी,Rumah Keajaiban,Villa delle meraviglie,不思議な邸宅,맨션 오브 원더,Pałac osobliwości,Mansão de maravilhas,,คฤหาสน์แห่งความมหัศจรรย์,Mucizeler Köşkü,Biệt Thự Kỳ Diệu,奇幻豪宅,奇幻豪宅,奇幻豪宅
Studio.Toolbox.HomeView.Racing,,,Racing,Racing,سباقات,Rennen,Carreras,Course,रेसिंग,Balapan,Corse,レース,레이싱,Wyścigi,Corrida,,แข่งความเร็ว,Yarış,Đua Xe,竞速,竞速,競速
Studio.Toolbox.HomeView.TeamFFAArena,,,Team FFA Arena,Team FFA Arena,ساحة فريق FFA,Team FFA-Arena,Estadio del equipo FFA,Arène de l'équipe FFA,टीम FFA अरीना,Arena Tim FFA,Team FFA Arena,チームFFAアリーナ,팀 FFA 아레나,FFA Arena zespołowe,Arena em equipe FFA,,สนามประลอง FFA ทีม,Takım Meydan Savaşı Arenası,Đấu Trường Liên Minh FFA,混战竞技场,混战竞技场,混戰競技場
Studio.Toolbox.HomeView.StartingPlace,,,Starting Place,Starting Place,مكان البدء,Startplatz,Lugar inicial,Lieu de départ,शुरुआती प्लेस,Tempat Awal,Luogo Iniziale,開始プレース,시작 플레이스,Miejsce początkowe,Lugar Inicial,,สถานที่เริ่มต้น,Başlangıç Mekânı,Địa Điểm Bắt Đầu,起始场景,起始场景,初始地點
Studio.Toolbox.HomeView.CaptureTheFlag,,,Capture The Flag,Capture The Flag,الحصول على العلامة,Capture The Flag,Juego del pañuelo,Capturer le drapeau,फ़्लैग कैप्चर करें,Rebut Bendera,Acchiappa bandiera,フラグを奪う,깃발 뺏기,Zdobądź flagę,Capture a bandeira,,ชิงธง,Bayrak Kapmaca,Cướp Cờ,夺取旗帜,夺取旗帜,奪旗
Studio.Toolbox.HomeView.Western,,,Western,Western,غربي,Western,Western,Western,वेस्टर्न,Western,Western,ウエスタン,서부극,Western,Faroeste,,ตะวันตก,Kovboy Temalı,Viễn Tây,西部,西部,西部
Studio.Toolbox.General.SalesCreatorEarnings,,,Creator earnings ({earningsPercent}%),Creator earnings ({earningsPercent}%),أرباح المصمم ({earningsPercent}%),Creator-Einnahmen ({earningsPercent}%),Ganancias del creador ({earningsPercent}%),Gains du créateur ({earningsPercent}%),क्रिएटर की कमाई ({earningsPercent}%),Pendapatan kreator ({earningsPercent}%),Guadagni creatori ({earningsPercent}%),クリエーターの収益（{earningsPercent}%),크리에이터 수익({earningsPercent}%),Zarobki twórcy ({earningsPercent}%),Ganhos do criador ({earningsPercent}%),,รายได้ครีเอเตอร์ ({earningsPercent}%),Yaratıcı kazancı (%{earningsPercent}),Số tiền nhà sáng tạo kiếm được ({earningsPercent}%),创作者收入（{earningsPercent}%）,创作者收入（{earningsPercent}%）,創作者收入（{earningsPercent}%）
Studio.Toolbox.General.SalesFreePrice,,,"To set the asset as free, enter 0.","To set the asset as free, enter 0.",لتعيين الأصل كمجاني، أدخل 0.,"Um das Objekt kostenlos zu machen, gib 0 ein.","Para establecer el recurso como gratuito, ingresa 0.","Pour libérer le contenu, entrer 0.","ऐसेट को फ़्री पर सेट करने के लिए, 0 डालें.","Untuk membuat aset gratis, masukkan 0.","Per impostare l'asset come gratis, inserisci 0.",アセットを無料に設定するには、 0 を入力。,애셋을 무료로 설정하려면 0을 입력합니다.,"Aby ustawić zasób jako darmowy, wprowadź 0.","Para definir o ativo como grátis, digite 0.",,หากต้องการกำหนดให้ทรัพยากรนี้ฟรี โปรดใส่เลข 0,Varlığı ücretsiz olarak sunmak için 0 gir.,"Để đặt tài sản là miễn phí, hãy nhập 0.",若要将素材设置为免费，请输入 0。,若要将素材设置为免费，请输入 0。,若要將素材設為免費，請輸入「0」。
Studio.Toolbox.General.SalesMinimumPrice,,,The minimum price for this item type is {minPrice}.,The minimum price for this item type is {minPrice}.,الحد الأدنى للسعر لهذا النوع من العناصر هو {minPrice}.,Der Mindestpreis für diesen Artikeltyp beträgt {minPrice}.,El precio mínimo para este tipo de objeto es {minPrice}.,Le prix minimum pour ce type d'article est de {minPrice}.,इस आइटम टाइप की कम-से-कम कीमत {minPrice} है.,Harga minimum untuk tipe item ini adalah {minPrice}.,Il prezzo minimo per questo tipo di articolo è {minPrice}.,このアイテムタイプの最低価格は {minPrice} です。,이 아이템류의 최소 가격은 {minPrice}입니다.,Cena minimalna przedmiotu tego typu wynosi {minPrice}.,O preço mínimo para este tipo de item é {minPrice}.,,ราคาขั้นต่ำของไอเท็มประเภทนี้คือ {minPrice},Bu öğe tipi için en düşük fiyat {minPrice}.,Giá thấp nhất của loại vật phẩm này là {minPrice}.,此道具类型的最低价格为 {minPrice}。,此道具类型的最低价格为 {minPrice}。,此道具類型的最低價格為 {minPrice}。
Studio.Toolbox.Announcement.Header_Default,,,Announcement,Announcement,إعلان,Ankündigung,Anuncio,Annonce,घोषणा,Pengumuman,Annuncio,お知らせ,알림,Ogłoszenie,Anúncio,,ประกาศ,Duyuru,Thông Báo,公告,公告,公告
Studio.Toolbox.General.SearchOptionsIncludeUnverifiedHeader,,,Include unverified creators,Include unverified creators,إدراج مصممي المحتوى الذين لم يتم التحقق منهم,Nicht verifizierte Creator einschließen,Incluye creadores no verificados,Inclure les créateurs non vérifiés,"वे क्रिएटर भी शामिल हैं, जो वेरिफ़ाइड नहीं हैं",Sertakan kreator yang belum diverifikasi,Includi creatori non verificati,未認証のクリエーターも入れる,미인증 크리에이터 포함,Uwzględnij niezweryfikowanych twórców,Incluir criadores não verificados,,รวมครีเอเตอร์ที่ยังไม่ได้รับการตรวจสอบยืนยัน,Doğrulanmamış yaratıcıları da dâhil et,Bao gồm các nhà sáng tạo chưa được xác minh,包括未验证的创作者,包括未验证的创作者,包括未驗證創作者
Studio.Toolbox.General.SearchOptionsIncludeUnverifiedDescription,,,Assets from unverified sources add more risk of malicious behavior or damage,Assets from unverified sources add more risk of malicious behavior or damage,تؤدي الأصول من مصادر غير موثوقة إلى زيادة خطر السلوك الضار أو التسبّب في الضرر,Objekte aus nicht verifizierten Quellen erhöhen das Risiko von bösartigem Verhalten oder Schaden,Los recursos de fuentes no verificadas añaden más riesgo de comportamiento malicioso o daño,Les contenus provenant de sources non vérifiées ajoutent plus de risques de comportement malveillant ou d'endommagement,वेरिफ़ाई न किए गए सोर्स के ऐसेट से दुर्भावनापूर्ण व्यवहार या नुकसान का जोखिम ज़्यादा होता है,Aset yang berasal dari sumber tidak terverifikasi bisa menambah risiko adanya perilaku atau kerusakan berbahaya,Le risorse provenienti da fonti non verificate aggiungono più rischio di comportamenti inopportuni o danni,未認証のソースからのアセットは、悪意のある動作や破損のリスクを高めます,미인증 출처로부터의 애셋은 악의적인 행위 및 손상의 위험을 높입니다,Z zasobami z niezweryfikowanych źródeł wiąże się większe ryzyko szkodliwych działań lub strat,Ativos de fontes não verificadas adicionam mais risco de comportamento malicioso ou danos,,ทรัพยากรจากแหล่งที่มาที่ไม่ได้รับการตรวจสอบยืนยันจะเพิ่มความเสี่ยงต่อพฤติกรรมประสงค์ร้ายหรือการเกิดความเสียหาย,"Doğrulanmayan kaynaklardan gelen varlıklar, kötü niyetli girişim ve hasar riskini artırır",Tài sản từ các nguồn chưa xác minh chứa nhiều rủi ro về hành vi độc hại hoặc thiệt hại,来自未验证来源的素材有更高的安全风险,来自未验证来源的素材有更高的安全风险,來自未驗證來源的素材有更高的安全風險
Studio.Toolbox.General.SearchOptionsIncludeUnverifiedTooltip,,,Unverified creators have not confirmed their real life identity via an ID or phone,Unverified creators have not confirmed their real life identity via an ID or phone,لم يؤكد مصممو المحتوى الذين لم يتم التحقق منهم هويتهم الحقيقية من خلال بطاقة هوية أو هاتف,Nicht verifizierte Creator haben nicht ihre echte Identität per Ausweis oder Telefon bestätigt,Los creadores no verificados no confirmaron su identidad real a través de un ID o teléfono,Les créateurs non vérifiés n'ont pas confirmé leur identité réelle via un identifiant ou un téléphone,वेरीफ़ाई नहीं किए गए क्रिएटर्स ने ID या फ़ोन के ज़रिए अपनी असल पहचान कन्फ़र्म नहीं की है,Kreator yang tidak terverifikasi belum mengonfirmasi identitas aslinya dengan kartu identitas atau nomor ponsel,I creatori non verificati non hanno confermato la loro identità di vita reale tramite un ID o telefono,未認証のクリエーターは、本人確認書類か電話で実際に本人確認をしていません,미인증 크리에이터는 신분증이나 휴대폰으로 실명 인증을 거치지 않은 상태입니다,Niezweryfikowani twórcy nie potwierdzili swojej tożsamości w realu dowodem tożsamości ani numerem telefonu,Criadores não verificados não confirmaram sua identidade da vida real através de uma ID ou telefone,,ครีเอเตอร์ที่ไม่ได้รับการตรวจสอบยืนยันไม่ยืนยันตัวตนในชีวิตจริงของพวกเขาผ่านทาง ID หรือโทรศัพท์มือถือ,Gerçek hayattaki kimliklerini nüfus cüzdanı ya da telefon aracılığıyla onaylamayan yaratıcılar doğrulanmaz,Nhà sáng tạo chưa xác minh đã không xác nhận danh tính thực của họ thông qua ID hoặc điện thoại,未验证创作者尚未使用个人证件或手机号码验证其真实身份。,未验证创作者尚未使用个人证件或手机号码验证其真实身份。,未驗證創作者未使用證件或手機號碼確認真實身分
Studio.Toolbox.General.Package,,,Convert to Package,Convert to Package,تحويل إلى حزمة,In Paket konvertieren,Convertir en paquete,Convertir en package,पैकेज में कन्वर्ट करें,Konversi ke Paket,Converti in pacchetto,パッケージに変換,패키지로 전환,Konwertuj na pakiet,Converter para pacote,,แปลงเป็นแพ็คเกจ,Pakete dönüştür,Chuyển Sang Gói,转换为包,转换为包,轉換成套件
Studio.Toolbox.AssetConfigCopy.PackageCantShare,,,Marketplace publishing is not available when updates are enabled,Marketplace publishing is not available when updates are enabled,لا يتوفر النشر في السوق عند تمكين التحديثات,"Die Veröffentlichung auf dem Marktplatz ist nicht verfügbar, wenn Updates aktiviert sind",La publicación en Mercado no está disponible cuando las actualizaciones están activadas,La publication sur le marketplace n'est pas disponible lorsque les mises à jour sont activées,अपडेट चालू होने पर मार्केटप्लेस पब्लिशिंग उपलब्ध नहीं है,Publikasi Marketplace tidak tersedia saat update diaktifkan,La pubblicazione sul mercato non è disponibile quando gli aggiornamenti sono abilitati,更新がオンになっている場合、マーケットプレイスの公開は利用できません,업데이트가 활성화되어 있는 경우 마켓플레이스 게시를 할 수 없습니다,"Publikowanie na Rynku jest niedostępne, gdy aktualizacje nie są włączone",A publicação no mercado não está disponível quando as atualizações estão habilitadas,,การเผยแพร่มาร์เก็ตเพลสไม่สามารถใช้งานได้เมื่อเปิดใช้งานการอัปเดต,Güncellemeler etkinken Pazar Yeri'nde öğe yayınlanamaz,Tính năng đăng lên Sàn Giao Dịch không khả dụng khi bật các cập nhật,更新启用时无法使用商城发布,更新启用时无法使用商城发布,更新啟用時無法使用商城發布
Studio.Toolbox.AssetConfigPackage.HelpText,,,Enable automatic updates to this asset in the future. (This cannot be reversed),Enable automatic updates to this asset in the future. (This cannot be reversed),تمكين التحديثات التلقائية لهذا الأصل في المستقبل. (لا يمكن التراجع عن هذا الإجراء),Aktiviere in Zukunft automatische Updates für dieses Objekt. (Dies kann nicht rückgängig gemacht werden),Activar actualizaciones automáticas de este recurso en el futuro. (Esta acción no se puede revertir),Activer les mises à jour automatiques de ce contenu dans le futur. (Cela ne peut pas être inversé),आने वाले समय में इस ऐसेट के ऑटोमैटिक अपडेट चालू करें. (इस प्रोसेस को रिवर्स नहीं किया जा सकता),Aktifkan update otomatis ke aset ini pada masa mendatang. (Ini tidak bisa dikembalikan),Abilita gli aggiornamenti automatici di questo asset in futuro. (Questo non può essere invertito),あとで、このアセットへの自動更新を有効化してください。（これは、元に戻せません）,나중에 이 애셋에 대한 자동 업데이트를 활성화합니다. (이 작업은 되돌릴 수 없음),Włącz dla tego zasobu automatyczne aktualizacje w przyszłości. (Tego działania nie można cofnąć),Habilite atualizações automáticas para este ativo no futuro. (Isso não pode ser revertido),,เปิดใช้งานการอัปเดตอัตโนมัติให้แก้ทรัพยากรนี้ในอนาคต (การดำเนินการนี้ไม่สามารถแปลงกลับได้),Gelecekte bu varlık için otomatik güncellemeleri etkinleştir. (Bu işlem geri alınamaz),Bật các cập nhật tự động cho tài sản này trong tương lai. (Thao tác này không thể đảo ngược),为此素材启用自动更新。（此操作无法撤回）,为此素材启用自动更新。（此操作无法撤回）,對此素材啟用日後自動更新。（此操作無法復原）
Studio.Toolbox.Announcement.Button_Default,,,Got it!,Got it!,حسنًا!,Verstanden!,¡Entendido!,J'ai compris!,ठीक है!,Oke,Tutto chiaro!,了解！,확인,Rozumiem!,Entendi!,,เข้าใจแล้ว!,Anladım!,Đã hiểu!,明白！,明白！,知道了！
Studio.Toolbox.Announcement.Header_08-09-2022,,,Marketplace is safer than ever!,Marketplace is safer than ever!,أصبح السوق أكثر أمانًا من أي وقت مضى!,Der Marktplatz ist sicherer denn je!,¡El Mercado es más seguro que nunca!,Le marketplace est plus sûr que jamais !,मार्केटप्लेस पहले से कहीं ज़्यादा सुरक्षित है!,Marketplace sekarang menjadi lebih aman!,Il mercato è più sicuro che mai!,マーケットプレイスがさらに安全になりました！,마켓플레이스가 더욱 안전해졌어요!,Rynek jest bezpieczniejszych niż kiedykolwiek!,O Mercado está mais seguro do que nunca!,,มาร์เก็ตเพลสปลอดภัยยิ่งกว่าที่เคย!,Pazar Yeri hiç olmadığı kadar güvenli!,Sàn Giao Dịch an toàn hơn bao giờ hết!,为你带来更安全的商城体验！,为你带来更安全的商城体验！,給您更安全的商城！
Studio.Toolbox.Announcement.Description_08-09-2022,,, • Machine learning blocks more harmful assets<br />• Content from verified creators now highlighted by default, • Machine learning blocks more harmful assets<br />• Content from verified creators now highlighted by default, • التعلم الآلي يحظر المزيد من الأصول الضارة• يتم الآن تمييز المحتوى من مصممي المحتوى الذين تم التحقق منهم افتراضيًا<br />,• Maschinelles Lernen blockiert mehr schädliche Objekte<br />– Inhalte von verifizierten Creatorn werden jetzt standardmäßig hervorgehoben, • El aprendizaje automático bloquea los recursos más nocivos<br />• El contenido de los creadores verificados se resalta por defecto, • Le Machine Learning bloque plus de ressources néfastes<br />• Contenu provenant de créateurs vérifiés maintenant mis en évidence par défaut, • मशीन लर्निंग ज़्यादा हानिकारक ऐसेट को ब्लॉक करता है<br />• वेरिफ़ाइड क्रिएटर का कॉन्टेंट अब डिफ़ॉल्ट रूप से हाइलाइट किया जाता है, • Pembelajaran mesin memblokir lebih banyak aset berbahaya<br />• Konten dari kreator terverifikasi kini disorot secara default, • Machine learning blocca più risorse dannose<br />• Contenuto dei creatori verificati ora evidenziati per impostazione predefinita, • 機械学習によって、有害なアセットをさらにブロックしてくれます<br />• 認証済みクリエーターのコンテンツがデフォルトでハイライトされるようになりました, • 머신 러닝이 더 많은 유해한 애셋을 차단합니다<br />• 이제 인증된 크리에이터의 콘텐츠가 자동으로 강조 표시됩니다," • Bloki, do których użyto uczenia maszynowego, są zasobami o większej szkodliwości<br />• Zawartość od zweryfikowanych twórców jest teraz domyślnie wyróżniona", • A aprendizagem de máquina bloqueia os ativos mais nocivos<br />• Conteúdo de criadores verificados agora são destacados por padrão,, • แมชชีนเลิร์นนิงจะบล็อกทรัพยากรที่เป็นอันตรายเพิ่มขึ้น<br />เนื้อหาจากครีเอเตอร์ที่ตรวจสอบยืนยันตัวตนแล้วจะได้รับการไฮไลต์โดยค่าเริ่มต้น," • Makine öğrenimi, zararlı varlıkların önüne geçer<br />• Doğrulanmış yaratıcıların içerikleri artık varsayılan olarak vurgulanıyor", • Học máy chặn nhiều tài sản độc hại hơn<br />• Nội dung từ các nhà sáng tạo đã xác minh hiện được tô sáng theo mặc định, • 通过机器学习过滤更多有害素材<br />• 验证创作者的内容将在默认情况下高亮显示, • 通过机器学习过滤更多有害素材<br />• 验证创作者的内容将在默认情况下高亮显示, • 透過機器學習過濾更多有害素材<br />• 驗證創作者的內容將在預設情況下被標記
Studio.Toolbox.Announcement.LinkText_Default,,,Learn More,Learn More,معرفة المزيد,Mehr erfahren,Aprende más,En savoir plus,ज़्यादा जानें,Pelajari Selengkapnya,Scopri di più,もっと詳しく,더 알아보기,Dowiedz się więcej,Saiba mais,,เรียนรู้เพิ่มเติม,Daha fazla bilgi edin,Tìm Hiểu Thêm,了解更多,了解更多,了解更多
Studio.Toolbox.HomeView.recommended,,,Recommended,Recommended,موصى به,Empfohlen,Recomendada,Recommandé,सुझाया गया,Direkomendasikan,Consigliato,おすすめ,추천,Polecane,Recomendados,,แนะนำ,Önerilen,Đã Đề Xuất,推荐,推荐,推薦
Studio.Toolbox.Subcategory.ModelAd,,,Ads,Ads,الإعلانات,Werbung,Anuncios,Annonces,ऐड,Iklan,Annunci,広告,광고,Reklamy,Publicidade,,โฆษณา,Reklamlar,Quảng Cáo,广告,广告,廣告
Studio.Toolbox.Subcategory.ModelMaterial,,,Materials,Materials,المواد,Materialien,Materiales,Matériel,मटीरियल,Material,Materiali,素材,재질,Materiały,Materiais,,วัสดุ,Malzemeler,Vật Liệu,材质,材质,材質
Studio.Toolbox.Common.Yes,,,Yes,Yes,نعم,Ja,Sí,Oui,हाँ,Ya,Sì,はい,예,Tak,Sim,,ใช่,Evet,Có,是,是,是
Studio.Toolbox.Common.No,,,No,No,لا,Nein,No,Non,नहीं,Tidak,No,いいえ,아니요,Nie,Não,,ไม่,Hayır,Không,否,否,否
Studio.Toolbox.General.SearchTagIdUnverified,,,Show ID Unverified creators,Show ID Unverified creators,عرض المصممين الذين لم يتم التحقق من هويتهم,Nicht identitätsverifizierte Creator anzeigen,Mostrar ID de creadores no verificados,Afficher l'Identifiant des Créateurs non vérifiés,ID वेरीफ़ाई नहीं कराने वाले क्रिएटर दिखाएँ,Tampilkan kreator yang Belum Diverifikasi ID,Mostra gli ID di creatori non verificati,本人確認書類で未認証のクリエーターを表示,본인 인증 미완료된 크리에이터만 표시,Pokaż twórców niezweryfikowanych dowodem tożsamości,Mostrar criadores com identidade não verificada,,แสดงครีเอเตอร์ที่ไม่ได้ตรวจสอบยืนยัน ID,Kimliği doğrulanmamış yaratıcıları da göster,Hiển thị nhà sáng tạo đã được xác minh qua ID,显示没有 ID 认证的创作者,显示没有 ID 认证的创作者,顯示沒有 ID 認證的創作者
Studio.Toolbox.AssetConfigSharing.VerifyYourAccount,,,Verify your account,Verify your account,تحقق من حسابك,Verifiziere dein Konto,Verifica tu cuenta,Vérifier ton compte,अकाउंट वेरिफ़ाई करें,Verifikasi akunmu,Verifica il tuo account,お持ちのアカウントを認証してください,계정 인증,Zweryfikuj swoje konto,Verificar sua conta,,ตรวจสอบยืนยันบัญชีของคุณ,Hesabını doğrula,Xác minh tài khoản của bạn,验证你的帐户,验证你的帐户,進行帳號驗證
Studio.Toolbox.AssetConfigSharing.VerifyCurrentLimit,,,Current limit: {quotaText},Current limit: {quotaText},الحد الحالي: {quotaText},Aktuelles Limit: {quotaText},Límite actual: {quotaText},Limite actuelle : {quotaText},मौजूदा लिमिट : {quotaText},Batas saat ini: {quotaText},Limite attuale: {quotaText},現在の上限: {quotaText},현재 한도: {quotaText},Aktualny limit: {quotaText},Limite atual: {quotaText},,ขีดจำกัดปัจจุบัน: {quotaText},Mevcut sınır: {quotaText},Giới hạn hiện tại: {quotaText},当前上限：{quotaText},当前上限：{quotaText},目前上限：{quotaText}
Studio.Toolbox.AssetConfigSharing.VerifyReason1,,,Maximize discoverability,Maximize discoverability,زيادة إمكانية عملية الاكتشاف,Auffindbarkeit maximieren,Maximizar descubrimiento,Maximiser la visibilité,डिस्कवरेबिलिटी को अधिकतम करें,Maksimalkan kemudahan konten untuk ditemukan,Massimizza la scopertabilità,最大限に見つけやすくする,검색 가능성 최대화,Zmaksymalizuj wyszukiwalność,Maximizar descoberta,,เพิ่มความสามารถในการค้นหาให้ถึงระดับสูงสุด,Keşfedilebilirliği en üst düzeye çıkar,Tối đa hóa khả năng phát hiện,最大化可发现性,最大化可发现性,提高可發現性
Studio.Toolbox.AssetConfigSharing.VerifyReason2,,,Increase Marketplace publishing limit,Increase Marketplace publishing limit,زيادة حد النشر في المتجر,Erhöhe das Limit für die Veröffentlichung auf dem Marktplatz,Aumentar límite de publicación en el Mercado,Augmenter la limite de publication du Marketplace,मार्केटप्लेस पब्लिशिंग लिमिट बढ़ाएँ,Tingkatkan batas publikasi Marketplace,Aumenta il limite di pubblicazione Marketplace,マーケットプレイス公開の上限を上げる,마켓플레이스 게시 한도 높이기,Zwiększ limit publikowania na Rynku,Aumentar o limite de publicação no mercado,,เพิ่มขีดจำกัดการเผยแพร่มาร์เก็ตเพลส,Pazar Yeri'nde yayınlama sınırını artır,Tăng giới hạn đăng lên Sàn Giao Dịch,提高商城发布上限,提高商城发布上限,提高商城發布上限
Studio.Toolbox.General.SalesMaxPrice,,,The maximum price for this item type is {maxPrice},The maximum price for this item type is {maxPrice},الحد الأقصى للسعر لهذا النوع من العناصر هو {maxPrice},Der Höchstpreis für diesen Artikeltyp beträgt {maxPrice},El precio máximo para este tipo de objecto es de {maxPrice},Le prix maximum pour ce type d'article est de {maxPrice},इस आइटम टाइप की ज़्यादा-से-ज़्यादा कीमत {maxPrice} है,Harga maksimum untuk tipe item ini adalah {maxPrice},Il prezzo minimo per questo tipo di articolo è {maxPrice},このアイテムタイプの最高価格は {maxPrice} です,이 아이템류의 최대 가격은 {maxPrice}입니다,Cena maksymalna przedmiotu tego typu wynosi {maxPrice},O preço máximo para este tipo de item é {maxPrice},,ราคาสูงสุดของไอเท็มประเภทนี้คือ {maxPrice},Bu öğe tipi için en yüksek fiyat {maxPrice},Giá cao nhất của loại vật phẩm này là {maxPrice},此道具类型的最高价格为 {maxPrice}。,此道具类型的最高价格为 {maxPrice}。,此道具類型的最高價格為 {maxPrice}。
Studio.Toolbox.General.PackagesUpdateable,,,Updateable,Updateable,قابل للتحديث,Aktualisierbar,Actualizable,Mise à jour possible,अपडेट करने लायक,Bisa di-update,Aggiornabile,更新可能,업데이트 가능,Z możliwością aktualizacji,Atualizável,,สามารถอัปเดตได้,Güncellenebilir,Có Thể Cập Nhật,可更新,可更新,可更新
Studio.Toolbox.General.SalesVerification,,,Your account must be verified in order to set a price for your plugin.,Your account must be verified in order to set a price for your plugin.,يجب التحقق من حسابك لتعيين سعر للمكون الإضافي الخاص بك.,"Dein Konto muss verifiziert sein, um einen Preis für dein Plugin festzulegen.",Se debe verificar la cuenta antes de establecer un precio para tu plugin.,Ton compte doit être vérifié afin de fixer un prix pour ton plugin.,"अपने प्लग-इन के लिए कीमत सेट करने के लिए, आपका अकाउंट वेरिफ़ाई होना चाहिए.",Akunmu harus diverifikasi agar kamu bisa mengatur harga untuk pluginmu.,Il tuo account deve essere verificato per poter impostare un prezzo per il tuo plugin.,プラグインの価格を設定するには、アカウントを認証する必要があります。,플러그인 가격을 설정하려면 먼저 계정을 인증해야 합니다.,"Aby móc ustalić cenę dodatku plug-in, musisz przeprowadzić weryfikację swojego konta.",Sua conta deve ser verificada para poder definir um preço para seu plugin.,,บัญชีของคุณต้องได้รับการตรวจสอบยืนยันเพื่อกำหนดราคาของปลั๊กอินของคุณ,Eklentinin fiyatını belirlemek için hesabını doğrulaman gerekir.,Tài khoản của bạn phải được xác minh để đặt giá cho plugin của bạn.,只有通过验证的帐户才能为插件设置价格。,只有通过验证的帐户才能为插件设置价格。,只有經過驗證的帳號才可為外掛程式訂定價格。
Studio.Toolbox.General.UnverifiedCreatorBadgeTooltipText,,,Creator is unverified,Creator is unverified,لم يتم التحقق من المصمم,Creator ist nicht verifiziert,El creador no está verificado,Le créateur n'est pas vérifié,क्रिएटर वेरिफ़ाई नहीं किया गया है,Kreator belum diverifikasi,Creatore non è verificato,クリエーターが未認証です,크리에이터 본인 인증 미완료,Twórca niezweryfikowany,O criador não foi verificado,,ครีเอเตอร์ไม่ได้รับการตรวจสอบยืนยัน,Yaratıcı doğrulanmamış,Nhà sáng tạo chưa xác minh,创作者未通过验证,创作者未通过验证,創作者未經過 ID 驗證
Studio.Toolbox.AssetConfigPackage.CantConvertMultipleInstancesWarning,,,Cannot convert to package unless package has a single root instance.,Cannot convert to package unless package has a single root instance.,لا يمكن التحويل إلى حزمة ما لم يكن للحزمة حالة أصل واحدة.,"Kann nur dann in ein Paket konvertiert werden, wenn das Paket eine einzige Stamminstanz hat.",No se puede convertir al paquete a menos que el paquete tenga una única instancia raíz.,"Impossible de convertir en package, sauf si le package a une seule instance racine.","पैकेज में तब तक कन्वर्ट नहीं किया जा सकता, जब तक कि पैकेज में सिंगल रूट इंस्टैंस न हो.","Tidak bisa mengonversi ke paket, kecuali paket memiliki instance akar tunggal.",Impossibile convertire in pacchetto a meno che il pacchetto non abbia un'unica istanza radice.,パッケージに単一のルートインスタンスがない限り、パッケージに変換できません。,패키지에 단일 루트 인스턴스가 있지 않을 경우 패키지로 변환할 수 없습니다.,"Nie można przekonwertować na pakiet, chyba że pakiet ma jedną instancję główną.",Não é possível converter o pacote a menos que o pacote tenha uma única instância raiz.,,ไม่สามารถแปลงแพ็คเกจได้นอกจากแพ็คเกจจะมีอินสแตนซ์ส่วนหลักเดียว,Paketin tek bir kök örneği olmadığı sürece pakete dönüştürme yapılamaz.,Không thể chuyển đổi thành gói trừ khi gói có một phiên bản gốc.,无法转换为包，除非包只有一个根实例。,无法转换为包，除非包只有一个根实例。,無法轉換成套件，除非套件只有一個根個體。
Studio.Toolbox.AssetConfigPackage.CantConvertIfChildPackageHasUnpublishedChangesWarning,,,Cannot convert to package while the instance contains packages with unpublished changes.,Cannot convert to package while the instance contains packages with unpublished changes.,لا يمكن التحويل إلى حزمة بينما تحتوي الحالة على حزم بها تغييرات غير منشورة.,"Kann nicht in ein Paket konvertiert werden, wenn die Instanz Pakete mit unveröffentlichten Änderungen enthält.",No se puede convertir en paquete mientras que la instancia contenga paquetes con cambios sin publicar.,Impossible de convertir en package alors que l'instance contient des packages avec des modifications non publiées.,इस इंस्टेंस को पैकेज में नहीं बदला जा सकता क्योंकि इसमें मौजूद कुछ पैकेज में अभी तक पब्लिश नहीं किए गएबदलाव हैं.,Tidak bisa mengonversi ke paket jika instance memiliki paket dengan perubahan yang tidak dipublikasikan.,Non è possibile convertire in pacchetto mentre l'istanza contiene pacchetti con modifiche non pubblicate.,インスタンスに未公開の変更があるパッケージが含まれている場合はパッケージに変換できません。,인스턴스에 게시되지 않은 변경 사항이 있는 패키지가 포함되어 있으면 패키지로 변환할 수 없습니다.,"Nie można przekonwertować na pakiet, jeśli instancja zawiera pakiety z nieopublikowanymi zmianami.",Não é possível converter em pacote enquanto a instância contiver pacotes com alterações não publicadas.,,ไม่สามารถแปลงแพ็คเกจได้ในขณะที่อินสแตนซ์มีแพ็คเกจที่มีการเปลี่ยนแปลงที่ยังไม่ได้เผยแพร่,Örnekte yayınlanmamış değişiklikler içeren paketler bulunduğu sürece pakete dönüştürme yapılamaz.,Không thể chuyển đổi sang gói trong khi phiên bản chứa các gói có thay đổi chưa đăng.,实例包含的包中有未发布的更改，无法转换为包。,实例包含的包中有未发布的更改，无法转换为包。,個體包含的套件具有未發布的變更，因此無法轉換成套件。
Studio.Toolbox.AssetConfigPackage.CantConvertModelWithPrimaryPartNonArchivableWarning,,,Cannot publish a Model package when the PrimaryPart is not archivable.,Cannot publish a Model package when the PrimaryPart is not archivable.,لا يمكن نشر حزمة نموذج عندما لا يكون PrimaryPart قابلاً للأرشفة.,"Ein Modellpaket kann nicht veröffentlicht werden, wenn das PrimaryPart nicht archivierbar ist.",No se puede publicar un paquete Modelo cuando el PrimaryPart no es archivable.,Impossible de publier un package Modèle lorsque la PrimaryPart n'est pas archivable.,"PrimaryPart ऑर्काइव करने लायक न हो, तो मॉडल पैकेज पब्लिश नहीं किया जा सकता.",Tidak bisa memublikasikan paket Model jika PrimaryPart tidak bisa diarsipkan.,Impossibile pubblicare un pacchetto Modello quando PrimaryPart non è archiviabile.,エラー: PrimaryPart がアーカイブできない場合はモデルパッケージを公開できません。,PrimaryPart를 보관할 수 없는 경우 모델 패키지를 게시할 수 없습니다.,"Nie można opublikować pakietu modeli, jeśli nie ma możliwości zarchiwizowania części PrimaryPart.",Não é possível publicar um pacote modelo quando a PrimaryPart não é arquivável.,,ไม่สามารถเผยแพร่แพ็คเกจโมเดลได้ในขณะที่ไม่สามารถเก็บถาวร PrimaryPart ได้,PrimaryPart arşivlenemiyorken model paketi yayınlanamaz.,Không thể đăng gói Mô Hình khi PrimaryPart không thể lưu trữ.,PrimaryPart 无法归档，无法发布模型包。,PrimaryPart 无法归档，无法发布模型包。,PrimaryPart 無法封存，因此無法發布模型套件。
Studio.Toolbox.AssetConfigPackage.Non3DRoot3DDescendentsWarning,,,"This object has 3D content but is not a Model, so moving or rotating it will count as modifying the package.","This object has 3D content but is not a Model, so moving or rotating it will count as modifying the package.",يحتوي هذا الكائن على محتوى ثلاثي الأبعاد ولكنه ليس نموذجًا، لذا فإن تحريكه أو تدويره سيُعتبر بمثابة تعديل للحزمة.,"Dieses Objekt hat 3D-Inhalt, ist aber kein Modell. Wenn du es also bewegst oder drehst, gilt das als Modifizierung des Pakets.","Este objeto tiene contenido 3D, pero no es un Modelo, por lo que moverlo o girarlo implicará la modificación del paquete.","Cet objet a un contenu 3D mais n'est pas un Modèle, donc le déplacer ou la faire pivoter comptera comme une modification de package.","इस ऑब्जेक्ट में 3D कॉन्टेंट है, लेकिन यह मॉडल नहीं है, इसलिए इसे मूव करना या रोटेट करना पैकेज में बदलाव के तौर पर गिना जाएगा.","Objek ini memiliki konten 3D, tetapi ia bukan Model. Oleh karena itu, menggerakkan atau memutarnya dianggap sebagai memodifikasi paket.","Questo oggetto ha contenuto 3D ma non è un Modello, quindi spostandolo o ruotandolo conterà come modificando il pacchetto.",このオブジェクトには、3Dコンテンツがありますがモデルではありません。そのため移動や回転はパッケージの修正と見なされます。,이 개체에는 3D 콘텐츠가 있지만 모델은 아닙니다. 따라서 이를 이동하거나 회전하면 패키지를 수정한 것으로 간주됩니다.,"Ten obiekt ma zawartość 3D, ale nie jest modelem, więc przesunięcie go lub obrócenie uznaje się za modyfikację pakietu.","Este objeto tem conteúdo 3D, mas não é um modelo, então movê-lo ou girá-lo contará como modificação do pacote.",,วัตถุนี้มีเนื้อหา 3D แต่ไม่ใช่โมเดล ดังนั้นการเคลื่อนไหวหรือการหมุนจะนับว่าเป็นการแก้ไขแพ็คเกจ,"Nesne, 3B içerik barındırmasına rağmen model olmadığından hareket ettirildiğinde ya da döndürüldüğünde paket üzerinde değişiklik yapılmış sayılır.",Đối tượng này có nội dung 3D nhưng không phải là Mô Hình nên việc di chuyển hoặc xoay đối tượng sẽ được tính là sửa đổi gói.,此对象含有不属于模型的 3D 内容，移动或旋转对象都将视为修改包的行为。,此对象含有不属于模型的 3D 内容，移动或旋转对象都将视为修改包的行为。,此物件含有 3D 內容但不是 Model，移動或旋轉物件將視為修改套件。
Studio.Toolbox.AssetConfigPackage.HelpTextV2,,,Enables versioning and updates for this asset.,Enables versioning and updates for this asset.,تمكين إصدار وتحديثات هذا الأصل.,Aktiviert Versionierung und Updates für dieses Objekt.,Permite versiones y actualizaciones de este recurso.,Active le versioning et les mises à jour pour ce contenu.,इस ऐसेट के लिए वर्ज़निंग और अपडेट चालू करता है.,Mengaktifkan pembuatan versi dan update untuk aset ini.,Abilita versioning e aggiornamenti per questo asset.,このアセットのバージョン管理と更新を有効化。,이 애셋에 대한 버전 관리 및 업데이트를 활성화합니다.,Umożliwia tworzenie nowych wersji i aktualizowanie tego zasobu.,Permite o versionamento e atualizações deste ativo.,,เปิดใช้งานการกำหนดเวอร์ชันและการอัปเดตของทรัพยากรนี้,Varlık için sürüm oluşturmayı ve güncellemeleri etkinleştirir.,Cho phép tạo phiên bản và cập nhật cho tài sản này.,为此素材启用版本管理和更新。,为此素材启用版本管理和更新。,為此素材啟用版本管理和更新。
Studio.Toolbox.General.CategoryFonts,,,Fonts,Fonts,الخطوط,Schriftarten,Tipo de letra,Polices,फ़ॉन्ट,Font,Caratteri,フォント,폰트,Czcionki,Fontes,,ฟอนต์,Yazı Tipleri,Phông Chữ,字体,字体,字型
Studio.Toolbox.General.CategoryMyFonts,,,My Fonts,My Fonts,خطوطي,Meine Schriftarten,Mis tipos de letra,Mes polices,मेरे फ़ॉन्ट,Font Saya,I Miei Caratteri,自分のフォント,내 폰트,Moje czcionki,Minhas fontes,,ฟอนต์ของฉัน,Yazı Tiplerim,Phông Chữ Của Tôi,我的字体,我的字体,我的字型
Studio.Toolbox.General.CategoryRecentFonts,,,Recent Fonts,Recent Fonts,الخطوط الأخيرة,Zuletzt verwendete Schriftarten,Tipos de letra recientes,Polices récentes,रीसेंट फ़ॉन्ट,Font Terakhir,Caratteri Recenti,最近使ったフォント,최근 폰트,Ostatnie czcionki,Fontes recentes,,ฟอนต์ล่าสุุด,Son Yazı Tipleri,Phông Chữ Gần Đây,最近使用的字体,最近使用的字体,近期字型
Studio.Toolbox.Suggestion.MoreFromCreator,,,More from {creatorName},More from {creatorName},المزيد من {creatorName},Mehr von {creatorName},Más de {creatorName},En savoir plus sur {creatorName},{creatorName} के और क्रिएशन,Kreasi lainnya dari {creatorName},Altro da {creatorName},{creatorName} のその他の内容,{creatorName} 님의 아이템 더 보기,Więcej od twórcy {creatorName},Mais de {creatorName},,เพิ่มเติมจาก {creatorName},{creatorName} adlı yaratıcıdan öner,Xem thêm từ {creatorName},更多来自“{creatorName}”的作品,更多来自“{creatorName}”的作品,更多來自 {creatorName} 的作品
Studio.Toolbox.General.SearchBarDisabled,,,Search disabled,Search disabled,تم تعطيل البحث,Suche deaktiviert,Búsqueda desactivada,Recherche désactivée,सर्च फ़ीचर बंद है,Pencarian dinonaktifkan,Ricerca disattivata,サーチが無効化済み,검색이 비활성화됨,Wyszukiwanie wyłączone,Pesquisa desativada,,เปิดใช้งานการค้นหา,Arama devre dışı,Đã tắt tìm kiếm,搜索已禁用,搜索已禁用,已停用搜尋
Studio.Toolbox.General.AdditionalImages,,,Additional Images,Additional Images,صور إضافية,Zusätzliche Bilder,Imágenes adicionales,Images supplémentaires,अतिरिक्त इमेज,Gambar Tambahan,Ulteriori Immagini,その他の画像,추가 이미지,Dodatkowe obrazy,Imagens adicionais,,ภาพเพิ่มเติม,Ek Görseller,Hình Ảnh Bổ Sung,附加图像,附加图像,額外圖像
Studio.Toolbox.AssetConfigAdditionalImages.SelectLimit,,,You can select up to {limit} screenshots,You can select up to {limit} screenshots,يمكنك تحديد ما يصل إلى {limit} من لقطات الشاشة,Du kannst bis zu {limit} Screenshots auswählen,Puedes seleccionar hasta {limit} capturas de pantalla,Tu peux sélectionner jusqu'à {limit} captures d'écran,ज़्यादा-से-ज़्यादा {limit} स्क्रीनशॉट चुने जा सकते हैं,Kamu bisa memilih hingga {limit} screenshot,Puoi selezionare fino a {limit} screenshot,最大 {limit} 件のスクリーンショットを選択できます,최대 {limit}개의 스크린샷을 선택할 수 있습니다,Możesz zaznaczyć maksymalnie {limit} zrzuty(-ów) ekranu,Você pode selecionar até {limit} capturas de tela,,คุณสามารถเลือกภาพถ่ายหน้าจอได้สูงสุด {limit} ภาพ,{limit} ekran görüntüsüne kadar seçebilirsin,Bạn có thể chọn tối đa {limit} ảnh chụp màn hình,你最多可以选择 {limit} 张屏幕截图,你最多可以选择 {limit} 张屏幕截图,最多可選擇 {limit} 個截圖
Studio.Toolbox.AssetConfigAdditionalImages.ImageTypes,,,Acceptable image files: {imageTypes},Acceptable image files: {imageTypes},ملفات الصور المقبولة: {imageTypes},Akzeptierte Bilddateien: {imageTypes},Archivos de imagen aceptados: {imageTypes},Fichiers image acceptables : {imageTypes},स्वीकार करने लायक इमेज फ़ाइलें : {imageTypes},File gambar yang diterima: {imageTypes},File immagine accettabili: {imageTypes},許容可能な画像ファイル: {imageTypes},허용 이미지 파일: {imageTypes},Akceptowane pliki obrazów: {imageTypes},Arquivos de imagens aceitáveis: {imageTypes},,ไฟล์ภาพที่ยอมรับ: {imageTypes},Kabul edilen görsel dosyaları: {imageTypes},Tệp hình ảnh được chấp nhận: {imageTypes},可接受的图像文件类型：{imageTypes},可接受的图像文件类型：{imageTypes},可接受的圖像檔案：{imageTypes}
Studio.Toolbox.AssetConfigAdditionalImages.RecommendedSize,,,Recommended size of image: {width}x{height} px,Recommended size of image: {width}x{height} px,الحجم الموصى به للصورة: {width}×{height} بكسل,Empfohlene Bildgröße: {width}x{height} px,Tamaño recomendado de la imagen: {width}x{height} px,Taille de l'image recommandée : {width}x{height} px,सुझाया गया इमेज साइज़ : {width}x{height} px,Rekomendasi ukuran gambar: {width}x{height} piksel,Dimensione dell'immagine consigliata: {width}x{height} px,画像の推奨サイズ: {width}x{height} px,권장 이미지 크기: {width}x{height}px,Zalecany rozmiar obrazu: {width}x{height} px,Tamanho recomendado da imagem: {width}x{height} px,,ขนาดของภาพที่แนะนำ: {width}x{height}px,Önerilen görsel boyutu: {width}x{height} piksel,Kích thước hình ảnh được đề xuất: {width}x{height} px,推荐图像尺寸：{width} x {height} px,推荐图像尺寸：{width} x {height} px,推薦圖像尺寸：{width}x{height} px
Studio.Toolbox.AssetConfigAdditionalImages.WillBeReviewed,,,Items will be reviewed by moderators before being made visible to other users,Items will be reviewed by moderators before being made visible to other users,سيراجع المشرفون العناصر قبل إظهارها للمستخدمين الآخرين,"Artikel werden vom Moderationsteam überprüft, bevor sie für andere Benutzer angezeigt werden",Los objetos serán revisados por los moderadores antes de hacerse visibles para otros usuarios,Les items seront revus par des modérateurs avant d'être visible par les autres utilisateurs,"दूसरे यूज़र को दिखाने से पहले मॉडरेटर, आइटम को रिव्यू करेंगे",Item akan di-review oleh moderator sebelum ditampilkan kepada pengguna lainnya,Gli oggetti saranno valutati dai moderatori prima di essere resi visibili agli altri utenti,アイテムは、他のユーザーに表示される前に内容審査スタッフによってレビューされます。,아이템은 검열팀의 검토가 끝난 후에 다른 사용자들에게 공개됩니다,"Zanim inni użytkownicy zobaczą te przedmioty, zostaną one sprawdzone przez moderatorów",Os itens serão revisados por moderadores antes de serem disponibilizados para outros usuários,,รายการต่างๆ จะได้รับการตรวจสอบโดยผู้กลั่นกรองก่อนที่จะแสดงให้ผู้ใช้คนอื่นเห็น,"Görsel, diğer kullanıcılara görünür hâle getirilmeden önce denetimciler tarafından incelenecek",Người kiểm duyệt sẽ đánh giá vật phẩm trước khi hiển thị cho người dùng khác xem,项目将先由管理员审阅，通过后即可对其他用户可见。,项目将先由管理员审阅，通过后即可对其他用户可见。,圖像將交由管理員審查後方得供其他使用者檢視
Studio.Toolbox.AssetConfigDescription.AddRobloxLinks,,,Add any https://www.roblox.com links,Add any https://www.roblox.com links,إضافة أي روابط https://www.roblox.com,Füge beliebige https://www.roblox.com-Links hinzu,Añadir cualquier enlace https://www.roblox.com,Ajouter des liens https://www.roblox.com,कोई भी https://www.roblox.com लिंक जोड़ें,Menambahkan tautan https://www.roblox.com apa pun,Aggiungi qualsiasi link https://www.roblox.com,任意の https://www.roblox.com リンクを追加,https://www.roblox.com 링크 추가,Dodaj dowolne linki https://www.roblox.com,Adicione quaisquer links https://www.roblox.com,,เพิ่มลิงก์ https://www.roblox.com,Herhangi bir https://www.roblox.com bağlantısı ekle,Thêm bất kỳ liên kết https://www.roblox.com nào,添加 https://www.roblox.com 链接,添加 https://www.roblox.com 链接,新增 https://www.roblox.com 連結
Studio.Toolbox.AssetConfigAdditionalImages.AspectRatio,,,Images will be displayed at {widthRatio}:{heightRatio},Images will be displayed at {widthRatio}:{heightRatio},سيتم عرض الصور على {widthRatio}:{heightRatio},Bilder werden mit {widthRatio}:{heightRatio} angezeigt,Las imágenes se mostrarán en {widthRatio}:{heightRatio},Les images seront affichées à {widthRatio}:{heightRatio},इमेज यहाँ दिखाई जाएँगी {widthRatio} : {heightRatio},Gambar akan ditampilkan dengan rasio {widthRatio}:{heightRatio},Le immagini saranno visualizzate alle {widthRatio}:{heightRatio},{widthRatio}:{heightRatio} で画像が表示されます,이미지는 {widthRatio}:{heightRatio}(으)로 표시됩니다,Obrazy będą wyświetlane w formacie {widthRatio}:{heightRatio},As imagens serão exibidas em {widthRatio}:{heightRatio},,ภาพจะแสดงที่ {widthRatio}:{heightRatio},Görseller {widthRatio}:{heightRatio} formatında gösterilir,Hình ảnh sẽ được hiển thị ở tỷ lệ {widthRatio}:{heightRatio},图像显示比例为：{widthRatio}：{heightRatio},图像显示比例为：{widthRatio}：{heightRatio},圖像顯示比例為：{widthRatio}:{heightRatio}
Studio.Toolbox.AssetConfigAdditionalImages.RecommendedImageSize,,,Recommended image size: {width}x{height} px,Recommended image size: {width}x{height} px,حجم الصورة الموصى به: {width}×{height} بكسل,Empfohlene Bildgröße: {width}x{height} px,Tamaño de imagen recomendado: {width}x{height} px,Taille d'image recommandée : {width}x{height} px,सुझाया गया इमेज साइज़ : {width}x{height} px,Rekomendasi ukuran gambar: {width}x{height} piksel,Dimensione immagine consigliata: {width}x{height} px,画像の推奨サイズ: {width}x{height} px,권장 이미지 크기: {width}x{height}px,Zalecany rozmiar obrazu: {width}x{height} px,Tamanho recomendado de imagem: {width}x{height} px,,ขนาดภาพที่แนะนำ: {width}x{height} px,Önerilen görsel boyutu: {width}x{height} piksel,Kích thước hình ảnh được đề xuất: {width}x{height} px,推荐图像尺寸：{width} x {height} px,推荐图像尺寸：{width} x {height} px,推薦圖像尺寸：{width}x{height} px
Studio.Toolbox.AssetConfigPreview.MaxSize,,,Max size: {maxDimensionsX}x{maxDimensionsY} px,Max size: {maxDimensionsX}x{maxDimensionsY} px,الحد الأقصى للحجم: {maxDimensionsX}×{maxDimensionsY} بكسل,Maximale Größe: {maxDimensionsX}x{maxDimensionsY} px,Tamaño máximo: {maxDimensionsX}x{maxDimensionsY} px,Taille max : {maxDimensionsX}x{maxDimensionsY} px,मैक्सिमम साइज़ : {maxDimensionsX}x{maxDimensionsY} px,Ukuran maksimum: {maxDimensionsX}x{maxDimensionsY} piksel,Dimensione massima: {maxDimensionsX}x{maxDimensionsY} px,最大サイズ: {maxDimensionsX}x{maxDimensionsY} px,최대 크기: {maxDimensionsX}x{maxDimensionsY} px,Rozmiar maks.: {maxDimensionsX}x{maxDimensionsY} px,Tamanho máximo: {maxDimensionsX}x{maxDimensionsY} px,,ขนาดสูงสุด: {maxDimensionsX}x{maxDimensionsY} px,Maksimum boyut: {maxDimensionsX}x{maxDimensionsY} piksel,Kích thước tối đa: {maxDimensionsX}x{maxDimensionsY} px,最大尺寸：{maxDimensionsX}x{maxDimensionsY} px,最大尺寸：{maxDimensionsX}x{maxDimensionsY} px,大小上限：{maxDimensionsX}x{maxDimensionsY} px
Studio.Toolbox.AssetConfigCopy.DistributeToMarketplaceAsPackageWarning,,,Distributing this updateable asset to marketplace will give all users use and view access.,Distributing this updateable asset to marketplace will give all users use and view access.,يؤدي توزيع هذا الأصل القابل للتحديث على السوق إلى منح جميع المستخدمين حق الاستخدام والعرض.,"Wenn du dieses aktualisierbare Objekt auf dem Marktplatz verteilst, erhalten alle Benutzer Zugriff auf die Nutzung und Ansicht.",Distribuir este recurso actualizable en el Mercado permitirá a todos los usuarios su uso y acceso a la vista.,Distribuer ce contenu actualisable sur le marketplace donnera à tous les utilisateurs un accès à l'utilisation et de visualisation.,"इस अपडेट किए जा सकने वाले ऐसेट को मार्केटप्लेस में डिस्ट्रीब्यूट करने से, सभी यूज़र के पास इसे इस्तेमाल करने और देखने का ऐक्सेस होगा.","Setelah aset yang bisa di-update ini didistribusikan ke marketplace, semua pengguna akan bisa menggunakan dan melihatnya.",Distribuire questa risorsa aggiornabile al mercato darà a tutti gli utenti l'uso e la visualizzazione degli accessi.,この更新可能なアセットをマーケットプレイスに流通させると、ユーザー全員に使用したり表示したりするアクセス権が与えられます。,이 업데이트 가능한 애셋을 마켓플레이스에 배포하면 모든 사용자가 확인하고 사용할 수 있게 됩니다.,Dystrybucja tego zasobu z możliwością aktualizacji oznacza udzielenie wszystkim użytkownikom dostępu do użytkowania i wyświetlania.,Distribuir este ativo atualizável para o mercado dará acesso a uso e visualização a todos os usuários.,,การจำหน่ายทรัพยากรที่อัปเดตได้นี้ให้แก่มาร์เก็ตเพลสจะมอบสิทธิ์การใช้งานและการดูให้แก่ผู้ใช้งานทั้งหมด,"Bu güncellenebilir varlığı pazar yerinde dağıtıma çıkarmak, tüm kullanıcılara kullanım ve görüntüleme erişimi verecek.",Việc phân bổ tài sản có thể cập nhật này đến Sàn Giao Dịch sẽ cho phép tất cả người dùng sử dụng và xem.,发布此可更新素材至商城后，所有用户都会获得使用和查看权限。,发布此可更新素材至商城后，所有用户都会获得使用和查看权限。,發布此可更新的素材到商城後，所有人都會獲得使用和檢視權限。
Studio.Toolbox.Announcement.Header_02-28-2023,,,New Search Improvements!,New Search Improvements!,تحسينات جديدة في البحث!,Neue Suchverbesserungen!,¡Nuevas mejoras de búsqueda!,Nouvelles améliorations de recherche !,सर्च फ़ीचर में नये सुधार!,Peningkatan Pencarian Baru!,Nuovi miglioramenti di ricerca!,サーチ機能の新しい改善！,새롭게 개선된 검색 기능!,Nowe usprawnienia wyszukiwania!,Novas melhorias na pesquisa!,,การปรับปรุงการค้นหาใหม่!,Yeni arama iyileştirmeleri!,Cải Tiến Tìm Kiếm Mới!,全新的搜索改良！,全新的搜索改良！,全新搜尋改良！
Studio.Toolbox.Announcement.Description_02-28-2023,,,"The Creator Marketplace is testing a new set of features, so you may see a change in search behaviors. Try out more complicated queries like “brick house with smoke coming out the chimney” or “skyscraper with blue glass” and see what you find!","The Creator Marketplace is testing a new set of features, so you may see a change in search behaviors. Try out more complicated queries like “brick house with smoke coming out the chimney” or “skyscraper with blue glass” and see what you find!","يختبر سوق المصممين مجموعة جديدة من الميزات، لذلك قد تلاحظ تغييرًا في سلوكيات البحث. جرب استعلامات أكثر تعقيدًا مثل ""بيت من الطوب يخرج منه دخان من المدخنة"" أو ""ناطحة سحاب مع زجاج أزرق"" وشاهد ما ستجده!","Der Creator-Marktplatz testet eine Reihe neuer Funktionen, daher kann es sein, dass sich das Suchverhalten ändert. Probiere kompliziertere Suchanfragen wie ""Ziegelhaus mit Rauch, der aus dem Kamin kommt"" oder ""Wolkenkratzer mit blauem Glas"" aus und schau, was du findest!","El Mercado de creadores está probando un nuevo conjunto de funciones, por lo que puedes ver un cambio en los comportamientos de búsqueda. Prueba con preguntas más complicadas como “casa de ladrillo con humo saliendo de la chimenea” o “rascacielos con vidrio azul” ¡y ve lo que encuentras!","Le marketplace du Créateur teste un nouvel ensemble de fonctionnalités, donc tu peux voir un changement dans les comportements de recherche. Essaie des requêtes plus compliquées comme « maison en brique avec de la fumée sortant de la cheminée » ou « gratte-ciel avec verre bleu » et vois ce que tu trouves !","क्रिएटर मार्केटप्लेस सुविधाओं के एक नए सेट को टेस्ट कर रहा है, ताकि आप सर्च व्यवहार में बदलाव देख सकें. ""चिमनी से बाहर आने वाले धुएँ के साथ ईंट घर"" या ""नीले कांच के साथ गगनचुंबी इमारत"" जैसे ज़्यादा जटिल सवालों को आज़माएँ और देखें कि आपको क्या मिलता है!","Marketplace Kreator sedang menguji serangkaian fitur baru. Oleh karena itu, kamu mungkin akan melihat perubahan perilaku pencarian. Coba kueri yang lebih rumit, seperti ""rumah bata dengan asap keluar dari cerobong asap"" atau ""pencakar langit dengan kaca biru"", dan lihat hasil pencarianmu!","Il Marketplace creatore sta testando un nuovo insieme di funzionalità, in modo da poter vedere un cambiamento nei comportamenti di ricerca. Prova query più complicate come “casa di mattoni con fumo uscendo dal camino” o “grattacielo con vetro blu” e vedi cosa trovi!",クリエーターマーケットプレイスでは、複数の新しい機能をテストしているため、サーチ動作に変更があるかもしれません。「煙突から煙が出るレンガの家」や「青いガラスの超高層ビル」などのように複雑な検索内容を入力して何が出てくるか試してみてください！,"크리에이터 마켓플레이스는 새로운 기능 집합에 대한 테스트로, 검색 기능에 변화가 있을 수 있습니다. '굴뚝에서 연기를 뿜는 벽돌집' 또는 '파란 유리의 고층 건물'과 같은 더 복잡한 쿼리를 입력하고 결과를 확인해 보세요!","Testowane są nowe zestawy funkcji Rynku twórców, więc możesz zaobserwować zmiany w działaniu wyszukiwania. Wypróbuj bardziej złożone zapytania, takie jak „ceglany dom z dymem z komina” lub „drapacz chmur z niebieskimi szybami” i zobacz, co uda ci się znaleźć!","O Mercado do Criador está testando um novo conjunto de recursos, então você poderá ver uma mudança nos comportamentos de busca. Experimente consultas mais complicadas como ""casa de tijolos com fumaça saindo da chaminé"" ou ""arranha-céu com vidro azul"" e veja o pode encontrar!",,"มาร์เก็ตเพลสครีเอเตอร์กำลังทดสอบคุณสมบัติชุดใหม่ ดังนั้น คุณอาจเห็นการเปลี่ยนแปลงในพฤติกรรมการค้นหา ลองการคิวรีที่ซับซ้อนยิ่งขึ้น เช่น ""บ้านอิฐที่มีควันลอยออกมาจากปล่องไฟ"" หรือ ""ตึกสูงระฟ้าที่มีกระจกสีน้ำเงิน"" แล้วดูสิ่งที่คุณพบ!","Yaratıcı Pazar Yeri'nde yeni özellikler test ediyoruz. Aramada değişikliklerle karşılaşabilirsin. ""Bacasından duman çıkan tuğla ev"" ya da ""mavi camlı gökdelen"" gibi daha karmaşık aramalar yap ve seni nelerin beklediğini gör!","Sàn Giao Dịch Nhà Sáng Tạo đang thử nghiệm một bộ tính năng mới, vì vậy bạn có thể thấy kết quả tìm kiếm thay đổi. Hãy thử đưa ra các truy vấn phức tạp hơn như ""ngôi nhà gạch với khói bốc ra từ ống khói"" hoặc ""tòa nhà chọc trời với kính xanh"" để xem bạn tìm được gì nhé!",创作者商城将会测试一系列新功能，所以你可能会看到一些搜索功能上的改变。你可以试着搜索一些更复杂的关键词，例如“烟囱冒烟的砖房”、“蓝色玻璃的摩天大楼”等，看看你能找到什么！,创作者商城将会测试一系列新功能，所以你可能会看到一些搜索功能上的改变。你可以试着搜索一些更复杂的关键词，例如“烟囱冒烟的砖房”、“蓝色玻璃的摩天大楼”等，看看你能找到什么！,創作者市集將會測試一系列新功能，您可能會看到搜尋行為的改變。您可以試試看「煙囪冒煙的磚屋」、「藍玻璃高樓大廈」等複雜字串，看看找得到什麼東西！
Studio.Toolbox.AssetUploadResult.CreatorDashboardMessage,,,Once your asset is approved you can place it on sale and configure it on your {creatorDashboardLink}.,Once your asset is approved you can place it on sale and configure it on your {creatorDashboardLink}.,بمجرد الموافقة على الأصل الخاص بك، يمكنك وضعه للبيع وتكوينه لديك {creatorDashboardLink}.,"Sobald dein Objekt genehmigt wurde, kannst du es zum Verkauf anbieten und in deinem {creatorDashboardLink} konfigurieren.","Una vez que se apruebe tu recurso, puedes ponerlo en venta y configurarlo en {creatorDashboardLink}.","Une fois votre contenu approuvé, tu peux le placer en vente et le configurer sur ton {creatorDashboardLink}.","एक बार आपका ऐसेट स्वीकार हो जाने के बाद, इसे बिक्री पर रखा जा सकता हैं और इसे अपने {creatorDashboardLink} पर कॉन्फ़िगर किया जा सकता है.","Setelah asetmu disetujui, kamu bisa mulai menjualnya dan mengonfigurasikannya di {creatorDashboardLink}.",Una volta approvato il tuo asset puoi metterlo in vendita e configurarlo sul tuo {creatorDashboardLink}.,アセットが承認されたら、販売中にして {creatorDashboardLink} で環境設定できます。,애셋이 승인되면 판매로 설정하고 {creatorDashboardLink}에서 이를 구성할 수 있습니다.,Po zatwierdzeniu zasobu możesz wystawić go na sprzedaż i skonfigurować go w obszarze {creatorDashboardLink}.,"Uma vez que seu ativo for aprovado, você pode colocá-lo à venda e configurá-lo em seu {creatorDashboardLink}.",,เมื่อทรัพยากรของคุณได้รับการอนุมัติแล้ว คุณจะสามารถวางขายและกำหนดค่าทรัพยากรดังกล่าวได้ใน {creatorDashboardLink} ของคุณ,Onaylanan varlığını satışa çıkarabilir ya da {creatorDashboardLink} sayfanda yapılandırabilirsin.,"Khi tài sản của bạn được phê duyệt, bạn có thể đưa tài sản đó ra bán và định cấu hình trên {creatorDashboardLink} của bạn.",一旦你的素材被批准，你可以将其设为在售状态，前往 {creatorDashboardLink} 进行相关配置。,一旦你的素材被批准，你可以将其设为在售状态，前往 {creatorDashboardLink} 进行相关配置。,在你的資產獲得批准後，你可以將其上架販售並在{creatorDashboardLink}上進行設定。
Studio.Toolbox.General.CreatorDashboard,,,Creator Dashboard,Creator Dashboard,لوحة تحليلات المصم,Creator Dashboard,Interfaz de creación,Tableau de bord du créateur,क्रिएटर डैशबोर्ड,Dasbor Kreator,Dashboard Creatore,クリエイターダッシュボード,크리에이터 대시보드,Panel twórców,Painel de Criações,,แดชบอร์ดครีเอเตอร์,Yaratıcı Panosu,Bảng Điều Khiển Nhà Sáng Tạo,创作中心,创作中心,創作者主控板
Studio.Toolbox.General.CreatorDashboardLinkMessage,,,You can place this item on sale and configure it on your {creatorDashboardLink}.,You can place this item on sale and configure it on your {creatorDashboardLink}.,يمكنك وضع هذا العنصر للبيع وتهيئته في {creatorDashboardLink} لديك.,Du kannst diesen Artikel zum Verkauf anbieten und ihn in deinem {creatorDashboardLink} konfigurieren.,Puedes poner este objeto en venta y configurarlo en tu {creatorDashboardLink}.,Tu peux placer cet item en vente et le configurer sur ton {creatorDashboardLink}.,इस आइटम को बिक्री पर रखा जा सकता है और इसे अपने {creatorDashboardLink} पर कॉन्फ़िगर किया जा सकता है.,Kamu bisa menjual item ini dan mengonfigurasikannya di {creatorDashboardLink}.,Puoi piazzare questo oggetto in vendita e configurarlo sul tuo {creatorDashboardLink}.,このアイテムを販売して、 {creatorDashboardLink} で環境設定できます。,이 아이템을 판매하도록 설정하고 {creatorDashboardLink}에서 구성할 수 있습니다.,Możesz wystawić ten przedmiot na sprzedaż i skonfigurować go w obszarze {creatorDashboardLink}.,Você pode colocar este item à venda e configurá-lo em seu {creatorDashboardLink}.,,คุณสามารถวางขายและกำหนดค่าไอเท็มนี้ได้ใน {creatorDashboardLink} ของคุณ,Öğeyi satışa çıkarabilir ya da {creatorDashboardLink} sayfanda yapılandırabilirsin.,Bạn có thể mang vật phẩm này ra để bán và định cấu hình vật phẩm trên {creatorDashboardLink} của bạn.,你可以将其设为在售状态，前往 {creatorDashboardLink} 进行相关配置。,你可以将其设为在售状态，前往 {creatorDashboardLink} 进行相关配置。,你可以將此項目上架販售並在{creatorDashboardLink}上進行設定。
Studio.Toolbox.Tags.MaxTagsDescription,,,Add up to {max:int} tags from the tag library,Add up to {max:int} tags from the tag library,يمكنك إضافة ما يصل إلى {max:int} من العلامات من مكتبة العلامات,Füge bis zu {max:int} Tags aus der Tag-Bibliothek hinzu,Añade hasta {max:int} etiquetas desde la biblioteca de etiquetas,Ajoute jusqu'à {max:int} tags de la bibliothèque de tags,टैग लाइब्रेरी से ज़्यादा-से-ज़्यादा {max:int} टैग जोड़ें,Tambahkan hingga {max:int} tag dari perpustakaan tag,Aggiungi fino a {max:int} tags dalla libreria dei tag,タグライブラリから最大 {max:int} 個のタグを追加,태그 라이브러리에서 최대 {max:int}개의 태그 추가,Dodaj maksymalnie {max:int} tagi(-ów) z biblioteki tagów,Adicionar até {max:int} marcadores da biblioteca de marcadores,,เพิ่มไปยังแท็ก {max:int} จากคลังแท็ก,Etiket kütüphanesinden {max:int} adede kadar etiket ekle,Thêm tối đa {max:int} thẻ từ thư viện thẻ,从标签库中最多添加 {max:int} 个标签,从标签库中最多添加 {max:int} 个标签,從標籤庫最多增加 {max:int} 個標籤
Studio.Toolbox.Tags.NoTagFound,,,Word(s) not found in the tag library,Word(s) not found in the tag library,لم يتم العثور على كلمة (كلمات) في مكتبة العلامات,Wort/Wörter wurde(n) in der Tag-Bibliothek nicht gefunden,No se encontraron las palabras en la biblioteca de etiquetas,Mot(s) introuvable(s) dans la bibliothèque de tags,टैग लाइब्रेरी में वर्ड नहीं मिला (मिले),Kata tidak ditemukan di perpustakaan tag,Parola/e non trovata/e nella libreria dei tag,語句がタグライブラリで見つかりませんでした,태그 라이브러리에서 단어를 찾을 수 없음,Nie znaleziono słowa w bibliotece tagów,Palavra(s) não encontrada(s) na biblioteca de marcadores,,ไม่พบคำดังกล่าวในคลังแท็ก,"Kelime(ler), etiket kütüphanesinde bulunamadı",Không tìm thấy (các) từ trong thư viện thẻ,未能在标签库中找到相应词语,未能在标签库中找到相应词语,標籤庫裡找不到該單字
Studio.Toolbox.Audio.SoundEffect.Category.Speech,,,Speech,Speech,الكلام,Sprache,Discurso,Voix,स्पीच,Bicara,Voce,話し声,연설,Mowa,Fala,,คำพูด,Konuşma,Lời Nói,语音,语音,語音
Studio.Toolbox.Audio.SoundEffect.Category.Conversation,,,Conversation,Conversation,المحادثة,Unterhaltung,Conversación,Conversation,बातचीत,Percakapan,Conversazione,会話,대화,Rozmowa,Conversa,,การสนทนา,Muhabbet,Cuộc Hội Thoại,对话,对话,交談
Studio.Toolbox.Audio.SoundEffect.Category.Babbling,,,Babbling,Babbling,الثرثرة,Geschwätz,Balbuceo,Babillage,बड़बड़ाना,Mengoceh,Balbettare,おしゃべり,재잘거림,Bełkot,Tagarelando,,การพล่าม,Gevezelik,Lắp Bắp,牙牙学语声,牙牙学语声,嬉鬧
Studio.Toolbox.Audio.SoundEffect.Category.Shout,,,Shout,Shout,الصراخ,Rufen,Grito,Crier,चिल्लाना,Berteriak,Grido,叫び声,고함,Wołanie,Grito,,ตะโกน,Bağırma,La Hét,喊叫,喊叫,喊叫
Studio.Toolbox.Audio.SoundEffect.Category.Bellow,,,Bellow,Bellow,صوت عالي,Gebrüll,Bramido,Beuglement,बेलो,Melenguh,Fragore,うなり声,으르렁거림,Ryk,Abaixo,,แผดเสียง,Böğürme,Tiếng rống,大声喊叫,大声喊叫,大聲喊叫
Studio.Toolbox.Audio.SoundEffect.Category.Whoop,,,Whoop,Whoop,هتاف,Freudenschrei,Grito de alegría,Cri,चीख,Bersorak,Whoop,歓声,환호성,Okrzyk,Oba,,โห่ร้อง,Hop,Húp,高喊,高喊,高喊
Studio.Toolbox.Audio.SoundEffect.Category.Yell,,,Yell,Yell,صراخ,Brüllen,Chillido,Hurler,चिल्लाना,Memekik,Urlo,どなり声,소리 지름,Krzyk,Grito,,แผดเสียง,Seslenme,Tiếng thét lác,叫喊,叫喊,叫喊
Studio.Toolbox.Audio.SoundEffect.Category.Screaming,,,Screaming,Screaming,صياح,Schreien,Grito,Hurlement,चिल्लाना,Menjerit,Gridando,絶叫,비명,Wrzask,Gritando,,การกรีดร้อง,Feryat,Tiếng la hét,尖叫,尖叫,尖叫
Studio.Toolbox.Audio.SoundEffect.Category.Whispering,,,Whispering,Whispering,همس,Flüstern,Susurro,Murmure,प्राइवेट चैट,Berbisik,Sussurro,ささやき,속삭임,Szeptanie,Sussurrando,,การกระซิบ,Fısıldama,Thì Thầm,低语,低语,低語
Studio.Toolbox.Audio.SoundEffect.Category.Giggle,,,Giggle,Giggle,ضحك,Kichern,Risita,Gloussement,गिगल,Tawa Cekikik,Sghignazzare,クスクス笑い,낄낄거림,Chichot,Risadinha,,คิกคัก,Kıkırdama,Tiếng cười rúc rích,咯咯笑,咯咯笑,咯咯笑
Studio.Toolbox.Audio.SoundEffect.Category.Snicker,,,Snicker,Snicker,ضحك مكتوم,Heimliches Kichern,Risita disimulada,Ricanement,स्निकर,Terkekek,Risatina,せせら笑い,킥킥 웃음,Rżenie,Risada baixa,,หัวเราะเยาะ,Kıs Kıs Gülme,Tiếng ngựa hí,窃笑,窃笑,竊笑
Studio.Toolbox.Audio.SoundEffect.Category.Whimper,,,Whimper,Whimper,أنين,Heulerei,Lloriqueo,Gémissement,व्हिम्पर,Merengek,Piagnucolare,シクシク,훌쩍거림,Skowyt,Lamúria,,ร้องไห้กระซิก,İnildeme,Tiếng khóc thút thít,呜咽,呜咽,嗚咽
Studio.Toolbox.Audio.SoundEffect.Category.Sigh,,,Sigh,Sigh,تنهد,Seufzen,Suspiro,Soupir,आह,Napas Panjang,Sospiro,ためいき,한숨,Westchnienie,Suspiro,,ถอนหายใจ,İç Çekme,Tiếng thở dài,叹息,叹息,嘆息
Studio.Toolbox.Audio.SoundEffect.Category.Singing,,,Singing,Singing,غناء,Singen,Cantar,Chanter,गायन,Bernyanyi,Canto,歌声,노래,Śpiewanie,Cantando,,การร้องเพลง,Şarkı,Tiếng hát,唱歌,唱歌,唱歌
Studio.Toolbox.Audio.SoundEffect.Category.Choir,,,Choir,Choir,جوقة,Chor,Coro,Chorale,कॉयर,Paduan Suara,Coro,合唱,합창단,Chór,Coral,,ร้องประสานเสียง,Koro,Tiếng hợp xướng,吟唱,吟唱,吟唱
Studio.Toolbox.Audio.SoundEffect.Category.Yodeling,,,Yodeling,Yodeling,غناء اليودل,Jodeln,Canto a la tirolesa,Tyrolienne,योडलिंग,Bernyanyi Yodel,Yodel,ヨーデル,요들송,Jodłowanie,Tirolesa,,การพูดเรื่อยเปื่อย,Yodeling,Hát Yodel,伴奏唱歌,伴奏唱歌,伴奏唱歌
Studio.Toolbox.Audio.SoundEffect.Category.Chant,,,Chant,Chant,أنشودة,Lobgesang,Cántico,Chant,चैंट,Bersuara Bersama,Canto,チャント,성가,Skandowanie,Cântico,,ประสานเสียง,Slogan,Tụng Kinh,吟诵,吟诵,吟誦
Studio.Toolbox.Audio.SoundEffect.Category.Mantra,,,Mantra,Mantra,تعويذة,Mantra,Mantra,Mantra,मंत्र,Mantra,Mantra,マントラ,만트라,Mantra,Mantra,,สวดมนต์,Mantra,Thần Chú,唱颂,唱颂,唱頌
Studio.Toolbox.Audio.SoundEffect.Category.Rapping,,,Rapping,Rapping,موسيقى الراب,Rappen,Rap,Rapper,रैप करना,Bernyanyi Rap,Rapping,ラップ,랩송,Rapowanie,Cantando rap,,การแร็ป,Rap,Hát Rap,说唱,说唱,饒舌
Studio.Toolbox.Audio.SoundEffect.Category.Humming,,,Humming,Humming,همهمة,Summen,Tararear,Chantonner,हमिंग,Mendengung,Ronzio,ハミング,콧노래,Nucenie,Cantarolando,,การฮัมเพลง,Mırıldanma,Tiếng Vo Ve,哼唱,哼唱,哼唱
Studio.Toolbox.Audio.SoundEffect.Category.Groan,,,Groan,Groan,تأوه,Stöhnen,Quejido,Grogner,कराहना,Mengerang,Gemito,うめき声,끙끙거림,Jęk,Grunhido,,คราง,Sızlanma,Rên Rỉ,呻吟,呻吟,呻吟
Studio.Toolbox.Audio.SoundEffect.Category.Grunt,,,Grunt,Grunt,تمتمة,Grunzen,Gruñido,Gronder,ग्रंट,Geraman pendek,Grugnito,ブーブー,꿀꿀거림,Chrząknięcie,Grunhir,,ฮึดฮัด,Hırlama,Càu Nhàu,咕哝,咕哝,咕嚕聲
Studio.Toolbox.Audio.SoundEffect.Category.Whistling,,,Whistling,Whistling,صفير,Pfeifen,Silbando,Sifflement,सीटी बजाना,Bersiul,Fischio,口笛,휘파람,Gwizdanie,Assoviando,,การผิวปาก,Islıklama,Huýt Sáo,口哨,口哨,吹口哨
Studio.Toolbox.Audio.SoundEffect.Category.Wheeze,,,Wheeze,Wheeze,زَفير صفيري,Keuchen,Resuello,Respirer bruyamment,घरघराहट,Suara Napas Sesak,Sibilo,ゼーゼー,가르랑거림,Świszczący oddech,Chiado,,หวีดหวือ,Hırıldama,Tiếng Khò Khè,喘息,喘息,喘息聲
Studio.Toolbox.Audio.SoundEffect.Category.Snoring,,,Snoring,Snoring,شخير,Schnarchen,Roncar,Ronflement,खर्राटे लेना,Mendengkur,Russare,いびき,코골이,Chrapanie,Roncando,,การกรน,Horlama,Tiếng Ngáy,鼾声,鼾声,鼾聲
Studio.Toolbox.Audio.SoundEffect.Category.Gasp,,,Gasp,Gasp,شهيق,Schnaufen,Grito ahogado,Inspirer bruyamment,हांफ़ते हुए,Terkesiap,Sussulto,息をのむ音,헐떡거림,Gwałtowny wdech,Arfada,,เฮือก,Nefes Kesilmesi,Thở Hổn Hển,喘气,喘气,喘氣
Studio.Toolbox.Audio.SoundEffect.Category.Pant,,,Pant,Pant,لهث,Hecheln,Jadeo,Haleter,साँस चढ़ना,Terengah-engah,Pantaloni,息切れ,헥헥,Sapanie,Sem ar,,หอบ,Zor Soluma,Tiếng Đập Thình Thịch,喘息,喘息,喘息
Studio.Toolbox.Audio.SoundEffect.Category.Snort,,,Snort,Snort,شخير,Schnauben,Resoplo,Pousser un grognement,स्नॉर्ट,Dengus,Sbuffare,鼻を鳴らす音,코 흡입,Prychnięcie,Escarrada,,ฮึ,Horuldanma,Khịt Mũi,喷鼻息,喷鼻息,噴鼻息聲
Studio.Toolbox.Audio.SoundEffect.Category.Cough,,,Cough,Cough,سعال,Husten,Tos,Tousser,खाँसी,Batuk,Tosse,せき,기침,Kaszel,Tosse,,ไอ,Öksürme,Ho,咳嗽,咳嗽,咳嗽
Studio.Toolbox.Audio.SoundEffect.Category.Sneeze,,,Sneeze,Sneeze,عطس,Niesen,Estornudo,Éternuer,छींकना,Bersin,Starnuti,くしゃみ,재채기,Kichnięcie,Espirro,,จาม,Hapşırma,Hắt Xì,打喷嚏,打喷嚏,打噴嚏
Studio.Toolbox.Audio.SoundEffect.Category.Sniff,,,Sniff,Sniff,استنشاق,Schnüffeln,Olfateo,Sniffer,सूँघना,Mengendus,Annusare,クンクン,킁킁,Węszenie,Fungado,,ฟุดฟิด,Burun Çekme,Tiếng Khụt Khịt,嗅,嗅,聞嗅
Studio.Toolbox.Audio.SoundEffect.Category.Run,,,Run,Run,ركض,Laufen,Carrera,Courir,दौड़ना,Lari,Corri,走る音,달림,Bieg,Corrida,,วิ่ง,Koşma,Chạy,奔跑,奔跑,奔跑
Studio.Toolbox.Audio.SoundEffect.Category.Shuffle,,,Shuffle,Shuffle,خلط,Schlurfen,Aleatorio,Traîner des pieds,शफ़ल,Shuffle,Mescola,シャッフル,셔플,Powłóczenie nogami,Caminhada,,สุ่ม,Karıştırma,Xáo Trộn,拖拽,拖拽,拖曳聲
Studio.Toolbox.Audio.SoundEffect.Category.Biting,,,Biting,Biting,عض,Beißen,Morder,Mordre,बाइटिंग,Menggigit,Mordere,かむ音,베어 물기,Gryzienie,Mordendo,,การกัด,Isırma,Cắn,咬,咬,咬
Studio.Toolbox.Audio.SoundEffect.Category.Gargling,,,Gargling,Gargling,غرغرة,Gurgeln,Hacer gárgaras,Gargouillis,गरारा करना,Berkumur,Gargarismi,うがい,가글,Płukanie gardła,Gargarejando,,การกลั้วคอ,Gargara,Súc Miệng,漱口,漱口,漱口
Studio.Toolbox.Audio.SoundEffect.Category.Hiccup,,,Hiccup,Hiccup,فواق,Schluckauf,Hipo,Hoquet,हिचकी,Cegukan,Singhiozzo,しゃっくり,딸꾹질,Czkawka,Soluço,,สะอึก,Hıçkırık,Nấc Cụt,打嗝,打嗝,打嗝
Studio.Toolbox.Audio.SoundEffect.Category.Fart,,,Fart,Fart,إخراج ريح,Furz,Pedo,Péter,फ़ार्ट,Kentut,Scoreggia,おなら,방귀,Pierdnięcie,Peido,,ผายลม,Gaz Çıkarma,Đánh Rắm,放屁,放屁,放屁
Studio.Toolbox.Audio.SoundEffect.Category.Hands,,,Hands,Hands,الأيدي,Hände,Manos,Mains,हाथ,Tangan,Mani,手,손,Ręce,Mãos,,ยกมือ,El,Bàn Tay,手,手,雙手聲音
Studio.Toolbox.Audio.SoundEffect.Category.Clapping,,,Clapping,Clapping,التصفيق,Klatschen,Aplaudir,Applaudir,ताली बजाना,Bertepuk Tangan,Applaudire,拍手,박수,Klaskanie,Aplauso,,ปรบมือ,Alkışlama,Vỗ Tay,鼓掌,鼓掌,拍手聲
Studio.Toolbox.Audio.SoundEffect.Category.Cheering,,,Cheering,Cheering,هتاف,Jubeln,"Vitorear, animar",Encouragements- Applaudissements,जयकार,Bersorak-sorai,Fare il tifo,声援,환호,Dopingowanie,Animando,,การเชียร์,Tezahürat,Hoan Hô,欢呼,欢呼,歡呼
Studio.Toolbox.Audio.SoundEffect.Category.Chatter,,,Chatter,Chatter,ثرثرة,Geschwätz,Parloteo,Chatter,बकबक,Mengobrol,Chiacchiera,おしゃべり,떠드는 소리,Gwar,Bate-papo,,เพ้อเจ้อ,Sohbet,Nói Huyên Thiên,闲聊,闲聊,閒聊
Studio.Toolbox.Audio.SoundEffect.Category.Crowd,,,Crowd,Crowd,حشد,Menschenmenge,Multitud,Foule,भीड़,Keramaian,Folla,群衆,군중,Tłum,Multidão,,ฝูงชน,Kalabalık,Đám Đông,人群,人群,人群
Studio.Toolbox.Audio.SoundEffect.Category.Animal,,,Animal,Animal,حيوان,Tier,Animal,Animal,जानवर,Hewan,Animale,動物,동물,Zwierzę,Animal,,สัตว์,Hayvan,Động Vật,动物,动物,動物
Studio.Toolbox.Audio.SoundEffect.Category.Dog,,,Dog,Dog,كلب,Hund,Perro,Chien,डॉग,Anjing,Cane,イヌ,개,Pies,Cachorro,,สุนัข,Köpek,Chó,狗,狗,狗
Studio.Toolbox.Audio.SoundEffect.Category.Bark,,,Bark,Bark,صراخ,Bellen,Ladrido,Aboyer,छाल,Gonggongan,Abbaio,吠え声,짖는 소리,Szczekanie,Latido,,เห่า,Havlama,Tiếng Sủa,犬吠,犬吠,狗叫聲
Studio.Toolbox.Audio.SoundEffect.Category.Yip,,,Yip,Yip,نباح,Jaulen,Ladridito,Yip,यिप,Dengking,Yip,キャンキャン,깨갱거림,Skowyt,Latidinho,,เอ๋ง,Tiz Havlama,Yip,吠叫,吠叫,吠叫聲
Studio.Toolbox.Audio.SoundEffect.Category.Howl,,,Howl,Howl,عواء,Heulen,Aullido,Hurlement,हाउल,Lolongan,Gufo,遠吠え,하울링,Wycie,Uivo,,หอน,Uluma,Tiếng Hú,嚎叫,嚎叫,嚎叫聲
Studio.Toolbox.Audio.SoundEffect.Category.Bow-wow,,,Bow-wow,Bow-wow,نباح الكلب,Wauwau,"Guaguá, guau",Bow-wow (arc),बाउ-वाउ,Menyalak,Bow-wow,ワンワン,멍멍,Hau hau,Au-au,,โฮ่ง-โฮ่ง,Hav Hav,Gâu Gâu,汪汪叫,汪汪叫,汪汪聲
Studio.Toolbox.Audio.SoundEffect.Category.Growling,,,Growling,Growling,هرير,Knurren,Gruñir,Grognement,ग्राउलिंग,Menggeram,Ringhiare,うなり声,으르렁,Warczenie,Rosnado,,ขู่คำราม,Hırlama,Gầm Gừ,咆哮,咆哮,咆哮
Studio.Toolbox.Audio.SoundEffect.Category.Cat,,,Cat,Cat,قطة,Katze,Gato,Chat,बिल्ली,Kucing,Gatto,ネコ,고양이,Kot,Gato,,แมว,Kedi,Mèo,猫,猫,貓
Studio.Toolbox.Audio.SoundEffect.Category.Purr,,,Purr,Purr,خرخرة,Schnurren,Ronroneo,Ronronner,पर्र,Dengkur Kucing,Fusa,ゴロゴロ,갸르릉,Mruczenie,Ronronado,,เพอร์,Mırlama,Tiếng  rừ... ừ... ừ...,咕噜声（猫）,咕噜声（猫）,呼嚕聲
Studio.Toolbox.Audio.SoundEffect.Category.Meow,,,Meow,Meow,مواء,Miau,Miau,Miauler,म्याऊ,Mengeong,Miagolare,ニャー,야옹,Miauczenie,Miado,,เหมียว,Miyavlama,Tiếng meo,喵喵叫,喵喵叫,喵喵聲
Studio.Toolbox.Audio.SoundEffect.Category.Hiss,,,Hiss,Hiss,هسهسة,Fauchen,Siseo,Sifflement,फुफकार,Desis,Sibilo,シャー,하악질,Syczenie,Sibilo,,ฟ่อ,Tıslama,Tiếng huýt gió,嘶嘶声,嘶嘶声,嘶嘶聲
Studio.Toolbox.Audio.SoundEffect.Category.Caterwaul,,,Caterwaul,Caterwaul,مواء,Maunzen,Maullo,Caterwaul,कैटरवाउल,Teriakan Kucing,Miagolio,ギャーギャー,고양이같은 울부짖음,Głośne miauknięcie,Miado alto,,หง่าวแง้ว,Mart Kedisi,Tiếng rên the thé,尖叫（如猫一般）,尖叫（如猫一般）,嘶嘶聲
Studio.Toolbox.Audio.SoundEffect.Category.Horse,,,Horse,Horse,حصان,Pferd,Caballo,Cheval,घोड़ा,Kuda,Cavallo,ウマ,말,Koń,Cavalo,,ม้า,At,Ngựa,马,马,馬
Studio.Toolbox.Audio.SoundEffect.Category.Clip-clop,,,Clip-clop,Clip-clop,صوت خطوات الخيول,Trappeln,Galope,Clip-clop,क्लिप-क्लॉप,Suara Sepatu Kuda,Clip-clop,パカパカ,따가닥따가닥(말발굽),Stukot kopyt,Pocotó-pocotó,,กุบกับ,Nal,Lộc Cộc,嘚嘚声,嘚嘚声,嘀嗒聲
Studio.Toolbox.Audio.SoundEffect.Category.Moo,,,Moo,Moo,خوار,Muhen,Mugido,Mugir,मू,Lenguh,Muggito,モー,음매,Muczenie,Mugido,,มอ,Möö,Moo,牛叫声,牛叫声,哞
Studio.Toolbox.Audio.SoundEffect.Category.Cowbell,,,Cowbell,Cowbell,جرس البقر,Kuhglocke,Cencerro,Cloche de vache,काउबेल,Lonceng Sapi,Campanaccio,カウベル,소 방울,Dzwonek,Sino de vaca,,กระดิ่งวัว,Çıngırak,Chuông Bò,牛铃声,牛铃声,牛鈴聲
Studio.Toolbox.Audio.SoundEffect.Category.Pig,,,Pig,Pig,خنزير,Schwein,Cerdo,Cochon,सुअर,Babi,Maiale,ブタ,돼지,Świnia,Porco,,หมู,Domuz,Lợn,猪,猪,豬
Studio.Toolbox.Audio.SoundEffect.Category.Oink,,,Oink,Oink,صوت الخنزير,Grunzen,Oink,Grogner,ओइंक,Suara Babi,Oink,ブーブー,꿀꿀,Kwik,Oinc,,อู๊ด,Homurdanma,Ụt Ịt,猪叫声,猪叫声,豬叫聲
Studio.Toolbox.Audio.SoundEffect.Category.Goat,,,Goat,Goat,ماعز,Ziege,Cabra,Chèvre,बकरी,Kambing,Capra,ヤギ,염소,Koza,Bode,,แพะ,Keçi,Dê,羊,羊,山羊
Studio.Toolbox.Audio.SoundEffect.Category.Bleat,,,Bleat,Bleat,ثغاء,Blöken,Balido,Bêler,ब्लीट,Mengembik,Pecora,メェー,"매애(양, 염소)",Beczenie,Balido,,แบะแบะ,Meleme,Tiếng Be Be,咩咩叫,咩咩叫,咩咩聲
Studio.Toolbox.Audio.SoundEffect.Category.Sheep,,,Sheep,Sheep,خروف,Schaf,Oveja,Mouton,भेड़,Domba,Pecora,ヒツジ,양,Owca,Ovelha,,แกะ,Koyun,Cừu,绵羊,绵羊,綿羊
Studio.Toolbox.Audio.SoundEffect.Category.Fowl,,,Fowl,Fowl,طائر,Geflügel,Ave de corral,Volaille,मुर्गी,Unggas,Piccioni,鳥類,가금류,Drób,Frango,,สัตว์ปีก,Kümes Hayvanı,Gia cầm,家禽,家禽,禽類
Studio.Toolbox.Audio.SoundEffect.Category.Cluck,,,Cluck,Cluck,قرقرة,Gackern,Cloqueo,Cluck,क्लक,Keok Unggas,Chioccia,ガチャガチャ音,꼬꼬댁,Gdakanie,Cacarejo,,กุ๊ก,Gıdaklama,Tiếng cục cục,咯咯叫,咯咯叫,咕咕聲
Studio.Toolbox.Audio.SoundEffect.Category.Turkey,,,Turkey,Turkey,ديك رومي,Truthahn,Pavo,Dinde,टर्की,Kalkun,Tacchino,七面鳥,칠면조,Indyk,Peru,,ไก่งวง,Hindi,Gà Tây,火鸡,火鸡,火雞
Studio.Toolbox.Audio.SoundEffect.Category.Gobble,,,Gobble,Gobble,جلجل,Kollern,Glugluteo,Glouglou ,गॉबल,Suara Kalkun,Gobble,むしゃむしゃ音,고르륵고르륵(칠면조),Gulgot,Gorgolejar,,กะต๊าก,Gulu Gulu,Tiếng gộp gộp,咯咯叫,咯咯叫,咯咯叫
Studio.Toolbox.Audio.SoundEffect.Category.Duck,,,Duck,Duck,بطة,Ente,Pato,Canard,बत्तख,Bebek,Anatra,アヒル,오리,Kaczka,Pato,,เป็ด,Ördek,Vịt,鸭子,鸭子,鴨子
Studio.Toolbox.Audio.SoundEffect.Category.Quack,,,Quack,Quack,بطبطة,Quaken,Graznido,Cancaner,क्वैक,Suara Bebek,Gracchiare,ガーガー,꽥꽥,Kwakanie,Grasnido,,ก้าบ,Vaklama,Tiếng Kêu Quàng Quạc,呱呱叫,呱呱叫,呱呱聲
Studio.Toolbox.Audio.SoundEffect.Category.Goose,,,Goose,Goose,أوز,Gans,Ganso,Oie,हंस,Angsa,Oca,ガチョウ,거위,Gęś,Ganso,,ห่าน,Kaz,Ngỗng,鹅,鹅,鵝
Studio.Toolbox.Audio.SoundEffect.Category.Honk,,,Honk,Honk,صياح,Schreien (Gans),Pitido,Klaxon,हॉन्क,Suara Angsa,Clacson,クラクション,"끼루룩끼루룩(거위, 기러기)",Gęganie,Grasnido de ganso,,ฮองก์,Ötme,Tiếng Ngỗng Kêu,鹅叫声,鹅叫声,鵝叫聲
Studio.Toolbox.Audio.SoundEffect.Category.Roar,,,Roar,Roar,زئير,Brüllen,Rugido,Rugir,दहाड़,Auman,Ruggito,ガオー,포효,Klangor,Rugido,,คำราม,Kükreme,Tiếng Gầm,吼叫,吼叫,吼叫聲
Studio.Toolbox.Audio.SoundEffect.Category.Bird,,,Bird,Bird,طائر,Vogel,Ave,Oiseau,चिड़िया,Burung,Uccello,鳥,새,Ptak,Pássaro,,นก,Kuş,Chim,鸟,鸟,鳥類
Studio.Toolbox.Audio.SoundEffect.Category.Squawk,,,Squawk,Squawk,صوت صاخب,Krächzen,Graznido,Brailler,स्क्वॉक,Kuak burung,Squittire,ガーガー,깍깍,Skrzeczenie,Grasnar,,แกว๊ก,Ciyaklama,Tiếng Kêu Quác Quác,粗哑叫声,粗哑叫声,嘎嘎叫聲
Studio.Toolbox.Audio.SoundEffect.Category.Coo,,,Coo,Coo,هديل,Gurren,Arrullo,Roucouler,कूक,Dekut,Coo,ポッポー,구구구구(비둘기),Gruchanie,Arrulho,,ขันคู,Ötme,Tiếng Gù Của Bồ Câu,咕咕叫,咕咕叫,咕咕聲
Studio.Toolbox.Audio.SoundEffect.Category.Crow,,,Crow,Crow,غراب,Krähe,Cacareo,Faire cocorico,कौआ,Gagak,Corvo,カラス,까마귀,Pianie,Corvo,,นกกา,Karga,Quạ,乌鸦,乌鸦,烏鴉
Studio.Toolbox.Audio.SoundEffect.Category.Caw,,,Caw,Caw,نعيق,Krächzen,Graznido,Croasser,कॉ,Gaok,Gracchiare,カーカー,까악까악(까마귀),Krakanie,Crocito,,ร้องกาๆ,Gaklama,Tiếng Quạ,嘎嘎叫,嘎嘎叫,鴉叫聲
Studio.Toolbox.Audio.SoundEffect.Category.Owl,,,Owl,Owl,بومة,Eule,Búho,Hibou,उल्लू,Burung Hantu,Gufo,フクロウ,올빼미,Sowa,Coruja,,นกฮูก,Baykuş,Cú,猫头鹰,猫头鹰,貓頭鷹
Studio.Toolbox.Audio.SoundEffect.Category.Hoot,,,Hoot,Hoot,نعيق,Rufen (Eule),Ululato,Hululement,हूट,Suara Burung Hantu,Ululato,ホーホー,부엉부엉,Pohukiwanie,Piado da coruja,,ฮูก,Ötme,Tiếng Cú,呜呜叫,呜呜叫,咻咻聲
Studio.Toolbox.Audio.SoundEffect.Category.Mouse,,,Mouse,Mouse,فأر,Maus,Ratón,Souris,चूहा,Mencit,Topo,ネズミ,쥐,Mysz,Rato,,หนู,Fare,Chuột,老鼠,老鼠,老鼠
Studio.Toolbox.Audio.SoundEffect.Category.Patter,,,Patter,Patter,طقطقة,Prasseln,Golpeteo,Crépitement,पैटर,Derai,Martellante,パラパラ音,후두두,Tupot,Tamborilar,,เปาะแปะ,Tıkırtı,Tiếng Chân Bước Nhịp Nhàng,窸窣移动声,窸窣移动声,啪嗒聲
Studio.Toolbox.Audio.SoundEffect.Category.Insect,,,Insect,Insect,حشرة,Insekt,Insecto,Insecte,कीड़ा,Serangga,Insetto,昆虫,곤충,Owad,Inseto,,แมลง,Böcek,Côn Trùng,昆虫,昆虫,昆蟲
Studio.Toolbox.Audio.SoundEffect.Category.Cricket,,,Cricket,Cricket,صرير,Grille,Grillo,Cricket,क्रिकेट,Jangkrik,Grillo,コオロギ,귀뚜라미,Świerszcz,Grilo,,จิ้งหรีด,Cırcır Böceği,Con Dế,蟋蟀,蟋蟀,蟋蟀
Studio.Toolbox.Audio.SoundEffect.Category.Mosquito,,,Mosquito,Mosquito,بعوض,Stechmücke,Zancudo,Moustique,मच्छर,Nyamuk,Zanzara,蚊,모기,Komar,Mosquito,,ยุง,Sivrisinek,Muỗi,蚊子,蚊子,蚊子
Studio.Toolbox.Audio.SoundEffect.Category.Buzz,,,Buzz,Buzz,طنين,Schwirren,Zumbido,Buzz,बज़,Dengung,Ronzio,バズ音,윙윙거림,Bzyczenie,Zumbido,,หึ่ง,Vızıltı,Tiếng Rì Rầm,嗡嗡声,嗡嗡声,嗡嗡聲
Studio.Toolbox.Audio.SoundEffect.Category.Frog,,,Frog,Frog,ضفدع,Frosch,Rana,Grenouille,मेंढ़क,Katak,Rana,カエル,개구리,Żaba,Sapo,,กบ,Kurbağa,Ếch,青蛙,青蛙,青蛙
Studio.Toolbox.Audio.SoundEffect.Category.Croak,,,Croak,Croak,نعيق,Quaken,Croar,Coasser,क्रोक,Bunyi Kuak,Gracchiare,ケロケロ音,개골개골,Rechot,Coaxar,,อ๊บ,Vıraklama,Tiếng Ộp Ộp,呱呱叫,呱呱叫,呱呱聲
Studio.Toolbox.Audio.SoundEffect.Category.Snake,,,Snake,Snake,ثعبان,Schlange,Serpiente,Serpent,साँप,Ular,Serpente,ヘビ,뱀,Wąż,Cobra,,งู,Yılan,Rắn,蛇,蛇,蛇
Studio.Toolbox.Audio.SoundEffect.Category.Rattle,,,Rattle,Rattle,قعقعة,Klappern,Cascabeleo,Sonnette (serpent),रैटल,Derik,Sonagli,ガラガラ,달가닥,Grzechotanie,Chocalho,,ฟ่อ,Çıngırak,Tiếng Lách Cách,沙沙作响,沙沙作响,嘎嘎聲
Studio.Toolbox.Audio.SoundEffect.Category.Music,,,Music,Music,الموسيقى,Musik,Música,Musique,म्यूज़िक,Musik,Musica,音楽,음악,Muzyka,Música,,ดนตรี,Müzik,Âm Nhạc,音乐,音乐,音樂
Studio.Toolbox.Audio.SoundEffect.Category.Guitar,,,Guitar,Guitar,غيتار,Guitarre,Guitarra,Guitare,गिटार,Gitar,Chitarra,ギター,기타,Gitara,Guitarra,,กีตาร์,Gitar,Đàn Guitar,吉他,吉他,吉他
Studio.Toolbox.Audio.SoundEffect.Category.Strum,,,Strum,Strum,عزف,Anschlagen,Rasgueo,Gratter,स्ट्रम,Genjreng,Strimpellare,爪弾き,스트럼,Brzdąkanie,Toque em cordas,,ดีด,Tıngırdatma,Tiếng Bập Bùng,弹拨,弹拨,掃弦
Studio.Toolbox.Audio.SoundEffect.Category.Banjo,,,Banjo,Banjo,موسيقى البانجو,Banjo,Banjo,Banjo,बैंजो,Banjo,Banjo,バンジョー,밴조,Banjo,Banjo,,แบนโจ,Banjo,Đàn Banjo,班卓琴,班卓琴,斑鳩琴
Studio.Toolbox.Audio.SoundEffect.Category.Sitar,,,Sitar,Sitar,سيتار,Sitar,Sitar,Sitar,सितार,Sitar,Sitar,シタール,시타르,Sitar,Cítara,,ซีตาร์,Sitar,Đàn Xita,西塔琴,西塔琴,西塔琴
Studio.Toolbox.Audio.SoundEffect.Category.Mandolin,,,Mandolin,Mandolin,مندولين,Mandoline,Mandolina,Mandoline,मैंडोलिन,Mandolin,Mandolino,マンドリン,만돌린,Mandolina,Bandolim,,แมนโดลิน,Mandolin,Đàn Măng Đô Lin,曼陀林,曼陀林,曼陀林
Studio.Toolbox.Audio.SoundEffect.Category.Zither,,,Zither,Zither,قيثارة,Zither,Cítara,Cithare,ज़ीथर,Zither,Cetra,ツィター,치터,Cytra,Cítara 2,,พิณซิเธอร์,Zither,Đàn Tam Thập Lục,齐特琴,齐特琴,齊特琴
Studio.Toolbox.Audio.SoundEffect.Category.Ukulele,,,Ukulele,Ukulele,قيثارة برتغالية,Ukulele,Ukelele,Ukulele,गिटार,Ukulele,Ukelele,ウクレレ,우쿨렐레,Ukulele,Ukulele,,อูคูเลเล่,Ukulele,Đàn Guitar Hawaii,尤克里里,尤克里里,烏克麗麗
Studio.Toolbox.Audio.SoundEffect.Category.Piano,,,Piano,Piano,بيانو,Klavier,Piano,Piano,पियानो,Piano,Pianoforte,ピアノ,피아노,Pianino,Piano,,เปียโน,Piyano,Đàn Piano,钢琴,钢琴,鋼琴
Studio.Toolbox.Audio.SoundEffect.Category.Organ,,,Organ,Organ,الآلة,Orgel,Órgano,Orgue,ऑर्गन,Organ,Organo,オルガン,오르간,Organy,Órgão,,ออร์แกน,Org,Đàn Organ,管风琴,管风琴,風琴
Studio.Toolbox.Audio.SoundEffect.Category.Synthesizer,,,Synthesizer,Synthesizer,مولّد أصوات موسيقية,Synthesizer,Sintetizador,Synthétiseur,सिंथेसाइज़र,Synthesizer,Sintetizzatore,シンセサイザー,신시사이저,Syntezator,Sintetizador,,ซินเธไซเซอร์,Synth,Nhạc Cụ Tổng Hợp Âm Thanh,合成器,合成器,合成器
Studio.Toolbox.Audio.SoundEffect.Category.Sampler,,,Sampler,Sampler,آلة السامبلر,Sampler,Sámpler,Sampler,सैम्प्लर,Sampler,Campionatore,サンプラー,샘플러,Sampler,Sampler,,แซมเพลอร์,Sampler,Nhạc Cụ Lấy Mẫu,音乐采样器,音乐采样器,取樣器
Studio.Toolbox.Audio.SoundEffect.Category.Harpsichord,,,Harpsichord,Harpsichord,البيان القيثاري,Cembalo,Clavecín,Clavecin,हार्प्सिकॉर्ड,Harpsichord,Clavicembalo,チェンバロ,하프시코드,Klawesyn,Cravo,,ฮาร์ปซิคอร์ด,Klavsen,Đàn Harpsichord,大键琴,大键琴,大鍵琴
Studio.Toolbox.Audio.SoundEffect.Category.Percussion,,,Percussion,Percussion,آلة موسيقية إيقاعية,Percussion,Percusión,Percussion,पर्कशन,Perkusi,Percussione,打楽器,퍼커션,Perkusja,Percussão,,เพอร์คัชชัน,Perküsyon,Bộ Gõ,打击乐器,打击乐器,打擊樂器
Studio.Toolbox.Audio.SoundEffect.Category.Drum,,,Drum,Drum,طبل,Trommel,Tambor,Tambour,ड्रम,Drum,Tamburo,ドラム,드럼,Bęben,Tambor,,กลอง,Davul,Trống,鼓,鼓,鼓
Studio.Toolbox.Audio.SoundEffect.Category.Rimshot,,,Rimshot,Rimshot,ريمشوت,Randschlag,Rimshot,Ricochet,रिमशॉट,Rimshot,Rimshot,リムショット,림 쇼트,Rimshot,Rimshot,,ริมช็อต,Vuruş,Dùi Trống,敲鼓边,敲鼓边,壓鼓框
Studio.Toolbox.Audio.SoundEffect.Category.Timpani,,,Timpani,Timpani,الدفية,Pauken,Timbales,Timbales,तिमपानी,Timpani,Timpani,ティンパニ,팀파니,Kotły,Tímpanos,,ทิมปานี,Timbal,Trống Một Mặt,定音鼓,定音鼓,定音鼓
Studio.Toolbox.Audio.SoundEffect.Category.Tabla,,,Tabla,Tabla,الطبلة,Tabla,Tabla,Tabla,तबला,Tabla,Tabla,タブラ,타블라,Tabla,Tabla,,ทาบลา,Tabla,Cặp Trống Nhỏ,塔布拉鼓,塔布拉鼓,塔布拉鼓
Studio.Toolbox.Audio.SoundEffect.Category.Cymbal,,,Cymbal,Cymbal,صنج,Becken,Cimbal,Cymbales,सिम्बल,Simbal,Cembalo,シンバル,심벌즈,Talerz,Prato,,ฉาบ,Zil,Cái Chũm Chọe,铜钹,铜钹,鈸
Studio.Toolbox.Audio.SoundEffect.Category.Hi-hat,,,Hi-hat,Hi-hat,صنج مزدوج,Hi-Hat,Hi-hat,Hi-hat,हाई-हैट,Hi-hat,Hi-hat,ハイハット,하이 햇,Hi-hat,Chimbau,,ไฮแฮท,Hi-hat,Hi-hat,踩镲,踩镲,腳踏鈸
Studio.Toolbox.Audio.SoundEffect.Category.Tambourine,,,Tambourine,Tambourine,الدف,Tambourin,Pandero,Tambourin,टैम्बोरिन,Tamborin,Tamburino,タンバリン,탬버린,Tamburyn,Pandeiro,,แทมบูรีน,Tef,Trống Lục Lạc,小手鼓,小手鼓,鈴鼓
Studio.Toolbox.Audio.SoundEffect.Category.Maraca,,,Maraca,Maraca,ماراكا,Maraca,Maraca,Maraca,माराका,Marakas,Maraca,マラカス,마라카스,Marakasy,Maraca,,ลูกซัด,Marakas,Maraca,沙球,沙球,沙鈴
Studio.Toolbox.Audio.SoundEffect.Category.Gong,,,Gong,Gong,الغونغ,Gong,Gong,Gong,गोंग,Gong,Gong,ゴング,징,Gong,Gongo,,ฆ้อง,Gong,Cái Cồng,锣,锣,鑼
Studio.Toolbox.Audio.SoundEffect.Category.Glockenspiel,,,Glockenspiel,Glockenspiel,جلوكنشبيل,Glockenspiel,Carillón,Carillon,ग्लॉकेनस्पियेल,Glockenspiel,Carillon,グロッケンシュピール,글로켄슈필,Dzwonki,Glockenspiel,,กล็อคเคนสปีล,Glockenspiel,Đàn Chuông,铁琴,铁琴,鐘琴
Studio.Toolbox.Audio.SoundEffect.Category.Vibraphone,,,Vibraphone,Vibraphone,فيبرافون,Vibraphon,Vibráfono,Vibraphone,वाइब्राफ़ोन,Vibrafon,Vibrafono,ヴィブラフォン,비브라폰,Wibrafon,Vibrafone,,ไวบราโฟน,Vibrafon,Đàn Tăng Rung,电颤琴,电颤琴,顫音琴
Studio.Toolbox.Audio.SoundEffect.Category.Steelpan,,,Steelpan,Steelpan,ستيلبان,Steeldrum,Tambor metálico,Steelpan,स्टीलपैन,Drum Steelpan,Tamburo acciaio,スティールパン,스틸팬,Steel pan,Tambor de aço,,สตีลแพน,Çelik Davul,Chảo Thép,钢鼓,钢鼓,鋼鼓
Studio.Toolbox.Audio.SoundEffect.Category.Orchestra,,,Orchestra,Orchestra,أوركسترا,Orchester,Orquesta,Orchestre,ऑर्केस्ट्रा,Orkestra,Orchestra,オーケストラ,오케스트라,Orkiestra,Orquestra,,ออร์เคสตร้า,Orkestra,Dàn Nhạc,管弦乐,管弦乐,管弦樂器
Studio.Toolbox.Audio.SoundEffect.Category.Trumpet,,,Trumpet,Trumpet,بوق,Trompete,Trompeta,Trompette,तुरही,Trompet,Tromba,トランペット,트럼펫,Trąbka,Trompete,,ทรัมเป็ต,Trompet,Kèn Trompet,小号,小号,小號
Studio.Toolbox.Audio.SoundEffect.Category.Trombone,,,Trombone,Trombone,ترومبون,Posaune,Trombón,Trombone,ट्रॉम्बोन,Trombon,Trombone,トロンボーン,트롬본,Puzon,Trombone,,ทรอมโบน,Trombon,Kèn Trombon,长号,长号,長號
Studio.Toolbox.Audio.SoundEffect.Category.Pizzicato,,,Pizzicato,Pizzicato,بيزيكاتو,Pizzicato,Pizzicato,Pizzicato,पिज़्ज़ीकाटो,Pizzicato,Pizzicato,ピッツィカート,피치카토,Pizzicato,Pizzicato,,พิซซิคาโต,Pizzicato,Ngón Bật,拨奏,拨奏,撥奏
Studio.Toolbox.Audio.SoundEffect.Category.Cello,,,Cello,Cello,تشيلو,Cello,Violoncelo,Violoncelle,सेलो,Cello,Violoncello,チェロ,첼로,Wiolonczela,Violoncelo,,เชลโล,Çello,Đàn Cello,大提琴,大提琴,大提琴
Studio.Toolbox.Audio.SoundEffect.Category.Flute,,,Flute,Flute,الناي,Flöte,Flauta,Flûte,बांसुरी,Flute,Flauto,フルート,플루트,Flet,Flauta,,ขลุ่ย,Flüt,Sáo,长笛,长笛,長笛
Studio.Toolbox.Audio.SoundEffect.Category.Saxophone,,,Saxophone,Saxophone,ساكسفون,Saxophon,Saxofón,Saxophone,सैक्सोफ़ोन,Saksofon,Sassofono,サックス,색소폰,Saksofon,Saxofone,,แซ็กโซโฟน,Saksafon,Kèn Saxophone,萨克斯管,萨克斯管,薩克斯風
Studio.Toolbox.Audio.SoundEffect.Category.Clarinet,,,Clarinet,Clarinet,الكلارينيت,Klarinette,Clarinete,Clarinette,क्लेरनेट,Klarinet,Clarinetto,クラリネット,클라리넷,Klarnet,Clarinete,,คลาริเน็ต,Klarnet,Kèn Clarinet,竖笛,竖笛,單簧管
Studio.Toolbox.Audio.SoundEffect.Category.Harp,,,Harp,Harp,قيثارة,Harfe,Arpa,Harpe,वीणा,Harpa,Arpa,ハープ,하프,Harfa,Harpa,,ฮาร์ป,Arp,Đàn Hạc,竖琴,竖琴,豎琴
Studio.Toolbox.Audio.SoundEffect.Category.Bell,,,Bell,Bell,جرس,Glocke,Campana,Cloche,घंटी,Lonceng,Campane,ベル,종,Dzwon,Sino,,กระดิ่ง,Zil,Chuông,钟,钟,鐘
Studio.Toolbox.Audio.SoundEffect.Category.Chime,,,Chime,Chime,رنين,Röhrenglocken,Campanilla,Carillon,झंकार,Denting,Campanello,チャイム,차임,Kurant,Badalo,,ระฆัง,Çan,Chuông Hòa Âm,排钟,排钟,風鈴
Studio.Toolbox.Audio.SoundEffect.Category.Harmonica,,,Harmonica,Harmonica,هارمونيكا,Mundharmonika,Armónica,Harmonica,हारमोनिका,Harmonika,Armonica,ハーモニカ,하모니카,Harmonijka,Gaita,,หีบเพลงเป่า,Mızıka,Kèn Acmonica,口琴,口琴,口琴
Studio.Toolbox.Audio.SoundEffect.Category.Accordion,,,Accordion,Accordion,أكورديون,Akkordeon,Acordeón,Accordéon,एकॉर्डियन,Akordion,Fisarmonica,アコーディオン,아코디언,Akordeon,Acordeão,,หีบเพลงชัก,Akordeon,Đàn Xếp,手风琴,手风琴,手風琴
Studio.Toolbox.Audio.SoundEffect.Category.Bagpipes,,,Bagpipes,Bagpipes,مزمار القربة,Dudelsack,Gaita,Cornemuses,बैगपाइप्स,Bagpipes,Cornamusa,バグパイプ,백파이프,Dudy,Gaita escocesa,,ปี่สก็อต,Gayda,Kèn Túi,风笛,风笛,風笛
Studio.Toolbox.Audio.SoundEffect.Category.Didgeridoo,,,Didgeridoo,Didgeridoo,ديدجيريدو,Didgeridoo,Didgeridoo,Luth,डिजरीडू,Didgeridoo,Didgeridoo,ディジュリドゥ,디제리두,Aborygeńska tuba,Didgeridoo,,ดิดเจอริดู,Didgeridoo,Đàn Ống Úc,迪吉里杜管,迪吉里杜管,吉迪里杜管
Studio.Toolbox.Audio.SoundEffect.Category.Shofar,,,Shofar,Shofar,بوق,Schofar,Shofar,Chophar,शोफ़र,Shofar,Shofar,ショファル,쇼파르,Szofar,Shofar,,โชฟาร์,Şofar,Kèn Shofar,羊角号,羊角号,公羊角號
Studio.Toolbox.Audio.SoundEffect.Category.Theremin,,,Theremin,Theremin,ثيرمين,Theremin,Theremín,Thérémine,थेरमिन,Theremin,Theremin,テルミン,테레민,Theremin,Teremim,,เธรามิน,Theremin,Đàn Theremin,泰勒明琴,泰勒明琴,特雷門
Studio.Toolbox.Audio.SoundEffect.Category.Beatboxing,,,Beatboxing,Beatboxing,آلة طبول,Beatboxen,Consola,Boîte à rythmes,बीटबॉक्सिंग,Beatboxing,Beatbox,ビートボックス,비트박스,Beatboxing,Beatboxing,,บีตบ็อกซ์,Beatbox,Beatbox,节奏口技,节奏口技,節奏口技
Studio.Toolbox.Audio.SoundEffect.Category.Grunge,,,Grunge,Grunge,جرونج,Grunge,Grunge,Grunge,ग्रंज,Grunge,Grunge,グランジ,그런지,Grunge,Grunge,,กรันจ์,Grunge,Nhạc Grunge,油渍摇滚,油渍摇滚,油漬搖滾
Studio.Toolbox.Audio.SoundEffect.Category.Reggae,,,Reggae,Reggae,موسيقى الريغي,Reggae,Reggae,Reggae,रेगे,Reggae,Reggae,レゲエ,레게,Reggae,Reggae,,เร็กเก้,Reggae,Nhạc Reggae,雷鬼乐,雷鬼乐,雷鬼
Studio.Toolbox.Audio.SoundEffect.Category.Country,,,Country,Country,موسيقى كانتري,Country,Country,Country,कंट्री,Country,Country,カントリー,컨트리,Country,Country,,คันทรี,Country,Nhạc Đồng Quê,乡村音乐,乡村音乐,鄉村
Studio.Toolbox.Audio.SoundEffect.Category.Bluegrass,,,Bluegrass,Bluegrass,بلوجراس,Bluegrass,Bluegrass,Bluegrass,ब्लूग्रास,Bluegrass,Bluegrass,ブルーグラス,블루그래스,Bluegrass,Bluegrass,,บลูกราส,Bluegrass,Nhạc Bluegrass,蓝草乐,蓝草乐,藍草音樂
Studio.Toolbox.Audio.SoundEffect.Category.Funk,,,Funk,Funk,الفونك,Funk,Funk,Funk,फ़ंक,Funk,Funk,ファンク,펑크,Funk,Funk,,ฟังก์,Funk,Nhạc Funk,放克,放克,放克
Studio.Toolbox.Audio.SoundEffect.Category.Jazz,,,Jazz,Jazz,الجاز,Jazz,Jazz,Jazz,जैज़,Jazz,Jazz,ジャズ,재즈,Jazz,Jazz,,แจ๊ส,Caz,Nhạc Jazz,爵士乐,爵士乐,爵士
Studio.Toolbox.Audio.SoundEffect.Category.Disco,,,Disco,Disco,الديسكو,Disco,Disco,Disco,डिस्को,Disko,Disco,ディスコ音楽,디스코,Disco,Discoteca,,ดิสโก้,Disko,Nhạc Disco,迪斯科,迪斯科,迪斯可
Studio.Toolbox.Audio.SoundEffect.Category.Opera,,,Opera,Opera,الأوبرا,Oper,Ópera,Opéra,ओपेरा,Opera,Opera,オペラ,오페라,Opera,Ópera,,โอเปร่า,Opera,Nhạc Opera,歌剧,歌剧,歌劇
Studio.Toolbox.Audio.SoundEffect.Category.Techno,,,Techno,Techno,تكنو,Techno,Tecno,Techno,टेक्नो,Techno,Tecno,テクノ,테크노,Techno,Techno,,เทคโน,Tekno,Techno,科技舞曲,科技舞曲,鐵克諾音樂
Studio.Toolbox.Audio.SoundEffect.Category.Dubstep,,,Dubstep,Dubstep,دوبستيب,Dubstep,Dubstep,Dubstep,डबस्टेप,Dubstep,Dubstep,ダブステップ,덥스텝,Dubstep,Dubstep,,ดับสเต็ป,Dubstep,Nhạc Dubstep,回响贝斯,回响贝斯,迴響貝斯
Studio.Toolbox.Audio.SoundEffect.Category.Electronica,,,Electronica,Electronica,إلكترونيكا,Electronica,Electrónica,Electronica,इलेक्ट्रॉनिका,Electronica,Elettronica,エレクトロニカ,일렉트로니카,Electronica,Electronica,,อิเล็กโทรนิกา,Elektronika,Electronica,电子乐,电子乐,電子音樂
Studio.Toolbox.Audio.SoundEffect.Category.Flamenco,,,Flamenco,Flamenco,فلامنكو,Flamenco,Flamenco,Flamenco,फ्लेमेंको,Flamenco,Flamenco,フラメンコ,플라멩코,Flamenco,Flamenco,,ฟลาเมงโก,Flamenco,Nhạc Flamenco,弗拉门戈,弗拉门戈,佛朗明哥
Studio.Toolbox.Audio.SoundEffect.Category.Blues,,,Blues,Blues,موسيقى البلوز,Blues,Blues,Blues,ब्लूज़,Blues,Blues,ブルース,블루스,Blues,Blues,,บลูส์,Blues,Nhạc Blues,蓝调,蓝调,藍調
Studio.Toolbox.Audio.SoundEffect.Category.Afrobeat,,,Afrobeat,Afrobeat,أفروبيت,Afrobeat,Afrobeat,Afrobeat,एफ़्रोबीट,Afrobeat,Afrobeat,アフロビート,아프로비트,Afrobeat,Afrobeat,,อัฟโฟรบีต,Afrobeat,Nhạc Afrobeat,非洲节奏音乐,非洲节奏音乐,非洲節拍樂
Studio.Toolbox.Audio.SoundEffect.Category.Ska,,,Ska,Ska,موسيق السكا,Ska,Ska,Ska,स्का,Ska,Ska,スカ,스카,Ska,Ska,,สกา,Ska,Nhạc Ska,斯卡乐,斯卡乐,斯卡曲風
Studio.Toolbox.Audio.SoundEffect.Category.Song,,,Song,Song,أغنية,Lied,Canción,Chanson,गीत,Lagu,Brano,曲,노래,Piosenka,Canção,,เพลง,Şarkı,Nhạc Nhịp Nhanh,歌曲,歌曲,歌曲
Studio.Toolbox.Audio.SoundEffect.Category.Lullaby,,,Lullaby,Lullaby,تهويدة,Wiegenlied,Canción de cuna,Berceuse,लोरी,Pengantar Tidur,Ninnananna,子守り歌,자장가,Kołysanka,Canção de ninar,,เพลงกล่อม,Ninni,Bài Hát Ru,摇篮曲,摇篮曲,搖籃曲
Studio.Toolbox.Audio.SoundEffect.Category.Wind,,,Wind,Wind,رياح,Wind,Viento,Vent,हवा,Angin,Vento,風,바람,Wiatr,Vento,,ลม,Rüzgâr,Gió,风,风,風聲
Studio.Toolbox.Audio.SoundEffect.Category.Thunderstorm,,,Thunderstorm,Thunderstorm,عاصفة رعدية,Gewitter,Tormenta,Orage,आंधी तूफ़ान,Badai Petir,Temporale,雷雨,천둥번개,Burza,Tempestade,,พายุฝนฟ้าคะนอง,Fırtına,Bão,雷雨,雷雨,雷雨
Studio.Toolbox.Audio.SoundEffect.Category.Raindrop,,,Raindrop,Raindrop,قطرة مطر,Regentropfen,Gotas de lluvia,Goutte de pluie,रेनड्रॉप,Rintik Hujan,Goccia di pioggia,雨音,빗방울,Deszcz,Pingo de chuva,,หยาดฝน,Yağmur,Mưa Rơi,雨滴,雨滴,雨滴
Studio.Toolbox.Audio.SoundEffect.Category.Stream,,,Stream,Stream,البث,Bach,Arroyo,Torrent,स्ट्रीम करें,Sungai,Acqua che scorre,流水,시냇물,Strumień,Corrente de água,,ลำธาร,Akıntı,Suối,溪流,溪流,小溪流水聲
Studio.Toolbox.Audio.SoundEffect.Category.Waterfall,,,Waterfall,Waterfall,شلال,Wasserfall,Cascadas,Cascade,झरना,Air Terjun,Cascata,滝の音,폭포,Wodospad,Cachoeira,,น้ำตก,Şelale,Thác Nước,瀑布,瀑布,瀑布聲
Studio.Toolbox.Audio.SoundEffect.Category.Ocean,,,Ocean,Ocean,المحيط,Ozean,Océano,Océan,ओशन,Samudra,Oceano,海,바다,Ocean,Oceano,,มหาสมุทร,Okyanus,Đại Dương,海洋,海洋,海洋聲
Studio.Toolbox.Audio.SoundEffect.Category.Gurgling,,,Gurgling,Gurgling,غرغرة,Gurgeln,Borboteo,Glouglou,गुरलिंग,Gemercik Air,Gorgogliamento,うがい,쏴 하는 소리,Bulgotanie,Borbulhante,,โครกคราก,Çağlama,Tiếng Ùng Ục,流水声,流水声,潺潺聲
Studio.Toolbox.Audio.SoundEffect.Category.Crackle,,,Crackle,Crackle,طقطقة,Knistern,"Crujido, crepitación",Craquement,क्रैकल,Kertak,Crepitio,パチパチ音,탁탁(치직) 소리,Trzaski,Crepitação,,ปะทุ,Çatırdama,Tiếng Tanh Tách,噼啪声,噼啪声,爆裂聲
Studio.Toolbox.Audio.SoundEffect.Category.Vehicle,,,Vehicle,Vehicle,مركبة,Fahrzeug,Vehículo,Véhicule,गाड़ी,Kendaraan,Veicolo,乗り物,탈것,Pojazd,Veículo,,ยานพาหนะ,Araç,Phương Tiện,交通工具,交通工具,車輛
Studio.Toolbox.Audio.SoundEffect.Category.Ship,,,Ship,Ship,سفينة,Schiff,Buque,Navire,शिप,Kapal,Nave,船,선박,Statek,Navio,,เรือ,Gemi,Tàu Thủy,船舰,船舰,船
Studio.Toolbox.Audio.SoundEffect.Category.Car,,,Car,Car,سيارة,Auto,Coche,Voiture,कार,Mobil,Auto,車,자동차,Samochód,Carro,,รถยนต์,Araba,Xe Hơi,汽车,汽车,車
Studio.Toolbox.Audio.SoundEffect.Category.Toot,,,Toot,Toot,توت,Tuten,Pitazo,Toot,हॉर्न,Peluit,Fischio,らっぱ,빵(경적 소리),Trąbienie,Buzinada,,เสียงแตร,Korna,Thổi Kèn,鸣笛,鸣笛,短促的喇叭聲
Studio.Toolbox.Audio.SoundEffect.Category.Skidding,,,Skidding,Skidding,انزلاق,Schleudern,Derrapar,Dérapage,स्किडिंग,Tergelincir,Slittamento,スリップ音,스키드,Poślizg,Derrapando,,ลื่นไถล,Patinaj,Trượt,滑行,滑行,打滑聲
Studio.Toolbox.Audio.SoundEffect.Category.Truck,,,Truck,Truck,شاحنة,LKW,Camión,Camion,ट्रक,Truk,Camion,トラック,트럭,Ciężarówka,Caminhão,,รถบรรทุก,Kamyon,Xe Tải,卡车,卡车,卡車
Studio.Toolbox.Audio.SoundEffect.Category.Bus,,,Bus,Bus,حافلة,Bus,Autobús,Bus,बस,Bus,Autobús,バス,버스,Autobus,Ônibus,,รถบัส,Otobüs,Xe Khách,公交车,公交车,公車
Studio.Toolbox.Audio.SoundEffect.Category.Motorcycle,,,Motorcycle,Motorcycle,دراجة نارية,Motorrad,Motocicleta,Moto,मोटरसाइकिल,Sepeda Motor,Motocicletta,オートバイ,오토바이,Motocykl,Motocicleta,,รถจักรยานยนต์,Motosiklet,Xe Máy,摩托车,摩托车,摩托車
Studio.Toolbox.Audio.SoundEffect.Category.Train,,,Train,Train,القطار,Zug,Tren,Train,ट्रेन,Kereta Api,Treno,電車,기차,Pociąg,Trem,,รถไฟ,Tren,Xe Lửa,火车,火车,火車
Studio.Toolbox.Audio.SoundEffect.Category.Helicopter,,,Helicopter,Helicopter,طائرة هليكوبتر,Hubschrauber,Helicóptero,Hélicoptère,हेलीकॉप्टर,Helikopter,Elicottero,ヘリコプター,헬리콥터,Helikopter,Helicóptero,,เฮลิคอปเตอร์,Helikopter,Trực Thăng,直升机,直升机,直升機
Studio.Toolbox.Audio.SoundEffect.Category.Bicycle,,,Bicycle,Bicycle,دراجة,Fahrrad,Bicicleta,Bicyclette,साइकिल,Sepeda,Bicicletta,自転車,자전거,Rower,Bicicleta,,จักรยาน,Bisiklet,Xe Đạp,脚踏车,脚踏车,自行車
Studio.Toolbox.Audio.SoundEffect.Category.Skateboard,,,Skateboard,Skateboard,لوح تزلج,Skateboard,Patineta,Skateboard,स्केटबोर्ड,Skateboard,Skateboard,スケートボード,스케이트보드,Deskorolka,Skate,,สเกตบอร์ด,Kaykay,Trượt Ván,滑板,滑板,滑板
Studio.Toolbox.Audio.SoundEffect.Category.Engine,,,Engine,Engine,محرك,Motor,Motor,Moteur,इंजन,Mesin,Motore,エンジン,엔진,Silnik,Motor,,เครื่องยนต์,Motor,Động Cơ,发动机,发动机,引擎
Studio.Toolbox.Audio.SoundEffect.Category.Chainsaw,,,Chainsaw,Chainsaw,منشار جنزيري,Kettensäge,Motosierra,Tronçonneuse,चेनसॉ,Gergaji Mesin,Motosega,チェーンソー,체인톱,Piła łańcuchowa,Motosserra,,เลื่อยไฟฟ้า,Elektrikli Testere,Cưa Xích,链锯,链锯,電鋸
Studio.Toolbox.Audio.SoundEffect.Category.Idling,,,Idling,Idling,خمول,Leerlauf,En reposo,Au ralenti,सुस्ती,Diam,Inattivo,アイドリング,공회전,Bieg jałowy,Motor funcionando,,เงียบ,Rölanti,Chạy Không Tải,怠速,怠速,怠速
Studio.Toolbox.Audio.SoundEffect.Category.Door,,,Door,Door,باب,Tür,Puerta,Porte,दरवाज़ा,Pintu,Porte,ドア,문,Drzwi,Porta,,ประตู,Kapı,Cửa,门,门,門
Studio.Toolbox.Audio.SoundEffect.Category.Doorbell,,,Doorbell,Doorbell,جرس الباب,Türklingel,Timbre,Sonnette de porte,डोरबेल,Bel Pintu,Campanello,ドアベル,초인종,Dzwonek do drzwi,Campainha,,กริ่งประตู,Kapı Zili,Chuông Cửa,门铃,门铃,門鈴
Studio.Toolbox.Audio.SoundEffect.Category.Ding-dong,,,Ding-dong,Ding-dong,صوت الناقوس,Ding Dong,Ding dong,Ding-dong,डिंग-डोंग,Ding-dong,Ding-dong,ピンポーン,딩동,Ding-dong,Ding-dong,,ดิ๊งด่อง,Ding Dong,Tiếng Binh Boong,叮咚,叮咚,叮咚聲
Studio.Toolbox.Audio.SoundEffect.Category.Slam,,,Slam,Slam,ضربة,Zuknallen,Cerrar de un golpe,Claquement de porte,स्लैम,Banting Pintu,Slam,バタン音,쾅 닫는 소리,Trzaśnięcie,Batida de porta,,ฟาด,Çarpma,Tiếng Đóng Sầm Cửa,甩门,甩门,砰然聲
Studio.Toolbox.Audio.SoundEffect.Category.Knock,,,Knock,Knock,طرق,Klopfen,Tocar a la puerta,Taper,नॉक,Ketuk Pintu,Bussare,ノック音,노크,Pukanie,Batida na porta,,เคาะ,Tıklama,Tiếng Gõ Cửa,敲门,敲门,敲門
Studio.Toolbox.Audio.SoundEffect.Category.Tap,,,Tap,Tap,نقر,Tippen,Toque,Tapoter,टैप करें,Ketuk,Tocco,タップ,두드림,Stukanie,Batida leve,,แตะ,Dokunma,Vòi,轻拍,轻拍,輕敲
Studio.Toolbox.Audio.SoundEffect.Category.Squeak,,,Squeak,Squeak,صرير,Quietschen,Chillido,Couinement,स्क्वीक,Decit,Scricchiolii,キーキー音,끼익 소리,Skrzypienie,Rangido,,เสียงแหลม,Gıcırdama,Tiếng Chít Chít,嘎吱作响,嘎吱作响,嘎吱聲
Studio.Toolbox.Audio.SoundEffect.Category.Blender,,,Blender,Blender,خلاط,Mixer,Licuadora,Mixeur,ब्लेंडर,Blender,Frullatore,ミキサー,믹서기,Blender,Liquidificador,,เครื่องปั่น,Blender,Máy Khuấy,搅拌机,搅拌机,攪拌機
Studio.Toolbox.Audio.SoundEffect.Category.Toothbrush,,,Toothbrush,Toothbrush,فرشاة الأسنان,Zahnbürste,Cepillo de dientes,Brosse à dents,टूथब्रश,Sikat Gigi,Spazzolino,歯ブラシ,칫솔,Szczoteczka do zębów,Escova de dentes,,แปรงสีฟัน,Diş Fırçası,Bàn Chải Đánh Răng,牙刷,牙刷,牙刷
Studio.Toolbox.Audio.SoundEffect.Category.Scissors,,,Scissors,Scissors,مقص,Schere,Tijeras,Ciseaux,कैंची,Gunting,Forbice,ハサミ,가위,Nożyczki,Tesoura,,กรรไกร,Makas,Kéo,剪刀,剪刀,剪刀
Studio.Toolbox.Audio.SoundEffect.Category.Typing,,,Typing,Typing,كتابة,Tippen,"Escribir a máquina, teclear",Taper sur un clavier,टाइपिंग,Mengetik,Digitando,入力,타이핑,Pisanie na maszynie/klawiaturze,Digitação,,การพิมพ์,Yazma,Đánh Máy,打字,打字,打字
Studio.Toolbox.Audio.SoundEffect.Category.Typewriter,,,Typewriter,Typewriter,آلة كاتبة,Schreibmaschine,Máquina de escribir,Machine à écrire,टाइपराइटर,Mesin Tik,Macchine da scrivere,タイプライター,타자기,Maszyna do pisania,Máquinas de escrever,,เครื่องพิมพ์ดีด,Daktilo,Máy Đánh Chữ,打字机,打字机,打字機
Studio.Toolbox.Audio.SoundEffect.Category.Writing,,,Writing,Writing,الكتابة,Schreiben,Escribir,Écriture,लेखन,Menulis,Scrittura,執筆,쓰기,Pisanie,Escrevendo,,การเขียน,Yazı,Viết,书写,书写,寫作
Studio.Toolbox.Audio.SoundEffect.Category.Alarm,,,Alarm,Alarm,إنذار,Alarm,Alarma,Alarme,अलार्म,Alarm,Allarme,アラーム,알람,Alarm,Alarme,,สัญญาณเตือน,Alarm,Báo Động,警报,警报,警報
Studio.Toolbox.Audio.SoundEffect.Category.Ringtone,,,Ringtone,Ringtone,نغمة الرنين,Klingelton,Tono de llamada,Sonnerie,रिंगटोन,Nada Dering,Suoneria,着信音,벨소리,Dzwonek telefonu,Toque,,เสียงเรียกเข้า,Zil Tonu,Nhạc Chuông,铃声,铃声,鈴聲
Studio.Toolbox.Audio.SoundEffect.Category.Siren,,,Siren,Siren,صفارة إنذار,Sirene,Sirena,Sirène,सायरन,Sirene,Sirene,サイレン,사이렌,Syrena,Sirene,,ไซเรน,Siren,Còi Báo Động,警报器,警报器,警笛
Studio.Toolbox.Audio.SoundEffect.Category.Buzzer,,,Buzzer,Buzzer,جرس,Summer,Zumbador,Buzzer,बज़र,Buzzer,Citofono,ブザー,부저,Brzęczyk,Zumbido,,ออด,Zil Sesi,Kèn Chuông,蜂鸣器,蜂鸣器,蜂鳴器
Studio.Toolbox.Audio.SoundEffect.Category.Foghorn,,,Foghorn,Foghorn,صفارة ضبابية,Nebelhorn,Sirena de niebla,Corne de brume,फ़ॉगहॉर्न,Foghorn,Antinebbia,霧笛,무적,Syrena mgłowa,Sirene 2,,หวูด,Sis Düdüğü,Còi Báo Sương Mù,雾号,雾号,霧號
Studio.Toolbox.Audio.SoundEffect.Category.Whistle,,,Whistle,Whistle,صفير,Pfeifen,Silbido,Sifflet,सीटी,Siulan,Fischia,口笛,휘파람,Gwizdek,Assobio,,นกหวีด,Islık,Tiếng Huýt Còi,哨声,哨声,口哨
Studio.Toolbox.Audio.SoundEffect.Category.Mechanisms,,,Mechanisms,Mechanisms,الآليات,Mechanismen,Mecanismos,Mécanismes,मेकेनिज्‍़म,Mekanisme,Meccanismi,機械,기계 장치,Mechanizmy,Mecanismos,,กลไก,Mekanizma,Cơ Khí,机械,机械,機制
Studio.Toolbox.Audio.SoundEffect.Category.Clock,,,Clock,Clock,ساعة,Uhr,Reloj,Horloge,घड़ी,Jam,Orologi,時計,시계,Zegar,Relógio,,นาฬิกา,Saat,Đồng Hồ,时钟,时钟,鐘
Studio.Toolbox.Audio.SoundEffect.Category.Tick,,,Tick,Tick,تيك,Tick,Tic,Tic,टिक करें,Tik,Tick,カチカチ音,째깍 소리,Tykanie,Tic,,ติ๊ก,Tik,Tiếng Tích Tắc,滴答,滴答,滴答聲
Studio.Toolbox.Audio.SoundEffect.Category.Tick-tock,,,Tick-tock,Tick-tock,صوت الساعة,Ticktack,Tictac,Tic-toc,टिक-टॉक,Tik-tok,Tick-tock,チクタク,똑딱똑딱,Tik-tak,Tictac,,ติ๊กต๊อก,Tik Tok,Tiếng Tích Tắc,滴答声,滴答声,滴答聲
Studio.Toolbox.Audio.SoundEffect.Category.Pulleys,,,Pulleys,Pulleys,البكرات,Riemenscheiben,Poleas,Poulies,पुलीज़,Katrol,Puleggia,滑車,도르래,Bloczki,Polias,,รอก,Kasnak,Ròng Rọc,滑轮,滑轮,滑輪
Studio.Toolbox.Audio.SoundEffect.Category.Printer,,,Printer,Printer,طابعة,Drucker,Impresora,Imprimante,प्रिंटर,Printer,Stampante,プリンタ,프린터,Drukarka,Impressora,,ปรินเตอร์,Yazıcı,Máy In,打印机,打印机,印表機
Studio.Toolbox.Audio.SoundEffect.Category.Camera,,,Camera,Camera,الكاميرا,Kamera,Cámara,Caméra,कैमरा,Kamera,Fotocamera,カメラ,카메라,Kamera,Câmera,,กล้อง,Kamera,Camera,相机,相机,相機
Studio.Toolbox.Audio.SoundEffect.Category.Hammer,,,Hammer,Hammer,مطرقة,Hammer,Martillo,Marteau,हथौड़ा,Palu,Martello,ハンマー,망치,Młotek,Martelo,,ค้อน,Çekiç,Búa,锤子,锤子,鎚子
Studio.Toolbox.Audio.SoundEffect.Category.Jackhammer,,,Jackhammer,Jackhammer,مطرقة ثقب,Presslufthammer,Martillo neumático,Marteau-piqueur,जैकहैमर,Jackhammer,Martello pneumatico,削岩機,잭해머,Wiertarka udarowa,Britadeira,,แย็ก,Kompresör,Búa Chèn,手提钻,手提钻,電鑽
Studio.Toolbox.Audio.SoundEffect.Category.Sawing,,,Sawing,Sawing,نشر,Sägen,Serruchar,Scier,काटने का काम,Gergaji,Sega,ノコギリの音,톱질,Piłowanie,Serrando,,การเลื่อย,Testere,Cưa,锯子,锯子,鋸切
Studio.Toolbox.Audio.SoundEffect.Category.Sanding,,,Sanding,Sanding,صنفرة,Schleifen,Lijar,Sablage,सैंडिंग,Mengamplas,Sabbiatura,研磨音,사포 다듬기,Szlifowanie,Lixando,,การขัดพื้น,Zımpara,Chà Nhám,打磨,打磨,磨砂
Studio.Toolbox.Audio.SoundEffect.Category.Drill,,,Drill,Drill,مثقب,Bohrer,Taladro,Perceuse,ड्रिल,Bor,Trapano,ドリル,드릴,Wiertło,Broca,,เจาะ,Matkap,Khoan,钻头,钻头,鑽頭
Studio.Toolbox.Audio.SoundEffect.Category.Explosion,,,Explosion,Explosion,انفجار,Explosion,Explosión,Explosion,विस्फ़ोट,Ledakan,Esplosione,爆発音,폭발,Wybuch,Explosão,,การระเบิด,Patlama,Nổ,爆炸,爆炸,爆炸
Studio.Toolbox.Audio.SoundEffect.Category.Fusillade,,,Fusillade,Fusillade,إطلاق نار,Salve,"Descarga, tiroteo",Fusillade,फ़्यूज़िऐड,Rangkaian Tembakan,Raffica,連続射撃,연속 사격,Kanonada,Fuzilaria,,กระหน่ำยิง,Salvo,Loạt Súng Bắn,连发,连发,砲擊
Studio.Toolbox.Audio.SoundEffect.Category.Firecracker,,,Firecracker,Firecracker,مفرقعة نارية,Feuerwerkskörper,Petardo,Pétard,पटाखा,Petasan,Petardo,爆竹,폭죽,Petarda,Bombinha,,ประทัด,Havai Fişek,Pháo,鞭炮,鞭炮,鞭炮
Studio.Toolbox.Audio.SoundEffect.Category.Eruption,,,Eruption,Eruption,ثوران,Ausbruch,Erupción,Éruption,विस्फ़ोट,Erupsi,Eruzione,噴火,분화,Erupcja,Erupção,,การปะทุ,Püskürme,Phun Trào,喷发,喷发,噴發
Studio.Toolbox.Audio.SoundEffect.Category.Boom,,,Boom,Boom,انفجار,Bumm,Estruendo,Boum,बूम,Bom,Boom,爆発音,쾅 소리,Huk,Bum,,ตูมตาม,Bum,Tiếng Oang Oang,隆隆声,隆隆声,隆隆聲
Studio.Toolbox.Audio.SoundEffect.Category.Chop,,,Chop,Chop,تقطيع,Hacken,Cortar,Couper,चॉप,Memotong,Tagliare,切る音,자르기,Uderzenie,Corte,,สับ,Vuruş,Tiếng Băm Chặt,砍劈,砍劈,劈
Studio.Toolbox.Audio.SoundEffect.Category.Splinter,,,Splinter,Splinter,شظية,Zersplittern,Astillarse,Éclaboussure,स्प्लिंटर,Serpihan,Scheggia,割れる音,쪼개짐,Odłamek,Separação,,แตกเป็นเศษ,Yarılma,Mảnh Vụn,分裂,分裂,碎片
Studio.Toolbox.Audio.SoundEffect.Category.Crack,,,Crack,Crack,صدع,Zerbrechen,Romper,Craquement,क्रैक,Retakan,Cracks,割れる音,갈라짐,Pęknięcie,Rachadura,,แตกร้าว,Çatlama,Vết Nứt,破裂,破裂,裂縫
Studio.Toolbox.Audio.SoundEffect.Category.Shatter,,,Shatter,Shatter,تحطيم,Zerschmettern,Hacer añicos,Briser,चकनाचूर,Hancur Berkeping-keping,Frantumatore,粉砕音,산산조각,Roztrzaskanie się,Despedaçar,,แตกสลาย,Parçalanma,Tiếng Vỡ,碎裂,碎裂,粉碎
Studio.Toolbox.Audio.SoundEffect.Category.Liquid,,,Liquid,Liquid,سائل,Flüssigkeit,Líquido,Liquide,लिक्विड,Cairan,Liquido,水,액체,Ciecz,Líquido,,ของเหลว,Sıvı,Chất Lỏng,液体,液体,液體
Studio.Toolbox.Audio.SoundEffect.Category.Slosh,,,Slosh,Slosh,سيلان,Platschen,Chapoteo,Slosh (éclaboussement),स्लॉश,Cairan Dituang,Slosh,バシャバシャ音,철벅거림(액체),Chlapanie,Slosh,,กระฉอก,Şapırtı,Tiếng Bì Bõm,泼溅,泼溅,晃動
Studio.Toolbox.Audio.SoundEffect.Category.Squish,,,Squish,Squish,سحق,Quetschen,Chapoteo,Écraser,स्क्विश,Meremas,Schiacciare,ピチャピチャ音,으깨짐,Chlupotanie,Espremida,,แจ๋ม,Püskürtme,Tiếng Lóc Cóc,挤压,挤压,擠壓
Studio.Toolbox.Audio.SoundEffect.Category.Drip,,,Drip,Drip,قطرة,Tropfen,Goteo,Goutte,ड्रिप,Tetesan,Goccioline,ポタポタ音,뚝뚝 떨어짐,Kapanie,Gota,,หยด,Damlama,Tiếng Nhỏ Giọt,滴下,滴下,滴
Studio.Toolbox.Audio.SoundEffect.Category.Pour,,,Pour,Pour,صب,Gießen,Verter,Verser,डालो,Menuang,Versare,注ぐ音,쏟아짐,Nalewanie,Derramar,,ริน,Dökme,Tiếng Chảy Tràn,倾倒,倾倒,倒
Studio.Toolbox.Audio.SoundEffect.Category.Gush,,,Gush,Gush,تدفق,Quellen,Chorro,Couler à flots,गश,Menyembur,Sgorgare,噴出音,솟구침,Tryśnięcie,Jorro,,ฉูด,Fışkırma,Phụt ra,涌出,涌出,湧出
Studio.Toolbox.Audio.SoundEffect.Category.Stir,,,Stir,Stir,تحريك,Rühren,Revolver,Mélanger,हलचल,Mengaduk,Mescolare,かき混ぜる音,젓기,Mieszanie,Mistura,,คน,Karıştırma,Khuấy,搅拌,搅拌,攪拌聲
Studio.Toolbox.Audio.SoundEffect.Category.Boiling,,,Boiling,Boiling,غليان,Kochen,Hervir,Ébullition,बॉइलिंग,Mendidih,Bollente,沸騰,끓이기,Wrzenie,Fervura,,การต้ม,Kaynama,Sôi sục,煮沸,煮沸,沸騰
Studio.Toolbox.Audio.SoundEffect.Category.Sonar,,,Sonar,Sonar,سونار,Sonar,Sonar,Sonar,सोनार,Sonar,Sonar,ソナー,소나,Sonar,Sonar,,โซนาร์,Sonar,Sonar,声呐,声呐,聲納
Studio.Toolbox.Audio.SoundEffect.Category.Arrow,,,Arrow,Arrow,سهم,Pfeil,Flecha,Flèche,ऐरो,Anak Panah,Frecce,矢,화살,Strzała,Flecha,,ลูกธนู,Ok,Mũi Tên,箭矢,箭矢,射箭聲
Studio.Toolbox.Audio.SoundEffect.Category.Thunk,,,Thunk,Thunk,صوت ارتطام,Bums,Paf,Coup de poing,थंक,Benda Jatuh,Tonfo,ドスン,툭 하는 소리,Stuknięcie,Baque,,ฉึก,Kütürtü,Tiếng bịch,咚,咚,砰的一聲
Studio.Toolbox.Audio.SoundEffect.Category.Bang,,,Bang,Bang,انفجار,Knall,Estallido,Bang,बैंग,Dor,Bang,バーン,쾅 하는 소리,Trzask,Bang,,ปัง,Bam,Tiếng nổ lớn,巨响,巨响,砰
Studio.Toolbox.Audio.SoundEffect.Category.Bouncing,,,Bouncing,Bouncing,ارتداد,Abprallen,Rebotar,Rebondir,बाउंसिंग,Memantul,Rimbalzando,跳ねる音,튕김,Odbicie,Quicando,,กระเด้ง,Zıplama,Tiếng nảy lên,弹跳,弹跳,彈跳
Studio.Toolbox.Audio.SoundEffect.Category.Whip,,,Whip,Whip,سوط,Peitschen,Azotar,Fouet,व्हिप,Cambuk,Frusta,ピシッ,채찍,Smagnięcie,Chicote,,แส้,Kamçı,Tiếng roi quất,鞭打,鞭打,鞭打
Studio.Toolbox.Audio.SoundEffect.Category.Flap,,,Flap,Flap,رفرفة,Flügelschlag,Aleteo,Flap,फ़्लैप,Kepak,Sbattere,はためく音,퍼덕임,Łopot,Bater de asas,,สะบัด,Dalgalanma,Tiếng vỗ đen đét,拍打,拍打,撲打
Studio.Toolbox.Audio.SoundEffect.Category.Scratch,,,Scratch,Scratch,خدش,Kratzen,Rasguño,Scratch,खरोंच,Garuk,Graffio,ひっかく,할큄,Skrzyp,Arranhão,,ข่วน,Çizme,Tiếng sột soạt,抓,抓,刮擦聲
Studio.Toolbox.Audio.SoundEffect.Category.Scrape,,,Scrape,Scrape,استخراج,Schaben,Arañazo,Grattages,स्क्रेप,Gores,Raschiare,削る音,긁음,Szurgot,Raspagem,,ขูด,Sürtme,Tiếng nạo kèn kẹt,刮,刮,刮擦
Studio.Toolbox.Audio.SoundEffect.Category.Rub,,,Rub,Rub,فرك,Reiben,Frote,Frottement,रब,Gosok,Sfrega,摩擦,문지름,Pocieranie,Esfregar,,ขัด,Sürtünme,Tiếng chà xát,磨擦,磨擦,磨擦
Studio.Toolbox.Audio.SoundEffect.Category.Roll,,,Roll,Roll,تدحرج,Rollen,Rodar,Rouleau,रोल,Gelundung,Rullare,ゴロゴロ音、回転,구름,Toczenie się,Rolar,,กลิ้ง,Yuvarlanma,Tiếng sấm vang rền,滚动,滚动,滾動
Studio.Toolbox.Audio.SoundEffect.Category.Crushing,,,Crushing,Crushing,سحق,Zerquetschen,Aplastar,Broyage,क्रशिंग,Menghancurkan,Frantumare,粉砕音,부숨,Miażdżenie,Esmagando,,การชน,Çarpma,Tiếng nghiền vỡ,压碎,压碎,輾壓
Studio.Toolbox.Audio.SoundEffect.Category.Tearing,,,Tearing,Tearing,تمزيق,Reißen,Desgarre,Déchirure,फाड़ना,Robek,Lacerare,引き裂き音,찢음,Rozrywanie,Rasgando,,การฉีก,Yırtılma,Tiếng xé rách,撕裂,撕裂,撕扯
Studio.Toolbox.Audio.SoundEffect.Category.Ping,,,Ping,Ping,أزيز,Ping,Ping,Ping,पिंग,Ping,Ping,ピーン,"탱, 쨍 소리",Brzęk,Ping,,ปิ๊ง,Çınlama,Tiếng ping,砰砰声,砰砰声,砰
Studio.Toolbox.Audio.SoundEffect.Category.Ding,,,Ding,Ding,رنين,Ding,Ding,Ding,डिंग,Ding,Ding,ゴーン音,쿵 소리(들이받음),Brzdęk,Ding,,ติ๊ง,Tınlama,Tiếng kêu om sòm,叮,叮,叮
Studio.Toolbox.Audio.SoundEffect.Category.Clang,,,Clang,Clang,جلجلة,Clang,Clang,Clang,क्लैंग,Klang,Clang,ガチャガチャ音,땡그랑 소리(금속),Szczęk,Clang,,แกร๊ง,Tıngırdama,Tiếng lanh lảnh,铿锵声,铿锵声,鏗鏘聲
Studio.Toolbox.Audio.SoundEffect.Category.Squeal,,,Squeal,Squeal,صياح,Quietschen,Chillido,Grincement,चीखना,Pekik,Strillo,キーキー声,꽤액 소리,Pisk,Guincho,,เสียงเสียดแหลม,Cırlama,Tiếng kêu ré,尖利噪音,尖利噪音,嘎吱聲
Studio.Toolbox.Audio.SoundEffect.Category.Creak,,,Creak,Creak,صرير,Knarren,Chirrido,Craquement,क्रीक,Derit,Scricchiolare,きしみ音,삐걱거림,Skrzypnięcie,Rangido,,เอี๊ยด,Gıcırtı,Tiếng cọt kẹt,嘎吱声,嘎吱声,咯吱咯吱聲
Studio.Toolbox.Audio.SoundEffect.Category.Rustle,,,Rustle,Rustle,خشخشة,Rascheln,Crujido,Rouille,सरसराहट,Gersik,Fruscio,カサカサ音,바스락거림,Szelest,Farfalhar,,กรอบแกรบ,Hışırdama,Tiếng xào xạc,沙沙声,沙沙声,沙沙聲
Studio.Toolbox.Audio.SoundEffect.Category.Whir,,,Whir,Whir,طنين,Summen,Zumbido,Bruissement,व्हिर,Deru,Vortice,ヒュー音,위잉 소리,Terkot,Chiado,,หวือ,Vızıltı,Tiếng kêu vù vù,呼呼声,呼呼声,颼颼聲
Studio.Toolbox.Audio.SoundEffect.Category.Clatter,,,Clatter,Clatter,قعقعة,Klappern,Repiqueteo,Cliqueter,क्लैटर,Bising,Clamore,カタカタ音,달그락거림,Stukot,Algazarra,,กระทบกัน,Patırtı,Tiếng Loảng Xoảng,咔嗒声,咔嗒声,嘩啦聲
Studio.Toolbox.Audio.SoundEffect.Category.Sizzle,,,Sizzle,Sizzle,أزيز,Brutzeln,Chisporroteo,Grésillements,सिज़ल,Desis Panas,Sfrigolio,ジュワジュワ音,지글거림,Skwierczenie,Fervência,,ฉู่ฉี่,Cızırdama,Tiếng xèo xèo,嘶嘶声,嘶嘶声,嘶嘶聲
Studio.Toolbox.Audio.SoundEffect.Category.Clicking,,,Clicking,Clicking,نقر,Klicken,Chasquido,En cours de clic,क्लिक करना,Mengklik,Cliccando,クリック音,딸깍 소리,Klikanie,Clicando,,แก๊ก,Tıklama,Tiếng nhấp chuột,点击声,点击声,卡嗒聲
Studio.Toolbox.Audio.SoundEffect.Category.Clickety-clack,,,Clickety-clack,Clickety-clack,صوت طرطقة,Klick-klack,"Claqueteo, traqueteo",Clack de clics,क्लिकेटी-क्लैक,Klik-klak,Click-clack,カタカタ音,짤깍짤깍 쏘리,Klekotanie,Clic-clac,,ฉึกฉัก,Klik Klak,Tiếng lộc cộc,咔嗒声,咔嗒声,喀嚓聲
Studio.Toolbox.Audio.SoundEffect.Category.Rumble,,,Rumble,Rumble,قرقرة,Grollen,Gruñido,Vibrations,रंबल,Gemuruh,Rimbombi,ゴロゴロ音,우르릉거림,Dudnienie,Tremor,,ครืน,Gümbürtü,Tiếng Rền,隆隆声,隆隆声,轟隆聲
Studio.Toolbox.Audio.SoundEffect.Category.Plop,,,Plop,Plop,صوت سقوط,Platsch,"Plaf, plof",Plop,प्लॉप,Plop,Plop,ドブン,퐁당 소리,Plusk,Plop,,จ๋อม,Lap,Tiếng rơi tõm,扑通声,扑通声,隆隆聲
Studio.Toolbox.Audio.SoundEffect.Category.Zing,,,Zing,Zing,دندنة,Pfeifen,Silbido,Zing,ज़िंग,Zing,Zing,ヒュー音,쌩쌩 소리,Wizg,Zing,,ฝุบ,Zing,Tiếng rít,尖啸声,尖啸声,尖嘯聲
Studio.Toolbox.Audio.SoundEffect.Category.Boing,,,Boing,Boing,صوت ارتداد,Boing,Boing,Barrière,बोइंग,Boing,Boing,ピョーン,띠용 소리,Boing,Boing,,แป่ว,Boing,Tiếng nảy bật,弹簧声,弹簧声,蹦蹦聲
Studio.Toolbox.Audio.SoundEffect.Category.Crunch,,,Crunch,Crunch,سحق,Knirschen,Crujido,Croquer,क्रंच,Geretak,Scrocchiettare,カリカリ音,으드득 소리,Szelest,Triturar,,บดขยี้,Çatırtı,Tiếng Răng Rắc,碎裂声,碎裂声,咬嚼聲
Studio.Toolbox.Audio.SoundEffect.Category.Silence,,,Silence,Silence,صمت,Ruhe,Silencio,Silence,मौन,Hening,Silenzio,沈黙,침묵,Cisza,Silêncio,,ความเงียบ,Sessizlik,Im lặng,安静无声,安静无声,安靜
Studio.Toolbox.Audio.SoundEffect.Category.Harmonic,,,Harmonic,Harmonic,نغمة توافقية,Harmonisch,Armónica,Harmonique,हार्मोनिक,Harmonis,Armonica,和音,고조파,Harmoniczne,Harmônico,,ประสาน,Harmonik,Hòa âm,和声,和声,口琴
Studio.Toolbox.Audio.SoundEffect.Category.Pulse,,,Pulse,Pulse,نبض,Puls,Pulso,Impulsion,पल्स,Denyut,Polso,パルス,펄스,Pulsowanie,Pulso,,ชีพจร,Dalgalanma,Xung,脉动,脉动,脈搏
Studio.Toolbox.Audio.SoundEffect.Category.Reverberation,,,Reverberation,Reverberation,ارتداد,Nachhall,Reverberación,Réverbération,प्रतिध्वनि,Gaung,Riverbero,残響,반향,Pogłos,Reverberação,,ก้องสะท้อน,Yansıma,Tiếng vang,混响,混响,回響
Studio.Toolbox.Audio.SoundEffect.Category.Echo,,,Echo,Echo,صدى,Echo,Eco,Écho,प्रतिध्वनि,Gema,Eco,エコー,울림,Echo,Eco,,เอ็คโค่,Yankı,Tiếng dội,回音,回音,迴音
Studio.Toolbox.Audio.SoundEffect.Category.Noise,,,Noise,Noise,ضوضاء,Lärm,Ruido,Bruit,शोर,Derau,Rumore,ノイズ,소음,Hałas,Ruído,,เสียงอึกทึก,Gürültü,Tiếng ồn,噪音,噪音,噪音
Studio.Toolbox.Audio.SoundEffect.Category.Sidetone,,,Sidetone,Sidetone,نغمة جانبية,Nebengeräusch,Tono lateral,Sidetone,साइडटोन,Sidetone,Sidetone,側音,측음,Efekt lokalny,Tom lateral,,เสียงข้าง,Yan Ton,Nội âm,侧音,侧音,側音
Studio.Toolbox.Audio.SoundEffect.Category.Cacophony,,,Cacophony,Cacophony,نغمات غير متناغمة,Kakophonie,Cacofonía,Cacophonie,कोलाहल,Hiruk Pikuk,Cacofonia,不協和音,불협화음,Kakofonia,Cacofonia,,ผสมปนเป,Kakofoni,Tiếng lộn xộn chối tai,不和谐音,不和谐音,雜音
Studio.Toolbox.Audio.SoundEffect.Category.Throbbing,,,Throbbing,Throbbing,خفقان,Pochen,Palpitar,Grondement,थ्रॉबिंग,Berdentum-dentum,Pulsare,ドキドキ,두근거림,Dudnienie,Latejamento,,ตุบๆ,Küt Küt,Tiếng đập mạnh,跳动,跳动,悸動
Studio.Toolbox.Audio.SoundEffect.Category.Vibration,,,Vibration,Vibration,اهتزاز,Vibration,Vibración,Vibration,कंपन,Getaran,Vibrazioni,振動,진동,Wibracja,Vibração,,การสั่น,Titreşim,Tiếng rung lắc,振动,振动,震動
Studio.Toolbox.Audio.SoundEffect.Category.Television,,,Television,Television,تلفزيون,Fernseher,Televisión,Téléviseur,टेलीविज़न,Televisi,Tv,テレビ,텔레비전,Telewizor,Televisão,,โทรทัศน์,Televizyon,Truyền Hình,电视,电视,電視
Studio.Toolbox.Dropdown.ChooseOne,,,Choose one,Choose one,اختر واحدًا,Wähle eins,Elegir uno,En choisir un(e),कोई एक चुनें,Pilih satu,Scegline uno,一つ選ぶ,선택하세요,Wybierz jedną opcję,Escolha um,,เลือกหนึ่งรายการ,Birini seç,Chọn một,选择一个,选择一个,請擇一
Studio.Toolbox.General.AssetTypeTorso,,,Torso,Torso,الجزء العلوي للجسم,Oberkörper,Torso,Torse,टॉर्सो,Badan,Torso,胴体,몸통,Korpus,Tronco,,ลำตัว,Gövde,Thân,躯干,躯干,軀幹
Studio.Toolbox.General.AssetTypeRightArm,,,Right Arm,Right Arm,اليد اليمنى,Rechter Arm,Brazo derecho,Bras droit,दायाँ हाथ,Lengan Kanan,Braccio destro,右腕,오른팔,Prawa ręka,Braço direito,,แขนขวา,Sağ Kol,Tay Phải,右臂,右臂,右臂
Studio.Toolbox.General.AssetTypeLeftArm,,,Left Arm,Left Arm,اليد اليسرى,Linker Arm,Brazo izquierdo,Bras gauche,बायाँ हाथ,Lengan Kiri,Braccio sinistro,左腕,왼팔,Lewa ręka,Braço esquerdo,,แขนซ้าย,Sol Kol,Tay Trái,左臂,左臂,左臂
Studio.Toolbox.General.AssetTypeLeftLeg,,,Left Leg,Left Leg,الرجل اليسرى,Linkes Bein,Pierna izquierda,Jambe gauche,बायाँ पैर,Kaki Kiri,Gamba sinistra,左足,왼 다리,Lewa noga,Perna esquerda,,ขาซ้าย,Sol Bacak,Chân Trái,左腿,左腿,左腿
Studio.Toolbox.General.AssetTypeRightLeg,,,Right Leg,Right Leg,الرجل اليمنى,Rechtes Bein,Pierna derecha,Jambe droite,दायाँ पैर,Kaki Kanan,Gamba destra,右足,오른 다리,Prawa noga,Perna direita,,ขาขวา,Sağ Bacak,Chân Phải,右腿,右腿,右腿
Studio.Toolbox.General.AssetTypeDynamicHead,,,Dynamic Head,Dynamic Head,رأس ديناميكي,Dynamischer Kopf,Cabeza dinámica,Tête dynamique,डायनैमिक हेड,Kepala Dinamis,Testa Dinamica,動く頭,다이내믹 헤드,Głowa dynamiczna,Cabeça dinâmica,,ศีรษะไดนามิก,Dinamik Kafa,Đầu Hiệu Ứng Động,动态头部,动态头部,動態臉部
Studio.Toolbox.General.AssetTypeEyebrowAccessory,,,Eyebrow Accessory,Eyebrow Accessory,أكسسوار الحواجب,Augenbrauen-Accessoire,Accesorio de ceja,Accessoire pour sourcil,आइब्रो ऐक्सेसरी,Aksesori Alis,Accessorio Sopracciglio,眉用アクセサリ,눈썹 장신구,Akcesorium – brwi,Acessório de sobrancelha,,ไอเท็มเสริมคิ้ว,Kaş Aksesuarı,Phụ Kiện Lông Mày,眉毛配件,眉毛配件,眉毛配件
Studio.Toolbox.General.AssetTypeEyelashAccessory,,,Eyelash Accessory,Eyelash Accessory,أكسسوار للأهداب,Wimpern-Accessoire,Accesorio de pestaña,Accessoire cils,आइलैश ऐक्सेसरी,Aksesori Bulu Mata,Accessorio Ciglia,まつげ用アクセサリ,속눈썹 장신구,Akcesorium – rzęsy,Acessório de cílio,,ไอเท็มเสริมขนตา,Kirpik Aksesuarı,Phụ Kiện Lông Mi,睫毛配件,睫毛配件,睫毛配件
Studio.Toolbox.Audio.SoundEffect.Category.Child_speech_kid_speaking,,,"Child speech, kid speaking","Child speech, kid speaking",كلام الطفل، حديث الطفل,"Kindersprache, Kind spricht","Discurso infantil, hablante infantil","Parole d'enfant, enfant qui parle","चाइल्ड स्पीच, किड स्पीकिंग","Kata-kata anak, anak berbicara","Voce bambino, bambino che parla",子どもの話し声,"어린이 연설, 어린이 말",Dźwięki dziecięcej mowy,"Fala infantil, criança falando",,เด็กพูด,"Çocuk konuşması, konuşan çocuk","Giọng trẻ em, trẻ đang nói",孩子说话声,孩子说话声,兒童說話聲音
Studio.Toolbox.Audio.SoundEffect.Category.Narration_monologue,,,"Narration, monologue","Narration, monologue",السرد، المونولوج,"Erzählung, Monolog","Narración, monólogo","Narration, monologue","नरेशन, मोनोलॉग","Narasi, monolog","Narrazione, monologo",ナレーション、モノローグ,"내레이션, 독백","Narracja, monolog","Narração, monólogo",,"การบรรยาย, การพูดคนเดียว","Anlatım, monolog","Lời kể, độc thoại",旁白,旁白,旁白、獨白
Studio.Toolbox.Audio.SoundEffect.Category.Speech_synthesizer,,,Speech synthesizer,Speech synthesizer,مُركِّب الكلام,Sprachsynthesizer,Sintetizador de voz,Synthétiseur vocal,स्पीच सिंथेसाइज़र,Penyintesis wicara,Sintetizzatore vocale,合成音声,음성 합성기,Syntezator mowy,Sintetizador de fala,,การสังเคราะห์เสียงพูด,Konuşma sentezleyici,Bộ tổng hợp giọng nói,语音合成器,语音合成器,語音合成器
Studio.Toolbox.Audio.SoundEffect.Category.Children_shouting,,,Children shouting,Children shouting,صراخ الأطفال,Kinder brüllen,Niños gritando,Enfants qui crient,चिल्लाने हुए बच्चे,Anak berteriak,Bambini che gridano,子どもの叫び声,어린이 고함 소리,Dziecięce krzyki,Gritos de crianças,,การตะโกนของเด็ก,Çocuk bağırtısı,Trẻ em la hét,孩子大叫声,孩子大叫声,兒童喊叫
Studio.Toolbox.Audio.SoundEffect.Category.Baby_laughter,,,Baby laughter,Baby laughter,ضحك الأطفال,Babygelächter,Risa de bebé,Rire de bébé,बेबी की हँसी,Bayi tertawa,Risate bambini,赤ちゃんの笑い声,아기 웃음,Śmiech małego dziecka,Riso de bebê,,ทารกหัวเราะ,Bebek gülüşü,Tiếng cười của em bé,婴儿笑声,婴儿笑声,嬰兒笑聲
Studio.Toolbox.Audio.SoundEffect.Category.Belly_laugh,,,Belly laugh,Belly laugh,ضحك من أعماق البطن,Herzhaftes Lachen,Reírse a carcajadas,Rire du ventre,बेली की हँसी,Tawa perut,Risata grassa,高笑い,껄껄 웃음,Serdeczny śmiech,Riso alto,,หัวเราะลั่น,Kahkaha,Cười vỡ bụng,捧腹大笑,捧腹大笑,大笑
Studio.Toolbox.Audio.SoundEffect.Category.Chuckle_chortle,,,"Chuckle, chortle","Chuckle, chortle",ضحك خافت، ضحك مكتوم,"Unterdrücktes Lachen, Glucksen","Reírse entre dientes, sofocar la risa","Glousser, rouspéter","चकल, चोर्टल",Tertawa kecil,"Ridacchiare, brontolare",フフッ,"쿡쿡, 깔깔 웃음","Chichot, rechot",Riso médio,,หัวเราะหึๆ,"Kıkırdama, kahkaha","Cười khúc khích, cười khùng khục",咯咯笑,咯咯笑,輕笑
Studio.Toolbox.Audio.SoundEffect.Category.Crying_sobbing,,,"Crying, sobbing","Crying, sobbing",بكاء، نحيب,"Weinen, schluchzen","Llorar, sollozar","Pleurer, sangloter","रोना, सिसकना","Menangis, tersedu-sedu","Piangere, singhiozzare",泣き声,"울음, 흐느낌","Płacz, szlochanie","Chorando, soluçando",,สะอื้นไห้,"Ağlama, bağırma","Khóc, thổn thức",哭、啜泣,哭、啜泣,啜泣
Studio.Toolbox.Audio.SoundEffect.Category.Baby_cry_infant_cry,,,"Baby cry, infant cry","Baby cry, infant cry",بكاء الأطفال، بكاء الرضّع,"Babygeschrei, Säuglingsgeschrei","Llanto de bebé, llanto infantil","Pleurs de bébé, pleurs d'enfant","बेबी का रोना, शिशु का रोना",Tangisan bayi,"Pianto per neonati, pianto per bambini",赤ちゃん・幼児の泣き声,"아기 울음, 영아 울음",Płacz małego dziecka,"Choro de bebê, choro de criança",,ทารกร้อง,"Bebek ağlaması, ağlayan bebek","Em bé khóc, trẻ sơ sinh khóc",婴儿哭泣,婴儿哭泣,嬰兒啼哭
Studio.Toolbox.Audio.SoundEffect.Category.Wail_moan,,,"Wail, moan","Wail, moan",النحيب، التذمر,"Heulen, stöhnen",Gemido,"Se plaindre, gémir","विलाप करना, शोक करना","Raungan, ratapan","Lamenti, gemiti",泣き声、うめき声,"통곡, 신음","Zawodzenie, wycie",Gemido,,"ร้องไห้, ครวญคราง","Ağlama, inleme","Tiếng khóc thét, tiếng rền rĩ",哀号、呻吟,哀号、呻吟,呻吟痛哭
Studio.Toolbox.Audio.SoundEffect.Category.Child_singing,,,Child singing,Child singing,غناء الأطفال,Kindesgesang,Niño cantando,Enfant qui chante,बच्चे का गाना,Anak bernyanyi,Canto bambino,子どもの歌声,어린이 노래,Dziecięcy śpiew,Criança cantando,,เด็กร้องเพลง,Şarkı söyleyen çocuk,Trẻ em hát,孩子唱歌声,孩子唱歌声,兒童唱歌
Studio.Toolbox.Audio.SoundEffect.Category.Synthetic_singing,,,Synthetic singing,Synthetic singing,غناء اصطناعي,Synthetischer Gesang,Canto sintético,Chant synthétique,सिंथेटिक सिंगिंग,Nyanyian sintetis,Canzone di sintesi vocale,合成音声の歌声,음성 합성 노래,Śpiew syntetyczny,Canção sintética,,เสียงร้องเพลงสังเคราะห์,Sentetik şarkı,Giọng hát nhân tạo,合成歌声,合成歌声,合成歌曲
Studio.Toolbox.Audio.SoundEffect.Category.Throat_clearing,,,Throat clearing,Throat clearing,نحنحة,Geräusper,Despeje de garganta,S'éclaircir la gorge,थ्रोट क्लियरिंग,Berdeham,Schiarimento della gola,咳ばらい,헛기침,Odchrząknięcie,Limpeza de garganta,,กลั้วคอ,Boğaz temizleme,Tiếng hắng giọng,清嗓,清嗓,喉嚨清理聲
Studio.Toolbox.Audio.SoundEffect.Category.Walk_footsteps,,,"Walk, footsteps","Walk, footsteps",المشي، خطوات,"Gehen, Schritte","Caminata, pisada","Marcher, bruit de pas","वॉक, फ़ूटस्टेप्स","Berjalan, langkah kaki","Camminare, passi",足音,"걷기, 발걸음","Chodzenie, kroki","Caminhada, passos",,"เดิน, ฝีเท้า","Yürüme, ayak sesleri","Đi bộ, bước chân",脚步声,脚步声,腳步聲
Studio.Toolbox.Audio.SoundEffect.Category.Chewing_mastication,,,"Chewing, mastication","Chewing, mastication",مضغ، قضم,Kauen,"Masticar, masticación","Mastication, mâcher du chewing-gum","चबाना, मैस्टिकेशन",Mengunyah,"Masticazione, ruminare",咀嚼音,씹는 소리,"Żucie, przeżuwanie",Mastigando,,การเคี้ยว,"Çiğneme, geviş getirme",Nhai,咀嚼声,咀嚼声,咀嚼聲
Studio.Toolbox.Audio.SoundEffect.Category.Stomach_rumble,,,Stomach rumble,Stomach rumble,قرقرة المعدة,Magenknurren,Gruñido estomacal,Bruits d'estomac,स्‍टमक रम्बल,Perut keroncongan,Rumori di stomaco,おなかが鳴る音,뱃속 꿀렁거림,Burczenie w brzuchu,Barulho de estômago,,ท้องร้อง,Karın gurultusu,Tiếng bụng cồn cào,肚子咕噜声,肚子咕噜声,肚子咕噥聲
Studio.Toolbox.Audio.SoundEffect.Category.Burping_eructation,,,"Burping, eructation","Burping, eructation",تجشؤ، تكريعة,"Rülpsen, Aufstoßen","Eructar, eructo","Rôts, régurgitations","बर्पिंग, एरक्टेशन",Serdawa,"Rutto, eruttazione",げっぷ,트림,"Bekanie, odbijanie się",Arroto,,การเรอ,"Öğürme, geğirme","Ợ hơi, khạc nhổ",打嗝,打嗝,打嗝聲
Studio.Toolbox.Audio.SoundEffect.Category.Finger_snapping,,,Finger snapping,Finger snapping,قرع الأصابع,Fingerschnippen,Chasquido de dedos,Claquement de doigts,फ़िंगर स्नैपिंग,Jentikan jari,Schiocco delle dita,指パッチン,핑거 스냅,Pstrykanie palcami,Estalar de dedo,,การดีดนิ้ว,Parmak şıklatma,Búng tay,打响指,打响指,彈指
Studio.Toolbox.Audio.SoundEffect.Category.Heart_sounds_heartbeat,,,"Heart sounds, heartbeat","Heart sounds, heartbeat",أصوات القلب، ضربات القلب,"Herzgeräusche, Herzschlag","Sonidos del corazón, latido del corazón","Bruits du cœur, battements du cœur","दिल की आवाज़, दिल की धड़कन","Suara jantung, detak jantung","Suoni cardiaci, battito cardiaco",心臓の音,심장 박동,"Odgłosy serca, bicie serca","Sons de coração, pulso",,เสียงหัวใจเต้น,"Kalp sesleri, kalp atışı","Âm thanh tim, nhịp tim",心跳,心跳,心臟聲音、心跳聲
Studio.Toolbox.Audio.SoundEffect.Category.Heart_murmur,,,Heart murmur,Heart murmur,نفخة قلبية,Herzgeräusch,Soplo cardiaco,Souffle cardiaque,दिल की बड़बड़ाहट,Suara jantung yang tidak biasa,Soffio al cuore,心雑音,심장 잡음,Szmery sercowe,Murmúrio de coração,,เสียงฟู่ของหัวใจ,Üfürüm,Tiếng thì thầm của tim,心脏杂音,心脏杂音,心臟雜音
Studio.Toolbox.Audio.SoundEffect.Category.Hubbub_speech_noise_speech_babble,,,"Hubbub, speech noise, speech babble","Hubbub, speech noise, speech babble",ضجيج، ضوضاء الكلام، ثرثرة الكلام,"Hubbub, Sprachgeräusche, Geschwätz","Alboroto, bullicio, parloteo","Brouhaha, bruit de parole, babillage","हबबब, स्पीच का शोर, स्पीच बबल","Keriuhan, suara bicara, celoteh","Frastuono, rumore di voci, balbettio vocale",がやがや、ふきだし,왁자지껄,"Wrzawa, odgłosy rozmów, gwar",Barulho de conversa,,"เสียงอื้ออึง, เสียงพูด, พูดเรื่อยเปื่อย","Velvele, sohbet gürültüsü, konuşma","Huyên náo, nhiễu giọng nói, nói lắp bắp",嘈杂声,嘈杂声,嘈雜聲、語音雜音、語音嬉戲
Studio.Toolbox.Audio.SoundEffect.Category.Children_playing,,,Children playing,Children playing,لعب الأطفال,Spielende Kinder,Niños jugando,Enfants qui jouent,बच्चों के खेलने की आवाज़,Anak bermain,Bambini che giocano,子どもの遊び声,아이들 노는 소리,Bawiące się dzieci,Crianças brincando,,การเล่นกันของเด็ก,Çocukların oynayışı,Trẻ em đang chơi,孩子嬉戏声,孩子嬉戏声,兒童遊戲
Studio.Toolbox.Audio.SoundEffect.Category.Domestic_animals_pets,,,"Domestic animals, pets","Domestic animals, pets",الحيوانات الأليفة، الحيوانات المستأنسة,Haustiere,"Animales domésticos, mascotas","Animaux domestiques, animaux de compagnie","घरेलू जानवर, पेट्स","Hewan domestik, peliharaan","Animali domestici, animali da compagnia",ペット,"가축, 애완동물",Zwierzęta domowe,"Animais domésticos, mascotes",,"ปศุสัตว์, สัตว์เลี้ยง","Evcil hayvanlar, ev hayvanları","Vật nuôi trong nhà, thú cưng",家畜、宠物,家畜、宠物,家畜、寵物
Studio.Toolbox.Audio.SoundEffect.Category.Whimper_(dog),,,Whimper (dog),Whimper (dog),أنين (كلب),Winseln (Hund),Quejido (de perro),Gémissement (chien),व्हिम्पर (कुत्ता),Kaing (anjing),Piagnucolio (cane),クンクン声（犬）,낑낑거림(강아지),Skomlenie (pies),Choro (cachorro),,ร้องหงิง (สุนัข),Sızlanma (köpek),Tiếng rên rỉ (chó),呜咽（狗）,呜咽（狗）,嗚咽（狗）
Studio.Toolbox.Audio.SoundEffect.Category.Livestock_farm_animals_working_animals,,,"Livestock, farm animals, working animals","Livestock, farm animals, working animals",الماشية، حيوانات المزرعة، حيوانات العمل,"Vieh, Nutztiere, Arbeitstiere","Ganado, animales de granja, animales de trabajo","Élevage, animaux de ferme, animaux de travail","पशुधन, खेत वाले जानवर, काम करने वाले जानवर","Hewan ternak, hewan peternakan, hewan pekerja","Animali da allevamento, animali da lavoro",家畜,"가축, 농장의 동물","Zwierzęta gospodarskie, zwierzęta pracujące","Gado, animais de fazenda, animais de trabalho",,"ปศุสัตว์, สัตว์ในฟาร์ม, สัตว์บรรทุก","Besi hayvanları, çiftlik hayvanları, koşum hayvanları","Gia súc, động vật trong nông trại, động vật làm việc",牲畜,牲畜,牲畜、農場動物、勞力動物
Studio.Toolbox.Audio.SoundEffect.Category.Neigh_whinny,,,"Neigh, whinny","Neigh, whinny",صهيل، حمحمة,Wiehern,Relincho,Hennissement,"हिनहिनाना, विनी",Ringkik,Nitrito di cavallo,いななき,말 울음소리,Rżenie,Relincho,,ฮี่ฮี่,"Kişneme, at sesi",Tiếng hí,马嘶声,马嘶声,嘶鳴聲、嘶嘶聲
Studio.Toolbox.Audio.SoundEffect.Category.Cattle_bovinae,,,"Cattle, bovinae","Cattle, bovinae",الماشية، البقر,Rinder,Ganado bovino,Bovins. troupeau,"कैटल, बोवीने","Sapi, bovinae",Bovini e bovini,ウシ,소,Bydło,"Gado, bois",,โคกระบือ,"Büyükbaş, sığır","Gia súc, trâu bò",牛、牛亚科,牛、牛亚科,牛科動物
Studio.Toolbox.Audio.SoundEffect.Category.Chicken_rooster,,,"Chicken, rooster","Chicken, rooster",دجاجة، ديك,"Huhn, Hahn","Pollo, gallo","Poulet, coq","चिकन, मुर्गा","Ayam, ayam jago","Pollo, gallo",ニワトリ、おんどり,"닭, 수탉","Kura, kogut","Galinha, galo",,ไก่,"Tavuk, horoz","Gà, gà trống",鸡,鸡,雞、公雞
Studio.Toolbox.Audio.SoundEffect.Category.Crowing_cock-a-doodle-doo,,,"Crowing, cock-a-doodle-doo","Crowing, cock-a-doodle-doo",صياح، كوكو كوكو,"Krähen, Kikeriki","Cacareo, quiquiriquí",Le chant du coq,"क्रोइंग, कॉक-अ-डूडल-डू","Keriuk, kokok","Canto del gallo, chicchirichì",コケコッコー,꼬끼오,"Pianie, kukuryku","Canto do galo, cocoricó",,"การขัน, เอ้ก-อี-เอ้ก-เอ้ก","Ötme, horoz sesi",Tiếng gà gáy,公鸡啼叫,公鸡啼叫,啼叫、咕咕嘟嘟 (公雞啼叫聲)
Studio.Toolbox.Audio.SoundEffect.Category.Wild_animals,,,Wild animals,Wild animals,الحيوانات البرية,Wilde Tiere,Animales salvajes,Animaux sauvages,जंगली जानवर,Hewan liar,Animali selvatici,野生動物,야생 동물,Dzikie zwierzęta,Animais selvagens,,สัตว์ป่า,Vahşi hayvanlar,Động vật hoang dã,野生动物,野生动物,野生動物
Studio.Toolbox.Audio.SoundEffect.Category.Roaring_cats_(lions_tigers),,,"Roaring cats (lions, tigers)","Roaring cats (lions, tigers)",زئير القطط (الأسود والنمور),"Brüllende Katzen (Löwen, Tiger)","Felinos rugientes (leones, tigres)","Félins rugissants (lions, tigres)","गरजने वाली बिल्लियाँ (शेर, बाघ)","Kucing mengaum (singa, harimau)","Felini ruggenti (leoni, tigri)",吠え声（ライオン、トラ）,"포효하는 고양이(사자, 호랑이)","Ryczące koty (lwy, tygrysy)","Felinos rugindo (leões, tigres)",,ขู่คำราม (สิงโตและเสือ),"Kedigil kükremesi (aslan, kaplan)","Tiếng gầm gừ (sư tử, hổ)",咆哮的猫科动物（狮子、老虎）,咆哮的猫科动物（狮子、老虎）,貓科咆哮（獅子、老虎）
Studio.Toolbox.Audio.SoundEffect.Category.Bird_vocalization_bird_call_bird_song,,,"Bird vocalization, bird call, bird song","Bird vocalization, bird call, bird song",نطق الطيور، نداء الطيور، أغنية الطيور,"Vogelstimmen, Vogelruf, Vogelgesang","Vocalización de aves, llamada de aves, canción de pájaros","Vocalisation des oiseaux, appel des oiseaux, chant des oiseaux","बर्ड वोकलाइज़ेशन, बर्ड कॉल, बर्ड सॉन्ग","Suara burung, kicau burung, nyanyian burung","Vocalizzazione uccelli, canzone uccelli",鳥の鳴き声、鳥の歌,"새소리, 지저귐","Głosy ptaków, śpiew ptaków","Vocalização de pássaro, chamada de pássaro, canção de pássaro",,"เสียงนกร้อง, เสียงเพลงนก","Kuş sesleri, cıvıltı, ötüş","Tiếng chim kêu, tiếng chim gọi bầy, bài hát của chim",鸟类鸣叫、鸣唱声,鸟类鸣叫、鸣唱声,鳥類發聲、鳥叫、鳥鳴
Studio.Toolbox.Audio.SoundEffect.Category.Chirp_tweet,,,"Chirp, tweet","Chirp, tweet",’زقزقة، تغريد,"Zirpen, Zwitschern",Pío,"Gazouiller, pépier","चर्प, ट्वीट","Kicau, ciak",Cinguettio,ピーピー,짹짹,"Ćwierkanie, świergot",Piado,,"เจี๊ยบ, จิ๊บ","Cıvıldama, cikleme","Chiêm chiếp, ríu rít",啾啾声,啾啾声,嘰嘰喳喳、啾啾聲
Studio.Toolbox.Audio.SoundEffect.Category.Pigeon_dove,,,"Pigeon, dove","Pigeon, dove",الحمام، الحمامة,Taube,Paloma,"Pigeon, colombe","कबूतर, डोव","Burung dara, merpati","Piccione, colomba",ハト,비둘기,"Gołąb, gołębica",Pombo,,นกพิราบ,"Güvercin, kumru",Chim bồ câu,鸽子,鸽子,鴿子
Studio.Toolbox.Audio.SoundEffect.Category.Bird_flight_flapping_wings,,,"Bird flight, flapping wings","Bird flight, flapping wings",طيران الطيور، رفرفة الأجنحة,"Vogelflug, flatternde Flügel","Vuelo de aves, aleteo de alas","Vol d'oiseau, battements d'ailes","बर्ड फ़्लाइट, फ़्लैपिंग विंग्स","Burung terbang, kepak sayap","Volo d’uccello, ali sbattute",鳥が羽ばたく音,"조류 비행, 퍼덕이는 날개","Latające ptaki, trzepot skrzydeł","Voo de pássaro, batendo asas",,"นกบิน, การสยายปีก","Kuş uçuşu, kanat çırpma","Chim bay, vỗ cánh",鸟类飞行、拍动翅膀,鸟类飞行、拍动翅膀,鳥類飛行、拍翅聲
Studio.Toolbox.Audio.SoundEffect.Category.Canidae_dogs_wolves,,,"Canidae, dogs, wolves","Canidae, dogs, wolves",الفصيلة الكلبية، الكلاب، الذئاب,"Hunde, Wölfe","Cánido, perros, lobos","Canidés, chiens, loups","कैनिडे, कुत्तों, भेड़ियों","Canidae, anjing, serigala","Canini, cani, lupi",イヌ科、オオカミ,"들개, 개, 늑대","Psowate, psy, wilki","Caninos, cachorros, lobos",,"สุนัข, หมาป่า","Köpekgiller, köpekler, kurtlar","Họ chó, chó, sói",犬科、狗、狼,犬科、狗、狼,犬科動物、狗、狼
Studio.Toolbox.Audio.SoundEffect.Category.Rodents_rats_mice,,,"Rodents, rats, mice","Rodents, rats, mice",القوارض، الجرذان، الفئران,"Nagetiere, Ratten, Mäuse","Roedores, ratas, ratones","Rongeurs, rats, souris","रोडेंट, चूहे, मूस","Hewan pengerat, tikus, mencit","Roditori, ratti, topi",げっ歯類、ネズミ、マウス,"설치류, 들쥐, 생쥐","Gryzonie, szczury, myszy","Roedores, ratos, camundongos",,"สัตว์ฟันแทะ, หนู","Kemirgenler, sıçanlar, fareler","Động vật gặm nhấm, chuột cống, chuột nhắt",啮齿动物、老鼠,啮齿动物、老鼠,囓齒動物、大老鼠、小老鼠
Studio.Toolbox.Audio.SoundEffect.Category.Fly_housefly,,,"Fly, housefly","Fly, housefly",ذبابة، ذبابة منزلية,"Fliege, Stubenfliege","Mosca, mosca doméstica","Moucheron, mouche","फ़्लाई, हाउसफ़्लाई","Lalat, lalat rumah",Mosca,ハエ,파리,"Mucha, mucha domowa",Mosca,,"แมลงหวี่, แมลงวัน","Sinekler, karasinekler","Ruồi, ruồi nhà",苍蝇,苍蝇,飛蠅、家蠅
Studio.Toolbox.Audio.SoundEffect.Category.Bee_wasp_etc.,,,"Bee, wasp, etc.","Bee, wasp, etc.",نحلة، دبور، إلخ.,"Biene, Wespe usw.","Abeja, avispa, etc.","Abeille, guêpe, etc.","मधुमक्खी, ततैया, आदि","Lebah, tawon, dsb.","Ape, vespa, ecc.",ハチ類,"꿀벌, 말벌 등","Pszczoła, osa itp.","Abelha, vespa, etc.",,"ผึ้ง, แตน ฯลฯ","Arı, yaban arısı vb.","Ong, ong bắp cày...",蜜蜂、黄蜂等,蜜蜂、黄蜂等,蜜蜂、黃蜂等等
Studio.Toolbox.Audio.SoundEffect.Category.Whale_vocalization,,,Whale vocalization,Whale vocalization,نطق الحوت,Walgesang,Vocalización de ballenas,Chant de la baleine,व्हेल वोकलाइज़ेशन,Suara paus,Vocalizzazione balena,クジラの鳴き声,고래 울음소리,Głosy wielorybów,Vocalização de baleia,,เสียงวาฬ,Balina sesleri,Tiếng của cá voi,鲸歌,鲸歌,鯨魚的聲音
Studio.Toolbox.Audio.SoundEffect.Category.Musical_instrument,,,Musical instrument,Musical instrument,آلة موسيقية,Musikinstrument,Instrumento musical,Instruments de musique,म्यूज़िकल इंस्ट्रूमेंट,Instrumen musik,Strumento musicale,楽器,악기,Instrument muzyczny,Instrumento musical,,เครื่องดนตรี,Enstrümanlar,Nhạc cụ,乐器,乐器,樂器
Studio.Toolbox.Audio.SoundEffect.Category.Plucked_string_instrument,,,Plucked string instrument,Plucked string instrument,آلة وترية مقطوعة,Gezupftes Saiteninstrument,Instrumento de cuerda punteada,Instrument à cordes pincées,प्लक्ड स्ट्रिंग इंस्ट्रूमेंट,Instrumen senar petik,Strumento a corde pizzicate,弦楽器,발현악기,Instrument strunowy szarpany,Toque em corda de instrumento,,เครื่องดนตรีสายดีด,Tırnakla çalınan yaylı enstrüman,Dụng cụ dây gảy,拨弦乐器,拨弦乐器,撥弦樂器
Studio.Toolbox.Audio.SoundEffect.Category.Electric_guitar,,,Electric guitar,Electric guitar,جيتار كهربائي,E-Gitarre,Guitarra eléctrica,Guitare électrique,इलेक्ट्रिक गिटार,Gitar listrik,Chitarra elettrica,エレキギター,전자 기타,Gitara elektryczna,Guitarra elétrica,,กีตาร์ไฟฟ้า,Elektrogitar,Guitar điện,电吉他,电吉他,電吉他
Studio.Toolbox.Audio.SoundEffect.Category.Bass_guitar,,,Bass guitar,Bass guitar,جيتار الباس,Bassgitarre,Bajo,Guitare basse,बेस गिटार,Gitar bas,Chitarra basso,ベースギター,베이스 기타,Gitara basowa,Baixo,,กีตาร์เบส,Basgitar,Guitar bass,低音吉他,低音吉他,貝斯
Studio.Toolbox.Audio.SoundEffect.Category.Acoustic_guitar,,,Acoustic guitar,Acoustic guitar,جيتار صوتي,Akustikgitarre,Guitarra acústica,Guitare acoustique,अकूस्टिक गिटार,Gitar akustik,Chitarra acustica,アコースティックギター,어쿠스틱 기타,Gitara akustyczna,Violão,,กีตาร์อคูสติก,Akustik gitar,Guitar mộc,原声吉他,原声吉他,原聲吉他
Studio.Toolbox.Audio.SoundEffect.Category.Steel_guitar_slide_guitar,,,"Steel guitar, slide guitar","Steel guitar, slide guitar",جيتار فولاذي، جيتار منزلق,"Westerngitarre, Slide-Gitarre","Guitarra de acero, guitarra de deslizamiento","Guitare métal, guitare slide","स्टील गिटार, स्लाइड गिटार","Gitar baja, slide guitar",Chitarra in acciaio,スティール・ギター、スライドギター,"스틸 기타, 슬라이드 기타","Gitara stalowa, gitara hawajska, slide",Guitarra aço,,"กีตาร์เหล็ก, กีตาร์สไลด์","Çelik gitar, slide gitar","Guitar thép, guitar trượt",夏威夷吉他、滑音管吉他,夏威夷吉他、滑音管吉他,鋼棒吉他、滑音管吉他
Studio.Toolbox.Audio.SoundEffect.Category.Tapping_(guitar_technique),,,Tapping (guitar technique),Tapping (guitar technique),النقر (تقنية الجيتار),Tapping (Gitarrentechnik),Toque (técnica de guitarra),Tapping (technique de guitare),टैपिंग (गिटार की तकनीक),Tapping (teknik gitar),Tap (tecnica della chitarra),タッピング（ギター奏法）,태핑(기타 테크닉),Tapping (technika gry na gitarze),Tapping (técnica de guitarra),,การแท็ป (เทคนิคการเล่นกีตาร์),Tapping (gitar tekniği),Gõ (kỹ thuật guitar),敲击（吉他技巧）,敲击（吉他技巧）,點弦（吉他技巧）
Studio.Toolbox.Audio.SoundEffect.Category.Keyboard_(musical),,,Keyboard (musical),Keyboard (musical),لوحة المفاتيح (موسيقية),Keyboard (musikalisch),Teclado (músical),Clavier (musical),की-बोर्ड (म्यूज़िकल),Keyboard (musik),Tastiera (musicale),キーボード （音楽用）,키보드(악기),Keyboard (muzyczne),Teclado (musical),,คีย์บอร์ด (ดนตรี),Klavye (müzik),Nhạc cụ điện tử (nhạc cụ),键盘（音乐）,键盘（音乐）,鍵盤（樂器）
Studio.Toolbox.Audio.SoundEffect.Category.Electric_piano,,,Electric piano,Electric piano,بيانو كهربائي,E-Piano,Piano eléctrico,Piano électrique,इलेक्ट्रिक पियानो,Piano listrik,Piano elettrico,電子ピアノ,전자 피아노,Pianino elektryczne,Piano elétrico,,เปียโนไฟฟ้า,Elektrikli piyano,Piano điện,电钢琴,电钢琴,電鋼琴
Studio.Toolbox.Audio.SoundEffect.Category.Electronic_organ,,,Electronic organ,Electronic organ,أورغن إلكتروني,Elektronische Orgel,Órgano electrónico,Organe électronique,इलेक्ट्रॉनिक ऑर्गन,Organ listrik,Organo elettronico,エレクトーン,전자 오르간,Organy elektroniczne,Órgão eletrônico,,ออร์แกนไฟฟ้า,Elektrikli org,Đàn organ điện tử,电子管风琴,电子管风琴,電風琴
Studio.Toolbox.Audio.SoundEffect.Category.Hammond_organ,,,Hammond organ,Hammond organ,أورغن هاموند,Hammondorgel,Órgano Hammond,Orgue de barbarie,हैमंड ऑर्गन,Organ Hammond,Organo Hammond,ハモンドオルガン,해먼드 오르간,Organy Hammonda,Órgão de Hammond,,ออร์แกนแฮมมอนด์,Hammond org,Đàn organ hammond,哈蒙德电子管风琴,哈蒙德电子管风琴,哈蒙德風琴
Studio.Toolbox.Audio.SoundEffect.Category.Drum_kit,,,Drum kit,Drum kit,مجموعة الطبول,Schlagzeug,Batería,Kit de batterie,ड्रम किट,Set drum,Kit tamburo,ドラムセット,드럼 키트,Perkusja,Bateria,,กลองชุด,Davul takımı,Bộ trống,爵士鼓,爵士鼓,爵士鼓
Studio.Toolbox.Audio.SoundEffect.Category.Drum_machine,,,Drum machine,Drum machine,آلة الطبول,Drumcomputer,Máquina de tambor,Batterie,ड्रम मशीन,Mesin drum,Batteria elettronica,ドラムマシン,드럼 머신,Automat perkusyjny,Bateria eletrônica,,ดรัมแมชชีน,Davul makinesi,Bộ trống điện tử,电子鼓,电子鼓,鼓機
Studio.Toolbox.Audio.SoundEffect.Category.Snare_drum,,,Snare drum,Snare drum,طبل مطوّق,Kleine Trommel,Caja,Caisse,स्नेयर ड्रम,Snare drum,Tamburo rullante,スネアドラム,스네어 드럼,Bęben mały,Caixa,,กลองสแนร์,Trampet,Trống dây,小鼓,小鼓,小鼓
Studio.Toolbox.Audio.SoundEffect.Category.Drum_roll,,,Drum roll,Drum roll,قرع الطبول,Trommelwirbel,Solo de batería,Roulement de tambour,ड्रम रोल,Tabuhan drum,Rullo di tamburi,ドラム連打,드럼 롤,Werbel,Rufada,,รัวกลอง,Hızlı davul solosu,Tiếng trống dồn dập,滚奏,滚奏,擊鼓聲
Studio.Toolbox.Audio.SoundEffect.Category.Bass_drum,,,Bass drum,Bass drum,طبلة الباس,Bassdrum,Bombo,Grosse caisse,बेस ड्रम,Bass drum,Tamburo basso,バスドラム,베이스 드럼,Bęben wielki,Baixo da bateria,,กลองใหญ่,Bas davul,Trống cái,低音鼓,低音鼓,低音鼓
Studio.Toolbox.Audio.SoundEffect.Category.Wood_block,,,Wood block,Wood block,كتلة خشبية,Holzblöck,Bloque de madera,Bloc de bois,वुड ब्लॉक,Balok kayu,Blocco di legno,ウッドブロック,우드 블록,Pudełko akustyczne,Bloco de madeira,,บล็อกไม้,Ahşap blok,Mõ gỗ,木梆,木梆,響木
Studio.Toolbox.Audio.SoundEffect.Category.Rattle_(instrument),,,Rattle (instrument),Rattle (instrument),قعقعة (آلة),Rassel (Instrument),Sonaja (instrumento),Hochet (instrument),खड़खड़ (इंस्ट्रूमेंट),Derik (instrumen),Sonaglio (strumento),ラトル（楽器）,래틀(악기),Gruchawka (instrument),Chocalho (instrumento),,เสียงรัว (เครื่องดนตรี),Çıngırak (enstrüman),Lục lạc (nhạc cụ),咔嗒响（乐器）,咔嗒响（乐器）,沙鈴（樂器）
Studio.Toolbox.Audio.SoundEffect.Category.Tubular_bells,,,Tubular bells,Tubular bells,أجراس أنبوبية,Röhrenglocken,Campanas tubulares,Cloches tubulaires,ट्यूबलर बेल्स,Lonceng tabung,Campane tubolari,チューブラー・ベルズ,튜블라 벨,Dzwony rurowe,Sinos tubulares,,ระฆังราว,Boru çan,Chuông ống,管钟,管钟,管鐘
Studio.Toolbox.Audio.SoundEffect.Category.Mallet_percussion,,,Mallet percussion,Mallet percussion,مطرقة الإيقاع,Schlägel,Baquetas de percusión,Percussion à maillets,मैलेट पर्कशन,Perkusi pukul,Percussioni a maglio,マレットパーカッション,맬릿 퍼커션,Instrumenty perkusyjne melodyczne,Batedor de percursão,,เพอร์คัชชันไม้,Tokmak perküsyon,Bộ gõ có búa gõ,琴槌乐器,琴槌乐器,木槌打擊樂器
Studio.Toolbox.Audio.SoundEffect.Category.Marimba_xylophone,,,"Marimba, xylophone","Marimba, xylophone",ماريمبا، إكسيليفون,"Marimba, Xylophon","Marimba, xilófono","Marimba, xylophone","मारिम्बा, ज़ाइलोफोन","Marimba, xylophone","Marimba, xilofone",マリンバ・シロリンバ,"마림바, 실로폰","Marimba, ksylofon","Marimba, xilofone",,"มาริมบา, ระนาด","Marimba, ksilofon","Đàn phiến gỗ, mộc cầm",木琴,木琴,馬林巴琴、木琴
Studio.Toolbox.Audio.SoundEffect.Category.Brass_instrument,,,Brass instrument,Brass instrument,آلة نحاسية,Blechblasinstrument,Instrumento de viento,Instrument en laiton,पीतल का इंस्ट्रूमेंट,Instrumen tiup logam,Strumento a fiato,金管楽器,금관 악기,Instrumenty dęte blaszane,Instrumento de sopro,,เครื่องเป่าทองเหลือง,Bakır nefesli enstrüman,Nhạc cụ bằng đồng,铜管乐器,铜管乐器,銅管樂器
Studio.Toolbox.Audio.SoundEffect.Category.French_horn,,,French horn,French horn,البوق الفرنسي,Waldhorn,Cuerno francés,Cor d'harmonie,फ़्रेंच हॉर्न,French horn,Corno francese,フレンチホルン,프렌치 호른,Róg,Trompa francesa,,เฟรนช์ฮอร์น,Fransız kornosu,Kèn săn,法国号,法国号,法國號
Studio.Toolbox.Audio.SoundEffect.Category.Bowed_string_instrument,,,Bowed string instrument,Bowed string instrument,آلة وترية مقوسة,Gestrichenes Saiteninstrument,Instrumento de cuerda frotada,Instrument à corde à archet,बोड स्ट्रिंग इंस्ट्रूमेंट,Instrumen senar gesek,Strumento ad arco,擦弦楽器,찰현악기,Instrumenty strunowe smyczkowe,Instrumento de cordas com arco,,เครื่องดนตรีสายสี,Yaylı telli enstrüman,Nhạc cụ dây dùng vĩ,弓弦乐器,弓弦乐器,弓弦樂器
Studio.Toolbox.Audio.SoundEffect.Category.String_section,,,String section,String section,قسم الأوتار,Streicher,Sección de cuerdas,Section des cordes,स्ट्रिंग सेक्शन,Alat musik gesek,Sezione corde,ストリングセクション,현악기 섹션,Sekcja strunowa,Seção de cordas,,ส่วนเครื่องสาย,Yaylı bölümü,Nhóm nhạc cụ dây,弦乐,弦乐,弦樂部分
Studio.Toolbox.Audio.SoundEffect.Category.Violin_fiddle,,,"Violin, fiddle","Violin, fiddle",الكمان، الكمنجة,"Violine, Geige",Violín,"Violon, vièle","वायलिन, फ़िडल","Biola, fiddle",Violino,ヴァイオリン,"바이올린, 피들","Skrzypce, skrzypki",Violino,,"ไวโอลิน, ซอ","Keman, viyola",Đàn violin,拉小提琴,拉小提琴,小提琴、民俗提琴
Studio.Toolbox.Audio.SoundEffect.Category.Double_bass,,,Double bass,Double bass,الكونتراباس,Kontrabass,Contrabajo,Basses doubles,डबल बेस,Kontrabas,Contrabbasso,コントラバス,더블 베이스,Kontrabas,Baixo duplo,,ดับเบิลเบส,Kontrbas,Đại Vĩ Cầm,低音提琴,低音提琴,低音提琴
Studio.Toolbox.Audio.SoundEffect.Category.Wind_instrument_woodwind_instrument,,,"Wind instrument, woodwind instrument","Wind instrument, woodwind instrument",آلة نفخ، آلة نفخ خشبية,"Blasinstrument, Holzblasinstrument",Instrumento de viento,"Instrument à vent, instrument à vent en bois","विंड इंस्ट्रूमेंट, वुडविंड इंस्ट्रूमेंट","Instrumen tiup, instrumen tiup kayu","Strumento eolico, strumento a vento",管楽器、木管楽器,"관악기, 목관악기","Instrumenty dęte, instrumenty dęte drewniane",Instrumento de sopro 2,,"เครื่องเป่าลม, เครื่องเป่าลมไม้","Nefesli enstrüman, üflemeli enstrüman","Nhạc cụ hơi, nhạc cụ hơi bộ gỗ",管乐器、木管乐器,管乐器、木管乐器,管樂器、木管樂器
Studio.Toolbox.Audio.SoundEffect.Category.Church_bell,,,Church bell,Church bell,جرس الكنيسة,Kirchenglocke,Campana de iglesia,Cloche d'église,चर्च की घंटी,Lonceng gereja,Campana chiesa,教会の鐘,교회 종,Dzwon kościelny,Sino de igreja,,ระฆังโบสถ์,Kilise çanı,Chuông nhà thờ,教堂钟,教堂钟,教堂鐘聲
Studio.Toolbox.Audio.SoundEffect.Category.Jingle_bell,,,Jingle bell,Jingle bell,جرس صغير,Weihnachtsglöckchen,Cascabel,Cloche de Jingle,जिंगल बेल,Lonceng Natal,Campana natalizia,ジングルベル,징글벨,Bubieniec,Sino de natal,,กระดิ่งกรุ๊งกริ๊ง,Çan şıngırtısı,Chuông lễ hội,铃铛,铃铛,鈴鐺
Studio.Toolbox.Audio.SoundEffect.Category.Bicycle_bell,,,Bicycle bell,Bicycle bell,جرس الدراجة,Fahrradglocke,Campana de bicicleta,Sonnette de bicyclette,साइकिल की घंटी,Bel sepeda,Campanella per biciclette,自転車ベル,자전거 벨,Dzwonek rowerowy,Sino de bicicleta,,กระดิ่งจักรยาน,Bisiklet zili,Chuông xe đạp,车铃,车铃,自行車鈴噹
Studio.Toolbox.Audio.SoundEffect.Category.Tuning_fork,,,Tuning fork,Tuning fork,الشوكة الرنانة,Stimmgabel,Diapasón,Fourchettes d'accord,ट्यूनिंग फ़ोर्क,Garpu tala,Diapason,音叉,소리굽쇠,Kamerton,Diapasão,,ส้อมเสียง,Diyapazon,Âm thoa,音叉,音叉,腳踏車車鈴
Studio.Toolbox.Audio.SoundEffect.Category.Wind_chime,,,Wind chime,Wind chime,جرس الرياح,Windspiel,Carillón de viento,Carillon à vent,हवा की झंकार,Genta angin,Campanello vento,風鈴,윈드 차임,"Dzwonki wiatrowe, dzwonki wietrzne",Sino de vento,,กระดิ่งลม,Rüzgâr çanı,Chuông gió,风铃,风铃,風鈴
Studio.Toolbox.Audio.SoundEffect.Category.Change_ringing_(campanology),,,Change ringing (campanology),Change ringing (campanology),تغيير الرنين (قرع الأجراس),Vibrationsläuten (Glockenkunde),Cambiar timbre (campanología),Changer la sonnerie (campanologie),रिंगिंग बदलें (कैंपेनोलॉजी),Dering bel (campanology),Cambia timbro (campanologia),変わる鐘の音（鳴鐘術）,전조 명종,Dzwonki strojone (kampanologia),Mudança de toque (campanologia),,การตีระฆังสลับเปลี่ยน (ศาสตร์แห่งระฆัง),Çan çalma sanatı (kampanoloji),Rung chuông (chuông),更改铃声（振铃）,更改铃声（振铃）,敲奏編鐘（敲鐘術）
Studio.Toolbox.Audio.SoundEffect.Category.Singing_bowl,,,Singing bowl,Singing bowl,وعاء رنَّان,Klangschale,Cuenco tibetano,Bol chantant,सिंगिंग बोल,Singing bowl,Ciotola tibetana,シンギングボウル,싱잉볼,Misa tybetańska,Tigela cantante,,ขันเสียง,Meditasyon çanağı,Chuông xoay,颂钵,颂钵,頌缽
Studio.Toolbox.Audio.SoundEffect.Category.Scratching_(performance_technique),,,Scratching (performance technique),Scratching (performance technique),تخديش (تقنية الأداء),Scratching (Spieltechnik),Rastreo (técnica de ejecución),Grattage (technique de performance),खरोंच (परफ़ॉर्मेंस तकनीक),Scratch (teknik pertunjukan musik),Scratch (tecnica esecutiva),スクラッチ（奏法）,스크래치(퍼포먼스 기법),Skreczowanie (technika performerska),Arranhar (técnica de performance),,การสแครตช์ (เทคนิคการแสดง),Scratching (performans tekniği),Chà đĩa (Kỹ thuật biểu diễn),刮擦（表演技巧）,刮擦（表演技巧）,刷碟（表演技巧）
Studio.Toolbox.Audio.SoundEffect.Category.Pop_music,,,Pop music,Pop music,موسيقى البوب,Popmusik,Música pop,Musique pop,पॉप म्यूज़िक,Musik pop,Musica pop,ポップス,팝 음악,Muzyka pop,Música pop,,ดนตรีป๊อป,Pop müzik,Nhạc pop,流行乐,流行乐,流行音樂
Studio.Toolbox.Audio.SoundEffect.Category.Hip_hop_music,,,Hip hop music,Hip hop music,موسيقى الهيب هوب,Hip-Hop-Musik,Música Hip hop,Musique Hip hop,हिप हॉप म्यूज़िक,Musik hip hop,Musica hip hop,ヒップホップ音楽,힙합 음악,Muzyka hip hop,Hip hop,,ดนตรีฮิปฮอป,Hip-hop müzik,Nhạc hip hop,嘻哈乐,嘻哈乐,嘻哈音樂
Studio.Toolbox.Audio.SoundEffect.Category.Rock_music,,,Rock music,Rock music,موسيقى الروك,Rockmusik,Música rock,Musique rock,रॉक म्यूज़िक,Musik rock,Musica rock,ロック音楽,록 음악,Muzyka rockowa,Rock,,ดนตรีร็อค,Rock müzik,Nhạc Rock,摇滚乐,摇滚乐,搖滾音樂
Studio.Toolbox.Audio.SoundEffect.Category.Heavy_metal,,,Heavy metal,Heavy metal,موسيقى هيفي ميتال,Heavy Metal,Heavy metal,Heavy metal,हेवी मेटल,Heavy metal,Heavy metal,ヘビーメタル,헤비메탈,Heavy metal,Heavy metal,,เฮฟวี่เมทัล,Heavy metal,Nhạc Heavy metal,重金属,重金属,重金屬
Studio.Toolbox.Audio.SoundEffect.Category.Punk_rock,,,Punk rock,Punk rock,موسيقى البانك روك,Punkrock,Punk rock,Rock punk,पंक रॉक,Punk rock,Punk rock,パンクロック,펑크 록,Punk rock,Punk rock,,พังก์ร็อค,Punk rock,Punk rock,朋克摇滚,朋克摇滚,龐克搖滾
Studio.Toolbox.Audio.SoundEffect.Category.Progressive_rock,,,Progressive rock,Progressive rock,موسيقى الروك التقدمية,Progressive Rock,Rock progresivo,Rock progressif,प्रोग्रेसिव रॉक,Progressive rock,Rock progressivo,プログレッシブ・ロック,프로그레시브 록,Rock progresywny,Rock progressivo,,โพรเกรสซิฟร็อค,Progresif rock,Progressive rock,前卫摇滚,前卫摇滚,前衛搖滾
Studio.Toolbox.Audio.SoundEffect.Category.Rock_and_roll,,,Rock and roll,Rock and roll,موسيقى روك آند رول,Rock and Roll,Rock and roll,Rock and roll,रॉक ऐंड रोल,Rock and roll,Rock and roll,ロックンロール,로큰롤,Rock and roll,Rock and roll,,ร็อคแอนด์โรล,Rock and roll,Rock & roll,摇滚,摇滚,搖滾樂
Studio.Toolbox.Audio.SoundEffect.Category.Psychedelic_rock,,,Psychedelic rock,Psychedelic rock,موسيقى سايكدليكي روك,Psychedelic Rock,Rock psicodélico,Rock psychédélique,साइकेडेलिक रॉक,Psychedelic rock,Psychedelic rock,サイケデリック・ロック,사이키델릭 록,Rock psychodeliczny,Rock psicodélico,,ไซเคเดลิกร็อค,Psikedelik rock,Rock mê ảo,迷幻摇滚,迷幻摇滚,迷幻搖滾
Studio.Toolbox.Audio.SoundEffect.Category.Rhythm_and_blues,,,Rhythm and blues,Rhythm and blues,الإيقاع والبلوز (R&B),Rhythm and Blues,Rhythm and blues,Rhythm and blues,रिद्म और ब्लूज़,Rhythm and blues,Rhythm e blues,リズム・アンド・ブルース,R&B,Rhythm and blues,Rhythm & blues,,ริธึมแอนด์บลูส์,Ritim ve blues,Nhạc R&B,节奏蓝调,节奏蓝调,節奏藍調
Studio.Toolbox.Audio.SoundEffect.Category.Soul_music,,,Soul music,Soul music,موسيقى السول,Soulmusik,Música soul,Soul music,सोल म्यूज़िक,Musik soul,Soul,ソウル音楽,솔 뮤직,Muzyka soul,Soul,,ดนตรีโซล,Soul,Nhạc soul,灵魂乐,灵魂乐,靈魂樂
Studio.Toolbox.Audio.SoundEffect.Category.Swing_music,,,Swing music,Swing music,موسيقى السوينغ,Swingmusik,Música swing,Swing music,स्विंग म्यूज़िक,Musik swing,Swing,スウィング音楽,스윙 음악,Swing,Swing,,ดนตรีสวิง,Swing,Nhạc Swing,摇摆乐,摇摆乐,搖擺樂
Studio.Toolbox.Audio.SoundEffect.Category.Folk_music,,,Folk music,Folk music,الموسيقى الشعبية,Volksmusik,Música folk,Folk music,फ़ोक म्यूज़िक,Musik folk,Musica folk,フォーク音楽,민속 음악,Muzyka folkowa,Folk,,ดนตรีโฟล์ก,Halk müziği,Nhạc dân gian,民俗乐,民俗乐,民謠音樂
Studio.Toolbox.Audio.SoundEffect.Category.Middle_Eastern_music,,,Middle Eastern music,Middle Eastern music,موسيقى الشرق الأوسط,Nahöstliche Musik,Música del Medio Oriente,Musique du Moyen-Orient,मिडिल ईस्टर्न म्यूज़िक,Musik Timur Tengah,Musica mediorientale,中東音楽,중동 음악,Muzyka bliskowschodnia,Musica do oriente médio,,ดนตรีตะวันออกกลาง,Orta Doğu müzikleri,Nhạc Trung Đông,中东乐,中东乐,中東音樂
Studio.Toolbox.Audio.SoundEffect.Category.Classical_music,,,Classical music,Classical music,الموسيقى الكلاسيكية,Klassische Musik,Música clásica,Musique classique,क्लासिकल म्यूज़िक,Musik klasik,Musica classica,クラシック音楽,클래식 음악,Muzyka klasyczna,Música clássica,,ดนตรีคลาสสิก,Klasik müzik,Nhạc cổ điển,古典乐,古典乐,經典音樂
Studio.Toolbox.Audio.SoundEffect.Category.Electronic_music,,,Electronic music,Electronic music,الموسيقى الإلكترونية,Elektronische Musik,Música electrónica,Musique électronique,इलेक्ट्रॉनिक म्यूज़िक,Musik elektronik,Musica elettronica,エレクトロニック音楽,일렉트로닉 음악,Muzyka elektroniczna,Música eletrônica,,ดนตรีอิเล็กทรอนิก,Elektronik müzik,Nhạc điện tử,电子音乐,电子音乐,電子舞曲
Studio.Toolbox.Audio.SoundEffect.Category.House_music,,,House music,House music,موسيقى الهاوس,House-Musik,Música house,House music,हाउज़ म्यूज़िक,Musik house,Musica House,ハウスミュージック,하우스 뮤직,House,House music,,ดนตรีเฮาส์,House müzik,Nhạc House,浩室音乐,浩室音乐,浩室音樂
Studio.Toolbox.Audio.SoundEffect.Category.Drum_and_bass,,,Drum and bass,Drum and bass,الطبل والباس,Drum & Bass,Tambor y bajo,Tambour et basse,ड्रम और बेस,Drum dan bass,Tamburi e basso,ドラムとベース,드럼 앤 베이스,Drum and bass,Drum & bass,,ดรัมแอนด์เบส,Drum and bass,Trống và bass,鼓打贝斯电子舞曲,鼓打贝斯电子舞曲,鼓打貝斯
Studio.Toolbox.Audio.SoundEffect.Category.Electronic_dance_music,,,Electronic dance music,Electronic dance music,موسيقى الرقص الإلكترونية,Elektronische Tanzmusik,Música dance electrónica,Musique électronique de danse,इलेक्ट्रॉनिक डांस म्यूज़िक,EDM,Musica da ballo elettronica,エレクトロニック・ダンス・ミュージック,일렉트로닉 댄스 음악,Elektroniczna muzyka taneczna,Música eletrônica,,ดนตรีอิเล็กทรอนิกแดนซ์,Elektronik dans müziği,Nhạc sàn điện tử,电子舞曲,电子舞曲,電子舞曲音樂
Studio.Toolbox.Audio.SoundEffect.Category.Ambient_music,,,Ambient music,Ambient music,موسيقى الأمبينت,Ambient-Musik,Música de ambiente,Musique d'ambiance,एम्बिएंट म्यूज़िक,Musik ambient,Musica ambientale,環境音楽,앰비언트 음악,Ambient,Música ambiente,,ดนตรีแอมเบียนต์,Ortam müziği,Nhạc Nền,氛围音乐,氛围音乐,氛圍音樂
Studio.Toolbox.Audio.SoundEffect.Category.Trance_music,,,Trance music,Trance music,موسيقى النشوة,Trance-Musik,Música trance,Trance music,ट्रान्स म्यूज़िक,Musik trance,Musica trance,トランス音楽,트랜스 음악,Trance,Trance,,ดนตรีแทรนซ์,Trance müzik,Nhạc Trance,迷幻音乐,迷幻音乐,恍惚音樂
Studio.Toolbox.Audio.SoundEffect.Category.Music_of_Latin_America,,,Music of Latin America,Music of Latin America,موسيقى أمريكا اللاتينية,Musik aus Lateinamerika,Música latinoamericana,Musique d'Amérique latine,लैटिन अमेरिका का म्यूज़िक,Musik Amerika Latin,Musica america latina,ラテンアメリカ音楽,라틴 아메리카 음악,Muzyka latynoamerykańska,Música da América Latina,,ดนตรีของละตินอเมริกา,Latin Amerika müzikleri,Nhạc Mỹ Latinh,拉丁美洲音乐,拉丁美洲音乐,拉丁美洲音樂
Studio.Toolbox.Audio.SoundEffect.Category.Salsa_music,,,Salsa music,Salsa music,موسيقى السالسا,Salsa-Musik,Música salsa,Musique Salsa,साल्सा म्यूज़िक,Musik salsa,Musica Salsa,サルサ音楽,살사 음악,Salsa,Salsa,,ดนตรีซัลซา,Salsa müziği,Nhạc Salsa,萨尔萨音乐,萨尔萨音乐,騷沙音樂
Studio.Toolbox.Audio.SoundEffect.Category.Music_for_children,,,Music for children,Music for children,موسيقى للأطفال,Musik für Kinder,Música infantil,Musique pour enfants,बच्चों के लिए म्यूज़िक,Musik anak-anak,Musica per bambini,子供向け音楽,어린이 음악,Muzyka dla dzieci,Música para crianças,,ดนตรีสำหรับเด็ก,Çocuklar için müzik,Nhạc thiếu nhi,儿童音乐,儿童音乐,兒童音樂
Studio.Toolbox.Audio.SoundEffect.Category.New-age_music,,,New-age music,New-age music,موسيقى العصر الجديد,New-Age-Musik,Música New-age,New-age music,न्यू-एज म्यूज़िक,Musik new age,Musica new-age,ニューエイジ音楽,뉴에이지 음악,Muzyka new-age,New age,,ดนตรีนิวเอจ,New Age müzik,Nhạc thời đại mới,新世纪音乐,新世纪音乐,新世紀音樂
Studio.Toolbox.Audio.SoundEffect.Category.Vocal_music,,,Vocal music,Vocal music,الموسيقى الصوتية,Vokalmusik,Música vocal,Musique vocale,वोकल म्यूज़िक,Musik dengan vokal,Musica vocale,声楽,보컬 음악,Muzyka wokalna,Vocalização,,ดนตรีขับร้อง,Vokal müzik,Nhạc có lời,声乐,声乐,聲樂
Studio.Toolbox.Audio.SoundEffect.Category.A_capella,,,A capella,A capella,غناء بدون موسيقى مرافقة,A capella,A capella,A capella,कैपेला,A capella,A capella,アカペラ,아카펠라,A capella,À capella,,อะแคปเปลลา,Enstrümansız,Hát chay,无伴奏合唱,无伴奏合唱,阿卡貝拉
Studio.Toolbox.Audio.SoundEffect.Category.Music_of_Africa,,,Music of Africa,Music of Africa,موسيقى أفريقيا,Musik aus Afrika,Música de África,Musique d'Afrique,अफ़्रीका का म्यूज़िक,Musik Afrika,Musica d'Africa,アフリカ音楽,아프리카 음악,Muzyka afrykańska,Música da África,,ดนตรีของแอฟริกา,Afrika müzikleri,Nhạc Châu Phi,非洲乐,非洲乐,非洲音樂
Studio.Toolbox.Audio.SoundEffect.Category.Christian_music,,,Christian music,Christian music,الموسيقى المسيحية,Christliche Musik,Música cristiana,Musique chrétienne,क्रिश्चियन म्यूज़िक,Musik Kristen,Musica cristiana,クリスチャン音楽,기독교 음악,Muzyka chrześcijańska,Música cristã,,ดนตรีคริสเตียน,Hristiyan müzikleri,Nhạc Cơ Đốc,基督教音乐,基督教音乐,基督教音樂
Studio.Toolbox.Audio.SoundEffect.Category.Gospel_music,,,Gospel music,Gospel music,موسيقى الإنجيل,Gospelmusik,Música Gospel,Musique Gospel,गॉस्पल म्यूज़िक,Musik Gospel,Musica gospel,ゴスペル音楽,가스펠 음악,Gospel,Música gospel,,ดนตรีกอสเปล,Gospel,Nhạc Phúc âm,福音音乐,福音音乐,福音音樂
Studio.Toolbox.Audio.SoundEffect.Category.Music_of_Asia,,,Music of Asia,Music of Asia,موسيقى آسيا,Musik aus Asien,Música de Asia,Musique d'Asie,एशिया का म्यूज़िक,Musik Asia,Musica di Asia,アジア音楽,아시아 음악,Muzyka azjatycka,Música asiática,,ดนตรีแห่งเอชีย,Asya müzikleri,Nhạc Châu Á,亚洲音乐,亚洲音乐,亞洲音樂
Studio.Toolbox.Audio.SoundEffect.Category.Carnatic_music,,,Carnatic music,Carnatic music,موسيقى كارناتيك,Karnatische Musik,Música carnática,Musique carnatique,कर्नाटिक म्यूज़िक,Musik Karnatik,Musica carnatica,カルナティック音楽,카르나티크 음악,Muzyka karnatacka,Música carnática,,ดนตรีคาร์นาติก,Karnatik müzik,Nhạc Carnatic,卡纳提克音乐,卡纳提克音乐,印度音樂
Studio.Toolbox.Audio.SoundEffect.Category.Music_of_Bollywood,,,Music of Bollywood,Music of Bollywood,موسيقى بوليوود,Musik von Bollywood,Música de Bollywood,Musique de Bollywood,बॉलीवुड का म्यूज़िक,Musik Bollywood,Musica di Bollywood,ボリウッド音楽,볼리우드 음악,Muzyka Bollywood,Música de Bollywood,,ดนตรีบอลลีวูด,Bollywood müzikleri,Nhạc Bollywood,宝莱坞音乐,宝莱坞音乐,寶萊塢音樂
Studio.Toolbox.Audio.SoundEffect.Category.Traditional_music,,,Traditional music,Traditional music,الموسيقى التقليدية,Traditionelle Musik,Música tradicional,Musique traditionnelle,ट्रेडिशनल म्यूज़िक,Musik tradisional,Musica tradizionale,伝統音楽,전통 음악,Muzyka tradycyjna,Música tradicional,,ดนตรีพื้นบ้าน,Geleneksel müzik,Nhạc truyền thống,传统音乐,传统音乐,傳統音樂
Studio.Toolbox.Audio.SoundEffect.Category.Independent_music,,,Independent music,Independent music,الموسيقى المستقلة,Unabhängige Musik,Música independiente,Musique indépendante,इंडिपेंडेंट म्यूज़िक,Musik independen,Musica indipendente,インディーズ音楽,인디 음악,Muzyka niezależna,Música independente,,ดนตรีอิสระ,Bağımsız müzik,Nhạc Indie,独立音乐,独立音乐,獨立音樂
Studio.Toolbox.Audio.SoundEffect.Category.Background_music,,,Background music,Background music,موسيقى الخلفية,Hintergrundmusik,Música de fondo,Musique de fond,बैकग्राउंड म्यूज़िक,Musik latar,Musica di sottofondo,BGM,배경 음악,Muzyka tła,Música de fundo,,ดนตรีประกอบ,Arka plan müziği,Nhạc nền,背景音乐,背景音乐,背景音樂
Studio.Toolbox.Audio.SoundEffect.Category.Theme_music,,,Theme music,Theme music,الموسيقى الرئيسية,Titelmusik,Música temática,Thème musical,थीम म्यूज़िक,Musik tema,Musica a tema,テーマ音楽,테마송,Muzyka tematyczna,Música tema,,ดนตรีธีม,Fon müziği,Nhạc chủ đề,主题曲,主题曲,主題音樂
Studio.Toolbox.Audio.SoundEffect.Category.Jingle_(music),,,Jingle (music),Jingle (music),جلجلة (موسيقى),Jingle (Musik),Música publicitaria,Jingle (musique),जिंगल (म्यूज़िक),Jingle (musik),Jingle (musica),ジングル（音楽）,징글(음악),Dżingiel (muzyka),Jingle (música),,เพลงโฆษณา (ดนตรี),Jingle (müzik),Tiếng leng keng (âm nhạc),铃声（音乐）,铃声（音乐）,Jingle（音樂）
Studio.Toolbox.Audio.SoundEffect.Category.Soundtrack_music,,,Soundtrack music,Soundtrack music,الموسيقى التصويرية,Soundtrack-Musik,Música de banda sonora,Musique de la bande-son,साउंडट्रैक म्यूज़िक,Musik soundtrack,Musica colonna sonora,サウンドトラック,사운드트랙,Muzyczna ścieżka dźwiękowa,Música de trilha sonora,,ดนตรีซาวด์แทร็ก,Film müziği,Nhạc phim,原声带音乐,原声带音乐,原聲帶音樂
Studio.Toolbox.Audio.SoundEffect.Category.Video_game_music,,,Video game music,Video game music,موسيقى ألعاب الفيديو,Videospielmusik,Música de videojuegos,Musique de jeu vidéo,वीडियो गेम म्यूज़िक,Musik video game,Musica di videogiochi,ビデオゲーム音楽,비디오 게임 음악,Muzyka do gier wideo,Música de video game,,ดนตรีวิดีโอเกม,Video oyunu müziği,Nhạc trò chơi điện tử,电玩音乐,电玩音乐,電子遊戲音樂
Studio.Toolbox.Audio.SoundEffect.Category.Christmas_music,,,Christmas music,Christmas music,موسيقى أعياد الكريسماس,Weihnachtsmusik,Música de Navidad,Musique de Noël,क्रिसमस म्यूज़िक,Musik Natal,Musica natalizia,クリスマス音楽,크리스마스 음악,Muzyka bożonarodzeniowa,Música de Natal,,ดนตรีคริสต์มาส,Yılbaşı müzikleri,Nhạc Giáng Sinh,圣诞曲,圣诞曲,聖誕音樂
Studio.Toolbox.Audio.SoundEffect.Category.Dance_music,,,Dance music,Dance music,موسيقى الرقص,Tanzmusik,Música dance,Musique dansante,डांस म्यूज़िक,Musik dance,Musica da ballo,ダンスミュージック,댄스 음악,Muzyka taneczna,Música dançante,,ดนตรีแดนซ์,Dans müziği,Nhạc sàn,舞曲,舞曲,舞曲音樂
Studio.Toolbox.Audio.SoundEffect.Category.Wedding_music,,,Wedding music,Wedding music,موسيقى الزفاف,Hochzeitsmusik,Música de boda,Musique de mariage,वेडिंग म्यूज़िक,Musik pernikahan,Musica nuziale,結婚式BGM,결혼식 음악,Muzyka weselna,Música de casamento,,ดนตรีพิธีสมรส,Düğün müziği,Nhạc đám cưới,婚礼音乐,婚礼音乐,婚禮音樂
Studio.Toolbox.Audio.SoundEffect.Category.Happy_music,,,Happy music,Happy music,موسيقى سعيدة,Fröhliche Musik,Música feliz,Musique heureuse,हैपी म्यूज़िक,Musik senang,Musica felice,楽しい音楽,행복한 음악,Radosna muzyka,Música feliz,,ดนตรีความสุข,Neşeli müzik,Nhạc vui vẻ,快乐音乐,快乐音乐,快樂音樂
Studio.Toolbox.Audio.SoundEffect.Category.Sad_music,,,Sad music,Sad music,موسيقى حزينة,Traurige Musik,Música triste,Musique triste,सैड म्यूज़िक,Musik sedih,Musica triste,悲しい音楽,슬픈 음악,Smutna muzyka,Música triste,,ดนตรีเศร้า,Hüzünlü müzik,Nhạc buồn,悲伤音乐,悲伤音乐,悲傷音樂
Studio.Toolbox.Audio.SoundEffect.Category.Tender_music,,,Tender music,Tender music,موسيقى رقيقة,Sanfte Musik,Música suave,Musique douce,टेंडर म्यूज़िक,Musik lembut,Musica leggera,やさしい音楽,부드러운 음악,Nastrojowa muzyka,Música suave,,ดนตรีนิ่มนวล,Dokunaklı müzik,Nhạc nhẹ nhàng,温柔音乐,温柔音乐,輕音樂
Studio.Toolbox.Audio.SoundEffect.Category.Exciting_music,,,Exciting music,Exciting music,موسيقى مثيرة,Aufregende Musik,Música emocionante,Musique entraînante,एक्साइटिंग म्यूज़िक,Musik bersemangat,Musica emozionante,エキサイティングな音楽,신나는 음악,Ekscytująca muzyka,Música emocionante,,ดนตรีตื่นเต้น,Heyecan verici müzik,Nhạc sôi động,振奋音乐,振奋音乐,激動人心的音樂
Studio.Toolbox.Audio.SoundEffect.Category.Angry_music,,,Angry music,Angry music,موسيقى غاضبة,Wütende Musik,Música enojada,Musique enragée,ऐंग्री म्यूज़िक,Musik marah,Musica arrabbiata,怒ったときの音楽,화났을 때 음악,Gniewna muzyka,Música zangada,,ดนตรีโกรธเกรี้ยว,Öfkeli müzik,Nhạc tức giận,愤怒音乐,愤怒音乐,憤怒的音樂
Studio.Toolbox.Audio.SoundEffect.Category.Scary_music,,,Scary music,Scary music,موسيقى مخيفة,Gruselige Musik,Música aterradora,Musique effrayante,डरावना म्यूज़िक,Musik menakutkan,Musica paurosa,怖い雰囲気の音楽,무서운 음악,Przerażająca muzyka,Música assustadora,,ดนตรีน่ากลัว,Korkunç müzik,Nhạc sợ hãi,惊悚音乐,惊悚音乐,恐怖音樂
Studio.Toolbox.Audio.SoundEffect.Category.Rustling_leaves,,,Rustling leaves,Rustling leaves,حفيف أوراق الشجر,Raschelnde Blätter,Hojas crujientes,Feuilles bruissantes,सरसराहट वाले पत्ते,Gersik daun,Foglie fruscianti,木の葉のガサガサ音,나뭇잎 바스락 소리,Szelest liści,Folhas farfalhando,,ใบไม้ไหว,Yaprak hışırtısı,Lá xào xạc,树叶窸窣声,树叶窸窣声,風吹搖曳的樹葉聲音
Studio.Toolbox.Audio.SoundEffect.Category.Wind_noise_(microphone),,,Wind noise (microphone),Wind noise (microphone),ضوضاء الرياح (ميكروفون),Windgeräusche (Mikrofon),Ruido del viento (micrófono),Bruit du vent (microphone),हवा का शोर (माइक),Suara angin (mikrofon),Rumore del vento (microfono),ウインドノイズ（マイク）,바람 소리(마이크),Odgłosy wiatru (mikrofon),Ruído de vento (microfone),,เสียงลมพัด (ไมโครโฟน),Rüzgâr gürültüsü (mikrofon),Tiếng gió lùa (micro),风声（麦克风）,风声（麦克风）,風聲（麥克風）
Studio.Toolbox.Audio.SoundEffect.Category.Rain_on_surface,,,Rain on surface,Rain on surface,المطر على السطح,Regen auf einer Oberfläche,Lluvia sobre la superficie,Pluie sur la surface,सतह पर बारिश,Hujan di permukaan,Pioggia su superficie,地面に落ちる雨音,표면 위의 비,Deszcz na powierzchni,Chuva na superfície,,ฝนบนพื้นผิว,Yüzeyde yağmur sesi,Mưa trên bề mặt,雨滴落下声,雨滴落下声,雨滴打在物體表面的聲音
Studio.Toolbox.Audio.SoundEffect.Category.Waves_surf,,,"Waves, surf","Waves, surf",الأمواج، ركوب الأمواج,"Wellen, surfen","Olas, oleaje","Vagues, surfer","लहरें, तरंग","Ombak, selancar","Onde, surf",波音,"파도, 서핑","Fale, fale przyboju","Ondas, surfe",,"คลื่น, การโต้คลื่น","Dalgalar, sörf","Sóng, lướt sóng",海浪,海浪,海浪、衝浪
Studio.Toolbox.Audio.SoundEffect.Category.Boat_Water_vehicle,,,"Boat, Water vehicle","Boat, Water vehicle",قارب، مركبة مائية,"Boot, Wasserfahrzeug","Barco, vehículo acuático","Bateau, véhicule nautique","नाव, पानी का वाहन","Perahu, kendaraan air","Barca, Veicolo d'acqua",ボート、水上車,"보트, 수상 차량","Łódź, pojazd wodny","Barco, veículo aquático",,"เรือ, พาหนะทางน้ำ","Tekne, su taşıtı","Thuyền, Phương tiện dưới nước",船、水上载具,船、水上载具,船艇、水上交通工具
Studio.Toolbox.Audio.SoundEffect.Category.Sailboat_sailing_ship,,,"Sailboat, sailing ship","Sailboat, sailing ship",مركب شراعي، سفينة شراعية,"Segelboot, Segelschiff","Velero, barco de vela","Voilier, bateau à voile","सेलबोट, नौकायन जहाज","Perahu layar, kapal layar","Barca a vela, nave a vela",セーリングボート,"요트, 범선","Żaglówka, statek żaglowy","Veleiro, barco à vela",,"เรือใบ, การแล่นเรือ","Yelkenli tekne, yelkenli gemi","Thuyền buồm, tàu buồm",帆船,帆船,帆艇、帆船
Studio.Toolbox.Audio.SoundEffect.Category.Rowboat_canoe_kayak,,,"Rowboat, canoe, kayak","Rowboat, canoe, kayak",زورق التجديف، زورق، قارب الكاياك,"Ruderboot, Kanu, Kajak","Barco de remos, canoa, kayak","Bateau à rames, canoë, kayak","रॉबोट, डोंगी, कश्ती","Perahu dayung, sampan, kayak","Imbarcazione, canoa, kayak",手こぎボート、カヌー、カヤック,"노젓는 배, 카누, 카약","Łódź wiosłowa, kanoe, kajak","Bote, canoa, caiaque",,"เรือพาย, แคนนู, คายัค","Sandal, kano, kayak","Thuyền có mái chèo, ca nô, thuyền kayak",划艇、独木舟、皮艇,划艇、独木舟、皮艇,划艇、獨木舟、皮艇
Studio.Toolbox.Audio.SoundEffect.Category.Motorboat_speedboat,,,"Motorboat, speedboat","Motorboat, speedboat",زورق آلي، زورق سريع,"Motorboot, Schnellboot","Lancha motora, lancha rápida","Bateau à moteur, bateau rapide","मोटरबोट, स्पीडबोट","Kapal bermotor, speedboat","Motoscafo, jetski",モーターボート、スピードボート,"모터보트, 스피드보트","Łódź motorowa, motorówka","Barco motorizado, lancha",,"เรือยนต์, สปีดโบ๊ต","Motorbot, sürat teknesi","Thuyền máy, xuồng cao tốc",快艇,快艇,機動船、快艇
Studio.Toolbox.Audio.SoundEffect.Category.Motor_vehicle_(road),,,Motor vehicle (road),Motor vehicle (road),سيارة (طريق),Kraftfahrzeug (Straße),Vehículo motorizado (carretera),Véhicule automobile (route),मोटर वाहन (रोड),Kendaraan bermotor (jalan),Veicolo a motore (da strada),自動車（路上）,자동차(도로),Pojazd silnikowy (drogowy),Veículo a motor (estrada),,ยานพาหนะมอเตอร์ (ถนน),Motorlu taşıt (kara yolu),Xe cơ giới (đường bộ),机动车（公路）,机动车（公路）,機動車輛（公路）
Studio.Toolbox.Audio.SoundEffect.Category.Vehicle_horn_car_horn_honking,,,"Vehicle horn, car horn, honking","Vehicle horn, car horn, honking",بوق السيارة، بوق المركبة، البوق,"Fahrzeughupe, Autohupe, Hupen","Bocina de vehículo, bocina de coche, pitazos","Klaxon de véhicule, klaxon de voiture","व्हीकल हॉर्न, कार हॉर्न, हॉर्न बजाना","Klakson kendaraan, klakson mobil, bunyi klakson",Clacson del veicolo,車のクラクション,차량 경적,"Klakson pojazdu, klakson samochodowy, trąbienie","Buzina de veículo, de carro, buzinando",,"แตรยานพาหนะ, แตรรถยนต์, การบีบแตร","Araç kornası, araba kornası, korna","Còi phương tiện, còi xe, còi ô tô",汽车喇叭,汽车喇叭,車輛喇叭、汽車喇叭、鳴笛聲
Studio.Toolbox.Audio.SoundEffect.Category.Car_alarm,,,Car alarm,Car alarm,إنذار السيارة,Autoalarm,Alarma de coche,Alarme de voiture,कार अलार्म,Alarm mobil,Allarme auto,車の防犯ブザー,자동차 도난 경보기,Alarm samochodowy,Alarme de carro,,สัญญาณเตือนรถยนต์,Araba alarmı,Còi báo động xe hơi,车辆警报器,车辆警报器,汽車警報器
Studio.Toolbox.Audio.SoundEffect.Category.Power_windows_electric_windows,,,"Power windows, electric windows","Power windows, electric windows",نوافذ تعمل بالكهرباء، نوافذ كهربائية,Elektrische Fensterheber,Ventanas eléctricas,Vitres électriques,"पावर विंडो, इलेक्ट्रिक विंडो","Power window, jendela listrik","Finestrini elettrici, finestre elettriche",パワーウィンドウ、電動窓,"파워 윈도, 전동 윈도",Elektryczne szyby,"Janelas motorizadas, janelas elétricas",,"หน้าต่างพลังงาน, หน้าต่างไฟฟ้า","Güçle çalışan pencereler, elektrikli pencereler",Cửa sổ điện,电动窗,电动窗,電動窗、電動玻璃窗
Studio.Toolbox.Audio.SoundEffect.Category.Tire_squeal,,,Tire squeal,Tire squeal,صرير الإطارات,Reifenquietschen,Chillido neumático,Crissement de pneu,टायर घिसने की तेज़ आवाज़,Decit ban,Stridio di pneumatici,タイヤのきしみ音,타이어 끼익 소리,Pisk opon,Cantar de pneus,,ยางรถเสียดสี,Lastik gıcırtısı,Tiếng rít của lốp xe,轮胎刺耳噪音,轮胎刺耳噪音,輪胎尖叫聲
Studio.Toolbox.Audio.SoundEffect.Category.Car_passing_by,,,Car passing by,Car passing by,سيارة تمر بجابنك,Vorbeifahrendes Auto,Coche pasando,Voiture qui passe,कार के नज़दीक से गुज़रने की आवाज़,Mobil lewat,Auto che passa,車の通過音,지나가는 차,Przejeżdżający samochód,Carro passando,,รถยนต์สัญจรผ่านไปมา,Yakından geçen ara,Xe chạy qua,车辆驶过,车辆驶过,汽車駛過
Studio.Toolbox.Audio.SoundEffect.Category.Race_car_auto_racing,,,"Race car, auto racing","Race car, auto racing",سيارة سباق، سباق سيارات,"Rennwagen, Autorennen","Carrera de coches, carreras automovilísticas","Voiture de course, course automobile","रेस कार, ऑटो रेसिंग","Mobil balap, balapan mobil","Gara auto, auto da corsa",レーシングカー、自動車レース,카레이싱,"Samochód rajdowy, rajdy samochodowe","Carro de corrida, corrida de carros",,"รถแข่ง, การแข่งรถ","Yarış arabası, araba yarışı","Xe đua, đua ô tô",赛车,赛车,賽車、汽車競賽
Studio.Toolbox.Audio.SoundEffect.Category.Air_brake,,,Air brake,Air brake,فرامل هوائية,Luftbremse,Freno de aire,Frein à air,एयर ब्रेक,Rem angin,Freno aria,エアブレーキ,에어 브레이크,Hamulec pneumatyczny,Freio de pressão,,เบรคลม,Havalı fren,Phanh khí,空气制动器,空气制动器,空氣制動
Studio.Toolbox.Audio.SoundEffect.Category.Air_horn_truck_horn,,,"Air horn, truck horn","Air horn, truck horn",بوق هوائي، بوق شاحنة,"Lufthorn, LKW-Hupe","Bocina de aire, bocina de camión","Klaxon pneumatique, klaxon de camion","एयर हॉर्न, ट्रक हॉर्न","Klakson angin, klakson truk","Clacson ad aria compressa, clacson per camion",エアーホーン、トラックホーン,"에어 혼, 트럭 경적","Fanfara, klakson pneumatyczny",Buzina de caminhão,,"แตรลม, แตรรถบรรทุก","Havalı korna, kamyon kornası","Còi hơi, còi xe tải",空气喇叭,空气喇叭,氣笛、卡車喇叭
Studio.Toolbox.Audio.SoundEffect.Category.Reversing_beeps,,,Reversing beeps,Reversing beeps,صفارات الرجوع للخلف,Signaltöne beim Rückwärtsfahren,Pitidos inversos,Inverser les bips,बीप को रिवर्स किया जा रहा है,Bip terbalik,Segnali acustici inversi,逆警告音,후진 경고음,Sygnał cofania,Bips de ré,,เสียงปี๊บการถอย,Geri vites biplemeleri,Tiếng bíp khi lùi xe,倒车声,倒车声,倒車蜂鳴聲
Studio.Toolbox.Audio.SoundEffect.Category.Ice_cream_truck_ice_cream_van,,,"Ice cream truck, ice cream van","Ice cream truck, ice cream van",شاحنة الآيس كريم، عربة الآيس كريم,Eiswagen,Camión de helado,"Camion de crème glacée, camionnette de crème glacée","आइसक्रीम ट्रक, आइसक्रीम वैन","Truk es krim, mobil es krim",Camioncino gelati,アイスクリームトラック,"아이스크림 트럭, 아이스크림 밴","Ciężarówka z lodami, van z lodami","Caminhão de sorvete, van de sorvete",,"รถบรรทุกไอศกรีม, รถตู้ไอศกรีม","Dondurma kamyonu, dondurma arabası","Xe tải kem, xe kem",冰淇淋车,冰淇淋车,冰淇淋車
Studio.Toolbox.Audio.SoundEffect.Category.Emergency_vehicle,,,Emergency vehicle,Emergency vehicle,سيارة الطوارئ,Einsatzfahrzeug,Vehículo de emergencia,Véhicule d'urgence,इमरजेंसी व्हीकल,Kendaraan darurat,Veicoli di emergenza,緊急用車両,응급 차량,Pojazd uprzywilejowany,Veículo de emergência,,ยานพาหนะฉุกเฉิน,Acil durum aracı,Phương tiện khẩn cấp,紧急服务车辆,紧急服务车辆,緊急車輛
Studio.Toolbox.Audio.SoundEffect.Category.Police_car_(siren),,,Police car (siren),Police car (siren),سيارة شرطة (صفارة إنذار),Polizeiauto (Sirene),Patrulla (sirena),Voiture de police (sirène),पुलिस कार (सायरन),Mobil polisi (sirene),Auto di polizia (sirena),パトカー（サイレン）,경찰차(사이렌),Samochód policyjny (syrena),Carro de polícia (sirene),,รถตำรวจ (ไซเรน),Polis arabası (siren),Xe cảnh sát (còi hú),警车（警笛）,警车（警笛）,警車（鳴笛）
Studio.Toolbox.Audio.SoundEffect.Category.Ambulance_(siren),,,Ambulance (siren),Ambulance (siren),سيارة إسعاف (صفارة الإنذار),Krankenwagen (Sirene),Ambulancia (sirena),Ambulance (sirène),एम्बुलेंस (सायरन),Ambulans (sirene),Ambulanza (sirena),救急車（サイレン）,구급차(사이렌),Karetka pogotowia (syrena),Ambulância (sirene),,รถฉุกเฉิน (ไซเรน),Ambulans (siren),Xe cứu thương (còi hú),救护车（警笛）,救护车（警笛）,救護車（鳴笛）
Studio.Toolbox.Audio.SoundEffect.Category.Fire_engine_fire_truck_(siren),,,"Fire engine, fire truck (siren)","Fire engine, fire truck (siren)",سيارة إطفاء، شاحنة إطفاء (صفارة إنذار),Feuerwehrauto (Sirene),Camión de bomberos (sirena),"Véhicule de pompiers, camion de pompiers (sirène)","फ़ायर इंजन, फ़ायर ट्रक (सायरन)","Mobil pemadam kebakaran, truk pemadam kebakaran (sirene)",Camion dei pompieri (sirena),消防車（サイレン）,소방차(사이렌),Wóz strażacki (syrena),Caminhão de bombeiros (sirene),,รถดับเพลิง (ไซเรน),"İtfaiye kamyonu, itfaiye arabası (siren)","Xe cứu hỏa, xe chữa cháy (còi hú)",消防车（警笛）,消防车（警笛）,消防車、救火車（鳴笛）
Studio.Toolbox.Audio.SoundEffect.Category.Traffic_noise_roadway_noise,,,"Traffic noise, roadway noise","Traffic noise, roadway noise",ضوضاء المرور، ضوضاء الطريق,"Verkehrslärm, Straßenlärm","Ruido de tráfico, ruido de carretera","Bruit du trafic, bruit de la route","ट्रैफ़िक का शोर, सड़क का शोर","Suara lalu lintas, suara jalan","Traffico, rumore stradale",車の騒音,"교통 소음, 도로 소음","Odgłosy ruchu ulicznego, odgłosy ruchu drogowego","Ruído de tráfego, ruído de estrada",,"เสียงการจราจร, เสียงตามท้องถนน","Trafik gürültüsü, yol gürültüsü","Tiếng ồn giao thông, tiếng ồn đường bộ",道路噪音,道路噪音,交通噪音、道路噪音
Studio.Toolbox.Audio.SoundEffect.Category.Rail_transport,,,Rail transport,Rail transport,النقل بالسكك الحديدية,Schienenverkehr,Transporte ferroviario,Transport ferroviaire,रेलवे ट्रांसपोर्ट,Transportasi rel,Trasporto ferroviario,鉄道,철도 교통,Transport szynowy,Transporte ferroviário,,การขนส่งทางรถไฟ,Demir yolu taşımacılığı,Vận tải đường sắt,铁路运输,铁路运输,鐵路運輸
Studio.Toolbox.Audio.SoundEffect.Category.Train_whistle,,,Train whistle,Train whistle,صفارة القطار,Zugpfeife,Silbato de tren,Sifflet de train,ट्रेन की सीटी,Peluit kereta,Fischio del treno,電車の警笛,기차 기적,Gwizdek kolejowy,Apito de trem,,เสียงหวีดรถไฟ,Tren düdüğü,Còi tàu hỏa,火车汽笛,火车汽笛,火車汽笛聲
Studio.Toolbox.Audio.SoundEffect.Category.Train_horn,,,Train horn,Train horn,بوق القطار,Zughupe,Bocina de tren,Corne de train,ट्रेन हॉर्न,Klakson kereta,Clacson del treno,電車の汽笛,기차 경적,Klakson pociągu,Buzina de trem,,แตรรถไฟ,Tren kornası,Còi tàu hỏa,火车鸣笛,火车鸣笛,火車喇叭聲
Studio.Toolbox.Audio.SoundEffect.Category.Railroad_car_train_wagon,,,"Railroad car, train wagon","Railroad car, train wagon",عربة سكة حديدية، عربة قطار,Eisenbahnwaggon,Vagón de tren,"Voiture ferroviaire, wagon de train","रेलरोड कार, ट्रेन वैगन","Gerbong kereta api, gerbong kereta","Autovettura ferroviaria, vagone treno",鉄道車両の音,궤도차,"Wagon pociągu, wagon kolejowy","Carro ferroviário, vagão de trem",,"รถไฟ, ขบวนรถไฟ","Demir yolu taşıtı, tren vagonu","Xe lửa, toa tàu",火车车厢,火车车厢,鐵路車廂、火車車廂
Studio.Toolbox.Audio.SoundEffect.Category.Train_wheels_squealing,,,Train wheels squealing,Train wheels squealing,صرير عجلات القطار,Quietschende Zugräder,Chirrido de ruedas de tren,Grincement des roues du train,ट्रेन के पहियों के घिसने की तेज़ आवाज़,Roda kereta berdecit,Lo stridio delle ruote del treno,列車の車輪のきしみ音,기차 바퀴 소음,Pisk kół pociągu,Rodas de trem rangendo,,ล้อรถไฟเสียดสี,Tren tekerleği gıcırtısı,Tiếng rít của bánh xe lửa,火车车轮声,火车车轮声,火車輪胎尖叫聲
Studio.Toolbox.Audio.SoundEffect.Category.Subway_metro_underground,,,"Subway, metro, underground","Subway, metro, underground",مترو الأنفاق، مترو، مترو تحت الأرض,"U-Bahn, Metro","Metro, subterráneo, metropolitana",Métro,"सबवे, मेट्रो, अंडरग्राउंड","Kereta bawah tanah, metro, bawah tanah",Metropolitana,地下鉄,지하철,"Metro, kolej podziemna","Metrô, metrô subterrâneo",,รถไฟใต้ดิน,"Yer altı treni, metro, yer altı",Tàu điện ngầm,地铁,地铁,地鐵、捷運、地下鐵道
Studio.Toolbox.Audio.SoundEffect.Category.Aircraft_engine,,,Aircraft engine,Aircraft engine,محرك الطائرة,Flugzeugmotor,Motor de aviones,Moteur d'avion,एयरक्राफ़्ट इंजन,Mesin pesawat,Motore aero,航空機エンジン,항공기 엔진,Silnik lotniczy,Motor de aeronave,,เครื่องยนต์อากาศยาน,Uçak motoru,Động cơ máy bay,飞机发动机,飞机发动机,飛機引擎
Studio.Toolbox.Audio.SoundEffect.Category.Jet_engine,,,Jet engine,Jet engine,محرك طائرة نفاثة,Düsentriebwerk,Motor de jet,Moteur de jet,जेट इंजन,Mesin jet,Motore Jet,ジェットエンジン,제트 엔진,Silnik odrzutowy,Motor a jato,,เครื่องยนต์เจ็ต,Jet motoru,Động cơ phản lực,喷气发动机,喷气发动机,噴射引擎
Studio.Toolbox.Audio.SoundEffect.Category.Propeller_airscrew,,,"Propeller, airscrew","Propeller, airscrew",المروحة، مروحة الطائرة,"Propeller, Luftschraube","Hélice, tornillo neumático","Hélice, vis sans fin","प्रोपेलर, एयरस्क्रू",Baling-baling,Elica aerea,プロペラ,프로펠러,Śmigło,Hélice,,"ใบพัด, ใบพัดอากาศ","Pervane, uskur","Cánh đẩy, ốc vít",螺旋桨,螺旋桨,螺旋槳、飛機螺旋槳
Studio.Toolbox.Audio.SoundEffect.Category.Fixed-wing_aircraft_airplane,,,"Fixed-wing aircraft, airplane","Fixed-wing aircraft, airplane",طائرة ثابتة الجناحين، طائرة,"Starrflügelflugzeug, Flugzeug","Avión de ala fija, avión","Aéronefs à voilure fixe, avion","फ़िक्स्ड विंग एयरक्राफ़्ट, हवाई जहाज","Pesawat bersayap tetap, pesawat","Aeromobili ad ala fissa, aereo",固定翼機、飛行機,"고정익 항공기, 비행기","Stałopłat, samolot","Aeronave de asa fixa, avião",,"อากาศยานปีกคงที่, เครื่องบิน","Sabit kanatlı uçak, uçak","Máy bay cánh cố định, tàu bay",飞机,飞机,固定翼飛機、飛機
Studio.Toolbox.Audio.SoundEffect.Category.Light_engine_(high_frequency),,,Light engine (high frequency),Light engine (high frequency),محرك خفيف (تردد عالٍ),Leichter Motor (hohe Frequenz),Motor ligero (alta frecuencia),Moteur léger (haute fréquence),लाइट इंजन (हाई फ़्रीक्वेंसी),Mesin ringan (frekuensi tinggi),Motore leggero (alta frequenza),軽量エンジン（高周波）,경량 엔진(고주파),Silnik lekki (wysoka częstotliwość),Motor leve (alta frequência),,เครื่องยนต์เบา (ความถี่สูง),Hafif motor (yüksek frekans),Động cơ hạng nhẹ (tần số cao),轻型引擎（高频率）,轻型引擎（高频率）,輕型引擎（高頻率）
Studio.Toolbox.Audio.SoundEffect.Category.Dental_drill_dentist's_drill,,,"Dental drill, dentist's drill","Dental drill, dentist's drill",مثقاب الأسنان، مثقاب طبيب الأسنان,Zahnbohrer,"Perforación dental, taladro de dentista","Fraise dentaire, fraise de dentiste","डेंटल ड्रिल, डेंटिस्ट की ड्रिल","Bor gigi, bor dokter gigi","Trapano dentale, trapano dentista",歯科用ドリル,치과용 드릴,"Wiertło dentystyczne, wiertło stomatologiczne","Broca dental, broca de dentista",,"สว่านทันตกรรม, สว่านทันตแพทย์","Diş matkabı, dişçi matkabı","Máy khoan nha khoa, tay khoan nha khoa",牙科电钻、牙医电钻,牙科电钻、牙医电钻,牙科電鑽、牙醫電鑽
Studio.Toolbox.Audio.SoundEffect.Category.Lawn_mower,,,Lawn mower,Lawn mower,جزازة الأعشاب,Rasenmäher,Cortacésped,Tondeuse à pelouse,लॉन में घास काटने की मशीन,Pemotong rumput,Falciatrice da prato,芝刈り機,잔디 깎기,Kosiarka do trawy,Cortador de grama,,เครื่องตัดหญ้า,Çim biçme makinesi,Máy cắt cỏ,割草机,割草机,草坪修剪機
Studio.Toolbox.Audio.SoundEffect.Category.Medium_engine_(mid_frequency),,,Medium engine (mid frequency),Medium engine (mid frequency),محرك متوسط (تردد متوسط),Mittlerer Motor (mittlere Frequenz),Motor medio (media frecuencia),Moteur moyen (fréquence moyenne),मीडियम इंजन (मिड फ़्रीक्वेंसी),Mesin medium (frekuensi sedang),Motore medio (media frequenza),中型エンジン (中周波）,중급 엔진(중주파),Silnik średni (średnia częstotliwość),Motor médio (média frequência),,เครื่องยนต์กลาง (ความถี่กลาง),Orta düzey motor (orta frekans),Động cơ hạng trung (tần số trung bình),中型引擎（中频率）,中型引擎（中频率）,中型引擎（中頻率）
Studio.Toolbox.Audio.SoundEffect.Category.Heavy_engine_(low_frequency),,,Heavy engine (low frequency),Heavy engine (low frequency),محرك ثقيل (تردد منخفض),Schwerer Motor (niedrige Frequenz),Motor pesado (baja frecuencia),Moteur lourd (basse fréquence),भारी इंजन (कम फ़्रीक्वेंसी),Mesin berat (frekuensi rendah),Motore pesante (bassa frequenza),高馬力エンジン（低周波）,대형 엔진(저주파),Silnik ciężki (niska częstotliwość),Motor pesado (baixa frequência),,เครื่องยนต์หนัก (ความถี่ต่ำ),Ağır motor (düşük frekans),Động cơ hạng nặng (tần số thấp),重型引擎（低频率）,重型引擎（低频率）,重型引擎（低頻率）
Studio.Toolbox.Audio.SoundEffect.Category.Engine_knocking,,,Engine knocking,Engine knocking,طرق المحرك,Motorklopfen,Golpeteo del motor,Claquement de moteur,इंजन नॉकिंग,Mesin meletup,Motore che batte,エンジンのノッキング音,엔진 노킹,Spalanie stukowe,Motor batendo,,เครื่องยนต์ดับ,Vuruntu,Tiếng gõ động cơ,发动机爆震,发动机爆震,引擎敲擊聲
Studio.Toolbox.Audio.SoundEffect.Category.Engine_starting,,,Engine starting,Engine starting,بدء تشغيل المحرك,Motor anlassen,Arranque del motor,Démarrage du moteur,इंजन स्टार्ट हो रहा है,Mesin mulai menyala,Avvio del motore,エンジン発進音,엔진 시동,Odpalanie silnika,Motor ligando,,เครื่องยนต์สตาร์ท,Motor çalışması,Tiếng khởi động của động cơ,发动机启动,发动机启动,啟動引擎
Studio.Toolbox.Audio.SoundEffect.Category.Accelerating_revving_vroom,,,"Accelerating, revving, vroom","Accelerating, revving, vroom",تسارع، زيادة السرعة، صوت محرك السيارة,"Beschleunigen, aufheulen, brumm","Acelerar, revolucionar, vrum","Accélérer, faire tourner, vroum","ऐक्सलरेट करना, घूमना, व्रूम","Akselerasi, gerung kendaraan, brum","Accelerare, motore su di giri",加速音、ブルンブルン音,"가속, 속도 높임, 부릉부릉 소리","Dodawanie gazu, wysokie obroty","Acelerando, vrum",,"การเร่ง, การเร่งเครื่อง, บรืน","Hızlanma, devirlenme, vınlama","Tăng tốc, gầm rú, vùm",加速,加速,加速、轉速增加、呼嘯聲
Studio.Toolbox.Audio.SoundEffect.Category.Sliding_door,,,Sliding door,Sliding door,باب جرَّار,Schiebetür,Puerta deslizante,Porte coulissante,स्लाइडिंग दरवाज़ा,Pintu geser,Porta scorrevole,引き戸,미닫이문,Drzwi przesuwne,Porta deslizante,,ประตูเลื่อน,Sürgülü kapı,Cửa trượt,滑动门,滑动门,滑門
Studio.Toolbox.Audio.SoundEffect.Category.Cupboard_open_or_close,,,Cupboard open or close,Cupboard open or close,خزانة مفتوحة أو مغلقة,Schrank öffnen oder schließen,Armario abierto o cerrado,Ouverture ou fermeture d'un placard,अलमारी खुलना या बंद होना,Lemari dibuka atau ditutup,Scaffale aperto o chiuso,食器棚の開閉音,찬장 열고 닫음,Otwieranie lub zamykanie szafki,Armário abre ou fecha,,เปิดหรือปิดตู้,Dolap açılıp kapanması,Tủ quần áo mở hoặc đóng,橱柜门开关,橱柜门开关,櫥櫃開關門聲
Studio.Toolbox.Audio.SoundEffect.Category.Drawer_open_or_close,,,Drawer open or close,Drawer open or close,فتح دُرج أو غلقه,Schublade öffnen oder schließen,Cajón abierto o cerrado,Ouverture ou fermeture du tiroir,दराज़ खुलना या बंद होना,Laci dibuka atau ditutup,Cassetto aperto o chiuso,引き出しの開閉音,서랍 열고 닫음,Otwieranie lub zamykanie szuflady,Gaveta abre ou fecha,,เปิดหรือปิดลิ้นชัก,Çekmece açılıp kapanması,Ngăn kéo mở hoặc đóng,抽屉开关,抽屉开关,抽屜開關門聲
Studio.Toolbox.Audio.SoundEffect.Category.Dishes_pots_and_pans,,,"Dishes, pots, and pans","Dishes, pots, and pans",الأطباق والأواني والمقالي,"Geschirr, Töpfe und Pfannen","Platos, ollas y sartenes","Vaisselle, casseroles et poêles","डिश, बर्तन और पैन","Piring, panci, dan wajan","Piastre, vasetti e padelle",皿、鍋,"접시, 냄비, 프라이팬","Naczynia, garnki i patelnie","Pratos, panelas e frigideiras",,"จาน, หม้อ, กระทะ","Tabak, tencere, tava","Đĩa, nồi và chảo",盘子、锅子和平底锅,盘子、锅子和平底锅,碗盤、鍋子和鍋
Studio.Toolbox.Audio.SoundEffect.Category.Cutlery_silverware,,,"Cutlery, silverware","Cutlery, silverware",أدوات المائدة، أدوات المائدة الفضية,Besteck,"Cubiertos, cubiertos de plata","Couverts, argenterie","कटलरी, चाँदी के बर्तन",Alat makan,"Posate, argenteria",カトラリー,"수저, 식기류",Sztućce,Talheres,,"ช้อนส้อม, เครื่องเงิน","Çatal bıçak, sofra takımı","Dao kéo, đồ dùng bằng bạc",餐具,餐具,餐具、銀器
Studio.Toolbox.Audio.SoundEffect.Category.Chopping_(food),,,Chopping (food),Chopping (food),تقطيع (طعام),Schneiden (Lebensmittel),Cortar (comida),Hachage (aliments),चॉपिंग (खाना),Memotong (makanan),Tritatura (alimenti),まな板の音（調理）,식재료 썰기,Siekanie (żywność),Cortando (comida),,การตัด (ไม้),Doğrama (yemek),Băm (thực phẩm),切（食物）,切（食物）,切剁（食物）
Studio.Toolbox.Audio.SoundEffect.Category.Frying_(food),,,Frying (food),Frying (food),قلي (طعام),Braten (Lebensmittel),Freír (comida),Friture (alimentation),तलना (खाना),Menggoreng (makanan),Frittura (alimenti),揚げる音（調理）,음식 튀김,Smażenie (żywność),Fritando (comida),,การทอด (อาหาร),Kızartma (yemek),Chiên (thực phẩm),煎（食物）,煎（食物）,油煎（食物）
Studio.Toolbox.Audio.SoundEffect.Category.Microwave_oven,,,Microwave oven,Microwave oven,فرن الميكروويف,Mikrowelle,Horno microondas,Four micro-ondes,माइक्रोवेव ओवन,Oven microwave,Forno a microonde,電子レンジ,전자레인지,Kuchenka mikrofalowa,Forno de micro-ondas,,เตาไมโครเวฟ,Mikrodalga fırın,Lò vi sóng,微波炉,微波炉,微波爐
Studio.Toolbox.Audio.SoundEffect.Category.Water_tap_faucet,,,"Water tap, faucet","Water tap, faucet",صنبور الماء، الصنبور,Wasserhahn,"Toque de agua, grifo","Robinet à eau, robinet","पानी का नल, फ़ॉसेट",Keran air,Acqua dal rubinetto,蛇口,수도꼭지,Kran,Torneira,,"ก๊อกน้ำ, วาล์ว","Vana, musluk","Vòi nước, vòi",水龙头,水龙头,自來水、水龍頭
Studio.Toolbox.Audio.SoundEffect.Category.Sink_(filling_or_washing),,,Sink (filling or washing),Sink (filling or washing),حوض (ملء أو غسيل),Spüle (Füllen oder Waschen),Lavabo (rellenando o lavando),Évier (remplissage ou lavage),सिंक (भरना या धोना),Wastafel (mengisi atau mencuci),Lavandino (riempimento o lavaggio),流し台（水音、洗う音）,싱크대(물받이 또는 세척),"Umywalka, zlew (napełnianie lub mycie)",Pia (enchimento ou lavagem),,อ่าง (การเติมหรือการล้าง),Lavabo (doldurma veya yıkama),Bồn rửa (đổ nước hoặc rửa),水池（装水或清洗）,水池（装水或清洗）,水槽（裝水或清洗）
Studio.Toolbox.Audio.SoundEffect.Category.Bathtub_(filling_or_washing),,,Bathtub (filling or washing),Bathtub (filling or washing),حوض الاستحمام (ملء أو غسيل),Badewanne (Füllen oder Waschen),Bañera (rellenando o lavando),Baignoire (remplissage ou lavage),बाथटब (भरना या धोना),Bak mandi (mengisi atau membersihkan),Vasca da bagno (riempimento o lavaggio),バスタブ（水音、洗う音）,욕조(물받이 또는 세척),Wanna (napełnianie lub mycie),Banheira (enchimento ou lavagem),,อ่างอาบน้ำ (การเติมหรือการล้าง),Küvet (doldurma veya yıkanma),Bồn tắm (đổ nước hoặc tắm),浴缸（装水或清洗）,浴缸（装水或清洗）,浴缸（裝水或清洗）
Studio.Toolbox.Audio.SoundEffect.Category.Hair_dryer,,,Hair dryer,Hair dryer,مجفف الشعر,Haartrockner,Secadora de pelo,Sèche-cheveux,हेयर ड्रायर,Pengering rambut,Asciugacapelli,ドライヤー,헤어 드라이기,Suszarka do włosów,Secador de cabelo,,ไดร์เป่าผม,Saç kurutma makinesi,Máy sấy tóc,吹风机,吹风机,吹風機
Studio.Toolbox.Audio.SoundEffect.Category.Toilet_flush,,,Toilet flush,Toilet flush,دفق ماء المرحاض,Toilettenspülung,Descarga del inodoro,Chasse d'eau des toilettes,टॉयलेट फ़्लश,Menyiram toilet,Sciacquone,トイレを流す音,변기 물 내림,Spłuczka toaletowa,Descarga de banheiro,,เสียงกดชักโครก,Tuvalet sifonu,Thụt rửa nhà vệ sinh,冲马桶,冲马桶,馬桶沖水聲
Studio.Toolbox.Audio.SoundEffect.Category.Electric_toothbrush,,,Electric toothbrush,Electric toothbrush,فرشاة أسنان كهربائية,Elektrische Zahnbürste,Cepillo de dientes eléctrico,Brosse à dents électrique,इलेक्ट्रिक टूथब्रश,Sikat gigi listrik,Spazzolino elettrico,電動歯ブラシ,전동 칫솔,Elektryczna szczoteczka do zębów,Escova de dentes elétrica,,แปรงไฟฟ้า,Elektrikli diş fırçası,Bàn chải đánh răng điện,电动牙刷,电动牙刷,電動牙刷
Studio.Toolbox.Audio.SoundEffect.Category.Vacuum_cleaner,,,Vacuum cleaner,Vacuum cleaner,مكنسة كهربائية,Staubsauger,Aspiradora,Aspirateur,वैक्यूम क्लीनर,Penyedot debu,Aspirapolvere,掃除機,진공청소기,Odkurzacz,Aspirador de pó,,เครื่องดูดฝุ่น,Elektrikli süpürge,Máy hút bụi,吸尘器,吸尘器,吸塵器
Studio.Toolbox.Audio.SoundEffect.Category.Zipper_(clothing),,,Zipper (clothing),Zipper (clothing),سحّاب (ملابس),Reißverschluss (Kleidung),Zíper (ropa),Fermeture éclair (vêtements),ज़िपर (ड्रेस),Ritsleting (pakaian),Cerniera (abbigliamento),チャック（洋服）,지퍼(의류),Suwak (odzież),Zíper (roupa),,เสื้อมีซิป (เสื้อผ้า),Fermuar (kıyafet),Dây kéo (quần áo),拉链（服饰）,拉链（服饰）,拉鍊（衣服）
Studio.Toolbox.Audio.SoundEffect.Category.Keys_jangling,,,Keys jangling,Keys jangling,رنين المفاتيح,Schlüssel klappern,Tintineo de llaves,Clés qui s'entrechoquent,चाबी की छनछनाहट,Gerincing kunci,Rumore di chiavi,カギのジャラジャラ音,열쇠 쨍그랑 소리,Brzęk kluczy,Chaves balançando,,กุญแจกระทบกัน,Anahtar şıngırtısı,Tiếng leng keng của chùm chìa khóa,钥匙叮当声,钥匙叮当声,鑰匙叮噹聲
Studio.Toolbox.Audio.SoundEffect.Category.Coin_(dropping),,,Coin (dropping),Coin (dropping),عملة (سقوط),Münze (fallen lassen),Moneda (cayendo),Pièce (qui tombe),सिक्का (गिराना),Koin (jatuh),Moneta (che cade),コイン（落ちる音）,동전(떨어짐),Moneta (upadająca),Moeda (caindo),,เหรียญ (การตก),Bozuk para (düşme),Tiền xu (rơi),硬币（掉落）,硬币（掉落）,硬幣（掉落）
Studio.Toolbox.Audio.SoundEffect.Category.Electric_shaver_electric_razor,,,"Electric shaver, electric razor","Electric shaver, electric razor",ماكينة حلاقة كهربائية، شفرة حلاقة كهربائية,Elektrischer Rasierer,"Rasuradora eléctrica, afeitadora eléctrica",Rasoir électrique,"इलेक्ट्रिक शेवर, इलेक्ट्रिक रेज़र","Alat cukur listrik, pencukur listrik","Rasoio elettrico, taglia barba",電動カミソリ,전기면도기,"Golarka elektryczna, elektryczna maszynka do golenia",Barbeador elétrico,,"เครื่องโกนไฟฟ้า, มีดโกนไฟฟ้า","Elektrikli tıraş makinesi, elektrikli tıraş bıçağı","Máy cạo râu, dao cạo điện",电动剃须刀,电动剃须刀,電動刮鬍刀、電動剃刀
Studio.Toolbox.Audio.SoundEffect.Category.Shuffling_cards,,,Shuffling cards,Shuffling cards,خلط البطاقات,Karten mischen,Barajar cartas,Mélange des cartes,ताश फेंटना,Mengocok kartu,Mescolare le carte,カードのシャッフル音,카드 섞기,Tasowanie kart,Embaralhando cartas,,การสับการ์ด,Kart karma,Thẻ xáo đổi,洗牌,洗牌,洗牌
Studio.Toolbox.Audio.SoundEffect.Category.Computer_keyboard,,,Computer keyboard,Computer keyboard,لوحة مفاتيح الكمبيوتر,Computertastatur,Teclado de computadora,Clavier de l'ordinateur,कंप्यूटर कीबोर्ड,Keyboard komputer,Tastiera computer,パソコンのキーボード,컴퓨터 키보드,Klawiatura komputerowa,Teclado de computador,,คีย์บอร์ดคอมพิวเตอร์,Bilgisayar klavyesi,Bàn phím máy tính,计算机键盘,计算机键盘,電腦鍵盤
Studio.Toolbox.Audio.SoundEffect.Category.Telephone_bell_ringing,,,Telephone bell ringing,Telephone bell ringing,رنين جرس الهاتف,Telefonklingeln,Timbre de teléfono,Sonnerie du téléphone,टेलीफ़ोन की घंटी बजना,Dering telepon,Squillo del telefono,電話の鳴る音,전화벨 울림,Dzwonek telefonu,Toque de telefone,,เสียงโทรศัพท์ดัง,Telefon zili,Tiếng đổ chuông của điện thoại,电话响铃,电话响铃,電話鈴響
Studio.Toolbox.Audio.SoundEffect.Category.Telephone_dialing_DTMF,,,"Telephone dialing, DTMF","Telephone dialing, DTMF",الاتصال الهاتفي، DTMF,Telefonwahl,"Marcación telefónica, DTMF","Numérotation téléphonique, bi-ton multi-fréquence","टेलीफ़ोन डायलिंग, DTMF","Suara tombol telepon, DTMF",Composizonoe numero telefonico,電話のダイヤル音、トーン,"전화 걸기, 이중 톤 다중 주파수(DTMF)","Wybieranie tonowe, DTMF",Discagem telefônica,,"กดโทรศัพท์, DTMF","Telefon çevirme, DTMF","Quay số điện thoại, DTMF",电话拨号,电话拨号,電話撥號、雙音多頻訊號 (DTMF)
Studio.Toolbox.Audio.SoundEffect.Category.Dial_tone,,,Dial tone,Dial tone,نغمة الاتصال,Wählton,Tono de llamada,Tonalité de numérotation,डायल टोन,Nada panggil,Tono di chiamata,ダイヤルトーン,발신음,Sygnał wybierania,Tom de discagem,,สัญญาณต่อเลขหมาย,Çevirme sesi,Âm thanh khi quay số,拨号音,拨号音,撥號聲
Studio.Toolbox.Audio.SoundEffect.Category.Busy_signal,,,Busy signal,Busy signal,إشارة انشغال الخط,Besetztzeichen,Señal de ocupado,Signal occupé,बिज़ी सिगनल,Sinyal sibuk,Segnale occupato,通話中音,통화 중 신호,Sygnał zajętości,Sinal ocupado,,สัญญาณไม่ว่าง,Meşgul sinyali,Tín hiệu máy bận,占线音,占线音,忙線訊號
Studio.Toolbox.Audio.SoundEffect.Category.Alarm_clock,,,Alarm clock,Alarm clock,منبِّه,Wecker,Alarma,Alarme de réveil,अलार्म घड़ी,Jam alarm,Sveglia orologio,目覚まし時計,알람 시계,Budzik,Relógio com alarme,,นาฬิกาปลุก,Çalar saat,Đồng hồ báo thức,闹钟,闹钟,鬧鐘
Studio.Toolbox.Audio.SoundEffect.Category.Civil_defense_siren,,,Civil defense siren,Civil defense siren,صفارة الدفاع المدني,Zivilschutzsirene,Sirena de protección civil,Sirène de la défense civile,सिविल डिफे़ंस सायरन,Sirene pertahanan sipil,Sirena di difesa civile,市民防災警報,민방위 사이렌,Syrena systemu wczesnego ostrzegania,Sirene da defesa civil,,ไซเรนการป้องกันพลเรือน,Sivil savunma sireni,Còi báo động dân sự,民防警报器,民防警报器,民防警報器
Studio.Toolbox.Audio.SoundEffect.Category.Smoke_detector_smoke_alarm,,,"Smoke detector, smoke alarm","Smoke detector, smoke alarm",كاشف الدخان، إنذار الدخان,Rauchmelder,"Detector de humo, alarma de humo","Détecteur de fumée, détecteur de fumée","स्मोक डिटेक्टर, स्मोक अलार्म","Pendeteksi asap, alarm asap","Rilevatore di fumo, allarme di fumo",煙探知器、火災警報器,"연기 감지기, 화재 경보기","Czujnik dymu, alarm dymowy","Detector de fumaça, alarme de fumaça",,"เครื่องตรวจจับควัน, เครื่องเตือนควัน","Duman dedektörü, duman alarmı","Cảm biến khói, báo khói",烟雾探测器,烟雾探测器,煙霧探測器、煙霧報警器
Studio.Toolbox.Audio.SoundEffect.Category.Fire_alarm,,,Fire alarm,Fire alarm,إنذار الحريق,Feueralarm,Alarma de incendios,Alarme incendie,फ़ायर अलार्म,Alarm kebakaran,Allarme antincendio,火災報知器,화재 경보,Alarm przeciwpożarowy,Alarme de incêndio,,สัญญาณเตือนอัคคีภัย,Yangın alarmı,Báo cháy,火警警报器,火警警报器,火災警報器
Studio.Toolbox.Audio.SoundEffect.Category.Steam_whistle,,,Steam whistle,Steam whistle,صفارة البخار,Dampfpfeife,Silbato de vapor,Sifflet à vapeur,भाप की सीटी,Peluit uap,Fischio a vapore,蒸気笛,기적,Gwizdek parowy,Apito de trem,,เสียงหวีดไอน้ำ,Buharlı düdük,Còi hơi nước,汽笛,汽笛,汽笛
Studio.Toolbox.Audio.SoundEffect.Category.Ratchet_pawl,,,"Ratchet, pawl","Ratchet, pawl",سقاطة، سقاطة,"Ratsche, Sperrklinke","Trinquete, rueda dentada",Cliquet,"शाफ़्ट, पॉल","Roda gigi searah, pelatuk",Cricchetto,ラチェット、歯止め,"래칫, 폴",Zapadka,Lingueta,,"เฟืองล้อ, แกนสปริง","Cırcır, mandal","Bánh cóc, chốt chặn",棘轮、爪,棘轮、爪,棘輪、棘爪
Studio.Toolbox.Audio.SoundEffect.Category.Sewing_machine,,,Sewing machine,Sewing machine,ماكينة الخياطة,Nähmaschine,Máquina de coser,Machine à coudre,सिलाई मशीन,Mesin jahit,Macchina da cucire,ミシン,재봉틀,Maszyna do szycia,Máquina de costura,,จักรเย็บผ้า,Dikiş makinesi,Máy may,缝纫机,缝纫机,縫紉機
Studio.Toolbox.Audio.SoundEffect.Category.Mechanical_fan,,,Mechanical fan,Mechanical fan,مروحة ميكانيكية,Mechanischer Ventilator,Ventilador,Ventilateur mécanique,मेकैनिकल फ़ैन,Kipas mekanis,Ventola meccanica,扇風機,선풍기,Wentylator elektryczny,Ventilador mecânico,,พัดลมไฟฟ้า,Mekanik fan,Quạt Cơ,机械风扇,机械风扇,機械風扇
Studio.Toolbox.Audio.SoundEffect.Category.Air_conditioning,,,Air conditioning,Air conditioning,تكييف الهواء,Klimaanlage,Aire acondicionado,Air conditionné,एयर कंडीशनिंग,Pendingin ruangan,Aria condizionata,エアコン,에어컨,Klimatyzacja,Ar condicionado,,เครื่องปรับอากาศ,Klima,Điều hòa không khí,空调,空调,冷氣
Studio.Toolbox.Audio.SoundEffect.Category.Cash_register,,,Cash register,Cash register,ماكينة تسجيل المدفوعات النقدية,Registrierkasse,Caja registradora,Caisse enregistreuse,कैश रजिस्टर,Mesin kasir,Registro di cassa,レジ,금전 등록기,Kasa sklepowa,Caixa registradora,,เครื่องบันทึกเงินสด,Yazar kasa,Máy tính tiền,收银机,收银机,收銀機
Studio.Toolbox.Audio.SoundEffect.Category.Single-lens_reflex_camera,,,Single-lens reflex camera,Single-lens reflex camera,كاميرا عاكسة أحادية العدسة,Spiegelreflexkamera,Cámara de reflejo de lente único,Appareil photo reflex mono-objectif,सिंगल-लेंस रिफ़्लैक्स कैमरा,Kamera refleks lensa tunggal,Telecamera reflex con lenti singole,一眼レフカメラ,일안 리플렉스 카메라,Lustrzanka jednoobiektywowa,Câmera de lente única de reflexo,,กล้องสะท้อนภาพเลนส์เดี่ยว,SLR kamera,Camera phản xạ ống kính đơn,单反相机,单反相机,單眼反光相機
Studio.Toolbox.Audio.SoundEffect.Category.Filing_(rasp),,,Filing (rasp),Filing (rasp),تعبئة (المبرد),Feilen (Raspel),Limar,Lime (râpe),फ़ाइलिंग (झंकारना),Mengikir (kasar),Lima (grattugia),研磨音（やすり）,줄질,Piłowanie (zgrzyt),Raspando,,การตะไบ,Eğeleme (törpüleme),Mài giũa (giũa),锉（锉刀）,锉（锉刀）,銼削（銼刀）
Studio.Toolbox.Audio.SoundEffect.Category.Power_tool,,,Power tool,Power tool,أداة كهربائية,Elektro-Tool,Herramienta eléctrica,Outil d'alimentation,पावर टूल,Alat pertukangan berdaya listrik,Utensile elettrico,電動工具,전동 공구,Elektronarzędzie,Ferramenta elétrica,,เครื่องมือกล,Elektrikli alet,Công cụ điện,电动工具,电动工具,電動工具
Studio.Toolbox.Audio.SoundEffect.Category.Gunshot_gunfire,,,"Gunshot, gunfire","Gunshot, gunfire",طلق ناري، إطلاق نار,"Schüsse, Schießerei","Disparos, tiros","Coup de feu, coup de fusil","गनशॉट, गनफ़ायर",Tembakan pistol,"Pistola, sparo",銃声,"총격, 총소리","Wystrzał z broni palnej, wystrzał z pistoletu","Tiro, arma de fogo",,ยิงปืน,"Silah sesi, silah atışı",Tiếng súng,枪声,枪声,槍擊、槍聲
Studio.Toolbox.Audio.SoundEffect.Category.Machine_gun,,,Machine gun,Machine gun,مدفع رشاش,Maschinengewehr,Ametralladora,Mitrailleuse,मशीन गन,Senapan mesin,Mitragliatrice,マシンガン,기관총,Karabin maszynowy,Metralhadora,,ปืนกล,Makineli tüfek,Súng máy,机枪,机枪,機關槍
Studio.Toolbox.Audio.SoundEffect.Category.Artillery_fire,,,Artillery fire,Artillery fire,نيران المدفعية,Artilleriefeuer,Fuego de artillería,Feu d'artillerie,आर्टिलरी फ़ायर,Tembakan artileri,Fuoco d'artiglieria,砲撃,포격,Ostrzał artyleryjski,Fogo de artilharia,,ยิงปืนใหญ่,Ağır silah atışı,Pháo kích,炮击,炮击,砲兵射擊
Studio.Toolbox.Audio.SoundEffect.Category.Cap_gun,,,Cap gun,Cap gun,مسدس,Spielzeugpistole,Pistola de casquillos,Pistolet à bille,कैप गन,Pistol mainan,Pistola a pallini,おもちゃのピストル,장난감 총,Pistolet na kapsle,Arma de brinquedo,,ปืนแก็ป,Mantar tabancası,Súng lục nắp,玩具手枪,玩具手枪,開瓶槍
Studio.Toolbox.Audio.SoundEffect.Category.Burst_pop,,,"Burst, pop","Burst, pop",انفجار، فرقعة,"Platzen, knallen","Explosión, pop",Éclatement,"बर्स्ट, पॉप","Pecah, meletus","Esplosione, pop",バースト音、破裂,터지는 소리,"Pęknięcie, trzask",Estouro,,"ระเบิด, ป๊อป","Patlama, pat sesi","Nổ, bốp",爆破,爆破,砰的爆破聲
Studio.Toolbox.Audio.SoundEffect.Category.Chink_clink,,,"Chink, clink","Chink, clink",طقطقة، خشخشة,Klirren,Tintineo,Tintement,"चिंक, क्लिंक","Denting, gemerincing",Tintinnio,カチン音,쨍그랑 소리,"Brzęk, pobrzękiwanie",Clink,,"กริ๊ง, กริ๊ง","Şıngırtı, şıkırtı","Xủng xẻng, leng keng",裂开,裂开,叮噹聲
Studio.Toolbox.Audio.SoundEffect.Category.Splash_splatter,,,"Splash, splatter","Splash, splatter",رش، رشاش,Planschen,Salpicadura,Éclaboussures,"स्प्लैश, स्प्लैटर","Percikan, guyuran","Spruzzare, schizzare",水しぶき,"물 튀김, 첨벙거림","Plusk, rozbryzg",Splash,,สาดกระเซ็น,"Sıçrama, sıçratma","Tõm, lộp độp",飞溅,飞溅,濺射、飛濺
Studio.Toolbox.Audio.SoundEffect.Category.Trickle_dribble,,,"Trickle, dribble","Trickle, dribble",تقطير، تنقيط,Tröpfeln,"Chorreo, goteo",Ruisseler,"ट्रिकल, ड्रिबल","Cucuran air, titisan air",Gocciolare,チョロチョロ音,"졸졸 흐름, 찔끔 흐름","Kapanie, strużka",Goteira,,ไหลหยด,"Sızma, damlama",Nhỏ giọt,流水,流水,涓涓细流
Studio.Toolbox.Audio.SoundEffect.Category.Fill_(with_liquid),,,Fill (with liquid),Fill (with liquid),ملء (بالسائل),Füllen (mit Flüssigkeit),Llenar (con líquidos),Remplissage (avec liquide),भरना (लिक्विड के साथ),Isi (dengan cairan),Riempimento (con liquido),入れる音（液体）,액체 채움,Napełnianie (cieczą),Preencher (com líquido),,เติม (ด้วยของเหลว),Doldurma (sıvıyla),Đổ đầy (chất lỏng),注入（液体）,注入（液体）,注入（液體）
Studio.Toolbox.Audio.SoundEffect.Category.Pump_(liquid),,,Pump (liquid),Pump (liquid),مضخة (سائل),Pumpen (Flüssigkeit),Bombear (líquido),Pompe (liquide),पम्प (लिक्विड),Pompa (cairan),Pompa (liquido),ポンプの音（液体）,액체 펌프질,Pompowanie (cieczy),Bomba (hidráulica),,ปั๊ม (ของเหลว),Pompalama (sıvı),Bơm (chất lỏng),泵送（液体）,泵送（液体）,泵送（液體）
Studio.Toolbox.Audio.SoundEffect.Category.Whoosh_swoosh_swish,,,"Whoosh, swoosh, swish","Whoosh, swoosh, swish",هسهسة، حفيف، هفيف,"Zischen, Rauschen","Silbido, zumbido","Whoosh, swoosh, swish","वूश, स्वूश, स्विश","Suara wus, desir","Sibilo, fruscio",シューシュー音、ヒュー音,"쉭, 휙 하는 소리","Szust, świst, szelest",Ventania,,"กรรโชก, หวือ, หวด","Fışırtı, hışıltı, hışırtı","Vụt, xẹt, vun vút",嗖嗖,嗖嗖,嘶嘶、嗖嗖、咻咻
Studio.Toolbox.Audio.SoundEffect.Category.Thump_thud,,,"Thump, thud","Thump, thud",خبطة، ارتطام,"Dröhnen, dumpfer Schlag","Golpe, golpe seco","Cogner, bruit sourd","थंप, थड",Suara benda jatuh ke lantai,Colpo secco,打つ音、衝撃音,쿵 하는 소리,"Łomot, huk, głuchy odgłos","Batida, impacto",,"ตุบ, ผัวะ","Güm, çarpma","Thịch, uỵch",重击,重击,砰砰聲、重擊聲
Studio.Toolbox.Audio.SoundEffect.Category.Electronic_tuner,,,Electronic tuner,Electronic tuner,موالف إلكتروني,Elektronischer Tuner,Sintonizador electrónico,Tuner électronique,इलेक्ट्रॉनिक ट्यूनर,Tuner elektronik,Sintonizzatore elettronico,電子チューナー,전자 동조 튜너,"Stroik elektroniczny, tuner elektroniczny",Afinador eletrônico,,จูนเนอร์อิเล็กทรอนิก,Elektronik akort cihazı,Bộ chỉnh âm điện tử,电子调音器,电子调音器,電子調音器
Studio.Toolbox.Audio.SoundEffect.Category.Effects_unit,,,Effects unit,Effects unit,وحدة التأثيرات,Effekteinheit,Unidad de efectos,Unité d'effets,इफ़ेक्ट यूनिट,Unit efek,Unità effetto,エフェクト装置,이펙트 단위,Efekt gitarowy,Unidade de efeitos,,กลุ่มเอฟเฟกต์,Efektler birimi,Đơn vị hiệu ứng,效果器,效果器,效果器
Studio.Toolbox.Audio.SoundEffect.Category.Chorus_effect,,,Chorus effect,Chorus effect,تأثير الجوقة,Chorus-Effekt,Efecto coro,Effet de chorus,कोरस इफ़ेक्ट,Efek paduan suara,Effetto coro,合唱のエフェクト,코러스 효과,Efekt chorus,Efeito de coral,,เอฟเฟกต์ประสานเสียง,Koro efekti,Hiệu ứng Chorus,合声效果,合声效果,和聲效果
Studio.Toolbox.Audio.SoundEffect.Category.Basketball_bounce,,,Basketball bounce,Basketball bounce,ارتداد كرة السلة,Basketball hüpfen,Rebote de balón de basquetbol,Rebondissement du ballon de basket,बास्केटबॉल बाउंस,Bola basket memantul,Rimbalzo pallacanestro,バスケットボールが跳ねる音,농구공 튀는 소리,Odbicie piłki do koszykówki,Rebote de basquete,,เด้งบาสเก็ตบอล,Basket topu zıplaması,Độ nảy của bóng rổ,篮球弹跳,篮球弹跳,籃球彈跳聲
Studio.Toolbox.Audio.SoundEffect.Category.Slap_smack,,,"Slap, smack","Slap, smack",صفعة، ضربة,"Schlagen, Klatschen",Bofetada,"Gifle, claque","स्लैप, स्मैक","Menampar, menggampar","Schiaffo, smack",スラップ音,찰싹 때림,"Klaps, plaśnięcie",Tapa,,"ตบ, ทุบ","Tokat, çarpma","Tát, vỗ",拍打,拍打,拍打聲、劈啪聲
Studio.Toolbox.Audio.SoundEffect.Category.Whack_thwack,,,"Whack, thwack","Whack, thwack",ضربة، طَرقة,"Schlag, Prügel",Trancazo,"Whack, thwack","व्हैक, थ्वैक","Pukulan, suara pukulan",Colpire,強打音,후려침,"Grzmotnięcie, trach",Impacto,,"หวด, โผง","Vurma, küt sesi","Đập, vả",重打,重打,撲通、撲通
Studio.Toolbox.Audio.SoundEffect.Category.Smash_crash,,,"Smash, crash","Smash, crash",تحطيم، تحطم,Zerschlagen,"Hacer añicos, aplastar","Smash, crash","स्मैश, क्रैश","Tabrakan, tubrukan","Schianto, schiacciamento",破壊音,"박살냄, 충돌","Huk, łoskot, brzęk",Esmagamento,,"ทุบ, ชน","Kırma, çarpma","Tiếng đổ vỡ, va chạm",猛击,猛击,碰撞、墜落
Studio.Toolbox.Audio.SoundEffect.Category.Crumpling_crinkling,,,"Crumpling, crinkling","Crumpling, crinkling",تجعد، تجعيد,Zerknittern,"Arrugar, crujir","Froissement, chiffonnage","क्रंपलिंग, क्रिंकलिंग",Meremas kertas atau kain,"Stropicciare, accartocciare",クシャクシャ音,구김,"Zgniatanie, marszczenie",Amassando,,"ยับย่น, ยู่ยี่","Kırışma, buruşma","Vo nhàu, nhăn nhúm",压皱,压皱,倒下、縮成一團
Studio.Toolbox.Audio.SoundEffect.Category.Beep_bleep,,,"Beep, bleep","Beep, bleep",صفارة قصيرة، صفارة تنبيه,"Piep, piepen","Bip, pitido","Beep, bleep","बीप, ब्लीप","Bip, blip","Bip, bip",ビープ音,삐 소리,"Trąbienie, bipnięcie",Bip,,"บี๊ป, บลี๊ป","Bip, blip","Tút, bíp",哔哔声,哔哔声,嗶聲
Studio.Toolbox.Audio.SoundEffect.Category.Jingle_tinkle,,,"Jingle, tinkle","Jingle, tinkle",جلجل، رنين,"Klingeln, klimpern","Cascabeleo, tintineo",Tintement,"जिंगल, टिंकल","Gemerincing, berdenting","Jingle, tinkle",チリンチリン音、リンリン音,"댕그랑, 쨍그랑 소리","Dzwonienie, brzękanie",Sininho,,"กรุ๊งกริ๊ง, ดุ๊งดิ๊ง","Çan, çıngırtı",Leng keng,叮当,叮当,叮叮噹噹
Studio.Toolbox.Audio.SoundEffect.Category.Sine_wave,,,Sine wave,Sine wave,موجة جيبية,Sinuswelle,Onda sinusoidal,Onde de choc,साइन वेव,Gelombang sinus,Onde sinusoide,純音,사인파,Fala sinusoidalna,Onda sinusoidal,,คลื่นไซน์,Sinüs dalgası,Sóng sin,正弦波,正弦波,正弦波
Studio.Toolbox.Audio.SoundEffect.Category.Chirp_tone,,,Chirp tone,Chirp tone,نغمة زقزقة,Zwitscherton,Tono de chirrido,Tonalité Chirp,चर्प टोन,Nada kicau,Tono di chirp,ピーピー音,처프 톤,Świergot,Tom de piado,,เสียงแหลม,Cıvıldama sesi,Tiếng chiêm chiếp,唧唧声,唧唧声,啾啾聲
Studio.Toolbox.Audio.SoundEffect.Category.Sound_effect,,,Sound effect,Sound effect,تأثير صوتي,Soundeffekt,Efecto de sonido,Effet sonore,साउंड इफ़ेक्ट,Efek suara,Effetto sonoro,効果音,음향 효과,Efekt dźwiękowy,Efeito sonoro,,เอฟเฟกต์เสียง,Ses efekti,Hiệu ứng âm thanh,音效,音效,聲音效果
Studio.Toolbox.Audio.SoundEffect.Category.Inside_small_room,,,"Inside, small room","Inside, small room",في الداخل، غرفة صغيرة,"Innenraum, kleiner Raum","En el interior, habitación pequeña","À l'intérieur, petite pièce",छोटे कमरे के अंदर,"Di dalam ruangan, ruangan kecil","All'interno, piccola stanza",内部、小部屋,"실내, 작은 방","Wnętrze, niewielkie pomieszczenie","Interior, quarto pequeno",,"ภายใน, ห้องเล็ก","İç mekân, küçük oda","Bên trong, phòng nhỏ",室内：小房间,室内：小房间,裡面、小房間
Studio.Toolbox.Audio.SoundEffect.Category.Inside_large_room_or_hall,,,"Inside, large room or hall","Inside, large room or hall",في الداخل، غرفة أو قاعة كبيرة,"Innenraum, großer Raum oder Saal","En el interior, habitación grande o sala","À l'intérieur, grande pièce ou hall",बड़े कमरे या हॉल के अंदर,"Di dalam ruangan, ruangan besar atau aula","Interno, grande sala o corridoio",内部、大きな部屋またはホール,"실내, 큰 방 또는 홀","Wnętrze, duże pomieszczenie lub sala","Interior, quarto grande ou corredor",,"ภายใน, ห้องใหญ่หรือห้องโถง","İç mekân, büyük oda veya salon","Bên trong, phòng hoặc hành lang lớn",室内：大房间或大厅,室内：大房间或大厅,裡面、大房間或大廳
Studio.Toolbox.Audio.SoundEffect.Category.Inside_public_space,,,"Inside, public space","Inside, public space",في الداخل، مساحة عامة,"Innenraum, öffentlicher Raum","En el interior, espacio público","À l'intérieur, espace public",पब्लिक स्पेस के अंदर,"Di dalam ruangan, ruang publik",All'interno spazio pubblico,内部、公共スペース,"실내, 공용 공간","Wnętrze, przestrzeń publiczna","Interior, espaço público",,"ภายใน, พื้นที่สาธารณะ","İç mekân, halka açık alan","Bên trong, không gian công cộng",室内：公共空间,室内：公共空间,裡面、公共空間
Studio.Toolbox.Audio.SoundEffect.Category.Outside_urban_or_manmade,,,"Outside, urban or manmade","Outside, urban or manmade",في الخارج، في مناطق حضرية أو مناطق من صنع الإنسان,"Außenbereich, städtisch oder vom Menschen geschaffen","En el exterior, urbano o artificial","Extérieur, urbain ou artificiel",शहर या किसी बिल्डिंग के बाहर,"Di luar ruangan, perkotaan atau buatan manusia","Esterno, urbano o artificiale",屋外、都市部または人工物,"야외, 도시 또는 인공물","Otwarta przestrzeń, miejska lub wytworzona przez człowieka","Exterior, urbano ou artificial",,"ภายนอก, เมืองหรือมนุษย์กระทำ","Dış mekân, kentsel ya da insan yapımı","Bên ngoài, đô thị hoặc nhân tạo",室外：城市或人造物,室外：城市或人造物,室外、城市或人造空間
Studio.Toolbox.Audio.SoundEffect.Category.Outside_rural_or_natural,,,"Outside, rural or natural","Outside, rural or natural",في الخارج، في مناطق ريفية أو طبيعية,"Außenbereich, am Land oder in der Natur","En el exterior, rural o natural","Extérieur, rural ou naturel",ग्रामीण या प्राकृतिक जगह के बाहर,"Di luar ruangan, pedesaan atau alam","Esterno, rurale o naturale",屋外、田舎または自然,"야외, 시골 또는 자연","Otwarta przestrzeń, wiejska lub naturalna","Exterior, rural ou natural",,"ภายนอก, ชนบทหรือธรรมชาติ","Dış mekân, kırsal ya da doğal","Bên ngoài, nông thôn hoặc tự nhiên",室外：农村或大自然,室外：农村或大自然,室內、鄉村或自然
Studio.Toolbox.Audio.SoundEffect.Category.Environmental_noise,,,Environmental noise,Environmental noise,الضوضاء البيئية,Umgebungslärm,Ruido ambiental,Bruit ambiant,एनवायरनमेंटल नॉइज़,Suara lingkungan,Rumore ambientale,環境ノイズ,환경 소음,Hałas otoczenia,Ruído ambiental,,เสียงสิ่งแวดล้อม,Çevre gürültüsü,Tiếng ồn môi trường,环境音,环境音,環境噪音
Studio.Toolbox.Audio.SoundEffect.Category.Mains_hum,,,Mains hum,Mains hum,همهمة التيار الكهربائي,Netzbrummen,Zumbido en la red eléctrica,Hum du réseau électrique,बिजली की हम्म,Dengung elektronik,Ronzio dalla rete elettrica,ハム音,주요 잡음,"Przydźwięk sieci, brum",Zumbido de água encanada,,ความถี่เสียงหลัก,Elektronik gürültü,Khoe mẽ,电源声,电源声,電源嗡嗡聲
Studio.Toolbox.Audio.SoundEffect.Category.White_noise,,,White noise,White noise,الضوضاء البيضاء,Weißes Rauschen,Ruido blanco,Bruit blanc,वाइट नॉइज़,White noise,Rumore di sottofondo,ホワイトノイズ,백색 소음,Szum biały,Ruído branco,,เสียงสีขาว,Beyaz gürültü,Tiếng ồn trắng,白噪声,白噪声,白噪音
Studio.Toolbox.Audio.SoundEffect.Category.Pink_noise,,,Pink noise,Pink noise,الضوضاء الوردية,Rosa Rauschen,Ruido rosa,Bruit rose,पिंक नॉइज़,Pink noise,Rumore rosa,ピンクノイズ,핑크 노이즈,Szum różowy,Ruído rosa,,เสียงสีชมพู,Pembe gürültü,Tiếng ồn hồng,粉红噪声,粉红噪声,粉紅噪音
Studio.Toolbox.Audio.SoundEffect.Category.Field_recording,,,Field recording,Field recording,تسجيل ميداني,Feldaufnahme,Grabación de campo,Enregistrement sur le terrain,फ़ील्ड रिकॉर्डिंग,Rekaman di luar ruangan,Registrazione sul campo,野外録音,필드 리코딩,Nagranie terenowe,Gravação de campo,,การบันทึกเสียงสนาม,Saha kaydı,Ghi âm hiện trường,现场录音,现场录音,現場錄音
Studio.Toolbox.HomeView.top,,,Top,Top,الأكثر شهرة,Top,Mejores,Au top,ऊपर,Teratas,Superiore,トップ,인기,Najpopularniejsze,Mais populares,,สูงสุด,Üst,Trên,最受欢迎,最受欢迎,熱門
Studio.Toolbox.HomeView.vibes,,,Vibes,Vibes,المشاعر,Vibes,Vibras,Ondes,वाइब्स,Suasana,Vibrazioni,バイブス,분위기,Nastrój,Vibes,,ความรู้สึก,Hissiyat,Bầu Không Khí,氛围,氛围,氛圍
Studio.Toolbox.General.AssetTypeAnimation,,,Animation,Animation,الحركة,Animation,Animación,Animation,ऐनिमेशन,Animasi,Animazione,アニメーション,애니메이션,Animacja,Animação,,แอนิเมชัน,Animasyon,Hiệu Ứng Động,动画,动画,動畫
Studio.Toolbox.General.PayAndSubmit,,,Pay & Submit,Pay & Submit,الدفع والإرسال,Bezahlen & einreichen,Pagar y enviar,Payer et Soumettre,पेमेंट करें और सबमिट करें,Bayar & Kirim,Paga & Invia,支払いと提出,결제 및 제출,Zapłać i prześlij,Pagar e enviar,,จ่ายและส่ง,Öde ve Gönder,Thanh Toán & Gửi,支付 & 提交,支付 & 提交,支付並送出
Studio.Toolbox.General.ContentType,,,Content Type,Content Type,نوع المحتوى,Inhaltstyp,Tipo de contenido,Type de contenu,कॉन्टेंट का टाइप,Tipe Konten,Tipo di contenuto,コンテンツの種類,콘텐츠 유형,Typ zawartości,Tipo de conteúdo,,ประเภทเนื้อหา,İçerik Türü,Loại Nội Dung,内容类型,内容类型,內容類型
Studio.Toolbox.General.AssetCategory,,, Asset Category, Asset Category,فئة الأصل, Objektkategorie, Categoría de recursos, Catégorie de contenu, ऐसेट कैटगरी, Kategori Aset, Categoria asset, アセットのカテゴリ, 애셋 카테고리, Kategoria zasobów, Categoria do ativo,, หมวดหมู่ทรัพยากร, Varlık Kategorisi, Thể Loại Tài Sản,素材类别,素材类别, 資產類別
Studio.Toolbox.AssetConfigFooter.UploadFeeWithRobuxIcon,,,Submit for {price},Submit for {price},إرسال مقابل {price},Für {price} einreichen,Enviar por {price},Soumettre pour {price},{price} के लिए सबमिट करें,Kirim dengan biaya {price},Invia per {price},{price} で提出,{price}를 사용해 제출,Prześlij za {price},Enviar por {price},,ส่งในราคา {price},{price} karşılığında gönder,Gửi với {price},以 {price} 的价格提交,以 {price} 的价格提交,送出，價格 {price} 元
Studio.Toolbox.AssetConfig.DevelopmentItem,,,Development Item,Development Item,عنصر التطوير,Entwicklungsartikel,Objeto de desarrollo,Item de développement,डेवलपमेंट आइटम,Item Pengembangan,Articolo sviluppo,開発アイテム,개발 아이템,Przedmiot deweloperski,Item de desenvolvimento,,ไอเท็มการพัฒนา,Geliştirme Öğesi,Vật Phẩm Phát Triển,开发道具,开发道具,開發項目
Studio.Toolbox.AssetConfig.AvatarItem,,,Avatar Item,Avatar Item,عنصر الأفاتار,Avatarartikel,Objeto de avatar,Item de l'avatar,अवतार आइटम,Item Avatar,Item Avatar,アバターアイテム,아바타 아이템,Przedmiot dla awatara,Item de avatar,,ไอเท็มอวาตาร์,Avatar Öğesi,Vật Phẩm Avatar,虚拟形象道具,虚拟形象道具,虛擬人偶項目
Studio.Toolbox.AssetConfig.ValidatingInProgress,,,Validating...,Validating...,جارِ التحقق من الصحة...,Validiere …,Validando...,Validation en cours...,वैलिडेट किया जा रहा है...,Memvalidasi...,Convalidando...,認証中...,유효성 검사 중...,Weryfikowanie...,Validando...,,กำลังตรวจสอบความถูกต้อง...,Doğrulanıyor...,Đang xác nhận...,正在验证...,正在验证...,正在驗證……
Studio.Toolbox.AssetConfig.ValidationSuccess,,,Validation Succeeded,Validation Succeeded,تم التحقق بنجاح,Validierung erfolgreich,Validación realizada correctamente,Validation réussie,वैलिडेशन हो गया,Validasi Berhasil,Convalida riuscita,認証できました,유효성 검사 완료,Zweryfikowano,Validação bem-sucedida,,การตรวจสอบความถูกต้องสำเร็จแล้ว,Doğrulama başarılı,Xác Nhận Thành Công,验证成功,验证成功,驗證成功
Studio.Toolbox.AssetConfig.ValidationErrorSingular,,,{errorCount:int} Error,{errorCount:int} Error,{errorCount:int} خطأ,{errorCount:int} Fehler,{errorCount:int} error,Erreur {errorCount:int},{errorCount:int} गड़बड़ी,{errorCount:int} Eror,{errorCount:int} Errore,エラー {errorCount:int} 件,{errorCount:int}회 오류,Liczba błędów: {errorCount:int},{errorCount:int} erro,,ข้อผิดพลาด {errorCount:int} รายการ,{errorCount:int} Hata,{errorCount:int} Lỗi,{errorCount:int} 个错误,{errorCount:int} 个错误,{errorCount:int} 個錯誤
Studio.Toolbox.AssetConfig.ValidationErrorPlural,,,{errorCount:int} Errors,{errorCount:int} Errors,{errorCount:int} أخطاء,{errorCount:int} Fehler,{errorCount:int} errores,{errorCount:int} erreurs,{errorCount:int} गड़बड़ियाँ,{errorCount:int} Eror,{errorCount:int} Errori,エラー {errorCount:int} 件,{errorCount:int}회 오류,Liczba błędów: {errorCount:int},{errorCount:int} erros,,ข้อผิดพลาด {errorCount:int} รายการ,{errorCount:int} Hata,{errorCount:int} Lỗi,{errorCount:int} 个错误,{errorCount:int} 个错误,{errorCount:int} 個錯誤
Studio.Toolbox.AssetConfig.ValidationErrorUnknown,,,Unknown error,Unknown error,خطأ غير معروف,Unbekannter Fehler,Error desconocido,Erreur inconnue,अज्ञात गड़बड़ी,Eror tidak diketahui,Errore imprevisto,不明なエラー,알 수 없는 오류,Nieznany błąd,Erro desconhecido,,ข้อผิดพลาดที่ไม่สามารถระบุได้,Bilinmeyen hata,Lỗi không xác định,未知错误,未知错误,未知錯誤
Studio.Toolbox.AssetConfig.AvatarItemsErrorTitle,,,Avatar Item Category Errors,Avatar Item Category Errors,أخطاء فئة عنصر الأفاتار,Fehler in der Avatarartikelkategorie,Error de categoría del objeto de avatar,Erreurs dans les catégories d'items d'avatar,अवतार आइटम की कैटगरी में गड़बड़ियाँ,Eror Kategori Item Avatar,Errori categoria articolo avatar,アバターアイテムカテゴリのエラー,아바타 아이템 카테고리 오류,Błędy związane z kategorią przedmiotów dla awatara,Erros de categoria de item de avatar,,ข้อผิดพลาดหมวดหมู่ไอเท็มอวาตาร์,Avatar Öğesi Kategorisi Hatası,Lỗi Thể Loại Mục Avatar,虚拟形象道具类别错误,虚拟形象道具类别错误,虛擬人偶項目類別錯誤
Studio.Toolbox.AssetConfig.AvatarItemsErrorTextSingular,,,{errorCount:int} error found when validating Avatar Item Category,{errorCount:int} error found when validating Avatar Item Category,تم رصد {errorCount:int} من الأخطاء عند التحقق من صحة فئة عنصر الأفاتار,{errorCount:int} Fehler bei der Validierung der Avatarartikelkategorie gefunden,{errorCount:int} error encontrado al validar la categoría del objeto de avatar,{errorCount:int} erreur trouvée lors de la validation de la catégorie items d'avatar,अवतार आइटम कैटगरी को वैलिडेट करते समय {errorCount:int} गड़बड़ी हुई,{errorCount:int} eror ditemukan saat memvalidasi Kategori Item Avatar,{errorCount:int} errore trovato durante la convalida della categoria dell'articolo avatar,アバターアイテムのカテゴリ認証で {errorCount:int} 件のエラーが見つかりました,아바타 아이템 카테고리 유효성 검사 시 {errorCount:int}회의 오류가 발생했습니다,Podczas weryfikowania kategorii przedmiotu dla awatara wykryto {errorCount:int} błąd,{errorCount:int} erro encontrado ao validar a categoria do item do avatar,,พบข้อผิดพลาด {errorCount:int} รายการในขณะที่ตรวจสอบความถูกต้องหมวดหมู่ไอเท็มอวาตาร์,Avatar Öğesi Kategorisi doğrulanırken {errorCount:int} hata bulundu,Tìm thấy {errorCount:int} lỗi khi xác nhận Thể Loại Mục Avatar,验证虚拟形象道具类别时发现 {errorCount:int} 个错误,验证虚拟形象道具类别时发现 {errorCount:int} 个错误,驗證虛擬人偶項目類別時，找到 {errorCount:int} 個錯誤
Studio.Toolbox.AssetConfig.AvatarItemsErrorTextPlural,,,{errorCount:int} errors found when validating Avatar Item Category,{errorCount:int} errors found when validating Avatar Item Category,تم رصد {errorCount:int} من الأخطاء عند التحقق من صحة فئة عنصر الأفاتار,{errorCount:int} Fehler bei der Validierung der Avatarartikelkategorie gefunden,{errorCount:int} errores encontrados al validar la categoría del objeto de avatar,{errorCount:int} erreurs trouvées lors de la validation de la catégorie items d'avatar,"अवतार आइटम कैटगरी को वैलिडेट करते समय, {errorCount:int} गड़बड़ी मिली",{errorCount:int} eror ditemukan saat memvalidasi Kategori Item Avatar,{errorCount:int} errori trovati durante la validazione della categoria dell'articolo avatar,アバターアイテムのカテゴリ認証で {errorCount:int} 件のエラーが見つかりました,아바타 아이템 카테고리 유효성 검사 시 {errorCount:int}회의 오류가 발생했습니다,Podczas weryfikowania kategorii przedmiotu dla awatara wykryto {errorCount:int} błędy(-ów),{errorCount:int} erros encontrados ao validar a categoria do item do avatar,,พบข้อผิดพลาด {errorCount:int} รายการในขณะที่ตรวจสอบความถูกต้องหมวดหมู่ไอเท็มอวาตาร์,Avatar Öğesi Kategorisi doğrulanırken {errorCount:int} hata bulundu,Tìm thấy {errorCount:int} lỗi khi xác nhận Thể Loại Mục Avatar,验证虚拟形象道具类别时发现 {errorCount:int} 个错误,验证虚拟形象道具类别时发现 {errorCount:int} 个错误,驗證虛擬人偶項目類別時，找到 {errorCount:int} 個錯誤
Studio.Toolbox.AssetConfig.PayAndConfirmHeading,,,"Are you sure you want to submit ""{name}""?","Are you sure you want to submit ""{name}""?","هل تريد بالتأكيد إرسال ""{name}""؟","Möchtest du ""{name}"" wirklich einreichen?",¿Realmente quieres salir de {name}?,"Es-tu sûr de vouloir envoyer ""{name}""?","क्या आपको वाकई ""{name}"" सबमिट करना है?","Kamu yakin ingin mengirim ""{name}""?","Sei sicuro di voler inviare ""{name}""?",「{name}」から退出しますか？,'{name}'(을)를 정말 제출할까요?,Czy na pewno chcesz przesłać przedmiot „{name}”?,"Tem certeza de que deseja sair de ""{name}""?",,"คุณแน่ใจหรือไม่ว่าคุณต้องการส่ง ""{name}""?","""{name}"" gönderilsin mi?","Bạn có chắc muốn gửi ""{name}"" không?",是否确定要提交“{name}”吗？,是否确定要提交“{name}”吗？,您是否確定要送出「{name}」？
Studio.Toolbox.AssetConfig.PayAndConfirmDescription,,,Your Roblox account will be charged {amount}.,Your Roblox account will be charged {amount}.,ستُفرض رسوم بقيمة {amount} على حسابك في Roblox.,Dein Roblox-Konto wird mit {amount} belastet.,Se te cobrará {amount} a tu cuenta de Roblox.,Ton compte Roblox sera débité de {amount}.,आपके Roblox अकाउंट से {amount} शुल्क लिया जाएगा.,Akun Roblox kamu akan dikenai biaya sebesar {amount}.,Il tuo account Roblox verrà addebitato {amount}.,お持ちのRobloxアカウントに {amount} が請求されます。,내 Roblox 계정에 {amount}(이)가 청구됩니다.,Z twojego konta Roblox zostanie pobrana opłata w wysokości {amount}.,Sua conta Roblox será cobrada {amount}.,,บัญชี Roblox ของคุณจะต้องชำระเงิน {amount},Roblox hesabından {amount} tahsil edilecek.,Tài khoản Roblox của bạn sẽ bị tính phí {amount}.,你的 Roblox 帐户将被收取 {amount}。,你的 Roblox 帐户将被收取 {amount}。,您的 Roblox 帳戶將會被收取 {amount}。
Studio.Toolbox.AssetConfig.AssetConfigOutputErrorHeading,,,"{errorCount:int} Error Asset Configuration, Avatar Item Category","{errorCount:int} Error Asset Configuration, Avatar Item Category",{errorCount:int} خطأ في تهيئة الأصل، فئة عنصر الأفاتار,"{errorCount:int} Fehler mit der Objektkonfiguration, Avatarartikelkategorie",{errorCount:int} error de configuración de recurso: Categoría del objeto de avatar,"{errorCount:int} Erreur de configuration de contenu, catégorie items d'avatar","ऐसेट कॉन्फ़िगरेशन में {errorCount:int} गड़बड़ी, अवतार आइटम की कैटगरी","{errorCount:int} Eror Konfigurasi Aset, Kategori Item Avatar","{errorCount:int} Configurazione dell'asset di errore, Categoria dell'articolo Avatar",アバターアイテムカテゴリのアセット環境設定で {errorCount:int} 件のエラー,"{errorCount:int}회 애셋 구성 오류, 아바타 아이템 카테고리","{errorCount:int} błąd konfiguracji zasobu, kategoria przedmiotu dla awatara","{errorCount:int} Erro de configuração de ativo, categoria item de avatar",,"ข้อผิดพลาดการกำหนดค่าทรัพยากร, หมวดหมู่ไอเท็มอวาตาร์ {errorCount:int} รายการ","{errorCount:int} Varlık Yapılandırma Hatası, Avatar Öğesi Kategorisi","{errorCount:int} Lỗi Khi Định Cấu Hình Tài Sản, Thể Loại Mục Avatar",{errorCount:int} 个错误素材配置，虚拟形象道具类别,{errorCount:int} 个错误素材配置，虚拟形象道具类别,{errorCount:int} 個資產配置錯誤，虛擬人偶項目類別
Studio.Toolbox.AudioView.Genre,,,Genre,Genre,نوع التجربة,Genre,Género,Genre,कैटगरी,Genre,Genere,ジャンル,장르,Gatunek,Gênero,,ประเภท,Tür,Thể Loại,类别,类别,大類
Studio.Toolbox.Subcategory.GenresMetal,,,Metal,Metal,الميتال,Metal,Metal,Métal,मेटल,Metal,Metallo,メタル,메탈,Metal,Metal,,โลหะ,Metal,Kim Loại,金属,金属,金屬
Studio.Toolbox.AssetTable.Name,,,Name,Name,الاسم,Name,Nombre,Nom,नाम,Nama,Nome,名前,이름,Nazwa,Nome,,ชื่อ,Ad,Tên,名称,名称,名稱
Studio.Toolbox.AssetTable.Creator,,,Creator,Creator,المصمّم,Creator,Creador(a),Créateur,क्रिएटर,Kreator,Creatore,クリエーター,크리에이터,Twórca,Criador,,ครีเอเตอร์,Oluşturan,Nhà Sáng Tạo,创作者,创作者,創作者
Studio.Toolbox.AssetTable.DateCreated,,,Date Created,Date Created,تاريخ الإنشاء,Erstellungsdatum,Fecha de creación,Date de création,क्रिएट करने की तारीख,Tanggal Dibuat,Data Creazione,作成日,만든 날짜,Data utworzenia,Data de criação,,สร้างเมื่อ,Oluşturulma tarihi,Ngày Tạo,创建日期,创建日期,建立日期
Studio.Toolbox.AssetTable.DateUpdated,,,Date Modified,Date Modified,تاريخ التعديل,Modifizierungsdatum,Fecha de modificación,Date de modification,बदलाव की तारीख,Tanggal Dimodifikasi,Data di modifica,変更日,수정한 날짜,Data modyfikacji,Data de modificação,,แก้ไขเมื่อ,Düzenlenme tarihi,Ngày Sửa Đổi,修改日期,修改日期,修改日期
Studio.Toolbox.AssetThumbnailPreview.PreviewTooBig,,,This instance has too many descendants. We have hidden the preview for performance.,This instance has too many descendants. We have hidden the preview for performance.,يحتوي هذا المثيل على عدد كبير جدًا من العناصر التابعة. لقد أخفينا المعاينة من أجل الأداء.,Diese Instanz hat zu viele untergeordnete Elemente. Wir haben die Vorschau aus Leistungsgründen ausgeblendet.,Esta instancia tiene demasiados descendientes. Ocultamos la vista previa para mejorar el rendimiento.,Cette instance a trop de descendants. Nous avons masqué l'aperçu des performances.,इस इंस्टैंस में बहुत सारे डिसेंडेंट हैं. हमने परफ़ॉर्मेंस के लिए प्रीव्यू छिपा दिया है.,Instance ini memiliki terlalu banyak descendant. Kami telah menyembunyikan preview untuk mengoptimalkan performa.,Questa istanza ha troppi discendenti. Abbiamo nascosto l'anteprima per le prestazioni.,このインスタンスは子孫が多すぎます。パフォーマンスのためにプレビューを非表示にしました。,이 인스턴스에 하위 항목이 너무 많습니다. 성능을 위해 미리 보기를 숨겼습니다.,Ta instancja ma zbyt wiele elementów potomnych. Ukryliśmy podgląd w celu zwiększenia wydajności.,Esta instância tem muitos descendentes. Nós ocultamos a pré-visualização para o desempenho.,,อินสแตนซ์นี้มี Descendant มากเกินไป เราได้ซ่อนการดูตัวอย่างเพื่อเพิ่มประสิทธิภาพแล้ว,Örneğin çok fazla altı var. Performansı korumak için ön izlemeyi gizledik.,Đối tượng này có quá nhiều hậu duệ. Chúng tôi đã ẩn bản xem trước hiệu suất.,这个例子有太多的后代。出于性能考虑已经隐藏预览。,这个例子有太多的后代。出于性能考虑已经隐藏预览。,此個體具有過多的後代。由於效能緣故，我們已隱藏了預覽。
Studio.Toolbox.General.DidYouMean,,,Did you mean,Did you mean,هل تقصد,Meintest du,Quisiste decir,Veux-tu dire,क्या आपका मतलब यह है,Apakah maksud kamu,Intendevi,もしかして,다음 항목을 찾으려고 했나요?,Czy chodzi ci o:,Você quis dizer,,คุณหมายถึง,Şunu mu demek istedin,Ý bạn là,你是说,你是说,您的意思是
Studio.Toolbox.General.SearchInsteadFor,,,Search instead for,Search instead for,البحث بدلاً من ذلك عن,Suche stattdessen nach,"En su lugar, busca",Rechercher à la place,इसके बजाय यह सर्च करें,Cari saja,Cerca invece per,代わりに以下をサーチ：,대신 다음을 검색:,Zamiast tego wyszukaj:,"Em vez disso, pesquisar por",,ค้นหาด้วยคำต่อไปนี้แทน,Yerine şunu ara:,Tìm kiếm thay thế cho,改为搜索,改为搜索,改為搜尋
Studio.Toolbox.AssetConfig.ValidationErrorItemNotDetected,,,"{itemName} not detected. Please check naming, rigging, and attachments.","{itemName} not detected. Please check naming, rigging, and attachments.",لم يتم اكتشاف {itemName}. يُرجى التحقق من التسمية والتركيب والمرفقات.,"{itemName} nicht erkannt. Bitte überprüfe die Benennung, das Rigging und die Anhänge.","{itemName} no detectado. Comprueba nombres, rigging y uniones.","{itemName} non détecté. Vérifier la dénomination, le montage et les pièces jointes.","{itemName} का पता नहीं चला. नाम की जाँच करें, रिगिंग और अटैचमेंट.","{itemName} tidak terdeteksi. Cek penamaan, rigging, dan lampiran.","{itemName} non rilevato. Si prega di controllare il nome, il rigging e gli allegati.",{itemName} が検出されませんでした。名前、リグ、アタッチメントをチェックしてください。,"{itemName}(이)가 감지되지 않았습니다. 이름 지정, 리깅, 연결부를 확인하세요.","Nie wykryto przedmiotu {itemName}. Sprawdź nazwę, rigging i punkty zaczepienia.","{itemName} não detectado. Por favor, verifique o nome, rigging e os anexos.",,"ไม่พบ {itemName} โปรดตรวจสอบการตั้งชื่อ, Rigging และจุดเชื่อมต่อ","{itemName} tespit edilmedi. Lütfen adlandırmayı, düzenek oluşturmayı ve eklentileri gözden geçir.","Không phát hiện {itemName}. Vui lòng kiểm tra tên, khung xương và điểm gắn.",未检测到{itemName}。请检查命名、骨架化和附件。,未检测到{itemName}。请检查命名、骨架化和附件。,未偵測到 {itemName}。請檢查名稱、骨架化與附件。
Studio.Toolbox.AssetConfig.ValidationErrorBadSelectionCount,,,Select exactly one item.,Select exactly one item.,حدد عنصرًا واحدًا بالضبط.,Wähle genau einen Artikel.,Selecciona exactamente un elemento.,Sélectionner exactement un item.,सिर्फ़ एक आइटम चुनें.,Pilih satu item saja.,Seleziona esattamente un oggetto.,アイテムを１つだけ選択してください,하나의 항목만 선택하세요.,Wybierz dokładnie jeden przedmiot.,Selecione exatamente um item.,,เลือกหนึ่งรายการเท่านั้น,Tam olarak bir öğe seç.,Chọn chính xác một vật phẩm.,仅选择一个项目。,仅选择一个项目。,請選擇單獨一項道具。
Studio.Toolbox.AssetConfig.UGCBundleCategoryName,,,Body,Body,الجسد,Körper,Cuerpo,Corps,बॉडी,Tubuh,Corpo,ボディ,신체,Ciało,Corpo,,ร่างกาย,Vücut,Cơ Thể,身体,身体,身體
Studio.Toolbox.AssetConfig.UGCBodyBundleName,,,Body,Body,الجسد,Körper,Cuerpo,Corps,बॉडी,Tubuh,Corpo,ボディ,신체,Ciało,Corpo,,ร่างกาย,Vücut,Cơ Thể,身体,身体,身體
Studio.Toolbox.HomeView.essentials,,,Essentials,Essentials,الأساسيات,Wesentliches,Esenciales,Essentiel,ज़रूरी चीज़ें,Aset Dasar,Essenziali,基本アイテム,필수,Niezbędne,Essenciais,,จำเป็น,Temel,Thiết Yếu,必备,必备,必備品
Studio.Toolbox.General.SearchBarCreatorAndGroupText,,,Filter by creators and groups,Filter by creators and groups,الفلترة حسب المصممين والمجموعات,Nach Creatorn und Gruppen filtern,Filtrar por creadores y grupos,Filtrer par créateurs et groupes,क्रिएटर्स और ग्रुप्स के हिसाब से फ़िल्टर करें,Filter berdasarkan kreator dan grup,Filtrare per creatori e gruppi,クリエーターとグループ別に並べ替え,크리에이터 및 그룹으로 필터링,Filtruj według twórców i grup,Filtrar por criadores e grupos,,กรองโดยครีเอเตอร์และกลุ่ม,Oluşturanlara ve gruplara göre filtrele,Lọc theo nhà sáng tạo và nhóm,按创作者和群组筛选,按创作者和群组筛选,依創作者與群組篩選
Studio.Toolbox.General.SearchOptionCreatorAndGroups,,,Creator & Groups,Creator & Groups,المصمم والمجموعات,Creator & Gruppen,Creador y grupos,Créateur et Groupes,क्रिएटर और ग्रुप्स,Kreator dan Grup,Creatore e gruppi,クリエーターとグループ,크리에이터 및 그룹,Twórca i grupy,Criadores e grupos,,ครีเอเตอร์และกลุ่ม,Oluşturan ve Gruplar,Nhà Sáng Tạo & Nhóm,创作者和群组,创作者和群组,創作者與群組
Studio.Toolbox.General.SearchOptionType,,,Type,Type,النوع,Typ,Tipo,Type,टाइप,Tipe,Tipo,タイプ,유형,Typ,Tipo,,ประเภท,Tür,Loại,类型,类型,類型
Studio.Toolbox.General.SearchOptionsDone,,,Done,Done,تم,Fertig,Hecho,Fait,हो गया,Selesai,Fatto,完了,완료,Gotowe,Concluído,,เสร็จสิ้น,Bitti,Hoàn Thành,完成,完成,完成
Studio.Toolbox.General.SearchOptionsResetAll,,,Reset All,Reset All,إعادة تعيين الكل,Alles zurücksetzen,Restablecer todo,Tout réinitialiser,सभी को रीसेट करें,Reset Semua,Reimposta tutto,すべてリセット,모두 재설정,Zresetuj wszystko,Redefinir tudo,,รีเซ็ตทั้งหมด,Tümünü sıfırla,Đặt Lại Tất Cả,重置全部,重置全部,全部重置
Studio.Toolbox.General.DeleteLocal,,,Delete Local Instances,Delete Local Instances,حذف النسخ المحلية,Lokale Instanzen löschen,Eliminar instancias locales,Supprimer les instances locales,लोकल इंस्टैंस डिलीट करें,Hapus Instance Lokal,Elimina Istanze locali,ローカルインスタンスを削除,로컬 인스턴스 삭제,Usuń wszystkie instancje,Excluir instâncias locais,,ลบอินสแตนซ์ในเครื่อง,Yerel örnekleri sil,Xóa Đối Tượng Cục Bộ,删除本地实例,删除本地实例,刪除本機個體
Studio.Toolbox.General.MyAssets,,,My Assets,My Assets,أصولي,Meine Objekte,Mis recursos,Mes contenus,मेरे ऐसेट,Aset Saya,Le mie risorse,自分のアセット,내 애셋,Moje zasoby,Meus ativos,,ทรัพยากรของฉัน,Varlıklarım,Tài Sản Của Tôi,我的素材,我的素材,我的素材
Studio.Toolbox.AssetConfigDeleteLocal.InformationText,,,We recommend that you delete the local animation data to improve your experience's loading performance. You will always be able to reimport the animation to continue working on it.,We recommend that you delete the local animation data to improve your experience's loading performance. You will always be able to reimport the animation to continue working on it.,نوصي بحذف بيانات الحركة المحلية لتحسين أداء تحميل تجربتك. ستتمكن دائمًا من إعادة استيراد الحركة لمواصلة العمل عليها.,"Wir empfehlen dir, die lokalen Animationsdaten zu löschen, um die Ladeleistung deines Erlebnisses zu verbessern. Du kannst die Animation jederzeit wieder importieren, um sie weiter zu bearbeiten.",Te recomendamos que elimines los datos de animación local para mejorar el rendimiento de carga de tu experiencia. Siempre podrás reimportar la animación para seguir trabajando en ella.,Nous te recommandons de supprimer les données d'animation locales pour améliorer les performances de chargement de ton expérience. Tu seras toujours en mesure de réimporter l'animation pour continuer à travailler dessus.,"अपने ऐनिमेशन की लोडिंग परफ़ॉर्मेंस को बेहतर बनाने के लिए, लोकल ऐनिमेशन डेटा डिलीट करें. इस पर काम जारी रखने के लिए, ऐनिमेशन को फिर से इंपोर्ट किया जा सकता है.",Sebaiknya kamu menghapus data animasi lokal untuk meningkatkan performa loading pengalaman virtualmu. Kamu bisa mengimpor ulang animasi untuk melanjutkan pengerjaannya.,Ti consigliamo di eliminare i dati dell'animazione locale per migliorare le prestazioni di caricamento della tua esperienza. Sarai sempre in grado di reimportare l'animazione per continuare a lavorarci.,ローカルアニメーションデータを削除して、バーチャル空間の読み込みのパフォーマンスを向上させることをおすすめします。いつでもアニメーションを再インポートして作業を続けることができます。,체험의 불러오기 성능을 개선하려면 로컬 애니메이션 데이터를 삭제하는 것이 좋습니다. 언제든지 애니메이션을 다시 가져와 작업을 계속할 수 있습니다.,"Zalecamy usunięcie lokalnych danych animacji w celu usprawnienia wczytywania w projekcie. W dowolnym momencie możesz ponownie zaimportować animację, aby kontynuować pracę nad nią.",Recomendamos que você exclua os dados de animação locais para melhorar o desempenho do carregamento da sua experiência. Você sempre será capaz de reimportar a animação para continuar trabalhando nela.,,เราขอแนะนำให้คุณลบข้อมูลแอนิเมชันในเครื่องเพื่อปรับปรุงประสิทธิภาพการโหลดประสบการณ์ของคุณ คุณจะสามารถนำเข้าแอนิเมชันใหม่อีกครั้งเพื่อดำเนินงานต่อได้เสมอ,Deneyiminin yükleme performansını artırmak için yerel animasyon verilerini silmeni öneririz. Üzerinde çalışmaya devam etmek istediğinde animasyonu yeniden içe aktarabileceksin.,Bạn nên xóa dữ liệu hiệu ứng động cục bộ để cải thiện hiệu suất tải trải nghiệm. Bạn luôn có thể nhập lại hiệu ứng động để tiếp tục thao tác.,我们建议你删除本地动画数据以优化作品的加载性能。你随时都可以重新导入动画以继续编辑。,我们建议你删除本地动画数据以优化作品的加载性能。你随时都可以重新导入动画以继续编辑。,我們建議您刪除本機動畫資料，以增進您的載入效能體驗。您隨時都能重新匯入動畫以繼續進行工作。
Studio.Toolbox.SearchOptionsSort.Creator,,,Creator,Creator,المصمّم,Creator:in,Creador,Créateur,क्रिएटर,Kreator,Creatore,クリエーター,크리에이터,Twórca,Criador,,ครีเอเตอร์,Oluşturan,Nhà Sáng Tạo,作者,作者,創作者
Studio.Toolbox.SearchOptionsSort.DateCreated,,,Date Created,Date Created,تاريخ الإنشاء,Erstellungsdatum,Fecha de creación,Date de création,क्रिएट करने की तारीख,Tanggal Dibuat,Data creazione,作成日,만든 날짜,Data utworzenia,Data de criação,,สร้างเมื่อ,Oluşturulma tarihi,Ngày Tạo,创建日期,创建日期,建立日期
Studio.Toolbox.SearchOptionsSort.DateModified,,,Date Modified,Date Modified,تاريخ التعديل,Modifizierungsdatum,Fecha de modificación,Date de modification,बदलाव की तारीख,Tanggal Dimodifikasi,Data di modifica,変更日,수정한 날짜,Data modyfikacji,Data de modificação,,แก้ไขเมื่อ,Düzenlenme tarihi,Ngày Sửa Đổi,修改日期,修改日期,修改日期
Studio.Toolbox.SearchOptionsSort.LongestToShortest,,,Longest to Shortest,Longest to Shortest,من الأطول إلى الأقصر,Längste bis kürzeste,De más largo a más corto,Du plus long au plus court,सबसे लंबे से सबसे छोटा,Terpanjang ke Terpendek,Più lungo a più corto,長い順,긴 것 순,Od najdłuższych do najkrótszych,Mais curto para mais longo,,ยาวที่สุดไปหาสั้นที่สุด,Uzundan kısaya,Dài Nhất đến Ngắn Nhất,从长到短,从长到短,最長至最短
Studio.Toolbox.SearchOptionsSort.MostUsed,,,Most Used,Most Used,الأكثر استخدامًا,Meistgenutzt,Más usado,Les plus utilisés,सबसे ज़्यादा इस्तेमाल किया गया,Paling Banyak Dipakai,Più usati,使用頻度の高い順,사용 빈도,Najczęściej używane,Mais usado,,นำไปใช้มากที่สุด,Çok kullanılan,Được Sử Dụng Nhiều Nhất,最常使用,最常使用,最常使用
Studio.Toolbox.SearchOptionsSort.Name,,,Name,Name,الاسم,Name,Nombre,Nom,नाम,Nama,Nome,名前,이름,Nazwa,Nome,,ชื่อ,Ad,Tên,名称,名称,名稱
Studio.Toolbox.SearchOptionsSort.Relevance,,,Relevance,Relevance,الأهمية,Relevanz,Relevancia,Pertinence,सबसे ज़्यादा मेल खाने वाला,Relevansi,Rilevanza,関連度,관련도,Ważność,Relevância,,ความเกี่ยวข้อง,Alaka,Liên Quan,相关性,相关性,相關性
Studio.Toolbox.SearchOptionsSort.ShortestToLongest,,,Shortest to Longest,Shortest to Longest,من الأقصر إلى الأطول,Kürzeste bis längste,De más corto a más largo,Le plus court au plus long,सबसे छोटा से सबसे लंबा,Terpendek ke Terpanjang,Più breve a più lungo,短い順,짧은 것 순,Od najkrótszych do najdłuższych,Mais curto para o mais longo,,สั้นที่สุดไปหายาวที่สุด,Kısadan uzuna,Ngắn Nhất đến Dài Nhất,从短到长,从短到长,最短至最長
Studio.Toolbox.SearchOptionsType.All,,,All,All,الكل,Alle,Todo,Tout,सभी,Semua,Tutti,すべて,전체,Wszystko,Tudo,,ทั้งหมด,Tümü,Tất Cả,全部,全部,全部
Studio.Toolbox.SearchOptionsType.Music,,,Music,Music,الموسيقى,Musik,Música,Musique,म्यूज़िक,Musik,Musica,音楽,음악,Muzyka,Música,,ดนตรี,Müzik,Âm Nhạc,音乐,音乐,音樂
Studio.Toolbox.SearchOptionsType.SoundEffect,,,Sound Effect,Sound Effect,التأثير الصوتي,Soundeffekt,Efecto de sonido,Effet sonore,साउंड इफ़ेक्ट,Efek Suara,Effetto sonoro,効果音,음향 효과,Efekt dźwiękowy,Efeito sonoro,,เอฟเฟกต์เสียง,Ses Efekti,Hiệu Ứng Âm Thanh,音效,音效,音效
Studio.Toolbox.HomeView.sfx,,,Sound Effects,Sound Effects,التأثيرات الصوتية,Soundeffekte,Efecto de sonido,Effets sonores,साउंड इफ़ेक्ट्स,Efek Suara,Effetto sonoro,効果音,음향 효과,Efekty dźwiękowy,Efeitos sonoros,,เอฟเฟกต์เสียง,Ses Efektleri,Hiệu Ứng Âm Thanh,音效,音效,音效
Studio.Toolbox.Subcategory.SfxHorror,,,Horror,Horror,رعب,Horror,Horror,Horreur,हॉरर,Horor,Horror,ホラー,공포,Horror,Horror,,สยองขวัญ,Korku,Kinh Dị,恐怖,恐怖,恐怖
Studio.Toolbox.Subcategory.SfxAlarm,,,Alarm,Alarm,إنذار,Alarm,Alarma,Alarme,अलार्म,Alarm,Allarme,アラーム,경보,Alarm,Alarme,,สัญญาณเตือน,Alarm,Báo Động,警报,警报,警報
Studio.Toolbox.Subcategory.SfxCar,,,Car,Car,سيارة,Auto,Coche,Voiture,कार,Mobil,Auto,車,자동차,Samochód,Carro,,รถยนต์,Araba,Xe Hơi,汽车,汽车,車輛
Studio.Toolbox.Subcategory.SfxExplosion,,,Explosion,Explosion,انفجار,Explosion,Explosión,Explosion,विस्फ़ोट,Ledakan,Esplosione,爆発音,폭발,Wybuch,Explosão,,การระเบิด,Patlama,Nổ,爆炸,爆炸,爆炸
Studio.Toolbox.Subcategory.SfxGuns,,,Guns,Guns,البنادق,Schusswaffen,Armas,Fusils,बंदूकें,Senapan,Pistole,銃,총,Broń palna,Armas,,ปืน,Silahlar,Súng,枪械,枪械,槍
Studio.Toolbox.Subcategory.SfxAnimal,,,Animal,Animal,حيوان,Tier,Animal,Animal,जानवर,Hewan,Animale,動物,동물,Zwierzę,Animal,,สัตว์,Hayvanlar,Động Vật,动物,动物,動物
Studio.Toolbox.Subcategory.SfxUserInterface,,,User Interface,User Interface,واجهة المستخدم,Benutzeroberfläche,Interfaz de usuario,Interface utilisateur,यूज़र इंटरफ़ेस,Antarmuka Pengguna,Interfaccia Utente,ユーザーインターフェース,사용자 인터페이스,Interfejs użytkownika,Interface do usuário,,อินเตอร์เฟซผู้ใช้งาน,Kullanıcı Arayüzü,Giao Diện Người Dùng,用户界面,用户界面,使用者介面
Studio.Toolbox.Subcategory.SfxCartoon,,,Cartoon,Cartoon,رسوم متحركة,Cartoon,Caricatura,Dessin animé,कार्टून,Kartun,Cartone Animato,アニメ,만화,Kreskówka,Desenho,,การ์ตูน,Çizgi Film,Hoạt Hình,卡通,卡通,卡通
Studio.Toolbox.Subcategory.SfxIndustrial,,,Industrial,Industrial,صناعي,Industriell,Industrial,Industriel,इंडस्ट्रियल,Industri,Industriale,工業,공업,Industrialne,Industrial,,อุตสาหกรรม,Endüstriyel,Công Nghiệp,工业,工业,工業
Studio.Toolbox.Subcategory.SfxCity,,,City,City,المدينة,Stadt,Ciudad,Ville,शहर,Kota,Città,都市,도시,Miasto,Cidade,,เมือง,Şehir,Thành Phố,城市,城市,城市
Studio.Toolbox.Subcategory.SfxBirds,,,Birds,Birds,الطيور,Vögel,Aves,Oiseaux,पक्षी,Burung,Uccelli,鳥,새,Ptaki,Pássaros,,นก,Kuşlar,Chim,鸟,鸟,鳥
Studio.Toolbox.Subcategory.SfxMechanical,,,Mechanical,Mechanical,ميكانيكي,Mechanisch,Mecánico,Mécanique,मेकैनिकल,Mekanis,Meccanico,機械,기계,Mechaniczne,Mecânico,,กลไก,Mekanik,Cơ Khí,机械,机械,機械
Studio.Toolbox.Subcategory.SfxTrain,,,Train,Train,القطار,Zug,Tren,Train,ट्रेन,Kereta Api,Treno,電車,기차,Pociąg,Trem,,รถไฟ,Tren,Xe Lửa,火车,火车,火車
Studio.Toolbox.Subcategory.SfxMagic,,,Magic,Magic,سحر,Magie,Mágica,Magie,जादू,Sihir,Magia,魔法,마법,Magia,Magia,,เวทมนตร์,Sihir,Ma Thuật,魔法,魔法,魔法
Studio.Toolbox.Subcategory.VibesAngry,,,Angry,Angry,غاضبة,Wütend,De enojo,En colère,ऐंग्री,Marah,Arrabbiato,怒り,분노,Gniewna,Raivosa,,โกรธเกรี้ยว,Öfkeli,Tức Giận,生气,生气,憤怒
Studio.Toolbox.Subcategory.VibesChill,,,Chill,Chill,مهدئة,Chill,Chill,Chill,रिलैक्स करने वाला,Santai,Rilassato,チル,칠,Relaksująca,Relaxante,,ผ่อนคลาย,Sakin,Ớn Lạnh,寒冷,寒冷,放鬆
Studio.Toolbox.Subcategory.VibesDark,,,Dark,Dark,تشاؤمية,Dunkel,Sombría,Sombre,डार्क,Gelap,Scuro,ダーク,다크,Mroczna,Sombria,,มืดมน,Karanlık,Tối,黑暗,黑暗,黑暗
Studio.Toolbox.Subcategory.VibesEasyListening,,,Easy Listening,Easy Listening,موسيقى هادئة,Einfaches Zuhören,Música fácil de escuchar,Musique d'ambiance,इंस्ट्रूमेंटल रिकॉर्डिंग और कवर,Musik Ringan,Facile da ascoltare,イージーリスニング,이지 리스닝,Easy Listening,Música suave,,ฟังสบาย,Hafif,Easy Listening,轻音乐,轻音乐,輕音樂
Studio.Toolbox.Subcategory.VibesExciting,,,Exciting,Exciting,حماسية,Aufregend,Emocionante,Excitant,अपबीट,Menyenangkan,Emozionanti,エキサイティング,익사이팅,Ekscytująca,Excitante,,น่าตื่นเต้น,Heyecan Verici,Thú Vị,激动人心,激动人心,激動人心
Studio.Toolbox.Subcategory.VibesHappy,,,Happy,Happy,سعيدة,Glücklich,Feliz,Heureux,खुशी,Senang,Felice,ハッピー,행복,Radosna,Feliz,,มีความสุข,Mutlu,Hạnh Phúc,开心,开心,快樂
Studio.Toolbox.Subcategory.VibesHopeful,,,Hopeful,Hopeful,مليئة بالأمل,Hoffnungsvoll,Esperanzadora,Plein d'espoir,उम्मीद वाला,Inspiratif,Speranzoso,励まし,희망적,Pełna nadziei,Esperançosa,,มีความหวัง,Umutlu,Hy Vọng,充满希望,充满希望,充滿希望
Studio.Toolbox.Subcategory.VibesSad,,,Sad,Sad,حزينة,Traurig,Triste,Triste,दुख वाला,Sedih,Triste,悲しい音楽,슬픔,Smutna,Triste,,เศร้า,Hüzünlü,Buồn,悲伤,悲伤,悲傷
Studio.Toolbox.Subcategory.VibesScary,,,Scary,Scary,مخيف,Gruselig,De miedo,Effrayant,डरावना,Menakutkan,Spaventoso,恐怖,무서움,Przerażająca,Assustadora,,น่ากลัว,Ürpertici,Đáng Sợ,恐惧,恐惧,恐怖
Studio.Toolbox.Subcategory.VibesSuspenseful,,,Suspenseful,Suspenseful,مثيرة للتشويق,Spannend,De suspenso,Suspense,सस्पेंसफु़ल,Menegangkan,Suspense,サスペンス,서스펜스,Trzymająca w napięciu,Suspense,,สุดระทึก,Gerilim Dolu,Hồi Hộp,充满悬念,充满悬念,懸疑
Studio.Toolbox.Subcategory.GenresAcoustic,,,Acoustic,Acoustic,صوتية,Akustik,Acústica,Acoustique,अकूस्टिक,Akustik,Acustico,アコースティック,어쿠스틱,Akustyczna,Acústico,,อคูสติก,Akustik,Acoustic,自然原声,自然原声,原聲
Studio.Toolbox.Subcategory.GenresAmbient,,,Ambient,Ambient,الأمبينت,Ambient,Ambiente,Ambiance,एम्बिएंट,Ambient,Ambiente,環境音楽,앰비언트,Ambient,Ambiente,,แอมเบียนต์,Ortam,Nền,氛围,氛围,氛圍
Studio.Toolbox.Subcategory.GenresBeats,,,Beats,Beats,إيقاعات,Beats,Beats,Beats,बीट्स,Beat,Beats,ビート,비트,Rytmiczna,Beats,,บีต,Ritim,Tiếng Đập,节拍,节拍,節奏
Studio.Toolbox.Subcategory.GenresClassical,,,Classical,Classical,كلاسيكية,Klassik,Clásica,Classique,क्लासिकल,Klasik,Classica,クラシック,클래식,Klasyczna,Clássica,,คลาสสิก,Klasik,Cổ Điển,古典,古典,古典
Studio.Toolbox.Subcategory.GenresElectronic,,,Electronic,Electronic,إلكتروني,Electronic,Electrónica,Électronique,इलेक्ट्रॉनिक,Elektronik,Elettronica,エレクトロニック,일렉트로닉,Elektroniczna,Eletrônica,,อิเล็กทรอนิก,Elektronik,Điện Tử,电子,电子,電音
Studio.Toolbox.Subcategory.GenresFunk,,,Funk,Funk,الفونك,Funk,Funk,Funk,फ़ंक,Funk,Funk,ファンク,펑크,Funk,Funk,,ฟังก์,Funk,Nhạc Funk,放克,放克,放克
Studio.Toolbox.Subcategory.GenresHoliday,,,Holiday,Holiday,عطلة,Weihnachtsmusik,Música festiva,Fêtes de fin d'année,छुट्टी,Hari Raya,Feste,年末,홀리데이,Wakacyjna,Músicas natalinas,,วันหยุด,Bayram,Lễ Hội,节日,节日,節日
Studio.Toolbox.Subcategory.GenresJazz,,,Jazz,Jazz,الجاز,Jazz,Jazz,Jazz,जैज़,Jazz,Jazz,ジャズ,재즈,Jazz,Jazz,,แจ๊ส,Caz,Nhạc Jazz,爵士,爵士,爵士
Studio.Toolbox.Subcategory.GenresLofi,,,Lofi,Lofi,لوفي,Lofi,Lofi,Lofi,लो-फ़िडेलिटी,Lofi,Lofi,ローファイ,로 파이,Lo-fi,Lofi,,โลไฟ,Lofi,Lofi,低保真,低保真,低傳真 (Lofi)
Studio.Toolbox.Subcategory.GenresWorld,,,World,World,العالم,Weltmusik,World Music,Monde,दुनिया,World,Mondo,ワールドミュージック,월드,Świat,World Music,,โลก,Dünyadan Sesler,Thế Giới,世界,世界,世界
Studio.Toolbox.General.BodyValidation,,,Body Validation,Body Validation,التحقق من صحة الجسد,Körpervalidierung,Validación del cuerpo,Validation du corps,बॉडी वैलिडेशन,Validasi Tubuh,Convalida Corpo,ボディ検証,신체 검증,Weryfikacja ciała,Validação do corpo,,การตรวจสอบความถูกต้องเนื้อหา,Vücut Doğrulama,Xác Nhận Thân,身体验证,身体验证,身體驗證
Studio.Toolbox.AssetConfig.UGCPublishWarning,,,Clothing and Accessories won’t be uploaded as part of your bundle.,Clothing and Accessories won’t be uploaded as part of your bundle.,لن يتم رفع الثياب والإكسسوارات كجزء من حزمتك.,Kleidung und Accessoires werden nicht als Teil deines Pakets hochgeladen.,La ropa y los accesorios no se cargarán como parte de tu paquete.,Les vêtements et accessoires ne seront pas téléchargés dans le cadre de ton pack.,आपके बंडल के हिस्से के तौर पर ड्रेस और ऐक्सेसरीज़ अपलोड नहीं की जाएँगी.,Pakaian dan Aksesori tidak akan di-upload sebagai bagian dari bundelmu.,Abbigliamento e Accessori non saranno caricati come parte del tuo pacchetto.,衣装とアクセサリはバンドルの一部としてアップロードできません。,복장 및 장신구는 번들의 일부로 업로드되지 않습니다.,Ubranie i akcesoria nie zostaną przesłane w ramach twojego pakietu.,Roupas e acessórios não serão carregados como parte do seu pacote.,,เสื้อผ้าและไอเท็มเสริมจะไม่อัปโหลดเป็นส่วนประกอบของบันเดิลของคุณ,Kıyafetler ve aksesuarlar paket içeriği olarak yüklenmeyecek.,Trang Phục và Phụ Kiện sẽ không được tải lên như một phần trong gói của bạn.,服装和配饰无法作为套装的一部分上传。,服装和配饰无法作为套装的一部分上传。,服裝與飾品不會視為您組合的一部分上傳。
Studio.Toolbox.General.GridView,,,Grid View,Grid View,طريقة عرض الشبكة,Rasteransicht,Vista de la cuadrícula,Affichage en grille,ग्रिड व्यू,Tampilan Kisi,Visualizzazione griglia,グリッド表示,그리드 뷰,Widok siatki,Exibição em grade,,มุมมองแบบตาราง,Kılavuz Görünümü,Chế Độ Xem Dạng Lưới,网格视图,网格视图,網格檢視
Studio.Toolbox.General.ListView,,,List View,List View,طريقة عرض القائمة,Listenansicht,Vista de la lista,Vue Liste,लिस्ट व्यू,Tampilan Daftar,Vista Elenco,リスト表示,목록 뷰,Widok listy,Exibição em lista,,มุมมองรายการ,Liste Görünümü,Chế Độ Xem Dạng Danh Sách,列表视图,列表视图,清單檢視
Studio.Toolbox.AssetConfig.InsufficientRobuxWarning,,, Insufficient Robux. You can not upload this asset until you get more Robux., Insufficient Robux. You can not upload this asset until you get more Robux., رصيد Robux غير كافٍ. لا يمكنك رفع هذا الأصل حتى تحصل على المزيد من عملات Robux.," Nicht genügend Robux. Du kannst dieses Objekt nicht hochladen, bis du mehr Robux erhalten hast.", Robux insuficientes. No puedes cargar este recurso hasta que obtengas más Robux., Robux insuffisant. Tu ne peux pas télécharger cette ressource tant que tu n'as pas plus de Robux.," अपर्याप्त Robux. जब तक आपको ज़्यादा Robux नहीं मिलते, तब तक इस ऐसेट को अपलोड नहीं किया जा सकता.", Robux tidak cukup. Kamu tidak bisa meng-upload aset ini sampai kamu menambah saldo Robux., Robux insufficiente. Non puoi caricare questa risorsa finché non ottieni più Robux., Robuxが足りません。Robuxを入手するまで、このアセットをアップロードできません。, Robux가 부족합니다. 충분한 Robux가 있어야 이 애셋을 업로드할 수 있습니다.," Za mało Robuxów. Nie możesz przesłać tego zasobu, dopóki nie dokupisz Robuxów.", Robux insuficiente. Você não pode carregar este recurso até obter mais Robux.,, Robux ไม่เพียงพอ คุณไม่สามารถอัปโหลดทรัพยากรนี้ได้จนกว่าจะรับ Robux เพิ่มเติม, Yetersiz Robux. Daha fazla Robux alana kadar bu varlığı yükleyemezsin., Không đủ Robux. Bạn không thể tải tài sản này lên cho đến khi kiếm thêm Robux., Robux 不足。在获得更多 Robux 之前，你无法上传此素材。, Robux 不足。在获得更多 Robux 之前，你无法上传此素材。, Robux 不足。在您取得更多 Robux 前，您無法上傳此素材。
Studio.Toolbox.AssetConfig.BundlePartsUploadError,,,Error uploading all UGC body parts.,Error uploading all UGC body parts.,"حدث خطأ أثناء رفع كل أجزاء الجسد من ""المحتوى من تصميم المستخدم"".",Fehler beim Hochladen aller UGC-Körperteile.,Error al cargar todas las partes del cuerpo UGC,Erreur lors du chargement de toutes les parties du corps UGC.,UGC (यूज़र जेनरेटेड कॉन्टेंट) के सभी बॉडी पार्ट अपलोड करने में गड़बड़ी हुई.,Terjadi eror saat meng-upload semua bagian tubuh UGC.,Errore nel caricare tutte le parti del corpo UGC.,すべてのUGCボディパーツのアップロード中にエラーが発生しました。,전체 UGC 신체 파트를 업로드하는 중에 오류가 발생했습니다.,Błąd podczas przesyłania części ciała będących wyłącznie ZGU.,Erro ao carregar todas as partes do corpo CGU.,,เกิดข้อผิดพลาดในการอัปเดตส่วนประกอบเนื้อหา UGC ทั้งหมด,Kullanıcı tarafından oluşturulmuş vücut parçası içerikleri yüklenirken hata.,Lỗi khi tải lên tất cả các bộ phận cơ thể của UGC.,上传全部用户生成内容身体部位时出错。,上传全部用户生成内容身体部位时出错。,上傳全部使用者創作內容身體零件時發生錯誤。
Studio.Toolbox.AssetConfig.UGCDynamicHeadBundleName,,,Head,Head,الرأس,Kopf,Cabeza,Tête,सिर,Kepala,Testa,頭,머리,Głowa,Cabeça,,ศีรษะ,Kafa,Đầu,头部,头部,頭部
Studio.Toolbox.AssetConfig.BundleContextCreationError,,,Error preparing bundle for upload.,Error preparing bundle for upload.,حدث خطأ أثناء تجهيز الحزمة للرفع.,Fehler beim Vorbereiten des Pakets für den Upload.,Error al preparar el paquete para subir.,Erreur lors de la préparation du bundle pour le téléchargement.,अपलोड के लिए बंडल तैयार करने में गड़बड़ी हुई.,Terjadi eror saat menyiapkan bundel untuk upload.,Errore durante la preparazione del pacchetto per il caricamento.,バンドルのアップロード準備中にエラーが発生しました。,업로드를 위해 번들을 준비하는 중 오류가 발생했습니다.,Błąd podczas przygotowywania pakietu do przesłania.,Erro preparando pacote para upload.,,เกิดข้อผิดพลาดในการเตรียมบันเดิลเพื่ออัปโหลด,Paketi yüklemeye hazırlarken hata.,Lỗi khi chuẩn bị gói để tải lên.,准备套装进行上传时出错。,准备套装进行上传时出错。,準備上傳組合時發生錯誤。
Studio.Toolbox.AssetConfig.BundleUploadStepNumber,,, Step {currentStep:int}/{totalSteps:int}, Step {currentStep:int}/{totalSteps:int}, الخطوة {currentStep:int}/{totalSteps:int}, Schritt {currentStep:int}/{totalSteps:int}, Paso {currentStep:int}/{totalSteps:int}, Étape {currentStep:int}/{totalSteps:int}, स्टेप {currentStep:int}/{totalSteps:int}, Langkah {currentStep:int}/{totalSteps:int}, Step {currentStep:int}/{totalSteps:int}, ステップ {currentStep:int}/{totalSteps:int},{currentStep:int}/{totalSteps:int}단계, Krok {currentStep:int}/{totalSteps:int}, Passo {currentStep:int}/{totalSteps:int},, ขั้นตอนที่ {currentStep:int}/{totalSteps:int}, Adım {currentStep:int}/{totalSteps:int}, Bước {currentStep:int}/{totalSteps:int}, 步骤 {currentStep:int}/{totalSteps:int}, 步骤 {currentStep:int}/{totalSteps:int}, 步驟 {currentStep:int}/{totalSteps:int}
Studio.Toolbox.AssetConfig.BundleUploadPrepareStep,,,Preparing bundle upload...,Preparing bundle upload...,جارٍ تجهيز رفع الحزمة...,Upload des Pakets wird vorbereitet ...,Preparando la carga del paquete...,Préparation du téléchargement du bundle...,बंडल अपलोड तैयार किया जा रहा है...,Menyiapkan upload bundel...,Preparazione caricamento bundle...,バンドルのアップロード準備中...,번들 업로드 준비 중...,Przygotowywanie pakietu do przesłania...,Preparando o upload do pacote...,,กำลังเตรียมการอัปโหลดบันเดิล...,Paket yüklemeye hazırlanıyor...,Đang chuẩn bị tải lên gói...,正在准备上传套装……,正在准备上传套装……,正在準備上傳組合……
Studio.Toolbox.AssetConfig.BundleUploadAssetsStep,,,Uploading body parts...,Uploading body parts...,جارٍ رفع أجزاء الجسد...,Körperteile werden hochgeladen ...,Cargando partes del cuerpo...,Chargement des parties du corps...,बॉडी पार्ट्स अपलोड किए जा रहे हैं...,Meng-upload bagian tubuh...,Caricamento delle parti del corpo...,ボディパーツをアップロード中...,신체 파트 업로드 중...,Przesyłanie części ciała...,Enviando partes do corpo...,,กำลังอัปโหลดส่วนประกอบเนื้อหา...,Vücut parçaları yükleniyor...,Đang tải lên các bộ phận cơ thể...,正在上传身体部位……,正在上传身体部位……,正在上傳身體零件……
Studio.Toolbox.AssetConfig.BundleUploadCreateBundleStep,,,Creating bundle...,Creating bundle...,جارٍ إنشاء الحزمة...,Paket wird erstellt ...,Creando paquete...,Création du bundle...,बंडल बनाया जा रहा है...,Membuat bundel...,Creazione del bundle...,バンドルを作成中...,번들 생성 중...,Tworzenie pakietu...,Criando pacote...,,กำลังสร้างบันเดิล...,Paket oluşturuluyor...,Đang tạo gói...,正在创建套装……,正在创建套装……,正在建立組合……
Studio.Toolbox.AssetConfig.BundleUploadGenerateBundleIdStep,,,Generating bundle ID...,Generating bundle ID...,جارٍ إنشاء معرّف الحزمة...,Paket-ID wird generiert ...,Generando ID del paquete...,Générer l'ID du bundle...,बंडल ID जनरेट की जा रही है...,Membuat ID bundel...,Generazione dell'ID bundle...,バンドルIDを生成中...,번들 ID 생성 중...,Generowanie identyfikatora pakietu...,Gerando ID do pacote...,,กำลังสร้าง ID บันเดิล...,Paket kimliği oluşturuluyor...,Đang tạo ID gói...,正在生成套装ID……,正在生成套装ID……,正在產出組合 ID……
Studio.Toolbox.AssetConfig.BundleUploadCompleteStep,,,Upload complete...,Upload complete...,اكتمل الرفع...,Upload abgeschlossen ...,Carga completada...,Téléchargement terminé...,अपलोड पूरा हुआ...,Upload selesai...,Caricamento completato...,アップロード完了...,업로드 완료...,Przesłano...,Upload completo...,,การอัปโหลดเสร็จสมบูรณ์...,Yükleme tamamlandı...,Tải lên hoàn tất...,上传完成……,上传完成……,上傳完成……
Studio.Toolbox.AssetConfig.ProgressBarProgressText,,,Progress {percent:int}%,Progress {percent:int}%,نسبة التقدم: {percent:int}%,Fortschritt {percent:int}%,Progreso {percent:int}%,Progrès {percent:int}%,प्रोग्रेस {percent:int}%,Progres {percent:int}%,Progresso {percent:int}%,進行状況 {percent:int}%,진행률 {percent:int}%,Postęp: {percent:int}%,Progresso {percent:int}%,,ความคืบหน้า {percent:int}%,İlerleme: %{percent:int},Tiến trình {percent:int}%,进度 {percent:int}%,进度 {percent:int}%,進度 {percent:int}%
Studio.Toolbox.AssetConfig.ProgressUploadWaitTimeWarning,,,This process could take up to 5 minutes,This process could take up to 5 minutes,قد تستغرق هذه العملية ما يصل إلى 5 دقائق,Dieser Vorgang kann bis zu 5 Minuten dauern,Este proceso puede tardar hasta 5 minutos,Ce processus peut prendre jusqu'à 5 minutes,इस प्रोसेस में 5 मिनट तक का समय लग सकता है,Proses ini mungkin memerlukan waktu hingga 5 menit,Questo processo potrebbe richiedere fino a 5 minuti,このプロセスには5分ほどかかることがあります,이 프로세스는 최대 5분 정도 걸릴 수 있습니다,Ten proces powinien zająć nie więcej niż 5 minut,Esse processo pode levar até 5 minutos,,กระบวนการนี้อาจใช้เวลาถึง 5 นาที,Bu işlem 5 dakikaya kadar sürebilir,Quá trình này có thể mất tới 5 phút,此过程可能需要最多 5 分钟。,此过程可能需要最多 5 分钟。,此過程可能最多花費五分鐘
Studio.Toolbox.AssetUploadResult.SubmitAsDevelopmentItem,,,Submit as Development Item,Submit as Development Item,إرسال كعنصر قيد التطوير,Als Entwicklungsartikel einreichen,Enviar como Elemento de desarrollo,Soumettre en tant qu'item de développement,डेवलपमेंट आइटम के रूप में सबमिट करें,Kirim sebagai Item Pengembangan,Invia come articolo di sviluppo,開発アイテムとして提出,개발 아이템으로 제출,Prześlij jako przedmiot deweloperski,Enviar como item de desenvolvimento,,ส่งเป็นไอเท็มการพัฒนา,Geliştirme Öğesi olarak gönder,Gửi dưới dạng Vật Phẩm Phát Triển,提交为开发物品,提交为开发物品,提交為開發項目
Studio.Toolbox.AssetUploadResult.Close,,,Close,Close,إغلاق,Schließen,Cerrar,Fermer,बंद करें,Tutup,Chiudi,閉じる,닫기,Zamknij,Fechar,,ปิด,Kapat,Đóng,关闭,关闭,關閉
Studio.Toolbox.AssetConfigVersions.VersionHistory,,,Version History,Version History,سجل الإصدارات,Versionsverlauf,Historial de la versión,Historique de la version,वर्ज़न हिस्ट्री,Riwayat Versi,Cronologia versioni,バージョン履歴,버전 기록,Historia wersji,Histórico da versão,,ประวัติเวอร์ชัน,Sürüm Geçmişi,Lịch Sử Phiên Bản,版本历史,版本历史,版本歷史紀錄
Studio.Toolbox.AssetConfigVersions.AddADescription,,,Add a description or select to restore versions.,Add a description or select to restore versions.,أضف وصفًا أو حدد لاستعادة الإصدارات.,"Füge eine Beschreibung hinzu oder wähle aus, um Versionen wiederherzustellen.",Añade una descripción o selecciona para restaurar versiones.,Ajouter une description ou sélectionner pour restaurer les versions.,विवरण जोड़ें या वर्ज़न रीस्टोर करने के लिए चुनें.,Tambahkan deskripsi atau pilih untuk memulihkan versi.,Aggiungi una nota o seleziona per ripristinare le versioni.,説明を追加するか、バージョンの復元を選択します。,설명을 추가하거나 버전 복원을 선택하세요.,"Dodaj opis lub zaznacz, aby przywrócić wersje.",Adicione uma descrição ou selecione para restaurar versões.,,เพิ่มคำอธิบายหรือเลือกเพื่อกู้คืนเวอร์ชัน,Açıklama ekle ya da sürümleri geri yüklemeyi seç.,Thêm một mô tả hoặc chọn để khôi phục các phiên bản.,添加描述或选择以还原版本。,添加描述或选择以还原版本。,新增說明或選擇還原版本。
Studio.Toolbox.AssetConfigVersions.Version,,,Version,Version,الإصدار,Version,Versión,Version,वर्ज़न,Versi,Versione,バージョン,버전,Wersja,Versão,,เวอร์ชัน,Sürüm,Phiên Bản,版本,版本,版本
Studio.Toolbox.AssetConfigVersions.Description,,,Description,Description,الوصف,Beschreibung,Descripción,Description,विवरण,Deskripsi,Descrizione,詳細,설명,Opis,Descrição,,คำอธิบาย,Açıklama,Mô Tả,描述,描述,說明
Studio.Toolbox.AssetConfigVersions.CurrentLabel,,,Current,Current,الحالي,Aktuell,Actual,En cours,मौजूदा,Saat Ini,Attuale,制作中,현재,Bieżące,Atual,,ปัจจุบัน,Güncel,Hiện Tại,当前,当前,目前
Studio.Toolbox.AssetConfigVersions.AddNote,,,Add,Add,إضافة,Hinzufügen,Añadir,Ajouter,जोड़ें,Tambahkan,Aggiungi,追加,추가,Dodaj,Adicionar,,เพิ่ม,Ekle,Thêm,添加,添加,新增
Studio.Toolbox.AssetConfigVersions.DescribeChanges,,,Describe your changes,Describe your changes,وصف تغييراتك,Beschreibe deine Änderungen,Describe tus cambios,Décrire tes modifications,अपने बदलावों के बारे में बताएँ,Deskripsikan perubahan,Descrivi le tue modifiche,変更内容の説明,변경 사항 설명,Opisz wprowadzone zmiany,Descreva suas alterações,,อธิบายการเปลี่ยนแปลงของคุณ,Değişikliklerini tanımla,Mô tả những thay đổi của bạn,描述所作更改,描述所作更改,描述變更
Studio.Toolbox.AssetConfigFooter.Restore,,,Restore,Restore,استعادة,Wiederherstellen,Restaurar,Restaurer,रीस्टोर करें,Pulihkan,Ripristina,復元,복원,Przywróć,Restaurar,,กู้คืน,Geri Yükle,Khôi Phục,还原,还原,還原
Studio.Toolbox.Common.Save,,,Save,Save,حفظ,Speichern,Guardar,Sauvegarder,सेव करें,Simpan,Salva,保存,저장,Zapisz,Salvar,,บันทึก,Kaydet,Lưu,保存,保存,儲存
Studio.Toolbox.Common.Cancel,,,Cancel,Cancel,إلغاء,Abbrechen,Cancelar,Annuler,कैंसिल करें,Batalkan,Annulla,キャンセル,취소,Anuluj,Cancelar,,ยกเลิก,İptal,Hủy Bỏ,取消,取消,取消
Studio.Toolbox.AudioView.Title,,,Title,Title,العنوان,Titel,Título,Titre,टाइटल,Judul,Titolo,題名,제목,Tytuł,Título,,หัวข้อ,Başlık,Tiêu Đề,标题,标题,標題
Studio.Toolbox.AudioView.Creator,,,Creator,Creator,المصمّم,Creator,Creador(a),Créateur,क्रिएटर,Kreator,Creatore,クリエーター,크리에이터,Twórca,Criador,,ครีเอเตอร์,Oluşturan,Nhà Sáng Tạo,作者,作者,創作者
Studio.Toolbox.AudioView.Tags,,,Tags,Tags,الوسوم,Tags,Etiquetas,Tags,टैग्स,Tag,Tags,タグ,태그,Tagi,Marcadores,,แท็ก,Etiketler,Thẻ,标签,标签,標籤
Studio.Toolbox.AssetConfigVersions.RevokedUser,,,Revoked User,Revoked User,مستخدم تم إلغاء إمكانية وصوله,Widerrufene Benutzer,Usuario revocado,Utilisateur révoqué,यूज़र को वापस लिया गया,Pengguna Dicabut,Utente revocato,削除済みユーザー,해지된 사용자,Wycofany użytkownik,Usuário revogado,,ผู้ใช้งานที่ถูกเพิกถอน,Feshedilmiş Kullanıcı,Người Dùng Bị Thu Hồi Quyền,已撤回用户,已撤回用户,已撤銷的使用者
Studio.Toolbox.AssetConfigVersions.RestoreLabel,,,Restore,Restore,استعادة,Wiederherstellen,Restaurar,Restaurer,रीस्टोर करें,Pulihkan,Ripristina,復元,복원,Przywróć,Restaurar,,กู้คืน,Geri Yükle,Khôi Phục,还原,还原,還原
Studio.Toolbox.AssetConfig.CreationContextInvalidAssetQuantities,,,Error preparing bundle for upload. The asset quantities are invalid.,Error preparing bundle for upload. The asset quantities are invalid.,حدث خطأ أثناء تجهيز الحزمة للرفع. كميات الأصول غير صالحة.,Fehler beim Vorbereiten des Pakets für den Upload. Die Objektmengen sind ungültig.,Error al preparar el paquete para la carga. Las cantidades de recursos no son válidas.,Erreur lors de la préparation du bundle pour le téléchargement. Les quantités de contenus ne sont pas valides.,अपलोड के लिए बंडल तैयार करने में गड़बड़ी हुई. ऐसेट की मात्रा अमान्य है.,Terjadi eror saat menyiapkan bundel untuk di-upload. Jumlah aset tidak valid.,Errore nella preparazione del bundle per il caricamento. Le quantità di risorse non sono valide.,バンドルのアップロード準備中にエラーが発生しました。アセット数が無効です。,업로드할 번들을 준비하는 중에 오류가 발생했습니다. 애셋 수량이 유효하지 않습니다.,Błąd podczas przygotowywania pakietu do przesłania. Ilość zasobu jest nieprawidłowa.,Erro ao preparar o pacote para upload. As quantidades de ativos são inválidas.,,เกิดข้อผิดพลาดในการเตรียมบันเดิลเพื่ออัปโหลด จำนวนทรัพยากรไม่ถูกต้อง,Paketin yükleme hazırlığı sırasında hata. Varlık miktarları geçersiz.,Lỗi khi chuẩn bị gói để tải lên. Số lượng tài sản không hợp lệ.,准备套装进行上传时出错。素材数量无效。,准备套装进行上传时出错。素材数量无效。,準備上傳組合時發生錯誤。素材數量無效。
Studio.Toolbox.AssetConfig.CreationContextInvalidBundleType,,,Error preparing bundle for upload. The specified bundle type is invalid.,Error preparing bundle for upload. The specified bundle type is invalid.,حدث خطأ أثناء تجهيز الحزمة للرفع. نوع الحزمة المحدد غير صالح.,Fehler beim Vorbereiten des Pakets für den Upload. Der angegebene Pakettyp ist ungültig.,Error al preparar el paquete para la carga. El tipo de paquete especificado no es válido.,Erreur lors de la préparation du bundle pour le téléchargement. Le type de bundle spécifié n'est pas valide.,अपलोड के लिए बंडल तैयार करने में गड़बड़ी हुई. इस बंडल का टाइप अमान्य है.,Terjadi eror saat menyiapkan bundel untuk di-upload. Tipe bundel yang ditentukan tidak valid.,Errore nella preparazione del bundle per il caricamento. Il tipo di bundle specificato non è valido.,バンドルのアップロード準備中にエラーが発生しました。指定のバンドルタイプが無効です。,업로드할 번들을 준비하는 중에 오류가 발생했습니다. 지정된 번들 유형이 유효하지 않습니다.,Błąd podczas przygotowywania pakietu do przesłania. Podany typ pakietu jest nieprawidłowy.,Erro ao preparar o pacote para upload. O tipo de pacote especificado é inválido.,,เกิดข้อผิดพลาดในการเตรียมบันเดิลเพื่ออัปโหลด ประเภทบันเดิลที่กำหนดไม่ถูกต้อง,Paketin yükleme hazırlığı sırasında hata. Belirtilen paket türü geçersiz.,Lỗi khi chuẩn bị gói để tải lên. Loại gói được chỉ định không hợp lệ.,准备套装进行上传时出错。指定套装类型无效。,准备套装进行上传时出错。指定套装类型无效。,準備上傳組合時發生錯誤。特定組合類型無效。
Studio.Toolbox.AssetConfig.CreationContextInvalidCreateBundleRequest,,,Error preparing bundle for upload. The bundle creation request is invalid.,Error preparing bundle for upload. The bundle creation request is invalid.,حدث خطأ أثناء تجهيز الحزمة للرفع. طلب إنشاء الحزمة غير صالح.,Fehler beim Vorbereiten des Pakets für den Upload. Die Anfrage zur Erstellung des Pakets ist ungültig.,Error al preparar el paquete para la carga. La solicitud de creación del paquete no es válida.,Erreur lors de la préparation du bundle pour le téléchargement. La requête de création de bundle est invalide.,अपलोड के लिए बंडल तैयार करने में गड़बड़ी हुई. बंडल बनाने की रिक्वेस्ट अमान्य है.,Terjadi eror saat menyiapkan bundel untuk di-upload. Permintaan pembuatan bundel tidak valid.,Errore nella preparazione del bundle per il caricamento. La richiesta di creazione del bundle non è valida.,バンドルのアップロード準備中にエラーが発生しました。バンドル作成リクエストが無効です。,업로드할 번들을 준비하는 중에 오류가 발생했습니다. 번들 제작 요청이 유효하지 않습니다.,Błąd podczas przygotowywania pakietu do przesłania. Żądanie utworzenia pakietu jest nieprawidłowe.,Erro ao preparar o pacote para upload. A solicitação de criação do pacote é inválida.,,เกิดข้อผิดพลาดในการเตรียมบันเดิลเพื่ออัปโหลด คำขอการสร้างบันเดิลไม่ถูกต้อง,Paketin yükleme hazırlığı sırasında hata. Paket oluşturma isteği geçersiz.,Lỗi khi chuẩn bị gói để tải lên. Yêu cầu tạo gói không hợp lệ.,准备套装进行上传时出错。套装创作请求无效。,准备套装进行上传时出错。套装创作请求无效。,準備上傳組合時發生錯誤。組合作品請求無效。
Studio.Toolbox.AssetConfig.CreationContextInvalidBundleDescription,,,Error preparing bundle for upload. The bundle description is invalid.,Error preparing bundle for upload. The bundle description is invalid.,حدث خطأ أثناء تجهيز الحزمة للرفع. وصف الحزمة غير صالح.,Fehler beim Vorbereiten des Pakets für den Upload. Die Paketbeschreibung ist ungültig.,Error al preparar el paquete para la carga. La descripción del paquete no es válida.,Erreur lors de la préparation du bundle pour le téléchargement. La description du bundle est invalide.,अपलोड के लिए बंडल तैयार करने में गड़बड़ी हुई. बंडल का विवरण अमान्य है.,Terjadi eror saat menyiapkan bundel untuk di-upload. Deskripsi bundel tidak valid.,Errore nella preparazione del bundle per il caricamento. La richiesta di creazione del bundle non è valida.,バンドルのアップロード準備中にエラーが発生しました。バンドルの説明が無効です。,업로드할 번들을 준비하는 중에 오류가 발생했습니다. 번들 설명이 유효하지 않습니다.,Błąd podczas przygotowywania pakietu do przesłania. Opis pakietu jest nieprawidłowy.,Erro ao preparar o pacote para upload. A descrição do pacote é inválida.,,เกิดข้อผิดพลาดในการเตรียมบันเดิลเพื่ออัปโหลด คำอธิบายบันเดิลไม่ถูกต้อง,Paketin yükleme hazırlığı sırasında hata. Paket açıklaması geçersiz.,Lỗi khi chuẩn bị gói để tải lên. Mô tả gói không hợp lệ.,准备套装进行上传时出错。套装描述无效。,准备套装进行上传时出错。套装描述无效。,準備上傳組合時發生錯誤。組合說明無效。
Studio.Toolbox.AssetConfig.CreationContextInvalidBundleName,,,Error preparing bundle for upload. The bundle name is invalid.,Error preparing bundle for upload. The bundle name is invalid.,حدث خطأ أثناء تجهيز الحزمة للرفع. اسم الحزمة غير صالح.,Fehler beim Vorbereiten des Pakets für den Upload. Der Paketname ist ungültig.,Error al preparar el paquete para la carga. El nombre del paquete no es válido.,Erreur lors de la préparation du bundle pour le téléchargement. Le nom du bundle est invalide.,अपलोड के लिए बंडल तैयार करने में गड़बड़ी हुई. इस बंडल का नाम अमान्य है.,Terjadi eror saat menyiapkan bundel untuk di-upload. Nama bundel tidak valid.,Errore nella preparazione del bundle per il caricamento. La richiesta di creazione del bundle non è valida.,バンドルのアップロード準備中にエラーが発生しました。バンドル名が無効です。,업로드할 번들을 준비하는 중에 오류가 발생했습니다. 번들 이름이 유효하지 않습니다.,Błąd podczas przygotowywania pakietu do przesłania. Nazwa pakietu jest nieprawidłowa.,Erro ao preparar o pacote para upload. O nome do pacote é inválido.,,เกิดข้อผิดพลาดในการเตรียมบันเดิลเพื่ออัปโหลด ชื่อบันเดิลไม่ถูกต้อง,Paketin yükleme hazırlığı sırasında hata. Paket adı geçersiz.,Lỗi khi chuẩn bị gói để tải lên. Tên gói không hợp lệ.,准备套装进行上传时出错。套装名称无效。,准备套装进行上传时出错。套装名称无效。,準備上傳組合時發生錯誤。組合名稱無效。
Studio.Toolbox.AssetConfig.CreationContextInappropriateBundleDescription,,,Error preparing bundle for upload. The bundle description is inappropriate.,Error preparing bundle for upload. The bundle description is inappropriate.,حدث خطأ أثناء تجهيز الحزمة للرفع. وصف الحزمة غير لائق.,Fehler beim Vorbereiten des Pakets für den Upload. Die Paketbeschreibung ist unangemessen.,Error al preparar el paquete para la carga. La descripción del paquete es inapropiada.,Erreur lors de la préparation du bundle pour le téléchargement. La description du bundle est inappropriée.,अपलोड के लिए बंडल तैयार करने में गड़बड़ी हुई. बंडल का विवरण अनुचित है.,Terjadi eror saat menyiapkan bundel untuk di-upload. Deskripsi bundel tidak pantas.,Errore nella preparazione del bundle per il caricamento. La richiesta di creazione del bundle non è valida.,バンドルのアップロード準備中にエラーが発生しました。バンドルの説明が不適切です。,업로드할 번들을 준비하는 중에 오류가 발생했습니다. 번들 설명이 부적절합니다.,Błąd podczas przygotowywania pakietu do przesłania. Opis pakietu jest niewłaściwy.,Erro ao preparar o pacote para upload. A descrição do pacote é inapropriada.,,เกิดข้อผิดพลาดในการเตรียมบันเดิลเพื่ออัปโหลด คำอธิบายบันเดิลไม่เหมาะสม,Paketin yükleme hazırlığı sırasında hata. Paket açıklaması uygunsuz.,Lỗi khi chuẩn bị gói để tải lên. Mô tả gói không phù hợp.,准备套装进行上传时出错。套装描述不恰当。,准备套装进行上传时出错。套装描述不恰当。,準備上傳組合時發生錯誤。組合說明不當。
Studio.Toolbox.AssetConfig.CreationContextInappropriateBundleName,,,Error preparing bundle for upload. The bundle name is inappropriate.,Error preparing bundle for upload. The bundle name is inappropriate.,حدث خطأ أثناء تجهيز الحزمة للرفع. اسم الحزمة غير لائق.,Fehler beim Vorbereiten des Pakets für den Upload. Der Paketname ist unangemessen.,Error al preparar el paquete para la carga. El nombre del paquete es inapropiado.,Erreur lors de la préparation du bundle pour le téléchargement. Le nom du bundle est inapproprié.,अपलोड के लिए बंडल तैयार करने में गड़बड़ी हुई. इस बंडल का नाम ठीक नहीं है.,Terjadi eror saat menyiapkan bundel untuk di-upload. Nama bundel tidak pantas.,Errore nella preparazione del bundle per il caricamento. La richiesta di creazione del bundle non è valida.,バンドルのアップロード準備中にエラーが発生しました。バンドル名が不適切です。,업로드할 번들을 준비하는 중에 오류가 발생했습니다. 번들 이름이 부적절합니다.,Błąd podczas przygotowywania pakietu do przesłania. Nazwa pakietu jest niewłaściwa.,Erro ao preparar o pacote para upload. O nome do pacote é inapropriado.,,เกิดข้อผิดพลาดในการเตรียมบันเดิลเพื่ออัปโหลด ชื่อบันเดิลไม่เหมาะสม,Paketin yükleme hazırlığı sırasında hata. Paket adı uygunsuz.,Lỗi khi chuẩn bị gói để tải lên. Tên gói không phù hợp.,准备套装进行上传时出错。套装名称不恰当。,准备套装进行上传时出错。套装名称不恰当。,準備上傳組合時發生錯誤。組合名稱不當。
Studio.Toolbox.AssetConfig.CreationContextAuthorizationDenied,,,Error preparing bundle for upload. Authorization Denied.,Error preparing bundle for upload. Authorization Denied.,حدث خطأ أثناء تجهيز الحزمة للرفع. تم رفض التفويض.,Fehler beim Vorbereiten des Pakets für den Upload. Autorisierung verweigert.,Error al preparar el paquete para la carga. Autorización denegada.,Erreur lors de la préparation du bundle pour le téléchargement. Autorisation refusée.,अपलोड के लिए बंडल तैयार करने में गड़बड़ी हुई. ऑथराइज़ेशन नामंज़ूर किया गया.,Terjadi eror saat menyiapkan bundel untuk di-upload. Otorisasi Ditolak.,Errore nella preparazione del bundle per il caricamento. Autorizzazione negata.,バンドルのアップロード準備中にエラーが発生しました。認証が却下されました。,업로드할 번들을 준비하는 중에 오류가 발생했습니다. 승인이 거부되었습니다.,Błąd podczas przygotowywania pakietu do przesłania. Odmowa autoryzacji.,Erro ao preparar o pacote para upload. Autorização negada.,,เกิดข้อผิดพลาดในการเตรียมบันเดิลเพื่ออัปโหลด การให้สิทธิ์ได้รับการปฏิเสธ,Paketin yükleme hazırlığı sırasında hata. Yetkilendirme isteği reddedildi.,Lỗi khi chuẩn bị gói để tải lên. Quyền Bị Từ Chối.,准备套装进行上传时出错。授权被拒绝。,准备套装进行上传时出错。授权被拒绝。,準備上傳組合時發生錯誤。授權遭拒。
Studio.Toolbox.AssetConfig.CreationContextUserNotFound,,,Error preparing bundle for upload. User not found.,Error preparing bundle for upload. User not found.,حدث خطأ أثناء تجهيز الحزمة للرفع. لم يتم العثور على المستخدم.,Fehler beim Vorbereiten des Pakets für den Upload. Benutzer nicht gefunden.,Error al preparar el paquete para la carga. No se encuentra el usuario.,Erreur lors de la préparation du bundle pour le téléchargement. Utilisateur non trouvé.,अपलोड के लिए बंडल तैयार करने में गड़बड़ी हुई. यूज़र नहीं मिला.,Terjadi eror saat menyiapkan bundel untuk di-upload. Pengguna tidak ditemukan.,Errore nella preparazione del bundle per il caricamento. Utente non trovato.,バンドルのアップロード準備中にエラーが発生しました。ユーザーが見つかりません。,업로드할 번들을 준비하는 중에 오류가 발생했습니다. 사용자를 찾을 수 없습니다.,Błąd podczas przygotowywania pakietu do przesłania. Nie znaleziono użytkownika.,Erro ao preparar o pacote para upload. Usuário não encontrado.,,เกิดข้อผิดพลาดในการเตรียมบันเดิลเพื่ออัปโหลด ไม่พบผู้ใช้งาน,Paketin yükleme hazırlığı sırasında hata. Kullanıcı bulunamadı.,Lỗi khi chuẩn bị gói để tải lên. Không tìm thấy người dùng.,准备套装进行上传时出错。未找到用户。,准备套装进行上传时出错。未找到用户。,準備上傳組合時發生錯誤。未發現使用者。
Studio.Toolbox.AssetConfig.CreationContextTokenValidationFailed,,,Error preparing bundle for upload. Token validation failed.,Error preparing bundle for upload. Token validation failed.,حدث خطأ أثناء تجهيز الحزمة للرفع. فشل التحقق من صحة التوكن.,Fehler beim Vorbereiten des Pakets für den Upload. Tokenvalidierung fehlgeschlagen.,Error al preparar el paquete para la carga. La validación de token falló.,Erreur lors de la préparation du bundle pour le téléchargement. La validation du token a échoué.,अपलोड के लिए बंडल तैयार करने में गड़बड़ी हुई. टोकन का वैलिडेशन नहीं हो सका.,Terjadi eror saat menyiapkan bundel untuk di-upload. Validasi token gagal.,Errore nella preparazione del bundle per il caricamento. La convalida del token è fallita.,バンドルのアップロード準備中にエラーが発生しました。トークン検証に失敗しました。,업로드할 번들을 준비하는 중에 오류가 발생했습니다. 토큰 유효성 검사에 실패했습니다.,Błąd podczas przygotowywania pakietu do przesłania. Błąd weryfikacji tokenu.,Erro ao preparar o pacote para upload. A validação do token falhou.,,เกิดข้อผิดพลาดในการเตรียมบันเดิลเพื่ออัปโหลด ตรวจสอบความถูกต้องโทเค็นไม่สำเร็จ,Paketin yükleme hazırlığı sırasında hata. Jeton doğrulama başarısız.,Lỗi khi chuẩn bị gói để tải lên. Xác thực token không thành công.,准备套装进行上传时出错。令牌验证失败。,准备套装进行上传时出错。令牌验证失败。,準備上傳組合時發生錯誤。Token 驗證失敗。
Studio.Toolbox.AssetConfig.CreationContextDoesNotHavePermission,,,Error preparing bundle for upload. User does not have bundle creation permissions.,Error preparing bundle for upload. User does not have bundle creation permissions.,حدث خطأ أثناء تجهيز الحزمة للرفع. المستخدم لا يمتلك أذونات إنشاء الحزمة.,Fehler beim Vorbereiten des Pakets für den Upload. Benutzer hat keine Berechtigung zum Erstellen von Paketen.,Error al preparar el paquete para la carga. El usuario no tiene permisos de creación de paquetes.,Erreur lors de la préparation du bundle pour le téléchargement. L'utilisateur n'a pas les permissions de création de bundle.,अपलोड के लिए बंडल तैयार करने में गड़बड़ी हुई. यूज़र के पास बंडल बनाने की अनुमति नहीं है.,Terjadi eror saat menyiapkan bundel untuk di-upload. Pengguna tidak memiliki izin pembuatan bundel.,Errore durante la preparazione del bundle per il caricamento. L'utente non ha permessi di creazione bundle.,バンドルのアップロード準備中にエラーが発生しました。ユーザーにはバンドル作成権限がありません。,업로드할 번들을 준비하는 중에 오류가 발생했습니다. 사용자에게 번들 제작 권한이 없습니다.,Błąd podczas przygotowywania pakietu do przesłania. Użytkownik nie ma uprawnień do tworzenia pakietów.,Erro ao preparar o pacote para upload. O usuário não tem permissões de criação do pacote.,,เกิดข้อผิดพลาดในการเตรียมบันเดิลเพื่ออัปโหลด ผู้ใช้งานไม่มีสิทธิ์การสร้างบันเดิล,"Paketin yükleme hazırlığı sırasında hata. Kullanıcı, paket oluşturma izinlerine sahip değil.",Lỗi khi chuẩn bị gói để tải lên. Người dùng không có quyền tạo gói.,准备套装进行上传时出错。用户没有套装创作许可。,准备套装进行上传时出错。用户没有套装创作许可。,準備上傳組合時發生錯誤。使用者並未擁有組合作品權限。
Studio.Toolbox.AssetConfig.CreationContextDailyLimitReached,,,Error preparing bundle for upload. Your daily bundle creation limit was reached.,Error preparing bundle for upload. Your daily bundle creation limit was reached.,حدث خطأ أثناء تجهيز الحزمة للرفع. تم الوصول إلى الحد اليومي لإنشاء الحِزَم.,Fehler beim Vorbereiten des Pakets für den Upload. Dein tägliches Limit für die Erstellung von Paketen wurde erreicht.,Error al preparar el paquete para la carga. Se alcanzó tu límite diario de creación de paquetes.,Erreur lors de la préparation du bundle pour le téléchargement. Ta limite quotidienne de création de bundle a été atteinte.,अपलोड के लिए बंडल तैयार करने में गड़बड़ी हुई. आपकी रोज़ाना की बंडल बनाने की लिमिट पूरी हो गई थी.,Terjadi eror saat menyiapkan bundel untuk di-upload. Kamu sudah mencapai batas harian pembuatan bundel.,Errore nella preparazione del bundle per il caricamento. È stato raggiunto il tuo limite giornaliero di creazione del bundle.,バンドルのアップロード準備中にエラーが発生しました。バンドル作成リクエスト数が1日の上限に達しました。,업로드할 번들을 준비하는 중에 오류가 발생했습니다. 일일 번들 제작 한도에 도달했습니다.,Błąd podczas przygotowywania pakietu do przesłania. Osiągnięto limit dzienny tworzenia pakietów.,Erro ao preparar o pacote para upload. Seu limite diário de criação de pacote foi atingido.,,เกิดข้อผิดพลาดในการเตรียมบันเดิลเพื่ออัปโหลด การสร้างบันเดิลรายวันของคุณถึงขีดจำกัดแล้ว,Paketin yükleme hazırlığı sırasında hata. Günlük paket oluşturma sınırına ulaştın.,Lỗi khi chuẩn bị gói để tải lên. Bạn đã đạt giới hạn tạo gói hàng ngày.,准备套装进行上传时出错。你已达到每日套装创作限制。,准备套装进行上传时出错。你已达到每日套装创作限制。,準備上傳組合時發生錯誤。已達每日組合作品上限。
Studio.Toolbox.AssetConfig.CreationContextServiceUnavailable,,,Error preparing bundle for upload. Service unavailable.,Error preparing bundle for upload. Service unavailable.,حدث خطأ أثناء تجهيز الحزمة للرفع. الخدمة غير متوفرة.,Fehler beim Vorbereiten des Pakets für den Upload. Dienst nicht verfügbar.,Error al preparar el paquete para la carga. Servicio no disponible.,Erreur lors de la préparation du bundle pour le téléchargement. Service indisponible.,अपलोड के लिए बंडल तैयार करने में गड़बड़ी हुई. सेवा उपलब्ध नहीं है.,Terjadi eror saat menyiapkan bundel untuk di-upload. Layanan tidak tersedia.,Errore nella preparazione del bundle per il caricamento. Servizio non disponibile.,バンドルのアップロード準備中にエラーが発生しました。サービルが利用できません。,업로드할 번들을 준비하는 중에 오류가 발생했습니다. 서비스 이용이 불가능합니다.,Błąd podczas przygotowywania pakietu do przesłania. Usługa jest niedostępna.,Erro ao preparar o pacote para upload. Serviço indisponível.,,เกิดข้อผิดพลาดในการเตรียมบันเดิลเพื่ออัปโหลด การบริการไม่พร้อมใช้งาน,Paketin yükleme hazırlığı sırasında hata. Hizmet kullanılamıyor.,Lỗi khi chuẩn bị gói để tải lên. Dịch vụ không khả dụng.,准备套装进行上传时出错。服务不可用。,准备套装进行上传时出错。服务不可用。,準備上傳組合時發生錯誤。服務無法使用。
Studio.Toolbox.AssetConfig.CreateBundleGenericError,,,Error encountered creating the bundle. Please try the upload again.,Error encountered creating the bundle. Please try the upload again.,حدث خطأ أثناء إنشاء الحزمة. يُرجى محاولة الرفع مرة أخرى.,Fehler beim Vorbereiten des Pakets für den Upload. Bitte versuche den Upload erneut.,Error al crear el paquete. Intenta cargar de nuevo.,Une erreur s'est produite lors de la création du bundle. Réessayer le téléchargement.,बंडल बनाने में गड़बड़ी हुई. फिर से अपलोड करने की कोशिश करें.,Terjadi eror saat membuat bundel. Coba upload lagi.,Si è verificato un errore durante la creazione del bundle. Prova a caricare di nuovo.,バンドル作成中にエラーが発生しました。もう一度アップロードしてください。,번들을 제작하는 중에 오류가 발생했습니다. 업로드를 다시 시도하세요.,Błąd podczas tworzenia pakietu. Spróbuj przesłać pakiet ponownie.,Ocorreu um erro ao criar o pacote. Tente fazer o upload novamente.,,พบข้อผิดพลาดในการสร้างบันเดิล โปรดลองอัปโหลดอีกครั้ง,Paket oluşturma sırasında hata. Lütfen tekrar yüklemeyi dene.,Đã xảy ra lỗi khi tạo gói. Vui lòng thử tải lên lại.,创建套装时出现错误。请再次尝试上传。,创建套装时出现错误。请再次尝试上传。,建立組合的過程中遇到錯誤。請嘗試再上傳一次。
Studio.Toolbox.AssetConfig.CreateBundleInvalidBundleName,,,Error creating bundle. Invalid bundle name.,Error creating bundle. Invalid bundle name.,حدث خطأ أثناء إنشاء الحزمة. اسم الحزمة غير صالح.,Fehler beim Erstellen des Pakets. Ungültiger Paketname.,Error al crear el paquete. Nombre de paquete no válido.,Erreur lors de la création du bundle. Nom du bundle invalide.,बंडल बनाने में गड़बड़ी. बंडल का नाम अमान्य है.,Terjadi eror saat membuat bundel. Nama bundel tidak valid.,Errore nella creazione del bundle. Nome del bundle non valido.,バンドル作成エラー。バンドル名が無効です。,번들을 제작하는 중에 오류가 발생했습니다. 유효하지 않은 번들 이름입니다.,Błąd podczas tworzenia pakietu. Nieprawidłowa nazwa pakietu.,Erro ao criar o pacote. Nome inválido do pacote.,,เกิดข้อผิดพลาดในการสร้างบันเดิล ชื่อบันเดิลไม่ถูกต้อง,Paket oluşturma sırasında hata. Paket adı geçersiz.,Lỗi khi tạo gói. Tên gói không hợp lệ.,创建套装时出错。套装名称无效。,创建套装时出错。套装名称无效。,建立組合時發生錯誤。組合名稱無效。
Studio.Toolbox.AssetConfig.CreateBundleInvalidAssetIds,,,Error creating bundle. Invalid body part asset IDs.,Error creating bundle. Invalid body part asset IDs.,حدث خطأ أثناء إنشاء الحزمة. معرّفات أصول أجزاء الجسد غير صالحة.,Fehler beim Erstellen des Pakets. Ungültige Objekt-IDs für Körperteile.,Error al crear el paquete. ID de recursos de la parte del cuerpo no válidos.,Erreur lors de la création du bundle. ID du contenu de la partie du corps invalide.,बंडल बनाने में गड़बड़ी. बॉडी पार्ट की ऐसेट ID अमान्य है.,Terjadi eror saat membuat bundel. ID aset bagian tubuh tidak valid.,Errore nella creazione del bundle. ID delle risorse della parte del corpo non validi.,バンドル作成エラー。ボディパーツのアセットIDが無効です。,번들을 제작하는 중에 오류가 발생했습니다. 신체 파트 애셋 ID가 유효하지 않습니다.,Błąd podczas tworzenia pakietu. Nieprawidłowe identyfikatory zasobów części ciała.,Erro ao criar o pacote. IDs de ativos da parte do corpo inválidas.,,เกิดข้อผิดพลาดในการสร้างบันเดิล ID ทรัพยากรเนื้อหาไม่ถูกต้อง,Paket oluşturma sırasında hata. Vücut parçası varlık kimlikleri geçersiz.,Lỗi khi tạo gói. ID tài sản của phần thân không hợp lệ.,创建套装时出错。身体部位素材ID无效。,创建套装时出错。身体部位素材ID无效。,建立組合時發生錯誤。身體零件素材 ID 無效。
Studio.Toolbox.AssetConfig.CreateBundleInvalidOperationId,,,Error creating bundle. Invalid Operation ID.,Error creating bundle. Invalid Operation ID.,حدث خطأ أثناء إنشاء الحزمة. معرّف العملية غير صالح.,Fehler beim Erstellen des Pakets. Ungültige Vorgangs-ID.,Error al crear el paquete. ID de la operación no válido.,Erreur lors de la création du bundle. ID d'opération invalide.,बंडल बनाने में गड़बड़ी. ऑपरेशन ID अमान्य है.,Terjadi eror saat membuat bundel. ID Operasi tidak valid.,Errore durante la creazione del bundle. ID operazione non valido.,バンドル作成エラー。操作IDが無効です。,번들을 제작하는 중에 오류가 발생했습니다. 유효하지 않은 작업 ID입니다.,Błąd podczas tworzenia pakietu. Nieprawidłowy identyfikator operacji.,Erro ao criar o pacote. ID de operação inválida.,,เกิดข้อผิดพลาดในการสร้างบันเดิล ID การดำเนินการไม่ถูกต้อง,Paket oluşturma sırasında hata. İşlem kimliği geçersiz.,Lỗi khi tạo gói. ID Thao Tác Không Hợp Lệ.,创建套装时出错。操作ID无效。,创建套装时出错。操作ID无效。,建立組合時發生錯誤。操作 ID 無效。
Studio.Toolbox.AssetConfig.CreateBundleInvalidBundleType,,,Error creating bundle. Invalid bundle type.,Error creating bundle. Invalid bundle type.,حدث خطأ أثناء إنشاء الحزمة. نوع الحزمة غير صالح.,Fehler beim Erstellen des Pakets. Ungültiger Pakettyp.,Error al crear el paquete. Tipo de paquete no válido.,Erreur lors de la création du bundle. Type du bundle invalide.,बंडल बनाने में गड़बड़ी. बंडल का टाइप अमान्य है.,Terjadi eror saat membuat bundel. Tipe bundel tidak valid.,Errore nella creazione del bundle. Nome del bundle non valido.,バンドル作成エラー。バンドルタイプが無効です。,번들을 제작하는 중에 오류가 발생했습니다. 유효하지 않은 번들 유형입니다.,Błąd podczas tworzenia pakietu. Nieprawidłowy typ pakietu.,Erro ao criar o pacote. Tipo de pacote inválido.,,เกิดข้อผิดพลาดในการสร้างบันเดิล ประเภทบันเดิลไม่ถูกต้อง,Paket oluşturma sırasında hata. Paket türü geçersiz.,Lỗi khi tạo gói. Loại gói không hợp lệ.,创建套装时出错。套装类型无效。,创建套装时出错。套装类型无效。,建立組合時發生錯誤。組合類型無效。
Studio.Toolbox.AssetConfig.CreateBundleInvalidCreateBundleRequest,,,Error creating bundle. Invalid create bundle request.,Error creating bundle. Invalid create bundle request.,حدث خطأ أثناء إنشاء الحزمة. طلب إنشاء الحزمة غير صالح.,Fehler beim Erstellen des Pakets. Ungültige Anfrage beim Erstellen des Pakets.,Error al crear el paquete. Solicitud de creación del paquete no válida.,Erreur lors de la création du bundle. Demande de création de bundle invalide.,बंडल बनाने में गड़बड़ी. बंडल बनाने की रिक्वेस्ट अमान्य है.,Terjadi eror saat membuat bundel. Permintaan pembuatan bundel tidak valid.,Errore nella creazione del bundle. Richiesta di creazione del bundle non valida.,バンドル作成エラー。バンドル作成リクエストが無効です。,번들을 제작하는 중에 오류가 발생했습니다. 유효하지 않은 번들 제작 요청입니다.,Błąd podczas tworzenia pakietu. Nieprawidłowe żądanie utworzenia pakietu.,Erro ao criar o pacote. Solicitação de criação de pacote inválida.,,เกิดข้อผิดพลาดในการสร้างบันเดิล คำขอสร้างบันเดิลไม่ถูกต้อง,Paket oluşturma sırasında hata. Paket oluşturma isteği geçersiz.,Lỗi khi tạo gói. Yêu cầu tạo gói không hợp lệ.,创建套装时出错。创建套装请求无效。,创建套装时出错。创建套装请求无效。,建立組合時發生錯誤。建立組合請求無效。
Studio.Toolbox.AssetConfig.CreateBundleAuthorizationDenied,,,Error creating bundle. Authorization has been denied for this request.,Error creating bundle. Authorization has been denied for this request.,حدث خطأ أثناء إنشاء الحزمة. تم رفض التفويض لهذا الطلب.,Fehler beim Erstellen des Pakets. Die Autorisierung wurde für diese Anfrage verweigert.,Error al crear el paquete. Se denegó la autorización para esta solicitud.,Erreur lors de la création du bundle. L'autorisation a été refusée pour cette demande.,बंडल बनाने में गड़बड़ी. इस रिक्वेस्ट के लिए ऑथराइज़ेशन नामंज़ूर कर दिया गया है.,Terjadi eror saat membuat bundel. Otorisasi telah ditolak untuk permintaan ini.,Errore durante la creazione del bundle. L'autorizzazione è stata negata per questa richiesta.,バンドル作成エラー。このリクエストは却下されました。,번들을 제작하는 중에 오류가 발생했습니다. 이 요청에 대한 승인이 거부되었습니다.,Błąd podczas tworzenia pakietu. Odmowa autoryzacji dla tego żądania.,Erro ao criar o pacote. A autorização foi negada para esta solicitação.,,เกิดข้อผิดพลาดในการสร้างบันเดิล การให้สิทธิ์ของคำขอนี้ได้รับการปฏิเสธ,Paket oluşturma sırasında hata. Yetkilendirme isteği reddedildi.,Lỗi khi tạo gói. Ủy quyền đã bị từ chối đối với yêu cầu này.,创建套装时出错。此请求的授权已被拒绝。,创建套装时出错。此请求的授权已被拒绝。,建立組合時發生錯誤。此請求授權遭拒。
Studio.Toolbox.AssetConfig.CreateBundleTokenValidationFailed,,,Error creating bundle. Token validation failed.,Error creating bundle. Token validation failed.,حدث خطأ أثناء إنشاء الحزمة. فشل التحقق من صحة التوكن.,Fehler beim Erstellen des Pakets. Tokenvalidierung fehlgeschlagen.,Error al crear el paquete. La validación del token falló.,Erreur lors de la création du bundle. La validation du token a échoué.,बंडल बनाने में गड़बड़ी हुई. टोकन का वैलिडेशन नहीं हो सका.,Terjadi eror saat membuat bundel. Validasi token gagal.,Errore durante la creazione del bundle. La convalida del token è fallita.,バンドル作成エラー。トークン検証に失敗しました。,번들을 제작하는 중에 오류가 발생했습니다. 토큰 유효성 검사에 실패했습니다.,Błąd podczas tworzenia pakietu. Błąd weryfikacji tokenu.,Erro ao criar o pacote. A validação do token falhou.,,เกิดข้อผิดพลาดในการสร้างบันเดิล ตรวจสอบความถูกต้องโทเค็นไม่สำเร็จ,Paket oluşturma sırasında hata. Jeton doğrulama başarısız.,Lỗi khi tạo gói. Xác nhận token không thành công.,创建套装时出错。令牌验证失败。,创建套装时出错。令牌验证失败。,建立組合時發生錯誤。Token 驗證失敗。
Studio.Toolbox.AssetConfig.CreateBundleServiceUnavailable,,,Error creating bundle. Service Unavailable.,Error creating bundle. Service Unavailable.,حدث خطأ أثناء إنشاء الحزمة. الخدمة غير متوفرة.,Fehler beim Erstellen des Pakets. Dienst nicht verfügbar.,Error al crear el paquete. Servicio no disponible.,Erreur lors de la création du bundle. Service indisponible.,बंडल बनाने में गड़बड़ी हुई. सेवा उपलब्ध नहीं है.,Terjadi eror saat membuat bundel. Layanan Tidak Tersedia.,Errore nella creazione del bundle. Servizio non disponibile.,バンドル作成エラー。サービスが利用できません。,번들을 제작하는 중에 오류가 발생했습니다. 서비스 이용이 불가능합니다.,Błąd podczas tworzenia pakietu. Usługa jest niedostępna.,Erro ao criar o pacote. Serviço indisponível.,,เกิดข้อผิดพลาดในการสร้างบันเดิล การบริการไม่พร้อมใช้งาน,Paket oluşturma sırasında hata. Hizmet kullanılamıyor.,Lỗi khi tạo gói. Dịch Vụ Không Khả Dụng.,创建套装时出错。服务不可用。,创建套装时出错。服务不可用。,建立組合時發生錯誤。服務無法使用。
Studio.Toolbox.AssetConfigSharing.VideoPublicDisabledInformation,,,Video files cannot be made public at this time. Please check back at a later date.,Video files cannot be made public at this time. Please check back at a later date.,لا يمكن جعل ملفات الفيديو عامّة في الوقت الحالي. يُرجى التحقق مرة أخرى في وقت لاحق.,Videodateien können derzeit nicht veröffentlicht werden. Bitte versuche es zu einem späteren Zeitpunkt erneut.,Los archivos de video no pueden hacerse públicos en este momento. Inténtalo más tarde.,Les fichiers vidéos ne peuvent pas être rendus publics pour le moment. Vérifie à une date ultérieure.,अभी वीडियो फ़ाइलों को पब्लिक नहीं किया जा सकता. बाद की किसी दिन फिर से चेक करें.,File video tidak bisa dibuat menjadi publik pada saat ini. Kembali lagi nanti.,Impossibile pubblicare i file audio in questo momento. Riprova più tardi.,現時点ではビデオファイルは公開できません。後で確認してください。,현재 비디오 파일을 공개할 수 없습니다. 추후에 다시 확인하세요.,Nie można w tej chwili udostępniać publicznie plików wideo. Sprawdź ponownie za jakiś czas.,Os arquivos de vídeo não podem ser tornados públicos neste momento. Verifique novamente em uma data posterior.,,ไม่สามารถกำหนดให้ไฟล์วิดีโอเป็นสาธารณะได้ในขณะนี้ โปรดกลับมาอีกครั้งในภายหลัง,Video dosyaları şu anda herkese açık hâle getirilemiyor. Lütfen ileri bir tarihte tekrar kontrol et.,Không thể công khai các tệp video tại thời điểm này. Vui lòng kiểm tra lại trong ngày mai.,目前无法公开视频文件。请稍后再来查看。,目前无法公开视频文件。请稍后再来查看。,目前無法公開影片檔案。請稍後再試。
Studio.Toolbox.General.MyCreations,,,My Creations,My Creations,منتجاتي,Meine Kreationen,Mis creaciones,Mes créations,मेरे क्रिएशंस,Kreasi Saya,Le mie creazioni,自分の作品,내 작품,Moje dzieła,Minhas Criações,,ผลงานสร้างสรรค์ของฉัน,Eserlerim,Sản Phẩm Của Tôi,我的作品,我的作品,我的作品
Studio.Toolbox.AssetConfig.CreateBundleInvalidBundleDescription,,,Error creating bundle. The bundle description is invalid.,Error creating bundle. The bundle description is invalid.,حدث خطأ أثناء إنشاء الحزمة. وصف الحزمة غير صالح.,Fehler beim Erstellen des Pakets. Die Paketbeschreibung ist ungültig.,Error al crear el paquete. La descripción del paquete no es válida.,Erreur lors de la création du bundle. La description du bundle n'est pas valide.,बंडल बनाने में गड़बड़ी. बंडल का विवरण अमान्य है.,Terjadi eror saat membuat bundel. Deskripsi bundel tidak valid.,Errore durante la creazione del bundle. La descrizione del bundle non è valida.,バンドルの作成エラー。バンドルの説明が無効です。,번들을 제작하는 중에 오류가 발생했습니다. 번들 설명이 유효하지 않습니다.,Błąd podczas tworzenia pakietu. Opis pakietu jest nieprawidłowy.,Erro ao criar o pacote. A descrição do pacote é inválida.,,เกิดข้อผิดพลาดในการสร้างบันเดิล คำอธิบายบันเดิลไม่ถูกต้อง,Paket oluşturma sırasında hata. Paket açıklaması geçersiz.,Lỗi khi tạo gói. Mô tả gói không hợp lệ.,创作套装时出错。套装描述无效。,创作套装时出错。套装描述无效。,建立組合時發生錯誤。組合說明無效。
Studio.Toolbox.AssetConfig.CreateBundleGroupCreatorNotSupported,,,Error creating bundle. Creating a bundle for a Creator group is not supported.,Error creating bundle. Creating a bundle for a Creator group is not supported.,حدث خطأ أثناء إنشاء الحزمة. إنشاء حزمة لمجموعة مصمم غير مدعوم.,Fehler beim Erstellen des Pakets. Das Erstellen eines Pakets für eine Creatorgruppe wird nicht unterstützt.,Error al crear el paquete. No se admite la creación de un paquete para un grupo de creadores.,Erreur lors de la création du bundle. La création d'un bundle pour un groupe de créateurs n'est pas prise en charge.,बंडल बनाने में गड़बड़ी. क्रिएटर ग्रुप के लिए बंडल बनाना काम नहीं करता.,Terjadi kesalahan saat membuat bundel. Pembuatan bundel untuk Grup kreator tidak didukung.,Errore nella creazione del pacchetto. La creazione di un pacchetto per un gruppo creatore non è supportata.,バンドル作成エラー。クリエーターグループ用のバンドル作成には対応していません。,번들을 제작하는 중에 오류가 발생했습니다. 크리에이터 그룹을 위한 번들 제작은 지원되지 않습니다.,Błąd podczas tworzenia pakietu. Tworzenie pakietów dla grupy twórców nie jest obsługiwane.,Erro ao criar o pacote. Criar um pacote para um grupo de criadores não é suportado.,,เกิดข้อผิดพลาดในการสร้างชุดรวม ไม่รองรับการสร้างชุดรวมสำหรับกลุ่มครีเอเตอร์,Paket oluşturma sırasında hata. Yaratıcı grubu için paket oluşturma desteklenmiyor.,Lỗi khi tạo gói. Tạo gói cho một nhóm Nhà Sáng Tạo không được hỗ trợ.,创建套装时出错。不支持为创作者群组创建套装。,创建套装时出错。不支持为创作者群组创建套装。,建立組合時發生錯誤。不支援為創作者群組建立組合。
Studio.Toolbox.AssetConfig.CreateBundleItemNotAllowedInBundle,,,Error creating bundle. Found an item that is not allowed to be part of a new bundle.,Error creating bundle. Found an item that is not allowed to be part of a new bundle.,حدث خطأ أثناء إنشاء الحزمة. تم العثور على عنصر غير مسموح بأن يكون جزءًا من حزمة جديدة.,"Fehler beim Erstellen des Pakets. Es wurde ein Artikel gefunden, der nicht Teil eines neuen Pakets sein darf.",Error al crear el paquete. Se encontró un objeto que no tiene permiso para formar parte de un nuevo paquete.,Erreur lors de la création du bundle. Un article qui n'est pas autorisé à faire partie d'un nouveau bundle.,"बंडल बनाने में गड़बड़ी. कोई ऐसा आइटम मिला, जिसे किसी नए बंडल का हिस्सा बनने की अनुमति नहीं है.",Terjadi eror saat membuat bundel. Ditemukan item yang tidak boleh disertakan dalam bundel baru.,Errore nella creazione del bundle. Trovato un articolo che non è permesso di far parte di un nuovo bundle.,バンドルの作成エラー。新しいバンドルの一部になることが許可されていないアイテムが見つかりました。,번들을 제작하는 중에 오류가 발생했습니다. 새 번들의 구성품이 될 수 없는 아이템이 포함되어 있습니다.,"Błąd podczas tworzenia pakietu. Znaleziono przedmiot, który nie może być częścią nowego pakietu.",Erro ao criar o pacote. Foi encontrado um item que não pode fazer parte de um novo pacote.,,เกิดข้อผิดพลาดในการสร้างบันเดิล พบไอเท็มที่ไม่ได้รับอนุญาตให้เกิดส่วนประกอบของบันเดิลใหม่,Paket oluşturma sırasında hata. Yeni bir paketin parçası olmasına izin verilmeyen bir öğe bulundu.,Lỗi khi tạo gói. Đã tìm thấy một vật phẩm không được phép dùng trong gói mới.,创建套装时出错。发现了一个不允许出现在新套装中的物品。,创建套装时出错。发现了一个不允许出现在新套装中的物品。,建立組合時發生錯誤。發現一項不允許出現在新組合中的道具。
Studio.Toolbox.AssetConfig.CreateBundleCreatorMismatch,,,Error creating bundle. A Creator mismatch was found.,Error creating bundle. A Creator mismatch was found.,حدث خطأ أثناء إنشاء الحزمة. تم رصد عدم تطابق المصمّم.,Fehler beim Erstellen des Pakets. Eine Creator-Unstimmigkeit wurde gefunden.,Error al crear el paquete. Se encontró una falta de coincidencia del creador.,Erreur lors de la création du bundle. Un créateur incompatible a été trouvé.,बंडल बनाने में गड़बड़ी. क्रिएटर का गलत मैच पाया गया.,Terjadi eror saat membuat bundel. Ditemukan ketidakcocokan Kreator.,Errore durante la creazione del bundle. È stata trovata una mancata corrispondenza del creatore.,バンドルの作成エラー。クリエーターの不一致が見つかりました。,번들을 제작하는 중에 오류가 발생했습니다. 크리에이터 불일치가 발견되었습니다.,Błąd podczas tworzenia pakietu. Znaleziono niezgodność twórców.,Erro ao criar o pacote. Foi encontrada uma incompatibilidade do Criador.,,เกิดข้อผิดพลาดในการสร้างบันเดิล พบความคลาดเคลื่อนของครีเอเตอร์,Paket oluşturma sırasında hata. Yaratıcı eşleştirme hatasıyla karşılaşıldı.,Lỗi khi tạo gói. Phát hiện xung đột Nhà Sáng Tạo.,创建套装时出错。发现作者不匹配。,创建套装时出错。发现作者不匹配。,建立組合時發生錯誤。發現創作者不相符的情況。
Studio.Toolbox.AssetConfig.CreateBundleInvalidState,,,Error creating bundle. Encountered an invalid bundle creation state.,Error creating bundle. Encountered an invalid bundle creation state.,حدث خطأ أثناء إنشاء الحزمة. تم العثور على حالة إنشاء حزمة غير صالحة.,Fehler beim Erstellen des Pakets. Es wurde ein ungültiger Paketerstellungsstatus gefunden.,Error al crear paquete. Se encontró un estado de creación de paquete no válido.,Erreur lors de la création du bundle. Un état de création de bundle invalide a été rencontré.,बंडल बनाने में गड़बड़ी. बंडल बनाने की अमान्य स्थिति मिली.,Terjadi eror saat membuat bundel. Ditemukan status pembuatan bundel yang tidak valid.,Errore durante la creazione del bundle. È stato trovato uno stato di creazione del bundle non valido.,バンドルの作成エラー。無効なバンドル作成状態に遭遇しました。,번들을 제작하는 중에 오류가 발생했습니다. 유효하지 않은 번들 제작 상태가 발생했습니다.,Błąd podczas tworzenia pakietu. Napotkano nieprawidłowy stan tworzenia pakietu.,Erro ao criar o pacote. Foi encontrado um estado de criação de pacote inválido.,,เกิดข้อผิดพลาดในการสร้างบันเดิล พบสถานะการสร้างบันเดิลที่ไม่ถูกต้อง,Paket oluşturma sırasında hata. Geçersiz bir paket oluşturma durumuyla karşılaşıldı.,Lỗi khi tạo gói. Đã gặp phải trạng thái tạo gói không hợp lệ.,创作套装时出错。出现无效的套装创作状态。,创作套装时出错。出现无效的套装创作状态。,建立組合時發生錯誤。遇到無效的組合作品狀態。
Studio.Toolbox.AssetConfig.CreateBundleUnsupportedBundleType,,,Error creating bundle. The given bundle type is unsupported.,Error creating bundle. The given bundle type is unsupported.,حدث خطأ أثناء إنشاء الحزمة. نوع الحزمة المحدد غير مدعوم.,Fehler beim Erstellen des Pakets. Der angegebene Pakettyp wird nicht unterstützt.,Error al crear el paquete. El tipo de paquete no es compatible.,Erreur lors de la création du bundle. Le type de bundle donné n'est pas pris en charge.,बंडल बनाने में गड़बड़ी हुई. दिए गए बंडल का टाइप काम नहीं करता.,Terjadi eror saat membuat bundel. Tipe bundel yang dipilih tidak didukung.,Errore nella creazione del bundle. Il tipo di bundle specificato non è supportato.,バンドルの作成エラー。指定されたバンドルタイプには対応していません。,번들을 제작하는 중에 오류가 발생했습니다. 제공된 번들 유형은 지원되지 않습니다.,Błąd podczas tworzenia pakietu. Podany typ pakietu nie jest obsługiwany.,Erro ao criar o pacote. O tipo de pacote fornecido não é suportado.,,เกิดข้อผิดพลาดในการสร้างบันเดิล ไม่รองรับประเภทบันเดิลที่มอบให้,Paket oluşturma sırasında hata. Paket türü desteklenmiyor.,Lỗi khi tạo gói. Loại gói nhất định không được hỗ trợ.,创建套装时出错。不支持给定的套装类型。,创建套装时出错。不支持给定的套装类型。,建立組合時發生錯誤。提供的組合類型並不支援。
Studio.Toolbox.General.BackToHome,,,All {assetType},All {assetType},كل {assetType},Alle {assetType},Todos los {assetType},Tous les {assetType},सभी {assetType},Semua {assetType},Tutti {assetType},すべての {assetType},전체 {assetType},Wszystkie typu {assetType},Todos {assetType},,{assetType} ทั้งหมด,Tüm {assetType} Varlıkları,Tất cả {assetType},全部{assetType},全部{assetType},全部 {assetType}
Studio.Toolbox.AssetConfig.UgcForAllWarning,,,ID Verification is required to upload Avatar Assets. Premium 1000 or Premium 2200 is also required to upload to communities.,ID Verification is required to upload Avatar Assets. Premium 1000 or Premium 2200 is also required to upload to communities.,يجب التحقق من الهوية لتحميل أصول الأفاتار. يجب أيضًا أن تكون مشتركًا في Premium 1000 أو Premium 2200 لتتمكن من التحميل إلى المجتمعات.,Zum Hochladen von Avatar-Objekten ist eine Identitätsverifizierung erforderlich. Für den Upload in Communitys ist auch Premium 1000 oder Premium 2200 erforderlich.,La verificación de una identificación es necesaria para cargar recursos de avatar. También se requiere Premium 1000 o Premium 2200 para subirlos a comunidades.,La vérification d'identité est nécessaire pour télécharger des avatars . Les avatars Premium 1000 ou Premium 2200 sont également requis pour le téléchargement vers des communautés.,अवतार ऐसेट अपलोड करने के लिए ID वेरिफ़िकेशन ज़रूरी है. कम्यूनिटी में अपलोड करने के लिए प्रीमियम 1000 या प्रीमियम 2200 भी ज़रूरी है.,Verifikasi ID diperlukan untuk meng-upload Aset Avatar. Premium 1000 atau Premium 2200 juga diperlukan untuk meng-upload ke komunitas.,La verifica dell'ID è necessaria per caricare le risorse avatar. Per caricare le comunità è richiesto anche il caricamento di Premium 1000 o Premium 2200.,アバターアセットをアップロードするには本人確認書類の認証が必要です。コミュニティにアップロードするにはプレミアム1000かプレミアム2200が必要です。,아바타 애셋을 업로드하려면 본인 인증을 완료해야 합니다. 커뮤니티에 업로드하려면 Premium 1000 또는 Premium 2200도 필요합니다.,Przesłanie zasobów awatara wymaga zweryfikowania przy użyciu dowodu tożsamości. Przesyłanie do społeczności wymaga ponadto subskrypcji Premium 1000 lub Premium 2200.,A verificação de identidade é necessária para fazer upload de ativos de avatar. Premium 1000 ou Premium 2200 também é necessário para fazer upload para comunidades.,,จำเป็นต้องตรวจสอบยืนยัน ID เพื่ออัปโหลดทรัพยากรอวาตาร์ และจำเป็นต้องมี Premium 1000 หรือ Premium 2000 เพื่ออัปโหลดไปยังชุมชน,Avatar varlıkları yükleyebilmek için kimlik doğrulaması gerekir. Topluluklara yükleme yapmak için ayrıca Premium 1000 veya Premium 2200 de gerekir.,Cần Xác Minh ID để tải lên Tài Nguyên Avatar. Đồng thời cần Gói Premium 1000 hoặc Premium 2200 để tải lên cộng đồng.,需要进行 ID 验证才能上传虚拟形象素材。上传至社区需要 Premium 1000 或 Premium 2200。,需要进行 ID 验证才能上传虚拟形象素材。上传至社区需要 Premium 1000 或 Premium 2200。,必須進行 ID 驗證才可上傳虛擬人偶素材。還需要 Premium 1000 或 Premium 2200 才可上傳至社群。
Studio.Toolbox.AssetConfig.UGCMissingOptionalPartsMessage,,,The following optional accessories were not found:,The following optional accessories were not found:,لم يتم العثور على الإكسسوارات الاختيارية التالية:,Die folgenden optionalen Accessoires wurden nicht gefunden:,No se encontraron los siguientes accesorios opcionales:,Les accessoires optionnels suivants n'ont pas été trouvés :,ये ऑप्शनल ऐक्सेसरीज़ नहीं मिलीं : -,Aksesori opsional berikut tidak ditemukan:,I seguenti accessori opzionali non sono stati trovati:,次のオプションのアクセサリは見つかりませんでした:,다음 옵션 장신구를 찾을 수 없습니다.,Nie znaleziono następujących akcesoriów opcjonalnych:,Os seguintes acessórios opcionais não foram encontrados:,,ไม่พบไอเท็มเสริมดังต่อไปนี้:,İsteğe bağlı şu aksesuarlar bulunamadı:,Không tìm thấy các phụ kiện tùy chọn dưới đây:,未找到以下可选配饰：,未找到以下可选配饰：,未發現以下可選飾品：
Studio.Toolbox.HomeView.scenesuggestions,,,Scene Suggestions,Scene Suggestions,اقتراحات المشهد,Szenenvorschläge,Sugerencias de escena,Suggestions de scène,सीन के सुझाव,Saran Adegan,Suggerimenti per la scena,おすすめシーン,추천 장면,Sugestie dotyczące sceny,Sugestões de cena,,การแนะนำฉาก,Sahne Önerileri,Đề Xuất Cảnh,场景建议,场景建议,場景建議
Studio.Toolbox.AssetConfig.UGCUnknownMeshPartsMessage,,,The following mesh parts are unknown and will not be uploaded:,The following mesh parts are unknown and will not be uploaded:,أجزاء أصل mesh التالية غير معروفة ولن يتم رفعها:,Die folgenden Mesh-Teile sind unbekannt und werden nicht hochgeladen:,Las siguientes partes de la malla son desconocidas y no se cargarán:,Les parties de maille suivantes sont inconnues et ne seront pas téléchargées :,ये मेश पार्ट्स अज्ञात हैं और इन्हें अपलोड नहीं किया जाएगा :,Komponen mesh berikut tidak dikenal dan tidak akan di-upload:,Le seguenti parti di mesh sono sconosciute e non verranno caricate:,次のメッシュパーツは不明です。アップロードされません:,다음 메시 파트는 알 수 없는 것이므로 업로드되지 않습니다.,Następujące części siatki są nieznane i nie zostaną przesłane:,As seguintes peças de malha são desconhecidas e não serão carregadas:,,ส่วนประกอบเมชดังต่อไปนี้ไม่สามารถระบุได้ และจะไม่ได้รับการอัปโหลด:,Şu mesh parçaları bilinmiyor ve yüklenmeyecek:,Dưới đây là các phần mesh chưa xác định và sẽ không được tải lên:,以下网格部分未知，将无法上传：,以下网格部分未知，将无法上传：,以下為未知的網格零件，因此不會被上傳：
Studio.Toolbox.AssetConfig.UGCForAllCreationBanned,,,Suspended from 3D Avatar Item Creation for {bannedDays} days. You will not be able to upload 3D Avatar UGC from Studio or put it on sale. Please abide by our,Suspended from 3D Avatar Item Creation for {bannedDays} days. You will not be able to upload 3D Avatar UGC from Studio or put it on sale. Please abide by our,"تم إيقاف إمكانية إنشاء عنصر أفاتار ثلاثي الأبعاد لمدة {bannedDays} من الأيام. ولن تتمكن من رفع عناصر أفاتار ثلاثية الأبعاد من""المحتوى من تصميم المستخدم"" من برنامج Studio أو طرحها للبيع. يُرجى الالتزام",Du wurdest für {bannedDays} Tage von der 3D-Avatar-Artikelerstellung gesperrt. Du kannst keine 3D-Avatar-UGC von Studio hochladen oder zum Verkauf anbieten. Bitte halte dich an unsere,Te suspendieron de la creación de objetos de avatar 3D por {bannedDays} días. No podrás subir UGC de avatar 3D desde Studio o ponerlos a la venta.,Suspendu de la création d'objet d'avatar 3D pour {bannedDays} jours. Tu ne seras pas en mesure de télécharger un avatar 3D depuis le Studio ou de le mettre en vente.,3D Avatar आइटम क्रिएशन को {bannedDays} दिनों के लिए सस्पेंड कर दिया गया है. Studio से 3D Avatar UGC (यूज़र जेनरेटेड कॉन्टेंट) अपलोड नहीं किया जा सकेगा या इसे बिक्री के लिए नहीं रखा जा सकेगा. कृपया हमारी,Ditangguhkan dari Kreasi Item Avatar 3D selama {bannedDays} hari. Kamu tidak akan bisa meng-upload dari UGC Avatar 3D dari Studio atau menjualnya. Harap patuhi,Sospeso dalla creazione di elementi avatar 3D per {bannedDays} giorni. Non potrai caricare gli UGC avatar 3D da Studio o metterli in vendita. Si prega di rispettare la nostra,{bannedDays} 日間、3Dアバターアイテム作成を一時停止しました。 Studioから3DアバターUGCをアップロードしたり販売したりすることはできません。以下の手順に従ってください。,3D 아바타 아이템 제작이 {bannedDays}일 간 일시 정지됩니다. Studio에서 3D 아바타 UGC를 업로드하거나 판매할 수 없게 됩니다. 항상,Zawieszono możliwość tworzenia przedmiotów 3D dla awatara na {bannedDays} dni. Nie będziesz mieć możliwości przesyłania ZGU 3D dla awatara z aplikacji Studio ani wystawiania ich na sprzedaż. Przestrzegaj postanowień dokumentu,Suspensão da criação de itens 3D de avatar por {bannedDays} dias. Você não poderá fazer o upload de CGU 3D para avatares a partir do Studio ou colocá-los à venda. Respeite nossa,,ถูกระงับการสร้างไอเท็มอวาตาร์ 3D เป็นเวลา {bannedDays} วัน คุณจะไม่สามารถอัปโหลด UGC อวาตาร์ 3D จาก Studio หรือนำไปวางขายได้ โปรดปฏิบัติตาม,3B avatar öğesi oluşturman {bannedDays} günlüğüne yasaklandı. Studio'da kullanıcı tarafından oluşturulmuş 3B avatar öğesi yüklemesi veya satışı yapamayacaksın. Lütfen,Bị đình chỉ Tạo Vật Phẩm Avatar 3D trong {bannedDays} ngày. Bạn sẽ không thể tải UGC Avatar 3D từ Studio hoặc bán vật phẩm. Vui lòng tuân thủ,你的 3D 虚拟形象物品创作权限遭暂停 {bannedDays} 天。你将无法从 Studio 上传 3D 虚拟形象用户生成内容，或将其出售。请遵守我们的,你的 3D 虚拟形象物品创作权限遭暂停 {bannedDays} 天。你将无法从 Studio 上传 3D 虚拟形象用户生成内容，或将其出售。请遵守我们的,已暫停您的 3D 虛擬人偶道具作品 {bannedDays} 天。您將無法自 Studio 上傳 3D 虛擬人偶使用者創作內容或將其上架。請遵守我們的
Studio.Toolbox.AssetConfig.UGCForAllCreationBannedLink,,,Marketplace Policy.,Marketplace Policy.,بسياسة السوق السارية لدينا.,Marktplatz-Richtlinie.,Sigue nuestra política de Mercado.,se conformer à notre Politique du Marketplace.,मार्केटप्लेस पॉलिसी का पालन करें.,Kebijakan Marketplace kami.,Politica di Marketplace.,マーケットプレイスポリシー。,마켓플레이스 정책을 준수하세요.,Polityka Rynku.,Política do Mercado.,,นโยบายมาร์เก็ตเพลส,Pazar Yeri Politikamıza uy.,Chính Sách Về Sàn Giao Dịch.,《商城政策》。,《商城政策》。,市集政策。
Studio.Toolbox.AssetConfig.UGCForAllGeneralWarning,,,ID Verification is required to upload Avatar Assets. Premium 1000 or Premium 2200 is also required to upload to groups.,ID Verification is required to upload Avatar Assets. Premium 1000 or Premium 2200 is also required to upload to groups.,يجب التحقق من الهوية لتحميل أصول الأفاتار. يجب أيضًا أن تكون مشتركًا في Premium 1000 أو Premium 2200 لتتمكن من التحميل إلى المجموعات.,Zum Hochladen von Avatar-Objekten ist eine Identitätsverifizierung erforderlich. Für den Upload in Gruppen ist auch Premium 1000 oder Premium 2200 erforderlich.,La verificación de una identificación es necesaria para cargar recursos de avatar. También se requiere Premium 1000 o Premium 2200 para subirlos a grupos.,La vérification d'identité est nécessaire pour télécharger des avatars . Les avatars Premium 1000 ou Premium 2200 sont également requis pour le téléchargement vers des groupes.,"अवतार ऐसेट्स अपलोड करने के लिए ID वेरिफ़िकेशन ज़रूरी है. ग्रुप में अपलोड करने के लिए, प्रीमियम 1000 या प्रीमियम 2200 भी ज़रूरी है.",Verifikasi ID diperlukan untuk meng-upload Aset Avatar. Premium 1000 atau Premium 2200 juga diperlukan untuk meng-upload ke grup.,La verifica dell'ID è necessaria per caricare le risorse avatar. Per caricare i gruppi è richiesto anche il caricamento di Premium 1000 o Premium 2200.,アバターアセットをアップロードするには本人確認書類の認証が必要です。コミュニティにアップロードするにはプレミアム1000かプレミアム2200が必要です。,아바타 애셋을 업로드하려면 본인 인증을 완료해야 합니다. 그룹에 업로드하려면 Premium 1000 또는 Premium 2200도 필요합니다.,Przesłanie zasobów awatara wymaga zweryfikowania przy użyciu dowodu tożsamości. Przesyłanie do grup wymaga ponadto subskrypcji Premium 1000 lub Premium 2200.,A verificação de identidade é necessária para fazer upload de ativos de avatar. Premium 1000 ou Premium 2200 também é necessário para fazer upload para grupos.,,จำเป็นต้องตรวจสอบยืนยัน ID เพื่ออัปโหลดทรัพยากรอวาตาร์ และจำเป็นต้องมี Premium 1000 หรือ Premium 2000 เพื่ออัปโหลดไปยังกลุ่ม,Avatar varlıkları yükleyebilmek için kimlik doğrulaması gerekir. Gruplara yükleme yapmak için ayrıca Premium 1000 veya Premium 2200 de gerekir.,Cần Xác Minh ID để tải lên Tài Sản Avatar. Đồng thời cần Gói Premium 1000 hoặc Premium 2200 để tải lên nhóm.,需要进行 ID 验证才能上传虚拟形象素材。上传至群组需要 Premium 1000 或 Premium 2200。,需要进行 ID 验证才能上传虚拟形象素材。上传至群组需要 Premium 1000 或 Premium 2200。,必須進行 ID 驗證才可上傳虛擬人偶素材。還需要 Premium 1000 或 Premium 2200 才可上傳至群組。
Studio.Toolbox.AssetConfigVersions.AddANote,,,Add a note or select to restore versions.,Add a note or select to restore versions.,أضف وصفًا أو حدد لاستعادة الإصدارات.,"Füge eine Notiz hinzu oder wähle aus, um Versionen wiederherzustellen.",Añade o selecciona una nota para restaurar versiones.,Ajouter une note ou sélectionner pour restaurer les versions.,नोट जोड़ें या वर्ज़न रीस्टोर करने के लिए चुनें.,Tambahkan catatan atau pilih untuk memulihkan versi.,Aggiungi una nota o seleziona per ripristinare le versioni.,メモを追加するか、バージョンの復元を選択。,메모를 추가하거나 버전 복원을 선택하세요.,"Dodaj nutę lub zaznacz, aby przywrócić wersje.",Adicione uma nota ou selecione para restaurar versões.,,เพิ่มบันทึกหรือเลือกเพื่อกู้คืนเวอร์ชัน,Not ekle ya da sürümleri geri yüklemeyi seç.,Thêm một ghi chú hoặc chọn để khôi phục các phiên bản.,添加注释或选择以还原版本。,添加注释或选择以还原版本。,新增備註或選擇還原版本。
Studio.Toolbox.AssetConfigVersions.Notes,,,Notes,Notes,الملاحظات,Notizen,Notas,Notes,नोट्स,Catatan,Note,メモ,메모,Nuty,Notas,,บันทึก,Notlar,Ghi Chú,注释,注释,備註
Studio.Toolbox.AssetConfig.ValidationFullBody,,,Full Body,Full Body,الجسد بالكامل,Ganzer Körper,Cuerpo entero,Corps entier,फ़ुल बॉडी,Seluruh Tubuh,Corpo intero,全体,전신,Całe ciało,Corpo inteiro,,เนื้อหาแบบเต็ม,Tüm Vücut,Toàn Thân,全身,全身,全身
Studio.Toolbox.UiSortIntent.Relevance,,,Relevance,Relevance,الأهمية,Relevanz,Relevancia,Pertinence,सबसे ज़्यादा मेल खाने वाला,Relevansi,Pertinenza,関連度,관련도,Trafność,Relevância,,ความเกี่ยวข้อง,Alaka,Liên Quan,相关性,相关性,相關性
Studio.Toolbox.UiSortIntent.Name,,,Name,Name,الاسم,Name,Nombre,Nom,नाम,Nama,Nome,名前,이름,Nazwa,Nome,,ชื่อ,Ad,Tên,名称,名称,名稱
Studio.Toolbox.UiSortIntent.DateModified,,,Date Modified,Date Modified,تاريخ التعديل,Modifizierungsdatum,Fecha de modificación,Date de modification,बदलाव की तारीख,Tanggal Dimodifikasi,Data di modifica,変更日,수정한 날짜,Data modyfikacji,Data de modificação,,แก้ไขเมื่อ,Düzenlenme tarihi,Ngày Sửa Đổi,修改日期,修改日期,修改日期
Studio.Toolbox.UiSortIntent.DateCreated,,,Date Created,Date Created,تاريخ الإنشاء,Erstellungsdatum,Fecha de creación,Date de création,क्रिएट करने की तारीख,Tanggal Dibuat,Data creazione,作成日,만든 날짜,Data utworzenia,Data de criação,,สร้างเมื่อ,Oluşturulma tarihi,Ngày Tạo,创建日期,创建日期,建立日期
Studio.Toolbox.UiSortIntent.Creator,,,Creator,Creator,المصمّم,Creator,Creador(a),Créateur,क्रिएटर,Kreator,Creatore,クリエーター,크리에이터,Twórca,Criador,,ครีเอเตอร์,Oluşturan,Nhà Sáng Tạo,作者,作者,創作者
Studio.Toolbox.UiSortIntent.Duration,,,Duration,Duration,المدة,Dauer,Duración,Durée,अवधि,Durasi,Durata,期間,기간,Czas trwania,Duração,,ระยะเวลา,Süre,Thời Lượng,时长,时长,長度
Studio.Toolbox.UiSortIntent.MostTaken,,,Most Used,Most Used,الأكثر استخدامًا,Meistgenutzt,Más usado,Les plus utilisés,सबसे ज़्यादा इस्तेमाल किया गया,Paling Banyak Dipakai,Più usati,使用頻度順,사용 빈도,Najczęściej używane,Mais usado,,นำไปใช้มากที่สุด,Çok kullanılan,Được Sử Dụng Nhiều Nhất,最常使用,最常使用,最常使用
Studio.Toolbox.UiSortIntent.Favorites,,,Favorites,Favorites,المفضلة,Favoriten,Favoritos,Favoris,पसंदीदा,Favorit,Preferiti,お気に入り数,즐겨찾기,Ulubione,Favoritos,,รายการโปรด,Favoriler,Yêu Thích,最爱,最爱,最愛
Studio.Toolbox.UiSortIntent.Updated,,,Updated,Updated,تم التحديث,Aktualisiert,Actualizado,Mis à jour,अपडेट किया गया,Di-update,Aggiornato,更新済み,업데이트 날짜,Zaktualizowane,Atualizado,,อัปเดตเมื่อ,Son güncelleme,Đã Cập Nhật,更新,更新,更新時間
Studio.Toolbox.UiSortIntent.Ratings,,,Ratings,Ratings,التقييمات,Bewertungen,Valoraciones,Évaluations,रेटिंग,Rating,Valutazioni,評価,평가,Oceny,Avaliações,,คะแนน,Derecelendirme,Xếp Hạng,评分,评分,評分
Studio.Toolbox.UiSortIntent.Trending,,,Trending,Trending,الرائجة,Populär,Tendencia,Tendance,ट्रेंडिंग,Sedang Tren,Tendenze,人気急上昇,트렌드,Popularne,Tendências,,กำลังนิยม,Popüler,Thịnh Hành,热门,热门,熱門
Studio.Toolbox.UiSortIntent.AllTime,,,All Time,All Time,كل الأوقات,Gesamtzeit,Todo los tiempos,Tout le temps,हर समय,Semua Waktu,Di sempre,通算,전체 기간,Dowolny czas,Todos os tempos,,ที่ผ่านมาทั้งหมด,Tüm zamanlar,Mọi Lúc,全部时间,全部时间,所有時間
Studio.Toolbox.UiSortIntent.Top,,,Top,Top,الأكثر شهرة,Top,Superior,Haut,ऊपर,Teratas,Top,トップ,인기,Najpopularniejsze,Mais populares,,สูงสุด,Üst,Trên,最高,最高,熱門
Studio.Toolbox.SortDirection.Ascending,,,Ascending,Ascending,تصاعدي,Aufsteigend,Ascendente,Ascendant,बढ़ते क्रम में,Urutan Menaik,Ascendente,昇順,오름차순,Rosnąco,Ascendente,,น้อยไปมาก,Artan,Tăng Dần,升序,升序,升序
Studio.Toolbox.SortDirection.Descending,,,Descending,Descending,تنازلي,Absteigend,Descendente,Descendant,घटते क्रम में,Urutan Menurun,Discendente,降順,내림차순,Malejąco,Descendente,,มากไปน้อย,Azalan,Giảm Dần,降序,降序,降序
Studio.Toolbox.AssetConfig.ConfigurePricingOnWeb,,,Configure Pricing on Web,Configure Pricing on Web,تهيئة الأسعار على الويب,Preisgestaltung im Web konfigurieren,Configurar precios en la web,Configurer la tarification sur le Web,वेब पर मूल्य निर्धारण कॉन्फ़िगर करें,Konfigurasikan Harga di Web,Configura i prezzi sul Web,ウェブ上で価格を設定,웹에서 가격 구성,Skonfiguruj ceny w sieci,Configurar preços na Web,,กำหนดการตั้งราคาบนเว็บ,Fiyatlandırmayı web'de yapılandır,Định Cấu Hình Giá trên Web,在网页上配置定价,在网页上配置定价,設定網路上的定價
Studio.Toolbox.AssetConfig.PublishAssetBeforeConfiguringPrice,,,Upload your asset before distributing it for a price,Upload your asset before distributing it for a price,قم برفع الأصل الخاص بك قبل توزيعه مقابل سعر,"Lade dein Objekt hoch, bevor du es für einen Preis verkaufst",Sube tu recurso antes de distribuirlo por un precio,Télécharger ton contenu avant de le distribuer à un certain prix,अपने ऐसेट को कीमत के लिए डिस्ट्रीब्यूट करने से पहले अपलोड करें,Upload asetmu sebelum mendistribusikannya dengan harga tertentu,Carica la tua risorsa prima di distribuirla a pagamento,価格をつけて流通させる前にアセットをアップロードしてください,가격을 정하고 배포하기 전에 애셋을 업로드하세요,"Prześlij swój zasób, zanim zaczniesz jego płatną dystrybucję",Faça o upload do seu ativo antes de distribuí-lo por um preço,,อัปโหลดทรัพยากรของคุณก่อนที่จะวางขายเพื่อสร้างรายได้,Ücret karşılığında dağıtmak istediğin varlığını yükle,Tải tài sản của bạn lên trước khi bán tài sản với một mức giá,请先上传素材，之后再将其分发出售,请先上传素材，之后再将其分发出售,請先上傳素材，再定價銷售
Studio.Toolbox.AssetConfig.BundleCreationValidationFailed,,,The body validation failed.,The body validation failed.,فشل التحقق من صحة الجسد.,Die Körpervalidierung ist fehlgeschlagen.,La validación del cuerpo falló.,La validation du corps a échoué.,बॉडी का वैलिडेशन नहीं हो सका.,Validasi tubuh gagal.,La convalida del corpo non è riuscita.,ボディの検証ができませんでした。,신체 유효성 검사에 실패했습니다.,Błąd weryfikacji ciała.,A validação do corpo falhou.,,ตรวจสอบความถูกต้องเนื้อหาไม่สำเร็จ,Vücut doğrulama başarısız.,Xác nhận thân không thành công.,身体验证失败。,身体验证失败。,身體驗證失敗。
Studio.Toolbox.AssetConfig.BundleCreationFeeMismatch,,,A mismatch in creation fee was found.,A mismatch in creation fee was found.,تم رصد عدم تطابق رسوم الإنشاء.,Es wurde eine Unstimmigkeit bei der Erstellungsgebühr gefunden.,Se encontró una discrepancia en la tarifa de creación.,Un décalage dans les frais de création a été trouvé.,क्रिएशन फ़ीस में गलत मैच पाया गया.,Ketidakcocokan biaya kreasi ditemukan.,È stata trovata una discrepanza nella tariffa di creazione.,作成料の不一致が見つかりました。,제작 수수료 불일치가 발견되었습니다.,Wykryto niezgodność opłaty za dzieło.,Uma discrepância na taxa de criação foi encontrada.,,พบความคลาดเคลื่อนของค่าธรรมเนียมการสร้าง,Oluşturma ücretinde uyumsuzluk bulundu.,Đã phát hiện một xung đột trong phí sản phẩm.,发现创作费用不匹配。,发现创作费用不匹配。,發現作品費用不相符的情況。
Studio.Toolbox.AssetConfig.BundleCreationInsufficientFunds,,,Insufficient Robux. You can not upload this bundle until you get more Robux.,Insufficient Robux. You can not upload this bundle until you get more Robux.,رصيد Robux غير كافٍ. لا يمكنك رفع هذه الحزمة حتى تحصل على المزيد من عملات Robux.,"Nicht genügend Robux. Du kannst dieses Paket nicht hochladen, bis du mehr Robux erhalten hast.",Robux insuficientes. No puedes cargar este paquete hasta que obtengas más Robux.,Insuffisance de Robux. Tu ne peux pas télécharger ce bundle jusqu'à ce que tu obtiennes plus de Robux.,"अपर्याप्त Robux. जब तक आपको ज़्यादा Robux नहीं मिल जाते, तब तक इस बंडल को अपलोड नहीं किया जा सकता.",Robux tidak cukup. Kamu tidak bisa meng-upload bundel ini sampai kamu menambah saldo Robux.,Robux insufficiente. Non puoi caricare questa risorsa finché non ottieni più Robux.,Robuxが足りません。Robuxを入手するまで、このバンドルをアップロードできません。,Robux가 부족합니다. 충분한 Robux가 있어야 이 번들을 업로드할 수 있습니다.,"Za mało Robuxów. Nie możesz przesłać tego pakietu, dopóki nie dokupisz Robuxów.",Robux insuficiente. Você não pode fazer upload deste recurso até obter mais Robux.,,Robux ไม่เพียงพอ คุณไม่สามารถอัปโหลดบันเดิลนี้ได้จนกว่าจะรับ Robux เพิ่มเติม,Yetersiz Robux. Daha fazla Robux alana kadar bu paketi yükleyemezsin.,Không đủ Robux. Bạn không thể tải gói này lên cho đến khi kiếm thêm Robux.,Robux 不足。在获得更多 Robux 之前，你无法上传此套装。,Robux 不足。在获得更多 Robux 之前，你无法上传此套装。,Robux 不足。在您取得更多 Robux 前，您無法上傳此組合。
Studio.Toolbox.AssetConfig.CreateBundleInvalidCreationFee,,,Error creating bundle. The creation fee is invalid.,Error creating bundle. The creation fee is invalid.,حدث خطأ أثناء إنشاء الحزمة. رسوم الإنشاء غير صالحة.,Fehler beim Erstellen des Pakets. Die Erstellungsgebühr ist ungültig.,Error al crear el paquete. La cuota de creación no es válida.,Erreur lors de la création du bundle. Les frais de création ne sont pas valables.,बंडल बनाने में गड़बड़ी हुई. बनाने का शुल्क अमान्य है.,Terjadi eror saat membuat bundel. Biaya kreasi tidak valid.,Errore durante la creazione del bundle. La tariffa di creazione non è valida.,バンドルの作成エラー。バンドル作成料が無効です。,번들을 제작하는 중에 오류가 발생했습니다. 제작 수수료가 유효하지 않습니다.,Błąd podczas tworzenia pakietu. Opłata za dzieło jest nieprawidłowa.,Erro ao criar o pacote. A taxa de criação é inválida.,,เกิดข้อผิดพลาดในการสร้างบันเดิล ค่าธรรมเนียมการสร้างไม่ถูกต้อง,Paket oluşturma sırasında hata. Oluşturma ücreti geçersiz.,Lỗi khi tạo gói. Phí sản phẩm không hợp lệ.,创作套装时出错。创作费用无效。,创作套装时出错。创作费用无效。,建立組合時發生錯誤。作品費用無效。
Studio.Toolbox.AssetConfig.CreateBundleNoRobuxDeducted,,,No Robux was deducted.,No Robux was deducted.,لم يتم خصم أي رصيد Robux.,Es wurden keine Robux abgezogen.,No se dedujeron Robux.,Aucun Robux n'a été déduit.,कोई Robux नहीं काटा गया.,Robux tidak dikurangi sama sekali.,Nessun Robux è stato dedotto.,Robuxは差し引かれていません。,Robux가 공제되지 않았습니다.,Nie pobrano Robuxów.,Nenhum Robux foi deduzido.,,Robux ไม่ถูกหัก,Robux kesintisi yapılmadı.,Không khấu trừ Robux.,未扣除任何 Robux。,未扣除任何 Robux。,並未扣除任何 Robux。
Studio.Toolbox.AssetUploadResult.NextSubmit,,,Proceed to Next Item,Proceed to Next Item,المتابعة إلى العنصر التالي,Weiter zum nächsten Artikel,Proceder al siguiente elemento,Passer à l'item suivant,अगले आइटम पर जाएँ,Lanjutkan ke Item Berikutnya,Procedere all'elemento successivo,次のアイテムに進む,다음 아이템으로 이동,Przejdź do następnego przedmiotu,Prosseguir para o próximo item,,ดำเนินการต่อไปยังไอเท็มชิ้นถัดไป,Sonraki öğeye ilerle,Tiến tục với vật phẩm tiếp theo,转至下一个物品,转至下一个物品,前往下個道具
Studio.Toolbox.General.TabCreatorStore,,,Creator Store,Creator Store,متجر المصمّم,Creator Store,Tienda de creadores,Boutique du créateur,क्रिएटर स्टोर,Toko Kreator,Negozio creatore,クリエーターストア,크리에이터 상점,Sklep dla twórców,Loja do Criador,,ร้านค้าครีเอเตอร์,Yaratıcı Mağazası,Cửa Hàng Nhà Sáng Tạo,创作者商店,创作者商店,創作者商店
Studio.Toolbox.General.DistributeOnCreatorStore,,,Distribute on Creator Store,Distribute on Creator Store,التوزيع في متجر المصمّم,Im Creator Store vertreiben,Distribuir en la Tienda de creadores,Distribuer dans la Boutique du créateur,क्रिएटर स्टोर पर डिस्ट्रीब्यूट करें,Distribusikan di Toko Kreator,Distribuisci su Creator Store,クリエーターストアで流通させる,크리에이터 상점에 배포,Dystrybuuj w sklepie dla twórców,Distribuir na Loja do Criador,,จำหน่ายบนร้านค้าครีเอเตอร์,Yaratıcı Mağazası'nda dağıtıma çıkar,Phân phối trên Cửa Hàng Nhà Sáng Tạo,在创作者商店分发,在创作者商店分发,在創作者商店流通
Studio.Toolbox.AssetConfigCopy.PackageCantShareOnCreatorStore,,,Creator Store publishing is not available when updates are enabled,Creator Store publishing is not available when updates are enabled,لا يتوفر النشر في متجر المصمّم عند تمكين التحديثات,"Die Veröffentlichung im Creator Store ist nicht verfügbar, wenn Updates aktiviert sind",La publicación en la Tienda de creadores no está disponible cuando las actualizaciones están activadas,La publication dans la boutique du créateur n'est pas disponible lorsque les mises à jour sont activées,अपडेट चालू होने पर क्रिएटर स्टोर पब्लिशिंग उपलब्ध नहीं है,Publikasi Toko Kreator tidak tersedia saat update diaktifkan,La pubblicazione del Creator Store non è disponibile quando gli aggiornamenti sono abilitati,更新がオンになっている場合、クリエーターストアでの公開は利用できません,업데이트가 활성화되어 있는 경우 크리에이터 상점에 게시할 수 없습니다,"Publikowanie w sklepie dla twórców jest niedostępne, gdy aktualizacje nie są włączone",A publicação na Loja do Criador não está disponível quando as atualizações estão ativadas,,การเผยแพร่ร้านค้าครีเอเตอร์ไม่สามารถใช้งานได้เมื่อเปิดใช้งานการอัปเดต,Güncellemeler etkinken Yaratıcı Mağazası'nda öğe yayınlanamaz,Tính năng phát hành lên Cửa Hàng Nhà Sáng Tạo không khả dụng khi bật các cập nhật,启用更新后，无法在创作者商店发布素材,启用更新后，无法在创作者商店发布素材,啟用更新時，無法在創作者商店發佈
Studio.Toolbox.AssetConfigCopy.TemporarilyDisabledMessageOnCreatorStore,,,Creator Store publishing is unavailable at this time. Please check back later.,Creator Store publishing is unavailable at this time. Please check back later.,لا يتوفر النشر في متجر المصمّم في الوقت الحالي. يُرجى التحقق مرة أخرى لاحقًا.,Das Veröffentlichen im Creator Store ist derzeit nicht verfügbar. Bitte versuche es später erneut.,La publicación de la Tienda de creadores no está disponible en este momento. Vuelve más tarde.,L'édition de la boutique du créateur n'est pas disponible pour le moment. Revenir plus tard.,क्रिएटर स्टोर को पब्लिश करने की सुविधा अभी उपलब्ध नहीं है. कृपया कुछ देर बाद कोशिश करें.,Toko Kreator tidak tersedia pada saat ini. Kembali lagi nanti.,La pubblicazione del Creator Store non è disponibile in questo momento. Torna più tardi.,クリエーターストアでの公開は現在、利用できません。後でチェックしてください。,현재 크리에이터 상점에 게시할 수 없습니다. 나중에 다시 확인하세요.,Publikowanie w sklepie dla twórców jest w tej chwili niedostępne. Sprawdź ponownie za jakiś czas.,A publicação na Loja do Criador está indisponível neste momento. Volte mais tarde.,,การเผยแพร่ร้านค้าครีเอเตอร์ไม่สามารถใช้งานได้ในขณะนี้ โปรดกลับมาอีกครั้งในภายหลัง,Yaratıcı Mağazası'nda yayınlama kullanılamıyor. Lütfen daha sonra tekrar kontrol et.,Tính năng Phát hành lên Cửa Hàng Nhà Sáng Tạo hiện không khả dụng. Vui lòng thử lại sau.,当前无法在创作者商店发布素材。请稍后再试。,当前无法在创作者商店发布素材。请稍后再试。,目前無法使用創作者商店發佈。請稍後再回來查看。
Studio.Toolbox.AssetConfigCopy.DistributeToCreatorStoreAsPackageWarning,,,Distributing this updateable asset to Creator Store will give all users use and view access.,Distributing this updateable asset to Creator Store will give all users use and view access.,يؤدي توزيع هذا الأصل القابل للتحديث على متجر المصمّم إلى منح جميع المستخدمين حق الاستخدام والعرض.,"Wenn du dieses aktualisierbare Objekt im Creator Store anbietest, erhalten alle Benutzer Zugriff auf die Nutzung und Ansicht.",La distribución de este recurso actualizable en la Tienda de creadores dará a todos los usuarios acceso de uso y vista.,Distribuer ce contenu actualisable dans la Boutique du créateur donnera à tous les utilisateurs un accès à l'utilisation et de visualisation.,"इस अपडेट किए जा सकने वाले ऐसेट को क्रिएटर स्टोर में डिस्ट्रीब्यूट करने से, सभी यूज़र के पास इसे इस्तेमाल करने और देखने का ऐक्सेस होगा.","Setelah aset yang bisa di-update ini didistribusikan ke Toko Kreator, semua pengguna akan bisa menggunakan dan melihatnya.",La distribuzione di questa risorsa aggiornabile al Creator Store fornirà a tutti gli utenti l'accesso all'uso e alla visualizzazione.,この更新可能なアセットをクリエーターストアで流通させると、ユーザー全員に使用したり表示したりするアクセス権が与えられます。,이 업데이트 가능한 애셋을 크리에이터 상점에 배포하면 모든 사용자가 확인하고 사용할 수 있게 됩니다.,Dystrybucja tego zasobu z możliwością aktualizacji w sklepie dla twórców oznacza udzielenie wszystkim użytkownikom dostępu do użytkowania i wyświetlania.,Distribuir este ativo atualizável para a Loja do Criador dará acesso de uso e visualização a todos os usuários.,,การจำหน่ายทรัพยากรที่อัปเดตได้นี้ให้แก่ร้านค้าครีเอเตอร์จะมอบสิทธิ์การใช้งานและการดูให้แก่ผู้ใช้งานทั้งหมด,"Bu güncellenebilir varlığı Yaratıcı Mağazası'nda dağıtıma çıkarmak, tüm kullanıcılara kullanım ve görüntüleme erişimi verecek.",Việc phân bổ sản có thể cập nhật này đến Cửa Hàng Nhà Sáng Tạo sẽ cho phép tất cả người dùng sử dụng và xem.,在创作者商店分发此可更新素材后，所有用户都将有权访问和使用。,在创作者商店分发此可更新素材后，所有用户都将有权访问和使用。,將此可更新素材發表至創作者商店後，所有使用者皆可獲得使用和查看的權限。
Studio.Toolbox.AssetConfigSharing.DistributeCreatorStoreQuotaUnavailable,,,Creator Store sharing has been temporarily disabled.,Creator Store sharing has been temporarily disabled.,تم تعطيل مشاركة متجر المصمّم مؤقتًا.,Die Freigabe im Creator Store wurde vorübergehend deaktiviert.,El uso compartido de la Tienda de creadores se desactivó temporalmente.,Le partage de la boutique des créateurs a été temporairement désactivé.,क्रिएटर स्टोर शेयरिंग कुछ समय के लिए बंद कर दी गई है.,Berbagi Toko Kreator telah dinonaktifkan untuk sementara.,La condivisione del Creator Store è stata temporaneamente disabilitata.,クリエーターストアの共有が一時的に無効になっています。,크리에이터 상점 공유가 일시적으로 비활성화되었습니다.,Udostępnianie w sklepie dla twórców zostało tymczasowo wyłączone.,O compartilhamento na Loja do Criador foi temporariamente desativado.,,การแชร์บนร้านค้าครีเอเตอร์ถูกปิดใช้งานชั่วคราว,Yaratıcı Mağazası'nda paylaşım geçici olarak devre dışı bırakıldı.,Tính năng chia sẻ Cửa Hàng Nhà Sáng Tạo đã bị vô hiệu hóa tạm thời.,创作者商店共享已暂时停用。,创作者商店共享已暂时停用。,創作者商店分享功能已暫時停用。
Studio.Toolbox.AssetConfigSharing.VerifyReason2CreatorStore,,,Increase Creator Store publishing limit,Increase Creator Store publishing limit,زيادة حد النشر في متجر المصمّم,Erhöhe das Limit für die Veröffentlichung im Creator Store,Aumentar el límite de publicación de la Tienda de creadores,Augmenter la limite de publication de la Boutique du créateur,क्रिएटर स्टोर पब्लिशिंग लिमिट बढ़ाएँ,Tingkatkan batas publikasi Toko Kreator,Aumenta il limite di pubblicazione del Creator Store,クリエーターストアでの公開限度を上げる,크리에이터 상점 게시 한도 높이기,Zwiększ limit publikowania w sklepie dla twórców,Aumentar o limite de publicação da Loja do Criador,,เพิ่มขีดจำกัดการเผยแพร่ร้านค้าครีเอเตอร์,Yaratıcı Mağazası'nda yayınlama sınırını artır,Tăng giới hạn phát hành lên Cửa Hàng Nhà Sáng Tạo,提高创作者商店发布限制,提高创作者商店发布限制,提高創作者商店發佈上限
Studio.Toolbox.AssetConfig.ShareDataTitle,,,Share your data with Roblox,Share your data with Roblox,مشاركة بياناتك مع Roblox,Teile deine Daten mit Roblox,Comparte tus datos con Roblox,Partage tes données avec Roblox,Roblox के साथ अपना डेटा शेयर करें,Bagikan datamu dengan Roblox,Condividi i tuoi dati con Roblox,Robloxとデータを共有,Roblox와 데이터를 공유하세요,Udostępnij swoje dane platformie Roblox,Compartilhe seus dados com a Roblox,,แชร์ข้อมูลของคุณกับ Roblox,Verilerini Roblox ile paylaş,Chia sẻ dữ liệu của bạn với Roblox,与 Roblox 共享你的数据,与 Roblox 共享你的数据,與 Roblox 分享您的資料
Studio.Toolbox.AssetConfig.ShareDataDescription,,,The data you contribute will only be used to help train algorithms in avatar tools in accordance with our [link1] and [link2],The data you contribute will only be used to help train algorithms in avatar tools in accordance with our [link1] and [link2],سيتم استخدام البيانات التي تساهم بها فقط للمساعدة في تحسين الخوارزميات في أدوات الأفاتار وفقًا لـ [link1] و[link2] لدينا,"Deine Daten werden nur dazu verwendet, Algorithmen in Avatar-Tools gemäß unseren [link1] und [link2] zu trainieren",Los datos que aportes solo se utilizarán para ayudar a entrenar algoritmos en herramientas para avatares de acuerdo con nuestros [link1] y [link2],"Les données que tu fournis ne seront utilisées que pour aider à former des algorithmes dans les outils d'avatar, conformément à notre [link1] et [link2]",आपके दिए जाने वाले डेटा का इस्तेमाल सिर्फ़ हमारे [link1] और [link2] के अनुसार अवतार टूल में एल्गोरिद्म को प्रशिक्षित करने में मदद करने के लिए किया जाएगा,Data yang kamu kontribusikan hanya akan digunakan untuk membantu melatih algoritme di alat avatar sesuai dengan [link1] dan [link2] kami,I dati che contribuisci saranno utilizzati solo per aiutare ad addestrare gli algoritmi negli strumenti di avatar in conformità con il nostro [link1] e [link2],あなたが貢献するデータは、[link1] と [link2] に従ってアバターツールのアルゴリズムの訓練にだけ使用されます,제공해 주시는 데이터는 [link1] 및 [link2]에 따라 아바타 도구의 알고리즘을 훈련하는 데에만 사용됩니다.,"Dane, które przekażesz, będą używane wyłącznie do wspomagania uczenia algorytmów w narzędziach związanych z awatarami zgodnie z zapisami w dokumentach [link1] oraz [link2]",Os dados que você contribui só serão usados para ajudar a treinar algoritmos em ferramentas de avatar de acordo com nossos [link1] e [link2],,ข้อมูลที่คุณมอบให้จะถูกนำไปใช้ในการช่วยฝึกฝนอัลกอริธึมในเครื่องมืออวาตาร์โดยปฏิบัติตาม [link1] และ [link2] เท่านั้น,"Sağladığın veriler, [link1] ve [link2] uyarınca avatar aracı algoritmalarının eğitiminde kullanılacak",Dữ liệu bạn đóng góp sẽ chỉ được dùng để hỗ trợ đào tạo thuật toán trong các công cụ avatar theo [link1] và [link2] của chúng tôi,根据 [链接 1] 和 [链接 2]，你所贡献的数据仅用于训练虚拟形象工具的算法。,根据 [链接 1] 和 [链接 2]，你所贡献的数据仅用于训练虚拟形象工具的算法。,根據我們的[link1]和[link2]，您貢獻的資料只會用於協助訓練虛擬人偶工具的演算法
Studio.Toolbox.AssetConfig.ShareDataLearnMoreLinkTerms,,,Terms,Terms,الشروط,Bedingungen,Términos,Conditions générales,शर्तें,Ketentuan,Termini,規約,약관,Warunki,Termos,,ข้อกำหนด,Koşullar,Điều Khoản,条款,条款,條款
Studio.Toolbox.AssetConfig.ShareDataLearnMoreLinkPrivacyPolicy,,,Privacy Policy,Privacy Policy,سياسة الخصوصية,Datenschutzrichtlinie,Política de privacidad,Politique de confidentialité,प्राइवेसी पॉलिसी,Kebijakan Privasi,Informativa sulla Privacy,プライバシーポリシー,개인정보 처리방침,Polityka prywatności,Política de Privacidade,,นโยบายความเป็นส่วนตัว,Gizlilik Politikası,Chính Sách Quyền Riêng Tư,隐私政策,隐私政策,隱私權政策
Studio.Toolbox.Purchase.BuyForPrice,,,Buy for {price},Buy for {price},شراء مقابل {price},Für {price} kaufen,Comprar por {price},Acheter pour {price},{price} में खरीदें,Beli dengan harga {price},Acquista a {price},{price} で購入,{price}(으)로 구매,Kup za {price},Comprar por {price},,ซื้อในราคา {price},{price} karşılığında al,Mua với {price},以 {price} 的价格购买,以 {price} 的价格购买,花費 {price} 購買
Studio.Toolbox.Purchase.FiatBuyPrompt,,,"Would you like to buy ""{name}"" from {creator} for {price}?","Would you like to buy ""{name}"" from {creator} for {price}?","هل ترغب في شراء ""{name}"" من {creator} مقابل {price}؟",Möchtest du “{name}” von {creator} für {price} kaufen?,"¿Quieres comprar ""{name}"" de {creator} por {price}?","Veux-tu acheter ""{name}"" de {creator} pour {price} ?","क्या आपको {creator} से {price} में ""{name}"" खरीदना है?","Kamu ingin membeli ""{name}"" dari {creator} seharga {price}?","Vuoi acquistare ""{name}"" da {creator} a {price}?",{creator} さんから「{name}」を {price} で購入しますか？,{creator} 님이 판매하는 '{name}'(을)를 {price}(으)로 구매할까요?,Czy chcesz kupić przedmiot „{name}” od twórcy {creator} za {price}?,"Você gostaria de comprar o ""{name}"" de {creator} por {price}?",,"คุณต้องการซื้อ ""{name}"" จาก {creator} ในราคา {price} หรือไม่?","""{name}"", {creator} adlı kullanıcıdan {price} karşılığında alınsın mı?","Bạn có muốn mua ""{name}"" từ {creator} với giá {price} không?",你是否以 {price} 的价格从{creator}购买“{name}”？,你是否以 {price} 的价格从{creator}购买“{name}”？,您是否要以 {price} 的價格向 {creator} 購買「{name}」？
Studio.Toolbox.AssetConfig.AvatarItem_AvatarSetupDisabled,,,Avatar Item (unavailable during Avatar Setup early release),Avatar Item (unavailable during Avatar Setup early release),عنصر الأفاتار (غير متوفر أثناء الإصدار المبكر لإعداد الأفاتار),Avatar-Artikel (nicht verfügbar während der ersten Veröffentlichung der Avatareinrichtung),Objeto de avatar (no disponible durante el lanzamiento anticipado de la Configuración del avatar),Item d'avatar (indisponible lors de la mise en place de l'avatar),अवतार आइटम (अवतार सेटअप के शुरुआती चरण यानी रिलीज़ के दौरान उपलब्ध नहीं है),Item Avatar (tidak tersedia selama rilis awal Pengatur Avatar),Articolo dell'avatar (non disponibile durante il rilascio anticipato della configurazione dell'avatar),アバターアイテム（アバター設定中の初期リリースでは使用できません）,아바타 아이템(아바타 설정 초기 릴리스 중에는 사용 불가),Przedmiot dla awatara (niedostępny we wczesnej wersji narzędzia do konfiguracji awatara),Item de avatar (não disponível durante o lançamento antecipado da Configuração do avatar),,ไอเท็มอวาตาร์ (ไม่สามารถใช้งานได้ในระหว่างการตั้งค่าอวาตาร์แบบปล่อยก่อนกำหนด),Avatar Öğesi (erken sürüm Avatar Kurulumu sırasında kullanılamaz),Mục Avatar (không có sẵn trong bản phát hành sớm Cài Đặt Hình Đại Diện),虚拟形象物品（在虚拟形象设置早期发行期间不可用）,虚拟形象物品（在虚拟形象设置早期发行期间不可用）,虛擬人偶物品（不可用於早期版本的虛擬人偶設定）
Studio.Toolbox.QualityFilterOptions.Holidays,,,Holidays,Holidays,العطلات,Feiertage,Fiestas,Fêtes de fin d'année,छुट्टियाँ,Hari Raya,Feste,ホリデー,홀리데이,Wakacje,Feriados,,วันหยุด,Bayramlar,Lễ Hội,节日,节日,節日
Studio.Toolbox.QualityFilterOptions.Holidays.fourth_of_july,,,Fourth of July,Fourth of July,الرابع من يوليو,4. Juli (Nationalfeiertag USA),4 de julio,4 juillet,चार जुलाई,Hari Kemerdekaan Amerika Serikat,4 luglio,アメリカ独立記念日,미국 독립 기념일,4 lipca,Quatro de Julho,,วันที่ 4 กรกฎาคม,4 Temmuz,Ngày 4 tháng 7,7 月 4 日,7 月 4 日,美國國慶日
Studio.Toolbox.QualityFilterOptions.Holidays.hanukkah,,,Hanukkah,Hanukkah,عيد الحانوكا,Chanukka,Hanukkah,Hanoukka,हनुक्का,Hanukkah,Hanukkah,ハヌカ,하누카,Chanuka,Hanukkah,,ฮานุกกะห์,Hanukkah,Lễ Hanukkah,光明节,光明节,光明節
Studio.Toolbox.QualityFilterOptions.Buckets.medium,,,Medium,Medium,متوسط,Medium,Media,Medium,मीडियम,Medium,Media,中,중간,Średnie,Médio,,กลาง,Orta,Trung Bình,中等,中等,中
Studio.Toolbox.QualityFilterOptions.Holidays.dia_de_muertos,,,Día de Muertos,Día de Muertos,Día de Muertos,Tag der Toten,Día de Muertos,Día de Muertos,Día de Muertos,Día de Muertos,Giorno dei morti,死者の日,망자의 날,Święto Zmarłych,Dia dos Mortos,,วันผู้วายชนม์,Ölüler Günü,Lễ Día de Muertos,亡灵节,亡灵节,亡靈節
Studio.Toolbox.QualityFilterOptions.VisualStyles.stylized,,,Stylized,Stylized,منمق,Stilisiert,Estilizado,Stylisé,स्टाइलाइज़्ड,Gaya Nonrealistis,Stilizzato,様式化済み,양식화,Stylizowane,Estilizado,,เก๋ไก๋,Stilize,Cách Điệu,传统风格,传统风格,風格化
Studio.Toolbox.QualityFilterOptions.VisualStyles.realistic,,,Realistic,Realistic,واقعي,Realistisch,Realista,Réaliste,रियल जैसा,Realistis,Realistico,リアル,현실적,Realistyczne,Realista,,สมจริง,Gerçekçi,Thực Tế,现实风格,现实风格,寫實
Studio.Toolbox.QualityFilterOptions.Holidays.halloween,,,Halloween,Halloween,الهالوين,Halloween,Halloween,Halloween,हैलोवीन,Halloween,Halloween,ハロウィン,핼러윈,Halloween,Dia das Bruxas,,ฮาโลวีน,Cadılar Bayramı,Halloween,万圣节前夜,万圣节前夜,萬聖夜
Studio.Toolbox.QualityFilterOptions.Buckets.low,,,Low,Low,منخفض,Niedrig,Baja,Bas,कम,Rendah,Bassa,低,낮음,Niskie,Baixo,,ต่ำ,Düşük,Thấp,低,低,低
Studio.Toolbox.QualityFilterOptions.Holidays.easter,,,Easter,Easter,عيد الفصح,Ostern,Pascua,Pâques,ईस्टर,Paskah,Pasqua,イースター,부활절,Wielkanoc,Páscoa,,อีสเตอร์,Paskalya,Lễ Phục Sinh,复活节,复活节,復活節
Studio.Toolbox.QualityFilterOptions.Holidays.thanksgiving,,,Thanksgiving,Thanksgiving,عيد الشكر,Thanksgiving,Acción de Gracias,Thanksgiving,थैंक्सगिविंग,Thanksgiving,Ringraziamento,感謝祭,추수감사절,Święto Dziękczynienia,Ação de Graças,,วันขอบคุณพระเจ้า,Şükran Günü,Lễ Tạ Ơn,感恩节,感恩节,感恩節
Studio.Toolbox.QualityFilterOptions.VisualStyles.anime,,,Anime,Anime,أنيمي,Anime,Anime,Animé,एनीमे,Anime,Anime,アニメ,아니메,Anime,Anime,,อนิเมะ,Anime,Anime,动漫风格,动漫风格,動畫
Studio.Toolbox.QualityFilterOptions.Holidays.st_patricks_day,,,St. Patrick's Day,St. Patrick's Day,عيد القديس باتريك,St. Patrick's Day,Día de San Patricio,Jour de la Saint-Patrick,सेंट पैट्रिक डे,Hari St. Patrick,San Patrizio,聖パトリックの祝日,성 패트릭 데이,Dzień świętego Patryka,Dia de São Patrício,,วันนักบุญแพทริค,Aziz Patrik Günü,Ngày Thánh Patrick,圣帕特里克节,圣帕特里克节,聖派翠克節
Studio.Toolbox.QualityFilterOptions.TriangleCount,,,Triangle Count,Triangle Count,عدد المثلثات,Dreiecksanzahl,Conteo de triángulos,Comptage des triangles,ट्राएंगल काउंट,Jumlah Segitiga,Numero di triangoli,三角形数,삼각형 개수,Liczba trójkątów,Contagem do triângulo,,จำนวนสามเหลี่ยม,Üçgen Sayısı,Số Lượng Tam Giác,三角计数算法,三角计数算法,三角形數
Studio.Toolbox.QualityFilterOptions.Holidays.christmas,,,Christmas,Christmas,عيد الميلاد,Weihnachten,Navidad,Noël,क्रिसमस,Natal,Natale,クリスマス,크리스마스,Boże Narodzenie,Natal,,คริสต์มาส,Yılbaşı,Giáng Sinh,圣诞节,圣诞节,聖誕節
Studio.Toolbox.QualityFilterOptions.Contains,,,Contains,Contains,يحتوي على,Enthält,Contiene,Contient,इसमें शामिल हैं,Berisi,Contiene,含まれる内容：,포함:,Zawiera,Contém,,ประกอบด้วย,İçeriği,Chứa,包含,包含,包含
Studio.Toolbox.QualityFilterOptions.Graphics.pbr,,,Physically-Based Rendering,Physically-Based Rendering,العرض القائم على الأساس المادي,Physik-basiertes Rendering,Renderización basada en la física,Rendu basé sur la physique,फ़िजिकली-बेस्ड रेंडरिंग,Rendering Berdasarkan Fisika,Rendering su base fisica,物理ベースレンダリング,물리 기반 렌더링,Renderowanie oparte na fizyce,Renderização baseada em física,,การเรนเดอร์โดยอ้างอิงจากวัตถุจริง,Fiziksel Tabanlı İşleme,Kết Xuất Dựa Trên Vật Lý,基于物理的渲染,基于物理的渲染,物理成像
Studio.Toolbox.QualityFilterOptions.Holidays.diwali,,,Diwali,Diwali,ديوالي,Lichterfest (Diwali),Diwali,Diwali,दीपावली,Diwali,Festa delle luci,ディーワーリー,디왈리,Diwali,Diwali,,ดิวาลี,Diwali,Lễ Diwali,排灯节,排灯节,排燈節
Studio.Toolbox.QualityFilterOptions.Holidays.lunar_new_year,,,Lunar New Year,Lunar New Year,السنة الصينية الجديدة,Mond-Neujahr,Año Nuevo lunar,Nouvel an lunaire,लूनर न्यू ईयर,Tahun Baru Imlek,Capodanno lunare,旧正月,설날,Księżycowy nowy rok,Ano-Novo Lunar,,ตรุษจีน,Ay Yeni Yılı,Tết Nguyên Đán,农历新年,农历新年,農曆新年
Studio.Toolbox.QualityFilterOptions.VisualStyles.cartoony,,,Cartoony,Cartoony,كارتوني,Cartoonmäßig,Dibujo animado,Caricatural,कार्टूनी,Kartun,Cartoon,アニメ風,만화,Kreskówkowe,Cartunesco,,แบบการ์ตูน,Çizgi Filmsi,Biếm Họa,卡通风格,卡通风格,卡通
Studio.Toolbox.QualityFilterOptions.Graphics,,,Graphics,Graphics,الرسومات,Grafik,Gráficos,Graphismes,ग्राफ़िक्स,Grafik,Grafica,グラフィック,그래픽,Grafika,Gráficos,,กราฟิก,Görüntü,Đồ Họa,图形,图形,圖形
Studio.Toolbox.General.SearchOptionQualityFilter,,,Quality Filter,Quality Filter,فلتر الجودة,Qualitätsfilter,Filtro de calidad,Filtre de qualité,क्वॉलिटी फ़िल्टर,Filter Kualitas,Filtro qualità,品質フィルタ,품질 필터,Filtr jakości,Filtro de qualidade,,ตัวกรองคุณภาพ,Kalite Filtresi,Bộ Lọc Chất Lượng,画质过滤器,画质过滤器,品質篩選條件
Studio.Toolbox.QualityFilterOptions.VisualStyles,,,Visual Styles,Visual Styles,الأنماط المرئية,Visuelle Stile,Estilos visuales,Styles visuels,विज़ुअल स्टाइल,Gaya Visual,Stili visivi,ビジュアルスタイル,시각적 스타일,Style wizualne,Estilos visuais,,สไตล์ภาพ,Görsel Stiller,Phong Cách Hình Ảnh,视觉样式,视觉样式,視覺風格
Studio.Toolbox.QualityFilterOptions.Buckets.ultra_high,,,Ultra High,Ultra High,مرتفع للغاية,Ultrahoch,Ultra alta,Ultra haut,अल्ट्रा हाई,Sangat Tinggi,Molto alta,極高,매우 높음,Ultrawysokie,Ultra alto,,สูงสุด,Çok Yüksek,Cực Cao,极高,极高,極高
Studio.Toolbox.QualityFilterOptions.Holidays.new_year,,,New Year,New Year,السنة الجديدة,Neujahr,Año Nuevo,Nouvel An,न्यू ईयर,Tahun Baru,Capodanno,新年,새해,Nowy rok,Ano Novo,,ปีใหม่,Yeni Yıl,Năm Mới,新年,新年,新年
Studio.Toolbox.QualityFilterOptions.Holidays.valentines_day,,,Valentine's Day,Valentine's Day,عيد الحب,Valentinstag,Día de San Valentín,Saint-Valentin,वेलेंटाइन डे,Hari Valentine,San Valentino,バレンタイン,밸런타인데이,Walentynki,Dia dos Namorados,,วันวาเลนไทน์,Sevgililer Günü,Ngày Valentine,情人节,情人节,情人節
Studio.Toolbox.QualityFilterOptions.Buckets.high,,,High,High,مرتفع,Hoch,Alta,Haut,ज़्यादा,Tinggi,Alta,高,높음,Wysokie,Alto,,สูง,Yüksek,Cao,高,高,高
Studio.Toolbox.QualityFilterOptions.Buckets.ultra_low,,,Ultra Low,Ultra Low,منخفض للغاية,Ultraniedrig,Ultra baja,Ultra Bas,अल्ट्रा लो,Sangat Rendah,Molto bassa,極低,매우 낮음,Ultraniskie,Ultra baixo,,ต่ำสุด,Çok Düşük,Cực Thấp,极低,极低,極低
Studio.Toolbox.Purchase.PendingPurchase,,,Pending Purchase,Pending Purchase,عملية شراء معلقة,Ausstehender Kauf,Compra pendiente,Achat en attente,पेंडिंग खरीदारी,Pembelian Pending,Acquisto in sospeso,保留中の購入,구매 대기 중,Oczekiwanie na zakup,Compra pendente,,การซื้อที่รอดำเนินการ,Bekleyen Satın Alım,Giao Dịch Mua Đang Chờ Xử Lý,待定购买,待定购买,待處理的購買
Studio.Toolbox.AssetConfigCopy.AssetTypeNotAvailable,,,This asset type is currently not available to distribute on Creator Store,This asset type is currently not available to distribute on Creator Store,نوع الأصل هذا غير متاح حاليًا للتوزيع في متجر المصمم,Dieser Objekttyp ist derzeit nicht zum Vertrieb im Creator Store verfügbar,Este tipo de recurso no está actualmente disponible para distribuir en la Tienda de creadores,Ce type de contenu n'est actuellement pas disponible pour être distribué dans la Boutique des créateurs,यह ऐसेट टाइप फ़िलहाल क्रिएटर स्टोर पर डिस्ट्रीब्यूट करने के लिए उपलब्ध नहीं है,Tipe aset ini sedang tidak tersedia untuk didistribusikan di Toko Kreator,Questo tipo di risorsa non è attualmente disponibile per la distribuzione tramite il Creator Store,このアセットタイプは現在、クリエーターストアで流通させられません,이 애셋 유형은 현재 크리에이터 상점에 배포할 수 없습니다,Ten typ zasobu nie jest obecnie dostępny do dystrybucji w sklepie dla twórców,Este tipo de ativo não está disponível para distribuir na Loja do Criador no momento,,ไม่สามารถจำหน่ายประเภททรัพยากรนี้ในร้านค้าครีเอเตอร์ได้ในขณะนี้,Bu varlık türü şu anda Yaratıcı Mağazası'nda dağıtıma çıkarılamıyor,Loại tài sản này hiện không có sẵn để phân phối trên Cửa Hàng Nhà Sáng Tạo,此素材类型当前无法在创作者商店分发,此素材类型当前无法在创作者商店分发,此素材類型目前無法在創作者商店流通
Studio.Toolbox.AssetConfigCopy.NoPermissionToDistributeAsset,,,You do not have permission to distribute this asset on Creator Store,You do not have permission to distribute this asset on Creator Store,ليس لديك الإذن لتوزيع هذا الأصل على متجر المصمم,"Du hast keine Berechtigung, dieses Objekt im Creator Store zu vertreiben",No tienes permiso para distribuir este recurso en la Tienda de creadores,Vous n'avez pas l'autorisation de distribuer ce contenu dans la Boutique du créateur,आपके पास इस ऐसेट को क्रिएटर स्टोर पर डिस्ट्रीब्यूट करने की परमिशन नहीं है,Kamu tidak memiliki izin untuk mendistribusikan aset ini di Toko Kreator,Non hai il permesso di distribuire questa risorsa sul Creator Store,クリエーターストアでこのアセットを流通させる権限がありません,크리에이터 상점에 이 애셋을 배포할 권한이 없습니다,Nie masz uprawnień do dystrybuowania tego zasobu w sklepie dla twórców,Você não tem permissão para distribuir este ativo na Loja do Criador,,คุณไม่มีสิทธิ์ในการจำหน่ายทรัพยากรนี้ในร้านค้าครีเอเตอร์,Bu varlığı Yaratıcı Mağazası'nda dağıtmak için iznin yok,Bạn không có quyền phân phối tài sản này trên Cửa Hàng Nhà Sáng Tạo,未获许可，你无法在创作者商店分发此素材,未获许可，你无法在创作者商店分发此素材,您沒有在創作者商店流通此素材的許可
Studio.Toolbox.AssetConfigCopy.AssetMayViolateCommunityStandards,,,This asset may be in violation of Roblox Community Standards,This asset may be in violation of Roblox Community Standards,قد ينتهك هذا الأصل معايير مجتمع Roblox,Dieses Objekt verstößt möglicherweise gegen die Roblox-Community-Regeln,Este recurso puede que infrinja las Normas de la comunidad de Roblox,Ce contenu peut enfreindre les normes de la communauté Roblox,हो सकता है यह ऐसेट Roblox कम्यूनिटी स्टैंडर्ड का उल्लंघन कर रहा हो,Aset ini mungkin melanggar Standar Komunitas Roblox,Questa risorsa potrebbe violare le Norme comunitarie di Roblox,このアセットはRobloxのコミュニティ基準に違反している可能性があります,이 애셋은 Roblox 커뮤니티 규정에 위반될 수 있습니다,Ten zasób może naruszać Standardy Społeczności platformy Roblox,Este ativo pode estar violando as Regras da Comunidade Roblox,,ทรัพยากรนี้อาจเป็นการละเมิดมาตรฐานชุมชน Roblox,"Varlık, Roblox Topluluk Standartları'nı ihlal ediyor olabilir",Tài sản này có thể vi phạm Tiêu Chuẩn Cộng Đồng Của Roblox,此素材可能违反 Roblox 社区准则,此素材可能违反 Roblox 社区准则,此素材可能違反 Roblox 社群標準
Studio.Toolbox.AssetConfigCopy.SubmitAppeal,,,Submit appeal,Submit appeal,تقديم استئناف,Beschwerde einlegen,Enviar apelación,Soumettre une demande en appel,अपील सबमिट करें,Kirim banding,Invia ricorso,異議申し立てを送信,이의 신청 제출,Prześlij odwołanie,Enviar recurso,,ยื่นอุทธรณ์,İtiraz gönder,Gửi kháng cáo,提交申诉,提交申诉,提交上訴
Studio.Toolbox.AssetPreview.CountryRestrictedPurchase,,, Not available for purchase in your country, Not available for purchase in your country, غير متاح للشراء في بلدك, In deinem Land nicht zum Kauf verfügbar, No está disponible para la compra en tu país, Non disponible à l'achat dans ton pays, आपके देश में खरीदने के लिए उपलब्ध नहीं है, Tidak bisa dibeli di negaramu, Non disponibile per l'acquisto nel tuo paese, お住まいの国では購入できません, 해당 국가에서는 구매할 수 없습니다, Brak możliwości zakupu w twoim kraju, Não disponível para compra em seu país,, ไม่พร้อมให้ซื้อในประเทศของคุณ, Ülkende satın alınamıyor, Không có sẵn để mua ở quốc gia của bạn, 无法在你所在的国家/地区购买, 无法在你所在的国家/地区购买,無法在您的國家/地區購買
Studio.Toolbox.Purchase.ExcessiveTransactionsHeader,,,Transaction cannot be completed at this time.,Transaction cannot be completed at this time.,لا يمكن إكمال المعاملة في هذا الوقت.,Die Transaktion kann derzeit nicht abgeschlossen werden.,La transacción no se puede completar en este momento.,La transaction ne peut pas être effectuée pour le moment.,इस समय ट्रांज़ैक्शन पूरा नहीं किया जा सकता.,Transaksi tidak bisa diselesaikan saat ini.,Impossibile completare la transazione in questo momento.,現在、取引きを完了できません。,지금은 거래를 완료할 수 없습니다.,Obecnie nie można sfinalizować transakcji.,A transação não pode ser concluída neste momento.,,ไม่สามารถดำเนินธุรกรรมให้เสร็จสิ้นได้ในครั้งนี้,İşlem şu anda tamamlanamıyor.,Giao dịch không thể hoàn thành vào lúc này.,交易目前无法完成。,交易目前无法完成。,目前無法完成交易。
Studio.Toolbox.AssetPreview.ExcessiveTransactionsSubText,,,Exceeds transaction limit between two users,Exceeds transaction limit between two users,يتجاوز حد المعاملة بين مستخدمين,Übersteigt das Transaktionslimit zwischen zwei Benutzern,Excede el límite de transacciones entre dos usuarios,Dépasse la limite de transaction entre deux utilisateurs,"दो यूज़र के बीच हुई ट्रांज़ैक्शन, लिमिट से ज़्यादा है",Batas transaksi antara dua pengguna telah terlampaui,Supera il limite di transazione tra due utenti,2人のユーザー間の取引き制限を超えています,두 사용자 간의 거래 한도를 초과했습니다,Przekroczono limit transakcji pomiędzy dwoma użytkownikami,Excede o limite de transações entre dois usuários,,การทำธุรกรรมเกินขีดจำกัดระหว่างผู้ใช้งานทั้งสองราย,İki kullanıcı arasındaki işlem sınırı aşılıyor,Vượt quá giới hạn giao dịch giữa hai người dùng,超过两个用户之间的交易限额,超过两个用户之间的交易限额,超過兩名使用者之間的交易上限
Studio.Toolbox.Purchase.PriceChangedDetails,,,"""{name}"" has changed price to {price}. Please try again.","""{name}"" has changed price to {price}. Please try again.","غيّر ""{name}"" السعر إلى {price}. يُرجى المحاولة مرة أخرى.",“{name}” hat den Preis zu {price} geändert. Bitte versuche es erneut.,"""{name}"" cambió el precio a {price}. Inténtalo de nuevo.","""{name}"" a changé de prix à {price}. Réessayer.","""{name}"" का किराया बदलकर {price} कर दिया गया है. फिर से कोशिश करें.","""{name}"" telah berubah harga menjadi {price}. Coba lagi.","""{name}"" ha modificato il prezzo in {price}. Riprova.",「{name}」の価格が {price} に変更されました。もう一度やり直してください。,'{name}'의 가격이 {price}(으)로 변경되었습니다. 다시 시도하세요.,Użytkownik „{name}” zmienił cenę na {price}. Spróbuj ponownie.,"""{name}"" mudou o preço para {price}. Por favor, tente novamente.",,"""{name}"" ได้เปลี่ยนราคาเป็น {price} แล้ว โปรดลองอีกครั้ง","""{name}"", fiyatı {price} olarak değiştirdi. Lütfen tekrar dene.","""{name}"" đã thay đổi giá thành {price}. Vui lòng thử lại.",“{name}”已将价格更改为 {price}。请再试一次。,“{name}”已将价格更改为 {price}。请再试一次。,「{name}」已將定價變更為 {price}。請再試一次。
Studio.Toolbox.Purchase.ExcessiveTransactionsDetails,,,This transaction exceeds the monthly limit between you and the seller.,This transaction exceeds the monthly limit between you and the seller.,تتجاوز هذه المعاملة الحد الشهري بينك وبين البائع.,Diese Transaktion überschreitet das monatliche Limit zwischen dir und dem Verkäufer.,Esta transacción excede el límite mensual entre tú y el vendedor.,Cette transaction dépasse la limite mensuelle entre le vendeur et toi.,यह ट्रांज़ैक्शन आपके और सेलर के बीच की हर महीने की लिमिट से ज़्यादा है.,Transaksi ini melampaui batas bulanan antara kamu dan penjual.,Questa transazione supera il limite mensile tra te e il venditore.,この取引きは、あなたと販売者の間の月間制限を超えています。,이 거래는 나와 판매자 간의 월별 한도를 초과합니다.,Ta transakcja spowoduje przekroczenie miesięcznego limitu transakcji pomiędzy tobą a tym sprzedawcą.,Esta transação excede o limite mensal entre você e o vendedor.,,การทำธุรกรรมนี้เกินขีดจำกัดรายเดือนระหว่างคุณและผู้ขาย,"Bu işlem, satıcıyla aranızdaki ortak aylık sınırı aşıyor.",Giao dịch này vượt quá giới hạn hàng tháng giữa bạn và người bán.,此次交易已超出你和卖家之间的每月限额。,此次交易已超出你和卖家之间的每月限额。,此交易超過您和賣家的每月上限。
Studio.Toolbox.General.RecentSearches,,,Recent Searches,Recent Searches,عمليات البحث الأخيرة,Letzte Suchanfragen,Búsquedas recientes,Recherches récentes,हाल ही में किए गए सर्च,Pencarian Terbaru,Ricerche recenti,最近のサーチ,최근 검색,Ostatnie wyszukiwania,Pesquisas recentes,,การค้นหาล่าสุด,Son Aramalar,Tìm Kiếm Gần Đây,最近搜索,最近搜索,近期搜尋
Studio.Toolbox.AssetConfig.CreationContextMissingIDVerification,,,ID Verification is required to upload avatar bundles.,ID Verification is required to upload avatar bundles.,يجب التحقق من الهوية لتحميل حزم الأفاتار.,"Identitätsprüfung ist erforderlich, um Avatarpakete hochzuladen.",Se requiere verificación de identificación para subir paquetes de avatar.,La vérification de l'identifiant est requise pour télécharger des packs d'avatar.,"अवतार बंडल अपलोड करने के लिए, ID वेरिफ़िकेशन ज़रूरी है.",Verifikasi ID diperlukan untuk meng-upload bundel avatar.,È richiesta la verifica dell'identità per caricare i pacchetti di avatar.,アバターバンドルをアップロードするには、本人確認書類の認証が必要です。,아바타 번들을 업로드하려면 먼저 본인 인증을 완료해야 합니다.,Do przesyłania pakietów awatarów wymagana jest weryfikacja przy użyciu dowodu tożsamości.,A verificação de identidade é necessária para enviar pacotes de avatares.,,จำเป็นต้องทำการตรวจสอบยืนยันเพื่อดำเนินการนี้,Avatar paketi yükleyebilmek için kimlik doğrulaması gerekir.,Cần Xác Minh ID để tải các gói avatar lên.,需要进行 ID 验证才能上传虚拟形象套装。,需要进行 ID 验证才能上传虚拟形象套装。,必須通過 ID 驗證才能上傳虛擬人偶組合。
Studio.Toolbox.AssetConfig.CreationContextAccessBlocked,,,Your access to avatar item creation has been revoked. Please abide by our Marketplace Policy.,Your access to avatar item creation has been revoked. Please abide by our Marketplace Policy.,تم إلغاء وصولك إلى إنشاء عنصر الأفاتار. يُرجى الالتزام بسياسة السوق السارية لدينا.,Dein Zugriff auf die Erstellung von Avatarartikeln wurde dir entzogen. Bitte halte dich an unsere Marktplatz-Richtlinie.,Se revocó tu acceso a la creación de objetos de avatar. Sigue nuestra Política de Mercado.,Ton accès à la création d'items d'avatar a été révoqué. Conforme-toi à notre politique du Marketplace.,अवतार आइटम बनाने का आपका ऐक्सेस कैंसिल कर दिया गया है. कृपया हमारी मार्केटप्लेस पॉलिसी का पालन करें.,Aksesmu ke kreasi item avatar telah ditarik. Harap patuhi Kebijakan Marketplace kami.,Ti è stato revocato l'accesso alla creazione di avatar. Ti invitiamo a rispettare la nostra Politica del Marketplace.,アバターアイテム制作へのアクセス権が取り消されました。マーケットプレイスポリシーに従ってください。,아바타 아이템 생성에 대한 액세스 권한이 취소되었습니다. 마켓플레이스 정책을 준수해 주세요.,Pozbawiono cię dostępu do tworzenia przedmiotów dla awatara. Postępuj zgodnie z naszą Polityką Rynku.,"Seu acesso à criação de itens de avatar foi revogado. Por favor, respeite nossa Política de Mercado.",,สิทธ์เข้าถึงการสร้างไอเท็มอวาตาร์ของคุณถูกเพิกถอน โปรดปฏิบัติตามนโยบายมาร์เก็ตเพลสของเรา,Avatar öğesi oluşturma erişimin iptal edildi. Lütfen Pazar Yeri Politikamıza uy.,Quyền truy cập mục avatar của bạn đã bị thu hồi. Vui lòng tuân thủ Chính Sách về Sàn Giao Dịch của chúng tôi.,你的虚拟形象物品创作权限已被撤回。请遵守商城政策。,你的虚拟形象物品创作权限已被撤回。请遵守商城政策。,您的虛擬形象創作功能權限已被撤銷。請遵守我們的市集政策。
Studio.Toolbox.AssetUploadResult.AddedToModerationQueueMessage,,,Asset has been added to moderation queue.,Asset has been added to moderation queue.,تمت إضافة الأصل إلى قائمة انتظار الإشراف.,Objekt wurde der Moderationswarteschlange hinzugefügt.,Se agregó el recurso a la cola de moderación.,Le contenu a été ajouté à la file d'attente de modération.,ऐसेट को मॉडरेशन लाइन में जोड़ दिया गया है.,Aset telah ditambahkan ke antrean moderasi.,La risorsa è stata aggiunta alla coda di moderazione.,アセットが内容審査キューに追加されました,애셋이 검열 대기열에 추가되었습니다.,Zasób został dodany do kolejki do moderacji.,O ativo foi adicionado à fila de moderação.,,เพิ่มทรัพยากรนี้ไปยังคิวการกลั่นกรองแล้ว,"Varlık, denetim sırasına eklendi.",Tài sản đã được thêm vào hàng đợi kiểm duyệt.,素材已添加至审核队列,素材已添加至审核队列,素材已新增至審核佇列。
Studio.Toolbox.AssetUploadResult.SubmissionFailed,,,Submission failed,Submission failed,تعذَّر الإرسال,Einreichen fehlgeschlagen,Error al enviar,Échec de la soumission,सबमिट नहीं किया जा सका,Pengiriman gagal,Invio non riuscito,送信できませんでした,제출 실패,Nie udało się przesłać,Falha no envio,,ส่งไม่สำเร็จ,Gönderim başarısız,Gửi không thành công,提交失败,提交失败,提交失敗
Studio.Toolbox.AssetUploadResult.SubmissionSucceeded,,,Successfully submitted!,Successfully submitted!,تم الإرسال بنجاح!,Erfolgreich eingereicht!,¡Enviado correctamente!,Soumis avec succès !,सबमिट हो गया है!,Berhasil dikirim!,Invio riuscito!,送信できました！,제출 완료!,Przesłano!,Enviado com sucesso!,,ส่งสำเร็จแล้ว!,Başarıyla gönderildi!,Đã gửi thành công!,已成功提交！,已成功提交！,提交成功！
Studio.Toolbox.AssetUploadResult.WebsiteUrlNoticeMessage,,,You may find your asset in Toolbox or on web,You may find your asset in Toolbox or on web,قد تجد الأصل في صندوق الأدوات أو على الويب,Du kannst dein Objekt in der Toolbox oder im Web finden,Puedes encontrar tu recurso en la Caja de herramientas o en la web,Tu peux trouver ton contenu dans la boîte à outils ou sur le web,आपको अपना ऐसेट टूलबॉक्स में या वेब पर मिल सकता है,Kamu bisa menemukan asetmu di Toolbox atau web,Puoi trovare il tuo asset nella Toolbox o sul web,ツールボックスかウェブ上でアセットが見つかります。,도구 상자나 웹에서 애셋을 찾을 수 있습니다,Swój zasób możesz znaleźć w przyborniku lub w sieci,Você pode encontrar seu ativo na Caixa de Ferramentas ou na web,,คุณสามารถค้นหาทรัพยากรของคุณได้ในกล่องเครื่องมือหรือบนเว็บ,Varlığını Araç Kutusu'nda veya web'de bulabilirsin,Bạn có thể tìm tài sản của mình trong Hộp Công Cụ hoặc trên web,你可以在“工具箱”或网页端找到你的素材,你可以在“工具箱”或网页端找到你的素材,您可以在工具箱或網站上找到您的素材
Studio.Toolbox.AssetConfig.OnboardingRequiredMessage,,,"To sell assets on Creator Store, you must complete seller onboarding.","To sell assets on Creator Store, you must complete seller onboarding.",لبيع الأصول في متجر المصمم، يجب عليك إكمال تأهيل البائع.,"Um Objekte im Creator Store zu verkaufen, musst du das Onboarding für Verkäufer abschließen.","Para vender recursos en la Tienda de creadores, debes completar la Incorporación del vendedor.","Pour vendre des contenus dans la Boutique du créateur, tu dois faire ta demande d'inscription pour être vendeur.","क्रिएटर स्टोर पर ऐसेट बेचने के लिए, आपको सेलर की ऑनबोर्डिंग पूरी करनी होगी.","Untuk menjual aset di Toko Kreator, kamu harus menyelesaikan orientasi penjual.","Per vendere risorse dal Creator Store, devi completare la registrazione del venditore.",クリエーターストアでアセットを販売するには、販売者向け開始プロセスを完了する必要があります。,크리에이터 상점에서 애셋을 판매하려면 판매자 온보딩을 완료해야 합니다.,"Aby sprzedawać zasoby w sklepie dla twórców, musisz zapoznać się z wprowadzeniem dla sprzedawców.","Para vender ativos na Loja do Criador, você deve completar a integração do vendedor.",,หากต้องการขายทรัพยากรในร้านค้าครีเอเตอร์ คุณต้องทำการเริ่มต้นใช้งานผู้ขายให้เสร็จสิ้น,Yaratıcı Mağazası'nda varlık satabilmek için satıcı oryantasyonunu tamamlaman gerekir.,"Để bán tài sản trên Cửa Hàng Nhà Sáng Tạo, bạn phải hoàn thành phần hướng dẫn người bán.",必须完成卖家入场才能在创作者商店出售素材。,必须完成卖家入场才能在创作者商店出售素材。,若要在創作者商店銷售素材，您必須完成賣家適應體驗。
Studio.Toolbox.AssetConfig.OnboardingLink,,,Go to Onboarding,Go to Onboarding,الانتقال إلى التأهيل,Zum Onboarding,Ir a Incorporación,Aller à Onboarding,ऑनबोर्डिंग पर जाएँ,Buka Orientasi,Vai alla registrazione,開始プロセスへ,온보딩으로 이동,Przejdź do wprowadzenia,Ir para a integração,,ไปที่การเริ่มต้นใช้งาน,Oryantasyona git,Đi tới phần Hướng Dẫn,前往“入场”,前往“入场”,前往適應體驗
Studio.Toolbox.General.CategorySharedPackages,,,Shared Packages,Shared Packages,الحِزَم التي تمت مشاركتها,Geteilte Pakete,Paquetes compartidos,Packages partagés,शेयर किए गए पैकेज,Paket Bersama,Pacchetti condivisi,共有済みパッケージ,공유 패키지,Udostępniane pakiety,Pacotes compartilhados,,แพ็คเกจที่แชร์,Paylaşılan Paketler,Các Gói Được Chia Sẻ,共享包,共享包,共用套件
Studio.Toolbox.AssetUploadResult.CreatorStoreConfigurationMessage,,,"You can add additional media, place this asset on sale, and configure it on your Creator Dashboard:","You can add additional media, place this asset on sale, and configure it on your Creator Dashboard:",يمكنك إضافة وسائط إضافية، ووضع هذا الأصل للبيع، وتكوينه على لوحة تحكم المصمم الخاصة بك:,"Du kannst zusätzliche Medien hinzufügen, ein Sonderangebot für dieses Objekt anbieten und es in deinem Creator Dashboard konfigurieren:","Puedes agregar medios adicionales, poner este recurso a la venta y configurarlo en tu Interfaz de creación:","Tu peux ajouter des supports supplémentaires, mettre ce contenu en vente et le paramétrer sur ton tableau de bord du créateur :","अतिरिक्त मीडिया जोड़े जा सकते हैं, इस ऐसेट को बिक्री के लिए रखा जा सकता है और इसे अपने क्रिएटर डैशबोर्ड पर कॉन्फ़िगर करने के लिए रखा जा सकता है :","Kamu bisa menambahkan media tambahan, menjual aset ini, dan mengonfigurasikannya di Dasbor Kreator:","Puoi aggiungere altri contenuti multimediali, mettere in vendita questa risorsa e configurarla sulla tua Dashboard Creatore:",メディアを追加し、このアセットを販売中にして、クリエーターダッシュボードで環境設定できます。,"미디어를 추가하고, 이 애셋의 판매를 시작하고, 크리에이터 대시보드에서 구성할 수 있습니다.","Możesz dodać kolejne materiały multimedialne, wystawić ten zasób na sprzedaż i skonfigurować go w panelu twórców:","Você pode adicionar mídias, colocar este ativo  à venda e configurá-lo no seu Painel do Criador:",,คุณสามารถเพิ่มสื่อเพิ่มเติม วางขาย และกำหนดค่ายทรัพยากรนี้ได้ในแดชบอร์ดครีเอเตอร์:,"Daha fazla ortam ekleyebilir, varlığı satışa çıkarabilir ve Yaratıcı Panosu sayfanda yapılandırabilirsin:","Bạn có thể thêm phương tiện truyền thông khác, bán tài sản này và định cấu hình tài sản trên Bảng Điều Khiển Nhà Sáng Tạo:",你可以在创作者中心添加额外媒体，出售此素材，并对其进行配置：,你可以在创作者中心添加额外媒体，出售此素材，并对其进行配置：,您可以在創作者後台新增額外的媒體、出售此素材，以及進行設定：
Studio.Toolbox.SceneSuggestions.NoResults,,,Add assets from the [link1] tab to get suggestions,Add assets from the [link1] tab to get suggestions,أضف أصولًا من علامة التبويب [link1] للحصول على اقتراحات,"Füge Objekte vom [link1]-Tab hinzu, um Vorschläge zu erhalten",Añade recursos de la pestaña [link1] para obtener sugerencias,Ajouter des ressources dans l'onglet [link1] pour obtenir des suggestions,सुझाव पाने के लिए [link1] टैब से ऐसेट जोड़ें,Tambahkan aset dari tab [link1] untuk mendapatkan saran,Aggiungi risorse dalla scheda [link1] per ricevere suggerimenti,[link1] タブからアセットを追加して提案を表示,[link1] 탭의 애셋을 추가해 제안을 받으세요,"Dodaj zasoby z karty [link1], aby otrzymać sugestie",Adicione ativos a partir da aba [link1] para obter sugestões,,เพิ่มทรัพยากรจากแท็บ [link1] เพื่อรับคำแนะนำ,Öneri almak için [link1] sekmesinden varlık ekle,Thêm tài sản từ thẻ [link1] để nhận đề xuất,从 [链接 1] 选项卡中添加素材，从而获得建议,从 [链接 1] 选项卡中添加素材，从而获得建议,從[link1]分頁新增素材以取得建議
Studio.Toolbox.Audio.Music.Genre.afrobeat,,,Afrobeat,Afrobeat,أفروبيت,Afrobeat,Afrobeat,Afrobeat,एफ़्रोबीट,Afrobeat,Afrobeat,アフロビート,아프로비트,Afrobeat,Afrobeat,,อัฟโฟรบีต,Afrobeat,Nhạc Afrobeat,非洲节奏音乐,非洲节奏音乐,非洲節奏
Studio.Toolbox.Audio.Music.Genre.german-pop,,,German Pop,German Pop,البوب الألماني,Deutsch-Pop,Pop alemán,Pop Allemand,जर्मन पॉप,Pop Jerman,Pop tedesca,ドイツ・ポップス,독일 팝,German pop,Pop alemão,,ป๊อปเยอรมัน,Alman Pop,Nhạc Pop Đức,德国流行,德国流行,德國流行音樂
Studio.Toolbox.Audio.Music.Genre.afropop,,,Afropop,Afropop,أفروبوب,Afropop,Afropop,Afropop,एफ़्रोपॉप,Afropop,Afropop,アフロポップ,아프로팝,Afropop,Afropop,,อัฟโฟรพ็อป,Afropop,Afropop,非洲流行,非洲流行,非洲流行音樂
Studio.Toolbox.Audio.Music.Genre.alternative,,,Alternative,Alternative,الموسيقى البديلة,Alternativ,Alternativo,Alternatif,वैकल्पिक,Alternatif,Alternativa,オルタナティヴ,얼터너티브,Alternatywna,Alternativo,,อัลเทอร์เนทีฟ,Alternatif,Alternative,另类,另类,另類
Studio.Toolbox.Audio.Music.Genre.big-band,,,Big Band,Big Band,موسيقى البيج باند,Big Band,Big Band,Big Band,बड़ा बैंड,Big Band,Big Band,ビッグバンド,빅 밴드,Big-band,Big Band,,บิกแบนด์,Caz Orkestrası,Dàn Nhạc Lớn,大乐队,大乐队,大樂團
Studio.Toolbox.Audio.Music.Genre.gospel,,,Gospel,Gospel,موسيقى الإنجيل,Gospel,Gospel,Gospel,गॉस्पल,Gospel,Gospel,ゴスペル,가스펠,Gospel,Gospel,,กอสเปล,Gospel,Phúc Âm,福音,福音,福音
Studio.Toolbox.Audio.Music.Genre.comedy,,,Comedy,Comedy,كوميديا,Comedy,Comedia,Comédie,कॉमेडी,Komedi,Commedia,コメディ,코미디,Komediowa,Comédia,,ตลก,Komedi,Hài Kịch,喜剧,喜剧,喜劇
Studio.Toolbox.Audio.Music.Genre.dance,,,Dance,Dance,الرقص,Dance,Dance,Danse,डांस,Dance,Dance,ダンス,댄스,Dance,Dance,,เต้น,Dans,Khiêu Vũ,舞蹈,舞蹈,舞蹈
Studio.Toolbox.Audio.Music.Genre.k-pop,,,K Pop,K Pop,البوب الكوري,K-Pop,K-Pop,K Pop,के पॉप,K Pop,K-Pop,K-POP,K Pop,K-pop,K Pop,,เคป๊อป,K-Pop,K Pop,韩国流行,韩国流行,韓國流行音樂
Studio.Toolbox.Audio.Music.Genre.workout,,,Workout,Workout,تمرين,Workout,Entrenamiento,Workout,कसरत,Olahraga,Allenamento,エクササイズBGM,운동,Treningowa,Treino,,ออกกำลังกาย,Egzersiz,Tập Thể Dục,健身,健身,健身
Studio.Toolbox.Audio.Music.Genre.spoken-word,,,Spoken Word,Spoken Word,الكلمات المنطوقة,Spoken Word,Palabra hablada,Spoken Word,स्पोकन वर्ड,Spoken Word,Spoken Word,話し言葉,스포큰 워드,Słowo mówione,Palavra falada,,สโพเค็นเวิร์ด,Şiir Performansı,Thơ Thuyết,口语,口语,口語
Studio.Toolbox.Audio.Music.Genre.folk,,,Folk,Folk,الموسيقى الشعبية,Folk,Folk,Folk,फ़ोक,Folk,Folk,フォーク,포크,Folk,Folk,,โฟล์ก,Halk,Dân Ca,民谣,民谣,民謠
Studio.Toolbox.Audio.Music.Genre.french-pop,,,French Pop,French Pop,البوب الفرنسي,French Pop,Pop francés,Pop Française,फ़्रेंच पॉप,Pop Prancis,Pop francese,フレンチ・ポップス,프랑스 팝,French pop,Pop francês,,เฟรนช์ป๊อป,Fransız Pop,Pop Pháp,法国流行,法国流行,法國流行音樂
Studio.Toolbox.Audio.Music.Genre.latin-urban,,,Latin Urban,Latin Urban,الموسيقى الحضرية اللاتينية,Latin Urban,Urbano,Latin Urban,लैटिन अर्बन,Urban Latin,Latin Urban,ラテン・アーバン,라틴 어반,Urban latino,Latino urbano,,เออร์เบินละติน,Latin Sokak,Nhạc Latin Hiện Đại,拉丁都会,拉丁都会,拉丁都會
Studio.Toolbox.Audio.Music.Genre.german-folk,,,German Folk,German Folk,الفولكلور الألماني,Deutsche Volksmusik,Folk alemán,Folklore allemand,जर्मन फ़ोक,Folk Jerman,Folk tedesco,ドイツ民謡,독일 포크 음악,Niemiecki folk,Folk alemão,,โฟล์กเยอรมัน,Alman Folk,Dân Ca Đức,德国民谣,德国民谣,德國民謠
Studio.Toolbox.Audio.Music.Genre.holiday,,,Holiday,Holiday,عطلة,Weihnachtsmusik,Música festiva,Fêtes,छुट्टी,Hari Raya,Feste,年末,홀리데이,Wakacyjna,Músicas de festas,,วันหยุด,Bayram,Lễ Hội,节日,节日,節日
Studio.Toolbox.Audio.Music.Genre.j-pop,,,J Pop,J Pop,البوب الياباني,J-Pop,J-Pop,J-Pop,जे पॉप,J Pop,J-Pop,J-Pop,J Pop,J-pop,J Pop,,เจป๊อป,J Pop,J Pop,日本流行,日本流行,日本流行音樂
Studio.Toolbox.Audio.Music.Genre.metal,,,Metal,Metal,الميتال,Metal,Metal,Métal,मेटल,Metal,Metal,メタル,메탈,Metal,Metal,,เมทัล,Metal,Nhạc Metal,金属,金属,金屬
Studio.Toolbox.Audio.Music.Genre.new-age,,,New Age,New Age,موسيقى العصر الجديد,New Age,New Age,New Age,नया युग,New Age,New Age,ニューエイジ,뉴에이지,New Age,New Age,,นิวเอจ,New Age,Nhạc Thời Đại Mới,新世纪,新世纪,新世紀
Studio.Toolbox.Audio.Music.Genre.punk,,,Punk,Punk,موسيقى البانك,Punk,Punk,Punk,पंक,Punk,Punk,パンク,펑크,Punk,Punk,,พังก์,Punk,Nhạc Punk,朋克,朋克,龐克
Studio.Toolbox.Audio.Music.Genre.reggae,,,Reggae,Reggae,موسيقى الريغي,Reggae,Reggae,Reggae,रेगे,Reggae,Reggae,レゲエ,레게,Reggae,Reggae,,เร็กเก้,Reggae,Nhạc Reggae,雷鬼,雷鬼,雷鬼
Studio.Toolbox.Audio.Music.Genre.singer-songwriter,,,Singer/Songwriter,Singer/Songwriter,مغني/مؤلف أغاني,Singer/Songwriter,Cantante/Compositor,Chanteur/compositeur,गायक/गीतकार,Penyanyi/Penulis Lagu,Cantautorato,シンガーソングライター,싱어송라이터,Wykonawca/kompozytor,Cantor/Compositor,,นักร้อง/นักแต่งเพลง,Şarkıcı/Şarkı Yazarı,Ca Sĩ/Nhạc Sĩ,创作歌手,创作歌手,創作歌手
Studio.Toolbox.Audio.Music.Genre.soundtrack,,,Soundtrack,Soundtrack,الموسيقى التصويرية,Soundtrack,Banda sonora,Bande son,साउंडट्रैक,Soundtrack,Colonne sonore,サウンドトラック,사운드트랙,Ścieżka dźwiękowa,Trilha sonora,,ซาวด์แทร็ก,Film Müziği,Nhạc Nền,原声配乐,原声配乐,原聲帶
Studio.Toolbox.Audio.Music.Genre.vocal,,,Vocal,Vocal,صوتي,Vocal,Vocal,Vocal,वोकल,Vokal,Vocal,声楽,보컬,Wokalna,Vocal,,โวคอล,Vokal,Giọng Hát,人声,人声,人聲歌唱
Studio.Toolbox.Audio.Music.Genre.World,,,World,World,العالم,Welt,World,Monde,दुनिया,World,Etnica,ワールドミュージック,월드,Świat,World,,โลก,Dünyadan Sesler,Thế Giới,世界,世界,世界
Studio.Toolbox.Audio.Music.Genre.Timpani,,,Timpani,Timpani,الدفية,Pauken,Timbales,Timbales,तिमपानी,Timpani,Timpani,ティンパニ,팀파니,Kotły,Tímpanos,,ทิมปานี,Timbal,Trống Một Mặt,定音鼓,定音鼓,定音鼓
Studio.Toolbox.Audio.Music.Genre.Phonk,,,Phonk,Phonk,موسيقى الفونك,Phonk,Phonk,Phonk,Phonk,Phonk,Phonk,フォンク,퐁크,Phonk,Phonk,,ฟ๊องค์,Phonk,Phonk,Phonk,Phonk,Phonk
Studio.Toolbox.SearchOptionsSort.New,,,New,New,جديد,Neu,Nuevo,Nouveau,नया,Baru,Novità,新着,신규,Nowe,Novo,,ใหม่,Yeni,Mới,新,新,新品
Studio.Toolbox.HomeView.pricedmodel,,,Priced Models,Priced Models,النماذج المسعرة,Modelle mit Preis,Modelos con precio,Modèles tarifés,मॉडल्स की कीमत,Model dengan Harga,Modelli a pagamento,価格設定済みモデル,가격이 책정된 모델,Modele wycenione,Modelos com preço,,โมเดลที่กำหนดราคาแล้ว,Ücretli Modeller,Mô Hình Có Tính Giá,定价模型,定价模型,有價模型
Studio.Toolbox.SearchOptionsSort.Trending,,,Trending,Trending,الرائجة,Populär,Tendencias,Tendance,ट्रेंडिंग,Sedang Tren,Tendenze,人気急上昇,트렌드,Popularne,Em destaque,,กำลังนิยม,Popüler,Thịnh Hành,热门,热门,熱門
Studio.Toolbox.AssetConfig.UploadDenied_MissingIdVerification_Text,,,To submit an Avatar you need to be [Age_Verified],To submit an Avatar you need to be [Age_Verified],لإرسال أفاتار، يجب أن يكون عمرك [Age_Verified],"Um einen Avatar einzureichen, musst du [Age_Verified] sein","Para enviar un avatar, debes tener la [Age_Verified]","Pour soumettre un avatar, tu dois avoir [Age_Verified]","अवतार सबमिट करने के लिए, आपका [Age_Verified] होना ज़रूरी है","Untuk mengirimkan Avatar, kamu harus [Age_Verified]",Per inviare un Avatar devi avere il seguente requisito: [Age_Verified],アバター提出の要件： [Age_Verified],아바타를 제출하려면 [Age_Verified] 필요,"Aby przesłać awatara, należy mieć [Age_Verified]","Para enviar um Avatar, você precisa ter a [Age_Verified]",,คุณต้องได้รับการ [Age_Verified] เพื่อส่งอวาตาร์,Avatar gönderebilmek için [Age_Verified] olması gerekir,"Để gửi Avatar, bạn cần phải [Age_Verified]",若要提交虚拟形象，你需要 [Age_Verified],若要提交虚拟形象，你需要 [Age_Verified],若要提交虛擬人偶，您必須[Age_Verified]
Studio.Toolbox.AssetConfig.UploadDenied_MissingIdVerification_Link,,,Age Verified,Age Verified,تم التحقق من العمر,Alter verifiziert,edad verificada,Âge vérifié,उम्र वेरिफ़ाई की गई,Usia Terverifikasi,Età verificata,年齢確認済み,나이 인증 완료,Zweryfikowany wiek,Idade verificada,,ตรวจสอบยืนยันอายุแล้ว,yaşının doğrulanmış,Đã Xác Thực Tuổi,年龄已验证,年龄已验证,經過年齡驗證
Studio.Toolbox.AssetConfig.UploadDenied_MissingPremiumSubscriptionTier_Text,,,To submit an Avatar you need a [Premium_1000_Or_2200_Subscription],To submit an Avatar you need a [Premium_1000_Or_2200_Subscription],لإرسال أفاتار، تحتاج إلى [Premium_1000_Or_2200_Subscription],"Um einen Avatar einzureichen, benötigst du ein [Premium_1000_Or_2200_Subscription]","Para enviar un avatar, necesitas [Premium_1000_Or_2200_Subscription]","Pour soumettre un avatar, tu as besoin d'un [Premium_1000_Or_2200_Subscription]","अवतार सबमिट करने के लिए, आपके पास [Premium_1000_Or_2200_Subscription] होना चाहिए","Untuk mengirimkan Avatar, kamu memerlukan [Premium_1000_Or_2200_Subscription]",Per inviare un Avatar hai bisogno di un [Premium_1000_Or_2200_Subscription],アバター提出の要件： [Premium_1000_Or_2200_Subscription],아바타를 제출하려면 [Premium_1000_Or_2200_Subscription] 필요,"Aby przesłać awatara, należy mieć subskrypcję [Premium_1000_Or_2200_Subscription]",Para enviar um Avatar você precisa de uma [Premium_1000_Or_2200_Subscription],,คุณต้องมี [Premium_1000_Or_2200_Subscription] เพื่อส่งอวาตาร์,Avatar gönderebilmek için [Premium_1000_Or_2200_Subscription] olması gerekir,"Để gửi Avatar, bạn cần [Premium_1000_Or_2200_Subscription]",若要提交虚拟形象，你需要 [Premium_1000_Or_2200_Subscription],若要提交虚拟形象，你需要 [Premium_1000_Or_2200_Subscription],若要提交虛擬人偶，您需要具備 [Premium_1000_Or_2200_Subscription]
Studio.Toolbox.AssetConfig.UploadDenied_MissingPremiumSubscriptionTier_Link,,,Premium 1000 Or 2200 Subscription,Premium 1000 Or 2200 Subscription,اشتراك Premium 1000 أو 2200,Premium 1000 oder 2200 Abo,una suscripción Premium 1000 o 2200,Abonnement Premium 1000 ou 2200,Premium 1000 या 2200 सब्सक्रिप्शन,Subscription Premium 1000 atau 2200,Abbonamento Premium 1000 o 2200,プレミアム1000か2200の定期購入,Premium 1000 또는 2200 멤버십,Premium 1000 lub 2200,Assinatura Premium 1000 ou 2200,,การสมัครสมาชิก Premium 1000 หรือ 2200,Premium 1000 ya da 2200 aboneliğinin,Gói Đăng Ký Premium 1000 hoặc 2200,Premium 1000 或 2200 订阅,Premium 1000 或 2200 订阅,Premium 1000 或 2200 訂閱
Studio.Toolbox.AssetConfig.UploadDenied_UnknownError,,,You cannot upload to the Marketplace. Error code: {errorCode}.,You cannot upload to the Marketplace. Error code: {errorCode}.,لا يمكنك الرفع إلى المتجر. كود الخطأ: {errorCode}.,Du kannst nicht auf den Marktplatz hochladen. Fehlercode: {errorCode}.,No puedes cargar al Mercado. Código de error: {errorCode}.,Tu ne peux pas télécharger sur le Marketplace. Code d'erreur : {errorCode}.,मार्केटप्लेस में बंडल अपलोड नहीं किए जा सकते हैं. गड़बड़ी का कोड : {errorCode},Kamu tidak bisa meng-upload ke Marketplace. Kode eror: {errorCode}.,Impossibile caricare sul Marketplace. Codice di errore: {errorCode}.,マーケットプレイスにアップロードできません。エラーコード: {errorCode}.,마켓플레이스에 업로드할 수 없습니다. 오류 코드: {errorCode}.,Nie można przesłać na Rynek. Kod błędu: {errorCode}.,Você não pode fazer o upload para o Mercado. Código de erro: {errorCode}.,,คุณไม่สามารถอัปโหลดไปยังมาร์เก็ตเพลสได้ โค้ดข้อผิดพลาด: {errorCode},Pazar Yeri'ne yükleme yapamıyorsun. Hata kodu: {errorCode}.,Bạn không thể tải lên Sàn Giao Dịch. Mã lỗi: {errorCode}.,无法上传至商城。错误代码：{errorCode}。,无法上传至商城。错误代码：{errorCode}。,您無法上傳至市集。錯誤代碼：{errorCode}。
Studio.Toolbox.AssetConfig.ShareDataDescriptionLinks,,,You can also modify your [link1] at any time. [link2],You can also modify your [link1] at any time. [link2],يمكنك أيضًا تعديل [link1] في أي وقت. [link2],Du kannst deinen [link1] auch jederzeit ändern. [link2],También puedes modificar [link1] en cualquier momento. [link2],Vous pouvez également modifier votre [link1] à tout moment. [link2],किसी भी समय अपना [link1] भी बदला जा सकता है. [link2],Kamu juga bisa memodifikasi [link1] kapan saja. [link2],"Inoltre, puoi modificare [link1] in qualsiasi momento. [link2]",[link1] も、いつも変更できます。 [link2],"또한, [link1]의 수정은 언제든 가능합니다. [link2]",W dowolnym momencie możesz też dokonać modyfikacji elementu [link1]. [link2],Você também pode modificar seu [link1] a qualquer momento. [link2],,และคุณยังสามารถแก้ไข [link1] ได้ทุกเมื่อ [link2],Sahip olduğun [link1] üzerinde ne zaman istersen değişiklik yapabilirsin. [link2],Bạn cũng có thể chỉnh sửa [link1] của bạn bất cứ lúc nào. [link2],你也可以随时修改你的 [link1]。[link2],你也可以随时修改你的 [link1]。[link2],您也可以隨時修改您的[link1]。[link2]
Studio.Toolbox.AssetConfig.ShareDataHeader,,,Data sharing,Data sharing,مشاركة البيانات,Datenfreigabe,Intercambio de datos,Partage des données,डेटा शेयर किया जा रहा है,Berbagi data,Condivisione dei dati,データ共有,데이터 공유,Udostępnianie danych,Compartilhamento de dados,,การแชร์ข้อมูล,Veri paylaşımı,Chia Sẻ Dữ Liệu,数据共享,数据共享,資料分享
Studio.Toolbox.AssetConfig.ShareDataDescriptionText,,,This avatar data will be used to train Roblox Gen AI models unless you opt out by turning off the toggle. The shared data is fully anonymized.,This avatar data will be used to train Roblox Gen AI models unless you opt out by turning off the toggle. The shared data is fully anonymized.,سيتم استخدام بيانات الأفاتار هذه لتدريب نماذج الذكاء الاصطناعي من Roblox Gen ما لم تقم بإلغاء الاشتراك عن طريق إيقاف التبديل. ستكون البيانات التي تتم مشاركتها مجهولة المصدر تمامًا.,"Diese Avatar-Daten werden zum Trainieren der Roblox Gen-KI-Modelle verwendet, es sei denn, du entscheidest dich dagegen, indem du das Häkchen entfernst. Die freigegebenen Daten sind vollständig anonymisiert.","Estos datos de avatar se utilizarán para entrenar modelos de IA generativa de Roblox, a menos que no optes por desactivar el conmutador. Los datos compartidos son completamente anónimos.","Ces données sur les avatars seront utilisées pour entraîner les modèles d'IA de Roblox Gen, à moins que vous ne choisissiez de ne pas le faire en désactivant l'interrupteur. Les données partagées sont entièrement anonymes.","इस अवतार डेटा का इस्तेमाल Roblox Gen AI मॉडल को प्रशिक्षित करने के लिए किया जाएगा, बशर्ते आप टॉगल बंद करके ऑप्ट आउट न करें. शेयर किया गया डेटा ऐसा होता है, जिससे निजी पहचान ज़ाहिर नहीं होती.","Data avatar ini akan digunakan untuk melatih model Gen AI Roblox, kecuali kamu memilih untuk tidak ikut serta dengan mematikan pilihan ini. Data yang dibagikan akan dibuat anonim sepenuhnya.","Questi dati dell'avatar verranno utilizzati per addestrare i modelli di IA generativa di Roblox, a meno che non disattivi l'opzione tramite l'apposita impostazione. I dati condivisi sono completamente anonimi.",このアバターのデータは、切りかえボタンをオフにしてオプトアウト（不参加表明）しない限りRobloxの生成AIモデルの訓練に使用されます。 共有データは完全に匿名化されています。,사용자가 기능을 꺼 옵트아웃할 때까지 이 아바타 데이터는 Roblox 생성형 AI 모델 트레이닝에 사용됩니다. 데이터는 완전히 익명 처리된 상태로 공유됩니다.,"Dane tego awatara będą używane do uczenia modeli Roblox Gen AI, chyba że nie wyrazisz na to zgody, ustawiając przełącznik w pozycji wyłączonej. Udostępniane dane są w pełni anonimizowane.","Estes dados de avatar serão usados para treinar modelos de IA generativa Roblox, a menos que você opte por desligar o interruptor. Os dados compartilhados são totalmente anonimizados.",,ข้อมูลอวาตาร์นี้จะถูกใช้ในการฝึกฝนการสร้างแบบจำลอง Roblox Gen AI นอกจากคุณจะเลือกไม่เข้าร่วมโดยการปิดการเปิด/ปิด ข้อมูลที่แชร์จะปกปิดตัวตนโดยสมบูรณ์,"Seçeneği kapatıp devre dışı bırakmadığın sürece bu avatar verileri, Roblox Üretici Yapay Zekâ modellerinin eğitiminde kullanılacak. Paylaşılan veriler tamamen anonimleştirilecek.",Dữ liệu hình đại diện này sẽ được sử dụng để huấn luyện các mô hình Roblox Gen AI trừ khi bạn chọn không tham gia bằng cách tắt lựa chọn. Dữ liệu được chia sẻ hoàn toàn ẩn danh.,"此体验数据将用于训练 Roblox Gen AI 模型，除非你通过关闭开关选择退出。共享数据完全匿名。
","此体验数据将用于训练 Roblox Gen AI 模型，除非你通过关闭开关选择退出。共享数据完全匿名。
",此虛擬人偶資料將會用於訓練 Roblox Gen AI 模型，除非您藉由關閉切換鈕選擇退出。分享的資料皆會完全匿名化。
Studio.Toolbox.AssetConfig.ShareDataDescriptionLinkPreferences,,,Data Sharing Preferences,Data Sharing Preferences,تفضيلات مشاركة البيانات,Einstellungen für Datenfreigabe,Preferencias de intercambio de datos,Préférences de partage des données,डेटा शेयर करने की प्राथमिकताएँ,Preferensi Berbagi Data,Preferenze di condivisione dei dati,データ共有設定,데이터 공유 기본 설정,Preferencje dotyczące udostępniania danych,Preferências de compartilhamento de dados,,การตั้งค่าการแชร์ข้อมูล,Veri Paylaşımı Tercihleri,Cài Đặt Chia Sẻ Dữ Liệu,数据分享偏好设置,数据分享偏好设置,資料分享偏好
Studio.Toolbox.AssetConfig.ShareDataDescriptionLinkLearnMore,,,Learn More,Learn More,معرفة المزيد,Mehr erfahren,Aprende más,En savoir plus,ज़्यादा जानें,Pelajari Selengkapnya,Maggiori informazioni,もっと詳しく,자세히 보기,Dowiedz się więcej,Saiba mais,,เรียนรู้เพิ่มเติม,Daha fazla bilgi edin,Tìm Hiểu Thêm,了解更多,了解更多,深入了解
Studio.Toolbox.AssetConfig.SomethingWentWrongMsgWithDashboardLink,,,Something went wrong on our end. Please check the {creatorDashboardLink} for your creation before trying again.,Something went wrong on our end. Please check the {creatorDashboardLink} for your creation before trying again.,حدث خطأ ما من جانبنا. يرجى التحقق من {creatorDashboardLink} منتجك قبل المحاولة مرة أخرى.,"Etwas ist auf unserer Seite schiefgelaufen. Bitte überprüfe {creatorDashboardLink} auf deine Kreation, bevor du es erneut versuchst.",Algo salió mal en nuestro extremo. Comprueba {creatorDashboardLink} por tu creación antes de intentarlo de nuevo.,Une erreur s'est produite de notre côté. Veuillez vérifier la création de votre {creatorDashboardLink} avant de réessayer.,"हमारी ओर से कुछ गड़बड़ी हुई. फिर से कोशिश करने से पहले अपने क्रिएशन के लिए, {creatorDashboardLink} की जाँच करें.",Terjadi kesalahan di pihak kami. Silakan cek {creatorDashboardLink} untuk melihat kreasimu sebelum mencoba lagi.,Si è verificato un errore interno. Controlla il {creatorDashboardLink} relativo alla tua creazione prima di riprovare.,こちら側で何らかの問題が発生しました。作品でもう一度試す前に {creatorDashboardLink} を確認してください。,오류가 발생했습니다. 다시 시도하기 전에 {creatorDashboardLink}에서 작품을 확인해 주세요.,"Coś poszło nie tak po naszej stronie. Zanim spróbujesz ponownie, sprawdź swoje dzieło w obszarze {creatorDashboardLink}.",Algo deu errado do nosso lado. Verifique o {creatorDashboardLink} para a sua criação antes de tentar novamente.,,เกิดข้อผิดพลาดบางอย่างที่ปลายทางของเรา โปรดตรวจสอบ {creatorDashboardLink} ของผลงานสร้างสรรค์ของคุณก่อนที่จะลองอีกครั้ง,Bizden kaynaklı bir hata oluştu. Tekrar denemeden önce lütfen {creatorDashboardLink} sayfasında eserini kontrol et.,Đã xảy ra lỗi ở phía chúng tôi. Vui lòng kiểm tra {creatorDashboardLink} sản phẩm của bạn trước khi thử lại.,我们的系统端发生问题。请检查你作品的 {creatorDashboardLink} 并重试。,我们的系统端发生问题。请检查你作品的 {creatorDashboardLink} 并重试。,我們的系統端發生了問題。請檢查您創作的{creatorDashboardLink}，然後再試一次。
Studio.Toolbox.General.CategoryMyMeshParts,,,My MeshParts,My MeshParts,MeshParts الخاصة بي,Meine MeshParts,Mis MeshParts,Mes MeshParts,मेरे MeshParts,MeshPart Saya,Le mie parti di mesh,自分の MeshParts,내 MeshParts,Moje elementy MeshPart,Minhas MeshParts,,MeshPart ของฉัน,MeshPart'larım,MeshPart Của Tôi,,,我的 MeshPart
Studio.Toolbox.General.CategoryDecalsV2,,,Decals,Decals,الملصقات,Aufkleber,Adhesivos,Decals,डीकैल,Stiker,Decalcomanie,デカール,데칼,Naklejki,Adesivos,,สติกเกอร์,Çıkartmalar,Đề Can,贴花,贴花,貼花
Studio.Toolbox.General.CategoryMeshParts,,,MeshParts,MeshParts,MeshParts,MeshParts,MeshParts,MeshParts,MeshParts,MeshPart,Parti di mesh,MeshParts,MeshParts,Elementy MeshPart,MeshParts,,MeshPart,MeshPart'lar,MeshPart,MeshParts,MeshParts,MeshPart
Studio.Toolbox.General.CategoryMyDecalsV2,,,My Decals,My Decals,ملصقاتي,Meine Aufkleber,Mis adhesivos,Mes decals,मेरे डीकैल्स,Stiker Saya,Le mie decalcomanie,自分のデカール,내 데칼,Moje naklejki,Meus adesivos,,สติกเกอร์ของฉัน,Çıkartmalarım,Đề Can Của Tôi,我的贴花,我的贴花,我的貼花
Studio.Toolbox.General.CategoryRecentDecalsV2,,,Recent Decals,Recent Decals,الملصقات الأخيرة,Zuletzt verwendete Decals,Adhesivos recientes,Récents decals,हाल ही के डीकैल,Stiker Terbaru,Decalcomanie recenti,最近のデカール,최근 데칼,Ostatnie naklejki,Adesivos recentes,,สติกเกอร์ล่าสุด,Son Çıkartmalar,Đề Can Gần Đây,,,近期使用的貼花
Studio.Toolbox.General.CategoryRecentMeshParts,,,Recent MeshParts,Recent MeshParts,MeshParts الأخيرة,Zuletzt verwendete MeshParts,MeshParts recientes,MeshParts récents,हाल ही के MeshParts,MeshPart Terbaru,Parti di mesh recenti,最近の MeshParts,최근 MeshParts,Ostatnie elementy MeshPart,MeshParts recentes,,MeshPart ล่าสุด,Son MeshPart'lar,MeshPart Gần Đây,,,近期使用的 MeshPart
Studio.Toolbox.General.CategoryGroupMeshParts,,,Group MeshParts,Group MeshParts,MeshParts المجموعة,Gruppen-MeshParts,MeshParts de grupo,MeshParts de groupe,ग्रुप MeshParts,MeshPart Grup,Parti di mesh di gruppo,MeshParts をグループ化,그룹 MeshParts,Elementy MeshPart grupy,MeshParts do Grupo,,MeshPart กลุ่ม,Grup MeshPart'lar,MeshPart Nhóm,,,群組 MeshPart
Studio.Toolbox.General.CategoryGroupDecalsV2,,,Group Decals,Group Decals,ملصقات المجموعة,Gruppen-Decals,Adhesivos de grupo,Decals en groupe,ग्रुप डीकैल,Stiker Grup,Decalcomanie di gruppo,デカールをグループ化,그룹 데칼,Naklejki grupy,Adesivos do grupo,,สติกเกอร์กลุ่ม,Grup Çıkartmalar,Đề Can Nhóm,,,群組貼花
Studio.Toolbox.General.CategoryCreationsDecalsV2,,,Decals,Decals,الملصقات,Decals,Adhesivos,Decals,डीकैल,Stiker,Decalcomanie,デカール,데칼,Naklejki,Adesivos,,สติกเกอร์,Çıkartmalar,Đề Can,,,貼花
Studio.Toolbox.General.CategoryCreationsMeshParts,,,MeshParts,MeshParts,MeshParts,MeshParts,MeshParts,MeshParts,MeshParts,MeshPart,Parti di mesh,MeshParts,MeshParts,Elementy MeshPart,MeshParts,,MeshParts,MeshPart'lar,MeshPart,,,MeshPart
Studio.Toolbox.General.SearchOptionAudioType,,,Audio Type,Audio Type,نوع الصوت,Audiotyp,Tipo de audio,Type audio,ऑडियो टाइप,Tipe Audio,Tipo di audio,オーディオの種類,오디오 유형,Typ zasobu audio,Tipo de áudio,,ประเภทเสียง,Ses Türü,Loại Âm Thanh,,,音訊類型
Studio.Toolbox.Subcategory.DiscoverNewAudioTrendingMusic,,,Trending Music,Trending Music,الموسيقى الرائجة,Angesagte Musik,Música que marca tendencia,Musique tendances,ट्रेंडिंग म्यूज़िक,Musik yang Sedang Tren,Musica di tendenza,人気急上昇の音楽,인기 음악,Popularna muzyka,Música em destaque,,เพลงที่กำลังนิยม,Popüler Müzikler,Nhạc thịnh hành,,,熱門音樂
Studio.Toolbox.Subcategory.DiscoverNewAudioTrendingSfx,,,Trending Sound Effects,Trending Sound Effects,التأثيرات الصوتية الرائجة,Angesagte Soundeffekte,Efectos de sonido que marcan tendencia,Effets sonores tendances,ट्रेंडिंग साउंड इफ़ेक्ट,Efek Suara yang Sedang Tren,Effetti sonori di tendenza,人気急上昇の効果音,인기 사운드 효과,Popularne efekty dźwiękowe,Efeitos sonoros em destaque,,เอฟเฟกต์เสียงที่กำลังนิยม,Popüler Ses Efektleri,Hiệu ứng âm thanh thịnh hành,,,熱門音效
Studio.Toolbox.Subcategory.DiscoverNewAudioTodaysNewMusic,,,Today's New Music,Today's New Music,موسيقى اليوم الجديدة,Neue Musik von heute,Nueva música de hoy,Nouvelle musique du jour,आज का नया म्यूज़िक,Musik Baru Hari Ini,Nuova musica di oggi,今日の新曲,오늘의 새로운 음악,Dzisiejsza nowa muzyka,Música nova de hoje,,เพลงใหม่ของวันนี้,Bugünkü Yeni Müzikler,Nhạc mới của hôm nay,,,今日最新音樂
Studio.Toolbox.Subcategory.DiscoverNewAudioDistrokidHits,,,New Distrokid Music,New Distrokid Music,موسيقى Distrokid الجديدة,Neue Distrokid-Musik,Nueva música de Distrokid,Nouvelle musique Distrokid,नया डिस्ट्रोकिड म्यूज़िक,Musik Distrokid Baru,Nuova musica Distrokid,Distrokidの新着楽曲,Distrokid의 새로운 음악,Nowa muzyka DistroKid,Nova música Distrokid,,เพลงใหม่ดิสโทรคิด,Yeni Distrokid Müzikleri,Nhạc Distrokid Mới,,,新 Distrokid 音樂
Studio.Toolbox.Subcategory.DiscoverNewAudioMonstercatHits,,,Monstercat Hits,Monstercat Hits,أفضل أغاني Monstercat,Monstercat-Hits,Hits de Monstercat,Hits de Monstercat,मॉन्स्टरकैट हिट्स,Lagu Monstercat,Hit di Monstercat,Monstercat でヒット中,Monstercat 인기,Hity Monstercat,Destaques Monstercat,,รวมฮิตมอนสเตอร์แคต,Monstercat'te En İyiler,Monstercat hay nhất,,,Monstercat 經典作品
Studio.Toolbox.AAC.RestrictedAssetInUnsavedExperience,,,"Attempting to insert restricted asset {assetId:int}. Restricted assets may not behave as expected until the experience is saved, please save this experience first.","Attempting to insert restricted asset {assetId:int}. Restricted assets may not behave as expected until the experience is saved, please save this experience first.",محاولة إدراج أصل مقيد {assetId:int}. قد لا تتصرف الأصول المقيدة كما هو متوقع حتى يتم حفظ التجربة، يرجى حفظ هذه التجربة أولاً.,"Es wird versucht, ein eingeschränktes Objekt {assetId:int} einzufügen. Eingeschränkte Objekte verhalten sich möglicherweise nicht wie erwartet, bis das Erlebnis gespeichert wird. Bitte speichere dieses Erlebnis zuerst.",Intentando insertar el recurso restringido {assetId:int}. Es posible que los recursos restringidos no se comporten como se espera hasta que la experiencia se guarde. Guárdala primero.,"Tentative d'insertion de contenus restreints {assetId:int}. Les contenus restreints ne peuvent pas se comporter comme prévu tant que l'expérience n'est pas enregistrée, enregistrer d'abord cette expérience.","प्रतिबंधित ऐसेट इंसर्ट करने की कोशिश की जा रही है {assetId:int}. हो सकता है कि जब तक एक्सपीरिएंस सेव नहीं हो जाता, तब तक प्रतिबंधित ऐसेट उम्मीद के मुताबिक व्यवहार न करें, कृपया पहले इस एक्सपीरिएंस को सेव करें.",Mencoba memasukkan aset terbatas {assetId:int}. Aset terbatas mungkin tidak berlaku seperti yang diharapkan sampai pengalaman virtual disimpan. Silakan simpan pengalaman virtual ini terlebih dahulu.,"Tentativo di inserire la risorsa limitata {assetId:int}. Se l'esperienza non viene salvata, le risorse limitate potrebbero non funzionare come previsto. Salva questa esperienza.",制限つきアセット {assetId:int} を挿入しようとしています。制限つきアセットはバーチャル空間が保存されるまで期待どおりに動作しない可能性があります。先にこのバーチャル空間を保存してください。,제한된 애셋 {assetId:int}의 삽입을 시도 중입니다. 제한된 애셋은 체험을 저장할 때까지 예상대로 작동하지 않을 수 있으므로 먼저 이 체험을 저장하세요.,"Próba wstawienia zasobu z ograniczeniami {assetId:int}. Zasoby z ograniczeniami mogą nie działać zgodnie z oczekiwaniami, dopóki projekt nie zostanie zapisany. Najpierw zapisz ten projekt.","Tentativa de inserir um ativo restrito {assetId:int}. Ativos restritos podem não se comportar como esperado até que a experiência seja salva, por favor, salve esta experiência primeiro.",,กำลังพยายามแทรกทรัพยากรที่จำกัด {assetId:int} ทรัพยากรที่จำกัดอาจไม่มีพฤติกรรมตามที่คาดหวังจนกว่าจะบันทึกประสบการณ์ โปรดบันทึกประสบการณ์ก่อน,"{assetId:int} sınırlı varlığı eklenmeye çalışılıyor. Sınırlı varlıklar, deneyim kaydedilmeyene kadar beklenmedik şekilde çalışabilir. Lütfen önce deneyimi kaydet.","Đang thử chèn tài nguyên bị hạn chế {assetId:int}. Tài nguyên bị hạn chế có thể không hoạt động đúng như dự tính cho đến khi trải nghiệm được lưu lại, vui lòng lưu trải nghiệm này trước.",,,將嘗試插入受限制的素材 {assetId:int}。儲存體驗前，受限制素材的行為模式可能會與預期不同。請先儲存此體驗。
Studio.Toolbox.HomeView.discoverNewAudio,,,Discover New Audio,Discover New Audio,اكتشف صوتًا جديدًا,Entdecke neue Audioinhalte,Descubrir nuevo audio,Découvrir un nouveau son,नया ऑडियो खोजें,Jelajahi Audio Baru,Scopri nuovi contenuti audio,新曲・新着音源を見つける,새로운 오디오 둘러보기,Odkryj nowe zasoby audio,Descubra um novo áudio,,ค้นพบเสียงใหม่,Yeni Ses Keşfet,Khám Phá Âm Thanh Mới,,,探索新音訊
Studio.Toolbox.Subcategory.GenresRAndB,,,R&B,R&B,موسيقى ريذم أند بلوز,R&B,R&B,R&B,R&B,R&B,R&B,R&B,R&B,R&B,R&B,,อาร์แอนด์บี,R&B,Nhạc R&B,,,節奏藍調
Studio.Toolbox.Subcategory.GenresPop,,,Pop,Pop,موسيقى البوب,Pop,Pop,Pop,पॉप,Pop,Pop,ポップス,팝,Pop,Pop,,ป๊อป,Pop,Nhạc Pop,,,流行
Studio.Toolbox.Subcategory.GenresHipHop,,,Hip Hop,Hip Hop,موسيقى الهيب هوب,Hip Hop,Hip Hop,Hip hop,हिप हॉप,Hip Hop,Hip-Hop,ヒップホップ,힙합,Hip-Hop,Hip Hop,,ฮิปฮอป,Hip Hop,Nhạc Hip Hop,,,嘻哈
Studio.Toolbox.Subcategory.GenresIndie,,,Indie,Indie,موسيقى الإندي,Indie,Indie,Indie,इंडी,Indie,Indie,インディー,인디,Indie,Indie,,อินดี้,Bağımsız,Nhạc Indie,,,獨立
Studio.Toolbox.Subcategory.GenresRock,,,Rock,Rock,موسيقى الروك,Rock,Rock,Rocher,चट्टान,Rock,Rock,ロック,록,Rock,Rock,,ร็อค,Rock,Nhạc Rock,,,搖滾
Studio.Toolbox.Subcategory.GenresCountry,,,Country,Country,موسيقى كانتري,Country,Country,Pays,कंट्री,Country,Country,カントリー,컨트리,Country,Country,,คันทรี,Country,Nhạc Country,,,鄉村
Studio.Toolbox.Subcategory.GenresRap,,,Rap,Rap,الراب,Rap,Rap,Rap,रैप,Rap,Rap,ラップ,랩,Rap,Rap,,แร๊ป,Rap,Nhạc Rap,,,饒舌
Studio.Toolbox.Subcategory.GenresFolk,,,Folk,Folk,الموسيقى الشعبية,Folk,Folk,Folk,फ़ोक,Folk,Folk,フォーク,포크,Folk,Folk,,โฟล์ก,Halk,Nhạc Dân Ca,,,民謠
Studio.Toolbox.Subcategory.GenresAlternative,,,Alternative,Alternative,الموسيقى البديلة,Alternative,Alternativo,Alternatif,वैकल्पिक,Alternatif,Alternativa,オルタナティヴ,얼터너티브,Alternatywna,Alternativo,,อัลเทอร์เนทีฟ,Alternatif,Nhạc Alternative,,,另類
Studio.Toolbox.HomeView.featuredCategoryTerrain,,,Featured Category: Terrain,Featured Category: Terrain,الفئة المميزة: التضاريس,Highlight-Kategorie: Gelände,Categoría Destacada: Terreno,Catégorie recommandée : Terrain,फ़ीचर की गई कैटगरी : टेरेन,Kategori Unggulan: Medan,Categoria in primo piano: Terreno,注目カテゴリ：地形,추천 카테고리: 지형,Promowana kategoria: Teren,Categoria em destaque: Terreno,,หมวดหมู่ที่น่าสนใจ: ภูมิประเทศ,Öne Çıkan Kategori: Arazi,Thể loại được đề xuất: Địa hình,,,精選類別：地形
Studio.Toolbox.HomeView.featuredCategoryBuilding,,,Featured Category: Building,Featured Category: Building,الفئة المميزة: البناء,Highlight-Kategorie: Bauen,Categoría destacada: Construcción,Catégorie recommandée : Construction,फ़ीचर की गई कैटगरी : बिल्डिंग,Kategori Unggulan: Membangun Kota,Categoria in primo piano: Costruzioni,注目カテゴリ：建築,추천 카테고리: 건설,Promowana kategoria: Budowanie,Categoria em destaque: Construção,,หมวดหมู่ที่น่าสนใจ: การก่อสร้าง,Öne Çıkan Kategori: İnşa Etme,Thể loại được đề xuất: Xây dựng,,,精選類別：建築
Studio.Toolbox.HomeView.featuredCategoryUI,,,Featured Category: UI,Featured Category: UI,الفئة المميزة: واجهة المستخدم,Highlight-Kategorie: UI,Categoría destacada: UI,Catégorie recommandée : Interface utilisateur,फ़ीचर की गई कैटगरी : UI,Kategori Unggulan: UI,Categoria in primo piano: Interfaccia utente,注目カテゴリ：UI,추천 카테고리: UI,Promowana kategoria: Interfejs użytkownika,Categoria em destaque: Interface do usuário,,หมวดหมู่ที่น่าสนใจ: UI,Öne Çıkan Kategori: Kullanıcı Arayüzü,Thể loại được đề xuất: Giao diện người dùng,,,精選類別：UI
Studio.Toolbox.HomeView.featuredCategoryScripting,,,Featured Category: Scripting,Featured Category: Scripting,الفئة المميزة: البرمجة النصية,Highlight-Kategorie: Scripting,Categoría destacada: Scripting,Catégorie recommandée : Scripts,फ़ीचर की गई कैटगरी : स्क्रिप्टिंग,Kategori Unggulan: Scripting,Categoria in primo piano: Scripting,注目カテゴリ：スクリプト作成,추천 카테고리: 스크립팅,Promowana kategoria: Tworzenie skryptów,Categoria em destaque: Scripting,,หมวดหมู่ที่น่าสนใจ: Scripting,Öne Çıkan Kategori: Betik Yazma,Thể loại được đề xuất: Tạo tập lệnh,,,精選類別：指令碼
Studio.Toolbox.HomeView.featuredCategoryUtility,,,Featured Category: Utility,Featured Category: Utility,الفئة المميزة: الأداة المساعدة,Highlight-Kategorie: Dienst,Categoría destacada: Utilidad,Catégorie recommandée : Utilitaire,फ़ीचर की गई कैटगरी : यूटिलिटी,Kategori Unggulan: Utilitas,Categoria in primo piano: Utilità,注目カテゴリ：実用,추천 카테고리: 유틸리티,Promowana kategoria: Użytkowe,Categoria em destaque: Utilidades,,หมวดหมู่ที่น่าสนใจ: ยูทิลิตี้,Öne Çıkan Kategori: Bakım,Thể loại được đề xuất: Tiện ích,,,精選類別：便利功能
Studio.Toolbox.HomeView.featuredCategoryLighting,,,Featured Category: Lighting/Weather,Featured Category: Lighting/Weather,الفئة المميزة: الإضاءة/الطقس,Highlight-Kategorie: Beleuchtung/Wetter,Categoría destacada: iluminación/clima,Catégorie vedette : Lumière/Météo,फ़ीचर की गई कैटगरी : बिजली/मौसम,Kategori Unggulan: Pencahayaan/Cuaca,Categoria in evidenza: Illuminazione/Meteo,注目カテゴリ：照明または天気,추천 카테고리: 조명/날씨,Promowana kategoria: Oświetlenie/Pogoda,Categoria em destaque: Iluminação/Clima,,หมวดหมู่ที่น่าสนใจ: การจัดแสง/สภาพอากาศ,Öne Çıkan Kategori: Aydınlatma/Hava,Thể loại được đề xuất: Ánh sáng/Thời tiết,精选类别：灯光/天气信息,精选类别：灯光/天气信息,精選類別：照明/天氣
Studio.Toolbox.HomeView.featuredCategoryModeling,,,Featured Category: Modeling,Featured Category: Modeling,الفئة المميزة: إنشاء نماذج,Highlight-Kategorie: Modellierung,Categoría destacada: Modelado,Catégorie recommandée : Modélisation,फ़ीचर की गई कैटगरी : मॉडलिंग,Kategori Unggulan: Modeling,Categoria in primo piano: Modellazione,注目カテゴリ：モデル作成,추천 카테고리: 모델링,Promowana kategoria: Tworzenie modeli,Categoria em destaque: Modelagem,,หมวดหมู่ที่น่าสนใจ: การสร้างแบบจำลอง,Öne Çıkan Kategori: Modelleme,Thể loại được đề xuất: Tạo mô hình,,,精選類別：模型
Studio.Toolbox.HomeView.featuredCategoryAvatar,,,Featured Category: Avatar,Featured Category: Avatar,الفئة المميزة: الأفاتار,Highlight-Kategorie: Avatar,Categoría destacada: Avatar,Catégorie recommandée : Avatar,फ़ीचर की गई कैटगरी : अवतार,Kategori Unggulan: Avatar,Categoria in primo piano: Avatar,注目カテゴリ：アバター,추천 카테고리: 아바타,Promowana kategoria: Awatar,Categoria em destaque: Avatar,,หมวดหมู่ที่น่าสนใจ: อวาตาร์,Öne Çıkan Kategori: Avatar,Thể loại được đề xuất: Avatar,,,精選類別：虛擬人偶
Studio.Toolbox.HomeView.featuredCategoryAnimation,,,Featured Category: Animation,Featured Category: Animation,الفئة المميزة: الحركة,Highlight-Kategorie: Animation,Categoría destacada: Animación,Catégorie recommandée : Animation,फ़ीचर की गई कैटगरी: ऐनिमेशन,Kategori Unggulan: Animasi,Categoria in primo piano: Animazione,注目カテゴリ：アニメーション,추천 카테고리: 애니메이션,Promowana kategoria: Animacja,Categoria em destaque: Animação,,หมวดหมู่ที่น่าสนใจ: แอนิเมชัน,Öne Çıkan Kategori: Animasyon,Thể loại được đề xuất: Hoạt ảnh,,,精選類別：動畫
Studio.Toolbox.HomeView.featuredCategoryAssets,,,Featured Category: Assets,Featured Category: Assets,الفئة المميزة: الأصول,Highlight-Kategorie: Objekte,Categoría destacada: Recursos,Catégorie recommandée : Contenus,फ़ीचर की गई कैटगरी : ऐसेट्स,Kategori Unggulan: Aset,Categoria in primo piano: Risorse,注目カテゴリ：アセット,추천 카테고리: 애셋,Promowana kategoria: Zasoby,Categoria em destaque: Ativos,,หมวดหมู่ที่น่าสนใจ: ทรัพยากร,Öne Çıkan Kategori: Varlıklar,Thể loại được đề xuất: Tài nguyên,,,精選類別：素材
Studio.Toolbox.HomeView.featuredCategoryAudio,,,Featured Category: Audio,Featured Category: Audio,الفئة المميزة: الصوت,Highlight-Kategorie: Audio,Categoría destacada: Audio,Catégorie recommandée : Audio,फ़ीचर की गई कैटगरी : ऑडियो,Kategori Unggulan: Audio,Categoria in primo piano: Audio,注目カテゴリ：オーディオ,추천 카테고리: 오디오,Promowana kategoria: Dźwięk,Categoria em Destaque: Áudio,,หมวดหมู่ที่น่าสนใจ: เสียง,Öne Çıkan Kategori: Ses,Thể loại được đề xuất: Âm thanh,,,精選類別：音訊
Studio.Toolbox.HomeView.featuredCategoryFun,,,Featured Category: Fun,Featured Category: Fun,الفئة المميزة: المرح,Highlight-Kategorie: Spaß,Categoría destacada: Diversión,Catégorie recommandée : Fun,फ़ीचर की गई कैटगरी : फ़न,Kategori Unggulan: Menyenangkan,Categoria in primo piano: Divertimento,注目カテゴリ：楽しめる,추천 카테고리: 재미,Promowana kategoria: Zabawa,Categoria em destaque: Diversão,,หมวดหมู่ที่น่าสนใจ: ความสนุก,Öne Çıkan Kategori: Eğlence,Thể loại được đề xuất: Hài hước,,,精選類別：趣味
Studio.Toolbox.HomeView.featuredCategoryVFX,,,Featured Category: VFX,Featured Category: VFX,الفئة المميزة: المؤثرات البصرية,Highlight-Kategorie: VFX,Categoría destacada: VFX,Catégorie recommandée : VFX,फ़ीचर की गई कैटगरी : VFX,Kategori Unggulan: VFX,Categoria in primo piano: Effetti visivi,注目カテゴリ：視覚効果,추천 카테고리: VFX,Promowana kategoria: Efekty wideo,Categoria em Destaque: Efeitos visuais,,หมวดหมู่ที่น่าสนใจ: VFX,Öne Çıkan Kategori: Görsel Efektler,Thể loại được đề xuất: Hiệu ứng hình ảnh,,,精選類別：視覺效果
Studio.Toolbox.AssetConfig.CreationContextInvalidBodyScale,,,"Error preparing bundle for upload.
One or more Humanoid Scale values is invalid. Scales must be within the following ranges:
BodyHeightScale: 0.9-1.05
BodyProportionScale: 0-1
BodyTypeScale: 0-1
BodyWidthScale: 0.7-1
HeadScale: 0.95-1","Error preparing bundle for upload.
One or more Humanoid Scale values is invalid. Scales must be within the following ranges:
BodyHeightScale: 0.9-1.05
BodyProportionScale: 0-1
BodyTypeScale: 0-1
BodyWidthScale: 0.7-1
HeadScale: 0.95-1","حدث خطأ أثناء تجهيز الحزمة للرفع.
قيمة واحدة أو أكثر من قيم مقياس الإنسان غير صالحة. يجب أن تكون المقاييس ضمن النطاقات التالية:
BodyHeightScale: 0.9-1.05
BodyProportionScale: 0-1
BodyTypeScale: 0-1
BodyWidthScale: 0.7-1
HeadScale: 0.95-1","Fehler beim Vorbereiten des Pakets für das Hochladen.
Einer oder mehrere Werte des Humanoid-Größenverhältnisses sind ungültig. Größenverhältnisse müssen innerhalb der folgenden Bereiche liegen:
BodyHeightScale: 0.9–1.05
BodyProportionScale: 0–1
BodyTypeScale: 0–1
BodyWidthScale: 0.7–1
HeadScale: 0.95–1","Error al preparar el paquete para subir.
Uno o más valores de escala humanoide no son válidos. Las escalas deben estar dentro de los siguientes rangos:
BodyHeightScale: 0.9-1.05
BodyProportionScale: 0-1
BodyTypeScale: 0-1
BodyWidthScale: 0.7-1
HeadScale: 0.95-1","Erreur lors de la préparation du package pour le téléchargement.
Une ou plusieurs valeurs d'échelle humanoïde n'est pas valide. Les échelles doivent être dans les plages suivantes :
BodyHeightScale: 0. -1.05
BodyProportionScale: 0-1
BodyTypeScale: 0-1 
BodyWidthScale: 0.7-1
HeadScale: 0.95-1","अपलोड के लिए बंडल तैयार करने में गड़बड़ी हुई.
एक या एक से ज़्यादा ह्यूमनॉइड स्केल वैल्यू अमान्य हैं. स्केल इन रेंज के अंदर होने चाहिए:

BodyHeightScale: 0.9-1.05 BodyProportionScale: 0-1
BodyTypeScale: 0-1
BodyWidthScale: 0.7-1
HeadScale: 0.95-1","Terjadi eror saat menyiapkan bundel untuk upload.
Satu atau beberapa nilai Skala Humanoid tidak valid. Skala harus berada dalam rentang berikut:
BodyHeightScale: 0,9-1,05
BodyProportionScale: 0-1
BodyTypeScale: 0-1
BodyWidthScale: 0,7-1
HeadScale: 0,95-1","Errore durante la preparazione del pacchetto per il caricamento.
Uno o più valori della scala Umanoide non sono validi. Le proporzioni devono rientrare nei seguenti intervalli:
BodyHeightScale: 0,9-1,05
BodyProportionScale: 0-1
BodyTypeScale: 0-1
BodyWidthScale: 0,7-1
HeadScale: 0,95-1","バンドルのアップロード準備中のエラーが発生しました。
1件以上の人型用拡大/縮小の値が無効です。拡大/縮小は、以下の範囲である必要があります。:
BodyHeightScale: 0.9-1.05
BodyProportionScale: 0-1
BodyTypeScale: 0-1
BodyWidthScale: 0.7-1
HeadScale: 0.95-1","번들 업로드 준비 중 오류가 발생했습니다.
하나 이상의 휴머노이드 스케일 값이 유효하지 않습니다. 스케일 값은 다음 범위 내에 존재해야 합니다.
BodyHeightScale: 0.9-1.05
BodyProportionScale: 0-1
BodyTypeScale: 0-1
BodyWidthScale: 0.7-1
HeadScale: 0.95-1","Błąd podczas przygotowywania pakietu do przesłania.
Co najmniej jedna z wartości skali humanoidalnej jest nieprawidłowa. Skale muszą znajdować się w następujących zakresach:
BodyHeightScale: 0,9–1,05
BodyProportionScale: 0–1
BodyTypeScale: 0–1
BodyWidthScale: 0,7–1
HeadScale: 0,95–1","Erro ao preparar o pacote para upload.
Uma ou mais escalas de humanoide são inválidas. Escalas devem estar dentro dos seguintes parâmetros:
BodyHeightScale: 0.9-1.05
BodyProportionScale: 0-1
BodyTypeScale: 0-1
BodyWidthScale: 0.7-1
HeadScale: 0.95-1",,"มีข้อผิดพลาดในการเตรียมชุดรวมสำหรับอัปโหลด
มีค่าการปรับขนาดฮิวแมนอยด์หนึ่งค่าขึ้นไปที่ไม่ถูกต้อง ค่าการปรับขนาดจะต้องอยู่ภายในช่วงต่อไปนี้:
BodyHeightScale: 0.9-1.05
BodyProportionScale: 0-1
BodyTypeScale: 0-1
BodyWidthScale: 0.7-1
HeadScale: 0.95-1","Paketi yüklemeye hazırlarken hata.
Bir ya da daha fazla Humanoid Ölçeği değeri geçersiz. Ölçekler şu aralıklarda olmalıdır:
BodyHeightScale: 0,9-1,05
BodyProportionScale: 0-1
BodyTypeScale: 0-1
BodyWidthScale: 0,7-1
HeadScale: 0,95-1","Xảy ra lỗi khi chuẩn bị gói để tải lên.
Một hoặc nhiều giá trị của Humanoid Scale không hợp lệ. Các giá trị tỉ lệ phải nằm trong phạm vi sau:
BodyHeightScale: 0.9-1.05
BodyProportionScale: 0-1
BodyTypeScale: 0-1
BodyWidthScale: 0.7-1
HeadScale: 0.95-1",,,"準備上傳組合時發生錯誤。
有無效的人形比例值。比例必須在以下範圍內：
BodyHeightScale: 0.9-1.05
BodyProportionScale: 0-1
BodyTypeScale: 0-1
BodyWidthScale: 0.7-1
HeadScale: 0.95-1"
Studio.Toolbox.Audio.Music.Genre.rb,,,R&B,R&B,موسيقى ريذم أند بلوز,R&B,R&B,R&B,R&B,R&B,R&B,リズム・アンド・ブルース,R&B,R&B,R&B,,อาร์แอนด์บี,R&B,Nhạc R&B,,,節奏藍調
Studio.Toolbox.Audio.Music.Genre.africa,,,Africa,Africa,أفريقيا,Afrika,África,Afrique,अफ़्रीका,Afrika,Africana,アフリカ,아프리카,Afryka,África,,แอฟริกา,Afrika,Châu Phi,,,非洲
Studio.Toolbox.Audio.Music.Genre.soundtracks,,,Soundtracks,Soundtracks,الموسيقى التصويرية,Soundtracks,Bandas sonoras,Bandes sonores,साउंडट्रैक,Soundtrack,Soundtrack,サウンドトラック,사운드트랙,Ścieżki dźwiękowe,Trilha sonora,,ซาวด์แทร็ก,Fon Müzikleri,Nhạc Nền,,,原聲帶
Studio.Toolbox.Audio.Music.Genre.christian,,,Christian,Christian,موسيقى مسيحية,Christlich,Cristiana,Chrétien,क्रिश्चियन,Kristiani,Cristiana,クリスチャン,기독교,Chrześcijańska,Cristã,,ดนตรีคริสเตียน,Hristiyan Müzikleri,Cơ Đốc,,,基督教
Studio.Toolbox.Audio.Music.Genre.reggaeton,,,Reggaeton,Reggaeton,موسيقى الريغييتون,Reggaeton,Reggaeton,Reggaeton,रेगेटन,Reggaeton,Reggaeton,レゲトン,레게톤,Reggaeton,Reggaeton,,เร็กเกตัน,Reggaeton,Reggaeton,,,雷鬼動
Studio.Toolbox.Audio.Music.Genre.world,,,World,World,العالم,Weltmusik,World,Monde,दुनिया,World Music,Mondo,ワールドミュージック,월드,Świat,World,,ดนตรีโลก,Dünyadan Sesler,Thế Giới,,,世界
Studio.Toolbox.Common.Import,,,Import,Import,استيراد,Importieren,Importar,Importer,इंपोर्ट करें,Impor,Importa,インポート,가져오기,Importuj,Importar,,นำเข้า,İçe aktar,Nhập,,,匯入
Studio.Toolbox.General.CategoryCreationsVideos,,,Videos,Videos,الفيديوهات,Videos,Videos,Vidéos,वीडियो,Video,Video,ビデオ,비디오,Filmy,Vídeos,,วิดีโอ,Videolar,Video,视频,视频,影片
Studio.Toolbox.General.CategoyGroupVideos,,,Group Videos,Group Videos,فيديوهات المجموعة,Gruppenvideos,Videos de grupo,Vidéos de groupe,ग्रुप वीडियो,Video Grup,Video di gruppo,ビデオをグループ化,그룹 비디오,Filmy grupy,Vídeos do grupo,,วิดีโอแบบกลุ่ม,Grup Videoları,Video Nhóm, 群组视频, 群组视频,群組影片
Studio.Toolbox.General.CategoryGroupVideos,,,Group Videos,Group Videos,فيديوهات المجموعة,Gruppenvideos,Videos de grupo,Vidéos de groupe,ग्रुप वीडियो,Video Grup,Video di gruppo,ビデオをグループ化,그룹 비디오,Filmy grupy,Vídeos do grupo,,วิดีโอแบบกลุ่ม,Grup Videoları,Video Nhóm,群组视频,群组视频,群組影片
Studio.Toolbox.AssetConfig.CreationContextInvalidBodyColorSet,,,Error preparing bundle for upload. The body color set is invalid.,Error preparing bundle for upload. The body color set is invalid.,حدث خطأ أثناء تجهيز الحزمة للرفع. مجموعة لون الجسد غير صالحة.,Fehler beim Vorbereiten des Pakets für den Upload. Die festgelegte Körperfarbe ist ungültig.,Error al preparar el paquete para subir. El conjunto de colores del cuerpo no es válido.,Erreur lors de la préparation du bundle pour le téléchargement. Le jeu de couleurs du corps n'est pas valide.,अपलोड के लिए बंडल तैयार करने में गड़बड़ी हुई. बॉडी का रंग सेट अमान्य है.,Terjadi kesalahan saat menyiapkan bundel yang akan di-upload. Set warna tubuh tidak valid.,Errore durante la preparazione del pacchetto per il caricamento. Il set di colori del corpo non è valido.,バンドルのアップロード準備中にエラーが発生しました。ボディの色設定が無効です。,업로드할 번들을 준비하는 중에 오류가 발생했습니다. 신체 색상 세트가 유효하지 않습니다.,Błąd podczas przygotowywania pakietu do przesłania. Ustawiony kolor ciała jest nieprawidłowy.,Erro ao preparar o pacote para upload. A cor do conjunto do corpo é inválida.,,เกิดข้อผิดพลาดในการเตรียมชุดรวมเพื่ออัปโหลด ชื่อชุดรวมไม่ถูกต้อง,Paketin yükleme hazırlığı sırasında hata. Vücut renk seti geçersiz.,Lỗi khi chuẩn bị gói để tải lên. Màu sắc cơ thể đã đặt không hợp lệ.,,,準備上傳組合時發生錯誤。所設定的身體顏色無效。
Studio.Toolbox.AssetConfigUpload.DependenciesPermissionDenied,,,You do not have permission to include the following dependent assets: {assetIds},You do not have permission to include the following dependent assets: {assetIds},ليس لديك إذن لتضمين الأصول التابعة التالية: {assetIds},"Du hast nicht die Berechtigung, die folgenden abhängigen Objekte einzubinden: {assetIds}",No tienes permiso para incluir los siguientes recursos dependientes: {assetIds},Tu n'as pas la permission d'inclure les contenus dépendants suivants : {assetIds},आपके पास इन डिपेंडेंट ऐसेट को शामिल करने की परमिशन नहीं है : - {assetIds},Kamu tidak punya izin untuk menyertakan aset dependen berikut ini: {assetIds},Non hai i permessi necessari per includere le seguenti risorse dipendenti: {assetIds} ,以下の依存アセットを入れる権限がありません:  {assetIds},다음 종속 애셋을 포함할 수 있는 권한이 없음: {assetIds},"Nie masz uprawnień, aby uwzględnić następujące zasoby zależne: {assetIds}",Você não tem permissão para incluir os seguintes ativos dependentes: {assetIds},,คุณไม่มีสิทธิ์ในการรวมทรัพยากรที่ต้องพึ่งพาต่อไปนี้: {assetIds},"Aşağıdaki bağlı varlıkları dâhil etmek için iznin yok:
{assetIds}",Bạn không có quyền thêm các tài nguyên phụ thuộc sau: {assetIds},,,您沒有權限納入以下相依存在的素材：{assetIds}
Studio.Toolbox.General.SearchPlaceholderWithQuotes,,,Search (use “quotes” for exact match),Search (use “quotes” for exact match),"البحث (استخدم ""الاقتباسات"" للمطابقة التامة)","Suche (Benutze ""Anführungszeichen"" für exakte Übereinstimmung)","Buscar (usar ""comillas"" para coincidir exactamente)","Rechercher (utiliser les ""guillemets anglais"" pour une correspondance exacte)","सर्च करें (सटीक मैच के लिए ""कोट"" का इस्तेमाल करें)","Cari (gunakan ""tanda petik"" untuk pencocokan persis)","Cerca (usa le ""virgolette"" per la corrispondenza esatta)",サーチ（完全一致検索は “二重引用符” を使用）,"검색(정확한 일치 항목을 검색하려면 ""따옴표"" 사용)","Wyszukaj (użyj “cudzysłowu”, aby wyszukać dokładne dopasowanie)","Pesquisar (use aspas para correspondência exata, ex.: ""esportes"")",,"ค้นหา (ใช้ ""เครื่องหมายคำพูด"" เพื่อหาคำที่ตรงกันอย่างแน่ชัด)","Ara (tam eşleşme için ""tırnak işaretleri"" kullan)",Tìm kiếm (sử dụng “dấu ngoặc kép” để tìm kết khớp tuyệt đối),搜索（使用“引号”进行精准匹配）,搜索（使用“引号”进行精准匹配）,搜尋（使用“英文引號”可進行完全比對）
Studio.Toolbox.AssetConfig.CreationContextMissingGroupPermission,,,Missing permission to upload under group.,Missing permission to upload under group.,لم يتم الحصول على إذن لرفع المحتوى ضمن المجموعة.,Fehlende Berechtigung zum Hochladen unter Gruppe.,Falta el permiso para cargar bajo el grupo.,Autorisation de téléchargement manquante sous groupe.,ग्रुप के तहत अपलोड करने की परमिशन नहीं है.,Tidak ada izin untuk meng-upload di grup.,È necessaria l'autorizzazione per caricare a nome del gruppo.,グループでアップロードする権限がありません。,그룹에 업로드할 권한이 없습니다.,Brak uprawnień do przesyłania w ramach grupy.,Permissão ausente para fazer upload em grupo.,,ไม่มีสิทธิ์ในการอัปโหลดภายใต้กลุ่ม,Grupta yükleme yapmak için gerekli izin yok.,Thiếu quyền tải lên theo nhóm.,,,沒有在群組上傳的權限。
Studio.Toolbox.AssetConfig.CreationContextMissingPremium,,,Premium 1000 or Premium 2200 is required for upload.,Premium 1000 or Premium 2200 is required for upload.,يجب أن تكون مشتركًا في Premium 1000 أو Premium 2200 لتتمكن من رفع المحتوى.,Für das Hochladen ist Premium 1000 oder Premium 2200 erforderlich.,Se requiere Premium 1000 o Premium 2200 para cargar.,Premium 1000 ou Premium 2200 est requis pour le téléchargement.,Premium 1000 या Premium 2200 अपलोड करने के लिए ज़रूरी है.,"Untuk meng-upload, Premium 1000 atau Premium 2200 diperlukan.",Per il caricamento è richiesto Premium 1000 o Premium 2200.,アップロードするには、プレミアム 1000 またはプレミアム 2200 が必要です。,업로드하려면 Premium 1000 또는 Premium 2000이 필요합니다.,Do przesyłania wymagana jest subskrypcja Premium 1000 lub Premium 2200.,É necessário Premium 1000 ou Premium 2200 para envio.,,ต้องมี Premium 1000 หรือ 2200 เพื่อทำการอัปโหลด,Yükleme yapmak için Premium 1000 veya Premium 2200 gereklidir.,Phải có Premium 1000 hoặc Premium 2200 để tải lên.,,,需有 Premium 1000 或 Premium 2200 會員資格才能上傳。
Studio.Toolbox.AssetConfig.BodyScaleValidationErrorNotDefaultValue,,,{scaleName} must be {defaultValue} for {scaleType},{scaleName} must be {defaultValue} for {scaleType},{scaleName} يجب أن يكون {defaultValue} من أجل {scaleType},{scaleName} muss {defaultValue} für {scaleType} sein,{scaleName} debe ser {defaultValue} para {scaleType},{scaleName} doit être {defaultValue} pour {scaleType},"{scaleType} के लिए {scaleName}, {defaultValue} होना चाहिए",{scaleName} harus berupa {defaultValue} untuk {scaleType},{scaleName} deve essere {defaultValue} per {scaleType},{scaleType} の {scaleName} は {defaultValue} でなければなりません,{scaleName}의 {scaleType}(은)는 {defaultValue}이어야 합니다,{scaleName} musi mieć wartość {defaultValue} w przypadku typu {scaleType},{scaleName} deve ser {defaultValue} para {scaleType},,{scaleName} จะต้องอยู่ที่ {defaultValue} สำหรับ {scaleType},"{scaleName}, {scaleType} için {defaultValue} olmalıdır",{scaleName} phải là {defaultValue} cho {scaleType},,,{scaleName} 的 {scaleType} 必須為 {defaultValue}
Studio.Toolbox.AssetConfig.BodyScaleValidationErrorUnknown,,,Unknown body scale type. {scaleTypes},Unknown body scale type. {scaleTypes},نوع مقياس الجسد غير معروف. {scaleTypes},Unbekannter Körperskalierungstyp. {scaleTypes},Tipo de escala de cuerpo desconocido. {scaleTypes},Type Échelle de corps inconnue. {scaleTypes},अननोन बॉडी स्केल टाइप. {scaleTypes},Tipe skala tubuh tidak diketahui. {scaleTypes},Tipo di scala del corpo sconosciuto. {scaleTypes},不明なボディ拡大/縮小タイプです。 {scaleTypes},알 수 없는 신체 배율 유형. {scaleTypes},Nieznany typ skali ciała. {scaleTypes},Tipo de escala de corpo desconhecido. {scaleTypes},,ประเภทการปรับขนาดร่างกายที่ไม่ทราบ {scaleTypes},Bilinmeyen vücut ölçek türü. {scaleTypes},Loại tỉ lệ cơ thể không xác định. {scaleTypes},,,未知身體比例類型。{scaleTypes}
Studio.Toolbox.AssetConfig.UGCShoesBundleName,,,Shoes,Shoes,أحذية,Schuhe,Zapatos,Chaussures,जूते,Sepatu,Scarpe,靴,신발,Buty,Sapatos,,รองเท้า,Ayakkabılar,Giày,,,鞋子
Studio.Toolbox.AssetConfig.ValidationShoePair,,,Shoe Pair,Shoe Pair,زوج أحذية,Schuhpaar,Par de zapatos,Paire de chaussures,जूते की जोड़ी,Sepasang Sepatu,Paio di scarpe,靴（一足）,신발 켤레,Para butów,Par de sapatos,,คู่รองเท้า,Ayakkabı Çifti,Đôi Giày,,,成對鞋子
Studio.Toolbox.AssetConfig.UGCBodyValidationColorsError,,,BodyColors object must be parented under Avatar model for UGC Body upload,BodyColors object must be parented under Avatar model for UGC Body upload,يجب أن يكون كائن BodyColors تابعًا لنموذج الأفاتار لكي يتم رفع محتوى من تصميم المستخدم,Das BodyColors-Objekt muss für den UGC-Körper-Upload dem Avatar-Modell übergeordnet sein,El objeto BodyColors debe estar subordinado bajo el modelo Avatar para subir cuerpo de UGC,L'objet BodyColors doit être parent sous le modèle Avatar pour le téléchargement de Body UGC,UGC (यूज़र जेनरेटेड कॉन्टेंट) बॉडी अपलोड के लिए BodyColors ऑब्जेक्ट को अवतार मॉडल के तहत पेरेंट किया जाना चाहिए,Objek BodyColors harus menginduk di bawah model Avatar untuk upload Tubuh UGC,L'oggetto BodyColors deve essere associato al modello Avatar per il caricamento del corpo UGC,BodyColors オブジェクトは、UGC ボディのアップロード用のアバターモデル下で親になったものではなければなりません,BodyColors 객체는 반드시 UGC 신체 업로드용 아바타 모델링 하에 부모 객체 지정되어야 합니다,"Obiekt BodyColors musi być powiązany z modelem awatara, aby umożliwić przesłanie go jako ciała ZGU",O objeto BodyColors deve estar parado sob o modelo de Avatar para upload do corpo CGU,,วัตถุ BodyColors จะต้องอยู่ภายใต้โมเดลอวตาร์เพื่อการอัปโหลดร่างกาย UGC,"KTOİ Vücut yüklemesi için BodyColors nesnesi, Avatar modelinin altında olmalıdır",Đối tượng BodyColors phải được coi là đối tượng chính trong mô hình Avatar để tải lên Cơ Thể UGC,,,UGC 身體上傳時，BodyColors 物件必須依附在虛擬人偶模型下
Studio.Toolbox.AssetConfig.ShoesBundlePartsUploadError,,,Error uploading all shoes.,Error uploading all shoes.,حدث خطأ أثناء رفع كل الأحذية.,Fehler beim Hochladen aller Schuhe.,Error al cargar todos los zapatos.,Erreur lors du téléchargement de toutes les chaussures.,सभी जूते अपलोड करने में गड़बड़ी हुई.,Eror saat mengupload semua sepatu.,Errore nel caricamento di tutte le scarpe.,すべての靴のアップロード中にエラーが発生しました。,모든 신발 업로드 중 오류 발생.,Błąd podczas przesyłania wszystkich elementów butów.,Erro ao carregar todos os sapatos.,,เกิดข้อผิดพลาดในการอัปโหลดรองเท้าทั้งหมด,Tüm ayakkabılar yüklenirken hata oluştu.,Lỗi khi tải lên tất cả giày lên.,,,上傳所有鞋子時發生錯誤。
Studio.Toolbox.AssetConfig.ShoesBundleUploadAssetsStep,,,Uploading shoes...,Uploading shoes...,جارٍ رفع الأحذية...,Schuhe werden hochgeladen ...,Cargando zapatos...,Téléchargement des chaussures...,जूते अपलोड किए जा रहे हैं...,Mengupload sepatu...,Caricamento scarpe...,靴をアップロードしています...,신발 업로드 중...,Przesyłanie butów...,Enviando sapatos...,,กำลังอัปโหลดรองเท้า...,Ayakkabılar yükleniyor...,Đang tải giày lên...,,,正在上傳鞋子……
Studio.Toolbox.AssetConfig.BodyScaleValidationErrorHumanoidMissing,,,Missing Humanoid object. Root instance must have Humanoid object for body upload.,Missing Humanoid object. Root instance must have Humanoid object for body upload.,الكائن البشري غير موجود. يجب أن يكون للمثيل الجذري كائن بشري لكي يتم رفع الجسد.,"Fehlendes Humanoid-Objekt. Die Stamminstanz muss ein Humanoid-Objekt haben, um den Körper hochzuladen.",Falta objeto Humanoid. La instancia raíz debe tener objeto Humanoid para cargar el cuerpo.,Objet humanoïde manquant. L'instance racine doit avoir un objet Humanoïde pour le téléchargement du corps.,ह्यूमनॉइड ऑब्जेक्ट मौजूद नहीं है. रूट इंस्टैंस में बॉडी अपलोड के लिए ह्यूमनॉइड ऑब्जेक्ट होना चाहिए.,"Objek Humanoid tidak ada. Untuk meng-upload tubuh, harus ada objek Humanoid di instans akar.",Oggetto umanoide mancante. L'istanza radice deve avere un oggetto umanoide per caricare il corpo.,人型オブジェクトがありません。ボディのアップロードには、ルートインスタンスに人型オブジェクトがなければなりません。,휴머노이드 개체 누락. 루트 인스턴스는 신체를 업로드하려면 휴머노이드 개체를 보유해야 합니다.,"Brak obiektu Humanoid. Aby przesłanie ciała było możliwe, w instancji głównej musi znajdować się obiekt Humanoid.",Objeto Humanoid faltando. Instância raiz deve ter objeto Humanoid para upload de corpo.,,ขาดวัตถุฮิวแมนอยด์ อินสแตนซ์ส่วนหลักจะต้องมีวัตถุฮิวแมนอยด์สำหรับการอัปโหลดร่างกาย,İnsansı nesne eksik. Vücut yüklemesi için kök örneğin İnsansı nesneye sahip olması gerekiyor.,Thiếu đối tượng Người Máy. Phiên bản gốc phải có đối tượng Người Máy để tải lên cơ thể.,,,缺少人形物件。根個體必須有人形物件才能進行身體上傳。
Studio.Toolbox.AssetConfigPackagePermissions.UpdateFailed,,,"""Failed to update permissions. ({error})""","""Failed to update permissions. ({error})""","""تعذر تحديث الأذونات. ({error})""","""Fehler beim Aktualisieren der Berechtigungen. ({error})""","""Error al actualizar los permisos. ({error})""","""Échec de la mise à jour des permissions. ({error})""","""परमिशन अपडेट नहीं की जा सकी. ({error})""","""Gagal meng-update izin. ({error})""","""Impossibile aggiornare i permessi. ({error})""",「権限を更新できませんでした。（{error}）」,'권한을 업데이트하지 못했습니다.({error})',"""Nie udało się zaktualizować uprawnień. ({error})""","Falha ao atualizar as permissões. ({error})""",,"""อัปเดตสิทธิ์ไม่สำเร็จ: ({error})""","""İzinler güncellenemedi."" ({error})""","""Không cập nhật được quyền. ({error})""",,,無法更新權限。（{error}）
Studio.Toolbox.AssetConfigPackagePermissions.AllVersionsWarning,,,Saving changes will give added collaborators permission to view and access all versions of this asset.,Saving changes will give added collaborators permission to view and access all versions of this asset.,يؤدي حفظ التغييرات إلى منح المتعاونين المضافين الإذن لعرض كل إصدارات هذا الأصل والوصول إليها.,Durch das Speichern dieser Änderungen erhalten hinzugefügte Mitwirkende Einsicht in und Zugriff auf alle Versionen dieses Objekts.,"Al guardar los cambios, los colaboradores agregados tendrán permiso para ver y acceder a todas las versiones de este recurso.",L'enregistrement des modifications permettra aux collaborateurs ajoutés de visualiser et d'accéder à toutes les versions de cette ressource.,बदलाव सेव करने से इस ऐसेट के सभी वर्ज़न देखने और ऐक्सेस करने की एक्सट्रा कोलैबरेटर परमिशन मिलेगी.,"Dengan menyimpan perubahan, kolaborator yang ditambahkan akan bisa melihat dan mengakses semua versi aset ini.",Salvare le modifiche darà ai collaboratori aggiunti il permesso di visualizzare e accedere a tutte le versioni di questa risorsa.,変更内容を保存すると追加された共同制作者にこのアセットのすべてのバージョンを表示してアクセスする権限が与えられます。,변경 사항을 저장하면 추가된 공동 작업자에게 이 애셋의 모든 버전을 보고 액세스할 수 있는 권한이 주어집니다.,Zapisanie zmian przyzna współtwórcom uprawnienia do wyświetlania i uprawnienia dostępu do wszystkich wersji tego zasobu.,Salvar alterações dará permissão para visualizar e acessar todas as versões deste ativo aos colaboradores adicionados.,,การบันทึกการเปลี่ยนแปลงจะให้สิทธิ์แก่ผู้ร่วมงานที่ถูกเพิ่มเข้ามาให้สามารถดูและเข้าถึงทรัพยากรทุกเวอร์ชันได้,"Değişiklikleri kaydetmek, eklenen ortak çalışanlara bu varlığın tüm sürümlerini görüntüleme ve onlara erişme izni verir.",Việc lưu thay đổi sẽ cấp cho những người hợp tác được thêm vào quyền xem và truy cập tất cả các phiên bản của tài sản này.,,,儲存變更將授予額外的協作者權限以查看和存取此素材的所有版本。
Studio.Toolbox.AssetConfigPackagePermissions.CollaboratorAccessHeader,,,Collaborator Access,Collaborator Access,وصول المتعاون,Zugriff für Mitwirkende,Acceso de colaborador,Accès collaborateur,कोलैबोरेटर ऐक्सेस,Akses Kolaborator,Accesso Collaboratore,共同制作者アクセス,공동 작업자 애셋,Dostęp dla współtwórców,Acesso do colaborador,,การเข้าถึงของผู้ร่วมงาน,Ortak Çalışan Erişimi,Quyền Truy Cập Cho Người Hợp Tác,,,協作者存取權
Studio.Toolbox.AssetConfigPackagePermissions.OnlyFriendsAndGroups,,,You can only give access permissions to your friends and groups,You can only give access permissions to your friends and groups,يمكنك فقط منح أذونات الوصول لأصدقائك ومجموعاتك,Du kannst nur deinen Freunden und Gruppen Zugriffsrechte erteilen,Solo puedes dar permisos de acceso a tus amigos y grupos,Tu ne peux donner des autorisations d'accès qu'à tes amis et groupes,सिर्फ़ अपने फ़्रेंड्स और ग्रुप्स को ऐक्सेस की परमिशन दी जा सकती है,Kamu hanya dapat memberikan izin akses kepada teman dan grupmu,Puoi concedere i permessi d'accesso solo ai tuoi amici e gruppi,アクセス権限は友達とグループにしか与えられません,액세스 권한은 친구 및 그룹에만 부여할 수 있습니다,Uprawnienia dostępu można przyznawać tylko swoim znajomym i grupom,Você só pode dar permissões de acesso a suas amizades,,คุณจะสามารถให้สิทธิ์ในการเข้าถึงแก่เพื่อนและกลุ่มได้เท่านั้น,Yalnızca arkadaşlarına ve gruplara erişim izni verebilirsin,Bạn chỉ có thể cấp quyền truy cập cho bạn bè và nhóm,,,您只能將存取權授予您的好友與群組
Studio.Toolbox.AssetConfigPackagePermissions.NoCollaborators,,,No collaborators yet,No collaborators yet,لا يوجد متعاونون حتى الآن,Noch keine Mitwirkenden,Aún no hay colaboradores,Pas encore de collaborateurs,अभी तक कोई कोलैबरेटर नहीं है,Belum ada kolaborator,Ancora nessun collaboratore,共同制作者はいません,아직 공동 작업자 없음,Nie ma jeszcze współtwórców,Ainda não há colaboradores,,ยังไม่มีผู้ร่วมงาน,Henüz hiç ortak çalışan yok,Chưa có người hợp tác nào,,,尚無協作者
Studio.Toolbox.AssetConfigPackagePermissions.GiveAccessSubtext,,,Give your friends and groups access to this asset,Give your friends and groups access to this asset,امنح أصدقاءك ومجموعاتك حق الوصول إلى هذا الأصل,Gib deinen Freunden und Gruppen Zugriff auf dieses Objekt,Da acceso a este recurso a amigos y grupos,Donne à tes amis et à tes groupes l'accès à ce contenu,अपने दोस्तों और ग्रुप को इस ऐसेट का ऐक्सेस दें,Berikan teman dan grupmu akses ke aset ini,Consenti ad amici e gruppi di accedere a questa risorsa,友達やグループにこのアセットへのアクセス権を付与,친구와 그룹에게 이 애셋에 대한 액세스 권한을 부여합니다,Przyznaj swoim znajomym i grupom uprawnienia dostępu do tego zasobu,Dê acesso a este ativo a suas amizades e grupos,,ให้สิทธิ์เข้าถึงทรัพยากรนี้แก่เพื่อนและกลุ่ม,Bu varlığa arkadaşlarının ve gruplarının erişmesine izin ver.,Cho phép bạn bè và nhóm của bạn truy cập vào tài sản này,,,將此素材的存取權授予您的好友與群組
Studio.Toolbox.AssetConfigPackagePermissions.Collaborator,,,Collaborator,Collaborator,المتعاون,Mitwirkender,Colaborador,Collaborateur,कोलैबरेटर,Kolaborator,Collaboratore,共同制作者,공동 작업자,Współtwórca,Colaborador(a),,ผู้ร่วมงาน,Ortak Çalışan,Người hợp tác,,,協作者
Studio.Toolbox.AssetConfig.AvatarAssetPrivacyValidationStatusSuccess,,,Open Use,Open Use,متاح للاستخدام العام,Freie Benutzung,Uso abierto,Utilisation libre,ओपन यूज़,Penggunaan Terbuka,Uso aperto,使用を開放,공개 사용,Otwarte użytkowanie,Uso aberto,,การใช้งานแบบเปิด,Açık Kullanım,Sử Dụng Rộng Rãi,,,開放使用
Studio.Toolbox.AssetConfig.AvatarAssetPrivacyValidationStatusFailure,,,Private,Private,خاص,Privat,Privado,Privé,प्राइवेट,Privat,Privato,プライベート,비공개,Prywatne,Privado,,ส่วนตัว,Özel,Riêng Tư,,,私人
Studio.Toolbox.AssetConfig.AvatarAssetPrivacyValidationButtonMakeOpenUse,,,Make Open Use,Make Open Use,الإتاحة للاستخدام العام,Zur freien Benutzung zur Verfügung stellen,Hacerlo de uso abierto,Faire un usage ouvert,ऐसेट को 'ओपन यूज़' पर सेट करें,Jadikan Penggunaan Terbuka,Configura per l'uso aperto,使用を開放する,공개 사용으로 설정,Ustaw otwarte użytkowanie,Tornar uso aberto,,เลือกเป็นการใช้งานแบบเปิด,Kullanıma açık yap,Đặt Ở Chế Độ Sử Dụng Rộng Rãi,,,設為開放使用
Studio.Toolbox.AssetConfig.AvatarAssetPrivacyValidationStatusValidating,,,Validating...,Validating...,جارِ التحقق من الصحة...,Validiere …,Validando...,Validation en cours...,वैलिडेट किया जा रहा है...,Memvalidasi...,Convalida in corso...,認証中...,유효성 검사 중...,Weryfikowanie...,Validando...,,กำลังตรวจสอบความถูกต้อง...,Doğrulanıyor...,Đang Xác Nhận...,,,正在驗證……
Studio.Toolbox.AssetConfig.AvatarAssetPrivacyValidationStatusUnknown,,,Unknown Error,Unknown Error,خطأ غير معروف,Unbekannter Fehler,Error desconocido,Erreur inconnue,अज्ञात गड़बड़ी हुई,Eror Tidak Diketahui,Errore sconosciuto,不明なエラーです,알 수 없는 오류,Nieznany błąd,Erro desconhecido,,ข้อผิดพลาดที่ไม่ทราบสาเหตุ,Bilinmeyen Hata,Lỗi Không Xác Định,,,未知錯誤
Studio.Toolbox.AssetConfig.AvatarAssetPrivacyValidationButtonTryAgain,,,Try Again,Try Again,إعادة المحاولة,Erneut versuchen,Intentar de nuevo,Réessayer,फिर से कोशिश करें,Coba Lagi,Riprova,やり直す,다시 시도,Spróbuj ponownie,Tentar novamente,,ลองอีกครั้ง,Tekrar dene,Thử Lại,,,再試一次
Studio.Toolbox.General.AssetPrivacy,,,Asset Privacy,Asset Privacy,خصوصية الأصول,Objekt-Datenschutz,Privacidad de recursos,Confidentialité des contenus,ऐसेट की प्राइवेसी,Privasi Aset,Privacy risorse,アセットプライバシー,애셋 개인정보,Prywatność zasobów,Privacidade de ativos,,ความเป็นส่วนตัวของทรัพยากร,Varlık Gizliliği,Bảo Mật Tài Sản,,,素材隱私狀態
Studio.Toolbox.AssetConfigPackagePermissions.CollaboratorSearchPlaceholderText,,,Search for a collaborator,Search for a collaborator,البحث عن متعاون,Einen Mitwirkenden suchen,Buscar colaborador,Rechercher un collaborateur,किसी कोलैबरेटर के लिए सर्च करें,Cari kolaborator,Cerca un collaboratore,共同制作者をサーチ,공동 작업자 검색,Wyszukaj współtwórcę,Pesquisar por um colaborador,,ค้นหาผู้ร่วมงาน,Ortak çalışan ara,Tìm kiếm người hợp tác,,,搜尋協作者
Studio.Toolbox.Common.Retry,,,Retry,Retry,إعادة المحاولة,Erneut versuchen,Reintentar,Réessayer,फिर से कोशिश करें,Coba Lagi,Riprova,やり直す,재시도,Spróbuj ponownie,Tentar novamente,,ลองอีกครั้ง,Tekrar dene,Thử lại,,,重試
Studio.Toolbox.General.GenericError,,,An unexpected error occurred,An unexpected error occurred,حدث خطأ غير متوقع,Es ist ein unerwarteter Fehler aufgetreten,Se produjo un error inesperado,Une erreur inattendue est survenue,अचानक कोई गड़बड़ी हुई,Terjadi eror tidak terduga,Si è verificato un errore imprevisto,予期しないエラーが発生しました,예기치 못한 오류 발생,Wystąpił nieoczekiwany błąd,Ocorreu um erro inesperado,,เกิดข้อผิดพลาดที่ไม่คาดคิด,Beklenmedik bir hata oluştu,Đã xảy ra lỗi không mong muốn,,,發生意外錯誤
Studio.Toolbox.AssetConfig.AvatarItemDialogAcceptPrivacy,,,Make Open Use,Make Open Use,الإتاحة للاستخدام العام,Zur freien Benutzung zur Verfügung stellen,Convertir en uso abierto,Faire un usage ouvert,'ओपन यूज़' पर सेट करें,Jadikan Terbuka,Configura per l'uso libero,使用を開放する,공개 사용으로 설정,Ustaw otwarte użytkowanie,Tornar uso aberto,,เลือกเป็นการใช้งานแบบเปิด,Kullanıma Açık Yap,Đặt Ở Chế Độ Sử Dụng Rộng Rãi,,,設為開放使用
Studio.Toolbox.AssetConfig.AvatarItemDialogAcceptError,,,Try Again,Try Again,إعادة المحاولة,Erneut versuchen,Intentar de nuevo,Réessayer,फिर से कोशिश करें,Coba Lagi,Riprova,やり直す,다시 시도하세요,Spróbuj ponownie,Tentar novamente,,ลองอีกครั้ง,Tekrar Dene,Thử Lại,,,再試一次
Studio.Toolbox.AssetConfig.AvatarItemDialogDescriptionPrivacy,,,"Cannot publish new versions with restricted assets.
Make assets open use or remove them.

No Robux will be deducted for these changes.","Cannot publish new versions with restricted assets.
Make assets open use or remove them.

No Robux will be deducted for these changes.","لا يمكن نشر إصدارات جديدة بأصول مقيدة.
اجعل الأصول متاحة للاستخدام العام أو قم بإزالتها.

لن يتم خصم أي عملات Robux مقابل إجراء هذه التغييرات.","Es kann keine neue Version mit eingeschränkten Objekten veröffentlicht werden.
Stelle Objekte zur freien Benutzung zur Verfügung oder entferne sie.

Für diese Änderungen werden keine Robux abgezogen.","No se pueden publicar nuevas versiones con recursos restringidos.
Convertirlos en uso abierto o eliminarlos.

No se descontarán Robux por estos cambios.","Impossible de publier de nouvelles versions avec des contenus restreints.
Faire des contenus ouverts ou les supprimer.

Aucun Robux ne sera déduit pour ces modifications.","प्रतिबंधित ऐसेट्स वाले नए वर्ज़न पब्लिश नहीं हो सकते.
ऐसेट्स को 'ओपन यूज़' पर सेट करें या हटाएँ.

इन बदलावों के लिए, कोई Robux चार्ज नहीं किया जाएगा.","Tidak dapat memublikasikan versi baru dengan aset terbatas.
Buat aset menjadi terbuka atau hapus aset.

Robux tidak akan dipotong untuk perubahan ini.","Impossibile pubblicare nuove versioni che utilizzano risorse con restrizioni.
Configurale per l'uso libero o rimuovile.

Queste modifiche non costeranno Robux.","使用禁止アセットが含まれる新しいバージョンを公開できません。
アセットの使用を開放（オープンユースに）するか削除してください。

この変更によってRobuxが減ることはありません。","제한된 애셋이 포함되어 새로운 버전을 게시할 수 없습니다.
애셋을 공개 사용으로 변경하거나 제거하세요.

해당 변경으로 Robux가 차감되지 않습니다.","Nie można publikować nowych wersji z zasobami z ograniczeniami.
Ustaw dla tych zasobów otwarte użytkowanie lub usuń je.

Wprowadzenie tych zmian nie spowoduje pobrania żadnych Robuxów.","Não é possível publicar novas versões com ativos restritos.
Torne os ativos uso aberto ou os remova.

Nenhum Robux foi deduzido por causa dessas mudanças.",,"ไม่สามารถเผยแพร่เวอร์ชันใหม่ที่มีทรัพยากรที่ถูกจำกัดได้
เลือกให้ทรัพยากรเป็นการใช้งานแบบเปิดหรือลบออก

จะไม่มีการหัก Robux สำหรับการเปลี่ยนแปลงเหล่านี้","Yeni sürümler, kısıtlı varlık içerdiğinden yayınlanamıyor.
Varlıkları kullanıma açık hâle getir veya kaldır.

Bu değişiklikler için hesabından Robux tahsil edilmeyecek.","Không thể phát hành các phiên bản mới có tài sản bị hạn chế.
Đặt tài sản ở chế độ sử dụng rộng rãi hoặc xóa bỏ tài sản.

Robux sẽ không bị trừ vì những thay đổi này.",,,"無法發佈有限制素材的新版本。
將素材設為開放使用或將其移除。

這些變更將不會扣除 Robux。"
Studio.Toolbox.AssetConfig.AvatarItemDialogDescriptionError,,,Unexpected error. Please try again.,Unexpected error. Please try again.,خطأ غير متوقع. يُرجى المحاولة مرة أخرى.,Unerwarteter Fehler. Bitte versuche es erneut.,Error inesperado. Inténtelo de nuevo.,Une erreur est survenue. Veuillez réessayer.,अचानक कोई गड़बड़ी हुई. फिर से कोशिश करें.,Terjadi eror tidak terduga. Coba lagi.,Errore imprevisto. Riprova.,予期しないエラーが発生しました。やり直してください。,예기치 못한 오류가 발생했어요. 나중에 다시 시도하세요.,Nieoczekiwany błąd. Spróbuj ponownie.,"Erro inesperado. Por favor, tente novamente.",,เกิดข้อผิดพลาดที่ไม่ทราบสาเหตุ โปรดลองอีกครั้ง,Beklenmeyen hata. Lütfen tekrar dene.,Lỗi không mong muốn. Vui lòng thử lại.,,,未預期的錯誤，請稍後再試。
Studio.Toolbox.AssetConfig.AvatarItemDialogHeadingPrivacy,,,Contains Restricted Assets,Contains Restricted Assets,يحتوي على أصول مقيدة,Enthält eingeschränkte Objekte,Contiene recursos restringidos,Contient des contenus restreints,इसमें प्रतिबंधित ऐसेट्स हैं,Berisi Aset Terbatas,Contiene risorse con restrizioni,使用禁止アセットが含まれています,제한된 애셋 포함,Zawiera zasoby z ograniczeniami,Contém ativos restritos,,มีทรัพยากรที่ถูกจำกัด,Kısıtlı Varlık İçerir,Chứa Tài Sản Bị Hạn Chế,,,含有受限素材
Studio.Toolbox.AssetConfig.AvatarItemDialogHeadingError,,,Something Went Wrong,Something Went Wrong,حدث خطأ ما,Etwas ist schiefgelaufen,Algo salió mal,Un problème est survenu,कोई गड़बड़ी हुई,Terjadi Masalah,Qualcosa è andato storto,問題が発生しました,오류가 발생했어요,Coś poszło nie tak,Algo deu errado,,มีปัญหาบางอย่างเกิดขึ้น,Bir Şeyler Yanlış Gitti,Đã Xảy Ra Sự Cố,,,發生錯誤
Studio.Toolbox.General.AssetTypeEmoteAnimation,,,Emote,Emote,Emote,Emote,Emote,Émote,Emote,Emote,Emoticon,リアクション,감정 표현,Emotka,Emote,,ท่าทาง,İfade,Biểu Cảm,表情动作,表情动作,動作
Studio.Toolbox.AssetConfig.EmoteAnimationWarning,,,"Once an animation asset is uploaded as an emote, a new version can no longer be created.","Once an animation asset is uploaded as an emote, a new version can no longer be created.",بمجرد رفع أصل الحركة كعواطف emote، لن يكون ممكنًا إنشاء إصدار جديد بعد الآن.,"Sobald ein Animationsobjekt als Emote hochgeladen wurde, kann keine neue Version mehr erstellt werden.","Una vez que un recurso de animación se carga como un emote, ya no se puede crear una nueva versión.","Une fois qu'un contenu d'animation est téléchargé en tant qu'emote, il n'est plus possible d'en créer une nouvelle version.","एक बार ऐनिमेशन ऐसेट को emote के रूप में अपलोड करने के बाद, नया वर्ज़न नहीं बनाया जा सकता.","Setelah aset animasi di-upload sebagai emote, versi baru tidak dapat lagi dibuat.","Una volta che una risorsa animazione viene caricata come emote, non è più possibile creare una nuova versione.",,애니메이션 애셋이 감정 표현으로 업로드되면 더 이상 새로운 버전을 만들 수 없습니다.,Po przesłaniu zasobu animacji jako emotki nie można już utworzyć nowej wersji.,"Uma vez que um ativo de animação é carregado como um emote, uma nova versão não poderá mais ser criada.",,เมื่ออัปโหลดทรัพยากรแอนิเมชันเป็นท่าทางแล้ว จะสร้างเวอร์ชันใหม่ไม่ได้อีก,Bir animasyon varlığı ifade olarak yüklendikten sonra artık yeni bir sürüm oluşturulamaz.,"Khi tài sản hiệu ứng đã được tải lên dưới dạng biểu cảm, bạn sẽ không thể tạo phiên bản mới được nữa.",,,動畫素材上傳為動作後，就無法再建立新版本。
Studio.Toolbox.General.CategoryCreationsEmoteAnimations,,,Emote Animations,Emote Animations,حركات Emote,Emote-Animationen,Animaciones emotes,Animations d'emotes,Emote ऐनिमेशंस,Animasi Emote,Animazioni emote,リアクションアニメーション,감정 표현 애니메이션,Animacje emotek,Animações de emote,,แอนิเมชันท่าทาง,İfade Animasyonları,Hiệu ứng biểu cảm,,,動作動畫
Studio.Toolbox.General.CategoryCreationsGroupEmoteAnimations,,,Group Emote Animations,Group Emote Animations,تجميع حركات Emote,Gruppen-Emote-Animationen,Animaciones de emotes del grupo,Animations d'emotes de groupe,ग्रुप Emote ऐनिमेशंस,Animasi Emote Grup,Animazioni emote di gruppo,グループのリアクションアニメーション,그룹 감정 표현 애니메이션,Grupowe animacje emotek,Animações de emote de grupo,,แอนิเมชันท่าทางสำหรับกลุ่ม,Grup İfade Animasyonları,Hiệu ứng biểu cảm nhóm,,,群組動作動畫
Studio.Toolbox.Announcement.FallbackHeader,,,Unsupported version of Toolbox,Unsupported version of Toolbox,إصدار غير مدعوم لصندوق الأدوات,Nicht unterstützte Version der Toolbox,Versión no compatible de Caja de herramientas,Version non prise en charge de Toolbox,टूलबॉक्स का ऐसा वर्ज़न जो अब काम नहीं करता,Versi Toolbox yang tidak didukung,Versione non supportata di Toolbox,未対応バージョンの Toolbox,지원되지 않는 도구 상자 버전,Nieobsługiwana wersja Toolboxa,Versão não suportada da caixa de ferramentas,,ไม่รองรับกล่องเครื่องมือเวอร์ชันนี้,Desteklenmeyen Toolbox sürümü,Phiên bản Toolbox không được hỗ trợ,,,不支援的工具箱版本
Studio.Toolbox.Announcement.FallbackDescription,,,You’re using a version of Toolbox that is no longer supported. Please follow the instructions below to upgrade Toolbox to the latest version.,You’re using a version of Toolbox that is no longer supported. Please follow the instructions below to upgrade Toolbox to the latest version.,أنت تستخدم إصدارًا من صندوق الأدوات لم يعد مدعومًا. يُرجى اتباع التعليمات أدناه لترقية صندوق الأدوات إلى أحدث إصدار.,"Du verwendest eine Version der Toolbox, die nicht mehr unterstützt wird. Bitte folge den Anweisungen unten, um die Toolbox auf die neueste Version zu aktualisieren.",Estás usando una versión de Caja de herramientas que ya no es compatible. Sigue las instrucciones de abajo para actualizarla a la última versión.,Tu utilises une version de Toolbox qui n'est plus prise en charge. Suivre les instructions ci-dessous pour mettre à jour Toolbox vers la dernière version.,"टूलबॉक्स के ऐसे वर्ज़न का इस्तेमाल किया जा रहा है, जो अब काम नहीं करता. टूलबॉक्स को लेटेस्ट वर्ज़न में अपग्रेड करने के लिए, नीचे दिए गए निर्देशों का पालन करें.",Kamu menggunakan versi Toolbox yang tidak lagi didukung. Ikuti petunjuk di bawah ini untuk meng-upgrade Toolbox ke versi terbaru.,Stai utilizzando una versione di Toolbox che non è più supportata. Segui le istruzioni riportate di seguito per aggiornare Toolbox alla versione più recente.,,더 이상 지원되지 않는 도구 상자 버전을 이용 중입니다. 아래 안내를 따라 도구 상자를 최신 버전으로 업그레이드해 주세요.,"Używasz wersji Toolboxa, która nie jest już obsługiwana. Postępuj zgodnie z poniższymi instrukcjami, aby zaktualizować Toolboxa do najnowszej wersji.","Você está usando uma versão da caixa de ferramentas que não é mais suportada. Por favor, siga as instruções abaixo para atualizar a caixa de ferramentas para a versão mais recente.",,คุณกำลังใช้กล่องเครื่องมือเวอร์ชันที่ไม่ได้รับการรองรับอีกต่อไป โปรดทำตามคำแนะนำด้านล่างเพื่ออัปเกรดกล่องเครื่องมือเป็นเวอร์ชันล่าสุด,Artık desteklenmeyen bir Toolbox sürümü kullanıyorsun. Toolbox'ı en son sürüme yükseltmek için lütfen aşağıdaki talimatları takip et.,Phiên bản Toolbox bạn đang dùng không còn được hỗ trợ nữa. Vui lòng làm theo hướng dẫn bên dưới để nâng cấp Toolbox lên phiên bản mới nhất.,,,您正在使用的工具箱版本已不受支援，請按照以下說明將工具箱升級至最新版本。
Studio.Toolbox.Announcement.FallbackLink,,,FAQ,FAQ,الأسئلة الشائعة,FAQ,Preguntas frecuentes,FAQ,FAQ,Pertanyaan Umum,FAQ,よくあるご質問,자주 묻는 질문,Często zadawane pytania,Perguntas frequentes,,คำถามที่พบบ่อย,SSS,Câu hỏi thường gặp,,,常見問題
Studio.Toolbox.AssetConfigPackagePermissions.OnlyConnectionsAndGroups,,,You can only give access permissions to your connections and groups,You can only give access permissions to your connections and groups,,Du kannst nur deinen Connections und Gruppen Zugriffsrechte erteilen,Solo puedes dar permisos de acceso a tus conexiones y grupos,Tu ne peux donner des autorisations d'accès qu'à tes connexions et groupes,सिर्फ़ अपने कनेक्शंस और ग्रुप्स को ही ऐक्सेस दिया जा सकता है,Kamu hanya bisa memberikan izin akses ke koneksi dan grupmu,Puoi concedere i permessi d'accesso solo ai tuoi contatti e gruppi,,,Możesz przyznać uprawnienia dostępu tylko swoim znajomym i grupom,Você só pode dar permissões de acesso às suas conexões e grupos,,คุณสามารถให้สิทธิ์การเข้าถึงแก่คนรู้จักและกลุ่มของคุณเท่านั้น,Yalnızca etkileşim ağına ve gruplarına erişim izni verebilirsin,Bạn chỉ được phép cấp quyền truy cập cho Người quen và nhóm của bạn,,,
Studio.Toolbox.AssetConfigPackagePermissions.GiveAccessConnectionsSubtext,,,Give your connections and groups access to this asset.,Give your connections and groups access to this asset.,,Erteile deinen Connections und Gruppen Zugriff auf dieses Objekt.,Da acceso a este recurso a conexiones y grupos.,Donne à tes connexions et à tes groupes l'accès à ce contenu.,अपने कनेक्शंस और ग्रुप्स को इस ऐसेट का ऐक्सेस दें.,Beri koneksi dan grupmu akses ke aset ini.,Consenti ai tuoi contatti e gruppi di accedere a questa risorsa.,つながりとグループに、このアセットへのアクセス権限を与えましょう。,,Przyznaj dostęp do tego zasobu swoim znajomym i grupom.,Dê acesso a este ativo para suas conexões e grupos.,,ให้สิทธิ์การเข้าถึงแอสเซทนี้แก่คนรู้จักและกลุ่มของคุณ,Etkileşim ağına ve gruplarına bu varlığa erişim izni ver.,Hãy cấp quyền truy cập tài sản này cho Người quen và nhóm của bạn.,,,
