Key,Context,Example,Source,en-us,ar-001,de-de,es-es,fr-fr,hi-in,id-id,it-it,ja-jp,ko-kr,pl-pl,pt-br,ru-ru,th-th,tr-tr,vi-vn,zh-cjv,zh-cn,zh-tw
Studio.ActivityFeed.Plugin.Name,,,Activity History,Activity History,سجل الأحداث,Aktivitätsverlauf,Historial de actividad,Historique d'activité,ऐक्टिविटी हिस्ट्री,Histori Aktivitas,Cronologia attività,アクティビティ履歴,활동 기록,Historia aktywności,Histórico de atividade,,ประวัติกิจกรรม,Etkinlik Geçmişi,Lịch Sử Hoạt Động,ActivityFeed,ActivityFeed,活動歷史紀錄
Studio.ActivityFeed.Plugin.Button,,,Toggle,Toggle,تبديل,Umschalten,Alternar,Activer/désactiver,टॉगल करें,Nyalakan/matikan,Attiva/disattiva,切りかえ,전환,Przełącz,Alternar,,เปิด/ปิด,Aç/Kapa,Bật/Tắt,切换,切换,切換
Studio.ActivityFeed.Plugin.Description,,,Toggles the Template plugin window.,Toggles the Template plugin window.,يبدِّل نافذة المكون الإضافي للقالب.,Schaltet das Vorlagen-Plugin-Fenster um.,Alterna la ventana del plugin Plantilla.,Active/désactive la fenêtre du plugin Modèle.,टेम्पलेट प्लग-इन विंडो टॉगल करें.,Menyalakan/mematikan jendela plugin Templat.,Attiva/disattiva la finestra del plugin Modello.,テンプレートのプラグインウィンドウを切りかえ。,템플릿 플러그인 창을 전환합니다.,Włącza/wyłącza okno dodatku plug-in z szablonami.,Alterna a janela do plugin de modelos.,,เปิด/ปิดหน้าต่างปลั๊กอินเทมเพลต,Taslak eklenti penceresini açıp kapatır.,Bật/tắt cửa sổ plugin Mẫu.,切换模板插件窗口。,切换模板插件窗口。,切換範本外掛程式視窗。
Studio.ActivityFeed.Bubble.Unknown,,,unknown,unknown,غير معروف,unbekannt,desconocido,non-connu,अज्ञात,tidak dikenal,sconosciuto,不明,알 수 없음,brak danych,desconhecido,,ไม่ทราบ,bilinmeyen,không xác định,未知,未知,未知
Studio.ActivityFeed.FilterMenu.FilterForExperience,,,Experience,Experience,التجربة,Experience,Experiencia,Expérience,एक्सपीरिएंस,Pengalaman Virtual,Esperienza,バーチャル空間,체험,Projekt,Experiência,,ประสบการณ์,Deneyim,Kinh nghiệm,体验,体验,體驗
Studio.ActivityFeed.Description.ActionLaunched,,,launched,launched,تم إطلاقه,gestartet,lanzado(a),lancé.e.s,लॉन्च किया गया,diluncurkan,lanciato,配信済み,출시,uruchomiono,lançado,,เปิดแล้ว,başlatıldı,đã ra mắt,已启动,已启动,推出
Studio.ActivityFeed.Description.ActionAdded,,,added,added,تمت الإضافة,hinzugefügt,añadido(a),ajouté.e.s,जोड़ा गया,ditambahkan,aggiunto,追加しました,추가,dodano,adicionado,,เพิ่มแล้ว,eklendi,đã thêm,已添加,已添加,新增
Studio.ActivityFeed.Description.RestoredExperience,,,Experience was restored,Experience was restored,تمت استعادة التجربة,Experience wurde wiederhergestellt,La experiencia se restauró,L'expérience a été restaurée,एक्सपीरिएंस रीस्टोर कर दिया गया,Pengalaman virtual dipulihkan,L'esperienza è stata ripristinata,バーチャル空間が復元されました,체험이 복원되었습니다,Projekt został przywrócony,A experiência foi restaurada,,กู้คืนประสบการณ์แล้ว,Deneyim geri yüklendi,Kinh nghiệm đã được khôi phục,体验已还原,体验已还原,體驗還原
Studio.ActivityFeed.Description.ExperienceDescription,,,Experience description was updated,Experience description was updated,تم تحديث وصف التجربة,Experience-Beschreibung wurde aktualisiert,Se actualizó la descripción de la experiencia,La description de l'expérience a été mise à jour,एक्सपीरिएंस का विवरण अपडेट किया गया,Deskripsi pengalaman virtual telah di-update,La descrizione dell'esperienza è stata aggiornata,バーチャル空間の詳細が更新されました,체험 설명이 업데이트되었습니다,Zaktualizowano opis projektu,A descrição da experiência foi atualizada,,อัปเดตคำอธิบายประสบการณ์แล้ว,Deneyim açıklaması güncellendi,Mô tả Trải Nghiệm đã được cập nhật,已更新描述,已更新描述,體驗說明更新
Studio.ActivityFeed.Description.SecuritySettingsThirdPartySales,,,Security Setting (Third Party Sales) was {action},Security Setting (Third Party Sales) was {action},إعداد الأمان (مبيعات الجهات الخارجية) كان {action},Sicherheitseinstellung (Verkäufe von Drittanbietern) wurde {action},La configuración de seguridad (ventas de terceros) se {action},Le paramètre de sécurité (Ventes à des tiers) était {action},सुरक्षा सेटिंग (थर्ड पार्टी सेल्स) {action} थी,Pengaturan Keamanan (Penjualan Pihak Ketiga) adalah {action},L'impostazione di sicurezza (Vendite di terze parti) era {action},セキュリティ設定（第三者の販売）が {action},보안 설정(제삼자 판매)이 {action}되었습니다,Ustawienie zabezpieczeń (sprzedaż produktów stron trzecich): {action},A configuração de segurança (vendas de terceiros) foi {action},,{action}การตั้งค่าความปลอดภัย (การขายของบุคคลที่สาม) แล้ว,Güvenlik ayarı (Üçüncü Taraf Satışlar) {action},Cài Đặt Bảo Mật (Bán hàng của bên thứ ba) đã {action},安全设置（第三方销售）{action},安全设置（第三方销售）{action},安全性設定 (第三方銷售) {action}
Studio.ActivityFeed.Description.TranslationIconDeleted,,,Icon {iconName} in {language} was removed,Icon {iconName} in {language} was removed,تمت إزالة الأيقونة {iconName} باللغة {language},Symbol {iconName} auf {language} wurde entfernt,Se eliminó el ícono {iconName} en {language},L'icône {iconName} en {language} a été supprimée,आइकॉन {iconName} को {language} में हटाया गया,Ikon {iconName} dalam bahasa {language} dihapus,L'icona {iconName} in {language} è stata rimossa,{language} のアイコン ({iconName}) が削除されました,{language} {iconName} 아이콘이 삭제되었습니다,Usunięto ikonę {iconName} w następującym języku: {language},O ícone ({iconName}) em {language} foi removido,,ลบไอคอน {iconName} ของภาษา{language}แล้ว,{language} dilindeki {iconName} simgesi kaldırıldı,Biểu Tượng {iconName} bằng {language} đã bị loại bỏ,已移除{language}标志{iconName},已移除{language}标志{iconName},移除{language}的圖示 {iconName}
Studio.ActivityFeed.Description.TranslationExperienceDescription,,,Experience description was translated in {language},Experience description was translated in {language},تمت ترجمة وصف التجربة إلى {language},Experience-Beschreibung wurde auf {language} übersetzt,La descripción de la experiencia se tradujo al {language},La description de l'expérience a été traduite en {language},एक्सपीरिएंस विवरण का {language} में अनुवाद किया गया,Deskripsi pengalaman virtual diterjemahkan dalam bahasa {language},La descrizione dell'esperienza è stata tradotta in {language},バーチャル空間の詳細が {language} に翻訳されました,체험 설명이 {language}(으)로 번역되었습니다,Opis projektu został przetłumaczony w następującym języku: {language},A descrição da experiência foi traduzida em {language},,แปลคำอธิบายประสบการณ์เป็นภาษา{language}แล้ว,Deneyim açıklaması {language} diline çevrildi,Mô tả Kinh Nghiệm đã được dịch sang {language},体验描述已翻译为{language},体验描述已翻译为{language},體驗說明翻譯成{language}
Studio.ActivityFeed.Description.TranslationDeveloperProductDescription,,,Developer Product {productName}'s description was translated in {language},Developer Product {productName}'s description was translated in {language},تمت ترجمة وصف منتج المطوّر {productName} إلى {language},Beschreibung von Entwicklerprodukt {productName} wurde auf {language} übersetzt,La descripción del producto de desarrollo {productName} se tradujo al {language},La description du produit développeur {productName} a été traduite en {language},डेवलपर प्रॉडक्ट {productName} का विवरण {language} में अनुवाद किया गया,Deskripsi Produk Developer {productName} diterjemahkan dalam bahasa {language},La descrizione di Developer Product {productName} è stata tradotta in {language},開発者製品 ({productName}) の詳細が {language} に翻訳されました,개발자 상품 {productName}의 설명이 {language}(으)로 번역되었습니다,Opis produktu deweloperskiego {productName} został przetłumaczony w następującym języku: {language},A descrição do produto do desenvolvedor ({productName}) foi traduzida em {language},,แปลคำอธิบายของผลิตภัณฑ์ผู้พัฒนา {productName} เป็นภาษา{language}แล้ว,{productName} geliştirici ürününün açıklaması {language} diline çevrildi,Mô tả Sản Phẩm Của Nhà Phát Triển {productName} đã được dịch sang {language},开发者产品{productName}描述已翻译为{language},开发者产品{productName}描述已翻译为{language},開發者產品 {productName} 的說明翻譯成{language}
Studio.ActivityFeed.Description.MonetizationSettingsRobuxPrice,,,Price for paid access was changed to {price} Robux,Price for paid access was changed to {price} Robux,تم تغيير سعر الاستخدام مقابل الدفع إلى {price} Robux,Der Preis für den kostenpflichtigen Zugang wurde zu {price} Robux geändert,El precio del acceso de pago se cambió a {price} Robux,Le prix de l'accès payant a été ramené à {price} Robux,पेड ऐक्सेस की कीमत को {price} Robux में बदल दिया गया है,Harga untuk akses berbayar telah diubah menjadi {price} Robux,Il prezzo per l'accesso a pagamento è stato modificato in {price} Robux,有料アクセスの価格が {price} Robuxに変更されました,유료 액세스 가격이 {price} Robux로 변경되었습니다,Cena płatnego dostępu w Robuxach została zmieniona na {price},O preço do acesso pago foi alterado para {price} Robux,,ราคาของการเข้าถึงที่มีค่าใช้จ่ายได้เปลี่ยนเป็น {price} Robux แล้ว,Ücretli erişim fiyatı {price} Robux olarak değiştirildi,Giá cho quyền truy cập trả phí đã được thay đổi thành {price} Robux,Robux 价格已更改为{price},Robux 价格已更改为{price},付費存取權的定價變更為 {price} Robux
Studio.ActivityFeed.Description.GamePassDescription,,,Game Pass description was updated,Game Pass description was updated,تم تحديث وصف باس اللعبة,Spielpassbeschreibung wurde aktualisiert,Se actualizó la descripción del pase del juego,La description du passe de jeu a été mise à jour,गेम पास का विवरण अपडेट किया गया,Deskripsi Game Pass di-update,La descrizione del pass di gioco è stata aggiornata,ゲームパスの詳細が更新されました,게임 패스 설명이 업데이트되었습니다,Zaktualizowano opis przepustki,A descrição do passe de jogo foi atualizada,,อัปเดตคำอธิบายบัตรผ่านในเกมแล้ว,Oyun bileti açıklaması güncellendi,Mô tả Thẻ Trò Chơi đã được cập nhật,已更新游戏通行证描述,已更新游戏通行证描述,遊戲特權證說明更新
Studio.ActivityFeed.Description.PlaceDownloadPermission,,,Download as a copy was {action},Download as a copy was {action},التنزيل كنسخة كان {action},Herunterladen als Kopie wurde {action},Se {action} la descarga como una copia,Télécharger en tant que copie était {action},"कॉपी के तौर पर डाउनलोड करें, {action} था",Download sebagai salinan {action},Il download come copia era {action},コピーとしてダウンロードが {action},사본으로 다운로드가 {action}되었습니다,Pobierz jako kopię: {action},O download como cópia foi {action},,{action}การดาวน์โหลดเป็นสำเนาแล้ว,Kopyasını indirme {action},Tải xuống dưới dạng bản sao đã {action},下载为副本{action},下载为副本{action},下載複本功能{action}
Studio.ActivityFeed.EnableTeamCreate.SaveText,,,Save your experience to track changes,Save your experience to track changes,احفظ تجربتك لتتبع التغييرات,"Speichere deine Experience, um Änderungen zu verfolgen",Guarda tu experiencia para rastrear cambios,Enregistrer ton expérience pour suivre les changements,"बदलाव ट्रैक करने के लिए, अपना एक्सपीरियंस सेव करें",Simpan pengalaman virtualmu untuk memantau perubahan,Salva la tua esperienza per tenere traccia delle modifiche,バーチャル空間を保存して変更内容を追跡しましょう,변경 사항을 기록하려면 체험을 저장하세요,"Zapisz projekt, aby śledzić zmiany",Salve sua experiência para acompanhar as alterações,,บันทึกประสบการณ์ของคุณเพื่อติดตามการเปลี่ยนแปลง,Değişiklikleri izleyebilmek için deneyimini kaydet,Lưu trải nghiệm của bạn để theo dõi các thay đổi,保存后即可开始使用活动历史记录。,保存后即可开始使用活动历史记录。,儲存您的體驗以追蹤變更
Studio.ActivityFeed.FilterMenu.FilterFor7days,,,7 Days,7 Days,7 أيام,7 Tage,7 días,7 jours,7 दिन,7 Hari,7 giorni,7日,7일,7 dni,7 dias,,7 วัน,7 Gün,7 Ngày,7 天前,7 天前,7 天
Studio.ActivityFeed.Action.Clear,,,clear,clear,مسح,löschen,borrar,effacer,डिलीट करें,hapus,cancella,消す,지우기,wyczyść,limpar,,เคลียร์,temizle,dọn sạch,清除,清除,清除
Studio.ActivityFeed.Description.ActionDiscontinued,,,discontinued,discontinued,متوقف,nicht fortgesetzt,descontinuado(a),interrompu.e.s,बंद किया गया,dihentikan,sospeso,廃止されました,중단,wycofano,descontinuado(a),,หยุดแล้ว,sonlandırıldı,đã ngưng,已中止,已中止,中止
Studio.ActivityFeed.Description.WorldSettingsWalkSpeed,,,World Setting (Walk Speed) was changed to {walkSpeed},World Setting (Walk Speed) was changed to {walkSpeed},تم تغيير إعداد العالم (سرعة المشي) إلى {walkSpeed},Welteinstellung (Gehgeschwindigkeit) wurde zu {walkSpeed} geändert,La configuración del mundo (velocidad de caminata) se cambió a {walkSpeed},Le paramètre du monde (vitesse de marche) a été changé en {walkSpeed},वर्ल्ड सेटिंग (वॉक स्पीड) को {walkSpeed} में बदल दिया गया,Pengaturan Dunia (Kecepatan Jalan) diubah menjadi {walkSpeed},L'impostazione del mondo (Velocità camminata) è stata modificata in {walkSpeed},世界設定（歩行スピード）が {walkSpeed} に変更されました,월드 설정(걷기 속도)이 {walkSpeed}(으)로 변경되었습니다,Zmieniono ustawienie świata (szybkość chodzenia) na {walkSpeed},A configuração do mundo (velocidade de caminhada) foi alterada para {walkSpeed},,เปลี่ยนการตั้งค่าโลก (ความเร็วการเดิน) เป็น {walkSpeed} แล้ว,Dünya ayarı (Yürüme Hızı) {walkSpeed} olarak değiştirildi,Cài Đặt Thế Giới (Tốc Độ Di Chuyển) đã được đổi thành {walkSpeed},世界设置（行走速度）已更改为{walkSpeed},世界设置（行走速度）已更改为{walkSpeed},世界設定 (步行速度) 變更為 {walkSpeed}
Studio.ActivityFeed.Description.LocalizationSettingsUserTranslatedContent,,,Localization Setting (Translated Content) was {action},Localization Setting (Translated Content) was {action},إعداد التعريب (المحتوى المترجم) كان {action},Lokalisierungseinstellung (Übersetzter Inhalt) wurde {action},Se {action} la configuración de localización (contenido traducido),Le paramètre de localisation (contenu traduit) était {action},लोकलाइज़ेशन सेटिंग (ट्रांसलेट किया गया कॉन्टेंट) {action} था,Pengaturan Pelokalan (Terjemahan Konten) {action},L'impostazione di localizzazione (contenuto tradotto) era {action},多言語化設定（翻訳済みコンテンツ）が {action},로컬라이제이션 설정(번역된 콘텐츠)이 {action}되었습니다,Ustawienie lokalizacji (przetłumaczone treści): {action},A configuração de localização (conteúdo traduzido) foi {action},,{action}การตั้งค่าการแปล (เนื้อหาที่แปลแล้ว) แล้ว,Yerelleştirme ayarı (Çevrilmiş İçerik) {action},Cài Đặt Bản Địa Hóa (Nội Dung Đã Dịch) đã {action},本地化设置（译文）{action},本地化设置（译文）{action},在地化設定 (翻譯內容) {action}
Studio.ActivityFeed.Description.TranslationBadgeDescription,,,Badge {badgeName}'s description was translated in {language},Badge {badgeName}'s description was translated in {language},تمت ترجمة وصف وسام {badgeName} إلى {language},Beschreibung von Abzeichen {badgeName} wurde auf {language} übersetzt,La descripción de la insignia {badgeName} se tradujo al {language},La description du badge {badgeName} a été traduite en {language},बैज {badgeName} का विवरण {language} में अनुवाद किया गया,Deskripsi Lencana {badgeName} diterjemahkan dalam bahasa {language},La descrizione del badge {badgeName} è stata tradotta in {language},バッジ ({badgeName}) の詳細が {language} に翻訳されました,배지 {badgeName}의 설명이 {language}(으)로 번역되었습니다,Opis odznaki {badgeName} został przetłumaczony w następującym języku: {language},A descrição do emblema ({badgeName}) foi traduzida em {language},,แปลคำอธิบายของเหรียญตรา {badgeName} เป็นภาษา{language}แล้ว,{badgeName} rozetinin açıklaması {language} diline çevrildi,Mô tả Huy Hiệu {badgeName} đã được dịch sang {language},徽章{badgeName}描述已翻译为{language},徽章{badgeName}描述已翻译为{language},徽章 {badgeName} 的說明翻譯成{language}
Studio.ActivityFeed.Description.TranslationBadgeName,,,Badge {badgeName}'s name was translated in {language},Badge {badgeName}'s name was translated in {language},تمت ترجمة اسم وسام {badgeName} إلى {language} ,Name von Abzeichen {badgeName} wurde auf {language} übersetzt,El nombre de la insignia {badgeName} se tradujo al {language},Le nom du badge {badgeName} a été traduit en {language},बैज {badgeName} का विवरण {language} में अनुवाद किया गया,Nama Lencana {badgeName} diterjemahkan dalam bahasa {language},Il nome del badge {badgeName} è stato tradotto in {language},バッジ名 ({badgeName}) が {language} に翻訳されました,배지 {badgeName}의 이름이 {language}(으)로 번역되었습니다,Nazwa odznaki {badgeName} została przetłumaczona w następującym języku: {language},O nome do emblema ({badgeName}) foi traduzido em {language},,แปลชื่อของเหรียญตรา {badgeName} เป็นภาษา{language}แล้ว,{badgeName} rozetinin adı {language} diline çevrildi,Tên Huy Hiệu {badgeName} đã được dịch sang {language},徽章{badgeName}名称已翻译为{language},徽章{badgeName}名称已翻译为{language},徽章 {badgeName} 的名稱翻譯成{language}
Studio.ActivityFeed.Description.DeveloperProductDescription,,,Developer Product description was updated,Developer Product description was updated,تم تحديث وصف منتج المطوّر,Entwicklerproduktbeschreibung wurde aktualisiert,Se actualizó la descripción del producto de desarrollo,La description du produit développeur a été mise à jour,डेवलपर प्रॉडक्ट का विवरण अपडेट किया गया,Deskripsi Produk Developer di-update,La descrizione di Developer Product è stata aggiornata,開発者製品の詳細が更新されました,개발자 상품 설명이 업데이트되었습니다,Zaktualizowano opis produktu deweloperskiego,A descrição do produto do desenvolvedor foi atualizada,,อัปเดตคำอธิบายของผลิตภัณฑ์ผู้พัฒนาแล้ว,Geliştirici ürünü açıklaması güncellendi,Mô tả Sản Phẩm Của Nhà Phát Triển đã được cập nhật,已更新开发者产品描述,已更新开发者产品描述,開發者產品說明更新
Studio.ActivityFeed.Description.DeveloperProductCreate,,,Developer Product was created,Developer Product was created,تم إنشاء منتج المطوّر,Entwicklerprodukt wurde erstellt,Se creó el producto de desarrollo,Le produit développeur a été créé,डेवलपर प्रॉडक्ट बनाया गया,Produk Developer dibuat,Developer Product è stato creato,開発者製品が作成されました,개발자 상품이 제작되었습니다,Utworzono produkt deweloperski,O produto do desenvolvedor foi criado,,สร้างผลิตภัณฑ์ผู้พัฒนาแล้ว,Geliştirici ürünü oluşturuldu,Sản Phẩm Của Nhà Phát Triển đã được tạo,已创建开发者产品,已创建开发者产品,開發者產品建立
Studio.ActivityFeed.Description.PermissionsGroupChanged,,,"Permissions for ""{groupRole}"" role in group ""{groupName}"" were changed from {oldRole} to {newRole}","Permissions for ""{groupRole}"" role in group ""{groupName}"" were changed from {oldRole} to {newRole}","تم تغيير الأذونات لدور ""{groupRole}"" في المجموعة ""{groupName}"" من {oldRole} إلى {newRole}","Berechtigung für ""{groupRole}""-Rolle in ""{groupName}"" wurde von {oldRole} zu {newRole} geändert","Los permisos para el rol ""{groupRole}"" en {groupName} se cambiaron de {oldRole} a {newRole}","Les autorisations pour le rôle ""{groupRole}"" dans ""{groupName}"" ont été changées de {oldRole} à {newRole}",{groupName} ग्रुप में {groupRole} रोल की परमिशन को {oldRole} से {newRole} में बदल दिया गया है,"Izin untuk peran ""{groupRole}"" di grup ""{groupName}"" telah diubah dari {oldRole} menjadi {newRole}","Le autorizzazioni per il ruolo ""{groupRole}"" nel gruppo ""{groupName}"" sono state modificate da {oldRole} a {newRole}",「{groupName}」で 「{groupRole}」の権限が {oldRole} から {newRole} に変更されました,그룹 '{groupName}'의 '{groupRole}'(이)가 보유한 권한이 {oldRole}에서 {newRole}(으)로 변경되었습니다,Uprawnienia dla użytkownika pełniącego rolę „{groupRole}” w grupie „{groupName}” zostały zmienione z {oldRole} na {newRole},"As permissões para a função ""{groupRole}"" no grupo ""{groupName}"" foram alteradas de {oldRole} para {newRole}",,"สิทธิ์สำหรับบทบาท ""{groupRole}"" ในกลุ่ม ""{groupName}"" ได้เปลี่ยนจาก{oldRole}เป็น{newRole}แล้ว","""{groupName}"" grubundaki ""{groupRole}"" izinleri, {oldRole} rolünden {newRole} rolüne değiştirildi","Quyền cho vai trò ""{groupRole}"" trong nhóm ""{groupName}"" đã được thay đổi từ {oldRole} thành {newRole}",,,群組「{groupName}」角色「{groupRole}」的權限從{oldRole}變更為{newRole}
Studio.ActivityFeed.Description.PlaceGearGenresAllowAllGearGenres,,,Gear Genres were changed to ‘Allow all gear genres’,Gear Genres were changed to ‘Allow all gear genres’,"تم تغيير أنواع الأدوات إلى ""السماح بجميع أنواع الأدوات""","Ausrüstungsgenres wurden zu ""Alle Ausrüstungsgenres erlauben"" geändert","Los géneros de equipamiento se cambiaron a ""Permitir equipamiento de todos los géneros""","Les types d'équipements ont été changés en ""Autoriser tous les types d'équipements""",गियर कैटगरी को 'सभी गियर कैटगरी को अनुमति दें' में बदल दिया गया है,Genre Perlengkapan diubah menjadi 'Izinkan semua genre perlengkapan',"I generi di equipaggiamento sono stati modificati in ""Consenti tutti i generi di equipaggiamento""",ギアジャンルが [すべてのギアジャンルを許可] に変更されました,장비 장르가 ’모든 장비 장르 허용’으로 변경되었습니다,Zmieniono gatunki sprzętu na „Zezwalaj na wszystkie gatunki sprzętu”,"Os gêneros de equipamentos foram alterados para ""Permitir todos os gêneros de equipamentos""",,เปลี่ยนประเภทอุปกรณ์เป็น ‘อนุญาตอุปกรณ์ทุกประเภท’,"Teçhizat türleri ""Her türden teçhizata izin ver"" olarak değiştirildi","Thể Loại Thiết Bị đã được thay đổi thành ""Cho phép tất cả các thể loại thiết bị""",装备主题已更改为“允许所有装备主题”,装备主题已更改为“允许所有装备主题”,裝備類別變更為「允許所有裝備類別」
Studio.ActivityFeed.FilterMenu.FilterEvents,,,Filter Events,Filter Events,فلترة الأحداث,Events filtern,Filtrar eventos,Filtrer les événements,इवेंट फ़िल्टर करें,Filter Peristiwa,Filtra eventi,イベント並べ替え,이벤트 필터링,Filtruj zdarzenia,Filtrar eventos,,กรองอีเวนต์:,Olayları filtrele,Lọc Sự Kiện,筛选活动,筛选活动,篩選活動
Studio.ActivityFeed.Action.Filters,,,filters,filters,فلاتر,Filter,filtros,filtres,फ़िल्टर्स,filter,filtri,フィルタ,필터,filtry,filtros,,ตัวกรอง,filtreler,bộ lọc,过滤器,过滤器,篩選器
Studio.ActivityFeed.Action.SelectAll,,,select all,select all,تحديد الكل,alles auswählen,seleccionar todo,tout sélectionner,सभी को चुनें,pilih semua,seleziona tutto,すべて選択,모두 선택,zaznacz wszystko,selecionar tudo,,เลือกทั้งหมด,tümünü seç,chọn tất cả,全选,全选,選擇全部
Studio.ActivityFeed.Description.ExperienceGenre,,,Genre was changed to {genre},Genre was changed to {genre},تم تغيير نوع التجربة إلى {genre},Genre wurde zu {genre} geändert,El género se cambió a {genre},Le genre a été changé en {genre},कैटगरी को {genre} में बदल दिया गया है,Genre diubah menjadi {genre},Il genere è stato modificato in {genre},ジャンルが {genre} に変更されました,장르가 {genre}(으)로 변경되었습니다,Zmieniono gatunek na {genre},O gênero foi alterado para {genre},,เปลี่ยนประเภทเป็น{genre}แล้ว,Tür {genre} olarak değiştirildi,Thể loại đã được đổi thành {genre},主题已更改为{genre},主题已更改为{genre},類別變更為{genre}
Studio.ActivityFeed.Description.WorldSettingsMaxSlopeAngle,,,World Setting (Max Slope Angle) was changed to {maxSlopeAngle},World Setting (Max Slope Angle) was changed to {maxSlopeAngle},تم تغيير إعداد العالم (أقصى زاوية انحدار) إلى {maxSlopeAngle},Welteinstellung (Max. Neigungswinkel) wurde zu {maxSlopeAngle} geändert,La configuración del mundo (ángulo máximo de la pendiente) se cambió a {maxSlopeAngle},Le paramètre du monde (angle de pente maximal) a été changé en {maxSlopeAngle},वर्ल्ड सेटिंग (मैक्स स्लोप एंगल) को {maxSlopeAngle} में बदल दिया गया,Pengaturan Dunia (Sudut Kemiringan Maks) diubah menjadi {maxSlopeAngle},L'impostazione del mondo (Angolo di inclinazione massimo) è stata modificata in {maxSlopeAngle},世界設定（最大傾斜角度）が {maxSlopeAngle} に変更されました,월드 설정(최대 경사 각도)이 {maxSlopeAngle}(으)로 변경되었습니다,Zmieniono ustawienie świata (maks. kąt nachylenia) na {maxSlopeAngle},A configuração do mundo (ângulo máximo de inclinação) foi alterada para {maxSlopeAngle},,เปลี่ยนการตั้งค่าโลก (มุมลาดชันสูงสุด) เป็น {maxSlopeAngle} แล้ว,Dünya ayarı (Maksimum Eğim Açısı) {maxSlopeAngle} olarak değiştirildi,Cài Đặt Thế Giới (Góc nghiêng tối đa) đã được đổi thành {maxSlopeAngle},世界设置（最大斜坡角度）已更改为{maxSlopeAngle},世界设置（最大斜坡角度）已更改为{maxSlopeAngle},世界設定 (最大斜坡角度) 變更為 {maxSlopeAngle}
Studio.ActivityFeed.Description.TranslationExperienceName,,,Experience name was translated in {language},Experience name was translated in {language},تمت ترجمة اسم التجربة إلى {language},Experience-Name wurde auf {language} übersetzt,El nombre de la experiencia se tradujo al {language},Le titre de l'expérience a été traduit en {language},एक्सपीरिएंस नाम का {language} में अनुवाद किया गया,Nama pengalaman virtual diterjemahkan dalam bahasa {language},Il nome dell'esperienza è stato tradotto in {language},バーチャル空間名が {language} に翻訳されました,체험 이름이 {language}(으)로 번역되었습니다,Nazwa projektu została przetłumaczona w następującym języku: {language},O nome da experiência foi traduzido em {language},,แปลชื่อประสบการณ์เป็นภาษา{language}แล้ว,Deneyim adı {language} diline çevrildi,Tên Kinh Nghiệm đã được dịch sang {language},体验名称已翻译为{language},体验名称已翻译为{language},體驗名稱翻譯成{language}
Studio.ActivityFeed.Description.TranslationDeveloperProductIconAdded,,,Developer Product {productName}'s icon was translated in {language},Developer Product {productName}'s icon was translated in {language},تمت ترجمة أيقونة منتج المطوّر {productName} إلى {language},Symbol von Entwicklerprodukt {productName} wurde auf {language} übersetzt,El ícono del producto de desarrollo {productName} se tradujo al {language},L'icône du produit développeur {productName} a été traduite en {language},"डेवलपर प्रॉडक्ट {productName} का आइकॉन, {language} में अनुवाद किया गया था",Ikon Produk Developer {productName} diterjemahkan dalam bahasa {language},L'icona di Developer Product {productName} è stata tradotta in {language},開発者製品 ({productName}) のアイコンが {language} に翻訳されました,개발자 상품 {productName}의 아이콘이 {language}(으)로 번역되었습니다,Ikona produktu deweloperskiego {productName} została przetłumaczona w następującym języku: {language},O ícone do produto do desenvolvedor ({productName}) foi traduzido para {language},,แปลไอคอนของผลิตภัณฑ์ผู้พัฒนา {productName} เป็นภาษา{language}แล้ว,{productName} geliştirici ürününün simgesi {language} diline çevrildi,Biểu tượng Sản Phẩm Của Nhà Phát Triển {productName} đã được dịch sang {language},开发者产品{productName}标志已翻译为{language},开发者产品{productName}标志已翻译为{language},開發者產品 {productName} 的圖示翻譯成{language}
Studio.ActivityFeed.Description.GamePassPrice,,,set price to {price},set price to {price},تعيين السعر إلى {price},Preis festsetzen auf {price},establecer precio en {price},définir le prix à {price},कीमत {price} पर तय करें,atur harga ke {price},imposta il prezzo a {price},価格を {price} に設定,가격을 {price}(으)로 설정,ustal następującą cenę: {price},definir preço para {price},,ตั้งราคาเป็น {price} แล้ว,fiyatı {price} olarak ayarla,đặt giá thành {price},将价格设置为{price},将价格设置为{price},將定價設為 {price}
Studio.ActivityFeed.Description.PlaceIconAutoGenerated,,,Icon was changed to an auto generated image,Icon was changed to an auto generated image,تم تغيير الأيقونة إلى صورة تم إنشاؤها تلقائيًا,Symbol wurde zu einem automatisch generierten Bild geändert,El ícono se cambió a una imagen generada automáticamente,L'icône a été changée en une image générée automatiquement,आइकॉन को ऑटो-जनरेट की गई इमेज में बदल दिया गया है,Ikon diubah menjadi gambar yang dibuat otomatis,L'icona è stata modificata in un'immagine generata automaticamente,アイコンが自動生成された画像に変更されました,아이콘이 자동 생성 이미지로 변경되었습니다,Zmieniono ikonę na obraz wygenerowany automatycznie,O ícone foi alterado para uma imagem gerada automaticamente,,เปลี่ยนไอคอนเป็นภาพที่สร้างขึ้นโดยอัตโนมัติแล้ว,Simge otomatik oluşturulmuş bir görselle değiştirildi,Biểu tượng đã được thay đổi thành hình ảnh được tạo tự động,标志已更改为自动生成图像,标志已更改为自动生成图像,圖示變更為自動生成影像
Studio.ActivityFeed.Description.PlaceSocialSlotsDisabled,,,Social slots were disabled,Social slots were disabled,تم تعطيل Social slots,Social Slots wurden deaktiviert,Se desactivaronas las ranuras sociales,Les emplacements sociaux ont été désactivés,सोशल स्लॉट बंद कर दिए गए थे,Slot sosial dinonaktifkan,Gli spazi sociali sono stati disabilitati,SNSスロットが無効化されました,소셜 슬롯이 비활성화되었습니다,Wyłączono miejsca społecznościowe,Os espaços sociais foram desativados,,ปิดใช้งานช่องโซเชียลแล้ว,Sosyal yerler devre dışı,Các vị trí xã hội đã bị tắt,社交栏位已停用,社交栏位已停用,社交欄位停用
Studio.ActivityFeed.Description.PlaceRemoved,,,"Place ""{placeName}"" was removed from the experience","Place ""{placeName}"" was removed from the experience","تمت إزالة المكان ""{placeName}"" من التجربة","Ort ""{placeName}"" wurde von der Experience entfernt","El lugar ""{placeName}"" se eliminó de la experiencia","Le lieu ""{placeName}"" a été retiré de l'expérience","प्लेस ""{placeName}"" को एक्सपीरिएंस से हटा दिया गया है","Tempat ""{placeName}"" telah dihapus dari pengalaman virtual","Il posto ""{placeName}"" è stato rimosso dall'esperienza",プレース、「{placeName}」がバーチャル空間から削除されました,'{placeName}' 플레이스가 체험에서 삭제되었습니다,Usunięto miejsce „{placeName}” z projektu,"O local ""{placeName}"" foi removido da experiência",,"ลบสถานที่ ""{placeName}"" ออกจากประสบการณ์แล้ว","""{placeName}"" mekânı, deneyimden kaldırıldı","Địa điểm ""{placeName}"" đã được xóa khỏi trải nghiệm",已将{placeName}移除出作品,已将{placeName}移除出作品,地點「{placeName}」從體驗中移除
Studio.ActivityFeed.EnableTeamCreate.SaveToRobloxButtonText,,,Save to Roblox,Save to Roblox,حفظ في Roblox,Auf Roblox speichern,Guardar en Roblox,Sauvegarder sur Roblox,Roblox पर सेव करें,Simpan ke Roblox,Salva su Roblox,Robloxに保存,Roblox에 저장,Zapisz na platformie Roblox,Salvar na Roblox,,บันทึกไปยัง Roblox,Roblox'a kaydet,Lưu vào Roblox,保存至 Roblox,保存至 Roblox,儲存至 Roblox
Studio.ActivityFeed.FilterMenu.Apply,,,Apply,Apply,تطبيق,Anwenden,Aplicar,Appliquer,लागू करें,Terapkan,Applica,適用する,적용,Zastosuj,Aplicar,,ปรับใช้,Uygula,Áp Dụng,应用,应用,套用
Studio.ActivityFeed.FilterMenu.ByType,,,By Type,By Type,حسب النوع,Nach Typ,Por tipo,Par type,टाइप के हिसाब से,Berdasarkan Tipe,Per tipo,タイプで並べ替え,유형별,Według typu,Por tipo,,ตามประเภท,Türe göre,Theo Loại,根据类型,根据类型,依類型
Studio.ActivityFeed.FilterMenu.FilterFor30days,,,30 Days,30 Days,30 يومًا,30 Tage,30 días,30 jours,30 दिन,30 Hari,30 giorni,30日,30일,30 dni,30 dias,,30 วัน,30 Gün,30 Ngày,30 天前,30 天前,30 天
Studio.ActivityFeed.Description.ActionPrivate,,,private,private,خاص,privat,privado(a),privé(e),प्राइवेट,privat,privato,プライベート,비공개,prywatne,privado,,ส่วนตัว,özel,riêng tư,私人,私人,私人
Studio.ActivityFeed.Description.NotificationStringCreated,,,"Notification string ""{stringName}"" was created","Notification string ""{stringName}"" was created","تم إنشاء سلسلة الإشعارات ""{stringName}""","Benachrichtigungs-String ""{stringName}"" wurde erstellt","Se creó la cadena de notificación ""{stringName}""",Un string de notification «{stringName}» a été créé,"नोटिफ़िकेशन स्ट्रिंग ""{stringName}"" बनाई गई थी","String notifikasi ""{stringName}"" telah dibuat","La stringa di notifica ""{stringName}"" è stata creata",通知文字列、「{stringName}」が作成されました,알림 문자열 {stringName}(이)가 생성되었습니다,Utworzono ciąg powiadomienia „{stringName}”,"O texto de notificação ""{stringName}"" foi criado",,"สร้างสตริงการแจ้งเตือน ""{stringName}"" แล้ว","""{stringName}"" bildirim dizisi oluşturuldu","Chuỗi thông báo ""{stringName}"" đã được tạo",已创建通知字符串{stringName},已创建通知字符串{stringName},建立通知字串「{stringName}」
Studio.ActivityFeed.Description.SentUpdate,,,A follower update was sent: “{update}”,A follower update was sent: “{update}”,"تم إرسال تحديث للمتابعين: ""{update}""","Ein Follower-Update wurde gesendet: ""{update}”","Se envió una actualización de seguidor: ""{update}”","Une mise à jour pour follower a été envoyée : ""{update}”","एक फ़ॉलोअर अपडेट ""{update}"" भेजा गया था :","Update untuk pengikut dikirim: ""{update}""",È stato inviato un aggiornamento per i follower: “{update}”,フォロワーへの更新が送信されました: 「{update}」,다음 팔로워 업데이트를 전송함: '{update}',Wysłano aktualizację dotyczącą obserwujących: „{update}”,"Uma atualização de seguidor foi enviada: ""{update}”",,ส่งการอัปเดตผู้ติดตามไปแล้ว: “{update}”,"Takipçi güncellemesi gönderildi: ""{update}""",Cập nhật người theo dõi đã được gửi: “{update}”,发送了一条粉丝更新：“{update}”,发送了一条粉丝更新：“{update}”,傳送追蹤者更新：「{update}」
Studio.ActivityFeed.Description.TranslationDeveloperProductName,,,Developer Product {productName}'s name was translated in {language},Developer Product {productName}'s name was translated in {language},تمت ترجمة اسم منتج المطوّر {productName} إلى {language},Name von Entwicklerprodukt {productName} wurde auf {language} übersetzt,El nombre del producto de desarrollo {productName} se tradujo al {language},Le titre du produit développeur {productName} a été traduit en {language},डेवलपर प्रॉडक्ट {productName} का विवरण {language} में अनुवाद किया गया,Nama Produk Developer {productName} diterjemahkan dalam bahasa {language},Il nome di Developer Product {productName} è stato tradotto in {language},開発者製品名 ({productName}) が {language} に翻訳されました,개발자 상품 {productName}의 이름이 {language}(으)로 번역되었습니다,Nazwa produktu deweloperskiego {productName} została przetłumaczona w następującym języku: {language},O ícone do produto do desenvolvedor ({productName}) foi traduzido para {language},,แปลชื่อของผลิตภัณฑ์ผู้พัฒนา {productName} เป็นภาษา{language}แล้ว,{productName} geliştirici ürününün adı {language} diline çevrildi,Tên Sản Phẩm Của Nhà Phát Triển {productName} đã được dịch sang {language},开发者产品{productName}名称已翻译为{language},开发者产品{productName}名称已翻译为{language},開發者產品 {productName} 的名稱翻譯成{language}
Studio.ActivityFeed.Description.MonetizationSettingsRequiresRobux,,,Paid access setting (Requires Robux) was {action},Paid access setting (Requires Robux) was {action},إعداد الاستخدام مقابل الدفع (يتطلب Robux) كان {action},Einstellung für zahlungspflichtigen Zugang (Erfordert Robux) wurde {action},Se {action} la configuración de pago (requiere Robux),Le paramètre d'accès payant (nécessite des Robux) était {action},पेड ऐक्सेस सेटिंग (Robux की ज़रूरत पड़ेगी) {action} थी,Pengaturan akses berbayar (Memerlukan Robux) telah {action},L'impostazione di accesso a pagamento (richiede Robux) era {action},有料アクセス設定（Robuxが必要）が {action},유료 액세스 설정(Robux 필요)이 {action}되었습니다,Ustawienie płatnego dostępu (wymagane są Robuxy): {action},A configuração de acesso pago (requer Robux) foi {action},,การตั้งค่าการเข้าถึงที่มีค่าใช้จ่าย (ต้องใช้ Robux) ได้รับการ{action}แล้ว,Ücretli erişim ayarı (Robux gerektirir) {action},Cài đặt quyền truy trả phí (phải có Robux) đã được {action},货币化设置（需要 Robux）{action},货币化设置（需要 Robux）{action},付費存取權設定 (需要 Robux) {action}
Studio.ActivityFeed.Description.BadgeIcon,,,Badge icon was updated,Badge icon was updated,تم تحديث أيقونة الوسام,Abzeichensymbol wurde aktualisiert,Se actualizó el ícono de la insignia,L'icône du badge a été mise à jour,बैज आइकॉन अपडेट किया गया,Ikon lencana di-update,L'icona del badge è stata aggiornata,バッジアイコンが更新されました,배지 아이콘이 업데이트되었습니다,Zaktualizowano ikonę odznaki,O ícone do emblema foi atualizado,,อัปเดตไอคอนเหรียญตราแล้ว,Rozet simgesi güncellendi,Biểu tượng Huy Hiệu đã được cập nhật,已更新徽章标志,已更新徽章标志,徽章圖示更新
Studio.ActivityFeed.Description.DeveloperProductName,,,Developer Product name was changed to {newName} from {oldName},Developer Product name was changed to {newName} from {oldName},تم تغيير اسم منتج المطوّر إلى {newName} بدلاً من {oldName},Entwicklerproduktname wurde von {oldName} zu {newName} geändert,Se cambió el nombre del producto de desarrollo de {oldName} a {newName},Le nom du produit du développeur a été changé a été changé de {oldName} à {newName},डेवलपर प्रॉडक्ट का नाम {oldName} से {newName} में बदल दिया गया है,Nama Produk Developer diubah menjadi {newName} dari {oldName},Il nome di Developer Product è stato modificato in {newName} da {oldName},開発者製品名が {oldName} から {newName} に変更されました,개발자 상품 이름이 {oldName}에서 {newName}(으)로 변경되었습니다,Nazwa produktu deweloperskiego została zmieniona z {oldName} na {newName},O nome do produto do desenvolvedor foi alterado para {newName} de {oldName},,เปลี่ยนชื่อผลิตภัณฑ์ผู้พัฒนาจาก {oldName} เป็น {newName} แล้ว,{oldName} olan geliştirici ürünü adı {newName} olarak değiştirildi,Tên Sản Phẩm Của Nhà Phát Triển đã được đổi từ {oldName} thành {newName},开发者产品名称已从{oldName}更改为{newName},开发者产品名称已从{oldName}更改为{newName},開發者產品名稱從 {oldName} 變更為 {newName}
Studio.ActivityFeed.Description.PermissionsUserChanged,,,"Permissions for ""{userName}"" was changed from {oldRole} to {newRole}","Permissions for ""{userName}"" was changed from {oldRole} to {newRole}","تم تغيير أذونات ""{userName}"" من {oldRole} إلى {newRole}","Berechtigung für ""{userName}"" wurde von {oldRole} zu {newRole} geändert","Los permisos para ""{userName}"" se cambiaron de {oldRole} a {newRole}","Les permissions pour ""{userName}"" ont été changées de {oldRole} à {newRole}","""{userName}"" के लिए परमिशन को {oldRole} से बदलकर {newRole} किया गया","Izin untuk ""{userName}"" telah diubah dari {oldRole} menjadi {newRole}","Le autorizzazioni per ""{userName}"" sono state modificate da {oldRole} a {newRole}",「{userName}」さんの権限が {oldRole} から {newRole} に変更されました,'{userName}' 님의 권한이 {oldRole}에서 {newRole}(으)로 변경되었습니다,Uprawnienia dla użytkownika „{userName}” zostały zmienione z {oldRole} na {newRole},"As permissões para ""{userName}"" foram alteradas de {oldRole} para {newRole}",,"สิทธิ์สำหรับ ""{userName}"" ได้เปลี่ยนจาก{oldRole}เป็น{newRole}แล้ว","""{userName}"" adlı kullanıcının izinleri, {oldRole} rolünden {newRole} rolüne değiştirildi","Quyền cho ""{userName}"" đã được đổi từ {oldRole} thành {newRole}",{userName}已由{oldRole}更改为{newRole},{userName}已由{oldRole}更改为{newRole},「{userName}」的權限從{oldRole}變更為{newRole}
Studio.ActivityFeed.Description.PermissionsGroupRemoved,,,"""{groupRole}"" role in group ""{groupName}"" was removed as {role}","""{groupRole}"" role in group ""{groupName}"" was removed as {role}","تمت إزالة دور ""{groupRole}"" في المجموعة ""{groupName}"" بصفته {role}","""{groupRole}""-Rolle in ""{groupName}"" wurde als {role} entfernt","El rol de ""{groupRole}"" en el grupo ""{groupName}"" se eliminó como {role}","Le rôle ""{groupRole}"" dans le groupe ""{groupName}"" a été supprimé en tant que {role}","""{groupRole}"" रोल को {groupName} ग्रुप में {role} से हटा दिया गया है","Peran ""{groupRole}"" di grup ""{groupName}"" sebagai {role} telah dicabut","Il ruolo ""{groupRole}"" nel gruppo ""{groupName}"" è stato rimosso come {role}",グループ、「{groupName}」で「{groupRole}」の役割を持つ人が {role} から削除されました,'{groupName}'의 '{groupRole}'(으)로부터 {role} 권한이 제거되었습니다,Użytkownik pełniący rolę „{groupRole}” w grupie „{groupName}” został usunięty z roli {role},"A função ""{groupRole}"" no grupo ""{groupName}"" foi removida como {role}",,"บทบาท ""{groupRole}"" ในกลุ่ม ""{groupName}"" ได้ถูกลบจากการเป็น{role}แล้ว","""{groupName}"" grubundaki ""{groupRole}"" rolü, ""{role}"" rolünden alındı","Vai trò ""{groupRole}"" trong nhóm ""{groupName}"" đã được xóa khỏi vai trò {role}",已将{groupName}内的{groupRole}解除{role}身份,已将{groupName}内的{groupRole}解除{role}身份,移除群組「{groupName}」角色「{groupRole}」的{role}身分
Studio.ActivityFeed.Description.PlaceGearTypes,,,Gear Types were changed to {gearTypes},Gear Types were changed to {gearTypes},تم تغيير أنواع الأدوات إلى {gearTypes},Ausrüstungstypen wurden zu {gearTypes} geändert,Los tipos de equipamiento se cambiaron a {gearTypes},Les types d'équipements ont été changés en {gearTypes},गियर के टाइप को {gearTypes} में बदल दिया गया है,Tipe Perlengkapan diubah menjadi {gearTypes},I tipi di equipaggiamento sono stati modificati in {gearTypes},ギアタイプが {gearTypes} に変更されました,장비 유형이 {gearTypes}(으)로 변경되었습니다,Zmieniono typy sprzętu na {gearTypes},Os tipos de equipamento foram alterados para {gearTypes},,เปลี่ยนประเภทอุปกรณ์เป็น {gearTypes},Teçhizat türleri {gearTypes} olarak değiştirildi,Các Loại Thiết Bị đã được đổi thành {gearTypes},装备类型已更改为{gearTypes},装备类型已更改为{gearTypes},裝備類型變更為{gearTypes}
Studio.ActivityFeed.Description.PlaceThumbnailAltText,,,Thumbnail {thumbnailName} was given an alt-text,Thumbnail {thumbnailName} was given an alt-text,تم إعطاء الصورة المصغرة {thumbnailName} نصًا بديلاً,Vorschaubild {thumbnailName} wurde ein Alternativtext gegeben,Se le dio un texto alternativo a la miniatura {thumbnailName},La vignette {thumbnailName} a été dotée d'un alt-text,थंबनेल {thumbnailName} को ऑल्ट-टेक्स्ट दिया गया,Thumbnail {thumbnailName} diberi teks alt,Alla miniatura {thumbnailName} è stato assegnato un testo alternativo,サムネイル ({thumbnailName}) に代替テキストが割り当てられました,섬네일 {thumbnailName}에 대체 텍스트가 제공되었습니다,Dodano tekst alternatywny do miniatury {thumbnailName},A miniatura ({thumbnailName}) recebeu um texto alternativo,,ภาพขนาดย่อ {thumbnailName} ได้รับคำอธิบายแล้ว,{thumbnailName} küçük resmine alternatif metin eklendi,Hình thu nhỏ {thumbnailName} đã có văn bản thay thế,已给予缩略图{thumbnailName}替代文本,已给予缩略图{thumbnailName}替代文本,縮圖 {thumbnailName} 加上替代文字
Studio.ActivityFeed.FilterMenu.ByDate,,,By Date Range,By Date Range,حسب نطاق التاريخ,Nach Zeitspanne,Por rango de fecha,Par plage de dates,तारीख की रेंज के हिसाब से,Sesuai Periode Tanggal,Per intervallo di date,日付範囲,날짜 범위별,Według zakresu dat,Por intervalo de datas,,ตามช่วงวันที่,Tarih aralığına göre,Theo Phạm Vi Ngày,根据日期范围,根据日期范围,依日期範圍
Studio.ActivityFeed.Description.ActionRemoved,,,removed,removed,تمت الإزالة,entfernt,eliminado(a),supprimé.e.s,हटा दिया गया,dihapus,rimosso,削除済み,삭제,usunięto,removido,,ลบแล้ว,kaldırıldı,đã loại bỏ,已移除,已移除,移除
Studio.ActivityFeed.Description.AvatarSettingsScaleHead,,,Avatar Setting (Head) was changed to {scale},Avatar Setting (Head) was changed to {scale},تم تغيير إعداد الأفاتار (الرأس) إلى {scale},Avatar-Einstellung (Kopf) wurde zu {scale} geändert,La configuración del avatar (cabeza) se cambió a {scale},Le paramètre de l'avatar (tête) a été changé en {scale},अवतार सेटिंग (हेड) को {scale} में बदला गया,Pengaturan Avatar (Kepala) diubah menjadi {scale},L'impostazione dell'avatar (Testa) è stata modificata in {scale},アバター設定（頭）が {scale} に変更されました,아바타 설정(머리)이 {scale}(으)로 변경되었습니다,Zmieniono ustawienie awatara (głowa) na {scale},A configuração do avatar (cabeça) foi alterada para {scale},,เปลี่ยนการตั้งค่าอวาตาร์ (ศีรษะ) เป็น {scale} แล้ว,Avatar ayarı (Kafa) {scale} olarak değiştirildi,Cài Đặt Avatar (Đầu) đã được đổi thành {scale},已将虚拟形象设置（头部）更改为{scale},已将虚拟形象设置（头部）更改为{scale},虛擬人偶設定 (頭部) 變更為 {scale}
Studio.ActivityFeed.Description.AvatarSettingsClothing,,,Avatar Setting (Clothing) was changed,Avatar Setting (Clothing) was changed,تم تغيير إعداد الأفاتار (الثياب),Avatar-Einstellung (Kleidung) wurde geändert,Se cambió la configuración del avatar (ropa),Le paramètre de l'avatar (vêtements) a été changé,अवतार सेटिंग (ड्रेस) को बदला गया,Pengaturan Avatar (Pakaian) diubah,L'impostazione dell'avatar (Abbigliamento) è stata modificata,アバター設定（衣装）が変更されました,아바타 설정(복장)이 변경되었습니다,Zmieniono ustawienie awatara (ubranie),A configuração do avatar (roupas) foi alterada,,เปลี่ยนการตั้งค่าอวาตาร์ (เสื้อผ้า) แล้ว,Avatar ayarı (Çarpışma) değiştirildi,Cài Đặt Avatar (Trang Phục) đã được thay đổi,虚拟形象设置（服装）已更改,虚拟形象设置（服装）已更改,虛擬人偶設定 (服裝) 變更
Studio.ActivityFeed.Description.SocialLinksUpdated,,,Social Link {channel} was updated,Social Link {channel} was updated, تم تحديث رابط {channel} الاجتماعي,Social Link {channel} wurde aktualisiert,Se actualizó el enlace al canal social {channel},Le lien social {channel} a été mis à jour,सोशल लिंक {channel} अपडेट किया गया,Tautan Sosial {channel} di-update,Il link social {channel} è stato aggiornato,SNSリンク ({channel}) が更新されました,소셜 링크 {channel}(이)가 업데이트되었습니다,Zaktualizowano link do mediów społecznościowych {channel},O link social ({channel}) foi atualizado,,อัปเดตลิงก์โซเชียล {channel} แล้ว,{channel} sosyal bağlantısı güncellendi,Liên Kết Mạng Xã Hội {channel} đã được cập nhật,已更新社交链接{channel},已更新社交链接{channel},更新社交連結 {channel}
Studio.ActivityFeed.Description.WorldSettingsJumpHeight,,,World Setting (Jump Height) was changed to {jumpHeight},World Setting (Jump Height) was changed to {jumpHeight},تم تغيير إعداد العالم (ارتفاع القفزة) إلى {jumpHeight},Welteinstellung (Sprunghöhe) wurde zu {jumpHeight} geändert,La configuración del mundo (altura del salto) se cambió a {jumpHeight},Le paramètre du monde (hauteur de saut) a été changé en {jumpHeight},वर्ल्ड सेटिंग (जंप हाइट) को {jumpHeight} में बदल दिया गया है,Pengaturan Dunia (Tinggi Loncat) diubah menjadi {jumpHeight},L'impostazione del mondo (Altezza salto) è stata modificata in {jumpHeight},世界設定（ジャンプの高さ）が {jumpHeight} に変更されました,월드 설정(점프 높이)이 {jumpHeight}(으)로 변경되었습니다,Zmieniono ustawienie świata (wysokość skoku) na {jumpHeight},A configuração do mundo (altura de pulo) foi alterada para {jumpHeight},,เปลี่ยนการตั้งค่าโลก (ความสูงการกระโดด) เป็น {jumpHeight} แล้ว,Dünya ayarı (Zıplama Yüksekliği) {jumpHeight} olarak değiştirildi,Cài Đặt Thế Giới (Độ Cao Nhảy) đã được đổi thành {jumpHeight},世界设置（跳跃高度）已更改为{jumpHeight},世界设置（跳跃高度）已更改为{jumpHeight},世界設定 (跳躍高度) 變更為 {jumpHeight}
Studio.ActivityFeed.Description.BadgeName,,,Badge name was changed to {newName} to {oldName},Badge name was changed to {newName} to {oldName},تم تغيير اسم الوسام إلى {newName} بدلاً من {oldName},Abzeichenname wurde von {oldName} zu {newName} geändert,Se cambió el nombre de la insignia de {oldName} a {newName},Le nom du badge a été changé de {oldName} à {newName},बैज का नाम {oldName} से {newName} में बदल दिया गया है,Nama lencana diubah menjadi {newName} dari {oldName},Il nome del badge è stato modificato in {newName} da {oldName},バッジ名が {oldName} から {newName} に変更されました,배지 이름이 {oldName}에서 {newName}(으)로 변경되었습니다,Nazwa odznaki została zmieniona z {oldName} na {newName},O nome do emblema foi alterado para {newName} de {oldName},,เปลี่ยนชื่อเหรียญตราจาก {oldName} เป็น {newName},{oldName} olan rozet adı {newName} olarak değiştirildi,Tên Huy Hiệu đã được đổi từ {oldName} thành {newName},徽章名称已从{oldName}更改为{newName},徽章名称已从{oldName}更改为{newName},徽章名稱從 {oldName} 變更為 {newName}
Studio.ActivityFeed.FilterMenu.FilterForPlace,,,Place,Place,المكان,Ort,Lugar,Lieu,प्लेस,Tempat,Posto,プレース,플레이스,Miejsce,Local,,สถานที่,Mekân,Địa Điểm,场景,场景,地點
Studio.ActivityFeed.FilterMenu.FilterFor365days,,,365 Days,365 Days,365 يومًا,365 Tage,365 días,365 jours,365 दिन,365 Hari,365 giorni,365日,365일,365 dni,365 dias,,365 วัน,365 Gün,365 Ngày,365 天前,365 天前,365 天
Studio.ActivityFeed.Description.ArchivedExperience,,,Experience was archived,Experience was archived,تمت أرشفة التجربة,Experience wurde archiviert,Se archivó la experiencia,L'expérience a été archivée,एक्सपीरिएंस आर्काइव कर दिया गया,Pengalaman virtual diarsipkan,L'esperienza è stata archiviata,バーチャル空間がアーカイブされました,체험이 보관처리되었습니다,Projekt został zarchiwizowany,A experiência foi arquivada,,จัดเก็บประสบการณ์แล้ว,Deneyim arşivlendi,Kinh nghiệm đã được lưu trữ,体验已存档,体验已存档,體驗封存
Studio.ActivityFeed.Description.PlayabilityChanged,,,Playability was changed to {playability},Playability was changed to {playability},تم تغيير قابلية التشغيل إلى {playability},Spielbarkeit wurde zu {playability} geändert,Se cambió la jugabilidad a {playability},La jouabilité a été changée en {playability},खेलने की क्षमता {playability} में बदल दी गई है,Bisa Dimainkan diubah menjadi {playability},La giocabilità è stata modificata in {playability},プレイアビリティが {playability} に変更されました,플레이 가능성이 {playability}(으)로 변경되었습니다,Zmieniono ustawienie możliwości grania na: {playability},A jogabilidade foi alterada para {playability},,เปลี่ยนสิทธิ์ในการเล่นเป็น {playability} แล้ว,Oynanabilirlik {playability} olarak değiştirildi,Khả năng chơi đã được đổi thành {playability},可玩性已更改为{playability},可玩性已更改为{playability},可玩性改為{playability}
Studio.ActivityFeed.Description.AvatarSettingsAnimation,,,Avatar Setting (Animation) was changed to {animation},Avatar Setting (Animation) was changed to {animation},تم تغيير إعداد الأفاتار (الحركة”) إلى {animation},Avatar-Einstellung (Animation) wurde zu {animation} geändert,La configuración del avatar (animación) se cambió a {animation},Le paramètre de l'avatar (Animation) a été changé en {animation},अवतार सेटिंग (ऐनिमेशन) को {animation} में बदला गया,Pengaturan Avatar (Animasi) diubah menjadi {animation},L'impostazione dell'avatar (Animazione) è stata modificata in {animation},アバター設定（アニメーション）が {animation} に変更されました,아바타 설정(애니메이션)이 {animation}(으)로 변경되었습니다,Zmieniono ustawienie awatara (animacja) na {animation},A configuração do avatar (animação) foi alterada para {animation},,เปลี่ยนการตั้งค่าอวาตาร์ (แอนิเมชัน) เป็น {animation} แล้ว,Avatar ayarı (Animasyon) {animation} olarak değiştirildi,Cài Đặt Avatar (Hiệu Ứng Động) đã được đổi thành {animation},已将虚拟形象设置（动画）更改为{animation},已将虚拟形象设置（动画）更改为{animation},虛擬人偶設定 (動畫) 變更為{animation}
Studio.ActivityFeed.Description.AvatarSettingsBodyParts,,,Avatar Setting (Body Parts) was changed,Avatar Setting (Body Parts) was changed,تم تغيير إعداد الأفاتار (أجزاء الجسد),Avatar-Einstellung (Körperteile) wurde geändert,Se cambió la configuración del avatar (partes del cuerpo),Le paramètre de l'avatar (parties du corps) a été changé,अवतार सेटिंग (बॉडी पार्ट्स) को बदला गया,Pengaturan Avatar (Bagian Tubuh) diubah,L'impostazione dell'avatar (Parti del corpo) è stata modificata,アバター設定（ボディパーツ）が変更されました,아바타 설정(신체 파트)이 변경되었습니다,Zmieniono ustawienie awatara (części ciała),A configuração do avatar (partes do corpo) foi alterada,,เปลี่ยนการตั้งค่าอวาตาร์ (ส่วนประกอบของร่างกาย) แล้ว,Avatar ayarı (Vücut Parçaları) değiştirildi,Cài Đặt Avatar (Bộ Phận Cơ Thể) đã được thay đổi,已更改虚拟形象设置（身体部件）,已更改虚拟形象设置（身体部件）,虛擬人偶設定 (身體部位) 變更
Studio.ActivityFeed.Description.ExperienceName,,,"Experience name was changed from ""{oldName}"" to ""{newName}""","Experience name was changed from ""{oldName}"" to ""{newName}""","تم تغيير اسم التجربة من ""{oldName}"" إلى ""{newName}""","Experience-Name wurde von ""{oldName}"" zu ""{newName}"" geändert","El nombre de la experiencia se cambió de ""{oldName}"" a ""{newName}""","Le nom de l'expérience a été changé de ""{oldName}"" à ""{newName}""","एक्सपीरिएंस का नाम बदलकर ""{oldName}"" से ""{newName}"" कर दिया गया","Nama pengalaman telah diubah dari ""{oldName}"" menjadi ""{newName}""","Il nome dell'esperienza è stato modificato da ""{oldName}"" a ""{newName}""",バーチャル空間名が 「{oldName}」から「{newName} 」に変更されました,체험 이름이 '{oldName}'에서 '{newName}'(으)로 변경되었습니다,Zmieniono ciąg powiadomienia z „{oldName}” na „{newName}”,"O nome da experiência foi alterado de ""{oldName}"" para ""{newName}""",,"เปลี่ยนชื่อประสบการณ์จาก ""{oldName}"" เป็น ""{newName}"" แล้ว","""{oldName}"" olan deneyim adı ""{newName}"" olarak değiştirildi","Tên Trải Nghiệm đã được đổi từ ""{oldName}"" thành ""{newName}""",体验名称已由{oldName}更改为{newName},体验名称已由{oldName}更改为{newName},體驗名稱從「{oldName}」變更為「{newName}」
Studio.ActivityFeed.Description.SocialLinksAdded,,,Social Link {channel} was added,Social Link {channel} was added,تمت إضافة رابط {channel} الاجتماعي,Social Link {channel} wurde hinzugefügt,Se añadió el enlace al canal social {channel},Le lien social {channel} a été ajouté,सोशल लिंक {channel} जोड़ा गया,Tautan Sosial {channel} ditambahkan,Il link social {channel} è stato aggiunto,SNSリンク ({channel}) が追加されました,소셜 링크 {channel}(이)가 추가되었습니다,Dodano link do mediów społecznościowych {channel},O link social ({channel}) foi adicionado,,เพิ่มลิงก์โซเชียล {channel} แล้ว,{channel} sosyal bağlantısı eklendi,Liên Kết Mạng Xã Hội {channel} đã được thêm,已添加社交链接{channel},已添加社交链接{channel},新增社交連結 {channel}
Studio.ActivityFeed.Description.TranslationThumbnailAltText,,,Thumbnail {thumbnailName} alt-text was translated in {language},Thumbnail {thumbnailName} alt-text was translated in {language},تمت ترجمة النص البديل للصورة المصغرة {thumbnailName} إلى {language},Alternativtext von Vorschaubild {thumbnailName} wurde auf {language} übersetzt,El texto alternativo de la miniatura {thumbnailName} se tradujo al {language},L'alt-texte de la vignette {thumbnailName} a été traduit en {language},थंबनेल {thumbnailName} ऑल्ट-टेक्स्ट का {language} में अनुवाद किया गया,Teks alt thumbnail {thumbnailName} diterjemahkan dalam bahasa {language},Il testo alternativo nella miniatura {thumbnailName} è stato tradotto in {language},サムネイル（{thumbnailName}）の代替テキストが {language} に翻訳されました,섬네일 {thumbnailName} 대체 텍스트가 {language}(으)로 번역되었습니다,Tekst alternatywny miniatury {thumbnailName} został przetłumaczony w następującym języku: {language},Miniaturas {thumbnailName} foram traduzidas para {language},,แปลคำอธิบายภาพขนาดย่อ {thumbnailName} เป็นภาษา{language}แล้ว,{thumbnailName} küçük resminin alternatif metni {language} diline çevrildi,Văn bản thay thế của hình thu nhỏ {thumbnailName} đã được dịch sang {language},缩略图{thumbnailName}替代文本已翻译为{language},缩略图{thumbnailName}替代文本已翻译为{language},縮圖 {thumbnailName} 替代文字翻譯成{language}
Studio.ActivityFeed.Description.TranslationBadgeIconAdded,,,Badge {badgeName}'s icon was translated in {language},Badge {badgeName}'s icon was translated in {language},تمت ترجمة أيقونة وسام {badgeName} إلى {language},Symbol von Abzeichen {badgeName} wurde auf {language} übersetzt,El ícono de la insignia {badgeName} se tradujo al {language},L'icône du badge {badgeName} a été traduite en {language},बैज {badgeName} का आइकॉन {language} में अनुवाद किया गया,Ikon Lencana {badgeName} diterjemahkan dalam bahasa {language},L'icona del badge {badgeName} è stata tradotta in {language},バッジ ({badgeName}) のアイコンが {language} に翻訳されました,배지 {badgeName}의 아이콘이 {language}(으)로 번역되었습니다,Ikona odznaki {badgeName} została przetłumaczona w następującym języku: {language},O ícone do emblema ({badgeName}) foi traduzido para {language},,แปลไอคอนของเหรียญตรา {badgeName} เป็นภาษา{language}แล้ว,{badgeName} rozetinin simgesi {language} diline çevrildi,Biểu tượng Huy Hiệu {badgeName} đã được dịch sang {language},徽章{badgeName}标志已翻译为{language},徽章{badgeName}标志已翻译为{language},徽章 {badgeName} 的圖示翻譯成{language}
Studio.ActivityFeed.Description.TranslationDeveloperProductIconDeleted,,,Developer Product {productName}'s icon in {language} was removed,Developer Product {productName}'s icon in {language} was removed, تمت إزالة أيقونة منتج المطوّر {productName} باللغة {language},Symbol von Entwicklerprodukt {productName} auf {language} wurde entfernt,Se eliminó el ícono del producto de desarrollo {productName} en {language},L'icône du produit développeur {productName} en {language} a été supprimée,डेवलपर प्रॉडक्ट {productName} का आइकॉन {language} में हटाया गया,Ikon Produk Developer {productName} dalam bahasa {language} dihapus,L'icona di Developer Product {productName} in {language} è stata rimossa,開発者製品 ({productName}) の {language} のアイコンが削除されました,{language} 개발자 상품 {productName} 아이콘이 삭제되었습니다,Usunięto produkt deweloperski {productName} w następującym języku: {language},O ícone do produto do desenvolvedor ({productName}) em {language} foi removido,,ลบไอคอนของผลิตภัณฑ์ผู้พัฒนา {productName} ในภาษา{language}แล้ว,{productName} geliştirici ürününün {language} dilindeki simgesi kaldırıldı,Biểu tượng Sản Phẩm Của Nhà Phát Triển {productName} bằng {language} đã bị loại bỏ,已移除{language}开发者产品{productName}标志,已移除{language}开发者产品{productName}标志,移除{language}的開發者產品 {productName} 圖示
Studio.ActivityFeed.Description.ExperienceSponsor,,,Sponsored ads {adName} was launched,Sponsored ads {adName} was launched,تم إطلاق الإعلانات الممولة {adName},Gesponserte Anzeigen {adName} wurden gestartet,Se lanzó el anuncio patrocinado {adName},Les annonces sponsorisées {adName} ont été lancées,स्पॉन्सर किया गया ऐड {adName} लॉन्च किया गया,Iklan bersponsor {adName} diluncurkan,Sono stati lanciati degli annunci sponsorizzati {adName},スポンサー広告 ({adName}) が配信されました,스폰서 광고 {adName}(이)가 게재되었습니다,Uruchomiono reklamy sponsorowane {adName},Os anúncios patrocinados {adName} foram lançados,,เปิดโฆษณาที่ได้รับการสนับสนุน {adName} แล้ว,Sponsorlu {adName} reklamları yayınlandı,Quảng cáo được tài trợ {adName} đã được khởi chạy,已启动赞助商广告{adName},已启动赞助商广告{adName},贊助廣告 {adName} 推出
Studio.ActivityFeed.Description.BadgeCreate,,,Badge was created,Badge was created,تم إنشاء الوسام,Abzeichen wurde erstellt,Se creó la insignia,Le badge a été créé,कोई बैज बनाया गया,Lencana dibuat,Il badge è stato creato,バッジが作成されました,배지가 제작되었습니다,Utworzono odznakę,O emblema foi criado,,สร้างเหรียญตราแล้ว,Rozet oluşturuldu,Huy hiệu đã được tạo,已创建徽章,已创建徽章,徽章建立
Studio.ActivityFeed.Description.PlaceIconRemoved,,,Icon was changed to a Placeholder image,Icon was changed to a Placeholder image,تم تغيير الأيقونة إلى صورة عنصر مؤقت,Symbol wurde zu einem Platzhalterbild geändert,El ícono se cambió a una imagen de marcador de posición,L'icône a été changée en une image Placeholder,आइकॉन को प्लेसहोल्डर इमेज में बदल दिया गया है,Ikon diubah menjadi gambar Placeholder,L'icona è stata modificata in un'immagine segnaposto,アイコンがプレースホルダーの画像に変更されました,아이콘이 자리 표시자 이미지로 변경되었습니다,Zmieniono ikonę na obraz zastępczy,O ícone foi alterado para uma imagem de espaço reservado,,เปลี่ยนไอคอนเป็นภาพข้อความตัวอย่างแล้ว,Simge yer tutucu bir görselle değiştirildi,Biểu tượng đã được đổi thành hình ảnh Giữ Chỗ,标志已更改为占位符图片,标志已更改为占位符图片,圖示變更為佔位影像
Studio.ActivityFeed.Description.PlaceSocialSlotsRobloxOptimized,,,Social slots were changed to Roblox optimized,Social slots were changed to Roblox optimized,تم تغيير Social slots إلى Roblox المحسّن,Social Slots wurden zu Roblox-optimiert geändert,Los espacios sociales se cambiaron a Roblox optimizado,Les emplacements sociaux ont été remplacés par des emplacements optimisés pour Roblox,सोशल स्लॉट्स को Roblox ऑप्टिमाइज़्ड में बदल दिया गया है,Slot sosial diubah agar optimal untuk Roblox,"Gli spazi sociali sono stati modificati in ""ottimizzati per Roblox""",SNSスロットをRobloxに最適化したものに変更しました,소셜 슬롯이 Roblox 최적화로 변경되었습니다,Zastąpiono miejsca społecznościowe optymalizacją pod kątem platformy Roblox,Os espaços sociais foram alterados para Roblox otimizado,,เปลี่ยนช่องสังคมเป็นแบบที่ปรับให้เหมาะสมกับ Roblox,"Sosyal yerler, ""Roblox Optimizasyonu"" olarak değiştirildi",Vị trí xã hội đã được đổi thành tối ưu hóa cho Roblox,社交栏位已更改为 Roblox 优化,社交栏位已更改为 Roblox 优化,社交欄位變更為 Roblox 最佳化
Studio.ActivityFeed.Description.PlaceRestart,,,Servers were restarted for updates,Servers were restarted for updates,تمت إعادة تشغيل الخوادم للتحديثات,Server wurden für Updates neu gestartet,Los servidores se reiniciaron para realizar actualizaciones,Les serveurs ont été redémarrés pour les mises à jour,अपडेट के लिए सर्वर रीस्टार्ट किए गए थे,Server dimulai ulang untuk update,I server sono stati riavviati per gli aggiornamenti,更新のためサーバーを再起動しました,업데이트를 위해 서버가 다시 시작되었습니다,Serwery zostały uruchomione ponownie w związku z aktualizacjami,Os servidores foram reiniciados para atualizações,,รีสตาร์ทเซิร์ฟเวอร์สำหรับการอัปเดตแล้ว,Sunucular güncelleme için yeniden başlatıldı,Máy chủ đã được khởi động lại để cập nhật,由于更新，服务器已重启,由于更新，服务器已重启,伺服器重新啟動以進行更新
Studio.ActivityFeed.Description.CompletedQuestionnaire,,,Experience guidelines questionnaire was updated,Experience guidelines questionnaire was updated,تم تحديث استبيان القواعد الإرشادية للتجربة,Fragebogen für Experience-Richtlinien wurde aktualisiert,Se actualizó el cuestionario de directrices de la experiencia,Le questionnaire des directives d'expérience a été mis à jour,एक्सपीरिएंस गाइडलाइंस के सवाल अपडेट कर दिए गए हैं,Kuesioner panduan pengalaman virtual telah di-update,Il questionario sulle linee guida per le esperienze è stato aggiornato,バーチャル空間ガイドラインの質問フォームが更新されました,체험 가이드라인 설문지가 업데이트되었습니다,Zaktualizowano kwestionariusz zaleceń dotyczących projektu,O questionário de diretrizes de experiência foi atualizado,,อัปเดตแบบสอบถามแนวทางปฏิบัติแล้ว,Deneyim yönergeleri anketi güncellendi,Bảng câu hỏi hướng dẫn về trải nghiệm đã được cập nhật,已更新体验准则,已更新体验准则,體驗準則問卷調查更新
Studio.ActivityFeed.ActivityHistoryMain.AllEvents,,,All Events,All Events,كل الأحداث,Alle Events,Todos los eventos,Tous les événements,सभी इवेंट,Semua Peristiwa,Tutti gli eventi,すべてのイベント,모든 이벤트,Wszystkie zdarzenia,Todos os eventos,,กิจกรรมทั้งหมด,Tüm olaylar,Tất Cả Sự Kiện,全部活动,全部活动,所有活動
Studio.ActivityFeed.FilterMenu.ByUser,,,By User,By User,حسب المستخدم,Nach Benutzer,Por usuario,Par utilisateur,यूज़र के हिसाब से,Berdasarkan Pengguna,Per utente,ユーザーで並べ替え,사용자별,Według użytkownika,Por usuário,,ตามผู้ใช้งาน,Kullanıcıya göre,Theo Người Dùng,根据用户,根据用户,依使用者
Studio.ActivityFeed.FilterMenu.FilterForPermissions,,,Permissions,Permissions,الأذونات,Berechtigungen,Permisos,Autorisations,परमिशंस,Izin,Autorizzazioni,権限,권한,Uprawnienia,Permissões,,การอนุญาต,İzinler,Quyền,权限,权限,權限
Studio.ActivityFeed.FilterMenu.FilterFor90days,,,90 Days,90 Days,90 يومًا,90 Tage,90 días,90 jours,90 दिन,90 Hari,90 giorni,90日,90일,90 dni,90 dias,,90 วัน,90 Gün,90 Ngày,90 天前,90 天前,90 天
Studio.ActivityFeed.Action.EditInStudio,,,edit in studio,edit in studio,تحرير في Studio,in Studio bearbeiten,editar en Studio,éditer dans Studio,Studio में एडिट करें,edit di studio,modifica in studio,Studioで編集,studio에서 편집,edytuj w aplikacji studio,editar no Studio,,แก้ไขใน studio,Studio'da düzenle,chỉnh sửa trong studio,在 Studio 中编辑,在 Studio 中编辑,在 Studio 中編輯
Studio.ActivityFeed.Description.ActionDisabled,,,disabled,disabled,تم التعطيل,deaktiviert,desactivado(a),désactivé.e.s,बंद है,dinonaktifkan,disabilitato,無効化済み,비활성화,wyłączono,desativado(a),,ปิดใช้งานแล้ว,devre dışı,tắt,已停用,已停用,停用
Studio.ActivityFeed.Description.ActionFriends,,,friends,friends,الأصدقاء,Freunde,amigos,amis,फ़्रेंड्स,teman,amici,友達,친구,znajomi,amizades,,เพื่อน,arkadaşlar,bạn bè,好友,好友,好友
Studio.ActivityFeed.Description.RoleEditor,,,an editor,an editor,محرر,ein Bearbeiter,un editor,un éditeur,एडिटर,editor,un editor,編集者,편집자,edytor,um editor,,เครื่องมือแก้ไข,düzenleyici,người biên tập,编辑器,编辑器,編輯
Studio.ActivityFeed.Description.NotificationStringDeleted,,,"Notification string ""{stringName}"" was deleted","Notification string ""{stringName}"" was deleted","تم حذف سلسلة الإشعارات ""{stringName}""","Benachrichtigungs-String ""{stringName}"" wurde gelöscht","Se eliminó la cadena de notificación ""{stringName}""",Un string de notification «{stringName}» a été supprimé,"नोटिफ़िकेशन स्ट्रिंग ""{stringName}"" हटा दी गई थी","String notifikasi ""{stringName}"" telah dihapus","La stringa di notifica ""{stringName}"" è stata eliminata",通知文字列、「{stringName}」が削除されました,알림 문자열 {stringName}(이)가 삭제되었습니다,Usunięto ciąg powiadomienia „{stringName}”,"O texto de notificação ""{stringName}"" foi excluído",,"ลบสตริงการแจ้งเตือน ""{stringName}"" แล้ว","""{stringName}"" bildirim dizisi silindi","Chuỗi thông báo ""{stringName}"" đã bị xóa",已删除通知字符串{stringName},已删除通知字符串{stringName},通知字串「{stringName}」刪除
Studio.ActivityFeed.Description.ExperienceShutDown,,,Servers were shut down,Servers were shut down,تم إيقاف تشغيل الخوادم,Server wurden heruntergefahren,Se cerraron los servidores,Les serveurs ont été fermés,सर्वर बंद कर दिए गए,Server ditutup,I server sono stati spenti,サーバーがシャットダウンしました,서버가 종료되었습니다,Serwery zostały zamknięte,Os servidores foram desligados,,ปิดการทำงานของเซิร์ฟเวอร์แล้ว,Sunucular kapatıldı,Các máy chủ đã bị tắt,服务器关闭,服务器关闭,伺服器關閉
Studio.ActivityFeed.Description.AutoTranslationExperienceInformation,,,Auto-translate (Experience Information) for {language} was {action},Auto-translate (Experience Information) for {language} was {action},الترجمة التلقائية (معلومات التجربة) للغة {language} كانت {action},Automatische Übersetzung (Experience-Infos) für {language} wurde {action},Se {action} la traducción automática (información de la experiencia) en {language},Traduire automatiquement (Informations sur l'expérience) en {language} était {action},{language} के लिए ऑटो-अनुवाद (एक्सपीरिएंस की जानकारी) {action} था,Terjemahkan otomatis (Informasi Pengalaman Virtual) untuk {language} {action},La traduzione automatica (Informazioni sull'esperienza) per {language} era {action},{language} の自動翻訳（バーチャル空間情報)）が {action},{language} 자동 번역(체험 정보)가 {action}되었습니다,Automatyczne tłumaczenie (informacje dotyczące projektu) w danym języku ({language}): {action},A tradução automática (informações de experiência) para {language} foi {action},,{action}การแปลอัตโนมัติ (ข้อมูลประสบการณ์) สำหรับภาษา{language}แล้ว,{language} için otomatik çeviri (Deneyim bilgileri) {action},Tự động dịch (Thông Tin Kinh Nghiệm) bằng {language} đã {action},{language}的自动翻译（体验信息）{action},{language}的自动翻译（体验信息）{action},{language}的自動翻譯 (體驗資訊) {action}
Studio.ActivityFeed.Description.TranslationStringAdded,,,Translation string {stringKey} was translated in {language},Translation string {stringKey} was translated in {language},تمت ترجمة سلسلة الأحرف {stringKey} إلى {language},Übersetzungsstring {stringKey} wurde auf {language} übersetzt,La cadena de traducción {stringKey} se tradujo al {language},Le string de traduction {stringKey} a été traduit en {language},अनुवाद स्ट्रिंग {stringKey} का {language} में अनुवाद किया गया,String terjemahan {stringKey} diterjemahkan dalam bahasa {language},La stringa di traduzione {stringKey} è stata tradotta in {language},翻訳文字列 ({stringKey}) が {language} に翻訳されました,번역 문자열 {stringKey}(이)가 {language}(으)로 번역되었습니다,Ciąg do tłumaczenia {stringKey} został przetłumaczony w następującym języku: {language},A tradução do texto ({stringKey}) foi feita para {language},,แปลสตริงคำแปล {stringKey} เป็นภาษา{language}แล้ว,{stringKey} çeviri dizisi {language} diline çevrildi,Chuỗi dịch {stringKey} đã được dịch sang {language},翻译字符串{stringKey}已翻译为{language},翻译字符串{stringKey}已翻译为{language},翻譯字串 {stringKey} 翻譯成{language}
Studio.ActivityFeed.Description.TranslationStringUpdated,,,Translation string {stringKey} in {language} was updated,Translation string {stringKey} in {language} was updated,تم تحديث سلسلة أحرف الترجمة {stringKey} باللغة {language},Übersetzungsstring {stringKey} auf {language} wurde aktualisiert,Se actualizó la cadena de traducción {stringKey} en {language},Le string de traduction {stringKey} en {language} a été mis à jour,{language} में अनुवाद स्ट्रिंग {stringKey} को अपडेट किया गया,String terjemahan {stringKey} dalam bahasa {language} telah di-update,La stringa di traduzione {stringKey} in {language} è stata aggiornata,{language} の翻訳文字列 ({stringKey}) が更新されました,{language} 번역 문자열 {stringKey}(이)가 업데이트되었습니다,Zaktualizowano ciąg do tłumaczenia {stringKey} w następującym języku: {language},A tradução do texto ({stringKey}) para {language} foi atualizada,,อัปเดตสตริงคำแปล {stringKey} ในภาษา{language}แล้ว,{language} dilindeki {stringKey} çeviri dizisi güncellendi,Chuỗi dịch {stringKey} bằng {language} đã được cập nhật,已更新{language}翻译字符串{stringKey},已更新{language}翻译字符串{stringKey},{language}的翻譯字串 {stringKey} 更新
Studio.ActivityFeed.Description.TranslationGamePassIconDeleted,,,Game Pass {passName}'s icon in {language} was removed,Game Pass {passName}'s icon in {language} was removed,تمت إزالة أيقونة باس اللعبة {passName} باللغة {language},Symbol von Spielpass {passName} auf {language} wurde entfernt,Se eliminó el ícono del pase del juego {passName} en {language},L'icône du Passe de jeu {passName} en {language} a été supprimée,गेम पास {passName} का {language} में आइकॉन हटाया गया,Ikon Game Pass {passName} dalam bahasa {language} telah dihapus,L'icona del pass di gioco {passName} in {language} è stata rimossa,{language} のゲームパス ({passName}) のアイコンが削除されました,{language} 게임 패스 {passName} 아이콘이 삭제되었습니다,,O ícone de passe de jogo ({passName}) em {language} foi removido,,ลบไอคอนของบัตรผ่านในเกม {passName} ในภาษา{language}แล้ว,{language} dilindeki {passName} oyun bileti simgesi kaldırıldı,Biểu tượng Thẻ Trò Chơi {passName} bằng {language} đã bị loại bỏ,已移除{language}游戏通行证{passName}标志,已移除{language}游戏通行证{passName}标志,移除{language}的遊戲特權證 {passName} 圖示
Studio.ActivityFeed.Description.GroupTranslator,,,{groupName} was added as a translator,{groupName} was added as a translator,{groupName} تمت إضافته كمترجم,{groupName} wurde als Übersetzer hinzugefügt,Se añadió {groupName} como traductor,{groupName} a été ajouté en tant que traducteur,{groupName} को अनुवादक के रूप में जोड़ा गया,{groupName} ditambahkan sebagai penerjemah,Il gruppo {groupName} è stato aggiunto come traduttore,{groupName} が翻訳者として追加されました,{groupName}(이)가 번역자로 추가되었습니다,Grupa {groupName} została dodana jako tłumacz,{groupName} foi adicionado como tradutor,,เพิ่ม {groupName} ในฐานะนักแปลแล้ว,"{groupName}, çevirmen olarak eklendi",{groupName} đã được thêm làm biên dịch,已将{groupName}添加为译员,已将{groupName}添加为译员,將 {groupName} 新增為翻譯者
Studio.ActivityFeed.Description.PermissionsUserAdded,,,"""{userName}"" was invited to {role}","""{userName}"" was invited to {role}","تمت دعوة ""{userName}"" إلى {role}","""{userName}"" wurde zu {role} eingeladen","Se invitó a ""{userName}"" como {role}","""{userName} a été invité comme {role}","""{userName}"" को {role} के लिए इनवाइट किया गया था","""{userName}"" telah diundang untuk {role}","""{userName}"" ha ricevuto un invito a {role}",「{userName}」さんが {role} に招待されました,'{userName}' 님이 {role}(으)로 초대되었습니다,Użytkownik „{userName}” został zaproszony do roli {role},"""{userName} foi convidado(a) para {role}",,"""{userName}"" ได้รับเชิญให้เป็น{role}แล้ว","""{userName}"", {role} rolüne davet edildi","""{userName}"" đã được mời làm {role}",已将{userName}添加为{role},已将{userName}添加为{role},「{userName}」受邀成為{role}
Studio.ActivityFeed.Description.PlaceName,,,"Place name was changed from ""{oldName}"" to ""{newName}""","Place name was changed from ""{oldName}"" to ""{newName}""","تم تغيير اسم المكان من ""{oldName}"" إلى ""{newName}""","Ortsname wurde von ""{oldName}"" zu ""{newName}"" geändert","El nombre del lugar se cambió de ""{oldName}"" a ""{newName}""","Le nom du lieu a été changé de ""{oldName}"" à ""{newName}""","प्लेस का नाम बदलकर, ""{oldName}"" से ""{newName}"" कर दिया गया","Nama tempat telah diubah dari ""{oldName}"" menjadi ""{newName}""","Il nome del posto è stato modificato da ""{oldName}"" a ""{newName}""",プレース名が 「{oldName}」から「{newName} 」に変更されました,플레이스 이름이 '{oldName}'에서 '{newName}'(으)로 변경되었습니다,Zmieniono nazwę miejsca z „{oldName}” na „{newName}”,"O nome do local foi alterado de ""{oldName}"" para ""{newName}""",,"ชื่อสถานที่เปลี่ยนจาก ""{oldName}"" เป็น ""{newName}"" แล้ว","""{oldName}"" olan mekân adı ""{newName}"" olarak değiştirildi","Tên địa điểm đã được đổi từ ""{oldName}"" thành ""{newName}""",名称已从{oldName}更改为{newName},名称已从{oldName}更改为{newName},地點名稱從「{oldName}」變更為「{newName}」
Studio.ActivityFeed.Description.PlaceMaxVisitorCount,,,Max visitor count was changed to {count},Max visitor count was changed to {count},تم تغيير الحد الأقصى لعدد الزوار إلى {count},Maximale Besucheranzahl wurde zu {count} geändert,El conteo máximo de visitantes se cambió a {count},Le nombre maximum de visiteurs est passé à {count},अधिकतम विज़िटर संख्या को {count} में बदल दिया गया है,Jumlah pengunjung maksimum diubah menjadi {count},Il numero massimo di visitatori è stato modificato in {count},最大訪問者数が {count} に変更されました,최대 방문자 수가 {count}(으)로 변경되었습니다,Zmieniono maksymalną liczbę odwiedzających na {count},A contagem máxima de visitantes foi alterada para {count},,เปลี่ยนจำนวนผู้เยี่ยมชมสูงสุดเป็น {count} คนแล้ว,Maksimum ziyaretçi sayısı {count} olarak değiştirildi,Số lượng khách truy cập tối đa đã được đổi thành {count},最大访客数量已更改为{count},最大访客数量已更改为{count},最高訪客人數變更為 {count}
Studio.ActivityFeed.Description.PlaceAdded,,,"Place ""{placeName}"" was added to the experience","Place ""{placeName}"" was added to the experience","تمت إضافة المكان ""{placeName}"" إلى التجربة","Ort ""{placeName}"" wurde der Experience hinzugefügt","El lugar ""{placeName}"" se añadió a la experiencia","Le lieu ""{placeName}"" a été ajouté à l'expérience","प्लेस ""{placeName}"" को एक्सपीरिएंस में जोड़ा गया है","Tempat ""{placeName}"" telah ditambahkan ke pengalaman virtual","Il posto ""{placeName}"" è stato aggiunto all'esperienza",プレース、「{placeName}」がバーチャル空間に追加されました,'{placeName}' 플레이스가 체험에 추가되었습니다,Dodano miejsce „{placeName}” do projektu,"O local ""{placeName}"" foi adicionado à experiência",,"เพิ่มสถานที่ ""{placeName}"" ไปยังประสบการณ์แล้ว","""{placeName}"" mekânı, deneyime eklendi","Địa điểm ""{placeName}"" đã được thêm vào trải nghiệm",已将{placeName}添加至作品,已将{placeName}添加至作品,地點「{placeName}」新增至體驗
Studio.ActivityFeed.FilterMenu.Clear,,,Clear,Clear,مسح,Löschen,Borrar,Effacer,डिलीट करें,Hapus,Cancella,消す,지우기,Wyczyść,Limpar,,เคลียร์,Temizle,Dọn Sạch,清除,清除,清除
Studio.ActivityFeed.FilterMenu.FilterForLocalization,,,Localization,Localization,التعريب,Lokalisierung,Localización,Localisation,लोकलाइज़ेशन,Pelokalan,Localizzazione,多言語化,로컬라이제이션,Lokalizacja,Localização,,การแปล,Yerelleştirme,Bản Địa Hóa,本地化,本地化,在地化
Studio.ActivityFeed.Action.ViewOnRoblox,,,view on roblox,view on roblox,عرض على Roblox,auf Roblox ansehen,ver en Roblox,voir sur Roblox,Roblox पर देखें,lihat di roblox,visualizza su roblox,Robloxで表示,roblox에서 보기,wyświetl na platformie roblox,ver na Roblox,,ดูใน Roblox,Roblox'ta görüntüle,xem trên roblox,在 Roblox 中查看,在 Roblox 中查看,在 Roblox 上檢視
Studio.ActivityFeed.Description.AvatarSettingsAvatarType,,,Avatar Setting (Type) was changed to {avatarType},Avatar Setting (Type) was changed to {avatarType},تم تغيير إعداد الأفاتار (النوع) إلى {avatarType},Avatar-Einstellung (Typ) wurde zu {avatarType} geändert,La configuración del avatar (tipo) se cambió a {avatarType},Le paramètre de l'avatar (Type) a été changé en {avatarType},अवतार सेटिंग (टाइप) को {avatarType} में बदला गया,Pengaturan Avatar (Tipe) diubah menjadi {avatarType},L'impostazione dell'avatar (Tipo) è stata modificata in {avatarType},アバター設定（タイプ）が {avatarType} に変更されました,아바타 설정(유형)이 {avatarType}(으)로 변경되었습니다,Zmieniono ustawienie awatara (typ) na {avatarType},A configuração do avatar (tipo) foi alterada para {avatarType},,เปลี่ยนการตั้งค่าอวาตาร์ (ประเภท) เป็น {avatarType} แล้ว,Avatar ayarı (Tür) {avatarType} olarak değiştirildi,Cài Đặt Avatar (Loại) đã được đổi thành {avatarType},已将虚拟形象设置（类型）更改为{avatarType},已将虚拟形象设置（类型）更改为{avatarType},虛擬人偶設定 (類型) 變更為 {avatarType}
Studio.ActivityFeed.Description.SocialLinksRemoved,,,Social Link {channel} was removed,Social Link {channel} was removed,تمت إزالة رابط {channel} الاجتماعي,Social Link {channel} wurde entfernt,Se eliminó el enlace al canal social {channel},Le lien social {channel} a été enlevé,सोशल लिंक {channel} हटाया गया,Tautan Sosial {channel} dihapus,Il link social {channel} è stato rimosso,SNSリンク ({channel}) が削除されました,소셜 링크 {channel}(이)가 삭제되었습니다,Usunięto link do mediów społecznościowych {channel},O link social ({channel}) foi removido,,ลบลิงก์โซเชียล {channel} แล้ว,{channel} sosyal bağlantısı kaldırıldı,Liên Kết Mạng Xã Hội {channel} đã được loại bỏ,已移除社交链接{channel},已移除社交链接{channel},移除社交連結 {channel}
Studio.ActivityFeed.Description.TranslationIconAdded,,,Icon {iconName} was translated in {language},Icon {iconName} was translated in {language},تمت ترجمة الأيقونة {iconName} إلى {language},Symbol {iconName} wurde auf {language} übersetzt,El ícono {iconName} se tradujo al {language},L'icône {iconName} a été traduite en {language},आइकॉन {iconName} का {language} में अनुवाद किया गया,Ikon {iconName} diterjemahkan dalam bahasa {language},L'icona {iconName} è stata tradotta in {language},アイコン ({iconName}) が {language} に翻訳されました,아이콘 {iconName}(이)가 {language}(으)로 번역되었습니다,Ikona {iconName} została przetłumaczona w następującym języku: {language},O ícone ({iconName}) foi traduzido para {language},,แปลไอคอน {iconName} ในภาษา{language}แล้ว,{iconName} simgesi {language} diline çevrildi,Biểu tượng {iconName} đã được dịch sang {language},标志{iconName}已翻译为{language},标志{iconName}已翻译为{language},圖示 {iconName} 翻譯成{language}
Studio.ActivityFeed.Description.TranslationThumbnailDeleted,,,Thumbnail {thumbnailName} in {language} was removed,Thumbnail {thumbnailName} in {language} was removed,تمت إزالة الصورة المصغرة {thumbnailName} باللغة {language},Vorschaubild {thumbnailName} auf {language} wurde entfernt,Se eliminó la miniatura {thumbnailName} en {language},La vignette {thumbnailName} en {language} a été supprimée,{language} में थंबनेल {thumbnailName} को हटाया गया,Thumbnail {thumbnailName} dalam bahasa {language} dihapus,La miniatura {thumbnailName} in {language} è stata rimossa,{language} の サムネイル ({thumbnailName}) が削除されました,{language} 섬네일 {thumbnailName}(이)가 삭제되었습니다,Usunięto miniaturę {thumbnailName} w następującym języku: {language},A miniatura {thumbnailName} para {language} foi removida,,ลบภาพขนาดย่อ {thumbnailName} ในภาษา{language}แล้ว,{language} dilindeki {thumbnailName} küçük resmi kaldırıldı,Hình thu nhỏ {thumbnailName} bằng {language} đã được xóa,已移除{language}缩略图{thumbnailName},已移除{language}缩略图{thumbnailName},移除{language}的縮圖 {thumbnailName}
Studio.ActivityFeed.Description.TranslationGamePassIconAdded,,,Game Pass {passName}'s icon was translated in {language},Game Pass {passName}'s icon was translated in {language},تمت ترجمة أيقونة باس اللعبة {passName} إلى {language},Symbol von Spielpass {passName} wurde auf {language} übersetzt,El ícono del pase del juego {passName} se tradujo al {language},L'icône du passe de jeu {passName} a été traduite en {language},गेम पास {passName} के आइकॉन का अनुवाद {language} में किया गया था,Ikon Game Pass {passName} diterjemahkan dalam bahasa {language},L'icona del pass di gioco {passName} è stata tradotta in {language},ゲームパス ({passName}) のアイコンが {language} に翻訳されました,게임 패스 {passName}  아이콘이 {language}(으)로 번역되었습니다,Ikona przepustki {passName} została przetłumaczona w następującym języku: {language},O ícone do passe de jogo ({passName}) foi traduzido em {language},,แปลไอคอนของบัตรผ่านในเกม {passName} เป็นภาษา{language}แล้ว,{passName} oyun biletinin simgesi {language} diline çevrildi,Biểu tượng Thẻ Trò Chơi {passName} đã được dịch sang {language},游戏通行证{passName}标志已翻译为{language},游戏通行证{passName}标志已翻译为{language},遊戲特權證 {passName} 的圖示翻譯成{language}
Studio.ActivityFeed.Description.ExperienceAdvertisement,,,An Advertisement was created,An Advertisement was created,تم إنشاء إعلان,Eine Werbung wurde erstellt,Se creó un anuncio,Une publicité a été créée,एक ऐड बनाया गया था,Satu Iklan dibuat,È stato creato un annuncio,広告が作成されました,광고가 제작되었습니다,Utworzono reklamę,Um anúncio foi criado,,สร้างการโฆษณาแล้ว,Reklam oluşturuldu,Một Quảng Cáo đã được tạo,已创建一则广告,已创建一则广告,建立廣告
Studio.ActivityFeed.Description.MonetizationSettingsAllowPrivateServers,,,Private Servers were {action},Private Servers were {action},الخوادم الخاصة كانت {action},Private Server wurden {action},Se {action} los servidores privados,Les serveurs privés étaient {action},प्राइवेट सर्वर {action} थे,Server Privat telah {action},I server privati erano {action},プライベートサーバーは {action},비공개 서버가 {action}되었습니다,Serwery prywatne: {action},Servidores privados foram {action},,เซิร์ฟเวอร์ส่วนตัวได้รับการ{action}แล้ว,Özel Sunucular {action} idi,Máy chủ riêng đã được {action},货币化设置（允许私人服务器）{action},货币化设置（允许私人服务器）{action},私人伺服器{action}
Studio.ActivityFeed.Description.PlacePermissionsSavePlaceAPI,,,Place setting (Allow update using Save Place API) was {action},Place setting (Allow update using Save Place API) was {action},إعداد المكان (السماح بالتحديث باستخدام API لحفظ المكان) كان {action},Ortseinstellung (Aktualisierung durch die Save-Place-API zulassen) wurde {action},Se {action} la configuración del lugar (permitir descarga usando la API SavePlace),Le paramètre de lieu (Autoriser la mise à jour à l'aide de l'API Save Place) était {action},प्लेस सेटिंग (सेव प्लेस API का इस्तेमाल करके अपडेट की परमिशन दें) {action} थी,Pengaturan tempat (Mengizinkan update menggunakan API Simpan Tempat) telah {action},L'impostazione del posto (Consenti aggiornamento utilizzando l'API Salva località) era {action},プレース設定（[プレース API を保存] を使用して更新を許可）が {action},플레이스 설정(Save Place API를 사용한 업데이트 허용)이 {action}되었습니다,Ustawienie miejsca (Zezwalaj na aktualizowanie przy użyciu interfejsu API Save Place): {action},A configuração do local (permitir atualização usando a API Save Place) foi {action},,การตั้งค่าสถานที่ (อนุญาตการอัปเดตโดยใช้การบันทึก API สถานที่) ถูก{action}แล้ว,Mekân ayarı (Mekân kaydetme API'ı aracılığıyla güncellemeye izin ver) {action} idi,"Cài đặt địa điểm (Cho phép cập nhật bằng API Lưu Địa Điểm) đã được ""{action}""",,,地點設定 (允許使用儲存地點 API 進行更新) {action}
Studio.ActivityFeed.Description.ActionLeft,,,left,left,يسار,ist gegangen,salió,quitté,बायाँ,keluar,lasciato,退出済み,종료,opuszczono,restantes,,ซ้าย,ayrıldı,trái,已离开,已离开,離開
Studio.ActivityFeed.Description.ActionPublic,,,public,public,عامّ,öffentlich,público(a),public/que,पब्लिक,publik,pubblico,公開,공개,publiczne,público,,สาธารณะ,herkese açık,công khai,公开,公开,公開
Studio.ActivityFeed.Description.RolePlayer,,,a player,a player,مشغل,ein Spieler,un jugador,un joueur,प्लेयर,pemain,un giocatore,プレイヤー,플레이어,gracz,um jogador,,ผู้เล่น,oyuncu,người chơi,玩家,玩家,玩家
Studio.ActivityFeed.Description.AvatarSettingsScaleBodyType,,,Avatar Setting (Body Type) was changed to {scale},Avatar Setting (Body Type) was changed to {scale},تم تغيير إعداد الأفاتار (نوع الجسد) إلى {scale},Avatar-Einstellung (Körpertyp) wurde zu {scale} geändert,La configuración del avatar (tipo de cuerpo) se cambió a {scale},Le paramètre de l'avatar (type de corps) a été changé en {scale},अवतार सेटिंग (बॉडी टाइप) को {scale} में बदला गया,Pengaturan Avatar (Tipe Tubuh) diubah menjadi {scale},L'impostazione dell'avatar (Tipo di corpo) è stata modificata in {scale},アバター設定（ボディタイプ）が {scale} に変更されました,아바타 설정(체형)이 {scale}(으)로 변경되었습니다,Zmieniono ustawienie awatara (typ ciała) na {scale},A configuração do avatar (tipo de corpo) foi alterada para {scale},,เปลี่ยนการตั้งค่าอวาตาร์ (ประเภทร่างกาย) เป็น {scale} แล้ว,Avatar ayarı (Vücut Türü) {scale} olarak değiştirildi,Cài Đặt Avatar (Loại Cơ Thể) đã được đổi thành {scale},已将虚拟形象设置（身体类型）更改为{scale},已将虚拟形象设置（身体类型）更改为{scale},虛擬人偶設定 (身體類型) 變更為 {scale}
Studio.ActivityFeed.Description.SecuritySettingsHTTPRequests,,,Security Setting (HTTP Requests) was {action},Security Setting (HTTP Requests) was {action},إعداد الأمان (طلبات HTTP) كان {action},Sicherheitseinstellung (HTTP-Anforderungen) wurde {action},Se {action} la configuración de seguridad (solicitudes HTTP),Le paramètre Sécurité (demandes HTTP) était {action},सिक्योरिटी सेटिंग (HTTP रिक्वेस्ट) {action} था,Pengaturan Keamanan (Permintaan HTTP) adalah {action},L'impostazione di sicurezza (Richieste HTTP) era {action},セキュリティ設定（HTTPリクエスト）は {action},보안 설정(HTTP 요청)이 {action}되었습니다,Ustawienie zabezpieczeń (żądania HTTP): {action},A configuração de segurança (solicitações HTTP) foi {action},,{action}การตั้งค่าความปลอดภัย (คำขอ HTTP) แล้ว,Güvenlik ayarı (HTTP İstekleri) {action},Cài Đặt Bảo Mật (Yêu Cầu HTTP) đã {action},安全设置（HTTP 请求）{action},安全设置（HTTP 请求）{action},安全設定 (HTTP 要求) {action}
Studio.ActivityFeed.Description.WorldSettingsWorkSpaceGravity,,,World Setting (Workspace Gravity) was changed to {gravity},World Setting (Workspace Gravity) was changed to {gravity},تم تغيير إعداد العالم (جاذبية Workspace) إلى {gravity},Welteinstellung (Schwerkraft des Arbeitsbereichs) wurde zu {gravity} geändert,La configuración del mundo (gravedad del espacio de trabajo) se cambió a {gravity},Le paramètre du monde (Gravité de Workspace) a été changé en {gravity},वर्ल्ड सेटिंग (Workspace ग्रैविटी) को {gravity} में बदल दिया गया है,Pengaturan Dunia (Gravitasi Workspace) diubah menjadi {gravity},L'impostazione del mondo (Gravità workspace) è stata modificata in {gravity},世界設定（ワークスペース重力）が {gravity} に変更されました,월드 설정(작업 공간 중력)이 {gravity}(으)로 변경되었습니다,Zmieniono ustawienie świata (grawitacja w przestrzeni roboczej) na {gravity},A configuração do mundo (gravidade do espaço de trabalho) foi alterada para {gravity},,เปลี่ยนการตั้งค่าโลก (แรงโน้มถ่วง Workspace) เป็น {gravity} แล้ว,Dünya ayarı (Atölye Yer Çekimi) {gravity} olarak değiştirildi,Cài Đặt Thế Giới (Trọng Lực Workspace) đã được đổi thành {gravity},世界设置（工作区重力）已更改为{gravity},世界设置（工作区重力）已更改为{gravity},世界設定 (工作空間重力) 變更為 {gravity}
Studio.ActivityFeed.Description.WorldSettingsJumpPower,,,World Setting (Jump Power) was changed to {jumpPower},World Setting (Jump Power) was changed to {jumpPower},تم تغيير إعداد العالم (قوة القفزة) إلى {jumpPower},Welteinstellung (Sprungkraft) wurde zu {jumpPower} geändert,La configuración del mundo (poder del salto) se cambió a {jumpPower},Le paramètre du monde (puissance de saut) a été changé en {jumpPower},वर्ल्ड सेटिंग (जंप पावर) को {jumpPower} में बदल दिया गया है,Pengaturan Dunia (Kekuatan Loncat) diubah menjadi {jumpPower},L'impostazione del mondo (Potenza salto) è stata modificata in {jumpPower},ワールド設定（ジャンプパワー）が {jumpPower} に変更されました,월드 설정(점프력)이 {jumpPower}(으)로 변경되었습니다,Zmieniono ustawienie świata (siła skoku) na {jumpPower},A configuração do mundo (poder de pulo) foi alterada para {jumpPower},,เปลี่ยนการตั้งค่าโลก (พลังการกระโดด) เป็น {jumpPower} แล้ว,Dünya ayarı (Zıplama Gücü) {jumpPower} olarak değiştirildi,Cài Đặt Thế Giới (Sức Nhảy) đã được đổi thành {jumpPower},世界设置（跳跃力量）已更改为{jumpPower},世界设置（跳跃力量）已更改为{jumpPower},世界設定 (跳躍力) 變更為 {jumpPower}
Studio.ActivityFeed.Description.SupportedLanguages,,,Supported language {language} was {action},Supported language {language} was {action},اللغة المدعومة {language} كانت {action},Unterstützte Sprache {language} wurde {action},Se {action} el idioma compatible {language},La langue prise en charge {language} était {action},"सपोर्ट की जाने वाली भाषा {language}, {action} थी",Dukungan bahasa {language} {action},La lingua supportata {language} era {action},対応言語 ({language}) が {action},지원 언어 {language}(이)가 {action}되었습니다,Obsługiwany język ({language}): {action},O idioma suportado ({language}) foi {action},,{action}ภาษาที่รองรับ{language}แล้ว,Desteklenen {language} dili {action},Ngôn ngữ được hỗ trợ {language} đã {action},支持的语言{language}{action},支持的语言{language}{action},{action}支援的語言：{language}
Studio.ActivityFeed.Description.AutoTranslationExperienceStringsAndProducts,,,Auto-translate (Experience Strings and Products) for {language} was {action},Auto-translate (Experience Strings and Products) for {language} was {action},الترجمة التلقائية (سلاسل الأحرف للتجربة والمنتجات) للغة {language} كانت {action},Automatische Übersetzung (Experience-Strings und -produkte) für {language} wurde {action},Se {action} la traducción automática (cadenas y productos de la experiencia) en {language},La traduction automatique (chaînes d'expérience et produits) pour {language} était {action},{language} के लिए ऑटो-अनुवाद (एक्सपीरिएंस स्ट्रिंग्स और प्रॉडक्ट) {action} था,Terjemahkan otomatis (String dan Produk Pengalaman Virtual) untuk {language} {action},La traduzione automatica (Stringhe e prodotti dell'esperienza) per {language} era {action},{language} の自動翻訳（バーチャル空間文字列と製品）が {action},{language} 자동 번역(체험 문자열 및 상품)이 {action}되었습니다,Automatyczne tłumaczenie (ciągi tekstowe i produkty w projekcie) w danym języku ({language}): {action},A tradução automática (produtos e textos da experiência) para {language} foi {action},,{action}การแปลอัตโนมัติ (สตริงและผลิตภัณฑ์ประสบการณ์) สำหรับภาษา{language}แล้ว,{language} için otomatik çeviri (Deneyim dizileri ve ürünleri) {action},Tự động dịch (Chuỗi Kinh Nghiệm và Sản Phẩm) bằng {language} đã {action},{language}的自动翻译（体验字符串与产品）{action},{language}的自动翻译（体验字符串与产品）{action},{language}的自動翻譯 (體驗字串和產品) {action}
Studio.ActivityFeed.Description.TranslationThumbnailAdded,,,Thumbnail {thumbnailName} was translated in {language},Thumbnail {thumbnailName} was translated in {language},تمت ترجمة الصورة المصغرة {thumbnailName} إلى {language},Vorschaubild {thumbnailName} wurde auf {language} übersetzt,El texto alternativo de la miniatura {thumbnailName} se tradujo al {language},La vignette {thumbnailName} a été traduite en {language},थंबनेल {thumbnailName} का {language} में अनुवाद किया गया,Thumbnail {thumbnailName} diterjemahkan dalam bahasa {language},La miniatura {thumbnailName} è stata tradotta in {language},サムネイル（{thumbnailName}）が {language} に翻訳されました,섬네일 {thumbnailName}(이)가 {language}(으)로 번역되었습니다,Miniatura {thumbnailName} została przetłumaczona w następującym języku: {language},A miniatura {thumbnailName} foi traduzida para {language},,แปลภาพขนาดย่อ {thumbnailName} เป็นภาษา{language}แล้ว,{thumbnailName} küçük resmi {language} diline çevrildi,Hình thu nhỏ {thumbnailName} đã được dịch sang {language},缩略图{thumbnailName}已翻译为{language},缩略图{thumbnailName}已翻译为{language},縮圖 {thumbnailName} 翻譯成{language}
Studio.ActivityFeed.Description.TranslationGamePassDescription,,,Game Pass {passName}'s description was translated in {language},Game Pass {passName}'s description was translated in {language},تمت ترجمة وصف باس اللعبة {passName} إلى {language},Beschreibung von Spielpass {passName} wurde auf {language} übersetzt,La descripción del pase del juego {passName} se tradujo al {language},La description du passe de jeu {passName} a été traduite en {language},गेम पास {passName} का विवरण {language} में अनुवाद किया गया,Deskripsi Game Pass {passName} diterjemahkan dalam bahasa {language},La descrizione del pass di gioco {passName} è stata tradotta in {language},ゲームパス ({passName}) の詳細が {language} に翻訳されました,게임 패스 {passName}의 설명이 {language}(으)로 번역되었습니다,Opis przepustki {passName} został przetłumaczony w następującym języku: {language},A descrição do passe de jogo ({passName}) foi traduzida em {language},,แปลคำอธิบายของบัตรผ่านในเกม {passName} เป็นภาษา{language}แล้ว,{passName} oyun biletinin açıklaması {language} diline çevrildi,Mô tả Thẻ Trò Chơi {passName} đã được dịch sang {language},游戏通行证{passName}描述已翻译为{language},游戏通行证{passName}描述已翻译为{language},遊戲特權證 {passName} 的說明翻譯成{language}
Studio.ActivityFeed.Description.BadgeDescription,,,Badge description was updated,Badge description was updated,تم تحديث وصف الوسام,Abzeichenbeschreibung wurde aktualisiert,Se actualizó la descripción de la insignia,La description du badge a été mise à jour,बैज का विवरण अपडेट किया गया,Deskripsi lencana di-update,La descrizione del badge è stata aggiornata,バッジの詳細が更新されました,배지 설명이 업데이트되었습니다,Zaktualizowano opis odznaki,A descrição do emblema foi atualizada,,อัปเดตคำอธิบายเหรียญตราแล้ว,Rozet açıklaması güncellendi,Mô tả Huy Hiệu đã được cập nhật,已更新徽章描述,已更新徽章描述,徽章說明更新
Studio.ActivityFeed.Description.DeveloperProductIcon,,,Developer Product icon was updated,Developer Product icon was updated,تم تحديث أيقونة منتج المطوّر,Entwicklerproduktsymbol wurde aktualisiert,Se actualizó el ícono del producto de desarrollo,L'icône du produit développeur a été mise à jour,डेवलपर Product आइकॉन अपडेट कर दिया गया,Ikon Produk Developer di-update,L'icona di Developer Product è stata aggiornata,開発者製品のアイコンが更新されました,개발자 상품 아이콘이 업데이트되었습니다,Zaktualizowano ikonę produktu deweloperskiego,O ícone do produto do desenvolvedor foi atualizado,,อัปเดตไอคอนผลิตภัณฑ์ผู้พัฒนาแล้ว,Geliştirici ürünü simgesi güncellendi,Biểu tượng Sản Phẩm Của Nhà Phát Triển đã được cập nhật,已更新开发者产品标志,已更新开发者产品标志,開發者產品圖示更新
Studio.ActivityFeed.Description.GamePassIcon,,,Game Pass icon was updated,Game Pass icon was updated,تم تحديث أيقونة باس اللعبة,Spielpasssymbol wurde aktualisiert,Se actualizó el ícono del pase del juego,L'icône du passe de jeu a été mise à jour,गेम पास आइकॉन अपडेट किया गया,Ikon Game Pass di-update,L'icona del pass di gioco è stata aggiornata,ゲームパスのアイコンが更新されました,게임 패스 아이콘이 업데이트되었습니다,Zaktualizowano ikonę przepustki,O ícone do passe de jogo foi atualizado,,อัปเดตไอคอนบัตรผ่านเกมแล้ว,Oyun bileti simgesi güncellendi,Biểu tượng Thẻ Trò Chơi đã được cập nhật,已更新游戏通行证标志,已更新游戏通行证标志,遊戲特權證圖示更新
Studio.ActivityFeed.Description.PermissionsUserRemoved,,,"""{userName}"" was removed as {role}","""{userName}"" was removed as {role}","تمت إزالة ""{userName}"" بصفته {role}","""{userName}"" wurde als {role} entfernt","Se eliminó ""{userName}"" como {role}","""{userName}"" a été retiré en tant que {role}","""{userName}"" को {role} से हटा दिया गया है","""{userName}"" telah dicabut dari peran {role}","""{userName}"" è stat* rimoss* dal ruolo di {role}",「{userName}」さんが {role} から削除されました,'{userName}' 님의 {role} 권한이 삭제되었습니다,Użytkownik „{userName}” został usunięty z roli {role},"""{userName} foi removido(a) como {role}",,"ลบ ""{userName}"" ในฐานะ{role}แล้ว","""{userName}"", {role} rolünden alındı","""{userName}"" đã bị xóa khỏi vai trò {role}",已将{userName}的角色{role}移除,已将{userName}的角色{role}移除,移除「{userName}」的{role}身分
Studio.ActivityFeed.Description.PlaceIconChanged,,,Icon was updated,Icon was updated,تم تحديث الأيقونة,Symbol wurde aktualisiert,Se actualizó el ícono,L'icône a été mise à jour,आइकॉन अपडेट किया गया,Ikon di-update,L'icona è stata aggiornata,アイコンが更新されました,아이콘이 업데이트되었습니다,Zaktualizowano ikonę,O ícone foi atualizado,,อัปเดตไอคอนแล้ว,Simge güncellendi,Biểu tượng đã được cập nhật,已更新标志,已更新标志,圖示更新
Studio.ActivityFeed.Description.PlaceDescription,,,"Place description for ""{placeName}"" was updated","Place description for ""{placeName}"" was updated","تم تحديث وصف المكان ""{placeName}""","Ortsbeschreibung für ""{placeName}"" wurde aktualisiert","Se actualizó la descripción del lugar para ""{placeName}""","La description du lieu pour ""{placeName}"" a été mise à jour","""{placeName}"" के लिए प्लेस का विवरण अपडेट किया गया","Deskripsi tempat untuk ""{placeName}"" telah di-update","La descrizione del posto per ""{placeName}"" è stata aggiornata",「{placeName}」のプレース詳細が更新されました,'{placeName}'에 대한 플레이스 설명이 업데이트되었습니다,Zaktualizowano opis miejsca „{placeName}”,"A descrição do local para ""{placeName}"" foi atualizada",,"อัปเดตคำอธิบายสถานที่ของ ""{placeName}"" แล้ว","""{placeName}"" mekânının açıklaması güncellendi","Mô tả địa điểm cho ""{placeName}"" đã được cập nhật",,,「{placeName}」的地點說明更新
Studio.ActivityFeed.Description.PlacePermissionsCreatePlaceAPI,,,Place setting (Allow copy as a template using Create Place API) was {action},Place setting (Allow copy as a template using Create Place API) was {action},إعداد المكان (السماح بالنسخ كقالب باستخدام API لإنشاء المكان) كان {action},Ortseinstellung (Kopieren als Vorlage durch die Create-Place-API zulassen) wurde {action},Se {action} la configuración del lugar (permitir la copia en formato plantilla usando la API CreatePlace),Le paramètre de lieu (Autoriser la copie en tant que modèle en utilisant l'API Créer un lieu) était {action},"प्लेस सेटिंग (क्रिएट प्लेस API का इस्तेमाल करके, टेम्प्लेट के रूप में कॉपी की परमिशन दें) {action} थी",Pengaturan tempat (Mengizinkan penggunaan salinan sebagai templat menggunakan API Buat Tempat) telah {action},L'impostazione del posto (Consenti copia come modello utilizzando l'API Crea località) era {action},プレース設定（[プレース API を作成] を使用してコピーを許可）が {action},플레이스 설정(Create Place API를 사용해 템플릿으로 복사 허용)이 {action}되었습니다,Ustawienie miejsca (Zezwalaj na użycie kopii jako szablonu przy użyciu interfejsu API Create Place): {action},A configuração de local (permitir a cópia como um modelo usando a API Creat Place) foi {action},,การตั้งค่าสถานที่ (อนุญาตการคัดลอกเป็นเทมเพลตโดยใช้การสร้าง API สถานที่) ได้รับการ{action}แล้ว,Mekân ayarı (Mekân oluşturma API'ı aracılığıyla taslak olarak kopyalamaya izin ver) {action},"Cài đặt địa điểm (Cho phép sao chép dưới dạng mẫu bằng API Tạo Địa Điểm) đã được ""{action}""",,,地點設定 (允許使用建立地點 API 複製為範本) {action}
Studio.ActivityFeed.Description.PlaceThumbnailAdded,,,Thumbnail {thumbnailName} was added,Thumbnail {thumbnailName} was added,تمت إضافة الصورة المصغرة {thumbnailName},Vorschaubild {thumbnailName} wurde hinzugefügt,Se añadió la miniatura {thumbnailName},La vignette {thumbnailName} a été ajoutée,थंबनेल {thumbnailName} जोड़ा गया,Thumbnail {thumbnailName} ditambahkan,La miniatura {thumbnailName} è stata aggiunta,サムネイル ({thumbnailName}) が追加されました,섬네일 {thumbnailName}(이)가 추가되었습니다,Dodano miniaturę {thumbnailName},A miniatura ({thumbnailName}) foi adicionada,,เพิ่มภาพขนาดย่อ {thumbnailName} แล้ว,{thumbnailName} küçük resmi eklendi,Hình thu nhỏ {thumbnailName} đã được thêm,已添加缩略图{thumbnailName},已添加缩略图{thumbnailName},新增縮圖 {thumbnailName}
Studio.ActivityFeed.FilterMenu.FilterForPublish,,,Publish,Publish,نشر,Veröffentlichen,Publicar,Publier,पब्लिश करें,Publikasikan,Pubblica,公開,게시,Opublikuj,Publicar,,เผยแพร่,Yayınla,Đăng,发布,发布,發佈
Studio.ActivityFeed.FilterMenu.FilterForAllTime,,,All Time,All Time,كل الأوقات,Gesamtzeit,Todo los tiempos,Tout le temps,हर समय,Semua Waktu,Di sempre,通算,전체 기간,Dowolny czas,Todos os tempos,,ที่ผ่านมาทั้งหมด,Tüm zamanlar,Mọi Lúc,全部时间,全部时间,歷來
Studio.ActivityFeed.Action.ViewBasicSettings,,,view source,view source,عرض المصدر,Quelle anzeigen,ver fuente,afficher la source,सोर्स देखें,lihat sumber,visualizza sorgente,ソースを表示,소스 보기,wyświetl źródło,ver fonte,,ดูแหล่งที่มา,kaynağı görüntüle,xem nguồn,查看来源,查看来源,檢視來源
Studio.ActivityFeed.Description.ActionCreated,,,created,created,تم الإنشاء,erstellt,creado(a),créé. e,क्रिएट किया गया,dibuat,creato,作成済み,생성,utworzono,criado(a),,สร้างแล้ว,oluşturma tarihi,đã tạo,已创建,已创建,建立
Studio.ActivityFeed.Description.ActionEnabled,,,enabled,enabled,مفعّل,aktiviert,activado(a),activé.e.s,चालू है,diaktifkan,abilitato,有効化済み,활성화,włączono,ativado(a),,เปิดใช้งานแล้ว,etkin,đã bật,已启用,已启用,啟用
Studio.ActivityFeed.Description.ActionJoined,,,joined,joined,مُنضم,ist beigetreten,unido(a),a rejoint,शामिल हो गए,bergabung,unito,参加しました,참가,dołączono,juntou-se,,เข้าร่วมแล้ว,katıldı,đã tham gia,已加入,已加入,加入
Studio.ActivityFeed.Description.NotificationStringUpdated,,,"Notification string ""{stringName}"" was updated","Notification string ""{stringName}"" was updated","تم تحديث سلسلة الإشعارات ""{stringName}""","Benachrichtigungs-String ""{stringName}"" wurde aktualisiert","Se actualizó la cadena de notificación ""{stringName}""",Un string de notification {stringName} a été mis à jour,"नोटिफ़िकेशन स्ट्रिंग ""{stringName}"" अपडेट की गई थी","String notifikasi ""{stringName}"" telah di-update","La stringa di notifica ""{stringName}"" è stata aggiornata",通知文字列、「{stringName}」が更新されました,알림 문자열 {stringName}(이)가 업데이트되었습니다,Zaktualizowano ciąg powiadomienia „{stringName}”,"O texto de notificação ""{stringName}"" foi atualizado",,"อัปเดตสตริงการแจ้งเตือน ""{stringName}"" แล้ว","""{stringName}"" bildirim dizisi güncellendi","Chuỗi thông báo ""{stringName}"" đã được cập nhật",已更新通知字符串{stringName},已更新通知字符串{stringName},通知字串「{stringName}」更新
Studio.ActivityFeed.Description.TranslationBadgeIconDeleted,,,Badge {badgeName}'s icon in {language} was removed,Badge {badgeName}'s icon in {language} was removed,تمت إزالة أيقونة وسام {badgeName} باللغة {language},Symbol von Abzeichen {badgeName} auf {language} wurde entfernt,Se eliminó el ícono de la insignia {badgeName} en {language},L'icône du badge {badgeName} en {language} a été supprimée,बैज {badgeName} का आइकॉन {language} में हटाया गया,Ikon Lencana {badgeName} dalam bahasa {language} telah dihapus,L'icona del badge {badgeName} in {language} è stata rimossa,{language} のバッジ ({badgeName}) のアイコンが削除されました,{language} 배지 {badgeName} 아이콘이 삭제되었습니다,Usunięto ikonę odznaki {badgeName} w następującym języku {language},O emblema ({badgeName}) do ícone em {language} foi removido,,ลบไอคอนของเหรียญตรา {badgeName} ในภาษา{language}แล้ว,{language} dilindeki {badgeName} rozetinin simgesi kaldırıldı,Biểu tượng Huy Hiệu {badgeName} bằng {language} đã bị loại bỏ,已移除{language}徽章{badgeName}标志,已移除{language}徽章{badgeName}标志,移除{language}的徽章 {badgeName} 圖示
Studio.ActivityFeed.Description.UserTranslator,,,{userName} was added as a translator,{userName} was added as a translator,{userName} تمت إضافته كمترجم,{userName} wurde als Übersetzer hinzugefügt,Se añadió {userName} como traductor(a),{userName} a été ajouté en tant que traducteur,{userName} को अनुवादक के रूप में जोड़ा गया,{userName} ditambahkan sebagai penerjemah,{userName} è stat* aggiunt* come traduttor*,{userName} さんが翻訳者として追加されました,{userName} 님이 번역자로 추가되었습니다,Użytkownik {userName} został dodany jako tłumacz,{userName} foi adicionado como tradutor,,เพิ่ม {userName} ในฐานะนักแปลแล้ว,"{userName}, çevirmen olarak eklendi",{userName} đã được thêm làm biên dịch,已将{userName}添加为译员,已将{userName}添加为译员,將 {userName} 新增為譯者
Studio.ActivityFeed.Description.GamePassCreate,,,Game Pass was created,Game Pass was created,تم إنشاء باس اللعبة,Spielpass wurde erstellt,Se creó un pase del juego,Le passe de jeu a été créé,गेम पास बनाया गया था,Game Pass dibuat,Il pass di gioco è stato creato,ゲームパスが作成されました,게임 패스가 제작되었습니다,Utworzono przepustkę,O passe de jogo foi criado,,สร้างบัตรผ่านในเกมแล้ว,Oyun bileti oluşturuldu,Thẻ Trò Chơi đã được tạo,已创建游戏通行证,已创建游戏通行证,遊戲特權證建立
Studio.ActivityFeed.Description.PermissionsGroupAdded,,,"""{groupRole}"" role in group ""{groupName}"" was invited to {role}","""{groupRole}"" role in group ""{groupName}"" was invited to {role}","تمت دعوة دور ""{groupRole}"" في المجموعة ""{groupName}"" إلى {role}","""{groupRole}""-Rolle in ""{groupName}"" wurde zu {role} eingeladen","El rol de ""{groupRole}"" en el grupo ""{groupName}"" se invitó como {role}","Le rôle ""{groupRole}"" dans le groupe ""{groupName}"" a été invité à {role}",{groupRole} ग्रुप को {groupName} में {role} के तौर पर शामिल होने के लिए इनवाइट किया गया था,"Peran ""{groupRole}"" di grup ""{groupName}"" telah diundang untuk {role}","Il ruolo ""{groupRole}"" nel gruppo ""{groupName}"" è stato invitato a {role}",グループ、「{groupName}」で「{groupRole}」の役割を持つ人が {role} に招待されました,'{groupName}'의 '{groupRole}'(이)가 {role}(으)로 초대되었습니다,Użytkownik pełniący rolę „{groupRole}” w grupie „{groupName}” został zaproszony do roli {role},"A função ""{groupRole}"" no grupo ""{groupName}"" foi convidada para ser {role}",,"บทบาท ""{groupRole}"" ในกลุ่ม ""{groupName}"" ได้รับเชิญเป็น{role}แล้ว","""{groupName}"" grubundaki ""{groupRole}"" rolü, ""{role}"" rolüne davet edildi","Vai trò ""{groupRole}"" trong nhóm ""{groupName}"" đã được mời làm {role}",已将{groupName}内的{groupRole}添加为{role},已将{groupName}内的{groupRole}添加为{role},群組「{groupName}」中的角色「{groupRole}」受邀成為{role}
Studio.ActivityFeed.Description.PlaceGenre,,,Genre was changed to {genre},Genre was changed to {genre},تم تغيير نوع التجربة إلى {genre},Genre wurde zu {genre} geändert,El género se cambió a {genre},Le genre a été changé en {genre},कैटगरी को {genre} में बदल दिया गया है,Genre diubah menjadi {genre},Il genere è stato modificato in {genre},ジャンルが {genre} に変更されました,장르가 {genre}(으)로 변경되었습니다,Zmieniono gatunek na {genre},O gênero foi alterado para {genre},,เปลี่ยนประเภทเป็น {genre} แล้ว,Tür {genre} olarak değiştirildi,Thể loại đã được đổi thành {genre},主题已更改为{genre},主题已更改为{genre},類別變更為{genre}
Studio.ActivityFeed.Description.PlaceRevert,,,{placeName} was reverted from version {oldVersion} to version {newVersion},{placeName} was reverted from version {oldVersion} to version {newVersion},{placeName} تراجع من الإصدار {oldVersion} إلى الإصدار {newVersion},{placeName} wurde von Version {oldVersion} in Version {newVersion} zurückgesetzt,{placeName} se revirtió de la versión {oldVersion} a la versión {newVersion},{placeName} a été restauré à partir de la version {oldVersion} à la version {newVersion},{placeName} को वर्ज़न {oldVersion} से {newVersion} वर्ज़न में बदला गया,{placeName} dikembalikan dari versi {oldVersion} menjadi versi {newVersion},{placeName} è stato ripristinato dalla versione {oldVersion} alla versione {newVersion},{placeName} がバージョン {newVersion} から {oldVersion} に戻りました,{placeName}(을)를 {oldVersion} 버전에서 {newVersion} 버전으로 되돌렸습니다,Miejsce {placeName} zostało przywrócone z wersji {oldVersion} do wersji {newVersion},{placeName} foi revertido da versão {oldVersion} para a versão {newVersion},,แปลงกลับ {placeName} จาก {oldVersion} เป็น {newVersion} แล้ว,"{placeName}, {oldVersion} sürümünden {newVersion} sürümüne döndürüldü",{placeName} đã được khôi phục từ phiên bản {oldVersion} sang phiên bản {newVersion},{placeName}已从{oldVersion}版本还原至{newVersion}版本,{placeName}已从{oldVersion}版本还原至{newVersion}版本,{placeName} 從版本 {oldVersion} 還原為版本 {newVersion}
Studio.ActivityFeed.Description.PlaceThumbnailDeleted,,,Thumbnail {thumbnailName} was removed,Thumbnail {thumbnailName} was removed,تمت إزالة الصورة المصغرة {thumbnailName},Vorschaubild {thumbnailName} wurde entfernt,Se eliminó la miniatura {thumbnailName},La vignette {thumbnailName} a été supprimée,थंबनेल {thumbnailName} को हटाया गया,Thumbnail {thumbnailName} dihapus,La miniatura {thumbnailName} è stata rimossa,サムネイル ({thumbnailName}) が削除されました,섬네일 {thumbnailName}(이)가 삭제되었습니다,Usunięto miniaturę {thumbnailName},A miniatura {thumbnailName} foi removida,,ลบภาพขนาดย่อ {thumbnailName} แล้ว,{thumbnailName} küçük resmi kaldırıldı,Hình thu nhỏ {thumbnailName} đã bị loại bỏ,已移除缩略图{thumbnailName},已移除缩略图{thumbnailName},移除縮圖 {thumbnailName}
Studio.ActivityFeed.FilterMenu.FilterForAllEvents,,,All Events,All Events,كل الأحداث,Alle Events,Todos los eventos,Tous les événements,सभी इवेंट,Semua Peristiwa,Tutti gli eventi,すべてのイベント,모든 이벤트,Wszystkie zdarzenia,Todos os eventos,,กิจกรรมทั้งหมด,Tüm olaylar,Tất Cả Sự Kiện,全部活动,全部活动,所有活動
Studio.ActivityFeed.Description.Init,,,chicken,chicken,دجاجة,Huhn,pollo,poulet,चिकन,ayam,pollo,ニワトリ,닭,stchórzono,galinha,,ไก่,tavuk,gà,鸡,鸡,雞
Studio.ActivityFeed.Description.AvatarSettingsCollision,,,Avatar Setting (Collision) was changed to {collision},Avatar Setting (Collision) was changed to {collision},تم تغيير إعداد الأفاتار (التصادم) إلى {collision},Avatar-Einstellung (Kollision) wurde zu {collision} geändert,La configuración del avatar (colisión) se cambió a {collision},Le paramètre de l'avatar (Collision) a été changé en {collision},अवतार सेटिंग (कोलीज़न) को {collision} में बदला गया,Pengaturan Avatar (Benturan) diubah menjadi {collision},L'impostazione dell'avatar (Collisione) è stata modificata in {collision},アバター設定（衝突）が {collision} に変更されました,아바타 설정(충돌)이 {collision}(으)로 변경되었습니다,Zmieniono ustawienie awatara (kolizja) na {collision},A configuração do avatar (colisão) foi alterada para {collision},,เปลี่ยนการตั้งค่าอวาตาร์ (การชนกัน) เป็น {collision},Avatar ayarı (Çarpışma) {collision} olarak değiştirildi,Cài Đặt Avatar (Va Chạm) đã được đổi thành {collision},已将虚拟形象设置（碰撞）更改为{collision},已将虚拟形象设置（碰撞）更改为{collision},虛擬人偶設定 (碰撞) 變更為{collision}
Studio.ActivityFeed.Description.AvatarSettingsScaleWidth,,,Avatar Setting (Scale Width) was changed to {scale},Avatar Setting (Scale Width) was changed to {scale},تم تغيير إعداد الأفاتار (عرض المقياس) إلى {scale},Avatar-Einstellung (Größenverhältnis: Breite) wurde zu {scale} geändert,La configuración del avatar (ancho de escala) se cambió a {scale},Les paramètres de l'avatar (largeur de l'échelle) ont été modifiés pour {scale},अवतार सेटिंग (स्केल की चौड़ाई) को {scale} में बदला गया,Pengaturan Avatar (Lebar Skala) diubah menjadi {scale},L'impostazione dell'avatar (Larghezza della scala) è stata modificata in {scale},アバター設定（横幅）が {scale} に変更されました,아바타 설정(스케일 너비)이 {scale}(으)로 변경되었습니다,Zmieniono ustawienie awatara (skalowanie szerokości) na {scale},A configuração de avatar (largura da escala) foi alterada para {scale},,เปลี่ยนการตั้งค่าอวาตาร์ (ความกว้างขนาด) เป็น {scale} แล้ว,Avatar ayarı (Ölçek Genişliği) {scale} olarak değiştirildi,Cài Đặt Avatar (Độ Rộng Quy Mô) đã được đổi thành {scale},已将虚拟形象设置（缩放宽度）更改为{scale},已将虚拟形象设置（缩放宽度）更改为{scale},虛擬人偶設定 (寬度比例) 變更為 {scale}
Studio.ActivityFeed.Description.AvatarSettingsScaleProportions,,,Avatar Setting (Proportions) was changed to {scale},Avatar Setting (Proportions) was changed to {scale},تم تغيير إعداد الأفاتار (النسب) إلى {scale},Avatar-Einstellung (Proportionen) wurde zu {scale} geändert,La configuración del avatar (proporciones) se cambió a {scale},Le paramètre de l'avatar (Proportions) a été changé en {scale},अवतार सेटिंग (प्रपोर्शन) को {scale} में बदला गया,Pengaturan Avatar (Proporsi) diubah menjadi {scale},L'impostazione dell'avatar (Proporzioni) è stata modificata in {scale},アバター設定（比率）が {scale} に変更されました,아바타 설정(비율)이 {scale}(으)로 변경되었습니다,Zmieniono ustawienie awatara (proporcje) na {scale},A configuração do avatar (proporções) foi alterada para {scale},,เปลี่ยนการตั้งค่าอวาตาร์ (สัดส่วน) เป็น {scale},Avatar ayarı (Oranlar) {scale} olarak değiştirildi,Cài Đặt Avatar (Tỷ Lệ) đã được đổi thành {scale},已将虚拟形象设置（比例）更改为{scale},已将虚拟形象设置（比例）更改为{scale},虛擬人偶設定 (比例) 變更為 {scale}
Studio.ActivityFeed.Description.SecuritySettingsStudioAccessToAPI,,,Studio access to API services was {action},Studio access to API services was {action},كان وصول Studio إلى خدمات API {action},Studio-Zugriff auf API-Dienste wurde {action},Se {action} el acceso de Studio a los servicios de API,L'accès Studio aux services API était {action},"API सेवाओं के लिए, Studio का ऐक्सेस {action} था",Akses studio ke layanan API telah {action},L'accesso di Studio ai servizi API era {action},StudioのAPIサービスへのアクセスが {action},API 서비스에 대한 Studio 액세스가 {action}되었습니다,Dostęp aplikacji Studio do interfejsów API: {action},O acesso do Studio aos serviços da API foi {action},,การเข้าถึงบริการ API ของ Studio ได้รับการ{action}แล้ว,API hizmetlerine Studio erişimi {action},Quyền truy cập của Studio vào các dịch vụ API đã được {action},安全设置（API 访问权限）{action},安全设置（API 访问权限）{action},Studio 的 API 服務存取權{action}
Studio.ActivityFeed.Description.SecuritySettingsThirdPartyTeleports,,,Security Setting (Third Party Teleport) was {action},Security Setting (Third Party Teleport) was {action},إعداد الأمان (الانتقال الفوري للجهات الخارجية) كان {action},Sicherheitseinstellung (Drittanbieter-Teleport) wurde {action},Se {action} la configuración de seguridad (teletransporte de terceros),Le paramètre de sécurité (Téléportation tierce) était {action},सुरक्षा सेटिंग (थर्ड पार्टी टेलीपोर्ट) {action} था,Pengaturan Keamanan (Teleportasi Pihak Ketiga) adalah {action},L'impostazione di sicurezza (Teletrasporto di terze parti) era {action},,보안 설정(제삼자 텔레포트)이 {action}되었습니다,Ustawienie zabezpieczeń (teleporty stron trzecich): {action},A configuração de segurança (teletransporte de terceiros) foi {action},,{action}การตั้งค่าความปลอดภัย (การเทเลพอร์ตของบุคคลที่สาม) แล้ว,Güvenlik ayarı (Üçüncü Taraf Işınlanma) {action},Cài Đặt Bảo Mật (Dịch Chuyển Của Bên Thứ Ba) đã {action},安全设置（第三方传送）{action},安全设置（第三方传送）{action},安全性設定 (第三方傳送) {action}
Studio.ActivityFeed.Description.SpatialVoice,,,Spatial Voice was {action},Spatial Voice was {action},كان الصوت الاستشعاري {action},Spatial Voice wurde {action},Se {action} la voz espacial,La Voix Spatiale était {action},स्पैशियल वॉइस {action} थी,Suara Spasial {action},La voce spaziale era {action},スペーシャルボイスが {action},공간 음성이 {action}되었습니다,Głos przestrzenny: {action},A voz espacial foi {action},,{action}เสียงตามตำแหน่งทิศทางแล้ว,Konumsal Ses {action},Giọng 3D đã {action},空间语音为{action},空间语音为{action},空間語音{action}
Studio.ActivityFeed.Description.LocalizationSettingsAutomaticTextCapture,,,Localization Setting (Automatic Text Capture) was {action},Localization Setting (Automatic Text Capture) was {action},إعداد التعريب (استخلاص النص التلقائي) كان {action} ,Lokalisierungseinstellung (Automatische Texterfassung) wurde {action},Se {action} la configuración de localización (captura automática del texto),Le paramètre de localisation (Capture automatique du texte) était {action},लोकलाइज़ेशन सेटिंग (ऑटोमैटिक टेक्स्ट कैप्चर) {action} था,Pengaturan Pelokalan (Ambil Teks Otomatis) {action},L'impostazione di localizzazione (Cattura automatica del testo) era {action},多言語化設定（自動テキスト抽出）が {action},로컬라이제이션 설정(자동 텍스트 캡처)이 {action}되었습니다,Ustawienie lokalizacji (automatyczne przechwytywanie tekstu): {action},A configuração de localização (captura automático de texto) foi {action},,{action}การตั้งค่าการแปล (การดึงข้อความโดยอัตโนมัติ) แล้ว,Yerelleştirme ayarı (Otomatik Metin Yakalama) {action},Cài Đặt Bản Địa Hóa (Chụp Văn Bản Tự Động) đã {action},本地化设置（自动文本捕捉）{action},本地化设置（自动文本捕捉）{action},在地化設定 (自動文字擷取) {action}
Studio.ActivityFeed.Description.MonetizationSettingsAccessType,,,Monetization Setting (Access Type) was changed to {action},Monetization Setting (Access Type) was changed to {action},تم تغيير إعداد الحصول على عائد (نوع الوصول) إلى {action},Monetarisierungseinstellung (Zugriffstyp) wurde zu {action} geändert,La configuración de monetización (tipo de acceso) se cambió a {action},Le paramètre de monétisation (type d'accès) a été changé en {action},मॉनेटाइज़ेशन सेटिंग (ऐक्सेस टाइप) को {action} में बदल दिया गया है,Pengaturan Monetisasi (Tipe Akses) diubah menjadi {action},L'impostazione di monetizzazione (tipo di accesso) è stata modificata in {action},収益化設定（アクセスタイプ）が {action} に変更されました,수익 창출 설정(액세스 유형)이 {action}되었습니다,Zmieniono ustawienie monetyzacji (typ dostępu) na: {action},A configuração de monetização (tipo de acesso) foi alterada para {action},,เปลี่ยนการตั้งค่าการสร้างรายได้ (ประเภทการเข้าถึง) เป็น{action}แล้ว,Para kazanma ayarı (Erişim Türü) {action} olarak değiştirildi,Cài Đặt Kiếm Tiền (Loại Truy Cập) đã được đổi thành {action},货币化设置（使用权类型）已更改为{action},货币化设置（使用权类型）已更改为{action},營利化設定 (存取權類型) 變更為{action}
Studio.ActivityFeed.Description.MonetizationSettingsPlayableDevices,,,Playable Devices were changed to {playableDevices},Playable Devices were changed to {playableDevices},تم تغيير الأجهزة التي يمكن تشغيلها إلى {playableDevices},Spielbare Geräte wurden zu {playableDevices} geändert,Los dispositivos jugables se cambiaron a {playableDevices},Les appareils jouables ont été changés en {playableDevices},खेलने लायक डिवाइस को {playableDevices} में बदल दिया गया है,Perangkat yang Dapat Dimainkan telah diubah menjadi {playableDevices},I dispositivi giocabili sono stati modificati in {playableDevices},プレイ可能なデバイスが {playableDevices} に変更されました,플레이 가능한 기기가 {playableDevices}(으)로 변경되었습니다,Obsługiwane urządzenia zostały zmienione na {playableDevices},Dispositivos jogáveis foram alterados para {playableDevices},,อุปกรณ์ที่สามารถเล่นได้เปลี่ยนเป็น {playableDevices} แล้ว,Oynanabilir Cihazlar {playableDevices} olarak değiştirildi,Các Thiết Bị Có Thể Chơi đã được đổi thành {playableDevices},货币化设置（可玩设备）已更改为{playableDevices},货币化设置（可玩设备）已更改为{playableDevices},可遊玩裝置變更為 {playableDevices}
Studio.ActivityFeed.Description.MonetizationSettingsPrivateServerPrice,,,Price for private servers was changed to {price} Robux,Price for private servers was changed to {price} Robux,تم تغيير سعر الخوادم الخاصة إلى {price} Robux,Der Preis für den privaten Server wurde zu {price} Robux geändert,El precio de los servidores privados se cambió a {price} Robux,Le prix des serveurs privés a été fixé à {price} Robux,प्राइवेट सर्वर की कीमत को {price} Robux में बदल दिया गया है,Harga untuk server privat telah diubah menjadi {price} Robux,Il prezzo per i server privati è stato modificato in {price} Robux,プライベートサーバーの価格が {price} Robuxに変更されました,비공개 서버 가격이 {price} Robux로 변경되었습니다,Cena korzystania z serwerów prywatnych w Robuxach została zmieniona na {price},O preço para servidores privados foi alterado para {price} Robux,,ราคาของเซิร์ฟเวอร์ส่วนตัวได้เปลี่ยนเป็น {price} Robux แล้ว,Özel sunucu fiyatı {price} Robux olarak değiştirildi,Giá cho máy chủ riêng đã được thay đổi thành {price} Robux,私人服务器价格已更改为{price},私人服务器价格已更改为{price},私人伺服器的定價變更為 {price} Robux
Studio.ActivityFeed.Description.DeveloperProductPrice,,,Developer Product price was changed to {price},Developer Product price was changed to {price},تم تغيير سعر منتج المطوّر إلى {price},Entwicklerproduktpreis wurde zu {price} geändert,El precio del producto de desarrollo se cambió a {price},Le prix du produit développeur est passé à {price},डेवलपर प्रॉडक्ट की कीमत को {price} में बदल दिया गया है,Harga Produk Developer diubah menjadi {price},Il prezzo di Developer Product è stato modificato in {price},開発者製品の価格が {price} に変更されました,개발자 상품 가격이 {price}(으)로 변경되었습니다,Cena produktu deweloperskiego została zmieniona na {price},O preço do produto do desenvolvedor foi alterado para {price},,เปลี่ยนราคาผลิตภัณฑ์ผู้พัฒนาเป็น {price} แล้ว,Geliştirici ürünü fiyatı {price} olarak değiştirildi,Giá Sản Phẩm Của Nhà Phát Triển đã được đổi thành {price},开发者产品价格已更改为{price},开发者产品价格已更改为{price},開發者產品定價變更為 {price}
Studio.ActivityFeed.Description.GamePassName,,,Game Pass name was changed to {newName} from {oldName},Game Pass name was changed to {newName} from {oldName},تم تغيير اسم باس اللعبة إلى {newName} بدلاً من {oldName},Spielpassname wurde von {oldName} zu {newName} geändert,Se cambió el nombre del pase del juego de {oldName} a {newName},Le passe du jeu a été changé de {oldName} à {newName},गेम पास का नाम {oldName} से {newName} में बदल दिया गया है,Nama Game Pass diubah menjadi {newName} dari {oldName},Il nome del pass di gioco è stato modificato in {newName} da {oldName},ゲームパス名が {oldName} から {newName} に変更されました,게임 패스 이름이 {oldName}에서 {newName}(으)로 변경되었습니다,Nazwa przepustki została zmieniona z {oldName} na {newName},O nome do passe de jogo foi alterado para {newName} de {oldName},,เปลี่ยนชื่อบัตรผ่านในเกมจาก {oldName} เป็น {newName} แล้ว,{oldName} olan oyun bileti adı {newName} olarak değiştirildi,Tên Thẻ Trò Chơi đã được đổi từ {oldName} thành {newName},游戏通行证名称已从{oldName}更改为{newName},游戏通行证名称已从{oldName}更改为{newName},遊戲特權證名稱從 {oldName} 變更為 {newName}
Studio.ActivityFeed.Description.TeamCreate,,,{userName} joined the Team Create session,{userName} joined the Team Create session,"{userName} انضم إلى جلسة ""إنشاء فريق""",{userName} ist der Team-Create-Sitzung beigetreten,{userName} se unió a la sesión de Creación en equipo,{userName} a rejoint la session Création en équipe,{userName} टीम क्रिएट सेशन में शामिल हुए,{userName} bergabung dalam sesi Kreasi Bersama,{userName} si è unit* alla sessione Team Crea,{userName} さんがチーム制作セッションに参加しました,{userName} 님이 팀 제작 세션에 참가했습니다,Użytkownik {userName} dołączył do sesji tworzenia zespołowego,{userName} entrou na sessão de Criação de equipe,,{userName} ได้เข้าร่วมเซสชันการสร้างร่วมกับเพื่อนแล้ว,"{userName}, Takım Çalışması oturumuna katıldı",{userName} đã tham gia phiên Team Create,{userName}已加入组队创作会话,{userName}已加入组队创作会话,{userName} 加入團隊創作作業
Studio.ActivityFeed.Description.PlaceGearGenresOnlyAllowFromExperiencesGenre,,,Gear Genres were changed to ‘Only allow gears from the experience's genre’,Gear Genres were changed to ‘Only allow gears from the experience's genre’,"تم تغيير أنواع الأدوات إلى ""السماح فقط بالأدوات من نوع التجربة""","Ausrüstungsgenres wurden zu ""Nur Ausrüstung im Genre der Experience erlauben"" geändert","Los géneros de equipamiento se cambiaron a ""Solo permitir equipamiento del género de la experiencia""","Les genres d'équipements ont été modifiés en ""N'autoriser que les équipements du genre de l'expérience""","गियर कैटगरी को ""सिर्फ़ एक्सपीरिएंस कैटगरी से गियर की अनुमति दें"" में बदल दिया गया था",Genre Perlengkapan diubah menjadi 'Hanya izinkan perlengkapan dari genre pengalaman virtual',"I generi di equipaggiamento sono stati modificati in ""Consenti solo gli equipaggiamenti del genere dell'esperienza""",ギアジャンルが「バーチャル空間にあるジャンルのギアのみ許可」に変更されました,장비 장르가 ‘체험 장르의 장비만 허용’으로 변경되었습니다,Zmieniono gatunki sprzętu na „Zezwalaj tylko na sprzęt z gatunku projektu”,"Os gêneros de equipamento foram alterados para ""Permitir somente equipamentos do gênero da experiência""",,เปลี่ยนประเภทอุปกรณ์เป็น ‘อนุญาตอุปกรณ์จากประเภทของประสบการณ์เท่านั้น’,"Teçhizat türleri ""Yalnızca deneyimin türünden teçhizatlara izin ver"" olarak değiştirildi","Các Thể Loại Thiết Bị đã được đổi thành ""Chỉ cho phép các thiết bị từ thể loại kinh nghiệm""",装备主题已更改为“只允许来自作品主题的装备”,装备主题已更改为“只允许来自作品主题的装备”,裝備類別變更為「僅允許體驗類別的裝備」
Studio.ActivityFeed.Description.PlaceShutDown,,,Servers were shut down,Servers were shut down,تم إيقاف تشغيل الخوادم,Server wurden heruntergefahren,Se cerraron los servidores,Les serveurs ont été fermés,सर्वर बंद कर दिए गए,Server ditutup,I server sono stati arrestati,サーバーがシャットダウンしました,서버가 종료되었습니다,Serwery zostały zamknięte,Os servidores foram desligados,,ปิดการทำงานของเซิร์ฟเวอร์แล้ว,Sunucular kapatıldı,Các máy chủ đã bị tắt,服务器关闭,服务器关闭,伺服器關閉
Studio.ActivityFeed.Description.PlacePublished,,,"Place ""{placeName}"" was published to version {newVersion}","Place ""{placeName}"" was published to version {newVersion}","تم نشر المكان ""{placeName}"" إلى الإصدار {newVersion}","Ort ""{placeName}"" wurde in Version {newVersion} veröffentlicht","El lugar ""{placeName}"" se publicó a la versión {newVersion}","Le lieu ""{placeName}"" a été publié dans la version {newVersion}","प्लेस ""{placeName}"" को {newVersion} वर्ज़न में पब्लिश किया गया है","Tempat ""{placeName}"" telah dipublikasikan ke versi {newVersion}","Il posto ""{placeName}"" è stato pubblicato nella versione {newVersion}",プレース、「{placeName}」がバージョン {newVersion} に公開されました,'{placeName}' 플레이스가 {newVersion} 버전으로 게시되었습니다,Opublikowano miejsce „{placeName}” w wersji {newVersion},"O local ""{placeName}"" foi publicado para a versão {newVersion}",,"เผยแพร่สถานที่ ""{placeName}"" ไปยังเวอร์ชัน {newVersion} แล้ว","""{placeName}"" mekânı, {newVersion} sürümünde yayınlandı","Địa điểm ""{placeName}"" đã được phát hành cho phiên bản {newVersion}",,,地點「{placeName}」發佈至版本 {newVersion}
Studio.ActivityFeed.Description.MonetizationSettingsPrivateServerRequiresRobux,,,Private server setting (Requires Robux) was {action},Private server setting (Requires Robux) was {action},إعداد الخادم الخاص (يتطلب Robux) كان {action},Einstellung für privaten Server (Erfordert Robux) wurde {action},Se {action} la configuración de servidores privados (requiere Robux),La configuration du serveur privé (nécessite des Robux) était {action},प्राइवेट सर्वर सेटिंग (Robux की ज़रूरत पड़ेगी) {action} थी,Pengaturan server privat (Memerlukan Robux) telah {action},L'impostazione del server privato (richiede Robux) era {action},プライベートサーバー設定（Robuxが必要）が {action},비공개 서버 설정(Robux 필요)이 {action}되었습니다,Ustawienie serwera prywatnego (wymagane są Robuxy): {action},A configuração do servidor privado (Requer Robux) foi {action},,การตั้งค่าเซิร์ฟเวอร์ส่วนตัว (ต้องใช้ Robux) ได้รับการ{action}แล้ว,Özel sunucu ayarı (Robux gerektirir) {action} idi,Cài đặt máy chủ riêng (Phải có Robux) đã được {action},,,私人伺服器設定 (需要 Robux) {action}
Studio.ActivityFeed.FilterMenu.FilterForMonetization,,,Monetization,Monetization,التحويل إلى مصدر ربح,Monetarisierung,Monetización,Monétisation,मॉनेटाइज़ेशन,Monetisasi,Monetizzazione,収益化,수익 창출,Monetyzacja,Monetização,,การสร้างรายได้,Para Kazanma,Kiếm Tiền,货币化,货币化,營利化
Studio.ActivityFeed.Action.Edit,,,edit,edit,تحرير,bearbeiten,editar,modifier,एडिट करें,edit,modifica,編集,편집,edytuj,editar,,แก้ไข,düzenle,chỉnh sửa,编辑,编辑,編輯
Studio.ActivityFeed.Action.Play,,,play,play,تشغيل,spielen,reproducir,jouer,खेलें,mainkan,riproduci,再生,플레이,zagraj,jogar,,เล่น,oyna,chơi,游玩,游玩,啟動
Studio.ActivityFeed.Description.AvatarSettingsScaleHeight,,,Avatar Setting (Scale Height) was changed to {scale},Avatar Setting (Scale Height) was changed to {scale},تم تغيير إعداد الأفاتار (ارتفاع المقياس) إلى {scale},Avatar-Einstellung (Größenverhältnis: Höhe) wurde zu {scale} geändert,La configuración del avatar (altura de escala) se cambió a {scale},Le paramètre Avatar (Hauteur de l'échelle) a été modifié en {scale},अवतार सेटिंग (स्केल की ऊँचाई) को {scale} में बदला गया,Pengaturan Avatar (Tinggi Skala) diubah menjadi {scale},L'impostazione dell'avatar (Altezza della scala) è stata modificata in {scale},アバター設定（身長の拡大/縮小）が {scale} に変更されました,아바타 설정(스케일 높이)이 {scale}(으)로 변경되었습니다,Zmieniono ustawienie awatara (skalowanie wysokości) na {scale},A configuração de avatar (largura da escala) foi alterada para {scale},,เปลี่ยนการตั้งค่าอวาตาร์ (ความสูงขนาด) เป็น {scale} แล้ว,Avatar ayarı (Ölçek Yüksekliği) {scale} olarak değiştirildi,Cài Đặt Avatar (Chiều Cao Quy Mô) đã được đổi thành {scale},已将虚拟形象设置（缩放高度）更改为{scale},已将虚拟形象设置（缩放高度）更改为{scale},虛擬人偶設定 (高度比例) 變更為 {scale}
Studio.ActivityFeed.Description.TranslationStringDeleted,,,Translation string {stringKey} in {language} was removed,Translation string {stringKey} in {language} was removed,تمت إزالة سلسلة أحرف الترجمة {stringKey} باللغة {language},Übersetzungsstring {stringKey} auf {language} wurde entfernt,Se eliminó la cadena de traducción {stringKey} en {language},Le string de traduction {stringKey} en {language} a été supprimé,{language} में अनुवाद स्ट्रिंग {stringKey} को हटाया गया,String terjemahan {stringKey} dalam bahasa {language} telah dihapus,La stringa di traduzione {stringKey} in {language} è stata rimossa,{language} の翻訳文字列 ({stringKey}) が削除されました,{language} 번역 문자열 {stringKey}(이)가 삭제되었습니다,Usunięto ciąg do tłumaczenia {stringKey} w następującym języku: {language},A tradução do texto ({stringKey}) em {language} foi removida,,ลบสตริงคำแปล {stringKey} ในภาษา{language}แล้ว,{language} dilindeki {stringKey} çeviri dizisi kaldırıldı,Chuỗi dịch {stringKey} bằng {language} đã bị loại bỏ,已移除{language}翻译字符串{stringKey},已移除{language}翻译字符串{stringKey},移除{language}的翻譯字串 {stringKey}
Studio.ActivityFeed.Description.TranslationGamePassName,,,Game Pass {passName}'s name was translated in {language},Game Pass {passName}'s name was translated in {language},تمت ترجمة اسم باس اللعبة {passName} إلى {language},Name von Spielpass {passName} wurde auf {language} übersetzt,El nombre del pase del juego {passName} se tradujo al {language},Le nom du passe de jeu {passName} a été traduit en {language},गेम पास {passName} का नाम {language} में अनुवाद किया गया,Nama Game Pass {passName} diterjemahkan dalam bahasa {language},Il nome del pass di gioco {passName} è stato tradotto in {language},ゲームパス名 ({passName}) が {language} に翻訳されました,게임 패스 {passName}의 이름이 {language}(으)로 번역되었습니다,Nazwa przepustki {passName} została przetłumaczona w następującym języku: {language},O nome do passe de jogo ({passName}) foi traduzido em {language},,แปลชื่อของบัตรผ่านในเกม {passName} เป็นภาษา{language}แล้ว,{passName} oyun biletinin adı {language} diline çevrildi,Tên Thẻ Trò Chơi {passName} đã được dịch sang {language},游戏通行证{passName}名称已翻译为{language},游戏通行证{passName}名称已翻译为{language},遊戲特權證 {passName} 的名稱翻譯成{language}
Studio.ActivityFeed.Description.PlaceSocialSlotsCustomize,,,Social slots were changed to {count} Custom Social Slots,Social slots were changed to {count} Custom Social Slots,تم تغيير Social slots إلى {count} Social slots مخصصة,Social Slots wurden zu {count} benutzerdefinierten Social Slots geändert,Los espacios sociales se cambiaron a {count} Espacios sociales personalizados,Les créneaux sociaux ont été changés en {count} créneaux sociaux personnalisés,सोशल स्लॉट्स को {count} कस्टम सोशल स्लॉट्स में बदल दिया गया,Slot sosial diubah menjadi {count} Slot Sosial Kustom,Gli spazi sociali sono stati modificati in {count} spazi sociali personalizzati,SNSスロットが {count} つのカスタムSNSスロットに変更されました,소셜 슬롯이 {count}개의 사용자 정의 소셜 슬롯으로 변경되었습니다,Zastąpiono miejsca społecznościowe {count} niestandardowymi miejscami społecznościowymi,Os espaços sociais foram alterados para {count} espaços sociais personalizados,,เปลี่ยนช่องโซเชียลเป็นช่องโซเชียลกำหนดเอง {count} ช่อง,"Sosyal yerler ""{count} özel sosyal yer"" olarak değiştirildi",Vị trí xã hội đã được đổi thành {count} Vị Trí Xã Hội Tùy Chỉnh,社交栏位已更改为 {count} 自定义社交栏位,社交栏位已更改为 {count} 自定义社交栏位,社交欄位變更為 {count} 個自訂社交欄位
Studio.ActivityFeed.FilterMenu.EveryoneElse,,, Everyone Else, Everyone Else, الكل,Alle anderen, Todos los demás, Tous les autres, हर कोई, Semua Pengguna Lain, Tutti gli altri, その他、全員, 다른 모든 사람, Wszystkie inne osoby, Todo o resto,, ทุกคนที่เหลือ, Diğer herkes, Mọi Người Khác, 其他所有人, 其他所有人, 其他人
Studio.ActivityFeed.FilterMenu.UnselectAll,,,Unselect All,Unselect All,إلغاء تحديد الكل,Auswahl aufheben,Deseleccionar todo,Tout désélectionner,सभी को चुने हुए से हटाएँ,Hapus Semua Pilihan,Deseleziona tutto,すべて選択解除,모두 선택 취소,Odznacz wszystko,Desselecionar tudo,,ยกเลิกการเลือกทั้งหมด,Tüm seçimleri kaldır,Bỏ Chọn Tất Cả,取消全选,取消全选,全部取消選擇
Studio.ActivityFeed.FilterMenu.SelectAll,,,Select All,Select All,تحديد الكل,Alles auswählen,Seleccionar todo,Tout sélectionner,सभी को चुनें,Pilih Semua,Seleziona tutto,すべて選択,모두 선택,Zaznacz wszystko,Selecionar tudo,,เลือกทั้งหมด,Tümünü seç,Chọn Tất Cả,全选,全选,選擇全部
Studio.ActivityFeed.DeviceType.Tablet,,,Tablet,Tablet,جهاز لوحي,Tablet,Tablet,Tablette,टैबलेट,Tablet,Tablet,タブレット,태블릿,Tablet,Tablet,,แท็บเล็ต,Tablet,Máy Tính Bảng,平板电脑,平板电脑,平板電腦
Studio.ActivityFeed.Bubble.ViewOnCreatorDashboard,,,View Setting on Creator Dashboard,View Setting on Creator Dashboard,عرض الإعداد في لوحة تحليلات المصم,Einstellung auf dem Creator Dashboard ansehen,Ver configuración en Interfaz de creación,Afficher les paramètres sur le tableau de bord du créateur,क्रिएटर डैशबोर्ड पर सेटिंग देखें,Lihat Pengaturan di Dasbor Kreator,Visualizza le impostazioni sulla Dashboard Creatore,クリエーターダッシュボードで [設定] を表示,크리에이터 대시보드에서 설정 보기,Wyświetl ustawienie w panelu twórców,Ver configuração no Painel do Criador,,ดูการตั้งค่าในแดชบอร์ดครีเอเตอร์,Ayarı Yaratıcı Panosu sayfanda görüntüle,Xem Cài Đặt trên Trang Tổng Quan Của Nhà Sáng Tạo,在创作中心查看设置,在创作中心查看设置,在創作者後台檢視設定
Studio.ActivityFeed.Bubble.ViewOnRoblox,,,View on Roblox,View on Roblox,عرض على Roblox,Auf Roblox ansehen,Ver en Roblox,Voir sur Roblox,Roblox पर देखें,Lihat di Roblox,Visualizza su Roblox,Robloxで表示,Roblox에서 보기,Wyświetl na platformie Roblox,Ver na Roblox,,ดูใน Roblox,Roblox'ta görüntüle,Xem trên Roblox,在 Roblox 中查看,在 Roblox 中查看,在 Roblox 上檢視
Studio.ActivityFeed.DeviceType.Desktop,,,Desktop,Desktop,سطح المكتب,Desktop,Escritorio,Bureau,डेस्कटॉप,Desktop,Desktop,デスクトップ,데스크톱,Komputer stacjonarny,Computador,,เดสก์ท็อป,Masaüstü,Máy Tính Bàn,电脑,电脑,桌面
Studio.ActivityFeed.DeviceType.Console,,,Console,Console,لوحة تحكُّم,Konsole,Consola,Console,कंसोल,Konsol,Console,コンソール,콘솔,Konsola,Console,,คอนโซล,Konsol,Máy Chơi Game,游戏机,游戏机,遊戲機
Studio.ActivityFeed.DeviceType.Mobile,,,Mobile,Mobile,الجوال,Mobil,Dispositivo móvil,Mobile,मोबाइल,Seluler,Mobile,モバイル,모바일,Urządzenie mobilne,Dispostivo móvel,,โทรศัพท์มือถือ,Mobil,Thiết Bị Di Động,手机,手机,行動裝置
Studio.ActivityFeed.DeviceType.VR,,,VR,VR,الواقع الافتراضي,VR,RV,RV,VR,VR,VR,VR,VR,Urządzenie VR,RV,,VR,VR,Thực Tế Ảo,虚拟现实,虚拟现实,VR
Studio.ActivityFeed.EmptyComponent.NoEventsText,,,No Events Found,No Events Found,لم يتم العثور على أحداث,Keine Ereignisse gefunden,No se encontraron eventos,Aucun événement trouvé,कोई इवेंट नहीं मिला,Tidak Menemukan Acara,Nessun evento trovato,イベントが見つかりませんでした,찾은 이벤트 없음,Nie znaleziono wydarzeń,Nenhum evento encontrado,,ไม่พบอีเวนต์,Etkinlik bulunamadı,Không Tìm Thấy Sự Kiện,,,找不到活動
Studio.ActivityFeed.EmptyComponent.NoEventsDetail,,,Try adjusting your filters to view changes.,Try adjusting your filters to view changes.,حاول ضبط الفلاتر لعرض التغييرات.,"Versuche, deine Filter anzupassen, um Änderungen zu sehen.",Intenta ajustar tus filtros para ver los cambios.,Essayer d'ajuster tes filtres pour afficher les modifications.,"बदलाव देखने के लिए, अपने फ़िल्टर में फेरबदल करके देखें.",Cobalah sesuaikan filtermu untuk melihat perubahan.,Prova a regolare i filtri per visualizzare le modifiche.,変更を表示するにはフィルタを調整してみてください。,필터를 조정해 다른 결과를 확인하세요.,"Spróbuj dostosować filtry, aby wyświetlić zmiany.",Tente ajustar seus filtros para ver as alterações.,,ลองปรับเปลี่ยนตัวกรองของคุณเพื่อดูการเปลี่ยนแปลง,Değişiklikleri görüntülemek için filtrelerini değiştirmeyi dene.,Hãy thử điều chỉnh bộ lọc để xem các thay đổi.,,,請嘗試調整您的篩選器以檢視變更。
Studio.ActivityFeed.EmptyComponent.ResetButtonText,,,Reset,Reset,إعادة تعيين,Zurücksetzen,Restablecer,Réinitialiser,रीसेट करें,Reset,Ripristina,リセット,재설정,Zresetuj,Redefinir,,รีเซ็ต,Sıfırla,Đặt Lại,,,重置
Studio.ActivityFeed.EmptyComponent.EditButtonText,,,Edit Filters,Edit Filters,تحرير الفلاتر,Filter bearbeiten,Editar filtros,Modifier les filtres,फ़िल्टर एडिट करें,Edit Filter,Modifica filtri,フィルタ編集,필터 편집,Edytuj filtry,Editar filtros,,แก้ไขตัวกรอง,Filtreleri düzenle,Chỉnh Sửa Bộ Lọc,,,編輯篩選器
Studio.ActivityFeed.ActivityHistoryMain.WithinNumDays,,,Within {numDays} days,Within {numDays} days,خلال {numDays} من الأيام,Innerhalb von {numDays} Tagen,En {numDays} días,En {numDays} jours, {numDays} दिनों के अंदर,Dalam {numDays} hari,Entro {numDays} giorni,{numDays} 日以内,{numDays}일 이내,W ciągu {numDays} dni,Em {numDays} dias,,ภายใน {numDays} วัน,{numDays} gün içinde,Trong vòng {numDays} ngày,,,{numDays} 天內
Studio.ActivityFeed.ActivityHistoryMain.NoEventsBeforeNumDays,,,No events before {numDays} days,No events before {numDays} days,لا توجد أحداث قبل {numDays} من الأيام,Keine Ereignisse vor {numDays} Tagen,No hay eventos antes de {numDays} días,Aucun événement avant {numDays} jours,{numDays} दिन से पहले कोई इवेंट नहीं,Tidak ada acara sebelum {numDays} hari,Nessun evento prima di {numDays} giorni,{numDays} 日前以上のイベントはありません,{numDays}일 이전 이벤트 없음,Brak wydarzeń sprzed {numDays} dni,Nenhum evento antes de {numDays} dias,,ไม่มีอีเวนต์ก่อน {numDays} วัน,{numDays} günden önce etkinlik yok,Không có sự kiện nào diễn ra trước {numDays} ngày,,,{numDays} 天前沒有活動
Studio.ActivityFeed.ActivityHistoryMain.BeforeNumDays,,,Before {numDays} days,Before {numDays} days,قبل {numDays} من الأيام,Vor {numDays} Tagen,Antes de {numDays} días,Avant {numDays} jours,{numDays} दिन पहले,Sebelum {numDays} hari,Prima di {numDays} giorni,{numDays} 日前以上,{numDays}일 이전,Przed {numDays} dniami,Antes de {numDays} dias,,ก่อน {numDays} วัน,{numDays} günden önce,Trước {numDays} ngày,,,{numDays} 天前
Studio.ActivityFeed.FilterMenu.ByCollaborator,,,By Collaborator,By Collaborator,بواسطة المتعاون,Nach Mitwirkendem,Por colaborador,Par collaborateur,कोलैबरेटर के हिसाब से,Oleh Kolaborator,Per collaboratore,共同制作者別,공동 작업자별,Przez współtwórcę,Por colaborador,,โดยผู้ร่วมงาน,Ortak çalışana göre,Theo Cộng Tác Viên,,,依協作者
Studio.ActivityFeed.FilterMenu.Done,,,Done,Done,تم,Fertig,Hecho,Fait,हो गया,Selesai,Fatto,完了,완료,Gotowe,Concluído,,เสร็จสิ้น,Bitti,Hoàn Thành,,,完成
Studio.ActivityFeed.Description.PlacePermissionsSavePlaceAPIWithName,,,"Place setting (Allow update using Save Place API) for ""{placeName}"" was {action}","Place setting (Allow update using Save Place API) for ""{placeName}"" was {action}","إعداد المكان (السماح بالتحديث باستخدام API لحفظ المكان) من أجل ""{placeName}"" كان {action}","Ortseinstellung (Aktualisieren durch die Save-Place-API zulassen) für ""{placeName}"" wurde {action}","Se {action} la configuración del lugar (permitir descarga usando la API SavePlace) para ""{placeName}""","Le réglage du lieu (Autoriser la mise à jour à l'aide de l'API Save Place) pour ""{placeName}"" était {action}",{placeName} के लिए प्लेस सेटिंग (सेव प्लेस API का इस्तेमाल करके अपडेट की परमिशन दें) {action} थी,"Pengaturan tempat (Mengizinkan update menggunakan API Simpan Tempat) untuk ""{placeName}"" telah {action}","L'impostazione del posto (Consenti aggiornamento utilizzando l'API Salva località) per ""{placeName}"" era {action}",「{placeName}」のプレース設定（[プレース API を保存] を使用して更新を許可）が {action},'{placeName}'에 대한 플레이스 설정(Save Place API를 사용한 업데이트 허용)이 {action}되었습니다,Ustawienie miejsca (Zezwalaj na aktualizowanie przy użyciu interfejsu API Save Place) dla miejsca „{placeName}”: {action},"A configuração de local (Permitir atualização usando a API Save Place) para ""{placeName}"" foi {action}",,"การตั้งค่าสถานที่ (อนุญาตการอัปเดตโดยใช้การบันทึก API สถานที่) ของ ""{placeName}"" ได้รับการ{action}แล้ว","""{placeName}"" mekânı ayarı (Mekân kaydetme API'ı aracılığıyla güncellemeye izin ver) {action}","Cài đặt địa điểm (Cho phép cập nhật bằng API Lưu Địa Điểm) cho ""{placeName}"" đã được {action}",,,「{placeName}」的地點設定 (允許使用儲存地點 API 進行更新) {action}
Studio.ActivityFeed.FilterMenu.JumpToDate,,,Jump To,Jump To,الانتقال إلى,Gehe zu,Saltar a,Aller à,इसमें जंप करें,Loncat ke,Passa a,以下に移動:,다음으로 이동:,Przeskocz do,Ir para,,กระโดดไปยัง,Atla,Chuyển Đến,,,跳至
Studio.ActivityFeed.FilterMenu.FilterForNone,,,None,None,لا شيء,Keine,Ninguna,Aucun,कुछ भी नहीं,Tidak ada,Nessuno,なし,없음,Brak,Nenhum,,ไม่มี,Hiçbiri,Không Có,,,無
Studio.ActivityFeed.Description.MonetizationSettingsPlayableDevicesEmpty,,,All Playable Devices were removed,All Playable Devices were removed,تمت إزالة جميع الأجهزة التي يمكن تشغيلها,Alle spielbaren Geräte wurden entfernt,Se eliminaron todos los dispositivos reproducibles,Tous les appareils jouables ont été supprimés,सभी खेलने लायक डिवाइस हटा दिए गए थे,Semua Perangkat yang Dapat Dimainkan telah dihapus,Tutti i dispositivi giocabili sono stati rimossi,プレイ可能なデバイスがすべて削除されました,전체 플레이 가능한 기기가 제거되었습니다,Usunięto wszystkie obsługiwane urządzenia,Todos os dispositivos jogáveis foram removidos,,ลบอุปกรณ์ที่สามารถเล่นได้ทั้งหมดแล้ว,Tüm Oynanabilir Cihazlar kaldırıldı,Tất cả các Thiết Bị Có Thể Chơi đã bị gỡ bỏ,,,所有可遊玩裝置皆已移除
Studio.ActivityFeed.Description.PlacePermissionsCreatePlaceAPIWithName,,,"Place setting (Allow copy as a template using Create Place API) for ""{placeName}"" was {action}","Place setting (Allow copy as a template using Create Place API) for ""{placeName}"" was {action}","إعداد المكان (السماح بالنسخ كقالب باستخدام API لإنشاء المكان) من أجل ""{placeName}"" كان {action}","Ortseinstellung (Kopieren als Vorlage durch die Create-Place-API zulassen) für ""{placeName}"" wurde {action}","Se {action} la configuración del lugar (permitir la copia en formato plantilla usando la API CreatePlace) para ""{placeName}""","Le paramètre de lieu (Autoriser la copie en tant que modèle en utilisant Create Place API) pour ""{placeName}"" était {action}","{placeName} के लिए प्लेस सेटिंग (क्रिएट प्लेस API का इस्तेमाल करके, टेम्प्लेट के रूप में कॉपी की परमिशन दें) {action} थी","Pengaturan tempat (Mengizinkan penggunaan salinan sebagai templat menggunakan API Buat Tempat) untuk ""{placeName}"" telah {action}","L'impostazione del posto (Consenti copia come modello utilizzando l'API Crea località) per ""{placeName}"" era {action}",「{placeName}」のプレース設定（[プレース API を作成] を使用してコピーを許可）が {action},'{placeName}'에 대한 플레이스 설정(Create Place API를 사용해 템플릿으로 복사 허용)이 {action}되었습니다,Ustawienie miejsca (Zezwalaj na użycie kopii jako szablonu przy użyciu interfejsu API Create Place) dla miejsca „{placeName}”: {action},"A configuração de local (Permitir cópia como um modelo usando a API Create Place) para ""{placeName}"" foi {action}",,"การตั้งค่าสถานที่ (อนุญาตการคัดลอกเป็นเทมเพลตโดยใช้การสร้าง API สถานที่) ของ ""{placeName}"" ได้รับการ{action}แล้ว","""{placeName}"" mekânı ayarı (Mekân oluşturma API'ı aracılığıyla taslak olarak kopyalamaya izin ver) {action}","Cài đặt địa điểm (Cho phép sao chép dưới dạng mẫu bằng API Tạo Địa Điểm) cho ""{placeName}"" đã được {action}",,,「{placeName}」的地點設定 (允許使用建立地點 API 複製為範本) {action}
Studio.ActivityFeed.Description.CompletedQuestionnaireMaturity,,,Maturity & Compliance Questionnaire was updated,Maturity & Compliance Questionnaire was updated,تم تحديث استبيان حساسية المحتوى والامتثال,Einstufungs- & Compliance-Fragebogen wurde aktualisiert,Se actualizó el Cuestionario de madurez y cumplimiento,Le questionnaire sur l'échéance et la conformité a été mis à jour,मैच्योरिटी और कंप्लायंस के सवालों की सूची अपडेट की गई,Kuesioner Kedewasaan & Kepatuhan telah diperbarui,Il questionario sulla maturità e sulla conformità è stato aggiornato,成熟度とコンプライアンス質問フォームが更新されました,수위 및 규정 준수 설문지가 업데이트되었습니다,Zaktualizowano kwestionariusz dotyczący poziomu treści dla dorosłych i zgodności,O questionário de maturidade e conformidade foi atualizado,,อัปเดตแบบสอบถามแนวทางปฏิบัติและความเหมาะสมของเนื้อหาแล้ว,Derecelendirme ve Uyumluluk Anketi güncellendi,Đã cập nhật Bảng Câu Hỏi Về Nội Dung Người Lớn Và Tuân Thủ,,,成年適宜與合規問卷已更新
Studio.ActivityFeed.FilterMenu.FilterForPackage,,,Packages,Packages,الحِزَم,Pakete,Paquetes,Packages,पैकेज,Paket,Pacchetti,パッケージ,패키지,Pakiety,Pacotes,,แพ็คเกจ,Paketler,Gói,,,套件
Studio.ActivityFeed.FilterMenu.FilterForOrganization,,,Organization,Organization,المؤسسة,Organisation,Organización,Organisation,संगठन,Organisasi,Organizzazione,組織,조직,Organizacja,Organização,,องค์กร,Organizasyon,Tổ Chức,,,組織
Studio.ActivityFeed.Description.SecuritySettingsEditableMeshAndTextureAPIAccess,,,EditableMesh / EditableImage API access was {action},EditableMesh / EditableImage API access was {action},كان الوصول إلى EditableMesh / EditableImage API {action},Zugriff auf EditableMesh / EditableImage API wurde {action},El acceso a las API EditableMesh / EditableImage se {action},L'accès à l'API EditableMesh / EditableImage était {action},EditableMesh / EditableImage API का ऐक्सेस {action} था,Akses API EditableMesh/EditableImage {action},L'accesso all'API EditableMesh/EditableImage è stato {action},EditableMesh / EditableImage のAPI アクセスが {action},EditableMesh/EditableImage API 액세스가 {action} 상태로 전환되었습니다,Dostęp do interfejsów API EditableMesh / EditableImage: {action},O acesso da API EditableMesh / EditableImage foi {action},,การเข้าถึง EditableMesh / EditableImage API คือ {action},EditableMesh / EditableImage API erişimi {action},Quyền truy cập API EditableMesh / EditableImage đã được {action},,,EditableMesh / EditableImage API 存取權{action}
Studio.ActivityFeed.LinkError.MissingPackageHeader,,,Package not found,Package not found,لم يتم العثور على الحزمة,Paket nicht gefunden,Paquete no encontrado,Package introuvable,पैकेज नहीं मिला,Paket tidak ditemukan,Pacchetto non trovato,パッケージが見つかりません,패키지를 찾을 수 없음,Nie znaleziono pakietu,Pacote não encontrado,,ไม่พบแพ็คเกจ,Paket bulunamadı,Không tìm thấy gói,,,找不到套件
Studio.ActivityFeed.LinkError.MissingPackageBody,,,The package can't be found. It may have been deleted.,The package can't be found. It may have been deleted.,لا يمكن العثور على الحزمة. ربما تم حذفها.,Das Paket konnte nicht gefunden werden. Es wurde möglicherweise gelöscht.,No se puede encontrar el paquete. Puede que se haya eliminado.,Le package est introuvable. Il a peut-être été supprimé.,पैकेज नहीं मिला. हो सकता है कि इसे डिलीट कर दिया गया हो.,Paket tidak ditemukan. Paket mungkin telah dihapus.,Il pacchetto non può essere trovato. Potrebbe essere stato cancellato.,パッケージが見つかりません。削除された可能性があります。,패키지를 찾을 수 없습니다. 삭제된 패키지일 수 있습니다.,"Nie można znaleźć pakietu. Możliwe, że został usunięty.",O pacote não pôde ser encontrado. Ele pode ter sido excluído.,,หาแพ็คเกจไม่พบ มันอาจถูกลบไปแล้ว,Paket bulunamıyor. Silinmiş olabilir.,Không tìm thấy gói. Có thể gói đã bị xóa.,,,找不到該套件，可能已遭刪除。
Studio.ActivityFeed.LinkError.MissingScriptHeader,,,Script not found,Script not found,لم يتم العثور على النص البرمجي,Script nicht gefunden,Script no encontrado,Script introuvable,स्क्रिप्ट नहीं मिली,Script tidak ditemukan,Script non trovato,スクリプトが見つかりません,스크립트를 찾을 수 없음,Nie znaleziono skryptu,Script não encontrado,,ไม่พบสคริปต์,Betik bulunamadı,Không tìm thấy tập lệnh,,,找不到指令碼
Studio.ActivityFeed.LinkError.MissingScriptBody,,,The script can't be found. It may have been deleted.,The script can't be found. It may have been deleted.,لا يمكن العثور على النص البرمجي. ربما تم حذفه.,Das Script konnte nicht gefunden werden. Es wurde möglicherweise gelöscht.,No se pudo encontrar el script. Puede que se haya eliminado.,Le script est introuvable. Il a peut-être été supprimé.,स्क्रिप्ट नहीं मिली. हो सकता है कि इसे डिलीट कर दिया गया हो.,Skrip tidak ditemukan. Skrip mungkin telah dihapus.,Impossibile trovare lo script. Potrebbe essere stato cancellato.,スクリプトが見つかりません。削除された可能性があります。,스크립트를 찾을 수 없습니다. 삭제되었을 수 있습니다.,"Nie można znaleźć skryptu. Możliwe, że został usunięty.",O pacote não pôde ser encontrado. Ele pode ter sido excluído.,,หาสคริปต์ไม่พบ มันอาจถูกลบไปแล้ว,Komut dosyası bulunamıyor. Silinmiş olabilir.,Không tìm thấy tập lệnh. Tập lệnh có thể đã bị xóa.,,,找不到該指令碼，可能已遭刪除。
Studio.ActivityFeed.Description.DraftCommitScriptsMultiple,,,{numberOfScripts} scripts were committed,{numberOfScripts} scripts were committed,تم تثبيت {numberOfScripts} من النصوص البرمجية,{numberOfScripts} Scripts wurden committet,Se confirmaron {numberOfScripts} scripts,Les scripts {numberOfScripts} ont été validés,{numberOfScripts} स्क्रिप्ट्स कमिट हो गई हैं,{numberOfScripts} skrip di-commit,Sono stati eseguiti i commit di {numberOfScripts} script,{numberOfScripts} 件のスクリプトをコミットしました,{numberOfScripts}개 스크립트가 커밋되었습니다,Zatwierdzono {numberOfScripts} skrypty(-ów),{numberOfScripts} scripts foram validados,,{numberOfScripts} สคริปต์ได้รับการยืนยัน,{numberOfScripts} betik işlendi,{numberOfScripts} tập lệnh đã được thực hiện,{numberOfScripts} 个脚本已提交,{numberOfScripts} 个脚本已提交,{numberOfScripts} 個指令碼已提交
Studio.ActivityFeed.FilterMenu.FilterForScripts,,,Scripts,Scripts,النصوص البرمجية,Scripts,Scripts,Scripts,स्क्रिप्ट्स,Script,Script,スクリプト,스크립트,Skrypty,Scripts,,สคริปต์,Betikler,Tập lệnh,,,指令碼
Studio.ActivityFeed.Description.PackagePublish,,,Version {versionNumber} of {packageName} was published.,Version {versionNumber} of {packageName} was published.,تم نشر الإصدار {versionNumber} من {packageName}.,Version {versionNumber} von {packageName} wurde veröffentlicht.,Se publicó la versión {versionNumber} de {packageName}.,La version {versionNumber} de {packageName} a été publiée.,{packageName} का वर्ज़न {versionNumber} पब्लिश किया गया था.,Versi {versionNumber} {packageName} telah dipublikasikan.,La versione {versionNumber} del pacchetto {packageName} è stata pubblicata.,{packageName} の バージョン {versionNumber} が公開されました。,{packageName}의 {versionNumber} 버전이 게시되었습니다.,Opublikowano wersję {versionNumber} pakietu {packageName}.,A versão {versionNumber} do {packageName} foi publicada.,,เวอร์ชัน {versionNumber} ของ {packageName} ถูกเผยแพร่แล้ว,{packageName} paketinin {versionNumber} sürümü yayınlandı.,Phiên bản {versionNumber} của {packageName} đã được phát hành.,,,「{packageName}」的版本 {versionNumber} 已發佈。
Studio.ActivityFeed.Description.PackageManualUpdate,,,{numberOfPackages} out of {totalPackages} instances of Package {packageName} updated to version {versionNumber}.,{numberOfPackages} out of {totalPackages} instances of Package {packageName} updated to version {versionNumber}.,{numberOfPackages} من {totalPackages} من حالات الحزمة {packageName} تم تحديثها إلى الإصدار {versionNumber}.,{numberOfPackages} von {totalPackages} Instanzen des Pakets {packageName} wurden auf Version {versionNumber} aktualisiert.,{numberOfPackages} de {totalPackages} instancias del Paquete {packageName} se actualizó a la versión {versionNumber}.,{numberOfPackages} sur {totalPackages} instances du packages {packageName} mises à jour à la version {versionNumber}.,{totalPackages} में से {numberOfPackages} पैकेज {packageName} के इंस्टैंस को  {versionNumber} वर्ज़न पर अपडेट किया गया.,{numberOfPackages} dari {totalPackages} instans Paket {packageName} di-update ke versi {versionNumber}.,{numberOfPackages} di {totalPackages} istanze del pacchetto {packageName} sono state aggiornate alla versione {versionNumber}.,パッケージ（{packageName}）で、 {totalPackages} 件中 {numberOfPackages} 件のインスタンスが手動でバージョン {versionNumber} に更新されました,{packageName} 패키지의 인스턴스 {totalPackages}개 중 {numberOfPackages}개가 {versionNumber} 버전으로 업데이트되었습니다.,{numberOfPackages} z {totalPackages} instancji pakietu {packageName} zaktualizowano do wersji {versionNumber}.,{numberOfPackages} de {totalPackages} instâncias do pacote {packageName} atualizadas para a versão {versionNumber}.,,{numberOfPackages} จาก {totalPackages} รายการของแพ็คเกจ {packageName} ได้รับการอัปเดตเป็นเวอร์ชัน {versionNumber},{totalPackages} paketten toplam {numberOfPackages} {packageName} paketi örneği {versionNumber} sürümüne güncellendi.,{numberOfPackages}/{totalPackages} đối tượng của Gói {packageName} đã được cập nhật lên phiên bản {versionNumber}.,,,套件「{packageName}」的 {numberOfPackages} 個個體（共 {totalPackages} 個）已更新至版本 {versionNumber}。
Studio.ActivityFeed.Description.PackageAutoUpdate,,,"{numberOfPackages} out of {totalPackages} instances of Package {packageName} auto-updated to version {versionNumber}.
{failedPackages} package instances failed to update due to its modified state.","{numberOfPackages} out of {totalPackages} instances of Package {packageName} auto-updated to version {versionNumber}.
{failedPackages} package instances failed to update due to its modified state.","{numberOfPackages} من {totalPackages} من حالات الحزمة {packageName} تم تحديثها تلقائيًا إلى الإصدار {versionNumber}.
حالات الحزمة {failedPackages} فشلت في التحديث بسبب حالتها المعدلة.","{numberOfPackages} von {totalPackages} Instanzen des Pakets {packageName} wurden automatisch auf Version {versionNumber} aktualisiert.
{failedPackages} Paketinstanzen konnten aufgrund ihres geänderten Zustands nicht aktualisiert werden.","{numberOfPackages} de {totalPackages} instancias del Paquete {packageName} actualizadas automáticamente a la versión {versionNumber}.
Las instancias de paquetes {failedPackages} no se pudieron actualizar debido a su estado modificado.","{numberOfPackages} sur {totalPackages} instances du package {packageName} mises à jour automatiquement avec la version {versionNumber}. 
Les instances de {failedPackages} n'ont pas réussi à se mettre à jour en raison de leur état modifié.","{totalPackages} में से {numberOfPackages} इंस्टैंस के पैकेज {packageName} के {versionNumber} पर ऑटो-अपडेट किए गए.
 {failedPackages} पैकेज के इंस्टैंस को इसकी बदली हुई स्थिति के कारण अपडेट नहीं किया जा सका.","{numberOfPackages} dari {totalPackages} instans Paket {packageName} di-update otomatis ke versi {versionNumber}.
{failedPackages} instans paket gagal di-update karena telah dimodifikasi dari kondisi aslinya.","{numberOfPackages} di {totalPackages} istanze del pacchetto {packageName} si sono aggiornate automaticamente alla versione {versionNumber}.
{failedPackages} istanze dei pacchetti non sono state aggiornate a causa del loro stato modificato.","パッケージ（{packageName}）で、{totalPackages} 件中 {numberOfPackages} 件のインスタンスがバージョン {versionNumber}に自動更新されました。
{failedPackages} 件のパッケージインスタンスは、修正済みのため更新できませんでした。","{packageName} 패키지의 인스턴스 {totalPackages}개 중 {numberOfPackages}개가 {versionNumber} 버전으로 자동 업데이트되었습니다.
{failedPackages} 패키지 인스턴스는 상태가 수정되어 업데이트에 실패했습니다.","{numberOfPackages} z {totalPackages} instancji pakietu {packageName} automatycznie zaktualizowano do wersji {versionNumber}.
{failedPackages} spośród tych instancji nie udało się zaktualizować ze względu na to, że została zmodyfikowana.","{numberOfPackages} de {totalPackages} instâncias do pacote {packageName} foram atualizadas automaticamente para a versão {versionNumber}.
As instâncias de pacotes {failedPackages} falharam em atualizar devido ao seu estado modificado.",,"{numberOfPackages} จาก {totalPackages} รายการของแพ็คเกจ {packageName} ได้รับการอัปเดตเป็นเวอร์ชัน {versionNumber}
อัปเดตรายการแพ็คเกจ {failedPackages} ไม่สำเร็จเนื่องจากสถานะที่ถูกแก้ไข","{totalPackages} paketten toplam {numberOfPackages} {packageName} paketi örneği {versionNumber} sürümüne güncellendi.
Değiştirilmiş olduğu için {failedPackages} paket örneği güncellenemedi.","{numberOfPackages}/{totalPackages} đối tượng của Gói {packageName} đã tự động cập nhật lên phiên bản {versionNumber}.
Không thể cập nhật các đối tượng gói {failedPackages} do trạng thái của các đối tượng này đã được chỉnh sửa.",,,"套件「{packageName}」的 {numberOfPackages} 個個體（共 {totalPackages} 個）已自動更新至版本 {versionNumber}。
{failedPackages} 個套件個體因其修改狀態而無法更新。"
Studio.ActivityFeed.Description.PackageAutoUpdateToggle,,,Auto-update was {action} for an instance of Package {packageName}.,Auto-update was {action} for an instance of Package {packageName}.,كان التحديث التلقائي {action} لحالة الحزمة {packageName}.,Auto-Update wurde {action} für eine Instanz des Pakets {packageName}.,La actualización automática se {action} para una instancia del Paquete {packageName}.,La mise à jour automatique était {action} pour une instance du package {packageName} .,"पैकेज {packageName} के एक इंस्टैंस के लिए, ऑटो-अपडेट {action} था.",Update otomatis adalah {action} untuk instans Paket {packageName}.,L'aggiornamento automatico era {action} per un'istanza del pacchetto {packageName}.,パッケージ（{packageName}）のインスタンスへの自動更新： {action},{packageName} 패키지의 인스턴스에 대해 자동 업데이트가 {action} 상태로 전환되었습니다.,Automatyczna aktualizacja instancji pakietu {packageName}: {action}.,A atualização automática foi {action} para uma instância do pacote '{packageName}',,การอัปเดตอัตโนมัติคือ {action} สำหรับอินสแตนซ์ของแพ็คเกจ {packageName},Bir {packageName} paketi örneği için otomatik güncelleme: {action},Cập nhật tự động là {action} đối với đối tượng của Gói {packageName}.,,,套件「{packageName}」的個體自動更新{action}。
Studio.ActivityFeed.Description.DraftCommitScriptsSingle,,,A script was committed,A script was committed,تم تثبيت نص برمجي,Ein Skript wurde committet,Se confirmó un script,Un script a été validé,स्क्रिप्ट कमिट की गई थी,Ada skrip yang di-commit,È stato eseguito il commit di uno script,スクリプトをコミットしました,스크립트가 커밋되었습니다,Zatwierdzono skrypt,Um script foi validado,,สคริปต์ได้รับการยืนยัน,Bir betik işlendi,Một tập lệnh đã được thực hiện,脚本已提交,脚本已提交,指令碼已提交
Studio.ActivityFeed.Bubble.ViewInExplorer,,,Select in Explorer,Select in Explorer,تحديد في المتصفح,Im Explorer auswählen,Seleccionar en Explorador,Sélectionner dans Explorer,एक्सप्लोरर में सिलेक्ट करें,Pilih di Eksplorer,Seleziona in Esploratore,エクスプローラで選択,탐색기에서 선택,Zaznacz w eksploratorze,Selecionar no Explorador,,เลือกในการสำรวจ,Gezgin'de seç,Chọn trong Trình Khám Phá,,,在總管選擇
Studio.ActivityFeed.Bubble.ViewPackageVersionHistory,,,See Package Version History,See Package Version History,راجع سجل إصدارات الحزمة,Paketversionshistorie anzeigen,Ver historial de versión del paquete,Voir l'historique des versions du package,पैकेज की वर्ज़न हिस्ट्री देखें,Lihat Riwayat Versi Paket,Vedi la cronologia delle versioni del pacchetto,パッケージのバージョン履歴を表示,패키지 버전 기록 보기,Wyświetl historię wersji pakietu,Ver histórico da versão do pacote,,ดูประวัติเวอร์ชันแพ็คเกจ,Paket Sürümü Geçmişini gör,Xem Lịch Sử Phiên Bản Gói,,,查看套件版本歷史紀錄
Studio.ActivityFeed.Description.PackageAutoUpdateNoFailed,,,{numberOfPackages} out of {totalPackages} instances of Package {packageName} auto-updated to version {versionNumber}.,{numberOfPackages} out of {totalPackages} instances of Package {packageName} auto-updated to version {versionNumber}.,{numberOfPackages} من {totalPackages} من حالات الحزمة {packageName} تم تحديثها تلقائيًا إلى الإصدار {versionNumber}.,{numberOfPackages} von {totalPackages} Instanzen des Pakets {packageName} wurden automatisch auf Version {versionNumber} aktualisiert.,{numberOfPackages} de {totalPackages} instancias del Paquete {packageName} se actualizaron automáticamente a la versión {versionNumber}.,{numberOfPackages} sur {totalPackages} instances du packages {packageName} mises à jour automatiquement à la version {versionNumber}.,{totalPackages} में से {numberOfPackages} पैकेज {packageName} के इंस्टैंस को  {versionNumber} वर्ज़न पर ऑटो-अपडेट किया गया.,{numberOfPackages} dari {totalPackages} instans Paket {packageName} di-update otomatis ke versi {versionNumber}.,{numberOfPackages} di {totalPackages} istanze del pacchetto {packageName} sono state aggiornate automaticamente alla versione {versionNumber}.,パッケージ（{packageName}）で、 {totalPackages} 件中 {numberOfPackages} 件のインスタンスがバージョン {versionNumber} に自動更新されました,{packageName} 패키지의 인스턴스 {totalPackages}개 중 {numberOfPackages}개가 {versionNumber} 버전으로 자동 업데이트되었습니다.,{numberOfPackages} z {totalPackages} instancji pakietu {packageName} – zaktualizowano automatycznie do wersji {versionNumber}.,{numberOfPackages} de {totalPackages} instâncias do pacote {packageName} foram auto-atualizadas para a versão {versionNumber}.,,{numberOfPackages} จาก {totalPackages} รายการของแพ็คเกจ {packageName} ได้รับการอัปเดตอัตโนมัติเป็นเวอร์ชัน {versionNumber},{totalPackages} paketten toplam {numberOfPackages} {packageName} paketi örneği {versionNumber} sürümüne otomatik olarak güncellendi.,{numberOfPackages}/{totalPackages} đối tượng của Gói {packageName} đã được tự động cập nhật lên phiên bản {versionNumber}.,,,套件「{packageName}」的 {numberOfPackages} 個個體（共 {totalPackages} 個）已自動更新至版本 {versionNumber}。
Studio.ActivityFeed.Description.DraftCommitXMoreScripts,,,{missingScripts} more script(s),{missingScripts} more script(s),{missingScripts} من النصوص البرمجية الإضافية,{missingScripts} weitere(s) Skript(e),{missingScripts} scripts más,{missingScripts} script(s) supplémentaire(s),{missingScripts} और स्क्रिप्ट,{missingScripts} skrip lagi,{missingScripts} altri script,あと {missingScripts} 件のスクリプト,스크립트 {missingScripts}개 더,Jeszcze tyle skryptów: {missingScripts},{missingScripts} mais scripts,,สคริปต์อีก {missingScripts} รายการ,{missingScripts} tane daha komut dosyası,{missingScripts} kịch bản khác,,,還缺少 {missingScripts} 個指令碼
Studio.ActivityFeed.Permission.Universe.AnalyticsViewer,,,View Analytics,View Analytics,عرض التحليلات,Analytics anzeigen,Ver análisis,Afficher les analyses,एनालिटिक्स देखें,Lihat Analitik,Visualizza dati analitici,解析を表示,애널리틱스 보기,Wyświetl dane analityczne,Ver dados analíticos,,ดูการวิเคราะห์,Analizleri Görüntüle,Xem Phân Tích,查看分析,查看分析,檢視分析
Studio.ActivityFeed.Description.RoleExperiencePermissionsRevoked,,,All permissions were revoked for {roleName} on {universeName}.,All permissions were revoked for {roleName} on {universeName}.,تم إلغاء كل الأذونات لأجل {roleName} في {universeName}.,Alle Berechtigungen wurden für {roleName} auf {universeName} widerrufen.,Todos los permisos se revocaron para {roleName} en {universeName}.,Toutes les autorisations ont été révoquées pour {roleName} sur {universeName}.,"{universeName} पर {roleName} के लिए, सभी परमिशन वापस ले ली गई थीं.",Semua izin untuk {roleName} di {universeName} dibatalkan.,Sono stati revocati tutti i permessi per il ruolo di {roleName} su {universeName}.,{universeName} 上の {roleName} のすべての権限が取り消されました。,{universeName}에서 {roleName}의 모든 권한이 취소되었습니다.,Cofnięto wszystkie uprawnienia dla roli {roleName} w uniwersum {universeName}.,Todas as permissões foram revogadas para {roleName} em {universeName}.,,สิทธิ์ทั้งหมดถูกยกเลิกสำหรับ {roleName} บน {universeName} แล้ว,{universeName} evreninde {roleName} rolü için tüm izinler kaldırıldı.,Đã thu hồi tất cả các quyền cho {roleName} trên {universeName}.,,,已撤銷「{roleName}」在「{universeName}」的所有權限。
Studio.ActivityFeed.Permission.Universe.GranularPlayer,,,Play,Play,تشغيل,Spielen,Jugar,Jouer,खेलें,Mainkan,Gioca,プレイ,플레이,Zagraj,Jogar,,เล่น,Oynama,Chơi,开始游戏,开始游戏,執行
Studio.ActivityFeed.Permission.Universe.GranularEditor,,,Edit,Edit,تحرير,Bearbeiten,Editar,Modifier,एडिट करें,Edit,Modifica,編集,편집,Edytuj,Editar,,แก้ไข,Düzenleme,Chỉnh Sửa,编辑,编辑,編輯
Studio.ActivityFeed.Permission.Universe.GranularPublisher,,,Publish,Publish,نشر,Veröffentlichen,Publicar,Publier,पब्लिश करें,Publikasikan,Pubblica,公開,게시,Opublikuj,Publicar,,เผยแพร่,Yayınlama,Phát Hành,发布,发布,發佈
Studio.ActivityFeed.Description.RoleExperiencePermissionsUpdated,,,Permissions were updated for {roleName} on {universeName}. They can now {permissions},Permissions were updated for {roleName} on {universeName}. They can now {permissions},تم تحديث الأذونات من أجل {roleName} في {universeName}. يمكنها الآن {permissions},Berechtigungen wurden für {roleName} auf {universeName} aktualisiert. Sie können jetzt {permissions},Los permisos se actualizaron para {roleName} en {universeName}. Ahora pueden ser {permissions},Les autorisations ont été mises à jour pour {roleName} sur {universeName}. Elles peuvent maintenant {permissions},{roleName} के लिए {universeName} पर परमिशन अपडेट की गई थीं. अब वे {permissions} कर सकते हैं.,Izin untuk {roleName} di {universeName} di-update. Dia sekarang dapat {permissions},"Sono stati aggiornati i permessi per il ruolo di {roleName} su {universeName}. Ora, gli utenti con questo ruolo possono {permissions}",{universeName}上の {roleName} の権限が更新されました。以下ができるようになりました： {permissions},{universeName}에서 {roleName}의 권한이 업데이트되었습니다. 이제 {permissions} 할 수 있습니다,Zaktualizowano uprawnienia dla roli {roleName} w uniwersum {universeName}. Obecne uprawnienia to: {permissions},As permissões foram atualizadas para {roleName} on {universeName}. Agora essa pessoa pode {permissions},,สิทธิ์ได้รับการอัปเดตสำหรับ {roleName} บน {universeName} พวกเขาสามารถ {permissions} ได้แล้ว,{universeName} evreninde {roleName} rolü için izinler güncellendi. Artık {permissions} iznine sahipler.,Đã cập nhật các quyền cho {roleName} trên {universeName}. Họ hiện có thể {permissions},,,已更新「{roleName}」在「{universeName}」的權限。他們現在可以「{permissions}」
Studio.ActivityFeed.Description.ExperiencePermissionsUpdated,,,Permissions were updated for {roleName}. They can now {permissions}.,Permissions were updated for {roleName}. They can now {permissions}.,تم تحديث الأذونات من أجل {roleName}. يمكنها الآن {permissions}.,Berechtigungen wurden für {roleName} aktualisiert. Sie können jetzt {permissions}.,Los permisos se actualizaron para {roleName}. Ahora pueden ser {permissions}.,Les autorisations ont été mises à jour pour {roleName}. Elles peuvent maintenant {permissions}.,{roleName} के लिए परमिशन अपडेट की गई थीं. अब वे {permissions} कर सकते हैं.,Izin untuk {roleName} di-update. Dia sekarang dapat {permissions}.,"Sono stati aggiornati i permessi per il ruolo di {roleName}. Ora, gli utenti con questo ruolo possono {permissions}.",{roleName} の権限が更新されました。以下ができるようになりました： {permissions},{roleName}의 권한이 업데이트되었습니다. 이제 {permissions} 할 수 있습니다.,Zaktualizowano uprawnienia dla roli {roleName}. Obecne uprawnienia to: {permissions}.,As permissões foram atualizadas para {roleName}. Agora essa pessoa pode {permissions}.,,สิทธิ์ได้รับการอัปเดตสำหรับ {roleName} พวกเขาสามารถ {permissions} ได้แล้ว,{roleName} rolü için izinler güncellendi. Artık {permissions} iznine sahipler.,Đã cập nhật các quyền cho {roleName}. Họ hiện có thể {permissions}.,,,已更新「{roleName}」的權限。他們現在可以「{permissions}」。
Studio.ActivityFeed.Description.ExperiencePermissionsRevoked,,,All permissions were revoked for {roleName}.,All permissions were revoked for {roleName}.,تم إلغاء كل الأذونات من أجل {roleName}.,Alle Berechtigungen wurden für {roleName} widerrufen.,Todos los permisos se revocaron para {roleName}.,Toutes les autorisations ont été révoquées pour {roleName}.,"{roleName} के लिए, सभी परमिशन वापस ले लिए गए थे.",Semua izin untuk {roleName} dibatalkan.,Sono stati revocati tutti i permessi per il ruolo di {roleName}.,{roleName} のすべての権限が取り消されました。,{roleName}의 모든 권한이 취소되었습니다.,Cofnięto wszystkie uprawnienia dla roli {roleName}.,Todas as permissões foram revogadas para {roleName}.,,สิทธิ์ทั้งหมดถูกยกเลิกสำหรับ {roleName} แล้ว,{roleName} için tüm izinler kaldırıldı.,Đã thu hồi tất cả các quyền cho {roleName}.,,,已撤銷「{roleName}」的所有權限。
Studio.ActivityFeed.Description.DraftCommitOneMoreScript,,,1 more script,1 more script,نص برمجي واحد إضافي,1 weiteres Script,1 script más,1 script supplémentaire,1 और स्क्रिप्ट,1 script lainnya,1 altro script,あと1件のスクリプト,스크립트 1개 더,Jeszcze 1 skrypt,1 outro script,,อีก 1 สคริปต์,1 tane daha komut dosyası,1 kịch bản khác,,,還缺 1 個指令碼
