Key,Context,Example,Source,en-us,ar-001,de-de,es-es,fr-fr,hi-in,id-id,it-it,ja-jp,ko-kr,pl-pl,pt-br,ru-ru,th-th,tr-tr,vi-vn,zh-cjv,zh-cn,zh-tw
Studio.TerrainEditor.Main.Title,,,Terrain Editor,Terrain Editor,محرر التضاريس,Gelände-Editor,Editor de terreno,Éditeur de terrain,टेरेन एडिटर,Editor Medan,Editor di terreno,地形編集,지형 편집기,Edytor terenu,Editor de terreno,Редактор рельефа,เครื่องมือแก้ไขภูมิประเทศ,Arazi Düzenleyici,Trình Chỉnh Sửa Địa Hình,地形编辑器,地形编辑器,地形編輯器
Studio.TerrainEditor.Main.ToolbarButton,,,Editor,Editor,المحرر,Editor,Editor,Éditeur,एडिटर,Editor,Editor,編集,편집기,Edytor,Editor,Редактор,เครื่องมือแก้ไข,Düzenleyici,Trình Chỉnh Sửa,编辑器,编辑器,編輯器
Studio.TerrainEditor.Main.Tooltip,,,"Add, remove, and modify terrain","Add, remove, and modify terrain",إضافة التضاريس وإزالتها وتعديلها,"Gelände hinzufügen, entfernen und modifizieren","Añade, elimina y modifica el terreno","Ajouter, supprimer et modifier le terrain","टेरेन जोड़ें, निकालें और उसमें बदलाव करें","Tambahkan, hapus, dan modifikasi medan","Aggiungi, rimuovi e modifica terreno",地形の削除、追加、変更,"지형 추가, 제거, 수정","Dodawaj, usuwaj i modyfikuj teren","Adicione, remova e modifique o terreno","Добавляйте, удаляйте и изменяйте рельеф","เพิ่ม, ลบ และแก้ไขภูมิประเทศ","Arazi ekle, kaldır ve düzenle","Thêm, bỏ và sửa đổi địa hình",添加、删除和修改地形,添加、删除和修改地形,新增、移除及修改地形
Studio.TerrainEditor.MainButtons.Generate,,,Generate,Generate,إنشاء,Generieren,Generar,Générer,जेनरेट करें,Buat,Genera,作成する,생성,Wygeneruj,Gerar,Генерировать,สร้าง,Oluştur,Tạo,生成,生成,產生
Studio.TerrainEditor.MainButtons.Add,,,Add,Add,إضافة,Hinzufügen,Añadir,Ajouter,जोड़ें,Tambahkan,Aggiungi,拡大,추가,Dodaj,Adicionar,Добавить,เพิ่ม,Ekle,Thêm,增加,增加,新增
Studio.TerrainEditor.MainButtons.Subtract,,,Subtract,Subtract,طرح,Entfernen,Sustraer,Soustraire,घटाएँ,Kurangi,Rimuovi,削減,삭제,Odejmij,Subtrair,Вычесть,ลบ,Çıkar,Trừ,减少,减少,刪減
Studio.TerrainEditor.MainButtons.Paint,,,Paint,Paint,طلاء,Bemalen,Pintar,Peindre,पेंट करें,Cat,Dipingi,ペイント,칠하기,Pomaluj,Pintar,Раскрасить,ทาสี,Boya,Vẽ,绘制,绘制,上色
Studio.TerrainEditor.MainButtons.Grow,,,Grow,Grow,تنمية,Erhöhen,Aumentar,Augmenter,ग्रो करें,Tumbuhkan,Ingrandisci,大きく,높이기,Rozwiń,Aumentar,Нарастить,เติม,Büyüt,Tăng,增长,增长,生長
Studio.TerrainEditor.MainButtons.Erode,,,Erode,Erode,تآكل,Erodieren,Erosionar,Éroder,इरोड करें,Kikis,Erodi,削る,낮추기,Zeroduj,Erodir,Эрозия,ยุบลง,Aşındır,Xói Mòn,侵蚀,侵蚀,侵蝕
Studio.TerrainEditor.MainButtons.Smooth,,,Smooth,Smooth,إزالة الحواف الزائدة,Glätten,Alisar,Lisser,समतल करें,Mulus,Livella,平らにする,다듬기,Wygładzaj,Suavizar,Сгладить,ปรับให้เรียบ,Pürüzsüzleştir,Mịn,平滑,平滑,磨平
Studio.TerrainEditor.MainButtons.Regions,,,Regions,Regions,المناطق,Regionen,Regiones,Régions,इलाके,Wilayah,Aree,地域,범위,Regiony,Regiões,Области,ภูมิภาค,Bölgeler,Khu Vực,区域,区域,地區
Studio.TerrainEditor.MainButtons.GenerateTooltip,,,Generate landscapes of terrain.,Generate landscapes of terrain.,إنشاء مناظر أفقية للتضاريس.,Generiere Landschaften des Geländes.,Genera paisajes de terreno.,Générer des paysages grâce au terrain.,टेरेन के लैंडस्केप जेनरेट करें.,Buat lanskap medan.,Genera paesaggi di terreno.,地形の景観を作成する。,지형의 풍경을 생성합니다.,Wygeneruj krajobrazy terenu.,Gerar paisagens de terreno.,Создание рельефа.,สร้างภูมิทัศน์ของภูมิประเทศ,Arazi manzaraları oluştur.,Tạo cảnh quan của địa hình.,生成地形地貌。,生成地形地貌。,生成地形景觀。
Studio.TerrainEditor.MainButtons.AddTooltip,,,Click and hold to add terrain.,Click and hold to add terrain.,اضغط مع الاستمرار لإضافة تضاريس.,"Klicke und halte, um Gelände hinzuzufügen.",Haz clic y mantén presionado para añadir terreno.,Cliquer et maintenir pour ajouter du terrain.,टेरेन जोड़ने के लिए क्लिक और होल्ड करें.,Klik dan tahan untuk menambahkan medan.,Clicca e tieni premuto per aggiungere il terreno.,クリックして長押しで地形を追加。,길게 클릭해 지형을 추가합니다.,"Kliknij i przytrzymaj, aby dodać teren.",Clique e mantenha pressionado para adicionar terreno.,"Удерживайте кнопку мыши, чтобы добавить рельеф.",คลิกแล้วกดค้างไว้เพื่อเพิ่มภูมิประเทศ,Arazi eklemek için tıkla ve basılı tut.,Nhấp vào và giữ để thêm địa hình.,单击并按住以增加地形。,单击并按住以增加地形。,按住不放以加入地形。
Studio.TerrainEditor.MainButtons.SubtractTooltip,,,Click and hold to remove terrain.,Click and hold to remove terrain.,اضغط مع الاستمرار لإزالة التضاريس.,"Klicke und halte, um Gelände zu entfernen.",Haz clic y mantén presionado para eliminar terreno.,Cliquer et maintenir pour supprimer du terrain.,टेरेन को हटाने के लिए क्लिक और होल्ड करें.,Klik dan tahan untuk menghapus medan.,Clicca e tieni premuto per rimuovere il terreno.,クリックして長押しで地形を削除。,길게 클릭해 지형을 제거합니다.,"Kliknij i przytrzymaj, aby usunąć teren.",Clique e mantenha pressionado para remover terreno.,"Удерживайте кнопку мыши, чтобы удалить рельеф.",คลิกแล้วกดค้างไว้เพื่อลบภูมิประเทศ,Arazi kaldırmak için tıkla ve basılı tut.,Nhấp vào và giữ để bỏ địa hình.,单击并按住以减少地形。,单击并按住以减少地形。,按住不放以移除地形。
Studio.TerrainEditor.MainButtons.PaintTooltip,,,Paint the material of the terrain.,Paint the material of the terrain.,قم بطلاء مادة التضاريس.,Bemale das Material des Geländes.,Pinta el material del terreno.,Peindre les matériaux du terrain.,टेरेन की मटीरियल को पेंट करें.,Cat material medan.,Dipingi il materiale del terreno.,地形の素材をペイント。,지형의 재질을 색칠합니다.,Pomaluj materiał terenu.,Pinte o material do terreno.,Раскрасьте рельеф.,ทาสีวัสดุของภูมิประเทศ,Arazi malzemesini boya.,Vẽ vật liệu của địa hình.,绘制地形的材质。,绘制地形的材质。,為地形材質上色。
Studio.TerrainEditor.MainButtons.GrowTooltip,,,Click and hold to grow and expand terrain.,Click and hold to grow and expand terrain.,اضغط مع الاستمرار لزيادة وتوسيع التضاريس.,"Klicke und halte, um das Gelände zu erhöhen und zu erweitern.",Haz clic y mantén presionado para aumentar o expandir el terreno.,Cliquer et maintenir pour augmenter et étendre le terrain.,टेरेन को बढ़ाने और ग्रो करने के लिए क्लिक और होल्ड करें.,Klik dan tahan untuk menumbuhkan dan memperluas medan.,Clicca e tieni premuto per ingrandire ed espandere il terreno.,クリックして長押しで地形を大きくして広げる。,길게 클릭해 지형을 높이고 확장합니다.,"Kliknij i przytrzymaj, aby rozwinąć i powiększyć teren.",Clique e mantenha pressionado para aumentar e expandir o terreno.,"Удерживайте кнопку мыши, чтобы нарастить и расширить рельеф.",คลิกแล้วกดค้างไว้เพื่อเติมและขยายภูมิประเทศ,Arazi büyütmek ve genişletmek için tıkla ve basılı tut.,Nhấp vào và giữ để tăng và mở rộng địa hình.,单击并按住以增长和扩大地形。,单击并按住以增长和扩大地形。,按住即可生長地形。
Studio.TerrainEditor.MainButtons.ErodeTooltip,,,Click and hold to erode and remove terrain.,Click and hold to erode and remove terrain.,اضغط مع الاستمرار لتآكل التضاريس وإزالتها.,"Klicke und halte, um das Gelände zu erodieren und zu entfernen.",Haz clic y mantén presionado para erosionar o eliminar el terreno.,Cliquer et maintenir pour éroder et supprimer du terrain.,टेरेन को मिटाने और हटाने के लिए क्लिक और होल्ड करें.,Klik dan tahan untuk mengikis dan menghapus medan.,Clicca e tieni premuto per erodere e rimuovere il terreno.,クリックして長押しで地形を平らにしたり削除する。,길게 클릭해 지형을 낮추고 제거합니다.,"Kliknij i przytrzymaj, aby zerodować i usunąć teren.",Clique e mantenha pressionado para erodir e remover o terreno.,"Удерживайте кнопку мыши, чтобы удалить часть рельефа.",คลิกแล้วกดค้างไว้เพื่อยุบและลบภูมิประเทศ,Arazi aşındırmak ve kaldırmak için tıkla ve basılı tut.,Nhấp vào và giữ để xói mòn và bỏ địa hình.,点击并按住以侵蚀和删除地形。,点击并按住以侵蚀和删除地形。,按住即可侵蝕並移除地形。
Studio.TerrainEditor.MainButtons.SmoothTooltip,,,Brush to smooth out rough or jagged terrain.,Brush to smooth out rough or jagged terrain.,استخدم الفرشاة لإزالة الحواف الزائدة للتضاريس الوعرة أو المتعرجة.,Zum Glätten von unebenem oder zerklüftetem Gelände.,Usa el pincel para alisar terreno áspero o irregular.,Brosser pour lisser les contours irréguliers du terrain.,"रफ़ या दाँतेदार टेरेन को समतल करने के लिए, ब्रश का इस्तेमाल करें.",Gunakan kuas untuk membuat medan yang kasar atau tidak rata menjadi mulus.,Usa il pennello per livellare un'area di terreno irregolare o frastagliata.,キザギザで荒い地形を平らにするブラシ。,울퉁불퉁한 지형을 부드럽게 깎아냅니다.,"Użyj pędzla, aby wygładzić nierówny lub postrzępiony teren.",Pincele para suavizar terrenos acidentados ou irregulares,Кисть для сглаживания неровной поверхности.,ทาสีเพื่อปรับภูมิประเทศที่ขรุขระหรือตะปุ่มตะป่ำให้ราบเรียบ,Fırçayla çetin ve engebeli arazileri pürüzsüzleştir.,Cọ vẽ để làm mịn địa hình gồ ghề hoặc lởm chởm.,平滑参差不平的地形。,平滑参差不平的地形。,刷動即可磨平粗糙不平的地形。
Studio.TerrainEditor.MainButtons.RegionsTooltip,,,Manipulate regions of smooth terrain.,Manipulate regions of smooth terrain.,التلاعب بمناطق التضاريس التي تمت إزالها حوافها الزائدة.,Bearbeite glattes Gelände.,Manipula las regiones de terreno liso.,Manipuler des régions de terrain lisse.,स्मूद टेरेन इलाके में हेरफेर करें.,Manipulasi wilayah medan yang mulus.,Gestisci aree di terreno uniforme.,平らな地形の地域を操作,부드러운 지형의 범위를 조절하세요.,Manipuluj regionami wygładzonego terenu.,Manipule regiões de terreno suavizado.,Манипулировать участками рельефа.,จัดการภูมิภาคของภูมิประเทศที่ราบเรียบ,Pürüzsüz arazi bölgelerini manipüle et.,Điều chỉnh các khu vực trong địa hình bằng phẳng.,对平滑的地形区域进行操作。,对平滑的地形区域进行操作。,操控平滑地形區域。
Studio.TerrainEditor.Generate.BiomeMountains,,,Mountains,Mountains,الجبال,Berge,Montañas,Montagnes,पहाड़,Gunung,Montagne,山,산,Góry,Montanhas,Горы,ภูเขา,Dağlar,Núi,山脉,山脉,山脈
Studio.TerrainEditor.Generate.BiomeCanyons,,,Canyons,Canyons,الأخاديد,Schluchten,Cañones,Canyons,घाटियाँ,Ngarai,Canyon,谷,협곡,Kaniony,Cânions,Каньоны,หุบเขา,Kanyonlar,Hẻm Núi,峡谷,峡谷,峽谷
Studio.TerrainEditor.Generate.BiomeDunes,,,Dunes,Dunes,الكثبان الرملية,Dünen,Dunas,Dunes,टीले,Bukit Pasir,Dune,砂丘,모래 언덕,Wydmy,Dunas,Дюны,เนินทราย,Kumullar,Đụn Cát,沙丘,沙丘,沙丘
Studio.TerrainEditor.Generate.BiomeArctic,,,Arctic,Arctic,القطب الشمالي,Arktis,Ártico,Arctique,आर्कटिक,Arktik,Polare,北極,북극,Arktyczny,Ártico,Арктика,ขั้วโลก,Arktik,Bắc Cực,极地,极地,極地
Studio.TerrainEditor.Generate.BiomeLavaflow,,,Lavaflow,Lavaflow,تدفق الحمم البركانية,Lavafluss,Flujo de lava,Flot de lave,Lavaflow,Aliran Lava,Flusso di lava,溶岩,용암,Płynąca lawa,Fluxo de lava,Поток лавы,ลาวาไหล,Lav Akıntısı,Dòng Dung Nham,熔岩流,熔岩流,岩漿流
Studio.TerrainEditor.Generate.BiomeHills,,,Hills,Hills,التلال,Hügel,Colinas,Collines,पहाड़ियाँ,Bukit,Colline,丘,언덕,Wzgórza,Colinas,Холмы,เนินเขา,Tepeler,Ngọn Đồi,丘陵,丘陵,山丘
Studio.TerrainEditor.Generate.BiomePlains,,,Plains,Plains,السهول,Felder,Llanuras,Plaines,मैदानी इलाके,Dataran,Pianure,平野,평야,Równiny,Planícies,Равнины,ที่ราบ,Ovalar,Đồng Bằng,平原,平原,平原
Studio.TerrainEditor.Generate.BiomeMarsh,,,Marsh,Marsh,المستنقع,Moor,Pantano,Marais,मार्श (दलदल),Rawa,Palude,沼,습지,Bagna,Pântano,Болото,บึง,Bataklık,Đầm Lầy,沼泽,沼泽,沼澤
Studio.TerrainEditor.Generate.BiomeWater,,,Water,Water,الماء,Wasser,Agua,Eau,पानी,Air,Acqua,水,물,Woda,Água,Вода,น้ำ,Su,Nước,水域,水域,水域
Studio.TerrainEditor.Generate.BiomeSizeSmall,,,Small (50),Small (50),صغير (50),Klein (50),Pequeño (50),Petit (50),छोटा (50),Kecil (50),Piccolo (50),小 (50),소형(50),Mały (50),Pequeno (50),Маленький (50),เล็ก (50),Küçük (50),Nhỏ (50),小 (50),小 (50),小 (50)
Studio.TerrainEditor.Generate.BiomeSizeMedium,,,Medium (100),Medium (100),متوسط (100),Mittel (100),Medio (100),Moyen (100),मीडियम (100),Medium (100),Medio (100),中 (100),중형(100),Średni (100),Médio (100),Средний (100),กลาง (100),Orta (100),Trung Bình (100),中 (100),中 (100),中 (100)
Studio.TerrainEditor.Generate.BiomeSizeLarge,,,Large (200),Large (200),كبير (200),Groß (200),Grande (200),Grand (200),बड़ा (200),Besar (200),Grande (200),大 (200),대형(200),Duży (200),Grande (200),Большой (200),ใหญ่ (200),Büyük (200),Lớn (200),大 (200),大 (200),大 (200)
Studio.TerrainEditor.Generate.BiomeSizeMassive,,,Massive (500),Massive (500),ضخم (500),Riesig (500),Masivo (500),Énorme (500),विशाल (500),Sangat Besar (500),Gigante (500),特大 (500),특대형(500),Wielki (500),Enorme (500),Очень большой (500),มหึมา (500),Devasa (500),Khổng Lồ (500),巨大 (500),巨大 (500),巨大 (500)
Studio.TerrainEditor.Generate.MapSizeSmall,,,Small (128),Small (128),صغير (128),Klein (128),Pequeño (128),Petite (128),छोटा (128),Kecil (128),Piccola (128),小 (128),소형(128),Mały (128),Pequeno (128),Маленький (128),เล็ก (128),Küçük (128),Nhỏ (128),小 (128),小 (128),小 (128)
Studio.TerrainEditor.Generate.MapSizeMedium,,,Medium (256),Medium (256),متوسط (256),Mittel (256),Medio (256),Moyenne (256),मीडियम (256),Medium (256),Media (256),中 (256),중형(256),Średni (256),Médio (256),Средний (256),กลาง (256),Orta (256),Trung Bình (256),中 (256),中 (256),中 (256)
Studio.TerrainEditor.Generate.MapSizeLarge,,,Large (512),Large (512),كبير (512),Groß (512),Grande (512),Grande (512),बड़ा (512),Besar (512),Grande (512),大 (512),대형(512),Duży (512),Grande (512),Большой (512),ใหญ่ (512),Büyük (512),Lớn (512),大 (512),大 (512),大 (512)
Studio.TerrainEditor.Generate.MapSizeMassive,,,Massive (1024),Massive (1024),ضخم (1024),Riesig (1024),Masivo (1024),Énorme (1024),विशाल (1024),Sangat Besar (1024),Gigante (1024),特大 (1024),특대형(1024),Wielki (1024),Enorme (1024),Очень большой (1024),มหึมา (1024),Devasa (1024),Khổng Lồ (1024),巨大 (1024),巨大 (1024),巨大 (1024)
Studio.TerrainEditor.Generate.MapSettings,,,Map Settings,Map Settings,إعدادات الخريطة,Karteneinstellungen,Configuración del mapa,Paramètres carte,मैप सेटिंग्स,Pengaturan Peta,Impostazioni mappa,マップ設定,맵 설정,Ustawienia mapy,Configurações do mapa,Параметры карты,การตั้งค่าแผนที่,Harita Ayarları,Cài Đặt Bản Đồ,地图设置,地图设置,地圖設定
Studio.TerrainEditor.Generate.MapSize,,,Map Size,Map Size,حجم الخريطة,Kartengröße,Tamaño del mapa,Taille carte,मैप साइज़,Ukuran Peta,Dimensione mappa,マップサイズ,맵 크기,Wielkość mapy,Tamanho do mapa,Размер карты,ขนาดแผนที่,Harita Boyutu,Kích Thước Bản Đồ,地图尺寸,地图尺寸,地圖大小
Studio.TerrainEditor.Generate.Seed,,,Seed,Seed,قيمة أولية,Startwert,Semilla,Valeur initiale,सीड,Seed,Seme,種,시드,Zalążek,Semente,Зерно карты,Seed,Çekirdek,Hạt Giống,随机种子,随机种子,種子
Studio.TerrainEditor.Generate.Caves,,,Caves,Caves,الكهوف,Höhlen,Cuevas,Grottes,केव्स,Gua,Caverne,洞窟,동굴,Jaskinie,Cavernas,Пещеры,ถ้ำ,Mağaralar,Hang Động,洞穴,洞穴,洞穴
Studio.TerrainEditor.Generate.BiomesSettings,,,Biomes Settings,Biomes Settings,إعدادات المناطق الأحيائية,Biomeinstellungen,Configuración de biomas,Paramètres biomes,बायोम्स सेटिंग्स,Pengaturan Bioma,Impostazioni biomi,バイオーム設定,생물군 설정,Ustawienia biomów,Configurações de biomas,Параметры биома,การตั้งค่าชีวนิเวศ,Biyom Ayarları,Cài Đặt Quần Xã Sinh Vật,生态设置,生态设置,生物群系設定
Studio.TerrainEditor.Generate.BiomeSize,,,Biome Size,Biome Size,حجم المنطقة الأحيائية,Biomgröße,Tamaño de bioma,Taille biome,बायोम का साइज़,Ukuran Bioma,Dimensione bioma,バイオームサイズ,생물군 크기,Wielkość biomu,Tamanho do bioma,Размер биома,ขนาดชีวนิเวศ,Biyom Boyutu,Kích Thước Sinh Thái,生态规模,生态规模,生物群系大小
Studio.TerrainEditor.Generate.Biomes,,,Biomes,Biomes,المناطق الأحيائية,Biome,Biomas,Biomes,बायोम्स,Bioma,Biomi,バイオーム,생물군,Biomy,Biomas,Биомы,ชีวนิเวศ,Biyomlar,Quần Xã Sinh Vật,生态,生态,生物群系
Studio.TerrainEditor.Generate.ButtonGenerate,,,Generate,Generate,إنشاء,Generieren,Generar,Générer,जेनरेट करें,Buat,Genera,作成する,생성,Wygeneruj,Gerar,Генерировать,สร้าง,Oluştur,Tạo,生成,生成,生成
Studio.TerrainEditor.Generate.ButtonClear,,,Clear,Clear,مسح,Löschen,Eliminar,Effacer,डिलीट करें,Hapus,Cancella,消す,지우기,Wyczyść,Limpar,Очистить,เคลียร์,Temizle,Dọn Sạch,清除,清除,清除
Studio.TerrainEditor.Materials.Grass,,,Grass,Grass,العشب,Gras,Hierba,Herbe,घास,Rumput,Erba,草,잔디,Trawa,Grama,Трава,หญ้า,Çim,Cỏ,草地,草地,草
Studio.TerrainEditor.Materials.Sand,,,Sand,Sand,رمل,Sand,Arena,Sable,रेत,Pasir,Sabbia,砂,모래,Piasek,Areia,Песок,ทราย,Kum,Cát,沙,沙,沙
Studio.TerrainEditor.Materials.Rock,,,Rock,Rock,صخور,Fels,Roca,Pierre,चट्टान,Batuan,Pietra,岩,바위,Skała,Rocha,Камень,หิน,Taş,Đá Tảng,岩石,岩石,岩石
Studio.TerrainEditor.Materials.Water,,,Water,Water,الماء,Wasser,Agua,Eau,पानी,Air,Acqua,水,물,Woda,Água,Вода,น้ำ,Su,Nước,水域,水域,水域
Studio.TerrainEditor.Materials.Ground,,,Ground,Ground,الأرض,Boden,Suelo,Terre,ज़मीन,Daratan,Suolo,地面,토양,Grunt,Solo,Земля,พื้นดิน,Zemin,Mặt Đất,土地,土地,地面
Studio.TerrainEditor.Materials.Sandstone,,,Sandstone,Sandstone,حجر رملي,Sandstein,Piedra arenisca,Grès,बलुआ पत्थर,Batu Pasir,Arenaria,サンドストーン,사암,Piaskowiec,Arenito,Песчаник,หินทราย,Kum Taşı,Sa Thạch,砂岩,砂岩,砂岩
Studio.TerrainEditor.Materials.Slate,,,Slate,Slate,حجر الأردواز,Schiefer,Pizarra,Ardoise,स्लेट,Batu Sabak,Ardesia,スレート,슬레이트,Łupek,Ardósia,Сланец,หินชนวน,Arduvaz,Đá Phiến,石板,石板,板岩
Studio.TerrainEditor.Materials.Snow,,,Snow,Snow,ثلج,Schnee,Nieve,Neige,बर्फ़,Salju,Neve,雪,눈,Śnieg,Neve,Снег,หิมะ,Kar,Tuyết,雪,雪,雪
Studio.TerrainEditor.Materials.Mud,,,Mud,Mud,الطين,Schlamm,Barro,Boue,कीचड़,Lumpur,Fango,泥,진흙,Błoto,Lama,Грязь,โคลน,Çamur,Bùn,泥,泥,泥巴
Studio.TerrainEditor.Materials.Brick,,,Brick,Brick,طوب,Ziegel,Ladrillo,Brique,ब्रिक (ईंट),Bata,Mattone,レンガ,벽돌,Cegła,Tijolo,Кирпич,อิฐ,Tuğla,Gạch,砖块,砖块,磚塊
Studio.TerrainEditor.Materials.Concrete,,,Concrete,Concrete,خرسانة,Beton,Concreto,Béton,कंक्रीट,Beton,Calcestruzzo,コンクリート,콘크리트,Beton,Concreto,Бетон,คอนกรีต,Beton,Bê Tông,水泥,水泥,混凝土
Studio.TerrainEditor.Materials.Glacier,,,Glacier,Glacier,نهر جليدي,Gletscher,Glaciar,Glacier,ग्लेशियर,Gletser,Ghiacciaio,氷河,빙하,Lodowiec,Geleira,Ледник,ธารน้ำแข็ง,Buzul,Sông Băng,冰川,冰川,冰河
Studio.TerrainEditor.Materials.WoodPlanks,,,Wood Planks,Wood Planks,ألواح خشبية,Holzbohlen,Tablones de madera,Planches de bois,लकड़ी के फट्टे,Papan Kayu,Assi di legno,木の板,나무 판자,Deski drewniane,Tábuas,Доски,แผ่นไม้,Ahşap Kalas,Ván Gỗ,木板,木板,木板
Studio.TerrainEditor.Materials.CrackedLava,,,Cracked Lava,Cracked Lava,حمم بركانية متشققة,Rissige Lava,Lava agrietada,Lave fissurée,दरारों के साथ लावा,Lava Retak,Lava incrinata,ひび割れた溶岩,갈라진 용암,Spękana lawa,Lava rachada,Застывшая лава,ลาวาแตกระแหง,Kırıklı Lav,Dung Nham Bị Nứt,裂纹熔岩,裂纹熔岩,裂紋熔岩
Studio.TerrainEditor.Materials.Basalt,,,Basalt,Basalt,بازلت,Basalt,Basalto,Basalte,बसॉल्ट,Basal,Basalto,玄武岩,현무암,Bazalt,Basalto,Базальт,บะซอลต์,Bazalt,Đá Bazan,玄武岩,玄武岩,玄武岩
Studio.TerrainEditor.Materials.Ice,,,Ice,Ice,جليد,Eis,Hielo,Glace,बर्फ़,Es,Ghiaccio,氷,얼음,Lód,Gelo,Лед,น้ำแข็ง,Buz,Băng,冰,冰,冰
Studio.TerrainEditor.Materials.Salt,,,Salt,Salt,ملح,Salz,Sal,Sel,नमक,Garam,Sale,塩,소금,Sól,Sal,Соль,เกลือ,Tuz,Muối,盐,盐,鹽
Studio.TerrainEditor.Materials.Cobblestone,,,Cobblestone,Cobblestone,حجر مرصوف,Pflasterstein,Adoquín,Pavés,कॉबलस्टोन,Batu Bundar,Ciottolo,玉砂利,왕자갈,Bruk,Paralelepípedo,Брусчатка,หินกรวด,Parke Taşı,Đá Cuội,大鹅卵石,大鹅卵石,鵝卵石
Studio.TerrainEditor.Materials.Limestone,,,Limestone,Limestone,الحجر الجيري,Kalkstein,Piedra caliza,Calcaire,लाइम स्टोन,Batu Kapur,Calcare,ライムストーン,석회암,Wapień,Calcário,Известняк,หินปูน,Kireç Taşı,Đá Vôi,石灰石,石灰石,石灰岩
Studio.TerrainEditor.Materials.Asphalt,,,Asphalt,Asphalt,أسفلت,Asphalt,Asfalto,Asphalte,डामर,Aspal,Asfalto,アスファルト,아스팔트,Asfalt,Asfalto,Асфальт,แอสฟัลต์,Asfalt,Nhựa Đường,沥青,沥青,柏油路
Studio.TerrainEditor.Materials.LeafyGrass,,,Leafy Grass,Leafy Grass,الأعشاب الورقية,Laubiges Gras,Hierba espesa,Feuilles,पत्तेदार घास,Rumput Berdaun,Erba rigogliosa,草地,무성한 잔디,Liściasta trawa,Grama alta,Лужайка,หญ้าเขียวชอุ่ม,Yapraklı Çim,Cỏ Sả,绿叶草,绿叶草,綠葉草
Studio.TerrainEditor.Materials.Pavement,,,Pavement,Pavement,رصيف,Pflaster,Pavimento,Chaussée,फ़ुटपाथ,Pavement,Pavimentazione,舗道,보도,Chodnik,Pavimento,Покрытие,ทางเท้า,Kaldırım,Lề Đường,路面,路面,人行道
Studio.TerrainEditor.Brush.BrushSettings,,,Brush Settings,Brush Settings,إعدادات الفرشاة,Pinseleinstellungen,Configuración del pincel,Paramètres brosse,ब्रश की सेटिंग्स,Pengaturan Kuas,Impostazioni pennello,ブラシ設定,브러시 설정,Ustawienia pędzla,Configurações do pincel,Параметры кисти,การตั้งค่าแปรง,Fırça Ayarları,Cài Đặt Cọ Vẽ,笔刷设置,笔刷设置,筆刷設定
Studio.TerrainEditor.Brush.Size,,,Size,Size,الحجم,Größe,Tamaño,Taille,साइज़,Ukuran,Dimensione,サイズ,크기,Wielkość,Tamanho,Размер,ขนาด,Boyut,Kích Thước,尺寸,尺寸,大小
Studio.TerrainEditor.Brush.Strength,,,Strength,Strength,القوة,Stärke,Fuerza,Intensité,स्ट्रेंथ,Kekuatan,Forza,強度,강도,Siła,Força,Интенсивность,ความเข้ม,Güç,Sức Mạnh,强度,强度,強度
Studio.TerrainEditor.Brush.MaterialSettings,,,Material Settings,Material Settings,إعدادات المواد,Materialeinstellungen,Configuración del material,Paramètres matériaux,मटीरियल की सेटिंग्स,Pengaturan Material,Impostazioni materiale,素材の設定,재질 설정,Ustawienia materiału,Configurações do material,Свойства материала,การตั้งค่าวัสดุ,Malzeme Ayarları,Cài Đặt Vật Liệu,材质设置,材质设置,材質設定
Studio.TerrainEditor.Brush.Auto,,,Auto,Auto,تلقائي,Automatisch,Autom.,Auto,ऑटो,Otomatis,Auto,自動,자동,Auto,Automático,Авто,อัตโนมัติ,Oto,Tự Động,自动,自动,自動
Studio.TerrainEditor.Brush.Advanced,,,Advanced,Advanced,متقدم,Erweitert,Avanzado,Avancé,एडवांस्ड,Lanjutan,Avanzato,詳細設定,고급,Zaawansowane,Avançado,Расширенные настройки,ขั้นสูง,Gelişmiş,Nâng Cao,高级,高级,進階
Studio.TerrainEditor.Brush.PlaneLock,,,Plane Lock,Plane Lock,قفل السطح,Ebenensperre,Bloquear plano,Verrouillage plan,प्लेन लॉक,Kunci Plane,Blocco piano,平面ロック,평면 고정,Blokada płaszczyzny,Bloquear plano,Блокировка поверхности,ล็อคระนาบ,Düzlem Kilidi,Khóa Mặt Phẳng,平面锁定,平面锁定,鎖定平面
Studio.TerrainEditor.Brush.SnapToGrid,,,Snap to Grid,Snap to Grid,محاذاة إلى الشبكة,Am Raster ausrichten,Alinear a la cuadrícula,Aligner sur la grille,स्नैप टू ग्रिड,Snap to Grid,Aderisci a griglia,グリッドに装着,그리드에 맞추기,Przyciąganie do siatki,Ajustar à grade,Привязать к сетке,Snap to grid,Kılavuza tuttur,Gắn Vào Lưới,对齐至栅格,对齐至栅格,貼齊到網格
Studio.TerrainEditor.Brush.IgnoreWater,,,Ignore Water,Ignore Water,تجاهل الماء,Wasser ignorieren,Omitir agua,Ignorer eau,पानी को इग्नोर करें,Abaikan Air,Ignora acqua,水を無視,물 무시,Ignoruj wodę,Ignorar água,Игнорировать воду,ละเว้นน้ำ,Suları yok say,Bỏ Qua Nước,忽略水域,忽略水域,忽略水域
Studio.TerrainEditor.Brush.Material,,,Material,Material,المادة,Material,Material,Matériau,मटीरियल,Material,Materiale,素材,재질,Materiał,Material,Материал,วัสดุ,Malzeme,Vật Liệu,材质,材质,材質
Studio.TerrainEditor.Brush.Shape,,,Shape,Shape,شكل,Form,Forma,Forme,आकार,Bentuk,Forma,形状,셰이프,Kształt,Formato,Форма,รูปร่าง,Şekil,Hình Dạng,形状,形状,形狀
Studio.TerrainEditor.Regions.EditTools,,,Edit Tools,Edit Tools,أدوات التحرير,Tools bearbeiten,Herramientas de Edición,Outils d'édition,टूल्स एडिट करें,Alat Edit,Strumenti Modifica,編集ツール,편집 도구,Narzędzia do edycji,Editar ferramentas,Инструменты редактирования,เครื่องมือแก้ไข,Araçları düzenle,Chỉnh Sửa Công Cụ,编辑工具,编辑工具,編輯工具
Studio.TerrainEditor.Regions.MergeEmpty,,,Merge Empty,Merge Empty,دمج الفارغ,Leere zusammenführen,Combinar vacío,Fusionner vides,खाली फ़ील्ड को मर्ज करें,Gabungkan Kosong,Unisci vuoto,空白を併合,빈 공간 병합,Scal puste,Mesclar vazios,Объединить пустые области,รวมส่วนที่ว่างเปล่า,Boş Birleştirme,Hợp Nhất Khu Vực Trống,合并空白,合并空白,合併空位
Studio.TerrainEditor.Regions.Tools,,,Tools,Tools,الأدوات,Tools,Herramientas,Outils,टूल्स,Alat,Strumenti,ツール,도구,Narzędzia,Ferramentas,Инструменты,เครื่องมือ,Araçlar,Công Cụ,工具,工具,工具
Studio.TerrainEditor.Regions.FillSelection,,,Fill Selection,Fill Selection,تعبئة التحديد,Auswahl füllen,Rellenar selección,Remplir sélection,सिलेक्शन भरें,Isi Pilihan,Riempi selezione,選択肢を埋める,채우기 선택,Wypełnij zaznaczenie,Preencher seleção,Заполнить выделенные области,เติมส่วนที่เลือก,Seçimi doldur,Lựa Chọn Lấp Đầy,填充选中范围,填充选中范围,填滿選取內容
Studio.TerrainEditor.MainButtons.Import,,,Import,Import,استيراد,Importieren,Importar,Importer,इंपोर्ट करें,Impor,Importa,インポート,가져오기,Importuj,Importar,Импорт,นำเข้า,İçe Aktar,Nhập,导入,导入,匯入
Studio.TerrainEditor.MainButtons.Clear,,,Clear,Clear,مسح,Löschen,Eliminar,Enlever,डिलीट करें,Hapus,Cancella,消す,지우기,Wyczyść,Limpar,Очистить,เคลียร์,Temizle,Dọn Sạch,清除,清除,清除
Studio.TerrainEditor.MainButtons.ImportTooltip,,,Import a HeightMap and ColorMap.,Import a HeightMap and ColorMap.,استيراد HeightMap وColorMap.,Importiere eine HeightMap und ColorMap.,Importa HeightMap y ColorMap,Importer une HeightMap et une ColorMap.,HeightMap और ColorMap इंपोर्ट करें.,Impor HeightMap dan ColorMap.,Importa una HeightMap e una ColorMap.,HeightMap と ColorMapをインポート。,HeightMap과 ColorMap을 가져옵니다.,Zaimportuj mapy HeightMap i ColorMap.,Importar um HeightMap e ColorMap.,Импортировать HeightMap и ColorMap.,นำเข้า HeightMap และ ColorMap,Yükseklik Haritası ve Renk Haritası aktar.,Nhập một HeightMap và ColorMap.,导入 HeightMap 和 ColorMap。,导入 HeightMap 和 ColorMap。,匯入 HeightMap 與 ColorMap。
Studio.TerrainEditor.MainButtons.ClearTooltip,,,Clear all Terrain.,Clear all Terrain.,مسح كل التضاريس.,Gesamtes Gelände löschen.,Eliminar todos los terrenos,Déblayer tout le terrain.,सभी टेरेन को डिलीट करें.,Hapus semua Medan.,Cancella tutti i terreni.,すべての地形を消す。,모든 지형을 삭제합니다.,Wyczyść cały teren.,Limpar todos os terrenos.,Очистить весь рельеф.,เคลียร์ภูมิประเทศทั้งหมด,Arazileri temizle.,Dọn sạch tất cả Địa Hình.,清除所有地形。,清除所有地形。,清除所有地形。
Studio.TerrainEditor.Plugin.Name,,,Terrain Editor,Terrain Editor,محرر التضاريس,Gelände-Editor,Editor de terreno,Éditeur de terrain,टेरेन एडिटर,Editor Medan,Editor Terreno,地形編集,지형 편집기,Edytor terenu,Editor de terreno,,เครื่องมือแก้ไขภูมิประเทศ,Arazi Düzenleyici,Trình Chỉnh Sửa Địa Hình,地形编辑器,地形编辑器,地形編輯器
Studio.TerrainEditor.Plugin.Toolbar,,,Terrain Editor,Terrain Editor,محرر التضاريس,Gelände-Editor,Editor de terreno,Éditeur de terrain,टेरेन एडिटर,Editor Medan,Editor Terreno,地形編集,지형 편집기,Edytor terenu,Editor de terreno,,เครื่องมือแก้ไขภูมิประเทศ,Arazi Düzenleyici,Trình Chỉnh Sửa Địa Hình,地形编辑器,地形编辑器,地形編輯器
Studio.TerrainEditor.Plugin.Button,,,Toggle,Toggle,تبديل,Umschalten,Activar,Activer/désactiver,टॉगल करें,Nyalakan/matikan,Attiva/disattiva,切りかえ,토글,Przełącz,Alternador,,เปิด/ปิด,Aç/Kapa,Bật/tắt,切换,切换,切換
Studio.TerrainEditor.Plugin.Description,,,Toggles the Template plugin window.,Toggles the Template plugin window.,يبدِّل نافذة المكون الإضافي للقالب.,Schaltet das Vorlagen-Plugin-Fenster um.,Activar la ventana del plugin Plantilla.,Active/désactive la fenêtre du plugin Modèle.,टेम्प्लेट प्लग-इन विंडो को टॉगल करता है.,Menyalakan/mematikan jendela plugin Templat.,Attiva/Disattiva la finestra del plugin Template.,テンプレートのプラグインウィンドウを切りかえ。,템플릿 플러그인 창을 토글합니다.,Włącza/wyłącza okno dodatku plug-in z szablonami.,Alterna a janela do plugin de modelos.,,เปิด/ปิดหน้าต่างปลั๊กอินเทมเพลต,Taslak eklenti penceresini açıp kapatır.,Bật/tắt cửa sổ plugin Mẫu.,切换样板插件窗口。,切换样板插件窗口。,切換樣板外掛程式視窗。
Studio.TerrainEditor.Plugin.Text,,,Example Text!,Example Text!,نص اختباري كمثال!,Beispieltext!,Texto de ejemplo,Exemple de texte !,उदाहरण टेक्स्ट!,Teks Contoh!,Testo Di Esempio!,テキストの例！,예시 텍스트!,Tekst przykładowy!,Texto de exemplo!,,ข้อความตัวอย่าง!,Örnek Metin!,Văn Bản Mẫu!,示例文本！,示例文本！,範例文字！
Studio.TerrainEditor.BaseTool.BrushDeform,,,Deform,Deform,تشوه,Deformieren,Deformar,Déformer,डीफ़ॉर्म,Deformasi,Deforma,変形,변형,Zdeformuj,Deformar,,เปลี่ยนแปลงรูปร่าง,Biçimsizleştir,Biến Dạng,变形,变形,變形
Studio.TerrainEditor.BaseTool.BrushFlatten,,,Flatten,Flatten,تسوية,Abflachen,Aplanar,Aplatir,फ़्लैटन,Ratakan,Appianare,平地化,평탄화,Spłaszcz,Aplainar,,ทำให้เรียบแบน,Düzleştir,Làm Phẳng,扁平化,扁平化,平地化
Studio.TerrainEditor.BaseTool.BrushPaint,,,Paint,Paint,طلاء,Bemalen,Pintar,Peindre,पेंट,Cat,Disegna,ペイント,칠하기,Pomaluj,Pintar,,ทาสี,Boya,Vẽ,涂画,涂画,上色
Studio.TerrainEditor.BaseTool.BrushSculpt,,,Sculpt,Sculpt,نحت,Formen,Esculpir,Sculpter,स्कल्प्ट,Pahat,Scolpire,彫刻,스컬프팅,Ukształtuj,Esculpir,,แกะสลัก,Yont,Điêu Khắc,塑形,塑形,雕塑
Studio.TerrainEditor.BaseTool.BrushSmooth,,,Smooth,Smooth,إزالة الحواف الزائدة,Glätten,Alisar,Lisser,स्मूद,Mulus,Liscio,平らにする,다듬기,Wygładzaj,Suavizar,,ปรับให้เรียบ,Pürüzsüzleştir,Mịn,抹平,抹平,磨平
Studio.TerrainEditor.BaseTool.RegionFill,,,Fill,Fill,تعبئة,Füllen,Llenar,Remplir,फ़िल,Isi,Riempi,埋める,채우기,Wypełnij,Preencher,,เติม,Doldur,Lấp Đầy,填充,填充,填滿
Studio.TerrainEditor.BaseTool.RegionGenerate,,,Generate,Generate,إنشاء,Generieren,Generar,Générer,जेनरेट,Buat,Genera,作成する,생성,Wygeneruj,Gerar,,สร้าง,Oluştur,Tạo,生成,生成,生成
Studio.TerrainEditor.BaseTool.RegionImport,,,Import,Import,استيراد,Importieren,Importar,Importer,इंपोर्ट,Impor,Importa,インポートする,가져오기,Importuj,Importar,,นำเข้า,İçe Aktar,Nhập,导入,导入,匯入
Studio.TerrainEditor.BaseTool.RegionTransform,,,Transform,Transform,تحويل,Transformieren,Transformar,Transformer,ट्रांसफ़ॉर्म,Transformasi,Trasforma,変換,변환,Przekształć,Transformar,,แปรสภาพ,Dönüştür,Biến Đổi,转变,转变,變形
Studio.TerrainEditor.BaseTool.Draw,,,Draw,Draw,رسم,Zeichnen,Dibujar,Dessiner,ड्रॉ,Gambar,Disegno,描画,그리기,Rysowanie,Desenhar,,วาด,Çiz,Vẽ,绘制,绘制,繪製
Studio.TerrainEditor.BaseTool.Flatten,,,Flatten,Flatten,تسوية,Abflachen,Aplanar,Aplatir,फ़्लैटन,Ratakan,Appianare,平地化,평탄화,Spłaszcz,Aplainar,,ทำให้เรียบแบน,Düzleştir,Làm Phẳng,扁平化,扁平化,平地化
Studio.TerrainEditor.BaseTool.Paint,,,Paint,Paint,طلاء,Bemalen,Pintar,Peindre,पेंट,Cat,Dipingi,ペイント,칠하기,Pomaluj,Pintar,,ทาสี,Boya,Vẽ,涂画,涂画,上色
Studio.TerrainEditor.BaseTool.Sculpt,,,Sculpt,Sculpt,نحت,Formen,Esculpir,Sculpter,स्कल्प्ट,Pahat,Scolpire,彫刻,조각,Ukształtuj,Esculpir,,แกะสลัก,Yont,Điêu Khắc,塑形,塑形,雕刻
Studio.TerrainEditor.BaseTool.Smooth,,,Smooth,Smooth,إزالة الحواف الزائدة,Glätten,Alisar,Lisser,स्मूद,Mulus,Livella,平らにする,다듬기,Wygładzaj,Suavizar,,ปรับให้เรียบ,Pürüzsüzleştir,Mịn,抹平,抹平,平滑
Studio.TerrainEditor.BaseTool.Fill,,,Fill,Fill,تعبئة,Füllen,Llenar,Remplir,फ़िल,Isi,Riempi,埋める,채우기,Wypełnij,Preencher,,เติม,Doldur,Lấp Đầy,填充,填充,填滿
Studio.TerrainEditor.BaseTool.Generate,,,Generate,Generate,إنشاء,Generieren,Generar,Générer,जेनरेट,Buat,Genera,作成する,생성,Wygeneruj,Gerar,,สร้าง,Oluştur,Tạo,生成,生成,產生
Studio.TerrainEditor.BaseTool.Import,,,Import,Import,استيراد,Importieren,Importar,Importer,इंपोर्ट,Impor,Importa,インポート,가져오기,Importuj,Importar,,นำเข้า,İçe Aktar,Nhập,导入,导入,匯入
Studio.TerrainEditor.BaseTool.Transform,,,Transform,Transform,تحويل,Transformieren,Transformar,Transformer,ट्रांसफ़ॉर्म,Transformasi,Trasforma,変換,변환,Przekształć,Transformar,,แปรสภาพ,Dönüştür,Biến Đổi,转变,转变,變形
Studio.TerrainEditor.BrushMode.Add,,,Add,Add,إضافة,Hinzufügen,Añadir,Ajouter,जोड़ें,Tambahkan,Aggiungi,追加,추가,Dodaj,Adicionar,,เพิ่ม,Ekle,Thêm,添加,添加,新增
Studio.TerrainEditor.BrushMode.Subtract,,,Subtract,Subtract,طرح,Entfernen,Sustraer,Soustraire,घटाएँ,Kurangi,Sottrai,削減,빼기,Odejmij,Subtrair,,ลบ,Çıkar,Trừ,减去,减去,減去
Studio.TerrainEditor.BrushShape.Sphere,,,Sphere,Sphere,كرة,Kugel,Esfera,Sphère,गोला,Bola,Sfera,球体,구,Kula,Esfera,,ทรงกลม,Küre,Hình Cầu,球体,球体,球體
Studio.TerrainEditor.BrushShape.Cube,,,Cube,Cube,مكعب,Würfel,Cubo,Cube,घन (क्यूब),Kubus,Cubo,立方体,큐브,Sześcian,Cubo,,ลูกบาศก์,Küp,Hình Lập Phương,立方体,立方体,立方體
Studio.TerrainEditor.BrushShape.Cylinder,,,Cylinder,Cylinder,أسطوانة,Zylinder,Cilindro,Cylindre,बेलन,Silinder,Cilindro,円柱,원통,Walec,Cilindro,,ทรงกระบอก,Silindir,Hình Trụ,筒体,筒体,圓柱
Studio.TerrainEditor.FlattenMode.Over,,,Over,Over,فوق,Über,Encima,Au-dessus,ओवर,Di Atas,Sopra,上,위,Nad,Sobre,,ข้างบน,Yukarı,Trên,超过,超过,超過
Studio.TerrainEditor.FlattenMode.Under,,,Under,Under,تحت,Unter,Debajo,En dessous de,अंडर,Di Bawah,Sotto,下,아래,Pod,Embaixo,,ข้างใต้,Aşağı,Dưới,低于,低于,不足
Studio.TerrainEditor.FlattenMode.Both,,,Both,Both,كلا الخياران,Beides,Ambos,Les deux,दोनों,Keduanya,Entrambi,両方,양쪽 모두,Jedno i drugie,Ambos,,ทั้งสอง,İkisi de,Cả Hai,两者皆是,两者皆是,兩者
Studio.TerrainEditor.PivotPosition.Bottom,,,Bottom,Bottom,أسفل,Unten,Inferior,Bas,नीचे,Bawah,In basso,下,하단,Dół,Inferior,,ด้านล่าง,Alt,Dưới,底部,底部,底
Studio.TerrainEditor.PivotPosition.Center,,,Center,Center,الوسط,Mitte,Centro,Centre,सेंटर,Tengah,Centro,中央,중앙,Środek,Centro,,ศูนย์กลาง,Merkez,Giữa,中央,中央,中央
Studio.TerrainEditor.PivotPosition.Top,,,Top,Top,أعلى,Oben,Superior,Haut,ऊपर,Atas,Superiore,上,상단,Góra,Superior,,ด้านบน,Üst,Trên,顶部,顶部,頂
Studio.TerrainEditor.PlaneLock.Off,,,Off,Off,معطّل,Aus,Desactivado,Off,ऑफ़ है/बंद है,Mati,Off,オフ,끄기,Wył.,A partir de,,ปิด,Kapalı,Tắt,关闭,关闭,關閉
Studio.TerrainEditor.PlaneLock.Auto,,,Auto,Auto,تلقائي,Auto,Autom.,Auto,ऑटो,Otomatis,Auto,自動,자동,Auto,Automático,,อัตโนมัติ,Otomatik,Tự Động,自动,自动,自動
Studio.TerrainEditor.PlaneLock.Manual,,,Manual,Manual,يدوي,Manuell,Manual,Manuel,मैन्युअल,Manual,Manuale,手動,수동,Ręcznie,Manual,,ด้วยตัวเอง,Manuel,Thủ Công,手动,手动,手動
Studio.TerrainEditor.EditorEnum.BrushMode,,,Brush Mode,Brush Mode,وضع الفرشاة,Pinselmodus,Modo Pincel,En mode pinceau,ब्रश मोड,Mode Kuas,Modalità pennello,ブラシモード,브러시 모드,Tryb pędzla,Modo pincel,,โหมดแปรง,Fırça Modu,Chế Độ Cọ Vẽ,涂刷模式,涂刷模式,筆刷模式
Studio.TerrainEditor.EditorEnum.BrushShape,,,Brush Shape,Brush Shape,شكل الفرشاة,Pinselform,Forma del pincel,Forme du pinceau,ब्रश का आकार,Bentuk Kuas,Forma pennello,ブラシの形状,브러시 모양,Kształt pędzla,Forma de pincel,,รูปร่างแปรง,Fırça Şekli,Hình Dạng Cọ Vẽ,涂刷形状,涂刷形状,筆刷形狀
Studio.TerrainEditor.EditorEnum.FlattenMode,,,Flatten Mode,Flatten Mode,وضع التسوية,Abflachungsmodus,Modo Aplanado,Aplanir le mode,सपाट मोड,Mode Ratakan,Modalità appiattimento,平地化モード,평탄화 모드,Tryb spłaszczania,Modo achatar,,โหมดทำให้เรียบแบน,Düzleştirme Modu,Chế Độ Làm Phẳng,扁平化模式,扁平化模式,平地化模式
Studio.TerrainEditor.EditorEnum.PivotPosition,,,Pivot Position,Pivot Position,موضع المحور,Drehpunktposition,Posición del pivote,Position du pivot,पिवट पोज़ीशन,Posisi Pivot,Posizione pivot,ピボット位置,피벗 위치,Pozycja punktu obrotu,Girar posição,,ตำแหน่งจุดหมุน,Eksen Pozisyonu,Vị Trí Điểm Xoay,枢轴位置,枢轴位置,軸點位置
Studio.TerrainEditor.EditorEnum.PlaneLock,,,Plane Lock,Plane Lock,قفل السطح,Ebenensperre,Bloqueo de plano,Plan fermé,प्लेन लॉक,Kunci Plane,Blocco piano,平面ロック,평면 고정,Blokada płaszczyzny,Bloquear plano,,ล็อคระนาบ,Düzlem Kilidi,Khóa Mặt Phẳng,平面锁定,平面锁定,鎖定平面
Studio.TerrainEditor.BrushSettings.BaseHeight,,,Base Height,Base Height,ارتفاع القاعدة,Basishöhe,Altura de la base,Hauteur de base,आधार की ऊँचाई,Tinggi Dasar,Altezza base,ベースの高さ,베이스 높이,Wysokość podstawy,Altura base,,ความสูงฐาน,Taban Yüksekliği,Chiều Cao Cơ Sở,基本高度,基本高度,基礎高度
Studio.TerrainEditor.BrushSettings.BaseSize,,,Base Size,Base Size,الحجم الأساسي,Basisgröße,Tamaño de la base,Taille de base,आधार का साइज़,Ukuran Dasar,Dimensione base,ベースのサイズ,베이스 크기,Rozmiar podstawy,Tamanho base,,ขนาดฐาน,Taban Boyutu,Kích Thước Cơ Sở,基本尺寸,基本尺寸,基礎尺寸
Studio.TerrainEditor.BrushSettings.BrushShape,,,Brush Shape,Brush Shape,شكل الفرشاة,Pinselform,Forma del pincel,Forme du pinceau,ब्रश का आकार,Bentuk Kuas,Forma pennello,ブラシの形状,브러시 모양,Kształt pędzla,Forma de pincel,,รูปร่างแปรง,Fırça Şekli,Hình Dạng Cọ Vẽ,涂刷形状,涂刷形状,筆刷形狀
Studio.TerrainEditor.BrushSettings.FixedPlane,,,Fixed Plane,Fixed Plane,سطح ثابت,Feste Ebene,Plano fijo,Plan fixe,फ़िक्स्ड प्लेन,Plane Tetap,Piano fisso,固定平面,고정된 평면,Ustalona płaszczyzna,Plano fixo,,ระนาบคงที่,Sabit Düzlem,Mặt Phẳng Cố Định,固定平面,固定平面,固定平面
Studio.TerrainEditor.BrushSettings.FlattenMode,,,Flatten Mode,Flatten Mode,وضع التسوية,Abflachungsmodus,Modo Aplanado,Mode aplanir,सपाट मोड,Mode Ratakan,Modalità appiattimento,平地化モード,평탄화 모드,Tryb spłaszczania,Modo achatar,,โหมดทำให้เรียบแบน,Düzleştirme Modu,Chế Độ Làm Phẳng,扁平化模式,扁平化模式,平地化模式
Studio.TerrainEditor.BrushSettings.IgnoreParts,,,Ignore Parts,Ignore Parts,تجاهل الأجزاء,Teile ignorieren,Omitir piezas,Ignorer les parties,पार्ट्स को इग्नोर करें,Abaikan Komponen,Ignora parti,パーツを無視,파트 무시,Ignoruj części,Ignorar partes,,ละเว้นส่วนประกอบ,Parçaları yok say,Bỏ Qua Bộ Phận,忽略部件,忽略部件,忽略零件
Studio.TerrainEditor.BrushSettings.IgnoreWater,,,Ignore Water,Ignore Water,تجاهل الماء,Wasser ignorieren,Omitir agua,Ignorer l'eau,पानी को इग्नोर करें,Abaikan Air,Ignora acqua,水を無視,물 무시,Ignoruj wodę,Ignorar água,,ละเว้นน้ำ,Suları yok say,Bỏ Qua Nước,忽略水域,忽略水域,忽略水域
Studio.TerrainEditor.BrushSettings.PivotPosition,,,Pivot Position,Pivot Position,موضع المحور,Drehpunktposition,Posición del pivote,Position du pivot,पिवट पोज़ीशन,Posisi Pivot,Posizione pivot,ピボット位置,피벗 위치,Pozycja punktu obrotu,Girar posição,,ตำแหน่งจุดหมุน,Eksen Pozisyonu,Vị Trí Điểm Xoay,枢轴位置,枢轴位置,軸點位置
Studio.TerrainEditor.BrushSettings.PlaneLock,,,Plane Lock,Plane Lock,قفل السطح,Ebenensperre,Bloqueo del plano,Plan fermé,प्लेन लॉक,Kunci Plane,Blocco piano,平面ロック,평면 고정,Blokada płaszczyzny,Bloquear plano,,ล็อคระนาบ,Düzlem Kilidi,Khóa Mặt Phẳng,平面锁定,平面锁定,鎖定平面
Studio.TerrainEditor.BrushSettings.PlanePosition,,,Plane Position,Plane Position,موضع السطح,Ebenenposition,Posición del plano,Position du plan,प्लेन पोज़ीशन,Posisi Plane,Posizione piano,平面の位置,평면 위치,Pozycja płaszczyzny,Posição do plano,,ตำแหน่งระนาบ,Düzlem Pozisyonu,Vị Trí Mặt Phẳng,平面位置,平面位置,平面位置
Studio.TerrainEditor.BrushSettings.SnapToVoxels,,,Snap to Voxels,Snap to Voxels,المحاذاة مع وحدات Voxel,Auf Voxel einrasten,Alinear a los vóxeles,Accrocher aux Voxels,स्नैप टू वॉक्सेल्स,Snap ke Voksel,Aderisci ai voxel,ボクセルに装着,복셀에 맞추기,Przyciągaj do vokseli,Ajustar aos voxels,,Snap to Voxels,Voksellere tuttur,Gắn Vào Voxel,贴靠至体素,贴靠至体素,貼齊到體素
Studio.TerrainEditor.BrushSettings.Strength,,,Strength,Strength,القوة,Stärke,Fuerza,Force,स्ट्रेंथ,Kekuatan,Forza,強度,강도,Siła,Força,,ความเข้ม,Güç,Sức Mạnh,强度,强度,強度
Studio.TerrainEditor.MaterialSettings.AutoMaterial,,,Auto Material,Auto Material,مادة تلقائية,Automatisches Material,Material automático,Matériel Auto,ऑटो मटीरियल,Material Otomatis,Materiale automatico,素材の自動運用,자동 재질,Materiał automatyczny,Material automático,,วัสดุอัตโนมัติ,Otomatik Malzeme,Vật Liệu Tự Động,自动材质,自动材质,自動材質
Studio.TerrainEditor.MaterialSettings.ReplaceMaterial,,,Replace Material,Replace Material,استبدال المادة,Material ersetzen,Reemplazar material,Remplacer le matériel,मटीरियल बदलें,Ganti Material,Sostituisci materiale,素材を置き換え,재질 바꾸기,Zamień materiał,Substituir material,,แทนที่วัสดุ,Malzemeyi değiştir,Thay Thế Vật Liệu,替换材质,替换材质,取代材質
Studio.TerrainEditor.MaterialSettings.SourceMaterial,,,Source Material,Source Material,المادة المصدر,Quellmaterial,Material de origen,Matériel source,सोर्स मटीरियल,Material Sumber,Materiale sorgente,ソース素材,소스 재질,Materiał źródłowy,Material de origem,,วัสดุต้นฉบับ,Kaynak Malzeme,Vật Liệu Nguồn,来源材质,来源材质,來源材質
Studio.TerrainEditor.MaterialSettings.TargetMaterial,,,Target Material,Target Material,المادة المستهدفة,Zielmaterial,Material meta,Matériel cible,टार्गेट मटीरियल,Material Target,Materiale target,対象素材,대상 재질,Materiał docelowy,Material alvo,,วัสดุเป้าหมาย,Hedef Malzeme,Vật Liệu Đích,目标材质,目标材质,目標材質
Studio.TerrainEditor.Categories.BrushSettings,,,Brush Settings,Brush Settings,إعدادات الفرشاة,Pinseleinstellungen,Configuración del pincel,Paramètres du pinceau,ब्रश की सेटिंग्स,Pengaturan Kuas,Impostazioni pennello,ブラシ設定,브러시 설정,Ustawienia pędzla,Configurações do pincel,,การตั้งค่าแปรง,Fırça Ayarları,Cài Đặt Cọ Vẽ,涂刷设置,涂刷设置,筆刷設定
Studio.TerrainEditor.Categories.MaterialSettings,,,Material Settings,Material Settings,إعدادات المواد,Materialeinstellungen,Configuración del material,Paramètres matériel,मटीरियल की सेटिंग्स,Pengaturan Material,Impostazioni materiale,素材の設定,재질 설정,Ustawienia materiału,Configurações do material,,การตั้งค่าวัสดุ,Malzeme Ayarları,Cài Đặt Vật Liệu,材质设置,材质设置,材質設定
Studio.TerrainEditor.BaseTool.Select,,,Select,Select,تحديد,Auswählen,Seleccionar,Sélectionner,चुनें,Pilih,Seleziona,選択,선택,Zaznacz,Selecionar,,เลือก,Seç,Chọn,选择,选择,選擇
Studio.TerrainEditor.SelectionSettings.Position,,,Position,Position,الموضع,Position,Posición,Position,पोज़ीशन,Posisi,Posizione,位置,위치,Pozycja,Posição,,ตำแหน่ง,Pozisyon,Vị Trí,位置,位置,位置
Studio.TerrainEditor.SelectionSettings.Rotation,,,Rotation,Rotation,تدوير,Drehung,Rotación,Rotation,रोटेशन,Rotasi,Rotazione,回転,회전,Obrót,Rotação,,การหมุน,Döndürme,Xoay,旋转,旋转,旋轉
Studio.TerrainEditor.SelectionSettings.Size,,,Size,Size,الحجم,Größe,Tamaño,Taille,साइज़,Ukuran,Dimensione,サイズ,크기,Wielkość,Tamanho,,ขนาด,Boyut,Kích Thước,尺寸,尺寸,大小
Studio.TerrainEditor.SelectionSettings.Transform,,,Transform,Transform,تحويل,Transformieren,Transformar,Transformer,ट्रांसफ़ॉर्म,Transformasi,Trasforma,変換,변환,Przekształć,Transformar,,แปรสภาพ,Dönüştürme,Biến Đổi,转变,转变,轉換
Studio.TerrainEditor.Categories.SelectionSettings,,,Selection Settings,Selection Settings,إعدادات التحديد,Auswahleinstellungen,Configuración de selección,Paramètres de sélection,सिलेक्शन सेटिंग्स,Pengaturan Pilihan,Impostazioni selezione,選択設定,선택 항목 설정,Ustawienia zaznaczenia,Configurações de seleção,,การตั้งค่าส่วนที่เลือก,Seçim Ayarları,Cài Đặt Lựa Chọn,选择设置,选择设置,選擇設定
Studio.TerrainEditor.TransformSettings.Apply,,,Apply,Apply,تطبيق,Anwenden,Aplicar,Appliquer,अप्लाई करें,Terapkan,Applica,適用する,적용,Zastosuj,Aplicar,,ปรับใช้,Uygula,Áp Dụng,应用,应用,套用
Studio.TerrainEditor.TransformSettings.Position,,,Position,Position,الموضع,Position,Posición,Position,पोज़ीशन,Posisi,Posizione,位置,위치,Pozycja,Posição,,ตำแหน่ง,Pozisyon,Vị Trí,位置,位置,位置
Studio.TerrainEditor.TransformSettings.Rotation,,,Rotation,Rotation,تدوير,Drehung,Rotación,Rotation,रोटेशन,Rotasi,Rotazione,回転,회전,Obrót,Rotação,,การหมุน,Döndürme,Xoay,旋转,旋转,旋轉
Studio.TerrainEditor.TransformSettings.Size,,,Size,Size,الحجم,Größe,Tamaño,Taille,साइज़,Ukuran,Dimensione,サイズ,크기,Wielkość,Tamanho,,ขนาด,Boyut,Kích Thước,尺寸,尺寸,大小
Studio.TerrainEditor.TransformSettings.Transform,,,Transform,Transform,تحويل,Transformieren,Transformar,Transformer,ट्रांसफ़ॉर्म,Transformasi,Trasforma,変換,변환,Przekształć,Transformar,,แปรสภาพ,Dönüştür,Biến Đổi,转变,转变,轉換
Studio.TerrainEditor.TransformSettings.MergeEmpty,,,Merge Empty,Merge Empty,دمج الفارغ,Leere zusammenführen,Combinar vacío,Fusion vide,खाली फ़ील्ड को मर्ज करें,Gabungkan Kosong,Unisci vuoto,空白を併合,빈 공간 병합,Scal puste,Mesclar vazios,,รวมส่วนที่ว่างเปล่า,Boş Birleştirme,Hợp Nhất Khu Vực Trống,合并空白,合并空白,合併空位
Studio.TerrainEditor.TransformSettings.LiveEdit,,,Live Edit,Live Edit,تحرير live,Live-Bearbeitung,Edición en vivo,Modifier en direct,लाइव एडिट,Edit Live,Modifica attiva,ライブ編集,라이브 편집,Edycja na bieżąco,Editar ao vivo,,การแก้ไขสด,Canlı Düzenleme,Chỉnh Sửa Trực Tiếp,实时编辑,实时编辑,即時編輯
Studio.TerrainEditor.TransformSettings.SnapToVoxels,,,Snap to Voxels,Snap to Voxels,المحاذاة مع وحدات Voxel,Auf Voxel einrasten,Ajustar a vóxeles,Ajuster aux Voxels,स्नैप टू वॉक्सेल्स,Snap ke Voksel,Aderisci ai voxel,ボクセルに装着,복셀에 맞추기,Przyciągaj do vokseli,Alinhar aos voxels,,Snap to Voxels,Voksellere tuttur,Gắn Vào Voxel,对齐至体素,对齐至体素,貼齊到體素
Studio.TerrainEditor.Categories.TransformSettings,,,Transform Settings,Transform Settings,إعدادات التحويل,Transformationseinstellungen,Configuración de transformación,Paramètres de transformation,ट्रांसफ़ॉर्म करने की सेटिंग्स,Pengaturan Transformasi,Impostazioni di trasformazione,設定を変換,변환 설정,Ustawienia transformacji,Configurações de transformação,,การตั้งค่าการแปรสภาพ,Dönüştürme Ayarları,Cài Đặt Biến Đổi,转变设置,转变设置,轉換設定
Studio.TerrainEditor.PluginActions.EditPlaneStatusTip,,,Edit/apply plane when using plane lock in manual mode,Edit/apply plane when using plane lock in manual mode,تحرير/تطبيق السطح عند استخدام قفل السطح في الوضع اليدوي,"Ebene bearbeiten/anwenden, wenn du die Ebenensperre im manuellen Modus verwendest",Edita o aplica el plano cuando se utiliza el bloqueo de plano en modo Manual,Modifier/appliquer le plan lors de l'utilisation du verrouillage de plan en mode manuel,मैन्युअल मोड में प्लेन लॉक का इस्तेमाल करते समय प्लेन एडिट/अप्लाई करें,Edit/terapkan plane saat menggunakan kunci plane di mode manual,Modifica/applica piano quando utilizzi il blocco piano in modalità manuale,手動モードで平面ロックを使用するときに平面を編集または適用,수동 모드에서 평면 잠금을 사용할 때 평면 편집 또는 적용,"Edytuj/zastosuj płaszczyznę, gdy korzystasz z blokady płaszczyzny w trybie ręcznym",Editar/aplicar plano quando usar bloqueio de plano em modo manual,,แก้ไข/ปรับใช้ระนาบขณะที่ใช้การล็อคระนาบในโหมดกำหนดด้วยตัวเอง,Manuel modda düzlem kilidi kullanılırken düzlemi düzenle/uygula,Chỉnh sửa/áp dụng mặt phẳng khi sử dụng khóa mặt phẳng ở chế độ thủ công,在手动模式下使用平面锁定时编辑/应用平面,在手动模式下使用平面锁定时编辑/应用平面,在手動模式中使用平面鎖定時編輯或套用平面
Studio.TerrainEditor.PluginActions.EditPlaneText,,,Edit Plane,Edit Plane,تحرير السطح,Ebene bearbeiten,Editar plano,Modifier plan,प्लेन एडिट करें,Edit Plane,Modifica piano,平面を編集,평면 편집,Płaszczyzna edycji,Editar plano,,แก้ไขระนาบ,Düzlemi düzenle,Chỉnh Sửa Mặt Phẳng,编辑平面,编辑平面,編輯平面
Studio.TerrainEditor.PluginActions.CopyStatusTip,,,Copy Region Selection,Copy Region Selection,نسخ تحديد المنطقة,Regionauswahl kopieren,Copiar selección de región,Copier la sélection de la région,रीजन सिलेक्शन कॉपी करें,Salin Pilihan Wilayah,Copia selezione regione,地域の選択範囲をコピー,영역 선택 복사,Skopiuj zaznaczenie regionu,Copiar seleção de região,,คัดลอกส่วนที่เลือกของภูมิภาค,Bölge seçimini kopyala,Sao Chép Lựa Chọn Khu Vực,复制区域选择,复制区域选择,複製區域選擇
Studio.TerrainEditor.PluginActions.CopyText,,,Copy,Copy,نسخ,Kopieren,Copiar,Copier,कॉपी करें,Salin,Copia,コピー,복사,Skopiuj,Copiar,,คัดลอก,Kopyala,Sao Chép,复制,复制,複製
Studio.TerrainEditor.PluginActions.CutStatusTip,,,Cut Region Selection,Cut Region Selection,قص تحديد المنطقة,Regionauswahl ausschneiden,Cortar selección de región,Couper la selection de la région,रीजन सिलेक्शन कट करें,Potong Pilihan Wilayah,Taglia selezione regione,地域の選択範囲を切り取る,영역 선택 잘라내기,Wytnij zaznaczenie regionu,Recortar seleção de região,,ตัดส่วนที่เลือกของภูมิภาค,Bölge seçimini kes,Cắt Lựa Chọn Khu Vực,剪切区域选择,剪切区域选择,裁剪區域選擇
Studio.TerrainEditor.PluginActions.CutText,,,Cut,Cut,قص,Ausschneiden,Cortar,Couper,कट करें,Potong,Taglia,切り取る,잘라내기,Wytnij,Recortar,,ตัด,Kes,Cắt,剪切,剪切,裁剪
Studio.TerrainEditor.PluginActions.DeleteStatusTip,,,Delete Region Selection,Delete Region Selection,حذف تحديد المنطقة,Regionauswahl löschen,Eliminar selección de región,Supprimer la sélection de région,रीजन सिलेक्शन डिलीट करें,Hapus Pilihan Wilayah,Elimina selezione regione,地域の選択範囲を削除,영역 선택 삭제,Usuń zaznaczenie regionu,Excluir seleção de região,,ลบส่วนที่เลือกของภูมิภาค,Bölge seçimini sil,Xóa Lựa Chọn Khu Vực,删除区域选择,删除区域选择,刪除區域選擇
Studio.TerrainEditor.PluginActions.DeleteText,,,Delete,Delete,حذف,Löschen,Eliminar,Supprimer,डिलीट करें,Hapus,Elimina,削除,삭제,Usuń,Excluir,,ลบ,Sil,Xóa,删除,删除,刪除
Studio.TerrainEditor.PluginActions.PasteStatusTip,,,Paste Region Selection,Paste Region Selection,لصق تحديد المنطقة,Regionauswahl einfügen,Pegar selección de región,Coller la sélection de la région,रीजन सिलेक्शन पेस्ट करें,Tempel Pilihan Wilayah,Incolla selezione regione,地域の選択範囲を張り付け,영역 선택 붙여넣기,Wklej zaznaczenie regionu,Colar seleção de região,,วางส่วนที่เลือกของภูมิภาค,Bölge seçimi yapıştır,Dán Lựa Chọn Khu Vực,粘贴区域选择,粘贴区域选择,貼上區域選擇
Studio.TerrainEditor.PluginActions.PasteText,,,Paste,Paste,لصق,Einfügen,Pegar,Coller,पेस्ट करें,Tempel,Incolla,貼り付け,붙여넣기,Wklej,Colar,,วาง,Yapıştır,Dán,粘贴,粘贴,貼上
Studio.TerrainEditor.PluginActions.DuplicateStatusTip,,,Duplicate Region Selection,Duplicate Region Selection,تكرار تحديد المنطقة,Regionauswahl duplizieren,Duplica la selección de región,Reproduire la sélection de région,डुप्लिकेट रीजन सिलेक्शन,Duplikatkan Pilihan Wilayah,Duplica selezione regione,地域の選択範囲を複製,영역 선택 복제,Powiel zaznaczenie regionu,Duplicar seleção de região,,ทำซ้ำส่วนที่เลือกของภูมิภาค,Bölge seçimini çoğalt,Sao Chép Lựa Chọn Khu Vực,复制区域选择,复制区域选择,重複區域選擇
Studio.TerrainEditor.PluginActions.DuplicateText,,,Duplicate,Duplicate,تكرار,Duplizieren,Duplicar,Reproduire,डुप्लिकेट,Duplikat,Duplica,複製,복제,Powiel,Duplicar,,ทำซ้ำ,Çoğalt,Sao Chép,重复,重复,複製
Studio.TerrainEditor.PluginActions.ApplyStatusTip,,,Apply Region Transform,Apply Region Transform,تطبيق تحويل المنطقة,Regionstransformation anwenden,Aplica la transformación de región,Appliquer la transformation de la région,रीजन ट्रांसफ़ॉर्म अप्लाई करें,Terapkan Transformasi Wilayah,Applica trasformazione regione,地域変換を適用,영역 변환 적용,Zastosuj transformację regionu,Aplicar transformação de região,,ปรับใช้การแปรสภาพภูมิภาค,Bölge dönüşümünü uygula,Áp Dụng Biến Đổi Khu Vực,应用区域转变,应用区域转变,套用區域轉換
Studio.TerrainEditor.PluginActions.ApplyText,,,Apply,Apply,تطبيق,Anwenden,Aplicar,Appliquer,अप्लाई करें,Terapkan,Applica,適用する,적용,Zastosuj,Aplicar,,ปรับใช้,Uygula,Áp Dụng,应用,应用,套用
Studio.TerrainEditor.PluginActions.CancelStatusTip,,,Cancel Region Transform,Cancel Region Transform,إلغاء تحويل المنطقة,Regionstransformation abbrechen,Cancela la transformación de región,Annuler la transformation de la région,रीजन ट्रांसफ़ॉर्म कैंसिल करें,Batalkan Transformasi Wilayah,Annulla trasformazione regione,地域変換をキャンセル,영역 변환 취소,Anuluj transformację regionu,Cancelar transformação de região,,ยกเลิกการแปรสภาพภูมิภาค,Bölge dönüşümünü iptal et,Hủy Bỏ Biến Đổi Khu Vực,取消区域转变,取消区域转变,取消區域轉換
Studio.TerrainEditor.PluginActions.CancelText,,,Cancel,Cancel,إلغاء,Abbrechen,Cancelar,Annuler,कैंसिल करें,Batalkan,Annulla,キャンセル,취소,Anuluj,Cancelar,,ยกเลิก,İptal,Hủy Bỏ,取消,取消,取消
Studio.TerrainEditor.FillMode.Fill,,,Fill,Fill,تعبئة,Füllen,Llenar,Remplir,भरें,Isi,Riempi,埋める,채우기,Wypełnij,Preencher,,เติม,Doldurma,Lấp Đầy,填充,填充,填滿
Studio.TerrainEditor.FillMode.Replace,,,Replace,Replace,استبدال,Ersetzen,Reemplazar,Remplacer,रीप्लेस करें,Ganti,Sostituisci,置き換え,바꾸기,Zamień,Substituir,,แทนที่,Değiştirme,Thay Thế,替换,替换,取代
Studio.TerrainEditor.MaterialMode.Paint,,,Paint,Paint,طلاء,Bemalen,Pintar,Peindre,पेंट करें,Cat,Disegna,ペイント,칠하기,Pomaluj,Pintar,,ทาสี,Boyama,Vẽ,涂画,涂画,上色
Studio.TerrainEditor.MaterialMode.Replace,,,Replace,Replace,استبدال,Ersetzen,Reemplazar,Remplacer,रीप्लेस करें,Ganti,Sostituisci,置き換え,바꾸기,Zamień,Substituir,,แทนที่,Değiştirme,Thay Thế,替换,替换,取代
Studio.TerrainEditor.EditorEnum.FillMode,,,Fill Mode,Fill Mode,وضع التعبئة,Füllmodus,Modo de relleno,Mode de remplissage,फ़िल मोड,Mode Isi,Modalità Riempimento,塗りつぶしモード,채우기 모드,Tryb wypełniania,Modo de preenchimento,,โหมดการเติม,Doldurma Modu,Chế Độ Lấp Đầy,填充模式,填充模式,填滿模式
Studio.TerrainEditor.EditorEnum.MaterialMode,,,Material Mode,Material Mode,وضع المادة,Materialmodus,Modo de material,Mode Matériel,मटीरियल मोड,Mode Material,Modalità materiale,素材モード,재질 모드,Tryb materiału,Modo material,,โหมดวัสดุ,Malzeme Modu,Chế Độ Vật Liệu,材质模式,材质模式,材質模式
Studio.TerrainEditor.MaterialSettings.FillMode,,,Fill Mode,Fill Mode,وضع التعبئة,Füllmodus,Modo de Relleno,Mode de remplissage,फ़िल मोड,Mode Isi,Modalità Riempimento,塗りつぶしモード,채우기 모드,Tryb wypełniania,Modo de preenchimento,,โหมดการเติม,Doldurma Modu,Chế Độ Lấp Đầy,填充模式,填充模式,填滿模式
Studio.TerrainEditor.MaterialSettings.MaterialMode,,,Material Mode,Material Mode,وضع المادة,Materialmodus,Modo de Material,Mode Matériel,मटीरियल मोड,Mode Material,Modalità materiale,素材モード,재질 모드,Tryb materiału,Modo material,,โหมดวัสดุ,Malzeme Modu,Chế Độ Vật Liệu,材质模式,材质模式,材質模式
Studio.TerrainEditor.Tabs.Create,,,Create,Create,إنشاء,Erstellen,Crear,Créer,क्रिएट करें,Buat,Crea,作成,만들기,Utwórz,Criar,,สร้าง,Oluştur,Tạo,创建,创建,建立
Studio.TerrainEditor.Tabs.Edit,,,Edit,Edit,تحرير,Bearbeiten,Editar,Éditer,एडिट करें,Edit,Modifica,編集,편집,Edytuj,Editar,,แก้ไข,Düzenle,Chỉnh Sửa,编辑,编辑,編輯
Studio.TerrainEditor.MaterialSettings.Fill,,,Fill,Fill,تعبئة,Füllen,Llenar,Remplir,भरें,Isi,Riempi,埋める,채우기,Wypełnij,Preencher,,เติม,Doldur,Lấp Đầy,填充,填充,填滿
Studio.TerrainEditor.MaterialSettings.Paint,,,Paint,Paint,طلاء,Bemalen,Pintar,Peindre,पेंट करें,Cat,Dipingi,ペイント,칠하기,Pomaluj,Pintar,,ทาสี,Boya,Vẽ,涂画,涂画,上色
Studio.TerrainEditor.MaterialSettings.Replace,,,Replace,Replace,استبدال,Ersetzen,Reemplazar,Remplacer,रीप्लेस करें,Ganti,Sostituisci,置き換え,바꾸기,Zamień,Substituir,,แทนที่,Değiştir,Thay Thế,替换,替换,取代
Studio.TerrainEditor.Operations.MoveName,,,Move,Move,تحريك,Verschieben,Mover,Déplacer,मूव करें,Gerakkan,Sposta,移動,이동,Przenieś,Mover,,ย้าย,Taşı,Di Chuyển,移动,移动,移動
Studio.TerrainEditor.Operations.MoveDescription,,,Moving voxels to the target transform.,Moving voxels to the target transform.,نقل وحدات voxel إلى التحويل المستهدف.,Voxel in die Zieltransformation verschieben.,Moviendo los vóxeles a la transformación del objetivo.,Déplacer les voxels vers la transformation cible.,वॉक्सेल को टार्गेट ट्रांसफ़ॉर्म में ले जाया जा रहा है.,Memindahkan voksel ke transformasi target.,Spostamento dei voxel nella trasformazione di destinazione.,ターゲット変換にボクセルを移動。,복셀을 대상 변환으로 이동합니다.,Przenoszenie vokseli do transformacji docelowej.,Movendo voxels para a transformação do alvo.,,การย้ายว็อกเซลไปยังการแปรสภาพเป้าหมาย,Vokselleri hedef dönüşüme taşır.,Di chuyển các voxel sang biến đổi mục tiêu.,将体素移动到目标转变。,将体素移动到目标转变。,將體素移動至目標轉換位置。
Studio.TerrainEditor.Operations.PasteName,,,Paste,Paste,لصق,Einfügen,Pegar,Coller,पेस्ट करें,Tempel,Incolla,貼り付け,붙여넣기,Wklej,Colar,,วาง,Yapıştır,Dán,粘贴,粘贴,貼上
Studio.TerrainEditor.Operations.PasteDescription,,,Pasting voxels to the target transform.,Pasting voxels to the target transform.,لصق وحدات voxel إلى التحويل المستهدف.,Voxel in die Zieltransformation einfügen.,Pegando los vóxeles a la transformación del objetivo.,Coller des voxels à la transformation cible.,टार्गेट ट्रांसफ़ॉर्म में वॉक्सेल चिपकाएँ.,Menempelkan voksel ke transformasi target.,Incolla i voxel nella trasformazione di destinazione.,ターゲット変換にボクセルを貼り付け。,복셀을 대상 변환으로 붙여넣기합니다.,Wklejanie vokseli do transformacji docelowej.,Colando voxels na transformação do alvo.,,การวางว็อกเซลไปยังการแปรสภาพเป้าหมาย,Vokselleri hedef dönüşüme yapıştırır.,Dán các voxel vào biến đổi mục tiêu.,将体素粘贴到目标转变。,将体素粘贴到目标转变。,將體素貼上至目標轉換位置。
Studio.TerrainEditor.Operations.DuplicateName,,,Duplicate,Duplicate,تكرار,Duplizieren,Duplicar,Dupliquer,डुप्लिकेट,Duplikat,Duplica,複製,복제,Powiel,Duplicar,,ทำซ้ำ,Çoğalt,Sao Chép,重复,重复,複製
Studio.TerrainEditor.Operations.DuplicateDescription,,,Duplicating voxels to the target transform.,Duplicating voxels to the target transform.,تكرار وحدات voxel إلى التحويل المستهدف.,Voxel in die Zieltransformation duplizieren.,Duplicando los vóxeles a la transformación del objetivo.,Duplication des voxels à la transformation cible.,टार्गेट ट्रांसफ़ॉर्म में वॉक्सेल डुप्लिकेट किए जा रहे हैं.,Menduplikatkan voksel ke transformasi target.,Duplicazione dei voxel nella trasformazione di destinazione.,ターゲット変換にボクセルを複製。,복셀을 대상 변환으로 복제합니다.,Powielanie vokseli do transformacji docelowej.,Duplicando voxels para a transformação do alvo.,,การทำซ้ำว็อกเซลไปยังการแปรสภาพเป้าหมาย,Vokselleri hedef dönüşümde çoğaltır.,Nhân đôi các voxel đến biến đổi mục tiêu.,将体素重复到目标转变。,将体素重复到目标转变。,將體素複製至目標轉換位置。
Studio.TerrainEditor.Operations.FillName,,,Fill,Fill,تعبئة,Füllen,Llenar,Remplir,भरें,Isi,Riempi,埋める,채우기,Wypełnij,Preencher,,เติม,Doldur,Lấp Đầy,填充,填充,填滿
Studio.TerrainEditor.Operations.FillDescription,,,Filling voxels in the selection with {material}.,Filling voxels in the selection with {material}.,تعبئة وحدات voxel في التحديد باستخدام {material}.,Voxel in der Auswahl mit {material} füllen.,Llenando los vóxeles en la selección con {material}.,Remplir les voxels dans la sélection avec {material}.,सिलेक्शन में वॉक्सेल के साथ {material} भरे जा रहे हैं.,Mengisi voksel dalam pilihan dengan {material}.,Riempimento dei voxel selezionati con {material}.,選択範囲を {material} のボクセルで埋めています。,선택 영역의 복셀을 {material}(으)로 채웁니다.,Wypełnianie vokseli w ramach zaznaczenia materiałem {material}.,Preenchendo voxels na seleção com {material}.,,การเติมว็อกเซลในส่วนที่เลือกด้วย{material},Seçimdeki vokselleri {material} ile doldurur.,Lấp đầy các voxel trong lựa chọn bằng {material}.,在所选项中以 {material} 填充体素。,在所选项中以 {material} 填充体素。,在選擇範圍內填滿 {material} 體素。
Studio.TerrainEditor.Operations.ReplaceName,,,Replace,Replace,استبدال,Ersetzen,Reemplazar,Remplacer,रीप्लेस करें,Ganti,Sostituisci,置き換え,바꾸기,Zamień,Substituir,,แทนที่,Değiştir,Thay Thế,替换,替换,取代
Studio.TerrainEditor.Operations.ReplaceDescription,,,Replacing {source} voxels in the selection with {target}.,Replacing {source} voxels in the selection with {target}.,استبدال وحدات {source} voxel في التحديد باستخدام {target}.,{source} Voxel in der Auswahl mit {target} ersetzen.,Reemplazando los vóxeles {source} en la selección con {target}.,Remplacement des voxels {source} dans la sélection par {target}.,सिलेक्शन में {source} वॉक्सेल के साथ {target} बदले जा रहे हैं.,Menggantikan {source} voksel dalam pilihan dengan {target}.,Sostituzione dei voxel {source} selezionati con {target}.,選択範囲内の {source} ボクセルを {target} に置き換えます。,선택 영역의 {source} 복셀을 {target}(으)로 바꿉니다.,Zamienianie vokseli źródłowych {source} w ramach zaznaczenia vokselami docelowymi {target}.,Substituindo os voxels de {source} na seleção com {target}.,,การแทนที่ว็อกเซล{source}ในส่วนที่เลือกด้วย{target},Seçimdeki {source} voksellerini {target} ile değiştirir.,Thay thế {source} voxel trong lựa chọn bằng {target}.,在所选项中以 {target} 替换 {source} 体素。,在所选项中以 {target} 替换 {source} 体素。,將選擇範圍內的 {source} 體素取代為 {target}。
Studio.TerrainEditor.Dialog.Cancel,,,Cancel,Cancel,إلغاء,Abbrechen,Cancelar,Annuler,कैंसिल करें,Batalkan,Annulla,キャンセル,취소,Anuluj,Cancelar,,ยกเลิก,İptal,Hủy Bỏ,取消,取消,取消
Studio.TerrainEditor.Dialog.Pause,,,Pause,Pause,إيقاف مؤقت,Pausieren,Pausar,Pause,रोकें,Jeda,Metti in pausa,一時停止,일시 중지,Wstrzymaj,Pausar,,หยุดชั่วคราว,Duraklat,Tạm Dừng,暂停,暂停,暫停
Studio.TerrainEditor.Dialog.Resume,,,Resume,Resume,استئناف,Fortsetzen,Reanudar,Reprendre,फिर से शुरू करें,Lanjutkan,Riprendi,再開,재개,Wznów,Retomar,,เล่นต่อ,Sürdür,Tiếp Tục,继续,继续,繼續
Studio.TerrainEditor.Materials.Air,,,Air,Air,هواء,Luft,Aire,Air,हवा,Udara,Aria,空気,공기,Powietrze,Ar,,อากาศ,Hava,Không Khí,空气,空气,空氣
Studio.TerrainEditor.Materials.Cardboard,,,Cardboard,Cardboard,ورق مقوى,Karton,Cartón,Carton,कार्डबोर्ड,Karton,Cartone,ダンボール,판지,Karton,Papelão,,กระดาษแข็ง,Karton,Bìa Cứng,纸板箱,纸板箱,厚紙板
Studio.TerrainEditor.Materials.Carpet,,,Carpet,Carpet,سجادة,Teppich,Alfombra,Tapis,कालीन,Karpet,Moquette,カーペット,카펫,Dywan,Tapete,,พรม,Halı,Thảm,地毯,地毯,毛毯
Studio.TerrainEditor.Materials.CeramicTiles,,,Ceramic Tiles,Ceramic Tiles,بلاط السيراميك,Keramikfliesen,Baldosas de cerámica,Carreaux de céramique,सिरेमिक टाइल्स,Ubin Keramik,Piastrelle di ceramica,セラミックタイル,세라믹 타일,Płytki ceramiczne,Ladrilhos de cerâmica,,ชิ้นส่วนเซรามิก,Seramik Fayans,Gạch Men,瓷砖,瓷砖,陶瓷磚塊
Studio.TerrainEditor.Materials.ClayRoofTiles,,,Clay Roof Tiles,Clay Roof Tiles,بلاط السقف الطيني,Lehm-Dachziegel,Tejas de arcilla,Tuiles de toit en argile,क्ले रूफ़ टाइल्स,Genting Tanah Liat,Tegole di argilla,屋根用クレイタイル,점토 기와,Dachówki ceramiczne,Telhas de barro,,ชิ้นส่วนหลังคาดินเหนียว,Kil Kiremit,Ngói Lợp Mái Bằng Đất Sét,粘土屋瓦,粘土屋瓦,陶土屋瓦
Studio.TerrainEditor.Materials.CorrodedMetal,,,Corroded Metal,Corroded Metal,معدن متآكل,Verrostetes Metall,Metal corroído,Métal corrodé,करोडेड मेटल,Logam Berkarat,Metallo corroso,さびた金属,부식된 금속,Skorodowany metal,Metal corroído,,โลหะผุกร่อน,Aşınmış Metal,Kim Loại Bị Ăn Mòn,锈蚀金属,锈蚀金属,腐蝕金屬
Studio.TerrainEditor.Materials.DiamondPlate,,,Diamond Plate,Diamond Plate,لوحة ماسية,Diamantplatte,Placa de diamante,Plaque en Diamant,डायमंड प्लेट,Pelat Diamond,Lamiera bugnata,ダイヤモンド板,다이아몬드판,Płyta diamentowa,Placa de diamante,,แผ่นเพชร,Baklavalı Sac,Tấm Kim Cương,钻石板,钻石板,菱形板
Studio.TerrainEditor.Materials.Fabric,,,Fabric,Fabric,قماش,Stoff,Tela,Tissu,कपड़ा,Kain,Tessuto,布地,직물,Tkanina,Tecido,,ผ้า,Kumaş,Vải,布料,布料,布料
Studio.TerrainEditor.Materials.Foil,,,Foil,Foil,رقائق معدنية,Alufolie,Papel aluminio,Feuille d'aluminium,फ़ॉइल,Kertas Logam,Alluminio,ホイル,호일,Folia,Papel alumínio,,ฟอยล์,Folyo,Lá Kim Loại,箔,箔,金屬箔
Studio.TerrainEditor.Materials.ForceField,,,Force Field,Force Field,مجال القوة,Kraftfeld,Campo de fuerza,Champ de force,फ़ोर्स फ़ील्ड,Medan Gaya,Campo di forza,力場,역장,Pole siłowe,Campo de força,,สนามพลัง,Güç Alanı,Trường Lực,力场,力场,力場
Studio.TerrainEditor.Materials.Glass,,,Glass,Glass,زجاج,Glas,Vidrio,Verre,ग्लास,Kaca,Vetro,ガラス,유리,Szkło,Vidro,,แก้ว,Cam,Kính,玻璃,玻璃,玻璃
Studio.TerrainEditor.Materials.Granite,,,Granite,Granite,جرانيت,Granit,Granito,Granite,ग्रेनाइट,Granit,Granito,花崗岩,화강암,Granit,Granito,,แกรนิต,Granit,Đá Granite,花岗岩,花岗岩,花崗岩
Studio.TerrainEditor.Materials.Leather,,,Leather,Leather,جلد,Leder,Cuero,Cuir,चमड़ा,Kulit,Pelle,レザー,가죽,Skóra,Couro,,หนัง,Deri,Da,皮革,皮革,皮革
Studio.TerrainEditor.Materials.Marble,,,Marble,Marble,رخام,Marmor,Mármol,Marbre,संगमरमर,Marmer,Marmo,大理石,대리석,Marmur,Mármore,,หินอ่อน,Mermer,Đá Cẩm Thạch,大理石,大理石,大理石
Studio.TerrainEditor.Materials.Metal,,,Metal,Metal,معدن,Metall,Metal,Métal,मेटल,Logam,Metallo,金属,금속,Metal,Metal,,โลหะ,Metal,Kim Loại,金属,金属,金屬
Studio.TerrainEditor.Materials.Neon,,,Neon,Neon,النيون,Neon,Neón,Fluo,नियॉन,Neon,Neon,ネオン,네온,Neon,Neon,,นีออน,Neon,Đèn Neon,霓虹灯,霓虹灯,霓虹
Studio.TerrainEditor.Materials.Pebble,,,Pebble,Pebble,حصى,Kieselstein,Piedrita,Galet,कंकड़,Kerikil,Ghiaia,小石,자갈,Kamyki,Cascalho,,กรวดกลาง,Çakıl,Đá Sỏi,卵石,卵石,卵石
Studio.TerrainEditor.Materials.Plaster,,,Plaster,Plaster,الجص,Gips,Yeso,Plâtre,प्लास्टर,Plester,Intonaco,石膏,석고,Tynk,Gesso,,ปลาสเตอร์,Alçı,Thạch Cao,灰泥,灰泥,泥漿
Studio.TerrainEditor.Materials.Plastic,,,Plastic,Plastic,بلاستيك,Plastik,Plástico,Plastique,प्लास्टिक,Plastik,Plastica,プラスチック,플라스틱,Plastik,Plástico,,พลาสติก,Plastik,Nhựa,塑料,塑料,塑膠
Studio.TerrainEditor.Materials.Rubber,,,Rubber,Rubber,مطاط,Gummi,Goma,Caoutchouc,रबड़,Karet,Gomma,ゴム,고무,Guma,Borracha,,ยาง,Kauçuk,Cao Su,橡胶,橡胶,橡膠
Studio.TerrainEditor.Materials.RoofShingles,,,Roof Shingles,Roof Shingles,ألواح السقف,Dachschindeln,Tejas de techo,Toit en bardeaux,रूफ़ शिंगल्स,Sirap Atap,Tegole,屋根板,지붕 널,Gonty dachowe,Telhas shingle,,กระเบื้องหลังคา,Çatı Kiremidi,Ván Lợp Mái,屋顶板,屋顶板,木屋瓦
Studio.TerrainEditor.Materials.SmoothPlastic,,,Smooth Plastic,Smooth Plastic,بلاستيك ناعم,Glattes Plastik,Plástico liso,Plastique lisse,समतल प्लास्टिक,Plastik Mulus,Plastica liscia,なめらかなプラスチック,매끈한 플라스틱,Gładki plastik,Plástico liso,,พลาสติกเรียบ,Pürüzsüz Plastik,Nhựa Hạt Mịn,光滑塑料,光滑塑料,平滑塑膠
Studio.TerrainEditor.Materials.Wood,,,Wood,Wood,الخشب,Holz,Madera,Bois,लकड़ी,Kayu,Legno,木材,목재,Drewno,Madeira,,ไม้,Ahşap,Gỗ,木,木,木材
Studio.TerrainEditor.ImportMode.Colormap,,,Colormap,Colormap,Colormap,Colormap,Colormap,Colormap,कलरमैप,Colormap,Colormap,カラーマップ,Colormap,Mapa kolorów,Mapa de cores,,Colormap,Renk Haritası,Colormap,Colormap,Colormap,Colormap
Studio.TerrainEditor.ImportMode.Material,,,Material,Material,المادة,Material,Material,Matériel,मटीरियल,Material,Materiale,素材,재질,Materiał,Material,,วัสดุ,Malzeme,Vật Liệu,材质,材质,材質
Studio.TerrainEditor.EditorEnum.ImportMode,,,Import Mode,Import Mode,وضع الاستيراد,Importmodus,Modo Importación,Mode Importation,इंपोर्ट मोड,Mode Impor,Modalità di importazione,インポートモード,가져오기 모드,Tryb importowania,Modo de importação,,โหมดการนำเข้า,İçe Aktarma Modu,Nhập Chế Độ,导入模式,导入模式,匯入模式
Studio.TerrainEditor.HeightmapSettings.Colormap,,,Colormap,Colormap,Colormap,Colormap,Colormap,Colormap,कलरमैप,Colormap,Colormap,カラーマップ,Colormap,Mapa kolorów,Mapa de cores,,Colormap,Renk Haritası,Colormap,Colormap,Colormap,Colormap
Studio.TerrainEditor.HeightmapSettings.DefaultMaterial,,,Default Material,Default Material,المادة الافتراضية,Standardmaterial,Material predeterminado,Matériel par défaut,डिफ़ॉल्ट मटीरियल,Material Default,Materiale predefinito,デフォルト素材,기본 재질,Materiał domyślny,Material padrão,,วัสดุเริ่มต้น,Varsayılan Malzeme,Vật Liệu Mặc Định,默认材质,默认材质,預設材質
Studio.TerrainEditor.HeightmapSettings.Heightmap,,,Heightmap,Heightmap,Heightmap,Heightmap,Heightmap,Heightmaps,हाइटमैप,Heightmap,Heightmap,Heightmap,Heightmap,Mapa wysokości,Mapa de altura,,Heightmap,Yükseklik Haritası,Heightmap,Heightmap,Heightmap,Heightmap
Studio.TerrainEditor.HeightmapSettings.Import,,,Import,Import,استيراد,Importieren,Importar,Importer,इंपोर्ट करें,Impor,Importa,インポート,가져오기,Importuj,Importar,,นำเข้า,İçe Aktar,Nhập,导入,导入,匯入
Studio.TerrainEditor.HeightmapSettings.ImportMode,,,Import Mode,Import Mode,وضع الاستيراد,Importmodus,Modo Importación,Mode Importation,इंपोर्ट मोड,Mode Impor,Modalità di importazione,インポートモード,가져오기 모드,Tryb importowania,Modo de importação,,โหมดการนำเข้า,İçe Aktarma Modu,Nhập Chế Độ,导入模式,导入模式,匯入模式
Studio.TerrainEditor.HeightmapSettings.Material,,,Material,Material,المادة,Material,Material,Matériel,मटीरियल,Material,Materiale,素材,재질,Materiał,Material,,วัสดุ,Malzeme,Vật Liệu,材质,材质,材質
Studio.TerrainEditor.Categories.HeightmapSettings,,,Heightmap Settings,Heightmap Settings,إعدادات خريطة الارتفاع,Heightmap-Einstellungen,Configuración Heightmap,Paramètres Heightmap,हाइटमैप की सेटिंग्स,Pengaturan Heightmap,Impostazioni heightmap,Heightmap 設定,Heightmap 설정,Ustawienia mapy wysokości,Configurações do mapa de altura,,การตั้งค่า Heightmap,Yükseklik Haritası Ayarları,Cài Đặt Heightmap,Heightmap 设置,Heightmap 设置,Heightmap 設定
Studio.TerrainEditor.ImportWarning.AspectRatio,,,"Image aspect ratio ({ImageAspectRatio}) is not compatible with Size values (X {RegionWidth:int}, Z {RegionHeight:int}). For best results, adjust the Size or import a new image.","Image aspect ratio ({ImageAspectRatio}) is not compatible with Size values (X {RegionWidth:int}, Z {RegionHeight:int}). For best results, adjust the Size or import a new image.",نسبة عرض الصورة ({ImageAspectRatio}) غير متوافقة مع قيم الحجم (X {RegionWidth:int}، Z {RegionHeight:int}). للحصول على أفضل النتائج، اضبط الحجم أو قم باستيراد صورة جديدة.,"Das Bildseitenverhältnis ({ImageAspectRatio}) ist nicht mit den Größenwerten (X {RegionWidth:int}, Z {RegionHeight:int}) kompatibel. Die besten Ergebnisse erzielst du, wenn du die Größe anpasst oder ein neues Bild importierst.","La relación de aspecto de la imagen ({ImageAspectRatio}) no es compatible con los valores de Tamaño (X {RegionWidth:int}, Z {RegionHeight:int}). Para obtener mejores resultados, ajusta el Tamaño o importa una nueva imagen.","Le format d'image ({ImageAspectRatio}) n'est pas compatible avec les valeurs de taille (X {RegionWidth:int}, Z {RegionHeight:int}). Pour de meilleurs résultats, ajustez la Taille ou importez une nouvelle image.","इमेज आस्पेक्ट रेशियो ({ImageAspectRatio}) साइज़ वैल्यू (X {RegionWidth:int}, Z {RegionHeight:int}) के साथ कंपैटिबल नहीं है. सबसे अच्छे रिज़ल्ट्स के लिए, साइज़ एडजस्ट करें या एक नई इमेज इंपोर्ट करें.","Rasio aspek gambar ({ImageAspectRatio}) tidak kompatibel dengan nilai Ukuran (X {RegionWidth:int}, Z {RegionHeight:int}). Untuk hasil terbaik, sesuaikan Ukuran atau impor gambar baru.","La proporzione dell'immagine ({ImageAspectRatio}) non è compatibile con i valori di dimensione (X {RegionWidth:int}, Z {RegionHeight:int}). Per ottenere risultati migliori, regola le dimensioni o importa una nuova immagine.",画像アスペクト比 ({ImageAspectRatio}) がサイズ値 (X {RegionWidth:int}、Z {RegionHeight:int})と互換性がありません。理想的な結果を出すには、サイズ調整をするか新しい画像をインポートしてください。,"이미지의 가로 세로 비율({ImageAspectRatio})이 크기 값(X {RegionWidth:int}, Z {RegionHeight:int})와 호환되지 않습니다. 최상의 결과를 얻으려면 크기를 조정하거나 새 이미지를 가져오세요.","Współczynnik proporcji obrazu ({ImageAspectRatio}) nie jest zgodny z wartościami rozmiaru (X {RegionWidth:int}, Z {RegionHeight:int}). W celu uzyskania najlepszych wyników dostosuj rozmiar lub zaimportuj nowy obraz.","A proporção da imagem ({ImageAspectRatio}) não é compatível com os valores de tamanho (X {RegionWidth:int}, Z {RegionHeight:int}). Para melhores resultados, ajuste o tamanho ou importe uma nova imagem.",,"อัตราส่วนภาพ ({ImageAspectRatio}) ไม่สามารถใช้ได้กับค่าขนาด (X {RegionWidth:int}, Z {RegionHeight:int}) เพื่อผลลัพธ์ที่ดีที่สุด โปรดปรับขนาดหรือนำเข้าภาพใหม่","Görsel en boy oranı ({ImageAspectRatio}), boyut değerleriyle (X {RegionWidth:int}, Z {RegionHeight:int}) uyumsuz. Daha iyi bir sonuç için boyutu düzenlemeyi ya da yeni bir görsel aktarmayı dene.","Tỷ lệ khung hình ({ImageAspectRatio}) không tương thích với các giá trị Kích Thước (X {RegionWidth:int}, Z {RegionHeight:int}). Để có kết quả tốt nhất, hãy điều chỉnh Kích Thước hoặc nhập một hình ảnh mới.","图片长宽比 ({ImageAspectRatio}) 与“尺寸”值 (X {RegionWidth:int}, Z {RegionHeight:int}) 不兼容。要获得最佳效果，请调整“尺寸”或导入新图片。","图片长宽比 ({ImageAspectRatio}) 与“尺寸”值 (X {RegionWidth:int}, Z {RegionHeight:int}) 不兼容。要获得最佳效果，请调整“尺寸”或导入新图片。","圖像長寬比 ({ImageAspectRatio}) 與大小值 (X {RegionWidth:int}, Z {RegionHeight:int}) 不相容。為確保最佳效果，請調整大小值結果或匯入新的圖像。"
Studio.TerrainEditor.ImportWarning.Scaling,,,"Image resolution ({ImageWidth:int}x{ImageHeight:int}) is too low for the target Size values (X {RegionWidth:int}, Z {RegionHeight:int}). For best results, decrease the size or import a new Heightmap.","Image resolution ({ImageWidth:int}x{ImageHeight:int}) is too low for the target Size values (X {RegionWidth:int}, Z {RegionHeight:int}). For best results, decrease the size or import a new Heightmap.",دقة الصورة ({ImageWidth:int}x{ImageHeight:int}) منخفضة للغاية بالنسبة لقيم الحجم المستهدف (X {RegionWidth:int}، Z {RegionHeight:int}). للحصول على أفضل النتائج، قم بتقليل الحجم أو استيراد خريطة ارتفاع جديدة.,"Die Bildauflösung ({ImageWidth:int}x{ImageHeight:int}) ist zu niedrig für die Zielgrößenwerte (X {RegionWidth:int}, Z {RegionHeight:int}). Die besten Ergebnisse erzielst du, wenn du die Größe verringerst oder eine neue Heightmap importierst.","La resolución de la imagen ({ImageWidth:int}x{ImageHeight:int}) es demasiada baja para los valores meta de Tamaño (X {RegionWidth:int}, Z {RegionHeight:int}). Para obtener mejores resultados, disminuye el tamaño o importa un nuevo Heightmap.","La résolution de l'image ({ImageWidth:int}x{ImageHeight:int}) est trop faible pour les valeurs de la Taille de la cible (X {RegionWidth:int}, Z {RegionHeight:int}). Pour de meilleurs résultats, diminue la taille ou importez une nouvelle Heightmap.","टारगेट साइज़ वैल्यू (X{RegionWidth:int}, Z{ImageHeight:int}) के लिए इमेज रिज़ॉल्यूशन ( {ImageWidth:int}x {RegionHeight:int}) बहुत कम है. सबसे अच्छे रिज़ल्ट्स के लिए, साइज़ कम करें या एक नया हाइटमैप इंपोर्ट करें.","Resolusi gambar ({ImageWidth:int}x{ImageHeight:int}) terlalu rendah untuk nilai Ukuran target (X {RegionWidth:int}, Z {RegionHeight:int}). Untuk hasil terbaik, kurangi ukuran atau impor Heightmap baru.","La risoluzione dell'immagine ({ImageWidth:int}x{ImageHeight:int}) è troppo bassa per i valori di dimensione desiderati (X {RegionWidth:int}, Z {RegionHeight:int}). Per ottenere risultati migliori, riduci le dimensioni o importa una nuova heightmap.",画像の解像度 ({ImageWidth:int}x{ImageHeight:int}) は、ターゲットサイズ値 (X {RegionWidth:int}、 Z {RegionHeight:int}) と比べて低すぎます。理想的な結果を出すには、サイズを小さくするか新しい Heightmap をインポートしてください。,"이미지 해상도({ImageWidth:int}x{ImageHeight:int})가 대상 크기 값(X {RegionWidth:int}, Z {RegionHeight:int})에 비해 너무 낮습니다. 최상의 결과를 얻으려면 크기를 줄이거나 새 Heightmap을 가져오세요.","Rozdzielczość obrazu ({ImageWidth:int}x{ImageHeight:int}) jest zbyt niska dla docelowych wartości rozmiaru (X {RegionWidth:int}, Z {RegionHeight:int}). W celu uzyskania najlepszych wyników zmniejsz rozmiar lub zaimportuj nową mapę wysokości.","A resolução da imagem ({ImageWidth:int}x{ImageHeight:int}) é baixa demais para os valores de tamanho alvo (X {RegionWidth:int}, Z {RegionHeight:int}). Para melhores resultados, diminua o tamanho ou importe um novo mapa de altura.",,"ความละเอียดภาพ ({ImageWidth:int}x{ImageHeight:int}) ต่ำเกินไปสำหรับค่าขนาดเป้าหมาย (X {RegionWidth:int}, Z {RegionHeight:int}). เพื่อผลลัพธ์ที่ดีที่สุด โปรดลดขนาดหรือนำเข้า Heightmap ใหม่","Görsel çözünürlüğü ({ImageWidth:int}x{ImageHeight:int}), hedefin boyut değerleri için (X {RegionWidth:int}, Z {RegionHeight:int}) çok düşük. Daha iyi bir sonuç için boyutu düşürmeyi ya da yeni bir yükseklik haritası aktarmayı dene.","Độ phân giải hình ảnh ({ImageWidth:int}x lần{ImageHeight:int}) quá thấp so với các giá trị Kích Thước mục tiêu (X {RegionWidth:int}, Z {RegionHeight:int}). Để có kết quả tốt nhất, hãy giảm kích thước hoặc nhập Heightmap mới.","图片分辨率 ({ImageWidth:int}x{ImageHeight:int}) 对于目标“尺寸”值 (X {RegionWidth:int}, Z {RegionHeight:int})来说过低。要获得最佳效果，请减小尺寸或导入新的 Heightmap。","图片分辨率 ({ImageWidth:int}x{ImageHeight:int}) 对于目标“尺寸”值 (X {RegionWidth:int}, Z {RegionHeight:int})来说过低。要获得最佳效果，请减小尺寸或导入新的 Heightmap。","圖像解析度 ({ImageWidth:int}x{ImageHeight:int}) 對於目標大小值 (X {RegionWidth:int}, Z {RegionHeight:int}) 過低。為確保最佳效果，請縮小或匯入新的 Heightmap。"
Studio.TerrainEditor.ImportWarning.DiscardedChannels,,,Heightmaps only use the red channel.,Heightmaps only use the red channel.,تستخدم خرائط الارتفاع القناة الحمراء فقط.,Heightmaps verwenden nur den roten Kanal.,Heightmaps solo usan el canal rojo.,Les Heightmaps n'utilisent que le canal rouge.,हाइटमैप्स सिर्फ़ रेड चैनल का इस्तेमाल करते हैं.,Heightmap hanya menggunakan channel merah.,Le heightmap utilizzano solo il canale rosso.,Heightmaps は赤いチャンネルのみを使用します。,Heightmap은 레드 채널만 사용합니다.,Na mapach wysokości używany jest tylko kanał czerwony.,Os mapas de altura só usam o canal vermelho.,,Heightmaps จะใช้งานเฉพาะช่องสีแดงเท่านั้น,Yükseklik haritaları yalnızca kırmızı kanallarını kullanır.,Heightmap chỉ sử dụng kênh màu đỏ.,Heightmaps 仅使用红色通道。,Heightmaps 仅使用红色通道。,Heightmap 僅會使用紅色頻道。
Studio.TerrainEditor.ImportWarning.FailedPreview,,,Failed to generate image preview: {Error},Failed to generate image preview: {Error},تعذَّر إنشاء معاينة الصورة: {Error},Bildvorschau konnte nicht generiert werden: {Error},Error al generar la vista previa de la imagen: {Error},Impossible de générer l'aperçu de l'image: {Error},इमेज प्रीव्यू जनरेट नहीं किया जा सका : {Error},Gagal membuat preview gambar: {Error},Impossibile generare l'anteprima dell'immagine: {Error},画像プレビューを生成できませんでした: {Error},이미지 미리 보기를 생성하지 못했습니다. 오류: {Error},Nie udało się wygenerować podglądu obrazu: {Error},Não foi possível gerar a visualização da imagem: {Error},,สร้างตัวอย่างภาพไม่สำเร็จ: {Error},Görsel ön izlemesi oluşturulamadı: {Error},Không tạo được bản xem trước hình ảnh: {Error},无法生成图片预览：{Error},无法生成图片预览：{Error},圖像預覽產出失敗：{Error}
Studio.TerrainEditor.ImportWarning.FailedImport,,,Failed to import image: {Error},Failed to import image: {Error},تعذَّر استيراد الصورة: {Error},Fehler beim Importieren des Bildes: {Error},Error al importar la imagen: {Error},Impossible d'importer l'image : {Error},इमेज इंपोर्ट नहीं की जा सकी : {Error},Gagal mengimpor gambar: {Error},Impossibile importare l'immagine: {Error},画像をインポートできませんでした: {Error},이미지를 가져오지 못했습니다. 오류: {Error},Nie udało się zaimportować obrazu: {Error},Não foi possível importar a imagem: {Error},,นำเข้าภาพไม่สำเร็จ: {Error},Görsel içeri aktarılamadı: {Error},Không nhập được hình ảnh: {Error},无法导入图片：{Error},无法导入图片：{Error},圖像匯入失敗：{Error}
Studio.TerrainEditor.Image.ImagePreview,,,Image Preview,Image Preview,معاينة الصورة,Bildvorschau,Vista previa de la imagen,Aperçu de l'image,इमेज प्रीव्यू,Preview Gambar,Anteprima dell'immagine,画像プレビュー,이미지 미리 보기,Podgląd obrazu,Pré-visualização da imagem,,ตัวอย่างภาพ,Görsel Ön İzlemesi,Xem Trước Hình Ảnh,图片预览,图片预览,圖像預覽
Studio.TerrainEditor.Image.Filename,,,Filename,Filename,اسم الملف,Dateiname,Nombre del archivo,Nom du fichier,फ़ाइल का नाम,Nama file,Nome file,ファイル名,파일 이름,Nazwa pliku,Nome do arquivo,,ชื่อไฟล์,Dosya Adı,Filename,文件名,文件名,檔案名稱
Studio.TerrainEditor.Image.Dimensions,,,Dimensions,Dimensions,الأبعاد,Dimensionen,Dimensiones,Dimensions,डाइमेंशंस,Dimensi,Dimensioni,寸法,크기,Wymiary,Dimensões,,มิติ,Boyutlar,Kích Thước,尺寸,尺寸,尺寸
Studio.TerrainEditor.Operations.ImportName,,,Import,Import,استيراد,Importieren,Importar,Importation,इंपोर्ट करें,Impor,Importa,インポート,가져오기,Importuj,Importar,,นำเข้า,İçe Aktar,Nhập,导入,导入,匯入
Studio.TerrainEditor.Operations.ImportDescription,,,Importing voxels to the target transform.,Importing voxels to the target transform.,استيراد وحدات voxel إلى التحويل المستهدف.,Voxel in die Zieltransformation importieren.,Importar vóxeles a la transformación de destino.,Importation de voxels vers la transformation cible.,टार्गेट ट्रांसफ़ॉर्म में वॉक्सेल इंपोर्ट किए जा रहे हैं.,Mengimpor voksel ke transformasi target.,Importazione di voxel nella trasformazione di destinazione.,ターゲット変換にボクセルをインポート。,복셀을 대상 변환으로 가져옵니다.,Importowanie vokseli do transformacji docelowej.,Importando voxels para a transformação do alvo.,,การนำเข้าว็อกเซลไปยังการแปรสภาพเป้าหมาย,Vokselleri hedef dönüşüme aktarır.,Nhập các voxel vào biến đổi mục tiêu.,将体素导入到目标转变。,将体素导入到目标转变。,將體素匯入至目標轉換位置。
Studio.TerrainEditor.BiomeSettings.Biomes,,,Biomes,Biomes,المناطق الأحيائية,Biome,Biomas,Biomes,बायोम्स,Bioma,Biomi,バイオーム,생물군,Biomy,Biomas,,ชีวนิเวศ,Biyomlar,Quần Xã Sinh Vật,生态,生态,生物群系
Studio.TerrainEditor.BiomeSettings.BiomeSize,,,Biome Size,Biome Size,حجم المنطقة الأحيائية,Biomgröße,Tamaño del bioma,Taille du biome,बायोम का साइज़,Ukuran Bioma,Dimensione bioma,バイオームのサイズ,생물군 크기,Wielkość biomu,Tamanho do bioma,,ขนาดชีวนิเวศ,Biyom Boyutu,Kích Thước Sinh Thái,生态规模,生态规模,生物群系大小
Studio.TerrainEditor.BiomeSettings.BiomeBlending,,,Blending,Blending,المزج,Mischen,Mezcla,Mélanger,ब्लेंडिंग,Memadukan,Unione,混ぜ合わせる,블렌딩,Mieszanie,Mesclagem,,การผสมผสาน,Karıştırma,Trộn Lẫn,混合,混合,混合
Studio.TerrainEditor.BiomeSettings.Caves,,,Caves,Caves,الكهوف,Höhlen,Cuevas,Grottes,केव्स,Gua,Caverne,洞窟,동굴,Jaskinie,Cavernas,,ถ้ำ,Mağaralar,Hang Động,洞穴,洞穴,洞穴
Studio.TerrainEditor.BiomeSettings.Seed,,,Seed,Seed,قيمة أولية,Startwert,Semilla,Graine,सीड,Seed,Seme,種,시드,Zalążek,Semente,,Seed,Çekirdek,Hạt Giống,种子,种子,種子
Studio.TerrainEditor.BiomeSettings.Generate,,,Generate,Generate,إنشاء,Generieren,Generar,Générer,जेनरेट करें,Buat,Genera,作成する,생성,Wygeneruj,Gerar,,สร้าง,Oluştur,Tạo,生成,生成,產出
Studio.TerrainEditor.Categories.BiomeSettings,,,Biome Settings,Biome Settings,إعدادات المنطقة الأحيائية,Biomeinstellungen,Configuración de bioma,Réglages du Biome,बायोम की सेटिंग्स,Pengaturan Bioma,Impostazioni bioma,バイオームの設定,생물군 설정,Ustawienia biomów,Configurações do bioma,,การตั้งค่าชีวนิเวศ,Biyom Ayarları,Cài Đặt Quần Xã Sinh Vật,生态设置,生态设置,生物群系設定
Studio.TerrainEditor.Biomes.Arctic,,,Arctic,Arctic,القطب الشمالي,Arktis,Ártico,Arctique,आर्कटिक,Arktik,Polare,北極,북극,Arktyczny,Ártico,,ขั้วโลก,Arktik,Bắc Cực,极地,极地,極地
Studio.TerrainEditor.Biomes.Canyons,,,Canyons,Canyons,الأخاديد,Schluchten,Cañones,Canyons,घाटियाँ,Ngarai,Canyon,谷,협곡,Kaniony,Cânions,,หุบเขา,Kanyonlar,Hẻm Núi,峡谷,峡谷,峽谷
Studio.TerrainEditor.Biomes.Dunes,,,Dunes,Dunes,الكثبان الرملية,Dünen,Dunas,Dunes,टीले,Bukit Pasir,Dune,砂丘,모래 언덕,Wydmy,Dunas,,เนินทราย,Kumullar,Đụn Cát,沙丘,沙丘,沙丘
Studio.TerrainEditor.Biomes.Hills,,,Hills,Hills,التلال,Hügel,Colinas,Collines,पहाड़ियाँ,Bukit,Colline,丘,언덕,Wzgórza,Colinas,,เนินเขา,Tepeler,Ngọn Đồi,丘陵,丘陵,山丘
Studio.TerrainEditor.Biomes.Lavascape,,,Lavascape,Lavascape,مناظر الحمم البركانية,Lavalandschaft,Paisaje de lava,Larve,लावास्केप (लावा से ढकी जगह),Lanskap Lava,Vulcano,溶岩の景観,용암 지대,Krajobraz magmowy,Paisagem de lava,,ภูมิประเทศลาวา,Lav Manzarası,Cảnh Dòng Dung Nham,熔岩景观,熔岩景观,熔岩景觀
Studio.TerrainEditor.Biomes.Marsh,,,Marsh,Marsh,المستنقع,Moor,Pantano,Marais,मार्श (दलदल),Rawa,Palude,沼,습지,Bagna,Pântano,,บึง,Bataklık,Đầm Lầy,沼泽,沼泽,沼澤
Studio.TerrainEditor.Biomes.Mountains,,,Mountains,Mountains,الجبال,Berge,Montañas,Montagnes,पहाड़,Gunung,Montagne,山,산,Góry,Montanhas,,ภูเขา,Dağlar,Núi,山脉,山脉,山脈
Studio.TerrainEditor.Biomes.Plains,,,Plains,Plains,السهول,Felder,Llanuras,Plaines,मैदानी इलाके,Dataran,Pianure,平野,평야,Równiny,Planícies,,ที่ราบ,Ovalar,Đồng Bằng,平原,平原,平原
Studio.TerrainEditor.Biomes.Water,,,Water,Water,الماء,Wasser,Agua,Eau,पानी,Air,Acqua,水,물,Woda,Água,,น้ำ,Su,Nước,水,水,水
Studio.TerrainEditor.Snapping.Off,,,Off,Off,معطّل,Aus,Desact.,Off,ऑफ़ है/बंद है,Mati,Disattivato,オフ,끄기,Wył.,Desligado,,ปิด,Kapalı,Tắt,关闭,关闭,關閉
Studio.TerrainEditor.Snapping.Voxel,,,Voxel,Voxel,وحدة voxel,Voxel,Vóxel,Voxel,वॉक्सेल,Voksel,Voxel,ボクセル,복셀,Voksel,Voxel,,ว็อกเซล,Voksel,Voxel,体素,体素,體素
Studio.TerrainEditor.Snapping.Increment,,,Increment,Increment,زيادة,Erhöhung,Incremento,Incrément,इन्क्रीमेंट,Kenaikan,Incremento,インクリメント,증가량,Krok,Incremento,,การเพิ่มขึ้น,Artış,Lần Gia Tăng,增量,增量,增量
Studio.TerrainEditor.EditorEnum.Snapping,,,Snapping,Snapping,المحاذاة,Einrasten,Ajuste,Snapping,स्नैपिंग,Snapping,Aggancio,装着,맞추기,Przyciąganie,Encaixando,,การ Snap,Tutturma,Đang Gắn,对齐,对齐,貼齊
Studio.TerrainEditor.BrushSettings.Apply,,,Apply,Apply,تطبيق,Anwenden,Aplicar,Appliquer,अप्लाई करें,Terapkan,Applica,適用する,적용,Zastosuj,Aplicar,,ปรับใช้,Uygula,Áp Dụng,应用,应用,套用
Studio.TerrainEditor.BrushSettings.BrushMode,,,Brush Mode,Brush Mode,وضع الفرشاة,Pinselmodus,Modo pincel,En mode brosse,ब्रश मोड,Mode Kuas,Modalità pennello,ブラシモード,브러시 모드,Tryb pędzla,Modo pincel,,โหมดแปรง,Fırça Modu,Chế Độ Cọ Vẽ,涂刷模式,涂刷模式,筆刷模式
Studio.TerrainEditor.BrushSettings.Edit,,,Edit,Edit,تحرير,Bearbeiten,Editar,Modifier,एडिट करें,Edit,Modifica,編集,편집,Edytuj,Editar,,แก้ไข,Düzenle,Chỉnh Sửa,编辑,编辑,編輯
Studio.TerrainEditor.BrushSettings.FixedPlanePosition,,,Plane Position,Plane Position,موضع السطح,Ebenenposition,Posición del plano,Position du plan,प्लेन पोज़ीशन,Posisi Plane,Posizione piano,平面の位置,평면 위치,Pozycja płaszczyzny,Posição do plano,,ตำแหน่งระนาบ,Düzlem Pozisyonu,Vị Trí Mặt Phẳng,平面位置,平面位置,平面位置
Studio.TerrainEditor.BrushSettings.ManualPlaneLock,,,Edit Plane,Edit Plane,تحرير السطح,Ebene bearbeiten,Editar plano,Modifier plan,प्लेन एडिट करें,Edit Plane,Modifica piano,平面を編集,평면 편집,Płaszczyzna edycji,Editar plano,,แก้ไขระนาบ,Düzlemi düzenle,Chỉnh Sửa Mặt Phẳng,编辑平面,编辑平面,編輯平面
Studio.TerrainEditor.BrushSettings.PlaneRotation,,,Plane Rotation,Plane Rotation,تدوير السطح,Ebenendrehung,Rotación del plano,Rotation du plan,प्लेन रोटेशन,Rotasi Plane,Rotazione piano,平面の回転,평면 회전,Obrót płaszczyzny,Rotação do plano,,การหมุนระนาบ,Düzlem Pozisyonu,Xoay Mặt Phẳng,平面旋转,平面旋转,平面旋轉
Studio.TerrainEditor.BrushSettings.Snapping,,,Snapping,Snapping,المحاذاة,Einrasten,Ajuste,Snapping,स्नैपिंग,Snapping,Aggancio,装着,맞추기,Przyciąganie,Encaixando,,การ Snap,Tutturma,Đang Gắn,对齐,对齐,貼齊
Studio.TerrainEditor.BrushSettings.WaterLevel,,,Water Level,Water Level,مستوى الماء,Wasserstand,Nivel del agua,Niveau d'eau,पानी का लेवल,Permukaan Air,Livello dell'acqua,水位,수위,Poziom wody,Nível de água,,ระดับน้ำ,Su Seviyesi,Mức Nước,水面,水面,水面高度
Studio.TerrainEditor.BrushSettings.PullTerrain,,,Pull Terrain,Pull Terrain,سحب التضاريس,Gelände ziehen,Tirar terreno,Tirer terrain,पुल टेरेन,Tarik Medan,Tirare Terreno,地形を引っ張る,지형 끌어오기,Przyciąganie terenu,Puxar terreno,,ดึงภูมิประเทศ,Arazi çek,Kéo Địa Hình,拉动地形,拉动地形,拉動地形
Studio.TerrainEditor.BaseTool.SeaLevel,,,Sea Level,Sea Level,مرحلة البحر,Meeresspiegel,Nivel del mar,Niveau de la mer,समुद्र तल,Permukaan Laut,Livello del mare,海面,해수면,Poziom morza,Nível do mar,,ระดับน้ำทะเล,Deniz Seviyesi,Mực Nước Biển,海平面,海平面,海平面
Studio.TerrainEditor.SeaLevelSettings.Create,,,Create,Create,إنشاء,Erstellen,Crear,Créer,क्रिएट करें,Buat,Crea,作成,만들기,Utwórz,Criar,,สร้าง,Oluştur,Tạo,创建,创建,建立
Studio.TerrainEditor.SeaLevelSettings.Evaporate,,,Evaporate,Evaporate,تبخير,Verdampfen,Evaporar,Évaporation,वाष्पित करना,Uapkan,Evapora,蒸発,증발,Odparuj,Evaporar,,ทำให้ระเหย,Buharlaştır,Bốc Hơi,蒸发,蒸发,蒸發
Studio.TerrainEditor.SeaLevelSettings.Position,,,Position,Position,الموضع,Position,Posición,Position,पोज़ीशन,Posisi,Posizione,位置,위치,Pozycja,Posição,,ตำแหน่ง,Pozisyon,Vị Trí,位置,位置,位置
Studio.TerrainEditor.SeaLevelSettings.Size,,,Size,Size,الحجم,Größe,Tamaño,Taille,साइज़,Ukuran,Dimensione,サイズ,크기,Wielkość,Tamanho,,ขนาด,Boyut,Kích Thước,尺寸,尺寸,大小
Studio.TerrainEditor.Categories.SeaLevelSettings,,,Sea Level Settings,Sea Level Settings,إعدادات مستوى البحر,Meeresspiegeleinstellungen,Configuración de nivel del mar,Paramètres du niveau de la mer,समुद्र तल की सेटिंग्स,Pengaturan Permukaan Laut,Impostazioni del livello del mare,海面の設定,해수면 설정,Ustawienia poziomu morza,Configurações de nível do mar,,การตั้งค่าระดับน้ำทะเล,Deniz Seviyesi Ayarları,Cài Đặt Mực Nước Biển,海平面设置,海平面设置,海平面設定
Studio.TerrainEditor.Operations.CreateName,,,Create Sea Level,Create Sea Level,إنشاء مستوى البحر,Meeresspiegel erstellen,Crear Nivel del mar,Créer le niveau de la mer,समुद्र तल क्रिएट करें,Buat Permukaan Laut,Crea livello del mare,海面を作成,해수면 만들기,Utwórz poziom morza,Criar nível do mar,,สร้างระดับน้ำทะเล,Deniz seviyesi oluştur,Tạo Mực Nước Biển,创建海平面,创建海平面,建立海平面
Studio.TerrainEditor.Operations.CreateDescription,,,Filling empty voxels with water in the transform.,Filling empty voxels with water in the transform.,ملء وحدات voxel الفارغة بالماء في التحويل.,Leere Voxel mit Wasser in der Transformation füllen.,Rellenar vóxeles vacíos con agua en Transformación.,Remplir des voxels vides avec de l'eau dans la transformation.,ट्रांसफ़ॉर्म में खाली वॉक्सेल पानी से भरे जा रहे हैं.,Mengisi voksel kosong dengan air dalam transformasi.,Riempire i voxel vuoti con acqua nella trasformazione.,変換時に空のボクセルを水で埋めます。,변환에서 빈 복셀을 물로 채웁니다.,Wypełnianie pustych vokseli wodą w ramach transformacji.,Enchendo voxels vazios com água na transformação.,,การเติมว็อกเซลที่ว่างเปล่าด้วยน้ำในการแปรสภาพ,Dönüşümde boş vokselleri su ile doldurur.,Đổ đầy nước vào voxel rỗng trong máy biến đổi.,在转变中以水填充空体素。,在转变中以水填充空体素。,在轉換時會使用水填滿空體素。
Studio.TerrainEditor.Operations.EvaporateName,,,Evaporate Water,Evaporate Water,تبخير الماء,Wasser verdampfen,Evaporar agua,Évaporation de l'eau,पानी को वाष्पित करें,Uapkan Air,Evaporare l'acqua,水を蒸発させる,물 증발,Odparowanie wody,Evaporar água,,ทำให้น้ำระเหย,Suyu buharlaştır,Làm Bay Hơi Nước,蒸发水,蒸发水,蒸發水
Studio.TerrainEditor.Operations.EvaporateDescription,,,Evaporating water within the transform.,Evaporating water within the transform.,تبخير الماء داخل التحويل.,Verdampfen des Wassers in der Transformation.,Evapora agua dentro de la transformación.,Évaporation de l'eau dans la transformation.,ट्रांसफ़ॉर्म में पानी वाष्पित हो रहा है.,Membuat air menguap dalam transformasi.,Evaporazione dell'acqua all'interno della trasformazione.,変換範囲内で水を蒸発させる。,변환 내에서 물을 증발시킵니다.,Odparowanie wody w ramach transformacji.,Evaporação de água dentro da transformação.,,การทำให้น้ำระเหยภายในการแปรสภาพ,Dönüşüm içerisindeki suları buharlaştırır.,Làm bay hơi nước bên trong máy biến đổi.,在转变中蒸发水。,在转变中蒸发水。,在轉換時蒸發水。
Studio.TerrainEditor.Categories.Upgrades,,,Upgrades,Upgrades,الترقيات,Verbesserungen,Mejoras,Améliorations,अपग्रेड्स,Upgrade,Aggiornamenti,アップグレード,업그레이드,Ulepszenia,Melhorias,,การอัปเกรด,Yükseltmeler,Nâng Cấp,升级,升级,升級
Studio.TerrainEditor.Operations.ShorelinesName,,,Upgrading Shorelines,Upgrading Shorelines,ترقية نماذج الشواطئ,Küsten aufwerten,Mejorar líneas de costa,Amélioration des rivages,शोरलाइंस अपग्रेड की जा रही हैं,Meng-upgrade Pesisir,Aggiornamento Shorelines,海岸線のアップグレード,해안선 업그레이드,Ulepszanie linii brzegowych,Melhorar litorais,,การอัปเกรดแนวชายฝั่ง,Kıyı Şeridi Yükseltmeleri,Nâng Cấp Đường Ven Biển,正在升级海岸线,正在升级海岸线,升級海岸線
Studio.TerrainEditor.Operations.ShorelinesDescription,,,Replacing voxels...,Replacing voxels...,جارٍ استبدال وحدات voxel...,Voxel werden ersetzt ...,Reemplazando vóxeles...,Remplacement des voxels...,वॉक्सेल बदले जा रहे हैं...,Mengganti voksel...,Sostituzione voxel...,ボクセルを置き換え中...,복셀 교체 중...,Zamienianie vokseli...,Substituindo voxels...,,กำลังแทนที่ว็อกเซล...,Vokselleri değiştirir...,Đang thay thế voxel...,正在替换体素……,正在替换体素……,正在取代體素……
Studio.TerrainEditor.Shorelines.Description,,,Click Upgrade to improve the way water joins with terrain at the shores.,Click Upgrade to improve the way water joins with terrain at the shores.,"اضغط على ""ترقية"" لتحسين طريقة التقاء المياه بالتضاريس على الشواطئ.","Klicke auf ""Verbessern"", um die Art und Weise zu verbessern, wie sich Wasser und Gelände an den Küsten verbinden.",Haz clic en Mejorar para optimizar la forma en que el agua se une con el terreno en las costas.,Clique sur Améliorer pour améliorer la façon dont l'eau se joint au terrain sur les rives.,किनारों पर टेरेन के साथ पानी के मिलने के तरीके को बेहतर बनाने के लिए 'अपग्रेड करें' पर क्लिक करें.,Klik Upgrade untuk memperbaiki cara air menyatu dengan medan di pantai.,Fare clic su Aggiorna per migliorare il modo in cui l'acqua si unisce con terreno sulle rive.,アップグレードをクリックして、海岸線で水（海や湖など）が地形と結合する方法を改善。,'업그레이드'를 클릭해 물이 해안의 지형과 결합하는 방식을 개선하세요.,"Kliknij Ulepsz, aby poprawić sposób, w jaki woda łączy się z terenem na wybrzeżu.",Clique em Melhorar para melhorar a maneira como a água se junta com o terreno nas praias.,,คลิกอัปเกรดเพื่อปรับปรุงเส้นทางที่น้ำบรรจบกับภูมิประเทศที่ชายฝั่ง,Suyun kıyıda araziyle birleşme şeklini geliştirmek için Yükselt seçeneğine tıkla.,Nhấp vào Nâng Cấp để cải thiện cách nước gặp gỡ địa hình ở bờ biển.,点按升级，改善水与海岸地形连接的方式。,点按升级，改善水与海岸地形连接的方式。,點擊升級即可改良水面與地面交接的方式。
Studio.TerrainEditor.Shorelines.Explanation,,,"The upgrade will only be applied to this place. This will automatically adjust shallow water shape on existing shorelines. You might want to review and hand-edit the results afterwards, especially around streams, waterfalls and any other non-horizontal water surfaces. The upgrade can be reverted right after its completion using the Undo command.","The upgrade will only be applied to this place. This will automatically adjust shallow water shape on existing shorelines. You might want to review and hand-edit the results afterwards, especially around streams, waterfalls and any other non-horizontal water surfaces. The upgrade can be reverted right after its completion using the Undo command.",سيتم تطبيق الترقية على هذا المكان فقط. سيؤدي ذلك إلى تعديل تلقائي لشكل المياه الضحلة على الشواطئ الموجودة. قد ترغب في مراجعة النتائج وتعديلها يدويًا بعد ذلك، خاصة حول الجداول والشلالات وأي أسطح مائية أخرى غير أفقية. يمكن التراجع عن الترقية فور اكتمالها باستخدام أمر التراجع.,"Die Verbesserung wird nur auf diesen Ort angewandt. Dadurch wird die Form des flachen Wassers an den bestehenden Küstenlinien automatisch angepasst. Du solltest die Ergebnisse im Nachhinein noch einmal überprüfen und manuell bearbeiten, vor allem an Bächen, Wasserfällen und anderen nicht horizontalen Wasserflächen. Die Verbesserung kann direkt nach ihrer Fertigstellung mit dem Befehl ""Rückgängig"" wieder rückgängig gemacht werden.","La actualización solo se aplicará a este lugar. Esto automáticamente ajustará la forma de agua poco profunda en las líneas de costa existentes. Puede que quieras revisar y editar a mano los resultados posteriormente, especialmente alrededor de arroyos, cascadas de agua y cualquier otra superficie de agua no horizontal. La actualización se puede revertir después de su finalización usando el comando Deshacer.","L'amélioration ne sera appliquée qu'à cet endroit. Elle ajustera automatiquement la forme des eaux peu profondes sur les rivages existants. Tu peux peut-être revoir et modifier manuellement les résultats par la suite, en particulier autour des ruisseaux, des chutes d'eau et de toute autre surface d'eau non horizontale. La mise à jour peut être annulée juste après son achèvement en utilisant la commande Défaire.","अपग्रेड सिर्फ़ इस प्लेस पर अप्लाई किया जाएगा. यह अपने-आप मौजूदा शोरलाइन पर उथले पानी के आकार को एडजस्ट करेगा. हो सकता है कि आप बाद में रिज़ल्ट्स पर गौर करना चाहें और उन्हें खुद एडिट करना चाहें, खास तौर पर धाराओं, झरनों और किसी भी अन्य नॉन-हॉरिज़ॉन्टल सतहों के आसपास. अपग्रेड पूरा होने के ठीक बाद 'पहले जैसा करें (Undo)' कमांड का इस्तेमाल करके इस अपग्रेड को रिवर्ट किया जा सकता है.","Upgrade hanya akan diterapkan ke tempat ini. Tindakan ini akan secara otomatis menyesuaikan bentuk air dangkal di pesisir pantai yang ada. Kamu mungkin perlu memeriksa dan mengedit secara manual hasilnya nanti, khususnya di sekitar sungai, air terjun, dan permukaan air non-horizontal lainnya. Upgrade dapat dikembalikan segera setelah selesai diterapkan dengan perintah Urungkan.","L'aggiornamento verrà applicato solo a questo posto. Questo regolerà automaticamente la forma dell'acqua poco profonda sulle coste esistenti. Si potrebbe desiderare di rivedere e modificare a mano i risultati in seguito, in particolare intorno a torrenti, cascate e qualsiasi altra superficie dell'acqua non orizzontale. L'aggiornamento può essere ripristinato subito dopo il suo completamento utilizzando il comando Annulla.",アップグレードはこのプレースにしか適用されません。これは既存の海岸線で浅い水の形状を自動的に調整します。特に泉や滝、その他の水平以外の水面では、あとでどうなったか確認し、手作業で編集したほうがいいかもしれません。アップグレードは、取り消しコマンドを使用して完了後すぐに元に戻すことができます。,"업그레이드는 이 플레이스에만 적용됩니다. 이렇게 하면 기존 해안선의 얕은 물 모양이 자동으로 조정됩니다. 작업 이후 결과를 검토하고 수동으로 편집할 수 있습니다(특히 시내, 폭포, 기타 수평이 아닌 수면 주변의 경우). 완료 직후 실행 취소 명령을 사용하면 업그레이드를 되돌릴 수 있습니다.","Ulepszenie zostanie zastosowane tylko w tym miejscu. Spowoduje to automatyczne dostosowanie kształtu płytkiej wody do istniejących linii brzegowych. Możesz następnie sprawdzić i ręcznie edytować uzyskane wyniki, szczególnie wokół strumieni, wodospadów i innych niepoziomych powierzchni wodnych. Ulepszenie można cofnąć tuż po ukończeniu za pomocą polecenia Cofnij.","A atualização só será aplicada a este local. Isto ajustará automaticamente o formato de água superficial em litorais existentes. Você pode querer revisar e editar manualmente os resultados depois, especialmente em torno de fluxos, cascatas e quaisquer outras superfícies de água não horizontais. A atualização pode ser revertida logo após a conclusão do processo, usando o comando Desfazer",,การอัปเกรดจะปรับใช้กับสถานที่นี้เท่านั้น การดำเนินการนี้จะปรับรูปร่างของบริเวณน้ำตื้นบนชายฝั่งที่มีอยู่โดยอัตโนมัติ คุณอาจต้องการตรวจสอบและแก้ไขผลลัพธ์ดังกล่าวด้วยตนเองหลังจากนั้น โดยเฉพาะบริเวณรอบลำธาร น้ำตก และพื้นผิวน้ำอื่นใดก็ตามที่ไม่ได้อยู่ในแนวราบ การอัปเกรดสามารถแปลงกับได้หลังจากที่การดำเนินการเสร็จสิ้นแล้ว โดยการใช้คำสั่งยกเลิก,"Yükseltme sadece bu mekâna uygulanacak. Bu işlem, mevcut kıyı şeritlerindeki sığ su şekillerini otomatik olarak düzenleyecek. Sonuçları özellikle de akıntı, şelale ve yatay olmayan herhangi bir su yüzeyinde gözden geçirmen ve elle düzeltmen gerekebilir. Yükseltme, tamamlandıktan sonra Geri Al komutu kullanılarak geri alınabilir.","Bản nâng cấp này chỉ áp dụng cho địa điểm này. Bản nâng cấp này sẽ tự động điều chỉnh hình dạng vùng nước nông trên các đường ven biển hiện có. Bạn nên xem xét và chỉnh sửa thủ công các kết quả sau đó, đặc biệt là xung quanh các dòng suối, thác nước và bất kỳ bề mặt nước không bằng phẳng nào khác. Bản nâng cấp có thể được hoàn lại ngay sau khi hoàn thành bằng lệnh Hoàn Tác.",升级仅适用于此场景。这将自动调整现有海岸线的浅水形状。你可能在之后会想要检查并手动编辑所呈现的最终效果，尤其是水流、瀑布和其他非横向的水面。升级可以在完成后通过“撤销”命令立即还原。,升级仅适用于此场景。这将自动调整现有海岸线的浅水形状。你可能在之后会想要检查并手动编辑所呈现的最终效果，尤其是水流、瀑布和其他非横向的水面。升级可以在完成后通过“撤销”命令立即还原。,升級只會套用到此地點。既有海岸線的淺水形狀將會自動調整。您之後可能需要審查並手動編輯結果，尤其是水流、瀑布及其他非橫向水面的結果。升級完成後可使用復原指令進行還原。
Studio.TerrainEditor.Shorelines.Title,,,Shorelines,Shorelines,نماذج الشواطئ,Küstenlinie,Líneas de costa,Rivages,शोरलाइंस,Pesisir,Shorelines,海岸線,해안선,Linie brzegowe,Litorais,,แนวชายฝั่ง,Kıyı Şeritleri,Đường Ven Biển,海岸线,海岸线,海岸線
Studio.TerrainEditor.Upgrades.ActionButton,,,Upgrade,Upgrade,ترقية,Verbessern,Mejorar,Actualiser,अपग्रेड करें,Upgrade,Aggiornamento,アップグレードする,업그레이드,Ulepsz,Atualizar,,อัปเกรด,Yükselt,Nâng Cấp,升级,升级,升級
Studio.TerrainEditor.Upgrades.LearnMore,,,Click [link] to learn more.,Click [link] to learn more.,اضغط على [الرابط] لمعرفة المزيد.,"Klicke [link], um mehr zu erfahren.",Haz clic en [link] para más información.,Cliquer [link] pour en savoir plus.,ज़्यादा जानने के लिए [link] पर क्लिक करें.,Klik [link] untuk mempelajari selengkapnya.,Clicca [link] per saperne di più.,詳しくは、[link] をクリック。,[link](을)를 클릭해 더 자세히 알아보세요.,"Kliknij [link], aby dowiedzieć się więcej.",Clique em [link] para saber mais.,,คลิก [link] เพื่อเรียนรู้เพิ่มเติม,Daha fazla bilgi için [link] tıkla.,Nhấp vào [liên kết] để tìm hiểu thêm.,点按 [链接] 了解更多信息。,点按 [链接] 了解更多信息。,點擊 [link] 了解更多。
Studio.TerrainEditor.Upgrades.LearnMoreLink,,,here,here,هنا,hier,aquí,ici,यहाँ,di sini,qui,こちら,여기,tutaj,aqui,,ที่นี่,buraya,ở đây,此处,此处,此處
Studio.TerrainEditor.BaseTool.Clear,,,Clear,Clear,مسح,Löschen,Borrar,Effacer,डिलीट करें,Hapus,Cancella,消す,지우기,Wyczyść,Limpar,,เคลียร์,Temizle,Dọn Sạch,清除,清除,清除
Studio.TerrainEditor.ClearSettings.Clear,,,Are you sure you want to clear all Terrain?,Are you sure you want to clear all Terrain?,هل أنت متأكد من أنك تريد مسح كل التضاريس؟,Möchtest du wirklich das gesamte Gelände löschen?,¿Realmente quieres borrar todo el Terreno?,Es-tu sûr de vouloir effacer tout le terrain ?,क्या आपको वाकई सभी टेरेन को डिलीट करना है?,Yakin ingin menghapus semua Medan?,Vuoi davvero cancellare tutto il terreno?,地形をすべて消しますか？,전체 지형을 정말 지울까요?,Czy na pewno chcesz wyczyścić cały teren?,Tem certeza de que deseja limpar todo o Terreno?,,คุณแน่ใจหรือไม่ว่าต้องการเคลียร์ภูมิประเทศทั้งหมด,Arazileri temizlemek istediğinden emin misin?,Bạn có chắc muốn dọn sạch tất cả Địa Hình không?,你确定要删除所有地形吗？,你确定要删除所有地形吗？,確定清除所有地形？
Studio.TerrainEditor.ClearSettings.ClearButton,,,Clear,Clear,مسح,Löschen,Borrar,Effacer,डिलीट करें,Hapus,Cancella,消す,지우기,Wyczyść,Limpar,,เคลียร์,Temizle,Dọn Sạch,清除,清除,清除
Studio.TerrainEditor.SelectionSettings.SnapToVoxels,,,Snap to Voxels,Snap to Voxels,المحاذاة مع وحدات Voxel,Auf Voxel einrasten,Ajustar a vóxeles,Accrocher aux voxels,स्नैप टू वॉक्सेल्स,Snap ke Voksel,Aderisci ai voxel,ボクセルに装着,복셀에 맞추기,Przyciągaj do vokseli,Ajustar aos voxels,,Snap to Voxels,Voksellere tuttur,Gắn Vào Voxel,对齐至体素,对齐至体素,貼齊到體素
Studio.TerrainEditor.SeaLevelSettings.SnapToVoxels,,,Snap to Voxels,Snap to Voxels,المحاذاة مع وحدات Voxel,Auf Voxel einrasten,Ajustar a vóxeles,Accrocher aux voxels,स्नैप टू वॉक्सेल्स,Snap ke Voksel,Aderisci ai voxel,ボクセルに装着,복셀에 맞추기,Przyciągaj do vokseli,Ajustar aos voxels,,Snap to Voxels,Voksellere tuttur,Gắn Vào Voxel,对齐至体素,对齐至体素,貼齊到體素
Studio.TerrainEditor.Categories.ClearSettings,,,Clear Settings,Clear Settings,مسح الإعدادات,Einstellungen löschen,Borrar configuraciones,Effacer les paramètres,सेटिंग्स डिलीट करें,Hapus Pengaturan,Cancella impostazioni,設定を消す,설정 지우기,Wyczyść ustawienia,Limpar as configurações,,เคลียร์การตั้งค่า,Temizleme Ayarları,Cài Đặt Dọn Sạch,清除设置,清除设置,清除設定
Studio.TerrainEditor.SelectionWarning.Size,,,Size must be at least 4x4x4.,Size must be at least 4x4x4.,يجب أن يكون الحجم 4 × 4 × 4 على الأقل.,Die Größe muss mindestens 4x4x4 betragen.,El tamaño debe ser de al menos 4x4x4.,La taille doit être au moins 4x4x4.,साइज़ कम-से-कम 4x4x4 होना चाहिए.,Ukuran harus setidaknya 4x4x4.,Le dimensioni devono essere almeno 4x4x4.,サイズは 4x4x4 以上でなければなりません。,크기는 4x4x4 이상이어야 합니다.,Rozmiar musi wynosić co najmniej 4x4x4.,O tamanho deve ser pelo menos 4x4x4.,,ต้องมีขนาดอย่างน้อย 4x4x4,Boyut en az 4x4x4 olmalıdır.,Kích thước ít nhất phải là 4x4x4.,尺寸不得小于 4x4x4。,尺寸不得小于 4x4x4。,大小須為 4x4x4 以上。
Studio.TerrainEditor.BaseTool.Ramp,,,Ramp,Ramp,منحدر,Rampe,Rampa,Rampe,रैंप,Bidang Miring,Rampa,傾斜路,경사로,Rampa,Rampa,,Ramp,Rampa,Đường Dốc,坡道,坡道,坡道
Studio.TerrainEditor.Snapping.BrushSize,,,Brush Size,Brush Size,حجم الفرشاة,Pinselgröße,Tamaño del pincel,Taille de la brosse,ब्रश का साइज़,Ukuran Kuas,Dimensione pennello,ブラシサイズ,브러시 크기,Rozmiar pędzla,Tamanho do pincel,,ขนาดแปรง,Fırça Boyutu,Kích Thước Cọ Vẽ,笔刷尺寸,笔刷尺寸,筆刷大小
Studio.TerrainEditor.BrushSettings.WaterAutofill,,,Water Autofill,Water Autofill,التعبئة التلقائية للماء,Wasser-Autofill,Relleno automático de agua,Remplissage automatique d'eau,पानी को ऑटोफ़िल करें,Isi Otomatis Air,Autoriempimento Acqua,水の自動入力,물 자동 채우기,Automatyczne wypełnianie wody,Preenchimento automático de água,,เติมน้ำอัตโนมัติ,Otomatik su doldurma,Tự Động Đổ Đầy Nước,自动水面填充,自动水面填充,水體自動填滿
Studio.TerrainEditor.BrushSettings.FlattenPlane,,,Flatten Plane,Flatten Plane,سطح مستوٍ,Ebene flach machen,Aplanar plano,Aplatir le plan,सपाट प्लेन,Ratakan Plane,Aereo Appiattito,平面を平坦化,평면 평탄화,Spłaszcz płaszczyznę,Nivelar plano,,ทำให้ระนาบเรียบแบน,Düzlem düzleştirme,Làm Phẳng Mặt Phẳng,平展平面,平展平面,平地化
Studio.TerrainEditor.FlattenPlane.Auto,,,Auto,Auto,تلقائي,Automatisch,Autom.,Auto,ऑटो,Otomatis,Auto,自動,자동,Auto,Automático,,อัตโนมัติ,Oto,Tự Động,自动,自动,自動
Studio.TerrainEditor.FlattenPlane.Fixed,,,Fixed,Fixed,ثابت,Behoben,Solucionado,Réparé,फ़िक्स्ड,Tetap,Corretto,修正済み,고정,Ustalone,Fixo,,คงที่,Sabit,Đã Sửa,固定,固定,固定
Studio.TerrainEditor.Operations.GenerateName,,,Generate,Generate,إنشاء,Generieren,Generar,Générer,जेनरेट करें,Buat,Genera,生成する,생성,Wygeneruj,Gerar,,สร้าง,Oluştur,Tạo,生成,生成,生成
Studio.TerrainEditor.ClearSettings.ClearButtonLabel,,,Clear All Terrain,Clear All Terrain,مسح كل التضاريس.,Gesamtes Gelände löschen,Eliminar todo el terreno,Dégager tout le terrain,सभी टेरेन को डिलीट करें,Hapus semua Medan,Cancella tutto il terreno,地形をすべて消す,모든 지형 지우기,Wyczyść cały teren,Limpar todos os terrenos,,เคลียร์ภูมิประเทศทั้งหมด,Arazileri temizle,Dọn Sạch Tất Cả Địa Hình,清除全部地形,清除全部地形,清除所有地形
Studio.TerrainEditor.Operations.GenerateDescription,,,Generating terrain in the target transform.,Generating terrain in the target transform.,توليد التضاريس في التحويل المستهدف.,Generiere Gelände in der Zielumwandlung.,Generando terreno en la transformación del objetivo.,Générer un terrain dans la transformation cible.,टार्गेट ट्रांसफ़ॉर्म में टेरेन जनरेट किए जा रहे हैं.,Membuat medan di transformasi target.,Generazione del terreno nella trasformazione di destinazione.,ターゲット変換で地形を生成しています。,대상 변환에서 지형을 생성합니다.,Generowanie terenu w ramach transformacji docelowej.,Gerando terreno na transformação do alvo.,,การสร้างภูมิประเทศในการแปรสภาพเป้าหมาย,Hedef dönüşümde arazi oluşturur.,Tạo địa hình trong biến đổi mục tiêu.,在目标转变中生成地形。,在目标转变中生成地形。,在目標轉換位置生成地形。
Studio.TerrainEditor.Note.TransformTitle,,,Press Enter,Press Enter,اضغط على Enter,Drücke Enter,Presiona Enter,Appuyez sur Entrée,एंटर दबाएँ,Tekan Enter,Premi Invio,Enter キーを押す,Enter 키 누르기,Naciśnij Enter,Pressione Enter,,กด Enter,Enter tuşuna bas,Nhấn Enter,按“Enter”键,按“Enter”键,按下 Enter
Studio.TerrainEditor.Note.TransformDescription,,,Apply Transform,Apply Transform,تطبيق التحويل,Umwandlung anwenden,Aplicar transformación,Appliquer la transformation,ट्रांसफ़ॉर्म अप्लाई करें,Terapkan Transformasi,Applica trasformazione,変換を適用,변환 적용,Zastosuj transformację,Aplicar transformação,,ปรับใช้การแปรสภาพ,Dönüştürmeyi uygula,Áp Dụng Biến Đổi,应用转变,应用转变,套用轉換
Studio.TerrainEditor.Dialog.TimeRemaining,,,Time remaining: {Time},Time remaining: {Time},الوقت المتبقي: {Time},Verbleibende Zeit: {Time},Tiempo restante: {Time},Temps restant : {Time},बचा हुआ समय : {Time},Sisa Waktu: {Time},Tempo rimanente: {Time},残り時間: {Time},남은 시간: {Time},Pozostały czas: {Time},Tempo restante: {Time},,เวลาที่เหลือ: {Time},Kalan süre: {Time},Thời gian còn lại: {Time},剩余时间：{Time},剩余时间：{Time},剩餘時間：{Time}
Studio.TerrainEditor.Time.HoursAndMinutes,,,About {Hours:int} hours and {Minutes:int} minutes,About {Hours:int} hours and {Minutes:int} minutes,حوالي {Hours:int} من الساعات و {Minutes:int} من الدقائق,Ungefähr {Hours:int} Stunden und {Minutes:int} Minuten,En unas {Hours:int} horas y {Minutes:int} minutos,Environ {Hours:int} heures et {Minutes:int} minutes,लगभग {Hours:int} घंटे और {Minutes:int} मिनट,Sekitar {Hours:int} jam dan {Minutes:int} menit,Circa {Hours:int} ore e {Minutes:int} minuti,約 {Hours:int} 時間 {Minutes:int} 分,약 {Hours:int}시간 {Minutes:int}분,Około {Hours:int} godz. i {Minutes:int} min,Cerca de {Hours:int} horas e {Minutes:int} minutos,,ประมาณ {Hours:int} ชั่วโมง และ {Minutes:int} นาที,Yaklaşık {Hours:int} saat {Minutes:int} dakika,Khoảng {Hours:int} giờ và {Minutes:int} phút,约 {Hours:int} 小时 {Minutes:int} 分钟,约 {Hours:int} 小时 {Minutes:int} 分钟,約 {Hours:int} 小時 {Minutes:int} 分鐘
Studio.TerrainEditor.Time.Minutes,,,About {Minutes:int} minutes,About {Minutes:int} minutes,حوالي {Minutes:int} من الدقائق,Ungefähr {Minutes:int} Minuten,En unos {Minutes:int} minutos,Environ {Minutes:int} minutes,लगभग {Minutes:int} मिनट,Sekitar {Minutes:int} menit,Circa {Minutes:int} minuti,約 {Minutes:int} 分,약 {Minutes:int}분,Około {Minutes:int} min,Cerca de {Minutes:int} minutos,,ประมาณ {Minutes:int} นาที,Yaklaşık {Minutes:int} dakika,Khoảng {Minutes:int} phút,约 {Minutes:int} 分钟,约 {Minutes:int} 分钟,約 {Minutes:int} 分鐘
Studio.TerrainEditor.Time.MinutesAndSeconds,,,About {Minutes:int} minutes and {Seconds:int} seconds,About {Minutes:int} minutes and {Seconds:int} seconds,حوالي {Minutes:int} من الدقائق و{Seconds:int} من الثواني,Ungefähr {Minutes:int} Minuten und {Seconds:int} Sekunden,En unos {Minutes:int} minutos y {Seconds:int} segundos,Environ {Minutes:int} minutes et {Seconds:int} secondes,लगभग {Minutes:int} मिनट और {Seconds:int} सेकंड,Sekitar {Minutes:int} menit dan {Seconds:int} detik,Circa {Minutes:int} minuti e {Seconds:int} secondi,約 {Minutes:int} 分 {Seconds:int} 秒,약 {Minutes:int}분 {Seconds:int}초,Około {Minutes:int} min i {Seconds:int} s,Cerca de {Minutes:int} minutos e {Seconds:int} segundos,,ประมาณ {Minutes:int} นาที และ {Seconds:int} วินาที,Yaklaşık {Minutes:int} dakika {Seconds:int} saniye,Khoảng {Minutes:int} phút và {Seconds:int} giây,约 {Minutes:int} 分钟 {Seconds:int} 秒,约 {Minutes:int} 分钟 {Seconds:int} 秒,約 {Minutes:int} 分 {Seconds:int} 秒
Studio.TerrainEditor.Time.Seconds,,,About {Seconds:int} seconds,About {Seconds:int} seconds,حوالي {Seconds:int} من الثواني,Ungefähr {Seconds:int} Sekunden,En unos {Seconds:int} segundos,Environ {Seconds:int} secondes,लगभग {Seconds:int} सेकंड,Sekitar {Seconds:int} detik,Circa {Seconds:int} secondi,約 {Seconds:int} 秒,약 {Seconds:int}초,Około {Seconds:int} s,Cerca de {Seconds:int} segundos,,ประมาณ {Seconds:int} วินาที,Yaklaşık {Seconds:int} saniye,Khoảng {Seconds:int} giây,约 {Seconds:int} 秒,约 {Seconds:int} 秒,約 {Seconds:int} 秒
Studio.TerrainEditor.BrushSettings.BrushSize,,,Brush Size,Brush Size,حجم الفرشاة,Pinselgröße,Tamaño del pincel,Taille de la brosse,ब्रश का साइज़,Ukuran Kuas,Dimensione pennello,ブラシサイズ,브러시 크기,Rozmiar pędzla,Tamanho do pincel,,ขนาดแปรง,Fırça Boyutu,Kích Thước Cọ Vẽ,笔刷尺寸,笔刷尺寸,筆刷大小
Studio.TerrainEditor.EnumType.ImportMode,,,Import Mode,Import Mode,وضع الاستيراد,Importmodus,Modo Importación,Mode Importation,इंपोर्ट मोड,Mode Impor,Modalità di importazione,インポートモード,가져오기 모드,Tryb importowania,Modo de importação,,โหมดการนำเข้า,İçe Aktarma Modu,Nhập Chế Độ,导入模式,导入模式,匯入模式
Studio.TerrainEditor.EnumType.PivotPosition,,,Pivot Position,Pivot Position,موضع المحور,Drehpunktposition,Posición de pivote,Position du pivot,पिवट पोज़ीशन,Posisi Pivot,Posizione pivot,ピボット位置,피벗 위치,Pozycja punktu obrotu,Posição do pivô,,ตำแหน่งจุดหมุน,Eksen Pozisyonu,Vị Trí Điểm Xoay,轴点位置,轴点位置,軸點位置
Studio.TerrainEditor.EnumType.MaterialMode,,,Material Mode,Material Mode,وضع المادة,Materialmodus,Modo Material,Mode Matériel,मटीरियल मोड,Mode Material,Modalità materiale,素材モード,재질 모드,Tryb materiału,Modo material,,โหมดวัสดุ,Malzeme Modu,Chế Độ Vật Liệu,材质模式,材质模式,材質模式
Studio.TerrainEditor.BrushSettings.FixedYPlane,,,Fixed Y Plane,Fixed Y Plane,سطح Y ثابت,Feste Y-Ebene,Plano fijo Y,Plan Y fixé,फ़िक्स्ड Y प्लेन,Plane Y Tetap,Piano Y fisso,固定Y平面,고정된 Y 평면,Ustalona płaszczyzna Y,Plano Y fixo,,ระนาบ Y คงที่,Sabit Y Düzlemi,Mặt Phẳng Y Cố Định,固定 Y 平面,固定 Y 平面,固定 Y 平面
Studio.TerrainEditor.BrushSettings.FixedYPlanePosition,,,Plane Position,Plane Position,موضع السطح,Ebenenposition,Posición del plano,Position de l'avion,प्लेन पोज़ीशन,Posisi Plane,Posizione piano,平面の位置,평면 위치,Pozycja płaszczyzny,Posição do plano,,ตำแหน่งระนาบ,Düzlem Pozisyonu,Vị Trí Mặt Phẳng,平面位置,平面位置,平面位置
Studio.TerrainEditor.EnumType.BrushMode,,,Brush Mode,Brush Mode,وضع الفرشاة,Pinselmodus,Modo Pincel,Mode Brosse,ब्रश मोड,Mode Kuas,Modalità pennello,ブラシモード,브러시 모드,Tryb pędzla,Modo pincel,,โหมดแปรง,Fırça Modu,Chế Độ Cọ Vẽ,笔刷模式,笔刷模式,筆刷模式
Studio.TerrainEditor.EnumType.BrushShape,,,Brush Shape,Brush Shape,شكل الفرشاة,Pinselform,Forma del pincel,Frome de la brosse,ब्रश का आकार,Bentuk Kuas,Forma pennello,ブラシの形状,브러시 모양,Kształt pędzla,Forma do pincel,,รูปร่างแปรง,Fırça Şekli,Hình Dạng Cọ Vẽ,笔刷形状,笔刷形状,筆刷形狀
Studio.TerrainEditor.EnumType.FillMode,,,Fill Mode,Fill Mode,وضع التعبئة,Füllmodus,Modo Relleno,Mode de remplissage,फ़िल मोड,Mode Isi,Modalità riempimento,塗りつぶしモード,채우기 모드,Tryb wypełniania,Modo de preenchimento,,โหมดการเติม,Doldurma Modu,Chế Độ Lấp Đầy,填充模式,填充模式,填滿模式
Studio.TerrainEditor.EnumType.FlattenMode,,,Flatten Mode,Flatten Mode,وضع التسوية,Abflachungsmodus,Modo Aplanado,Mode aplanir,सपाट मोड,Mode Ratakan,Modalità appiattimento,平地化モード,평탄화 모드,Tryb spłaszczania,Modo de achatamento,,โหมดทำให้เรียบแบน,Düzleştirme Modu,Chế Độ Làm Phẳng,平展模式,平展模式,平地化模式
Studio.TerrainEditor.EnumType.PlaneLock,,,Plane Lock,Plane Lock,قفل السطح,Ebenensperre,Bloqueo del plano,Verrouillage du plan,प्लेन लॉक,Kunci Plane,Blocco piano,平面ロック,평면 고정,Blokada płaszczyzny,Bloqueio do plano,,ล็อคระนาบ,Düzlem Kilidi,Khóa Mặt Phẳng,平面锁定,平面锁定,鎖定平面
Studio.TerrainEditor.EnumType.Snapping,,,Snapping,Snapping,المحاذاة,Einrasten,Ajuste,Snapping,स्नैपिंग,Snapping,Aggancio,装着,맞추기,Przyciąganie,Encaixando,,การ Snap,Tutturma,Đang Gắn,对齐,对齐,貼齊
Studio.TerrainEditor.Category.BiomeSettings,,,Biome Settings,Biome Settings,إعدادات المنطقة الأحيائية,Biomeinstellungen,Configuración de bioma,Paramètres de biome,बायोम की सेटिंग्स,Pengaturan Bioma,Impostazioni bioma,バイオーム設定,생물군 설정,Ustawienia biomów,Configurações do bioma,,การตั้งค่าชีวนิเวศ,Biyom Ayarları,Cài Đặt Quần Xã Sinh Vật,生态设置,生态设置,生物群系設定
Studio.TerrainEditor.Category.BrushSettings,,,Brush Settings,Brush Settings,إعدادات الفرشاة,Pinseleinstellungen,Configuración de pincel,Paramètres de la brosse,ब्रश की सेटिंग्स,Pengaturan Kuas,Impostazioni pennello,ブラシ設定,브러시 설정,Ustawienia pędzla,Configurações do pincel,,การตั้งค่าแปรง,Fırça Ayarları,Cài Đặt Cọ Vẽ,笔刷设置,笔刷设置,筆刷設定
Studio.TerrainEditor.Category.ClearSettings,,,Clear Settings,Clear Settings,مسح الإعدادات,Einstellungen löschen,Borrar configuraciones,Effacer les paramètres,सेटिंग्स डिलीट करें,Hapus Pengaturan,Cancella impostazioni,設定を消す,설정 지우기,Wyczyść ustawienia,Limpar as configurações,,เคลียร์การตั้งค่า,Temizleme Ayarları,Cài Đặt Dọn Sạch,清除设置,清除设置,清除設定
Studio.TerrainEditor.Category.HeightmapSettings,,,Heightmap Settings,Heightmap Settings,إعدادات خريطة الارتفاع,Heightmap-Einstellungen,Configuración Heightmap,Paramètres de la carte de la hauteur,हाइटमैप की सेटिंग्स,Pengaturan Heightmap,Impostazioni heightmap,Heightmap 設定,Heightmap 설정,Ustawienia mapy wysokości,Configurações do mapa de altura,,การตั้งค่า Heightmap,Yükseklik Haritası Ayarları,Cài Đặt Heightmap,Heightmap 设置,Heightmap 设置,Heightmap 設定
Studio.TerrainEditor.Category.MaterialSettings,,,Material Settings,Material Settings,إعدادات المواد,Materialeinstellungen,Configuración de material,Paramètres du matériel,मटीरियल की सेटिंग्स,Pengaturan Material,Impostazioni materiale,素材の設定,재질 설정,Ustawienia materiału,Configurações do material,,การตั้งค่าวัสดุ,Malzeme Ayarları,Cài Đặt Vật Liệu,材质设置,材质设置,材質設定
Studio.TerrainEditor.Category.SeaLevelSettings,,,Sea Level Settings,Sea Level Settings,إعدادات مستوى البحر,Meeresspiegeleinstellungen,Configuración de nivel del mar,Paramètres du niveau de la mer,समुद्र तल की सेटिंग्स,Pengaturan Permukaan Laut,Impostazioni livello del mare,海面の設定,해수면 설정,Ustawienia poziomu morza,Configurações do nível do mar,,การตั้งค่าระดับน้ำทะเล,Deniz Seviyesi Ayarları,Cài Đặt Mực Nước Biển,海平面设置,海平面设置,海平面設定
Studio.TerrainEditor.Category.SelectionSettings,,,Selection Settings,Selection Settings,إعدادات التحديد,Auswahleinstellungen,Configuración de selección,Paramètres de sélection,सिलेक्शन सेटिंग्स,Pengaturan Pilihan,Impostazioni selezione,選択設定,선택 항목 설정,Ustawienia zaznaczenia,Configurações de seleção,,การตั้งค่าส่วนที่เลือก,Seçim Ayarları,Cài Đặt Lựa Chọn,选择设置,选择设置,選擇設定
Studio.TerrainEditor.Category.TransformSettings,,,Transform Settings,Transform Settings,إعدادات التحويل,Transformationseinstellungen,Configuración de transformación,Paramètres de transformation,ट्रांसफ़ॉर्म करने की सेटिंग्स,Pengaturan Transformasi,Impostazioni di trasformazione,変換の設定,변환 설정,Ustawienia transformacji,Configurações de transformação,,การตั้งค่าการแปรสภาพ,Dönüştürme Ayarları,Cài Đặt Biến Đổi,转变设置,转变设置,轉換設定
Studio.TerrainEditor.Category.UpgradeSettings,,,UpgradeSettings,UpgradeSettings,إعدادات التحديث,UpgradeSettings,UpgradeSettings,Paramètres de mise à niveau,UpgradeSettings,UpgradeSettings,UpgradeSettings,UpgradeSettings,UpgradeSettings,UpgradeSettings,Configurações de atualizações,,UpgradeSettings,Yükseltme Ayarları,UpgradeSettings,升级设置,升级设置,升級設定
Studio.TerrainEditor.UpgradeSettings.ActionButton,,,Upgrade,Upgrade,ترقية,Aktualisieren,Mejorar,Mise à niveau,अपग्रेड करें,Upgrade,Aggiorna,アップグレード,업그레이드,Ulepsz,Atualizar,,อัปเกรด,Yükselt,Nâng Cấp,升级,升级,升級
Studio.TerrainEditor.UpgradeSettings.LearnMore,,,Click [link] to learn more.,Click [link] to learn more.,اضغط على [الرابط] لمعرفة المزيد.,"Klicke [link], um mehr zu erfahren.",Haz clic en [link] para más información.,Cliquer [link] pour en savoir plus.,ज़्यादा जानने के लिए [link] पर क्लिक करें.,Klik [link] untuk mempelajari selengkapnya.,Fai clic [link] per saperne di più.,詳しくは、[link] をクリック。,[link](을)를 클릭해 더 자세히 알아보세요.,"Kliknij [link], aby dowiedzieć się więcej.",Clique em [link] para saber mais.,,คลิก [link] เพื่อเรียนรู้เพิ่มเติม,Daha fazla bilgi için [link] tıkla.,Nhấp vào [liên kết] để tìm hiểu thêm.,点按 [链接] 了解更多信息。,点按 [链接] 了解更多信息。,按一下[link]深入了解。
Studio.TerrainEditor.UpgradeSettings.LearnMoreLink,,,here,here,هنا,hier,aquí,ici,यहाँ,di sini,qui,こちら,여기,tutaj,aqui,,ที่นี่,buraya,ở đây,此处,此处,此處
Studio.TerrainEditor.Biome.Arctic,,,Arctic,Arctic,القطب الشمالي,Arktis,Ártico,Arctique,आर्कटिक,Arktik,Polare,北極,북극,Arktyczny,Ártico,,ขั้วโลก,Arktik,Bắc Cực,极地,极地,極地
Studio.TerrainEditor.Biome.Canyons,,,Canyons,Canyons,الأخاديد,Schluchten,Cañones,Canyons,घाटियाँ,Ngarai,Canyon,谷,협곡,Kaniony,Cânions,,หุบเขา,Kanyonlar,Hẻm Núi,峡谷,峡谷,峽谷
Studio.TerrainEditor.Biome.Dunes,,,Dunes,Dunes,الكثبان الرملية,Dünen,Dunas,Dunes,टीले,Bukit Pasir,Dune,砂丘,모래 언덕,Wydmy,Dunas,,เนินทราย,Kumullar,Đụn Cát,沙丘,沙丘,沙丘
Studio.TerrainEditor.Biome.Hills,,,Hills,Hills,التلال,Hügel,Colinas,Collines,पहाड़ियाँ,Bukit,Colline,丘,언덕,Wzgórza,Colinas,,เนินเขา,Tepeler,Ngọn Đồi,丘陵,丘陵,山丘
Studio.TerrainEditor.Biome.Lavascape,,,Lavascape,Lavascape,مناظر الحمم البركانية,Lavalandschaft,Paisaje de lava,Larve,लावास्केप (लावा से ढकी जगह),Lanskap Lava,Vulcano,溶岩の景観,용암 지대,Krajobraz magmowy,Paisagem de lava,,ภูมิประเทศลาวา,Lav Manzarası,Cảnh Dòng Dung Nham,熔岩景观,熔岩景观,熔岩景觀
Studio.TerrainEditor.Biome.Marsh,,,Marsh,Marsh,المستنقع,Moor,Pantano,Marais,मार्श (दलदल),Rawa,Palude,沼地,습지,Bagna,Pântano,,บึง,Bataklık,Đầm Lầy,沼泽,沼泽,沼澤
Studio.TerrainEditor.Biome.Mountains,,,Mountains,Mountains,الجبال,Berge,Montañas,Montagnes,पहाड़,Gunung,Montagne,山脈,산,Góry,Montanhas,,ภูเขา,Dağlar,Núi,山脉,山脉,山脈
Studio.TerrainEditor.Biome.Plains,,,Plains,Plains,السهول,Felder,Llanuras,Plaines,मैदानी इलाके,Dataran,Pianure,平原,평야,Równiny,Planícies,,ที่ราบ,Ovalar,Đồng Bằng,平原,平原,平原
Studio.TerrainEditor.Biome.Water,,,Water,Water,الماء,Wasser,Agua,Eau,पानी,Air,Acqua,水,물,Woda,Água,,น้ำ,Su,Nước,水,水,水域
Studio.TerrainEditor.SelectionWarning.SizeMax,,,Size needs to be smaller than 16384x16384x16384.,Size needs to be smaller than 16384x16384x16384.,يجب أن يكون الحجم أصغر من 16384x16384x16384.,Größe muss kleiner sein als 16384x16384x16384.,El tamaño debe ser menor que 16384x16384x16384.,La taille doit être inférieure à 16384x16384x16384.,साइज़ 16384x16384x16384 से छोटा होना चाहिए.,Ukuran harus lebih kecil dari 16384x16384x16384.,Le dimensioni devono essere inferiori a 16384x16384x16384.,サイズは、16384x16384x16384 より小さくする必要があります。,크기가 16384x16384x16384보다 작아야 합니다.,Rozmiar musi być mniejszy niż 16384x16384x16384.,O tamanho precisa ser menor que 16384x16384x16384.,,ต้องมีขนาดเล็กกว่า 16384x16384x16384,Boyut 16384x16384x16384'ten küçük olmalıdır.,Kích thước cần nhỏ hơn 16384x16384x16384.,尺寸需小于 16384x16384x16384。,尺寸需小于 16384x16384x16384。,大小應小於 16384x16384x16384。
Studio.TerrainEditor.BuildSettings.CraterRadius,,,Crater Radius,Crater Radius,نصف قطر الحفرة,Kraterradius,Radio de cráter,Rayon du cratère,क्रेटर का रेडियस,Radius Kawah,Raggio del cratere,クレーター半径,분화구 반경,Promień krateru,Raio da cratera,,รัศมีปล่องภูเขาไฟ,Krater Yarıçapı,Bán Kính Miệng Núi Lửa,火山口半径,火山口半径,隕石坑半徑
Studio.TerrainEditor.BuildSettings.Transform,,,Transform,Transform,تحويل,Transformieren,Transformar,Transformer,ट्रांसफ़ॉर्म,Transformasi,Trasforma,変換,변환,Przekształć,Transformar,,แปรสภาพ,Dönüştürme,Biến Đổi,转变,转变,變形
Studio.TerrainEditor.BuildSettings.TopRadius,,,Top Radius,Top Radius,نصف القطر العلوي,Größter Radius,Radio superior,Rayon supérieur,टॉप रेडियस,Radius Atas,Raggio superiore,上部半径,상단 반경,Promień górny,Raio superior,,รัศมีด้านบน,Üst Yarıçapı,Bán Kính Trên Cùng,顶部半径,顶部半径,頂端半徑
Studio.TerrainEditor.BuildSettings.WaterLevel,,,Water Level,Water Level,مستوى الماء,Wasserstand,Nivel del agua,Niveau d'eau,पानी का लेवल,Permukaan Air,Livello dell'acqua,水位,수위,Poziom wody,Nível de água,,ระดับน้ำ,Su Seviyesi,Mức Nước,水面,水面,水面高度
Studio.TerrainEditor.TerrainType.Mountain,,,Mountain,Mountain,جبل,Berg,Montaña,Montagne,पहाड़,Gunung,Montagna,山,산,Góra,Montanha,,ภูเขา,Dağ,Núi,山脉,山脉,山脈
Studio.TerrainEditor.TerrainType.Volcano,,,Volcano,Volcano,بركان,Vulkan,Volcán,Volcan,ज्वालामुखी,Gunung Berapi,Vulcano,火山,화산,Wulkan,Vulcão,,ภูเขาไฟ,Volkan,Núi Lửa,火山,火山,火山
Studio.TerrainEditor.BuildSettings.AdvancedNoise,,,Advanced Noise,Advanced Noise,ضوضاء شديدة,Erhöhtes Rauschen,Ruido avanzado,Bruit avancé,एडवांस्ड नॉइज़,Noise Lanjutan,Rumore avanzato,ノイズ詳細,고급 노이즈,Szum zaawansowany,Ruído avançado,,เสียงขั้นสูง,Gelişmiş Gürültü,Nhiễu Nâng Cao,高级噪声,高级噪声,進階噪點
Studio.TerrainEditor.BuildSettings.Offset,,,Offset,Offset,الإزاحة,Versatz,Desplazamiento,Offset,ऑफ़सेट,Offset,Offset,オフセット,오프셋,Przesunięcie,Deslocamento,,Offset,Uzaklık,Độ Lệch,偏移,偏移,偏移
Studio.TerrainEditor.BuildSettings.Seed,,,Seed,Seed,قيمة أولية,Startwert,Semilla,Seed,सीड,Seed,Seme,種,시드,Zalążek,Semente,,Seed,Çekirdek,Hạt Giống,种子,种子,種子
Studio.TerrainEditor.TerrainType.Lake,,,Lake,Lake,بحيرة,See,Lago,Lac,झील,Danau,Lago,湖,호수,Jezioro,Lago,,ทะเลสาบ,Göl,Hồ,湖泊,湖泊,湖
Studio.TerrainEditor.BuildSettings.BankSize,,,Bank Size,Bank Size,حجم البنك,Ufergröße,Tamaño de la orilla,Taille de la rive,बैंक साइज़,Ukuran Tepi Air,Dimensione banca,岸の大きさ,둑 크기,Rozmiar banku,Tamanho do banco,,ขนาดชายฝั่ง,Bank Boyutu,Kích Thước Bờ,河岸尺寸,河岸尺寸,堤岸尺寸
Studio.TerrainEditor.BuildSettings.CraterDepth,,,Crater Depth,Crater Depth,عمق الحفرة,Kratertiefe,Profundidad del cráter,Profondeur du cratère,क्रेटर की गहराई,Kedalaman Kawah,Profondità del cratere,クレーターの深さ,분화구 깊이,Głębokość krateru,Profundidade da cratera,,ความลึกปล่องภูเขาไฟ,Krater Derinliği,Độ Sâu Miệng Núi Lửa,火山口深度,火山口深度,隕石坑深度
Studio.TerrainEditor.BuildSettings.FillBottom,,,Fill Bottom,Fill Bottom,تعبئة الجزء السفلي,Boden befüllen,Llenar fondo,Remplir le fond,निचला हिस्सा भरें,Isi Bawah,Fondo di riempimento,底を埋める,아랫면 채우기,Wypełnij dno,Preencher fundo,,เติมด้านล่าง,Alt Doldurma,Lấp Đầy Phần Đáy,填充底部,填充底部,填滿底部
Studio.TerrainEditor.BaseTool.Build,,,Build,Build,الإصدار,Bauen,Construir,Construire,बिल्ड,Bentuk,Costruisci,作成,빌드,Zbuduj,Construir,,สร้าง,İnşa,Xây Dựng,构建,构建,建造
Studio.TerrainEditor.BuildSettings.Amplitude,,,Amplitude,Amplitude,السعة,Amplitude,Amplitud,Amplitude,एम्प्लिट्यूड,Amplitudo,Ampiezza,振幅,진폭,Amplituda,Amplitude,,แอมพลิจูด,Genişlik,Độ Rộng,幅度,幅度,振幅
Studio.TerrainEditor.TerrainType.Crater,,,Crater,Crater,فوهة بركانية,Krater,Cráter,Cratère,क्रेटर (गड्ढा),Kawah,Cratere,クレーター,분화구,Krater,Cratera,,ปล่องภูเขาไฟ,Krater,Miệng Núi Lửa,火山口,火山口,火山口
Studio.TerrainEditor.TerrainType.Plain,,,Plain,Plain,سهل,Einfach,Llanura,Plaine,मैदानी इलाका,Dataran,Pianura,平原,평원,Równina,Plano,,ที่ราบ,Ova,Đồng Bằng,平原,平原,平原
Studio.TerrainEditor.BuildSettings.Frequency,,,Frequency,Frequency,التردد,Frequenz,Frecuencia,Fréquence,फ़्रीक्वेंसी,Frekuensi,Frequenza,頻度,빈도,Częstotliwość,Frequência,,ความถี่,Frekans,Tần Suất,频率,频率,頻率
Studio.TerrainEditor.BuildSettings.SnapToVoxels,,,Snap to Voxels,Snap to Voxels,المحاذاة مع وحدات Voxel,An Voxel anpassen,Ajustar a vóxeles,Accrocher aux voxels,स्नैप टू वॉक्सेल्स,Snap ke Voksel,Aderisci ai voxel,ボクセルに装着,복셀에 맞추기,Przyciągaj do vokseli,Alinhar aos voxels,,Snap to Voxels,Voksellere Tuttur,Gắn Vào Voxel,对齐至体素,对齐至体素,貼齊到體素
Studio.TerrainEditor.TerrainType.Arctic,,,Arctic,Arctic,القطب الشمالي,Arktisch,Ártico,Arctique,आर्कटिक,Arktik,Polare,北極,북극,Arktyczny,Ártico,,ขั้วโลก,Arktik,Bắc Cực,极地,极地,極地
Studio.TerrainEditor.EnumType.TerrainType,,,Terrain Type,Terrain Type,نوع التضاريس,Geländetyp,Tipo de terreno,Type de terrain,टेरेन का टाइप,Tipe Medan,Tipo di terreno,地形タイプ,지형 유형,Typ terenu,Tipo de terreno,,ประเภทภูมิประเทศ,Arazi Türü,Loại Địa Hình,地形类型,地形类型,地形類型
Studio.TerrainEditor.Category.BuildSettings,,,Build Settings,Build Settings,إعدادات البناء,Build-Einstellungen,Configuración de construcción,Paramètres de construction,बिल्ड सेटिंग्स,Pengaturan Pembangunan,Impostazioni di costruzione,ビルド設定,빌드 설정,Ustawienia budowania,Configurações de construção,,การตั้งค่าการสร้าง,Yapı Ayarları,Cài Đặt Xây Dựng,构建设置,构建设置,建築設定
Studio.TerrainEditor.BuildSettings.Position,,,Position,Position,الموضع,Position,Posición,Position,पोज़ीशन,Posisi,Posizione,位置,위치,Pozycja,Posição,,ตำแหน่ง,Pozisyon,Vị Trí,位置,位置,位置
Studio.TerrainEditor.BuildSettings.Size,,,Size,Size,الحجم,Größe,Tamaño,Taille,साइज़,Ukuran,Dimensione,サイズ,크기,Wielkość,Tamanho,,ขนาด,Boyut,Kích Thước,尺寸,尺寸,大小
Studio.TerrainEditor.TerrainType.Desert,,,Desert,Desert,صحراء,Wüste,Desierto,Désert,रेगिस्तान,Gurun,Deserto,砂漠,사막,Pustynia,Deserto,,ทะเลทราย,Çöl,Sa Mạc,沙漠,沙漠,沙漠
Studio.TerrainEditor.BuildSettings.BlendingEdge,,,Blending Edge,Blending Edge,حافة المزج,Verschmelzungsrand,Borde de fusión,Bord de fusion,ब्लेंडिंग एज,Penggabungan Tepi,Bordo di unione,エッジブレンディング,가장자리 블렌딩,Mieszanie krawędzi,Borda de mistura,,ยอดผสมผสาน,Kenar Karıştırma,Cạnh Kết Hợp,混合边缘,混合边缘,融合邊界
Studio.TerrainEditor.TerrainType.Mesa,,,Mesa,Mesa,هضبة,Mesa,Mesa,Mesa,मेसा,Bukit Datar,Altopiano,メサ,메사,Płaskowyż,Mesa,,เขายอดราบ,Seki,Núi Đỉnh Bằng,台地,台地,平頂山
Studio.TerrainEditor.BuildSettings.RimHeight,,,Rim Height,Rim Height,ارتفاع الحافة,Kantenhöhe,Altura del borde,Hauteur du rebord,रिम की ऊँचाई,Tinggi Tepian,Altezza bordo,ふちの高さ,림 높이,Wysokość krawędzi,Altura do aro,,ความสูงขอบ,Kenar Yüksekliği,Chiều Cao Mặt Nước,边缘高度,边缘高度,外緣高度
Studio.TerrainEditor.BuildSettings.TerrainType,,,Terrain Type,Terrain Type,نوع التضاريس,Geländetyp,Tipo de terreno,Type de terrain,टेरेन का टाइप,Tipe Medan,Tipo di terreno,地形タイプ,지형 유형,Typ terenu,Tipo de terreno,,ประเภทภูมิประเทศ,Arazi Türü,Loại Địa Hình,地形类型,地形类型,地形類型
Studio.TerrainEditor.BuildSettings.Material,,,Material,Material,المادة,Material,Material,Matériau,मटीरियल,Material,Materiale,素材,재질,Materiał,Material,,วัสดุ,Malzeme,Vật Liệu,材质,材质,材質
Studio.TerrainEditor.Operations.CutDescription,,,Removing voxels in the selection.,Removing voxels in the selection.,إزالة وحدات voxel في التحديد.,Voxel aus der Auswahl entfernen.,Eliminando vóxeles en la selección.,Suppression des voxels dans la sélection.,सिलेक्शन में वॉक्सेल हटाए जा रहे हैं.,Menghapus voksel dalam pilihan.,Rimozione dei voxel selezionati.,選択範囲内のボクセルを削除中。,선택 항목에서 복셀을 제거합니다.,Usuwanie vokseli w ramach zaznaczenia.,Removendo voxels na seleção.,,การลบว็อกเซลในส่วนที่เลือก,Seçimdeki vokselleri kaldırır.,Bỏ voxel trong lựa chọn.,在所选项中移除体素。,在所选项中移除体素。,移除選取範圍的體素。
Studio.TerrainEditor.Operations.DeleteDescription,,,Deleting voxels in the selection.,Deleting voxels in the selection.,حذف وحدات voxel في التحديد.,Voxel werden aus der Auswahl entfernt.,Borrando vóxeles de la selección.,Suppression des voxels dans la sélection.,सिलेक्शन में वॉक्सेल डिलीट किए जा रहे हैं.,Menghapus voksel dalam pilihan.,Eliminazione dei voxel selezionati.,選択範囲内のボクセルを削除中。,선택 항목에서 복셀을 삭제합니다.,Usuwanie vokseli w ramach zaznaczenia.,Excluindo voxels na seleção.,,การลบว็อกเซลในส่วนที่เลือก,Seçimdeki vokselleri siler.,Xóa voxel trong lựa chọn.,在所选项中删除体素。,在所选项中删除体素。,刪除選取範圍的體素。
Studio.TerrainEditor.Operations.MergeEmptyDescription,,,Clear voxels in target.,Clear voxels in target.,مسح وحدات voxel في الهدف.,Voxel im Ziel löschen.,Elimina vóxeles del objetivo.,Effacer les voxels dans la cible.,टार्गेट में वॉक्सेल को डिलीट करें.,Hapus voksel di target.,Cancella voxel nel target.,ターゲットのボクセルを消す。,대상의 복셀을 지웁니다.,Czyszczenie vokseli w miejscu docelowym.,Limpar voxels no alvo.,,เคลียร์ว็อกเซลในเป้าหมาย,Hedefteki voksellerin temizlenmesi.,Dọn sạch voxel trong mục tiêu.,在目标中清除体素。,在目标中清除体素。,清除目標中的體素。
Studio.TerrainEditor.Operations.DeleteName,,,Delete,Delete,حذف,Löschen,Eliminar,Supprimer,डिलीट करें,Hapus,Elimina,削除,삭제,Usuń,Excluir,,ลบ,Sil,Xóa,删除,删除,刪除
Studio.TerrainEditor.Operations.CutName,,,Cut,Cut,قص,Ausschneiden,Cortar,Couper,कट करें,Potong,Taglia,切り抜き,잘라내기,Wytnij,Recortar,,ตัด,Kes,Cắt,剪切,剪切,剪下
Studio.TerrainEditor.Operations.MergeEmptyName,,,Merge Empty,Merge Empty,دمج الفارغ,Leere zusammenführen,Combinar vacío,Fusionner vide,खाली फ़ील्ड को मर्ज करें,Gabungkan Kosong,Unisci vuoto,空白を併合,빈 공간 병합,Scal puste,Mesclar vazios,,รวมส่วนที่ว่างเปล่า,Boş Birleştirme,Hợp Nhất Khu Vực Trống,合并空白,合并空白,合併空位
Studio.TerrainEditor.BuildSettings.Commit,,,Commit,Commit,تثبيت,Committen,Confirmar,Soumettre,करें,Commit,Conferma,コミット,커밋,Zatwierdź,Validar,,ยืนยัน,İşle,Thực Hiện,提交,提交,提交
Studio.TerrainEditor.ImportWarning.Volume,,,The region volume is too large,The region volume is too large,حجم المنطقة كبير جدًا,Das Regionsvolumen ist zu groß,El volumen de la región es demasiado grande,Le volume de la région est trop grand,रीजन का वॉल्यूम बहुत ज़्यादा है,Volume wilayah terlalu besar,Il volume della regione è troppo grande,地域が大きすぎます。,지역이 너무 큽니다,Objętość regionu jest za duża,O volume da região é muito grande,,ปริมาณภูมิภาคมีขนาดใหญ่เกินไป,Bölge hacmi çok büyük,Khối lượng khu vực quá lớn,地区体积过大,地区体积过大,區域體積過大
Studio.TerrainEditor.MaterialPresetSettings.Unit,,,Unit,Unit,الوحدة,Einheit,Unidad,Unité,यूनिट,Unit,Unità,単位,단위,Jednostka,Unidade,,ยูนิต,Birim,Đơn Vị,单元,单元,單位
Studio.TerrainEditor.MaterialUnit.Stud,,,Stud,Stud,مسمار,Noppe,Stud,Stud,स्टड,Kotak,Stud,マス,스터드,Stud,Quadrícula,,Stud,Birimkare,Stud,格,格,磚塊
Studio.TerrainEditor.MaterialUnit.Percentage,,,Percentage,Percentage,النسبة المئوية,Prozentsatz,Porcentaje,Pourcentage,प्रतिशत,Persentase,Percentuale,割合,백분율,Procent,Percentagem,,เปอร์เซ็นต์,Yüzde,Phần Trăm,百分比,百分比,比例
Studio.TerrainEditor.Category.MaterialPresetSettings,,,Material Preview Settings,Material Preview Settings,إعدادات معاينة المواد,Materialvorschau-Einstellungen,Configuración de vista previa de material,Paramètres de prévisualisation des matériaux,मटीरियल प्रीव्यू सेटिंग्स,Pengaturan Preview Material,Impostazioni di anteprima materiale,素材プレビュー設定,재질 미리 보기 설정,Ustawienia podglądu materiału,Configurações de visualização de material,,การตั้งค่าการดูตัวอย่างวัสดุ,Malzeme Ön İzleme Ayarları,Cài Đặt Xem Trước Vật Liệu,材质预览设置,材质预览设置,材質預覽設定
Studio.TerrainEditor.MaterialPresetSettings.Material,,,Material,Material,المادة,Material,Material,Matériau,मटीरियल,Material,Materiale,素材,재질,Materiał,Material,,วัสดุ,Malzeme,Vật Liệu,材质,材质,材質
Studio.TerrainEditor.MaterialPresetSettings.Slope,,,Slope,Slope,انحدار,Neigung,Pendiente,Pente,ढलान,Kemiringan,Inclinazione,傾斜,경사,Nachylenie,Inclinação,,ความลาดชัน,Eğim,Độ Dốc,斜坡,斜坡,斜坡
Studio.TerrainEditor.MaterialPresetSettings.Edit,,,Edit,Edit,تحرير,Bearbeiten,Editar,Modifier,एडिट करें,Edit,Modifica,編集,편집,Edytuj,Editar,,แก้ไข,Düzenle,Chỉnh Sửa,编辑,编辑,編輯
Studio.TerrainEditor.MaterialPresetSettings.MaterialSettings,,,Material Settings,Material Settings,إعدادات المواد,Materialeinstellungen,Configuración de material,Paramètres du matériel,मटीरियल की सेटिंग्स,Pengaturan Material,Impostazioni materiale,素材の設定,재질 설정,Ustawienia materiału,Configurações do material,,การตั้งค่าวัสดุ,Malzeme Ayarları,Cài Đặt Vật Liệu,材质设置,材质设置,材質設定
Studio.TerrainEditor.BuildSettings.NoiseScale,,,Noise Scale,Noise Scale,حجم الضوضاء,Geräuschpegel,Escala de ruido,Échelle de bruit,नॉइज़ स्केल,Tingkat Noise,Scala del rumore,ノイズ調整,소음 스케일,Skala szumu,Escala de ruído,,การปรับเสียง,Gürültü Ölçeği,Thang Đo Nhiễu,噪声范围,噪声范围,噪點比例
Studio.TerrainEditor.MaterialPresetSettings.FillMaterial,,,Fill Material,Fill Material,مادة التعبئة,Füllmaterial,Material de relleno,Remplir le matériel,मटीरियल भरें,Material Isi,Materiale di riempimento,素材で埋める,채우기 재질,Materiał wypełnienia,Material de preenchimento,,เติมวัสดุ,Doldurma Malzemesi,Vật Liệu Lấp Đầy,填充材质,填充材质,填滿材質
Studio.TerrainEditor.BuildSettings.Confirm,,,Confirm,Confirm,تأكيد,Bestätigen,Confirmar,Confirmer,कंफ़र्म करें,Konfirmasi,Conferma,確認,확인,Potwierdź,Confirmar,,ยืนยัน,Onayla,Xác Nhận,确认,确认,確認
Studio.TerrainEditor.BuildSettings.NoiseStrength,,,Noise Strength,Noise Strength,قوة الضوضاء,Geräuschstärke,Fuerza de ruido,Puissance du bruit,नॉइज़ स्ट्रेंथ,Ketebalan Noise,Intensità del rumore,ノイズの強度,소음 강도,Natężenie szumu,Força do ruído,,ความดังเสียง,Gürültü Gücü,Cường Độ Nhiễu,噪声强度,噪声强度,噪點強度
Studio.TerrainEditor.MaterialPresetSettings.FallbackMaterial,,,Fallback,Fallback,التراجع,Ersatz,Alternativo,Retour en arrière,फ़ॉलबैक,Pengganti,Fallback,代替,대체,Zapasowy,Alternativa,,สำรอง,Yedek,Dự Trữ,回退,回退,備用
Studio.TerrainEditor.BuildSettings.CliffSlope,,,Cliff Slope,Cliff Slope,منحدر المنحدر,Klippenhang,Pendiente de acantilado,Pente de falaise,चट्टान की ढलान,Kemiringan Jurang,Inclinazione rupe,崖の斜面,절벽 경사,Nachylenie urwiska,Inclinação do penhasco,,ความชันหน้าผา,Uçurum Eğimi,Dốc Vách Đá,悬崖峭壁,悬崖峭壁,懸崖斜坡
Studio.TerrainEditor.NumberWarning.InvalidNumber,,,Invalid integer value.,Invalid integer value.,قيمة عدد صحيح غير صالحة.,Ungültiger Ganzzahlwert.,Valor entero no válido.,Valeur entière non valide.,इंटीजर का मान अमान्य है.,Nilai integer tidak valid.,Valore intero non valido.,整数の値が無効です。,유효하지 않은 정수 값입니다.,Nieprawidłowa wartość całkowita.,Valor de integral inválido.,,ค่าเลขจำนวนเต็มไม่ถูกต้อง,Geçersiz tam sayı değeri.,Giá trị số nguyên không hợp lệ.,无效整数值。,无效整数值。,無效的整數值。
Studio.TerrainEditor.BiomeWarning.NoBiomesSelected,,,At least one biome needs to be selected.,At least one biome needs to be selected.,يجب تحديد منطقة حيوية واحدة على الأقل.,Mindestens ein Biom muss ausgewählt werden.,Debes seleccionarse al menos un bioma.,Au moins un biome doit être sélectionné.,कम-से-कम एक बायोम चुनना ज़रूरी है.,Setidaknya satu bioma harus dipilih.,È necessario selezionare almeno un bioma.,バイオームを少なくとも1つ選択する必要があります。,한 개 이상의 생물군을 선택해야 합니다.,Należy zaznaczyć co najmniej jeden biom.,Pelo menos um bioma precisa ser selecionado.,,จำเป็นต้องเลือกอย่างน้อยหนึ่งไบโอม,En az bir biyom seçilmeli.,Cần phải chọn ít nhất một quần xã sinh vật.,至少需要选择一个生态。,至少需要选择一个生态。,至少須選擇一個生物群系。
Studio.TerrainEditor.SelectionWarning.OutOfBounds,,,Parts of the selection are outside of the maximum terrain size.,Parts of the selection are outside of the maximum terrain size.,أجزاء من التحديد خارج الحد الأقصى لحجم التضاريس.,Teile der Auswahl liegen außerhalb der maximalen Geländegröße.,Partes de la selección están fuera del tamaño máximo del terreno.,Certaines parties de la sélection sont en dehors de la taille maximale du terrain.,सिलेक्शन के कुछ हिस्से मैक्सिमम टेरेन साइज़ से बाहर हैं.,Komponen pilihan berada di luar ukuran medan maksimum.,Alcune parti della selezione sono al di fuori della dimensione massima del terreno.,選択範囲の一部が地形サイズの最大値を超えています。,선택 항목 중 일부가 최대 지형 크기를 벗어납니다.,Części zaznaczenia wykraczają poza maksymalny rozmiar terenu.,Partes da seleção estão fora do tamanho máximo do terreno.,,ส่วนประกอบของส่วนที่เลือกเกินกว่าขนาดภูมิประเทศสูงสุด,Seçimin bazı kısımları maksimum arazi boyutunun dışında.,Các phần của lựa chọn nằm ngoài kích thước địa hình tối đa.,部分所选项超出地形尺寸限制。,部分所选项超出地形尺寸限制。,選擇範圍有一部分超出最大地形大小。
Studio.TerrainEditor.Category.AdditionalSettings,,,Additional Settings,Additional Settings,إعدادات إضافية,Zusätzliche Einstellungen,Configuración adicional,Paramètres supplémentaires,अतिरिक्त सेटिंग्स,Pengaturan Tambahan,Impostazioni aggiuntive,その他の設定,추가 설정,Ustawienia dodatkowe,Configurações adicionais,,การตั้งค่าเพิ่มเติม,Ek Ayarlar,Cài Đặt Bổ Sung,其他设置,其他设置,額外設定
Studio.TerrainEditor.Category.ElevationSettings,,,Elevation Distribution,Elevation Distribution,توزيع الارتفاع,Höhenverteilung,Distribución de elevación,Distribution de l'altitude,एलिवेशन डिस्ट्रीब्यूशन,Distribusi Elevasi,Distribuzione dell'elevazione,高度分布,고도 분포,Dystrybucja przewyższenia,Distribuição de elevação,,การกระจายความสูง,Yükseklik Ayarları,Phân Bổ Độ Cao,高程分布,高程分布,高度分布
Studio.TerrainEditor.AdditionalSettings.FallbackMaterial,,,Fallback,Fallback,التراجع,Ersatz,Alternativo,Retour en arrière,फ़ॉलबैक,Pengganti,Fallback,代替,대체,Zapasowy,Alternativa,,สำรอง,Yedek,Dự Trữ,回退,回退,備用
Studio.TerrainEditor.ElevationSettings.Unit,,,Unit,Unit,الوحدة,Einheit,Unidad,Unité,यूनिट,Unit,Unità,単位,단위,Jednostka,Unidade,,ยูนิต,Birim,Đơn Vị,单元,单元,單位
Studio.TerrainEditor.ElevationSettings.FillMaterial,,,Fill Material,Fill Material,مادة التعبئة,Füllmaterial,Material de relleno,Remplir le matériel,मटीरियल भरें,Material Isi,Materiale di riempimento,素材で埋める,채우기 재질,Materiał wypełnienia,Material de preenchimento,,เติมวัสดุ,Doldurma Malzemesi,Vật Liệu Lấp Đầy,填充材质,填充材质,填滿材質
Studio.TerrainEditor.ElevationSettings.Material,,,Material,Material,المادة,Material,Material,Matériau,मटीरियल,Material,Materiale,素材,재질,Materiał,Material,,วัสดุ,Malzeme,Vật Liệu,材质,材质,材質
Studio.TerrainEditor.ElevationSettings.Slope,,,Slope,Slope,انحدار,Neigung,Pendiente,Pente,ढलान,Kemiringan,Inclinazione,傾斜,경사,Nachylenie,Inclinação,,ความลาดชัน,Eğim,Độ Dốc,斜坡,斜坡,斜坡
Studio.TerrainEditor.ElevationSettings.Edit,,,Edit,Edit,تحرير,Bearbeiten,Editar,Modifier,एडिट करें,Edit,Modifica,編集,편집,Edytuj,Editar,,แก้ไข,Düzenle,Chỉnh Sửa,编辑,编辑,編輯
Studio.TerrainEditor.ElevationSettings.MaterialSettings,,,Material Settings,Material Settings,إعدادات المواد,Materialeinstellungen,Configuración de material,Paramètres du matériel,मटीरियल की सेटिंग्स,Pengaturan Material,Impostazioni materiale,素材設定,재질 설정,Ustawienia materiału,Configurações do material,,การตั้งค่าวัสดุ,Malzeme Ayarları,Cài Đặt Vật Liệu,材质设置,材质设置,材質設定
Studio.TerrainEditor.Viewport.ConfirmMessage,,,"Previewing now, confirm to commit it to terrain.","Previewing now, confirm to commit it to terrain.",المعاينة الآن، قم بالتأكيد لتثبيتها بالتضاريس.,"Die Vorschau wird jetzt angezeigt; bestätige sie, um sie ins Gelände zu committen.","Previsualizando ahora, confirma para añadirlo al terreno.","Prévisualisation en cours, confirmer pour valider sur le terrain.","अभी प्रीव्यू दिखाया जा रहा है, इसे टेरेन में बदलने के लिए कंफ़र्म करें.",Sedang melakukan preview. Konfirmasi untuk commit ke medan.,"Stai visualizzando un'anteprima, conferma per applicarlo definitivamente sul terreno.",現在プレビュー中。地形をコミットするには確認してください。,지금 미리 보기를 표시 중입니다. 지형에 대한 커밋을 확인해 주세요.,"Wyświetlanie podglądu. Potwierdź, aby zatwierdzić zmiany w terenie.","Visualizando agora, confirme para enviar ao terreno.",,กำลังดูตัวอย่างในขณะนี้ ยืนยันเพื่อปรับใช้กับภูมิประเทศ,Ön izleniyor... Araziye işlemek için onayla.,"Đang xem trước, xác nhận để áp dụng vào địa hình.",立即预览，确认将其提交至地形。,立即预览，确认将其提交至地形。,正在預覽，確認即可提交至地形。
Studio.TerrainEditor.Viewport.Confirm,,,Confirm,Confirm,تأكيد,Bestätigen,Confirmar,Confirmer,कंफ़र्म करें,Konfirmasi,Conferma,確認,확인,Potwierdź,Confirmar,,ยืนยัน,Onayla,Xác Nhận,确认,确认,確認
Studio.TerrainEditor.Viewport.RegenerateMessage,,,Generation complete.,Generation complete.,اكتمل الإنشاء.,Generierung abgeschlossen.,Generación completada.,Génération terminée.,जेनरेट करने का प्रोसेस पूरा हो गया है.,Pembuatan selesai.,Generazione completata.,生成完了。,생성이 완료되었습니다.,Ukończono generowanie.,Geração completa.,,การสร้างเสร็จสมบูรณ์,Oluşturuldu.,Hoàn tất thao tác tạo.,生成完成。,生成完成。,生成完成。
Studio.TerrainEditor.Viewport.Regenerate,,,Generate Again,Generate Again,إنشاء مرة أخرى,Erneut generieren,Generar de nuevo,Générer à nouveau,फिर से जेनरेट करें,Buat Lagi,Genera di nuovo,もう一度生成,다시 생성,Wygeneruj ponownie,Gerar novamente,,สร้างอีกครั้ง,Yeniden Oluştur,Tạo Một Lần Nữa,再次生成,再次生成,再次生成
Studio.TerrainEditor.BuildSettings.Rotation,,,Rotation,Rotation,تدوير,Drehung,Rotación,Rotation,रोटेशन,Rotasi,Rotazione,回転,회전,Obrót,Rotação,,การหมุน,Döndürme,Xoay,,,旋轉
Studio.TerrainEditor.SelectionWarning.NaN,,,All entries must be numerical.,All entries must be numerical.,يجب أن تكون جميع الإدخالات رقمية.,Alle Einträge müssen numerisch sein.,Todas las entradas deben ser numéricas.,Toutes les entrées doivent être numériques.,सभी एंट्री नंबर के रूप में होनी चाहिए.,Semua entri harus numerik.,Tutte le voci devono essere numeriche.,入力はすべて数値でなければなりません。,모든 항목은 숫자여야 합니다.,Wszystkie wprowadzone wartości muszą być liczbowe.,Todas as entradas devem ser numéricas.,,รายการทั้งหมดต้องเป็นหมายเลข,Tüm girişlerin numerik olması gerekir.,Tất cả các mục nhập phải ở dạng số.,,,所有條目皆必須是數字。
Studio.TerrainEditor.SelectionWarning.Volume,,,"Volume is too large, please reduce the size.","Volume is too large, please reduce the size.",الحجم كبير جدًا، يرجى تقليل الحجم.,"Das Volumen ist zu groß, bitte reduziere die Größe.",El volumen es demasiado grande; redúcelo.,"Le volume est trop grand, réduire la taille.","वॉल्यूम बहुत ज़्यादा है, कृपया साइज़ को कम करें.",Volume terlalu besar. Kurangi ukurannya.,"Il volume è troppo grande, riduci le dimensioni.",量が多すぎます。サイズを小さくしてください。,용량이 너무 큽니다. 크기를 줄이세요.,Objętość jest zbyt duża. Zmniejsz rozmiar.,"O volume é grande demais, reduza o tamanho.",,ปริมาณมีขนาดใหญ่เกินไป โปรดลดขนาด,"Hacim çok büyük, lütfen boyutu küçült.","Âm lượng quá lớn, vui lòng giảm kích thước.",,,體積過大，請縮小。
Studio.TerrainEditor.Tooltip.Slope,,,Material is applied only within this slope angle range.,Material is applied only within this slope angle range.,يتم تطبيق المادة فقط ضمن نطاق زاوية الانحدار هذا.,Material wird nur innerhalb dieses Neigungswinkelbereichs angewendet.,El material se aplica solo dentro del rango de ángulo de la pendiente.,Le matériau n'est appliqué que dans cette plage d'angle de pente.,मटीरियल ढलान के कोण की सिर्फ़ इस रेंज के अंदर अप्लाई किया जाता है.,Material hanya digunakan dalam rentang sudut kemiringan ini.,Il materiale viene applicato solo all'interno di questo intervallo di angolo di inclinazione.,素材は、この傾斜角度の範囲内にしか適用されません。,재질이 이 경사 각도 범위 내에서만 적용됩니다.,Materiał jest stosowany tylko w odniesieniu do tego zakresu kąta nachylenia.,O material é aplicado apenas dentro desta faixa de ângulo de inclinação.,,ปรับใช้วัสดุกับภายในระยะมุมลาดชันนี้เท่านั้น,Malzeme yalnızca bu eğim açısı aralığında uygulanır.,Vật liệu chỉ được áp dụng trong dải góc dốc này.,,,材質只會套用於此斜坡角度範圍。
Studio.TerrainEditor.AdditionalSettings.FillMaterial,,,Fill,Fill,تعبئة,Füllen,Rellenar,Remplir,भरें,Isi,Riempi,塗りつぶす,채우기,Wypełnij,Preencher,,เติม,Doldur,Lấp Đầy,,,填滿
Studio.TerrainEditor.Tooltip.FallbackMaterial,,,Material that is applied when no other material is applicable.,Material that is applied when no other material is applicable.,المادة التي يتم تطبيقها عند عدم وجود مادة أخرى قابلة للتطبيق.,"Material, das angewendet wird, wenn kein anderes Material anwendbar ist.",Material que se aplica cuando no se aplica ningún otro material.,Matériel qui est appliqué quand aucun autre matériau n'est applicable.,"यह मटीरियल तब अप्लाई किया जाता है, जब कोई अन्य मटीरियल अप्लाई नहीं होता है.",Material yang digunakan ketika tidak bisa menggunakan material lain.,Il materiale che viene applicato quando nessun altro materiale è applicabile.,他の素材が適用されない場合に適用される素材。,다른 재질을 적용할 수 없을 때 적용되는 재질입니다.,"Materiał jest stosowany, gdy nie można zastosować żadnego innego materiału.",Material que é aplicado quando nenhum outro material é aplicável.,,วัสดุที่ปรับใช้เมื่อไม่มีวัสดุอื่นที่เหมาะสม,Başka kullanılabilir malzeme olmadığında uygulanan malzeme.,Vật liệu được áp dụng khi không có vật liệu nào khác có thể áp dụng.,,,當沒有其他材質可用時所使用的材質。
Studio.TerrainEditor.Tooltip.FillMaterial,,,Material applied to the bottom of craters and calderas.,Material applied to the bottom of craters and calderas.,المواد المطبقة على قاع الحفر والبحيرات البركانية.,"Material, das auf den Boden von Kratern und Calderen angewendet wird.",Material aplicado al fondo de cráteres y calderas.,Matériel appliqué au fond des cratères et des chaudières.,क्रेटर्स और कैल्डेरा के निचले हिस्सों पर अप्लाई किया गया मटीरियल.,Material yang digunakan di dasar kawah dan kaldera.,Il materiale applicato sul fondo di crateri e caldere.,クレーターやカルデラの底部に適用される素材。,분화구 및 칼데라의 바닥에 적용되는 재질입니다.,Materiał jest stosowany w odniesieniu do dna kraterów i kalder.,Material aplicado ao fundo de crateras e caldeiras.,,วัสดุที่ปรับใช้กับด้านล่างของปล่องและหลุมภูเขาไฟ,Kraterlerin ve kalderaların dibine uygulanan malzeme.,Vật liệu được áp dụng cho đáy của crater và caldera.,,,套用到隕石坑和破火山口底部的材質。
Studio.TerrainEditor.BuildSettings.TalusSlope,,,Talus Slope,Talus Slope,انحدار المنحدر,Talus-Neigung,Pendiente Talus,Pente du talus,टैलस की ढलान,Kemiringan Talus,Inclinazione pendio,崖錐斜面,애추사면,Stożek piargowy,Ladeira rochosa,,ความลาดชันลานหินเชิงผา,Meyil,Sườn Dốc,,,崖錐斜坡
Studio.TerrainEditor.BuildSettings.TalusHeight,,,Talus Height,Talus Height,ارتفاع المنحدر,Talus-Höhe,Altura Talus,Hauteur du talus,टैलस की ऊँचाई,Tinggi Talus,Altezza pendio,崖錐の高さ,거골 높이,Wysokość stożka,Altura do talude,,ความสูงลานหินเชิงผา,Meyil Yüksekliği,Độ Cao Dốc,,,崖錐高度
Studio.TerrainEditor.NumberWarning.NaN,,,Not a number.,Not a number.,ليس رقمًا.,Keine Zahl.,No es un número.,Pas un nombre.,नंबर नहीं है.,Bukan angka.,Non è un numero.,非数。,숫자가 아닙니다.,Wartość nie jest liczbą.,Não é um número.,,ไม่ใช่หมายเลข,Sayı değil.,Không phải là một số.,,,非數字。
Studio.TerrainEditor.Operations.SmoothVoxelsName,,,Upgrading Smooth Voxels,Upgrading Smooth Voxels,ترقية قيم voxel لإزالة الحواف الزائدة,Verbesserung glatter Voxel,Mejorando Vóxeles suaves,Mise à niveau des voxels lisses,समतल वॉक्सेल्स अपग्रेड किए जा रहे हैं,Meng-upgrade Voksel Mulus,Aggiornamento dei voxel lisci,スムーズ・ボクセルをアップグレード中,스무드 복셀 업그레이드 중,Ulepszanie wygładzonych vokseli,Atualizando voxels suavizados,,การอัปเกรดว็อกเซลเรียบ,Pürüzsüz Vokseller yükseltiliyor,Đang nâng cấp Smooth Voxels,,,升級平滑體素
Studio.TerrainEditor.Operations.SmoothVoxelsDescription,,,Replacing voxels...,Replacing voxels...,جارٍ استبدال وحدات voxel...,Voxel werden ersetzt ...,Reemplazando vóxeles...,Remplacer les voxels...,वॉक्सेल बदले जा रहे हैं...,Mengganti voksel ...,Sostituzione voxel...,ボクセルを置き換え中...,복셀 교체 중...,Zamienianie vokseli...,Substituindo voxels...,,กำลังแทนที่ว็อกเซล...,Vokseller değiştiriliyor...,Đang thay thế voxel...,,,正在取代體素……
Studio.TerrainEditor.SmoothVoxels.Description,,,Click Upgrade to improve the cohesion of your terrain.,Click Upgrade to improve the cohesion of your terrain.,"اضغط على ""ترقية"" لتحسين تماسك تضاريسك.","Klicke auf Verbessern, um die Kohäsion deines Geländes zu verbessern.",Haz clic en Mejorar para mejorar la cohesión de tu terreno.,Cliquer sur Améliorer pour améliorer la cohésion du terrain.,अपने टेरेन के अलग-अलग हिस्सों के तालमेल को बेहतर बनाने के लिए 'अपग्रेड करें' पर क्लिक करें. ,Klik Upgrade untuk meningkatkan kohesi medanmu.,Fai clic su Aggiorna per migliorare la coesione del tuo terreno.,地形のまとまりを改善するにはアップグレードをクリックしてください。,'업그레이드'를 클릭해 지형의 응집력을 향상하세요.,"Kliknij Ulepsz, aby zwiększyć spójność terenu.",Clique em Melhorar para melhorar a coesão do seu terreno.,,คลิกอัปเกรดเพื่อปรับปรุงการเชื่อมติดของภูมิประเทศของคุณ,Arazinin kohezyonunu geliştirmek için Yükselt seçeneğine tıkla.,Nhấn Nâng cấp để tăng độ khớp của địa hình.,,,按一下升級以改善地形銜接。
Studio.TerrainEditor.SmoothVoxels.Explanation,,,The upgrade will only be applied to this place. This will automatically adjust shallow water shape on existing shorelines. The upgrade can be reverted right after its completion using the Undo command.,The upgrade will only be applied to this place. This will automatically adjust shallow water shape on existing shorelines. The upgrade can be reverted right after its completion using the Undo command.,سيتم تطبيق الترقية على هذا المكان فقط. سيؤدي ذلك إلى تعديل تلقائي لشكل المياه الضحلة على الشواطئ الموجودة. يمكن التراجع عن الترقية فور اكتمالها باستخدام أمر التراجع.,Die Verbesserung wird nur auf diesen Ort angewandt. Dadurch wird die Form des flachen Wassers an den bestehenden Küstenlinien automatisch angepasst. Die Verbesserung kann direkt nach ihrer Fertigstellung mit dem Befehl Rückgängig wieder rückgängig gemacht werden.,La mejora solo se aplicará a este lugar. Esto automáticamente ajustará la forma de agua poco profunda en las líneas de costa existentes. Esta acción se puede revertir después de su finalización usando el comando Deshacer.,L'amélioration ne sera appliquée qu'à cet endroit. Cela ajustera automatiquement la forme de l'eau peu profonde sur les rives existantes. La mise à niveau peut être annulée dès sa fin en utilisant la commande Annuler.,अपग्रेड सिर्फ़ इस प्लेस पर अप्लाई किया जाएगा. यह अपने-आप मौजूदा शोरलाइन पर उथले पानी के आकार को एडजस्ट करेगा. अपग्रेड पूरा होने के ठीक बाद 'पहले जैसा करें (Undo)' कमांड का इस्तेमाल करके इस अपग्रेड को रिवर्ट किया जा सकता है.,Upgrade hanya akan diterapkan di tempat ini. Tindakan ini akan otomatis menyesuaikan bentuk air dangkal di garis pantai yang ada. Upgrade ini bisa dibatalkan setelah diselesaikan menggunakan perintah Urungkan.,L'aggiornamento verrà applicato solo a questo posto. L'operazione regolerà automaticamente la forma dell'acqua poco profonda sulle coste esistenti. L'aggiornamento può essere ripristinato subito dopo il suo completamento utilizzando il comando Annulla.,アップグレードはこのプレースにしか適用されません。これは既存の海岸線で浅瀬の水の形状を自動的に調整します。アップグレードは、取り消しコマンドを使用して完了後すぐに元に戻すことができます。,업그레이드는 이 플레이스에만 적용됩니다. 이렇게 하면 기존 해안선의 얕은 물 모양이 자동으로 조정됩니다. 완료 직후 '실행 취소' 명령을 사용하면 업그레이드를 되돌릴 수 있습니다.,Ulepszenie zostanie zastosowane tylko do tego miejsca. Spowoduje automatyczne dostosowanie kształtu płytkiej wody przy istniejących liniach brzegowych. Ulepszenie można cofnąć tuż po jego ukończeniu przy użyciu polecenia Cofnij.,"A atualização só será aplicada a este lugar. Isto ajustará automaticamente o formato de água superficial em litorais existentes. A atualização pode ser revertida logo após a conclusão do processo, usando o comando Desfazer.",,การอัปเกรดจะปรับใช้กับสถานที่นี้เท่านั้น การดำเนินการนี้จะปรับรูปร่างของบริเวณน้ำตื้นบนชายฝั่งที่มีอยู่โดยอัตโนมัติ สามารถแปลงกับการอัปเกรดได้หลังจากที่การดำเนินการเสร็จสิ้นแล้วโดยการใช้คำสั่งยกเลิก,"Yükseltme sadece bu mekâna uygulanacak. Bu işlem, mevcut kıyı şeritlerindeki sığ su şekillerini otomatik olarak düzenleyecek. Yükseltme, tamamlandıktan sonra Geri Al komutu kullanılarak geri alınabilir.",Bản nâng cấp này chỉ áp dụng cho địa điểm này. Bản nâng cấp này sẽ tự động điều chỉnh hình dạng vùng nước nông trên các đường ven biển hiện có. Bản nâng cấp có thể được hoàn lại ngay sau khi hoàn thành bằng lệnh Hoàn Tác.,,,升級只會套用到此地點。既有海岸線的淺水形狀將會自動調整。升級完成後可使用復原指令進行還原。
Studio.TerrainEditor.SmoothVoxels.Title,,,Smooth Voxels,Smooth Voxels,قيم voxel لإزالة الحواف الزائدة,Glatte Voxel,Vóxeles suaves,Voxels lisses,समतल वॉक्सेल्स,Voksel Mulus,Voxel lisci,スムーズ・ボクセル,스무드 복셀,Wygładzone voksele,Suavizar voxels,,ว็อกเซลเรียบ,Pürüzsüz Vokseller,Voxel Mịn,,,平滑體素
Studio.TerrainEditor.NumberWarning.Minimum,,,Value must be greater than 0.,Value must be greater than 0.,يجب أن تكون القيمة أكبر من 0.,Wert muss größer als 0 sein.,El valor debe ser superior a 0.,La valeur doit être supérieure à 0.,मान 0 से ज़्यादा होना चाहिए.,Nilai harus lebih besar dari 0.,Il valore deve essere maggiore di 0.,数値を 0 より大きくする必要があります。,값은 0보다 커야 합니다.,Wartość musi być większa niż 0.,O valor deve ser maior que 0.,,ค่าต้องมากกว่า 0,Değer 0'dan büyük olmalı.,Giá trị phải lớn hơn 0.,,,數值應大於 0。
