Key,Context,Example,Source,en-us,ar-001,de-de,es-es,fr-fr,hi-in,id-id,it-it,ja-jp,ko-kr,pl-pl,pt-br,ru-ru,th-th,tr-tr,vi-vn,zh-cjv,zh-cn,zh-tw
Studio.Tutorials.Plugin.Name,,,Tutorials,Tutorials,الدروس التعليمية,Tutorials,Tutoriales,Tutoriels,ट्यूटोरियल,Tutorial,Tutorial,チュートリアル,튜토리얼,Samouczki,Tutoriais,,คู่มือการใช้งาน,Öğreticiler,Hướng Dẫn,教程,教程,教學課程
Studio.Tutorials.Plugin.Button,,,Toggle,Toggle,تبديل,Umschalten,Activar,Activer/désactiver,टॉगल करें,Nyalakan/matikan,Attiva/disattiva,切りかえ,전환,Przełącz,Alternar,,เปิด/ปิด,Aç/Kapa,Bật/Tắt,切换,切换,切換
Studio.Tutorials.Plugin.Description,,,Toggles the Template plugin window.,Toggles the Template plugin window.,يبدِّل نافذة المكون الإضافي للقالب.,Schaltet das Vorlagen-Plugin-Fenster um.,Activar la ventana del plugin Plantilla.,Active/désactive la fenêtre du plugin Modèle.,टेम्प्लेट प्लग-इन विंडो को टॉगल करता है.,Menyalakan/mematikan jendela plugin Templat.,Attiva/Disattiva la finestra del plugin template.,テンプレートのプラグインウィンドウを切りかえ。,템플릿 플러그인 창을 전환합니다.,Włącza/wyłącza okno dodatku plug-in z szablonami.,Alterna a janela do plugin de modelos.,,เปิด/ปิดหน้าต่างปลั๊กอินเทมเพลต,Taslak eklenti penceresini açıp kapatır.,Bật/tắt cửa sổ plugin Mẫu.,切换模板插件窗口。,切换模板插件窗口。,切換範本外掛程式視窗。
Studio.Tutorials.Plugin.Welcome,,,"Welcome to Roblox Studio, %s!","Welcome to Roblox Studio, %s!",مرحبًا بك في Roblox Studio، %s!,"Willkommen bei Roblox Studio, %s!","Te damos la bienvenida a Roblox Studio, %s.","Bienvenue dans Roblox Studio, %s!","Roblox Studio में आपका स्वागत है, %s!","Selamat datang di Roblox Studio, %s!","Benvenuto a Roblox Studio, %s!",%s さん、Roblox Studioへようこそ！,"%s 님, Roblox Studio에 오신 것을 환영합니다!","Witaj w Roblox Studio, %s!","Boas-vindas ao Roblox Studio, %s!",,ยินดีต้อนรับสู่ Roblox Studio คุณ %s!,Roblox Studio'ya hoş geldin %s!,"Chào mừng đến với Roblox Studio, %s!",%s，欢迎来到 Roblox Studio！,%s，欢迎来到 Roblox Studio！,%s，歡迎來到 Roblox Studio！
Studio.Tutorials.Plugin.Title,,,Want to learn the basics? Start the tour to make your first experience.,Want to learn the basics? Start the tour to make your first experience.,هل تريد تعلم الأساسيات؟ ابدأ الجولة للحصول على تجربتك الأولى.,"Möchtest du die Grundlagen lernen? Starte die Tour, um deine erste Experience zu erstellen.",¿Quieres aprender lo básico? Comienza el tour para hacer tu primera experiencia.,Tu veux apprendre les bases ? Commence la visite pour faire ta première expérience.,बुनियादी बातें सीखनी हैं? अपना पहला एक्सपीरिएंस बनाने के लिए टूर शुरू करें.,Ingin belajar dasarnya? Mulai tur untuk membuat pengalaman virtual pertamamu.,Vuoi imparare le basi? Inizia il tour per fare la tua prima esperienza.,基本を学びますか？見学を開始して最初のバーチャル空間を作りましょう。,투어를 통해 기본기를 배우고 첫 체험을 만들어 보세요.,Chcesz poznać podstawy? Zacznij od wprowadzenia i stwórz swój pierwszy projekt.,Quer aprender o básico? Comece a Introdução para fazer sua primeira experiência.,,ต้องการเรียนรู้พื้นฐานใช่ไหม? เริ่มการทัวร์เพื่อสร้างประสบการณ์แรกของคุณ,Temel adımları öğrenmek ister misin? İlk deneyimini hazırlamak için tura başla.,Bạn muốn tìm hiểu những kiến thức cơ bản? Bắt đầu chuyến tham quan để có trải nghiệm đầu tiên của bạn.,想学习基础知识？加入导览，开始你的创作之旅。,想学习基础知识？加入导览，开始你的创作之旅。,想學習基礎知識嗎？請啟動導覽體驗您的第一次學習之旅。
Studio.Tutorials.Plugin.Start,,,Start,Start,بدء,Starten,Empezar,Commencer,शुरू करें,Mulai,Avvia,開始,시작,Rozpocznij,Iniciar,,เริ่ม,Başla,Bắt Đầu,开始,开始,啟動
Studio.Tutorials.Plugin.Next,,,Next,Next,التالي,Weiter,Siguiente,Suivant,आगे जाएँ,Lanjutkan,Successivo,次へ,다음,Dalej,Próximo,,ถัดไป,Sonraki,Tiếp Theo,继续,继续,下一步
Studio.Tutorials.Completed.Title,,,You completed the %s!,You completed the %s!,لقد أكملت %s!,Du hast die %s abgeschlossen!,Completaste el %s.,Tu as terminé le %s !,आपने %s को पूरा कर लिया है!,Kamu menyelesaikan %s!,Hai completato il %s!,%s を完了しました！,%s(을)를 완료했어요!,Ukończono: %s!,Você completou o %s!,,%s เสร็จสมบูรณ์แล้ว!,%s tamamlandı!,Bạn đã hoàn thành %s!,你完成了%s！,你完成了%s！,您完成了 %s！
Studio.Tutorials.Completed.Description,,,Continue building here or visit the Dashboard to choose a different template place.,Continue building here or visit the Dashboard to choose a different template place.,تابع البناء هنا أو تفضل بزيارة لوحة المعلومات لاختيار مكان مختلف للقالب.,"Baue hier weiter oder besuche das Dashboard, um einen anderen Vorlagenort zu wählen.",Continúa construyendo aquí o visita la Interfaz para elegir una plantilla de lugar diferente.,Continue à construire ici ou consulte le tableau de bord pour choisir un autre emplacement de modèle.,यहाँ बिल्ड करना जारी रखें या कोई दूसरा टेम्प्लेट प्लेस चुनने के लिए डैशबोर्ड पर जाएँ.,Lanjutkan membangun di sini atau buka Dasbor untuk memilih tempat lain dari templat.,Continua a costruire qui o visita la Dashboard per scegliere un posto diverso per il modello.,制作を続けるかダッシュボードに行って違うテンプレートのプレースを選びましょう。,여기서 제작을 계속하거나 대시보드를 방문해 다른 템플릿 플레이스를 선택하세요.,"Kontynuuj budowanie tutaj lub przejdź do panelu, aby wybrać inne miejsce z szablonu.",Continue a construir aqui ou visite o Painel para escolher um modelo de local diferente.,,คุณสามารถสร้างโดยใช้สถานที่นี้ต่อไป หรือไปที่แดชบอร์ดเพื่อเลือกเทมเพลตสถานที่อื่นๆ,Burayı inşa etmeye devam edebilir ya da Pano'ya giderek farklı bir mekân taslağı seçebilirsin.,Tiếp tục xây dựng ở đây hoặc truy cập Bảng Điều Khiển để chọn một địa điểm mẫu khác.,继续在此建造或在中心选择其它模板场景。,继续在此建造或在中心选择其它模板场景。,繼續在此建造或前往主控板以選擇不一樣的範本空間。
Studio.Tutorials.Completed.Back,,,Dashboard,Dashboard,لوحة التحكم,Dashboard,Interfaz,Tableau de bord,डैशबोर्ड,Dasbor,Dashboard,ダッシュボード,대시보드,Panel,Painel,,แดชบอร์ด,Pano,Bảng Điều Khiển,主控页面,主控页面,主控板
Studio.Tutorials.Completed.Continue,,,Continue,Continue,متابعة,Fortfahren,Continuar,Continuer,जारी रखें,Lanjutkan,Continua,続ける,계속,Kontynuuj,Continuar,,ดำเนินการต่อ,Devam,Tiếp Tục,继续,继续,繼續
Studio.Tutorials.Tutorial.Begin,,,Begin,Begin,بدء,Beginnen,Empezar,Commencer,शुरू करें,Mulai,Inizia,始める,시작,Rozpocznij,Começar,,เริ่มต้น,Başla,Bắt Đầu,开始,开始,開始
Studio.Tutorials.Tutorial.StepSkipped,,,Step Skipped,Step Skipped,تم تخطي الخطوة,Schritt übersprungen,Paso saltado,Étape ignorée,स्टेप छोड़ा गया,Langkah Dilewati,Passo Saltato,飛ばした内容,단계 건너뜀,Pominięto krok,Etapa ignorada,,ข้ามขั้นตอนแล้ว,Adım atlandı,Bước Bị Bỏ Qua,已跳过步骤,已跳过步骤,步驟已跳過
Studio.Tutorials.Tutorial.SkipStep,,,Skip Step,Skip Step,تخطي الخطوة,Schritt überspringen,Saltar paso,Ignorer l'étape,स्टेप छोड़ें,Lewati Langkah,Salta passo,内容を飛ばす,단계 건너뛰기,Pomiń krok,Pular etapa,,ข้ามขั้นตอน,Adımı atla,Bỏ Qua Bước,跳过步骤,跳过步骤,跳過步驟
Studio.Tutorials.Tutorial.QuitTutorial,,,Quit Tutorial,Quit Tutorial,إنهاء الدروس التعليمية,Tutorial beenden,Salir del tutorial,Quitter le tutoriel,ट्यूटोरियल से बाहर निकलें,Keluar dari Tutorial,Esci dal tutorial,チュートリアルをやめる,튜토리얼 종료,Zakończ samouczek,Sair do tutorial,,ออกจากคู่มือการใช้งาน,Öğreticiden çık,Thoát Hướng Dẫn,退出教程,退出教程,退出教學
Studio.Tutorials.Tutorial.StopPlaytest_Title,,,Playtest,Playtest,اختبار اللعب,Spiel testen,Prueba de juego,Test de jeu,प्ले-टेस्ट,Playtest,Playtest,プレイテスト,플레이테스트,Playtest,Teste de jogo,,การทดลองเล่น,Oynanış Testi,Chơi Thử Nghiệm,游戏测试,游戏测试,試玩
Studio.Tutorials.Tutorial.StopPlaytest_Description,,,"Control your avatar with the <b>W</b>, <b>A</b>, <b>S</b> & <b>D</b> keys.<br/><br/>Try interacting with the parts you added!<br/><br/>When you're ready, press Stop to go back to editing your place.","Control your avatar with the <b>W</b>, <b>A</b>, <b>S</b> & <b>D</b> keys.<br/><br/>Try interacting with the parts you added!<br/><br/>When you're ready, press Stop to go back to editing your place.","تحكم في الأفاتار باستخدام مفاتيح <b>W</b>، و<b>A</b>، و<b></b>S، و<b>D</b>.<br/><br/>حاول التفاعل مع الأجزاء التي أضفتها!<br/><br/>وعندما تكون جاهزًا، اضغط على ""إيقاف"" للعودة إلى تحرير مكانك.","Steuere deinen Avatar mit den Tasten <b>W</b>, <b>A</b>, <b>S</b> und <b>D</b>.<br/><br/>Versuche, mit den Teilen zu interagieren, die du hinzugefügt hast!<br/><br/>Wenn du fertig bist, drückst du auf ""Stoppen"", um zur Bearbeitung deines Ortes zurückzukehren.","Controla tu avatar con la teclas <b>W</b>, <b>A</b>, <b>S</b> y <b>D</b>.<br/><br/>Intenta interactuar con las piezas que añadiste.<br/><br/>Cuando tengas todo listo, presiona Detener para volver a editar tu lugar.","Contrôle ton avatar avec les touches <b>W</b>, <b>A</b>, <b>S</b> et <b>D</b>.<br/><br/> Essaie d'interagir avec les pièces que tu as ajoutées !<br/><br/> Quand tu es prêt, appuie sur Arrêter pour revenir à la modification de ta place."," <b>W</b>, <b>A</b>, <b>S</b> और <b>D</b> की (Key) के साथ अपने अवतार को कंट्रोल करें.<br/><br/>जोड़े गए पार्ट्स के साथ इंटरैक्ट करने की कोशिश करें!<br/><br/>जब आप तैयार हों, तो वापस जाकर अपने प्लेस को एडिट करने के लिए 'स्टॉप' दबाएँ.","Kontrol avatarmu dengan tombol <b>W</b>, <b>A</b>, <b>S</b>, & <b>D</b>.<br/><br/>Cobalah berinteraksi dengan komponen yang kamu tambahkan!<br/><br/>Jika kamu sudah siap, tekan Berhenti untuk kembali mengedit tempatmu.","Controlla il tuo avatar con i tasti <b>W</b>, <b>A</b>, <b>S</b> e <b>D</b>.<br/><br/>Prova a interagire con le parti che hai aggiunto!<br/><br/>Quando hai finito, premi Stop per tornare a modificare il tuo posto.",<b>W</b>、<b>A</b>、<b>S</b>そして<b>D</b>キーを使ってアバターを操作。<br/><br/>追加したパーツとインタラクトしてみましょう！<br/><br/>準備ができたら「停止」を押してプレースの編集に戻りましょう。,"<b>W</b>, <b>A</b>, <b>S</b>, <b>D</b> 키로 아바타를 제어하세요.<br/><br/>추가한 파트와 상호작용을 시도하세요.<br/><br/>테스트를 완료했다면 중지를 눌러 플레이스 편집으로 돌아가세요.","Steruj awatarem przy użyciu klawiszy <b>W</b>, <b>A</b>, <b>S</b> i <b>D</b>.<br/><br/>Wypróbuj interakcje z dodanymi przez ciebie częściami!<br/><br/>Kiedy uznasz, że chcesz zakończyć, naciśnij Zatrzymaj, aby wrócić do edytowania miejsca.","Controle seu avatar com as teclas <b>W</b>, <b>A</b>, <b>S</b> e <b>D</b>.<br/><br/>Tente interagir com as partes que você adicionou!<br/><br/>Quando você estiver pronto, pressione Parar para voltar a editar seu local.",,"ควบคุมอวาตาร์ของคุณด้วยปุ่ม <b>W</b>, <b>A</b>, <b>S</b> และ <b>D</b><br/><br/>ลองปฏิสัมพันธ์กับส่วนประกอบที่คุณได้เพิ่มเข้ามาดูสิ!<br/><br/>เมื่อคุณพร้อมแล้ว กดหยุดเพื่อกลับไปยังการแก้ไขสถานที่ของคุณ","Avatarını <b>W</b>, <b>A</b>, <b>S</b> ve <b>D</b> ile kontrol et.<br/><br/>Eklediğin parçalarla etkileşime girmeyi dene!<br/><br/>Hazır olduğunda Durdur seçeneğini kullanarak mekânını düzenlemeye dön.","Điều khiển avatar của bạn bằng các phím <b>W</b>, <b>A</b>, <b>S</b> & <b>D</b>.<br/><br/>Thử tương tác với các bộ phận bạn đã thêm vào!<br/><br/>Khi sẵn sàng, ấn Dừng để quay lại và chỉnh sửa địa điểm của bạn.",使用 <b>W</b>、<b>A</b>、<b>S</b> 和 <b>D</b> 键控制虚拟形象。<br/><br/>尝试与你添加的部件互动！<br/><br/>当你准备好时，点击“停止”继续返回编辑场景。,使用 <b>W</b>、<b>A</b>、<b>S</b> 和 <b>D</b> 键控制虚拟形象。<br/><br/>尝试与你添加的部件互动！<br/><br/>当你准备好时，点击“停止”继续返回编辑场景。,使用 <b>W</b>、<b>A</b>、<b>S</b> 與 <b>D</b> 鍵控制自己的虛擬人偶。<br/><br/>請嘗試與您新增的零件互動！<br/><br/>您準備好之後，按下停止以返回編輯自己的空間。
Studio.Tutorials.StudioTour.Title,,,Studio Tour,Studio Tour,جولة في Studio,Studio-Tour,Tour de Studio,Studio Tour,Studio टूर,Tur Studio,Studio Tour,Studioの見学,Studio 투어,Wprowadzenie do Studio,Introdução ao Studio,,ทัวร์ Studio,Studio Turu,Chuyến Tham Quan Studio,Studio 导览,Studio 导览,Studio 導覽
Studio.Tutorials.Tutorial.TopicNumber,,,Topic %d of %d,Topic %d of %d,الموضوع %d من %d,Thema %d von %d,Tema %d de %d,Sujet %d de %d,%d का विषय %d,Topik %d dari %d,Argomento %d di %d,トピック %d / %d,토픽 %d/%d,Temat %d z %d,Tópico %d de %d,,หัวข้อที่ %d จาก %d,Konu %d/%d,Chủ đề %d của %d,主题 %d/%d,主题 %d/%d,主題 %d/%d
Studio.Tutorials.Tutorial.Back,,,Back,Back,رجوع,Zurück,Atrás,Retour,वापस जाएँ,Kembali,Indietro,戻る,뒤로,Wstecz,Voltar,,ย้อนกลับ,Geri,Quay Lại,返回,返回,返回
Studio.Tutorials.Tutorial.Skip,,,Skip,Skip,تخطي,Überspringen,Saltar,Passer,छोड़ें,Lewati,Salta,スキップ,건너뛰기,Pomiń,Pular,,ข้าม,Atla,Bỏ Qua,跳过,跳过,跳過
Studio.Tutorials.SkipDialog.Title,,,Skip forward to this step?,Skip forward to this step?,هل تريد التخطي إلى هذه الخطوة؟,Zu diesem Schritt vorwärts springen?,¿Saltar a este paso?,Passer à l'étape suivante ?,इस स्टेप पर आगे बढ़ना है?,Lewati hingga langkah ini?,Vuoi andare direttamente a questo passaggio?,先に進んでこの内容に行きますか？,이 단계로 건너뛸까요?,Przejść dalej do tego kroku?,Pular para esta etapa?,,Skip Forward ขั้นตอนนี้หรือไม่?,Bu adıma atlansın mı?,Bạn muốn tua nhanh đến bước này?,快进至此步骤？,快进至此步骤？,跳到此步驟？
Studio.Tutorials.SkipDialog.Text,,,Skipping forward will complete the previous steps for you. This will insert any parts or models required to complete the rest of the tour.,Skipping forward will complete the previous steps for you. This will insert any parts or models required to complete the rest of the tour.,سيؤدي التخطي إلى الأمام إلى إكمال الخطوات السابقة من أجلك. سيؤدي ذلك إلى إدراج أي أجزاء أو نماذج مطلوبة لإكمال بقية الجولة.,"Wenn du vorwärts springst, werden die vorherigen Schritte für dich abgeschlossen. Dadurch werden alle Teile oder Modelle eingefügt, die du für den Rest der Tour benötigst.",Saltar un paso completará los pasos anteriores por ti. Esto insertará todas las piezas o modelos necesarios para completar el resto del tour.,Le fait de sauter en avant complétera les étapes précédentes. Cela permettra d'insérer toutes les pièces ou tous les modèles nécessaires pour compléter le reste de la visite.,आगे बढ़ने से आपके पिछले स्टेप पूरे हो जाएँगे. इससे बाकी के टूर को पूरा करने के लिए ज़रूरी सभी पार्ट्स या मॉडल इन्सर्ट हो जाएँगे.,"Jika kamu melewati langkah, langkah-langkah sebelumnya akan diselesaikan. Komponen atau model yang diperlukan untuk menyelesaikan sisa tur akan dimasukkan.","Andando direttamente a questo passaggio, i passaggi precedenti verranno completati e verranno inseriti eventuali parti o modelli necessari per completare il resto del tutorial.",先に進むと、前のステップが完了します。これで残りの見学を完了するために必要な部品やモデルが挿入されます。,앞으로 건너뛰면 이전 단계가 완료됩니다. 이렇게 하면 나머지 투어를 완료하는 데 필요한 파트나 모델이 삽입됩니다.,"Przechodząc dalej, zakończysz pominięte kroki. Spowoduje to wstawienie części i modeli niezbędny do ukończenia pozostałej części wprowadzenia.",Pular para frente completará os passos anteriores. Isso inserirá quaisquer partes ou modelos necessários para completar o resto da Introdução.,,การข้ามผ่านจะทำให้ขั้นตอนก่อนหน้าเสร็จสมบูรณ์สำหรับคุณ การดำเนินการนี้จะแทรกทุกส่วนประกอบหรือโมเดลที่จำเป็นต่อการทัวร์ให้เสร็จสิ้น,"Atladığında önceki adımlar senin için tamamlanır. Bu işlem, turun kalanının tamamlanması için gereken parçaları ve modelleri ekler.",Thao tác tua đi sẽ hoàn thành các bước trước đó cho bạn. Thao tác này sẽ chèn bất kỳ bộ phận hoặc mô hình nào cần thiết để hoàn thành phần còn lại của chuyến tham quan.,选择快进将自动完成之前的所有步骤。该操作将自动为你插入完成剩余教程所需的所有部件或模型。,选择快进将自动完成之前的所有步骤。该操作将自动为你插入完成剩余教程所需的所有部件或模型。,選擇跳過會自動完成之前的所有步驟。若在後續導覽中需要特定的零件或模型，會自動將它們插入。
Studio.Tutorials.StudioTour3.welcome_Title,,,Studio Tour,Studio Tour,جولة في Studio,Studio-Tour,Tour de Studio,Studio Tour,Studio टूर,Tur Studio,Tour di Studio,Studioの見学,Studio 투어,Wprowadzenie do Studio,Introdução ao Studio,,ทัวร์ Studio,Studio Turu,Khám Phá Nhanh Studio,,,Studio 導覽
Studio.Tutorials.StudioTour3.zoomCamera_Compliment,,,Just like that!,Just like that!,الأمر بسيط للغاية!,Genau so!,¡Eso!,C'est comme ça !,ठीक इसी तरह!,Tepat seperti itu!,Così si fa!,できました！,잘하고 있어요!,Właśnie tak!,Isso mesmo!,,ต้องอย่างนั้น!,İşte böyle!,Đơn giản vậy thôi!,,,就是這樣！
Studio.Tutorials.StudioTour3.insertMarketplace_Title,,,Insert the ball,Insert the ball,إدراج الكرة,Den Ball einfügen,Inserta la bola,Insérer la balle,बॉल डालें,Masukkan bola,Inserisci la sfera,ボールの挿入,공을 삽입하세요,Wstaw kulę,Insira a bola,,แทรกลูกบอล,Topu ekle,Chèn bóng,,,插入球
Studio.Tutorials.StudioTour3.Title,,,Studio Tour,Studio Tour,جولة في Studio,Studio-Tour,Tour de Studio,Studio Tour,Studio टूर,Tur Studio,Tour di Studio,Studioの見学,Studio 투어,Wprowadzenie do Studio,Introdução ao Studio,,ทัวร์ Studio,Studio Turu,Khám Phá Nhanh Studio,,,Studio 導覽
Studio.Tutorials.StudioTour3.intro1_Title,,,Studio Tour,Studio Tour,جولة في Studio,Studio-Tour,Tour de Studio,Studio Tour,Studio टूर,Tur Studio,Tour di Studio,Studioの見学,Studio 투어,Wprowadzenie do Studio,Introdução ao Studio,,ทัวร์ Studio,Studio Turu,Khám Phá Nhanh Studio,,,Studio 導覽
Studio.Tutorials.StudioTour3.focus_Compliment,,,Just like that!,Just like that!,الأمر بسيط للغاية!,Genau so!,¡Justo así!,C'est comme ça !,ठीक इसी तरह!,Tepat seperti itu!,Così si fa!,できました！,잘하고 있어요!,Właśnie tak!,Isso mesmo!,,ต้องอย่างนั้น!,İşte böyle!,Đơn giản vậy thôi!,,,就是這樣！
Studio.Tutorials.StudioTour3.properties_Description,,,This is the Properties window. You can see and edit the properties of any object you select.,This is the Properties window. You can see and edit the properties of any object you select.,هذه هي نافذة الخصائص. يمكنك رؤية وتحرير خصائص أي كائن تحدده.,Dies ist das Eigenschaften-Fenster. Du kannst die Eigenschaften eines jeden ausgewählten Objekts sehen und bearbeiten.,Esta es la ventana de Propiedades. Puedes ver y editar las propiedades de cualquier objeto que selecciones.,Ceci est la fenêtre Propriétés. Tu peux voir et modifier les propriétés de n'importe quel objet que tu sélectionnes.,यह 'प्रॉपर्टीज़' विंडो है. यहाँ आपके द्वारा चुने गए किसी भी ऑब्जेक्ट की प्रॉपर्टी देखी और एडिट की जा सकती हैं.,Ini adalah jendela Properti. Kamu bisa melihat dan mengedit properti objek apa pun yang kamu pilih.,Questa è la finestra Proprietà. Qui puoi vedere e modificare le proprietà di qualsiasi oggetto che selezioni.,これはプロパティウィンドウです。選択したオブジェクトのあらゆるプロパティを表示したり編集したりできます。,이것은 속성 창입니다. 선택한 개체의 속성을 보고 편집할 수 있습니다.,"To jest okno właściwości, w którym można wyświetlać i edytować właściwości dowolnego zaznaczonego obiektu.",Esta é a janela Propriedades. Você pode ver e editar as propriedades do objeto selecionado.,,นี่คือหน้าต่างคุณสมบัติ คุณสามารถดูและแก้ไขคุณสมบัติของวัตถุใดๆ ก็ตามที่คุณเลือกได้,"Bu, Özellikler penceresi. Seçtiğin nesnelerin özelliklerini burada görebilir ve düzenleyebilirsin.",Đây là cửa sổ Thuộc Tính. Bạn có thể xem và chỉnh sửa các thuộc tính của bất kỳ đối tượng nào bạn chọn.,,,這是屬性視窗，您可以檢視與編輯任何選定的物件屬性。
Studio.Tutorials.StudioTour3.speed_Description,,,You can add custom data to objects using attributes. Let's increase the speed of the ball to try and reach the furthest bullseye.<br/><br/>Type 'Speed' in the Filter Properties box to find and update the Speed value and change the speed of the ball.,You can add custom data to objects using attributes. Let's increase the speed of the ball to try and reach the furthest bullseye.<br/><br/>Type 'Speed' in the Filter Properties box to find and update the Speed value and change the speed of the ball.,"يمكنك إضافة بيانات مخصصة إلى الكائنات باستخدام السمات. لنقم بزيادة سرعة الكرة لمحاولة الوصول إلى أبعد مركز.<br/><br/>اكتب ""السرعة"" في مربع خصائص الفلتر للعثور على قيمة السرعة وتحديثها وتغيير سرعة الكرة.","Du kannst Objekten mithilfe von Attributen eigene Daten hinzufügen. Erhöhen wir die Geschwindigkeit des Balls, um zu versuchen, das weiteste Ziel zu erreichen.<br/><br/>Gib 'Geschwindigkeit' in das Feld Filtereigenschaften ein, um den Wert 'Geschwindigkeit' zu finden und zu aktualisieren und die Geschwindigkeit des Balls zu ändern.",Puedes añadir datos personalizados a objetos usando atributos. Aumentemos la velocidad de la pelota para intentar llegar al blanco más lejano.<br/><br/>Escribe 'Velocidad' en el cuadro Propiedades del filtro para encontrar y actualizar el valor de Velocidad y cambiar la velocidad de la bola.,Tu peux ajouter des données personnalisées aux objets à l'aide des attributs. Augmentons la vitesse de la balle pour essayer d'atteindre l'œil-de-bœuf le plus éloigné.<br/><br/>Tapez 'Vitesse' dans la zone Propriétés du filtre pour trouver et mettre à jour la valeur Vitesse et modifier la vitesse de la balle.,एट्रिब्यूट का उपयोग करके ऑब्जेक्ट्स में कस्टम डेटा जोड़ा जा सकता है. कोशिश करके सबसे दूर की बुल्सआई तक पहुँचने के लिए गेंद की गति बढ़ाएँ.<br/><br/>'स्पीड वैल्यू' को खोजने और अपडेट करने और बॉल की स्पीड बदलने के लिए 'फ़िल्टर प्रॉपर्टीज़' बॉक्स में 'स्पीड' टाइप करें.,Kamu bisa menambahkan data kustom ke objek menggunakan atribut. Coba tambah kecepatan bola untuk mencoba mencapai titik pusat target terjauh.<br/><br/>Ketik 'Kecepatan' di kotak Properti Filter untuk mencari dan meng-update nilai Kecepatan dan mengubah kecepatan bola.,"Puoi aggiungere dati personalizzati agli oggetti utilizzando gli attributi. Aumentiamo la velocità della palla per cercare di raggiungere il bersaglio più lontano.<br/><br/>Digita ""Velocità"" nella casella Proprietà filtro per trovare e aggiornare il valore Velocità e modificare la velocità della palla.",属性を使用してオブジェクトにカスタムデータを追加できます。ボールの速度を上げて、一番遠い的に当てましょう。<br/><br/>プロパティの並べ替えのボックスに「速度」('Speed') と入力すると、速度の値を探して更新し、ボールの速度を変更します。,특성을 사용해 개체에 사용자 정의 데이터를 추가할 수 있습니다. 가장 멀리 있는 표적에 닿을 수 있도록 공의 속도를 올려볼까요?<br/><br/>필터 속성 상자에 '속도(Speed)'를 입력하여 속도값을 찾아 공의 속도를 업데이트하세요.,"Możesz dodawać do obiektów dane niestandardowe, używając atrybutów. Spróbujmy zwiększyć szybkość kuli, aby dotrzeć do najdalszego celu.<br/><br/>W polu Filtr właściwości wpisz „Speed”, aby wyszukać i zaktualizować wartość atrybutu Speed i zmienić szybkość kuli.",Você pode adicionar dados personalizados a objetos usando atributos. Vamos aumentar a velocidade da bola para tentar alcançar o alvo mais distante.<br/><br/>Digite 'Velocidade' na caixa de propriedades de filtro para encontrar e atualizar o valor da velocidade e mudar a velocidade da bola.,,"คุณสามารถเพิ่มข้อมูลแบบกำหนดเองให้กับวัตถุได้โดยใช้คุณลักษณะ มาเพิ่มความเร็วของลูกบอลเพื่อลองไปให้ถึงเป้าที่อยู่ไกลที่สุดกันเถอะ<br/><br/>พิมพ์ ""Speed"" ในกล่องกรองคุณสมบัติ เพื่อค้นหาและอัปเดตค่า Speed และเปลี่ยนแปลงความเร็วของลูกบอล","Nitelikleri kullanarak nesnelere özel veriler ekleyebilirsin. Topun hızını artırarak en uzaktaki hedefe ulaşmaya çalışalım.<br/><br/>Özellikleri filtrele kutusuna ""Hız"" yazarak maksimum hız değerini bulup güncellediğinde topun hızını değişir.",Bạn có thể thêm dữ liệu tùy chỉnh vào các đối tượng bằng cách sử dụng các thuộc tính. Hãy tăng tốc độ của bóng để cố gắng chạm đến mục tiêu xa nhất.<br/><br/>Nhập 'Speed' vào hộp Thuộc Tính Bộ Lọc để tìm và cập nhật giá trị Tốc Độ và thay đổi tốc độ của quả bóng.,,,您可以使用屬性為物件新增自訂資料。來提升球速，試著抵達最遠的中心點。<br/><br/>在篩選器屬性框輸入「Speed」來尋找並更新 Speed 的值以改變球的速度。
Studio.Tutorials.StudioTour3.topic_summary,,,Summary,Summary,الملخص,Zusammenfassung,Resumen,Résumé,समरी,Ringkasan,Sommario,概要,요약,Podsumowanie,Resumo,,ข้อมูลสรุป,Özet,Tóm Tắt,,,概要
Studio.Tutorials.StudioTour3.intro1_Description,,,"This tutorial will teach you how to create your first Roblox place! You'll learn how to control the camera, add objects to your experience, and playtest with your Roblox avatar.","This tutorial will teach you how to create your first Roblox place! You'll learn how to control the camera, add objects to your experience, and playtest with your Roblox avatar.",سيعلمك هذا الدرس التعليمي كيفية إنشاء أول مكان لك في Roblox! ستتعلم كيفية التحكم في الكاميرا وإضافة كائنات إلى تجربتك واختبار اللعب باستخدام أفاتار Roblox.,"In diesem Tutorial lernst du, wie du deinen ersten Roblox-Ort erstellst! Du lernst, wie du die Kamera steuerst, Objekte zu deiner Experience hinzufügst und das Spiel mit deinem Roblox-Avatar testest.","Este tutorial te enseñará a crear tu primer lugar en Roblox. Aprenderás cómo controlar la cámara, añadir objetos a tu experiencia y probarlos con tu avatar de Roblox.","Ce tutoriel t'apprendra à créer votre première place Roblox ! Tu apprendras à contrôler la caméra, à ajouter des objets à ton expérience et à jouer avec ton avatar Roblox.","यह ट्यूटोरियल आपको सिखाएगा कि पहला Roblox प्लेस कैसे बनाया जा सकता है! आप सीखेंगे कि कैमरे को कैसे कंट्रोल किया जाता है, अपने एक्सपीरिएंस में ऑब्जेक्ट्स कैसे जोड़े जाते हैं और अपने Roblox अवतार के साथ प्ले-टेस्ट कैसे किया जाता है.","Tutorial ini akan mengajarimu cara membuat tempat Roblox pertamamu! Kamu akan belajar cara mengontrol kamera, menambahkan objek ke pengalaman virtual, dan melakukan playtest dengan avatar Roblox kamu.","Questo tutorial ti insegnerà a creare il tuo primo posto Roblox! Imparerai come controllare la videocamera, aggiungere oggetti alla tua esperienza e testare il tuo avatar Roblox.",このチュートリアルでは、初めてのRobloxのプレース（場所）の作り方が学べます。カメラの操作方法、バーチャル空間へのオブジェクトの追加方法、Robloxアバターを使ったプレイテストについて学びます。,"이 튜토리얼을 통해 Roblox 플레이스 제작 방법에 대해 알아보세요! 카메라 제어 방법, 체험에 개체를 추가하고 Roblox 아바타로 플레이테스트를 수행하는 방법에 대해 배울 수 있습니다.","Z tego samouczka dowiesz się, jak stworzyć swoje pierwsze miejsce na platformie Roblox! Nauczysz się sterować kamerą, dodawać w projekcie obiekty i przetestujesz rozgrywkę z udziałem swojego awatara na platformie Roblox.","Este tutorial ensinará a criar seu primeiro local na Roblox! Você aprenderá como controlar a câmera, adicionar objetos à sua experiência e testar o jogo com seu avatar Roblox.",,"การทัวร์ครั้งนี้จะสอนวิธีสร้างสถานที่ใน Roblox แห่งแรกของคุณ! คุณจะได้เรียนรู้วิธีใช้งานการควบคุมมุมกล้อง, เพิ่มวัตถุไปยังประสบการณ์ของคุณ และการทดลองเล่นด้วยอวาตาร์ Roblox ของคุณ",Bu öğretici sana Roblox'taki ilk mekânını hazırlamayı öğretecek! Kamerayı nasıl kontrol edeceğini ve deneyimine nasıl nesne ekleyeceğini öğrenip Roblox avatarınla oynanış testi yapacaksın.,"Hướng dẫn này sẽ chỉ cho bạn cách tạo địa điểm Roblox đầu tiên! Bạn sẽ học cách điều khiển camera, thêm đối tượng vào trải nghiệm và chơi thử bằng avatar Roblox của bạn.",,,本教學會教導您該如何創作屬於自己的第一個 Roblox 空間！您會學到如何控制攝影機、新增物件到您的體驗，以及使用自己的 Roblox 虛擬人偶試玩。
Studio.Tutorials.StudioTour3.intro2_Title,,,Studio Tour,Studio Tour,جولة في Studio,Studio-Tour,Tour de Studio,Studio Tour,Studio टूर,Tur Studio,Tour di Studio,Studioの見学,Studio 투어,Wprowadzenie do Studio,Introdução ao Studio,,ทัวร์ Studio,Studio Turu,Khám Phá Nhanh Studio,,,Studio 導覽
Studio.Tutorials.StudioTour3.intro2_Description,,,Every Roblox project includes a place. This example place contains a carnival scene with a slide game. The aim of the game is to roll down the slide in a ball and hit the target.,Every Roblox project includes a place. This example place contains a carnival scene with a slide game. The aim of the game is to roll down the slide in a ball and hit the target.,يتضمن كل مشروع Roblox مكانًا. يحتوي هذا المكان على سبيل المثال على مشهد كرنفال مع لعبة زلاقة. الهدف من اللعبة هو دحرجة الكرة على الزلاقة وضرب الهدف.,"Zu jedem Roblox-Projekt gehört ein Ort. Dieser Beispielort enthält eine Karnevalsszene mit einem Rutschenspiel. Ziel des Spiels ist es, die Rutsche in einem Ball hinunterzurollen und das Ziel zu treffen.",Cada proyecto de Roblox incluye un lugar. Este lugar de ejemplo contiene una escena de carnaval con un juego de tobogán. El objetivo del juego es rodar por el tobogán en una bola y dar en la diana.,Chaque projet Roblox comprend un lieu. Cet exemple de lieu contient une scène de carnaval avec un jeu de toboggan. Le but du jeu est de dévaler le toboggan en boule et d'atteindre la cible.,"हर Roblox प्रोजेक्ट में एक प्लेस शामिल होता है. उदाहरण के तौर पर दिखाए गए इस प्लेस में स्लाइड गेम के साथ एक कार्निवल सीन शामिल है. गेम का मकसद है, बॉल के अंदर स्लाइड से लुढ़कना और लक्ष्य को हिट करना.",Setiap proyek Roblox disertai dengan tempat. Tempat contoh ini berisi adegan karnaval dengan game perosotan. Tujuan game ini adalah meluncur turun dalam bola dan mengenai target.,Ogni progetto Roblox include un posto. Il luogo dell'esempio contiene una scena di carnevale con un gioco di scivolamento. Lo scopo di quest'ultimo è rotolare nello scivolo all'interno di una sfera e colpire il bersaglio.,すべてのRobloxのプロジェクトには、プレース（場所）があります。このプレースの例には、すべり台ゲームがついたカーニバルのシーンが含まれています。ゲームの目標は、すべり台にボールを転がして、的に当てることです。,모든 Roblox 프로젝트에는 플레이스가 있습니다. 이 플레이스 예시에는 카니발 씬과 미끄럼틀 게임이 있습니다. 이 게임의 목표는 공으로 미끄럼틀을 타고 내려가 표적을 맞히는 것입니다.,Częścią każdego projektu na platformie Roblox jest miejsce. W miejscu z tego przykładu obejmuje scenę karnawałową i grę ze zjeżdżalnią. Celem jest stoczenie się w kuli ze zjeżdżalni i trafienie w cel.,Cada projeto Roblox inclui um local. Este exemplo contém uma cena de parque de diversões com um jogo de deslizar. O objetivo do jogo é rolar uma bola no deslizador e acertar o alvo.,,ทุกโปรเจ็กต์ Roblox จะประกอบด้วยสถานที่หนึ่ง นี่คือสถานที่ตัวอย่างที่มีฉากงานคาร์นิวัลที่มีเกมสไลด์ เป้าหมายของเกมคือการกลิ้งลงไปตามสไลด์ในลูกบอลแล้วไปชนเป้าหมาย,"Her Roblox projesinin bir mekânı olur. Bu örnek, kaydırak oyunlu bir karnaval sahnesi içeriyor. Oyunun amacı, topun içerisinde kaydıraktan kayıp hedefi vurmak.",Mỗi dự án Roblox đều chứa một địa điểm. Địa điểm mẫu này có một cảnh tượng lễ hội với trò chơi cầu trượt. Mục tiêu của trò chơi là lăn xuống cầu trượt trong một quả bóng và đánh trúng mục tiêu.,,,每個 Roblox 專案都含有一個空間。此範例空間含有一個滑動遊戲的嘉年華場景。遊戲的宗旨是在球裡滾下滑梯並擊中目標。
Studio.Tutorials.StudioTour3.moveCamera_Title,,,Moving the Camera,Moving the Camera,تحريك الكاميرا,Die Kamera bewegen,Mover la cámara,Déplacement de la caméra,कैमरे को मूव करना,Menggerakkan Kamera,Spostamento della videocamera,カメラを動かす,카메라 이동,Poruszanie kamerą,Movendo a câmera,,การขยับกล้อง,Kamera hareketi,Di Chuyển Camera,,,移動攝影機
Studio.Tutorials.StudioTour3.complete_Title,,,Complete the tour,Complete the tour,إكمال الجولة,Tour abschließen,Completa el tour,Terminer la visite,टूर पूरा करें,Selesaikan tur,Completa il tour,見学を終了する,투어 완료,Zakończenie wprowadzenia,Complete a Introdução,,เสร็จสิ้นการทัวร์,Turu tamamla,Hoàn thành hướng dẫn nhanh,,,完成導覽
Studio.Tutorials.StudioTour3.moveCamera_Compliment,,,Nice 👍,Nice 👍,جميل 👍,Toll 👍,Bien 👍,Bien 👍,बहुत खूब 👍,Bagus 👍,Niente male 👍,ナイス 👍,멋져요 👍,Nieźle 👍,Bom 👍,,เจ๋ง 👍,Güzel 👍,Tốt 👍,,,很棒 👍
Studio.Tutorials.StudioTour3.rotate_Compliment,,,Nice 👍,Nice 👍,جميل 👍,Toll 👍,Bien 👍,Bien 👍,बहुत खूब 👍,Bagus 👍,Niente male 👍,ナイス 👍,멋져요 👍,Nieźle 👍,Legal 👍,,เจ๋ง 👍,Güzel 👍,Tốt 👍,,,很棒 👍
Studio.Tutorials.StudioTour3.scale_Title,,,Scale,Scale,تغيير الحجم,Skalieren,Escalar,Mettre à l'échelle,स्केल करें,Skala,Ridimensiona,拡大/縮小,스케일,Skalowanie,Dimensionamento,,ปรับขนาด,Ölçeklendirme,Đổi Tỷ Lệ,,,縮放
Studio.Tutorials.StudioTour3.moveCamera_Description,,,"Use the <b>W</b>, <b>A</b>, <b>S</b> & <b>D</b> keys to move forwards, left, backwards and right. Try it out now!","Use the <b>W</b>, <b>A</b>, <b>S</b> & <b>D</b> keys to move forwards, left, backwards and right. Try it out now!",استخدم مفاتيح <b>W </b>، و<b>A</b>، و<b>S</b>، و<b>D</b> للتحرك للأمام ولليسار وللخلف ولليمين. جرِّبها الآن!,"Benutze die Tasten <b>W</b>, <b>A</b>, <b>S</b> & <b>D</b>, um dich vorwärts, nach links, rückwärts und nach rechts zu bewegen. Probiere es jetzt aus!","Usa las teclas <b>W</b>, <b>A</b>, <b>S</b> y <b>D</b> para moverte hacia adelante, hacia atrás, a la izquierda y a la derecha. ¡Pruébalas ya!","Utilise les touches <b>W</b>, <b>A</b>, <b>S</b> & <b>D</b> pour avancer, aller à gauche, aller en arrière et aller à droite. Essaie !","आगे, बाएँ पीछे और दाएँ जाने के लिए <b>W</b>, <b>A</b>, <b>S</b> और <b>D</b> की (Key) का इस्तेमाल करें. अभी करके देखें!","Gunakan tombol <b>W</b>, <b>A</b>, <b>S</b>, & <b>D</b> untuk bergerak ke depan, kiri, belakang, dan kanan. Coba sekarang!","Usa i tasti <b>W</b>, <b>A</b>, <b>S</b> e <b>D</b> per spostarti avanti, a sinistra, indietro e a destra. Prova subito!",[<b>W</b>]、[<b>A</b>]、[<b>S</b>] そして [<b>D</b>] キーを使って、前、左、後ろ、右に移動させます。今すぐ試してみましょう！,"<b>W</b>, <b>A</b>, <b>S</b>, <b>D</b> 키를 사용하면 앞, 왼쪽, 뒤, 오른쪽으로 이동할 수 있습니다. 지금 바로 사용해 보세요!","Użyj klawiszy <b>W</b>, <b>A</b>, <b>S</b> i <b>D</b>, aby poruszać kamerą do przodu, w lewo, do tyłu i w prawo. Spróbuj teraz!","Use as teclas <b>W</b>, <b>A</b>, <b>S</b> e <b>D</b> para se mover para frente, para a esquerda, para trás e para a direita. Experimente agora!",,"ใช้ปุ่ม <b>W</b>, <b>A</b>, <b>S</b> และ <b>D</b> เพื่อการเคลื่อนไหวไปด้านหน้า, ซ้าย, ถอยหลัง และขวา ลองดูเลยสิ!","İleri, sola, geri ve sağa gitmek için sırasıyla <b>W</b>, <b>A</b>, <b>S</b> ve <b>D</b> tuşlarını kullan. Hemen dene!","Sử dụng các phím <b>W</b>, <b>A</b>, <b>S</b> & <b>D</b> để di chuyển về phía trước, sang trái, lùi lại và sang phải. Hãy thử ngay!",,,使用 <b>W</b>、<b>A</b>、<b>S</b> 與 <b>D</b> 鍵前後左右移動。立刻試試吧！
Studio.Tutorials.StudioTour3.panCamera_Title,,,Moving the Camera,Moving the Camera,تحريك الكاميرا,Die Kamera bewegen,Mueve la cámara,Déplacement de la caméra,कैमरे को मूव करना,Menggerakkan Kamera,Spostamento della videocamera,カメラを動かす,카메라 이동,Poruszanie kamerą,Movendo a câmera,,การขยับกล้อง,Kamera hareketi,Di Chuyển Camera,,,移動攝影機
Studio.Tutorials.StudioTour3.panCamera_Compliment,,,Keep it up!,Keep it up!,استمر!,Weiter so!,¡Sigue así!,Continue comme ça !,शाबाश!,Lanjutkan kerja bagusmu!,Continua così!,その調子！,힘을 내요!,Tak trzymaj!,Continue assim!,,ทำต่อไป!,Böyle devam!,Cố lên!,,,繼續加油！
Studio.Tutorials.StudioTour3.panCamera_Description,,,Use the <b>E</b> and <b>Q</b> keys to pan up and down.,Use the <b>E</b> and <b>Q</b> keys to pan up and down.,استخدم مفتاحي <b>E</b>، و<b>Q</b> للتحريك لأعلى ولأسفل.,"Benutze die Tasten <b>E</b> und <b>Q</b>, um nach oben und unten zu schwenken.",Usa las teclas <b>E</b> y <b>Q</b> para mover hacia arriba y hacia abajo.,Utilise les touches <b>E</b> et <b>Q</b> pour faire un panoramique vers le haut et le bas.,ऊपर और नीचे पैन करने के लिए <b>E</b> और <b>Q</b> की (key) का इस्तेमाल करें.,Gunakan tombol <b>E</b> dan <b>Q</b> untuk mengarahkan kamera ke atas dan ke bawah.,Usa i tasti <b>E</b> e <b>Q</b> per guardare su e giù.,[<b>E</b>] と [<b>Q</b>] キーを使って上下にパン（首振り）します。,"<b>E</b>, <b>Q</b> 키를 사용하면 위아래로 이동할 수 있습니다.","Użyj klawiszy <b>E</b> i <b>Q</b>, aby poruszać nią w górę i w dół.",Use as teclas <b>E</b> e <b>Q</b> para mover a câmera para cima e para baixo.,,ใช้ปุ่ม <b>E</b> และ <b>Q</b> เพื่อแพนกล้องขึ้นและลง,Yukarı ve aşağı kaydırmak için <b>E</b> ve <b>Q</b> tuşlarını kullan.,Sử dụng phím <b>E</b> và <b>Q</b> để di chuyển camera hướng lên và xuống.,,,使用 <b>E</b> 與 <b>Q</b> 鍵上下平移。
Studio.Tutorials.StudioTour3.focus_Description,,,"With the Ball selected, press F to move the camera to look at it.","With the Ball selected, press F to move the camera to look at it.","مع تحديد الكرة، اضغط على ""F"" لتحريك الكاميرا للنظر إليها.","Wenn der Ball ausgewählt ist, drücke F, um die Kamera auf den Ball zu richten.","Con la bola seleccionada, presiona F para mover la cámara y mirarla.","Lorsque la balle est sélectionnée, appuyez sur F pour déplacer la caméra pour la regarder.","बॉल चुनने के बाद, इसे देखने के लिए कैमरे को मूव करने के लिए 'F' दबाएँ.","Saat Bola dipilih, tekan F untuk menggerakkan kamera dan melihatnya.","Mentre la sfera è selezionata, premi F per spostare la visuale della videocamera su di essa.",ボールが選択済みの状態で [F] キーを押してカメラを動かして、見てください。,공을 선택한 상태에서 F를 누르면 카메라가 이동해 공을 볼 수 있습니다.,"Po zaznaczeniu kuli naciśnij klawisz F, aby wyśrodkować na niej widok z kamery.","Com a bola selecionada, pressione F para mover a câmera para olhar para ela.",,เมื่อเลือกลูกบอลแล้ว ให้กด F เพื่อขยับกล้องไปมองดูที่ลูกบอล,Top seçiliyken F tuşuna basarak kameranın topa bakmasını sağla.,"Với quả Bóng được chọn, nhấn F để di chuyển camera hướng vào xe.",,,選中球之後，按下 F 鍵使攝影機轉向它。
Studio.Tutorials.StudioTour3.zoomCamera_Title,,,Zooming the Camera,Zooming the Camera,تكبير الكاميرا,Rein- und rauszoomen,Acerca y aleja la cámara,Zoom de la caméra,कैमरे को ज़ूम करना,Memperbesar/Memperkecil Gambar Sorotan Kamera,Zoom della videocamera,カメラのズーム,카메라 줌 사용,Zbliżanie/oddalanie kamery,Aproximando ou afastando a câmera,,การซูมกล้อง,Kamerayı yakınlaştırma,Thu/Phóng Camera,,,縮放攝影機
Studio.Tutorials.StudioTour3.playtest_Title,,,Playtest,Playtest,اختبار اللعب,Spiel testen,Prueba el juego,Test de jeu,प्ले-टेस्ट,Playtest,Test di giocabilità,プレイテスト,플레이테스트,Test rozgrywki,Teste de jogo,,การทดลองเล่น,Oynanış Testi,Chơi Thử,,,試玩
Studio.Tutorials.StudioTour3.move_Title,,,Move,Move,تحريك,Verschieben,Mover,Déplacer,मूव करें,Gerakkan,Sposta,移動,이동,Przenoszenie,Mover,,ย้าย,Taşıma,Di Chuyển,,,移動
Studio.Tutorials.StudioTour3.zoomCamera_Description,,,Zoom in and out by scrolling with your mouse wheel or trackpad.,Zoom in and out by scrolling with your mouse wheel or trackpad.,قم بالتكبير والتصغير عن طريق التمرير باستخدام عجلة الفأرة أو لوحة اللمس.,"Vergrößere und verkleinere das Bild, indem du mit dem Mausrad oder dem Trackpad scrollst.",Acerca y aleja desplazándote con la rueda del ratón o el trackpad.,Zoom en avant et en arrière en faisant défiler la souris avec la molette ou le pavé tactile.,अपने माउस व्हील या ट्रैकपैड से स्क्रोल करके ज़ूम इन और आउट करें.,Perbesar dan perkecil gambar sorotan kamera dengan menggulirkan roda mouse atau trackpad.,Aumenta e diminuisci lo zoom scorrendo con la rotellina del mouse o il trackpad.,マウスホイールまたはトラックパッドでスクロールしてズームインとズームアウトします。,마우스 휠이나 트랙패드로 스크롤하면 줌을 이용해 확대 또는 축소할 수 있습니다.,"Zbliżaj i oddalaj kamerę, używając kółka myszy lub trackpada.",Aproxime e afaste a câmera rolando com a roda do mouse ou o trackpad.,,ซูมเข้าและออกโดยการเลื่อนวงล้อเมาส์หรือแทร็กแพดของคุณ,Yakınlaşmak ve uzaklaşmak için fare tekerleğini ya da dokunmatik fareyi kullan.,Thu phóng bằng cách cuộn con lăn chuột hoặc bàn di chuột.,,,藉由捲動滑鼠滾輪或觸控板進行縮放。
Studio.Tutorials.StudioTour3.rotateCamera_Title,,,Rotating the Camera,Rotating the Camera,تدوير الكاميرا,Die Kamera drehen,Gira la cámara,Faire pivoter la caméra,कैमरे को रोटेट करना,Memutar Kamera,Rotazione della videocamera,カメラの回転,카메라 회전,Obracanie kamery,Girando a câmera,,การหมุนกล้อง,Kamerayı döndürme,Xoay Camera,,,旋轉攝影機
Studio.Tutorials.StudioTour3.rotateCamera_Compliment,,,Got it 💪,Got it 💪,حسنًا 💪,Geschafft 💪,¡Bien hecho! 💪,J'ai compris 💪,ठीक है 💪,Kamu bisa 💪,Capito 💪,了解 💪,그렇죠 💪,Dajesz radę 💪,Entendi 💪,,เข้าใจแล้ว 💪,Kaptın 💪,Đã hiểu 💪,,,搞定 💪
Studio.Tutorials.StudioTour3.topic_attributes,,,Attributes,Attributes,السمات,Attribute,Atributos,Attributs,एट्रिब्यूट्स,Atribut,Attributi,属性,특성,Atrybuty,Atributos,,คุณลักษณะ,Nitelikler,Đặc Điểm,,,屬性
Studio.Tutorials.StudioTour3.rotateCamera_Description,,,"Hold down the right mouse button or Ctrl key and left mouse button, then move your mouse to turn the camera around","Hold down the right mouse button or Ctrl key and left mouse button, then move your mouse to turn the camera around",اضغط باستمرار على زر الفأرة الأيمن أو مفتاح Ctrl وزر الفأرة الأيسر، ثم حرك الفأرة لتدوير الكاميرا,"Halte die rechte Maustaste oder die Strg-Taste und die linke Maustaste gedrückt und bewege dann deine Maus, um die Kamera zu drehen.","Mantén presionado el botón derecho del ratón o la tecla Ctrl y el botón izquierdo del ratón, luego mueve tu ratón para girar la cámara","Maintenir enfoncé le bouton droit de la souris ou la touche Ctrl et le bouton gauche de la souris, puis déplacer la souris pour déplacer la caméra","माउस का दायाँ बटन या Ctrl की (Key) और माउस का बायाँ बटन दबाए रखें, फिर कैमरे को चालू करने के लिए अपना माउस हिलाएँ","Tahan tombol kanan mouse atau tombol Ctrl dan tombol kiri mouse, lalu gerakkan mouse untuk memutar kamera","Tieni premuto il pulsante destro del mouse o il tasto Ctrl, quindi muovi il mouse per ruotare la videocamera",右マウスボタンか [Ctrl] キーを長押ししてマウスを動かしてカメラを回転,마우스 오른쪽 버튼 또는 Ctrl 키와 마우스 왼쪽 버튼을 누른 상태에서 마우스를 움직이면 카메라를 회전할 수 있습니다,"Przytrzymaj prawy przycisk myszy lub klawisz Ctrl i lewy przycisk myszy, a następnie porusz myszą, aby obracać kamerą","Mantenha pressionado o botão direito do mouse ou a tecla Ctrl e o botão esquerdo do mouse, depois mova o mouse para virar a câmera",,"กดปุ่มเมาส์ขวา หรือปุ่ม Crtl และปุ่มเมาส์ซ้ายค้างไว้ จากนั้นขยับเมาส์ของคุณ เพื่อหัน
กล้องไปรอบๆ",Kamerayı döndürmek için sağ fare düğmesini ya da Ctrl tuşunu ve sol fare düğmesini basılı tut ve fareni hareket ettir,"Giữ nút chuột phải hoặc phím Ctrl và nút chuột trái, sau đó di chuyển chuột để xoay camera",,,按住滑鼠右鍵或 Ctrl 鍵與滑鼠左鍵，然後移動您的滑鼠旋轉攝影機
Studio.Tutorials.StudioTour3.marketplace_Title,,,Creator Store,Creator Store,متجر المصمم,Creator Store,Tienda de creadores,Boutique du créateur,क्रिएटर स्टोर,Toko Kreator,Negozio creatore,クリエーターストア,크리에이터 상점,Sklep dla twórców,Loja do Criador,,ร้านค้าครีเอเตอร์,Yaratıcı Mağazası,Cửa Hàng Nhà Sáng Tạo,创作者商店,创作者商店,創作者商店
Studio.Tutorials.StudioTour3.move_Compliment,,,Great!,Great!,رائع!,Großartig!,¡Genial!,Super!,बहुत अच्छे!,Mantap!,Ottimo!,すばらしい！,대단해요!,Świetnie!,Ótimo!,,เยี่ยม!,Harika!,Tuyệt Vời!,,,好棒！
Studio.Tutorials.StudioTour3.marketplace_Description,,,The Creator Store contains assets that you can add to your place.<br/><br/>You can find assets in Studio using the Toolbox.,The Creator Store contains assets that you can add to your place.<br/><br/>You can find assets in Studio using the Toolbox.,يحتوي متجر المصمم على أصول يمكنك إضافتها إلى مكانك.<br/><br/>يمكنك العثور على الأصول في Studio باستخدام صندوق الأدوات.,"Der Creator Store enthält Objekte, die du zu deinem Ort hinzufügen kannst.<br/><br/>Die Objekte findest du in Studio über die Toolbox.",La Tienda de creadores contiene recursos que puedes agregar a tu lugar.<br/><br/>Puedes encontrarlos en Studio usando la Caja de herramientas.,La Boutique Creator contient des contenus que vous pouvez ajouter à votre espace.<br/><br/>Vous pouvez trouver des contenus dans Studio à l'aide de la Boîte à outils.,"क्रिएटर स्टोर में ऐसे ऐसेट होते हैं, जो आपके प्लेस में जोड़े जा सकते हैं.<br/><br/>आपको टूलबॉक्स का इस्तेमाल करके Studio में ऐसेट मिल सकते हैं.",Toko Kreator berisi aset yang bisa kamu tambahkan ke tempatmu.<br/><br/>Kamu bisa mencari aset di Studio menggunakan Toolbox.,Il Negozio creatore contiene risorse che puoi aggiungere al tuo posto.<br/><br/>Le trovi nel Toolbox di Studio.,クリエーターストアには、プレースに追加できるアセットが含まれています。<br/><br/>ツールボックスを使用してStudioでアセットを見つけることができます。,플레이스에 추가할 수 있는 애셋을 크리에이터 상점에서 찾아볼 수 있습니다.<br/><br/>도구 상자를 사용해 Studio에서 애셋을 찾을 수 있습니다.,"W sklepie dla twórców znajdziesz zasoby, które możesz dodać do tworzonego miejsca.<br/><br/>Dostęp do zasobów w Studio uzyskasz za pomocą przybornika.",A Loja do Criador contém ativos que você pode adicionar ao seu local.<br/><br/>Você pode encontrar ativos no Studio usando a Caixa de ferramentas.,,ร้านค้าครีเอเตอร์มีทรัพยากรที่คุณสามารถเพิ่มไปยังสถานที่ของคุณได้<br/><br/>คุณสามารถหาทรัพยากรได้ใน Studio โดยการใช้กล่องเครื่องมือ,Yaratıcı Mağazası'nda mekânına ekleyebileceğin varlıklar bulunur.<br/><br/>Araç Kutusu ile Studio'da varlık bulabilirsin.,Cửa Hàng Nhà Sáng Tạo chứa các tài nguyên mà bạn có thể thêm vào địa điểm của mình.<br/><br/>Bạn có thể tìm tài nguyên trong Studio bằng cách sử dụng Hộp Công Cụ.,创作者商店中包含你可以添加至场景中的素材。<br/><br/>你可以使用工具箱在 Studio 中发现素材。,创作者商店中包含你可以添加至场景中的素材。<br/><br/>你可以使用工具箱在 Studio 中发现素材。,創作者商店包含您可新增至空間中的素材。<br/><br/>透過使用工具箱，您可以在 Studio 中發現素材。
Studio.Tutorials.StudioTour3.color_Compliment,,,Awesome pick 🎉,Awesome pick 🎉,اختيار رائع 🎉,Tolle Wahl 🎉,Excelente elección 🎉,Bon choix 🎉,बहुत बढ़िया रंग चुना 🎉,Pilihan bagus 🎉,Ottima scelta 🎉,ナイスチョイス 🎉,멋진 선택이에요 🎉,Znakomity wybór 🎉,Ótima escolha 🎉,,เลือกได้เจ๋ง 🎉,Harika seçim 🎉,Lựa chọn tuyệt vời 🎉,,,選得好！ 🎉
Studio.Tutorials.StudioTour3.searchMarketplace_Title,,,Search the Creator Store,Search the Creator Store,البحث في متجر المصمم,Suche im Creator Store,Buscar en la Tienda de creadores,Rechercher dans la Boutique Créateur,क्रिएटर स्टोर सर्च करें,Cari Toko Kreator,Cerca nel Negozio creatore,クリエーターストアでサーチ,크리에이터 상점 탐색,Wyszukaj w sklepie dla twórców,Procurando na loja do Criador,,ค้นหาร้านค้าครีเอเตอร์,Yaratıcı Mağazası'nda Ara,Tìm kiếm Cửa Hàng Nhà Sáng Tạo,搜索创作者商店,搜索创作者商店,搜尋創作者商店
Studio.Tutorials.StudioTour3.searchMarketplace_Description,,,Let's insert a ball that players can use to roll down the slide. Try typing 'ball' in the search bar.,Let's insert a ball that players can use to roll down the slide. Try typing 'ball' in the search bar.,"لنُدخل كرة يمكن للاعبين استخدامها للدحرجة على الزلاقة. حاول كتابة ""كرة"" في شريط البحث.","Fügen wir einen Ball ein, in dem die Spieler die Rutsche hinunterrollen können. Gib in der Suchleiste 'Ball' ein.",Insertemos una ola que los jugadores pueden utilizar para rodar por el tobogán. Prueba a escribir 'bola' en la barra de búsqueda.,Insérons une balle que les joueurs peuvent utiliser pour faire rouler le toboggan. Essaie de taper « balle » dans la barre de recherche.,"आइए एक बॉल इन्सर्ट करें, जिसका इस्तेमाल खिलाड़ी स्लाइड से लुढ़कने के लिए कर सकते हैं. सर्च बार में 'बॉल' टाइप करने की कोशिश करें.","Ayo, masukkan bola yang dapat digunakan pemain untuk meluncur turun di perosotan. Coba ketik 'bola' di bilah pencarian.","Inseriamo una sfera che i giocatori possono usare per rotolare giù dallo scivolo. Prova a digitare ""sfera"" nella barra di ricerca.",プレイヤーがすべり台に転がせるボールを挿入しましょう。サーチバーに「ボール」と入力してみてください。,플레이어들이 미끄럼틀을 내려갈 때 사용할 공을 삽입해 볼까요? 검색 막대에 '공'이라고 입력해 보세요.,"Wstawimy teraz kulę, w której użytkownicy mogą stoczyć się zjeżdżalni. Spróbuj wpisać „kula” lub „ball”na pasku wyszukiwania.","Vamos inserir uma bola que os jogadores podem usar para rolar no deslizador. Tente digitar ""bola"" na barra de pesquisa.",,"มาแทรกลูกบอลที่ผู้เล่นสามารถใช้กลิ้งลงไปตามสไลด์ได้กันเถอะ ลองพิมพ์ว่า ""ลูกบอล"" ในแถบการค้นหาดูสิ","Oyuncuların kaydıraktan kaymak için kullanacağı bir top ekleyelim. Arama çubuğuna ""top"" yazmayı dene.",Hãy chèn một quả bóng để người chơi có thể sử dụng và lăn xuống đường trượt. Hãy thử nhập 'bóng' vào thanh tìm kiếm.,,,插入一顆球，讓玩家用於在滑梯滾動。在搜尋欄輸入「球 (ball)」。
Studio.Tutorials.StudioTour3.insertMarketplace_Description,,,Click on the ball tile to insert it into your place.,Click on the ball tile to insert it into your place.,اضغط على لوحة الكرة لإدخالها في مكانك.,"Klicke auf die Kachel des Balls, um sie in deinen Ort einzufügen.",Haz clic en la bola para insertarla en tu lugar.,Clique sur le pavé de la balle pour l'insérer dans ton emplacement.,इसे अपने प्लेस में डालने के लिए बॉल टाइटल पर क्लिक करें.,Klik ubin bola untuk memasukkannya ke tempatmu.,Clicca sulla piastrella della sfera per inserirla all'interno del posto.,ボールのタイルをクリックしてプレースに挿入します。,공 타일을 클릭해 플레이스에 삽입하세요.,"Kliknij kulę, aby wstawić ją w swoim miejscu.",Clique no ladrilho da bola para inseri-la no seu local,,คลิกที่ช่องของลูกบอล เพื่อแทรกเข้าไปในสถานที่ของคุณ,Mekânına eklemek için topun karosuna tıkla.,Nhấn vào ô của bóng để chèn xe vào địa điểm của bạn.,,,按下球的磚塊以將其插入您的空間。
Studio.Tutorials.StudioTour3.insertMarketplace_Compliment,,,Great Job 🎉,Great Job 🎉,عمل رائع 🎉,Gute Arbeit 🎉,¡Gran trabajo! 🎉,Excellent travail 🎉,बहुत अच्छे 🎉,Kerja Bagus 🎉,Ottimo lavoro 🎉,素晴らしい 🎉,훌륭해요 🎉,Świetna robota 🎉,Ótimo trabalho 🎉,,ทำได้เยี่ยม 🎉,İyi iş 🎉,Tốt Lắm 🎉,,,做得好 🎉
Studio.Tutorials.StudioTour3.playtest_Description,,,Click the Play button to playtest rolling down the slide in the ball you inserted. Your avatar will appear in the 3D world.,Click the Play button to playtest rolling down the slide in the ball you inserted. Your avatar will appear in the 3D world.,اضغط على زر التشغيل لاختبار اللعب بالتدحرج على الزلاقة في الكرة التي أدخلتها. ستظهر صورة أفاتارك في العالم ثلاثي الأبعاد.,"Klicke auf die Schaltfläche 'Spielen', um zu testen, wie du mit dem eingefügten Ball die Rutsche hinunterrollen kannst. Dein Avatar wird in der 3D-Welt erscheinen.",Haz clic en el botón Jugar para probar a rodar por el tobogán con la bola que insertaste. Tu avatar aparecerá en el mundo 3D.,Clique sur le bouton Jouer pour tester la descente du toboggan avec la balle que tu as insérée. Ton avatar apparaîtra dans le monde en 3D.,"प्ले बटन पर क्लिक करके, स्लाइड से नीचे लुढ़काने के लिए डाली गई बॉल को प्ले-टेस्ट करें. आपका अवतार 3D दुनिया में दिखाई देगा.",Klik tombol Main untuk memulai playtest berguling turun dalam bola yang kamu masukkan. Avatarmu akan muncul di dunia 3D.,Clicca sul pulsante Riproduci per eseguire il test di giocabilità e rotolare lungo lo scivolo nella sfera che hai inserito. Il tuo avatar apparirà nel mondo 3D.,挿入したボールをすべり台で転がすプレイテストをするには、プレイボタンをクリックします。アバターが3D世界に表示されます。,플레이 버튼을 클릭해 삽입한 공으로 미끄럼틀을 내려가는 것을 테스트해 보세요. 내 아바타가 3D 월드에 나타납니다.,"Kliknij przycisk uruchamiający rozgrywkę, aby przetestować staczanie się ze zjeżdżalni we wstawionej przez ciebie kuli. Twój awatar pojawi się w trójwymiarowym świecie.",Clique no botão Jogar para reproduzir o deslizamento na bola que você inseriu. Seu avatar aparecerá no mundo 3D.,,คลิกที่ปุ่มเล่น เพื่อทดลองเล่นการกลิ้งลงมาตามสไลด์ในลูกบอลที่คุณได้ใส่เข้ามา อวาตาร์ของคุณจะปรากฏในโลก 3D,Eklediğin topla kaydıraktan kaymayı test etmek için Oyna düğmesine tıkla. Avatarın 3B dünyada belirecek.,Nhấn vào nút Chơi để chơi thử khả năng lăn xuống cầu trượt trong quả bóng mà bạn đã chèn. Avatar của bạn sẽ xuất hiện trong thế giới 3D.,,,按一下「遊玩」按鈕來試玩用您插入的球從滑梯向下滾動。您的虛擬人偶將在 3D 世界中顯示。
Studio.Tutorials.StudioTour3.avatar_Title,,,Control your avatar,Control your avatar,تحكّم في أفاتارك,Deinen Avatar steuern,Controla tu avatar,Contrôler ton avatar,अपने अवतार को कंट्रोल करें,Kontrol avatarmu,Controlla il tuo avatar,アバター操作,아바타 제어,Sterowanie awatarem,Controle seu avatar,,การควบคุมอวาตาร์ของคุณ,Avatarını kontrol et,Điều khiển avatar của bạn,,,控制您的虛擬人偶
Studio.Tutorials.StudioTour3.avatar_Compliment,,,Go for it! 🏎,Go for it! 🏎,انطلق! 🏎,Auf geht's! 🏎,¡Ve por ello! 🏎,Vas-y ! 🏎,आगे बढ़िए! 🏎,"Ayo, coba! 🏎",Dacci dentro! 🏎,がんばって！ 🏎,힘내세요! 🏎,Do dzieła! 🏎,Vá em frente! 🏎,,ลุยกันเลย! 🏎,Hadi! 🏎,Chiến thôi! 🏎,,,加油！ 🏎
Studio.Tutorials.StudioTour3.topic_navigation,,,Navigation,Navigation,التنقل,Navigation,Navegación,Navigation,नेविगेशन,Navigasi,Navigazione,ナビゲーション,탐색,Nawigacja,Navegação,,การนำทาง,Gezinme,Điều Hướng,,,導航
Studio.Tutorials.StudioTour3.avatar_Description,,,"Control your avatar with the <b>W</b>, <b>A</b>, <b>S</b> & <b>D</b> keys. Press <b>E</b> to climb into the ball when you are near it. Once you're in the ball, move towards the slide and roll down it!","Control your avatar with the <b>W</b>, <b>A</b>, <b>S</b> & <b>D</b> keys. Press <b>E</b> to climb into the ball when you are near it. Once you're in the ball, move towards the slide and roll down it!",تحكم في أفاتارك باستخدام مفاتيح <b>W</b>، و<b>A</b>، و<b>S</b>، و<b>D</b>. اضغط على مفتاح <b>E</b> للصعود إلى الكرة عندما تكون بالقرب منها. وبمجرد أن تكون في الكرة، تحرك نحو الزلاقة وتدحرج لأسفل!,"Steuere deinen Avatar mit den Tasten <b>W</b>, <b>A</b>, <b>S</b> & <b>D</b>. Drücke <b>E</b>, um in den Ball zu klettern, wenn du in seiner Nähe bist. Sobald du im Ball bist, beweg dich auf die Rutsche zu und rolle sie hinunter!","Controla tu avatar con el <b>W</b>, <b>A</b>, Teclas <b>S</b> & <b>D</b> . Presiona <b>E</b> para subirte a la bola cuando estés cerca de ella. Una vez que estés en ella, muévete hacia el tobogán y deslízate hacia abajo.","Contrôle ton avatar avec les touches <b>W</b>, <b>A</b>, <b>S</b> & <b>D</b>. Appuie sur <b>E</b> pour monter dans la balle lorsque tu es près de celle-ci. Une fois que tu es dans la balle, déplace-toi vers le toboggan et roule dessus !"," <b>W</b>, <b>A</b>, <b>S</b> और <b>D</b> की (key) के साथ अपने अवतार को कंट्रोल करें. जब आप बॉल के पास हों, तो उसमें चढ़ने के लिए<b>E</b> दबाएँ. बॉल में जाने के बाद, स्लाइड की ओर बढ़ें और इसे नीचे लुढ़काएँ!","Kontrol avatarmu dengan tombol <b>W</b>, <b>A</b>, <b>S</b>, & <b>D</b>. Tekan <b>E</b> untuk masuk ke dalam bola saat kamu berada di dekatnya. Setelah berhasil masuk ke dalam bola, bergeraklah maju menuju perosotan dan bergulinglah turun!","Controlla il tuo avatar con i tasti <b>W</b>, <b>A</b>, <b>S</b> e <b>D</b>. Premi <b>E</b> per entrare nella sfera quando è vicina. Una volta dentro, muoviti verso lo scivolo e rotola giù!",[<b>W</b>]、[<b>A</b>]、[<b>S</b>]、[<b>D</b>] キーを使用してアバターを操作します。[<b>E</b>] を押して、近くに来たボールに登ります。ボールに入ったら、すべり台をすべります。,"<b>W</b>, <b>A</b>, <b>S</b> & <b>D</b>키로 아바타를 제어하세요. 공 근처에서 <b>E</b>키를 눌러 공 안으로 들어가세요. 공 안에 들어갔다면 미끄럼틀 쪽으로 이동해 미끄럼틀을 타세요!","Steruj awatarem, używając klawiszy <b>W</b>, <b>A</b>, <b>S</b> i <b>D</b>. Naciśnij klawisz <b>E</b>, aby wejść do wnętrza kuli, gdy znajdziesz się blisko niej. Gdy będziesz w środku, przemieść się w stronę zjeżdżalni, aby się po niej stoczyć!","Controle seu avatar com as teclas <b>W</b>, <b>A</b>, <b>S</b> e <b>D</b>. Pressione <b>E</b> para subir na bola quando estiver perto dela. Assim que você estiver na bola, mova-se em direção ao deslizador e faça rolar!",,"ควบคุมอวาตาร์ของคุณด้วยปุ่ม <b>W</b>, <b>A</b>, <b>S</b> และ <b>D</b> กด <b>E</b> เพื่อปืนเข้าไปในลูกบอลเมื่อคุณอยู่ใกล้ลูกบอล เมื่ออยู่ในลูกบอลแล้ว ให้ขยับไปที่สไลด์ แล้วกลิ้งลงมาเลย!","<b>W</b>, <b>A</b>, <b>S</b> ve <b>D</b> tuşlarını kullanarak avatarını kontrol et. Topun yakınındaysan içine girmek için <b>E</b> tuşunu kullan. Topa girdiğinde kaydırağa doğru git ve kay!","Điều khiển avatar của bạn bằng các phím <b>W</b>, <b>A</b>, <b>S</b> & <b>D</b>. Nhấn <b>E</b> để trèo vào quả bóng khi bạn ở gần bóng. Khi bạn đã vào bên trong quả bóng, hãy di chuyển về phía cầu trượt và lăn xuống!",,,運用 <b>W</b>、<b>A</b>、<b>S</b> 與 <b>D</b> 鍵控制您的虛擬人偶。按下 <b>E</b> 鍵便可在靠近球時爬入球。在球內後，往滑梯移動即可向下滾動！
Studio.Tutorials.StudioTour3.stopPlaytest_Title,,,Return to editing,Return to editing,العودة إلى التحرير,Zurück zum Bearbeiten,Volver a Edición,Revenir à l'édition,एडिटिंग पर वापस जाएँ,Kembali ke pengeditan,Ritorna alla fase di modifica,編集に戻る,편집으로 돌아가기,Powrót do edytowania,Voltar à edição,,กลับไปที่การแก้ไข,Düzenlemeye dön,Quay lại bản chỉnh sửa,,,返回編輯
Studio.Tutorials.StudioTour3.rotate_Title,,,Rotate,Rotate,تدوير,Drehen,Girar,Rotation,रोटेट करें,Putar,Ruota,回転,회전,Obracanie,Girando,,หมุน,Döndürme,Xoay,,,旋轉
Studio.Tutorials.StudioTour3.topic_introduction,,,Introduction,Introduction,المقدمة,Einführung,Introducción,Introduction,परिचय,Pendahuluan,Introduzione,はじめに,소개,Wprowadzenie,Introdução,,บทนำ,Giriş,Giới Thiệu,,,介紹
Studio.Tutorials.StudioTour3.stopPlaytest_Description,,,"Looks like the slide isn't quite finished! Let's add a ramp to the end so that players can hit the target when they roll down the slide. When you're ready, press Stop to go back to editing your place.","Looks like the slide isn't quite finished! Let's add a ramp to the end so that players can hit the target when they roll down the slide. When you're ready, press Stop to go back to editing your place.","يبدو أن الزلاقة لم تنتهي بعد! لنضف منحدرًا في النهاية حتى يتمكن اللاعبون من ضرب الهدف عندما يتدحرجون على الزلاقة. وعندما تكون جاهزًا، اضغط على ""إيقاف"" للعودة إلى تحرير مكانك.","Sieht aus, als wäre die Rutsche noch nicht ganz fertig! Fügen wir am Ende noch eine Rampe hinzu, damit die Spieler das Ziel treffen können, wenn sie die Rutsche hinunterrollen. Wenn du so weit bist, drücke auf 'Stopp', um deinen Ort zu bearbeiten.","¡Parece que el tobogán no está terminado del todo! Vamos a añadir una rampa al final para que los jugadores puedan dar en el blanco cuando rueden por el tobogán. Cuando estés listo, presiona Detener para regresar a la edición de tu lugar.","On dirait que le toboggan n'est pas tout à fait terminé ! Ajoutons une rampe à la fin pour que les joueurs puissent atteindre la cible lorsqu'ils roulent sur le toboggan. Lorsque tu es prêt, appuie sur Stop pour revenir à l'édition de ta place.","ऐसा लगता है कि स्लाइड पूरी तरह से खत्म नहीं हुई है! आइए अंत में एक रैंप जोड़ें, ताकि जब प्लेयर्स स्लाइड से नीचे लुढ़कें, तो टार्गेट को हिट कर सकें. जब आप तैयार हों, तो वापस जाकर अपने प्लेस को एडिट करने के लिए 'स्टॉप' दबाएँ.","Tampaknya perosotannya belum lengkap! Tambahkan bidang miring di ujungnya agar pemain dapat mengenai target saat dia berguling menuruni perosotan. Jika sudah siap, tekan Berhenti untuk kembali mengedit tempat.","Sembra che lo scivolo non sia ancora finito! Aggiungiamo una rampa finale in modo che i giocatori possano colpire il bersaglio quando arrivano in fondo allo scivolo. Quando hai finito, premi Stop per tornare a modificare il tuo posto.",すべり台がまだ完成していないようです！プレイヤーがすべり台を滑りながら標的に当てられるように下側の端に傾斜路を追加してください。完了したら、[停止] を押してプレースの編集に戻ってください。,미끄럼틀이 아직 완성되지 않은 모양이군요! 플레이어들이 미끄럼틀을 내려왔을 때 표적을 맞힐 수 있도록 경사로를 더 추가해 볼까요? 준비되면 '중지'를 눌러 플레이스를 이어서 편집하세요.,"Zdaje się, że zjeżdżalnia nie jest jeszcze w pełni gotowa! Dodajmy na jej końcu rampę, aby gracze mogli trafić w cel po stoczeniu się ze zjeżdżalni. Gdy wszystko będzie gotowe, naciśnij Stop, aby wrócić do edytowania miejsca.","Parece que o deslizador não está terminado! Vamos adicionar uma rampa no final para que os jogadores possam atingir o alvo quando eles rolarem o deslizador para baixo. Quando estiver pronto, pressione Parar para voltar a editar seu lugar.",,ดูเหมือนว่าสไลด์จะยังไม่เสร็จดี! มาเพิ่มทางลาดที่ปลายด้านหนึ่งเพื่อให้ผู้เล่นสามารถชนเป้าหมายเมื่อลูกบอลกลิ้งลงมาตามสไลด์ เมื่อคุณพร้อมแล้ว ให้กดที่หยุด เพื่อกลับไปยังการแก้ไขสถานที่ของคุณ,Görünüşe göre kaydırak tam olarak hazır değil! Oyuncuların kaydıktan sonra hedefi vurabilmeleri için kaydırağın sonuna bir rampa ekleyelim. Hazır olduğunda Durdur seçeneğini kullanarak mekânını düzenlemeye dön.,"Đường trượt có vẻ như vẫn chưa hoàn thiện! Hãy thêm một đoạn dốc vào cuối đường trượt để người chơi có thể chạm vào vạch đích khi lăn xuống đường trượt. Khi đã sẵn sàng, hãy nhấn Dừng để quay lại giai đoạn chỉnh sửa vị trí của bạn.",,,看來滑梯沒有完成！在終點新增一個斜坡，使玩家從滑梯向下滾動時可以擊中目標。準備好後，按下「停止」以返回，進而編輯您的空間。
Studio.Tutorials.StudioTour3.wedge_Title,,,Insert a Wedge,Insert a Wedge,إدراج إسفين,Keil einfügen,Inserta una cuña,Insérer un coin,वेज डालें,Masukkan Wedge,Inserisci un cuneo,三角柱を挿入,쐐기 삽입,Wstawianie Klina,Inserindo uma cunha,,แทรกลิ่ม,Takoz ekle,Chèn Nêm,,,插入楔形
Studio.Tutorials.StudioTour3.color_Title,,,Change the color of the ramp,Change the color of the ramp,تغيير لون المنحدر,Farbe der Rampe ändern,Cambia el color de la rampa,Changer la couleur de la rampe,रैंप का रंग बदलें,Ubah warna bidang miring,Cambia il colore della rampa,傾斜路の色を変更,경사로 색상 변경,Zmiana koloru rampy,Mudando a cor da rampa,,เปลี่ยนแปลงสีของทางลาด,Rampa rengini değiştir,Thay đổi màu sắc của đoạn đường dốc,,,變更斜坡顏色
Studio.Tutorials.StudioTour3.wedge_Compliment,,,Perfect! 😊,Perfect! 😊,ممتاز! 😊,Perfekt! 😊,¡Perfecto! 😊,Parfait ! 😊,परफ़ेक्ट! 😊,Sempurna! 😊,Perfetto! 😊,カンペキです！ 😊,완벽해요! 😊,Znakomicie! 😊,Perfeito! 😊,,ไร้ที่ติ! 😊,Mükemmel! 😊,Hoàn Hảo! 😊,,,完美！ 😊
Studio.Tutorials.StudioTour3.wedge_Description,,,Parts are the basic building blocks in Studio. Let's insert a part to make a ramp for the end of the slide.<br/><br/>Use the arrow below the button to insert a Wedge.,Parts are the basic building blocks in Studio. Let's insert a part to make a ramp for the end of the slide.<br/><br/>Use the arrow below the button to insert a Wedge.,الأجزاء هي كتلات البناء الأساسية في Studio. لنُدخل جزءًا لعمل منحدر لنهاية الزلاقة.<br/><br/>استخدم السهم أسفل الزر لإدخال إسفين.,"Teile sind die Grundbausteine in Studio. Fügen wir ein Teil ein, um eine Rampe für das Ende der Rutsche zu bauen.<br/><br/>Klicke auf den Pfeil unter der Schaltfläche, um einen Keil einzufügen.",Las piezas son los componentes básicos de Studio. Vamos a insertar una pieza para hacer una rampa para el final del tobogán.<br/><br/>Utiliza la flecha situada debajo del botón para insertar una Cuña.,Les pièces sont les blocs de construction de base dans le studio. Insérons une pièce pour faire une rampe pour la fin de la glisse.<br/><br/>Utiliser la flèche au-dessous du bouton pour insérer un Wedge.,स्टूडियो में पार्ट्स बेसिक बिल्डिंग ब्लॉक हैं. आइए स्लाइड के अंत में रैंप बनाने के लिए एक पार्ट डालें.<br/><br/>वेज डालने के लिए बटन के नीचे दिए गए ऐरो का इस्तेमाल करें.,Komponen adalah blok pembangunan dasar di Studio. Masukkan komponen untuk membuat bidang miring di ujung perosotan.<br/><br/>Gunakan panah di bawah tombol untuk memasukkan Wedge.,Le parti sono gli elementi costitutivi di base di Studio. Inseriamo una parte per creare una rampa finale per lo scivolo.<br/><br/>Usa la freccia sotto il pulsante per inserire un cuneo.,パーツはStudioで制作するときの基本的な要素です。パーツを挿入して、すべり台の下側の端に傾斜路を作りましょう。<br/><br/>ボタンの下の矢印を使用して三角柱を挿入します。,파트는 Studio의 기본 빌드 블록입니다. 파트를 삽입해 미끄럼틀 끝에 경사로를 만들어 봅시다.<br/><br/>버튼 아래 화살표를 사용해 '쐐기'를 삽입하세요.,"Części to podstawowe elementy do tworzenia w Studio. Wstawmy część, aby utworzyć rampę na końcu zjeżdżalni.<br/><br/>Użyj strzałki pod przyciskiem, aby wstawić Klin.",As peças são os blocos de construção básicos no Studio. Vamos inserir uma peça para fazer uma rampa para o carro passar.<br/><br/>Use a seta abaixo do botão para inserir uma Cunha.,,ส่วนประกอบคือบล็อกการสร้างพื้นฐานใน Studio มาแทรกส่วนประกอบเพื่อสร้างทางลาดที่ปลายสไลด์กันเถอะ<br/><br/>ใช้ลูกศรที่ด้านล่างปุ่มในการแทรกลิ่ม,"Parçalar, Studio'nun temel yapı taşlarıdır. Şimdi kaydırağın sonuna rampa yapmak için bir parça ekleyelim.<br/><br/>Aşağıdaki ok tuşunu kullanarak bir Takoz ekle.",Các bộ phận là khối xây dựng cơ bản trong Studio. Hãy chèn một bộ phận để tạo thành một sườn dốc ở cuối đường trượt.<br/><br/>Sử dụng mũi tên bên dưới nút để chèn Nêm.,,,零件是 Studio 中的基本建造單位。讓我們一起插入在滑梯終點製作的斜坡零件吧。<br/><br/>使用按鈕下方的箭頭以插入楔形。
Studio.Tutorials.StudioTour3.focus_Title,,,Snap the camera,Snap the camera,محاذاة الكاميرا,Kamera einrasten,Ajusta la cámara,Aligner la caméra,कैमरे से फ़ोटो लें,Snap kamera,Gira la videocamera,カメラで撮影,카메라 스냅하기,Przyciąganie kamery,Encaixar a câmera,,สแนปกล้อง,Kamerayı tuttur,Khóa camera,,,切換攝影機
Studio.Tutorials.StudioTour3.move_Description,,,"Select the Move tool, then click and drag the blue and red handles to move the ramp to the end of the slide.","Select the Move tool, then click and drag the blue and red handles to move the ramp to the end of the slide.","حدّد أداة ""حركة""، ثم اضغط واسحب المقابض الزرقاء والحمراء لتحريك المنحدر إلى نهاية الزلاقة.","Wähle das Verschiebe-Tool und klicke und ziehe dann die blauen und roten Ziehpunkte, um die Rampe an das Ende der Rutsche zu verschieben.","Selecciona la herramienta de movimiento, luego haz clic y arrastra los controladores azul y rojo para mover la rampa hasta el final del tobogán.","Sélectionner l'outil Déplacer, puis cliquer et faire glisser les poignées bleues et rouges pour déplacer la rampe à la fin de la diapositive.","'मूव' टूल चुनें, फिर रैंप को स्लाइड के अंत तक ले जाने के लिए, नीले और लाल हैंडल पर क्लिक करके ड्रैग करें.","Pilih alat Gerakkan, lalu klik dan seret handel biru dan merah untuk memindahkan bidang miring ke ujung perosotan.","Seleziona lo strumento Sposta, poi clicca sulle maniglie blu e rosse e trascinale per spostare la rampa alla fine dello scivolo.",移動ツールを選択し、青と赤のハンドルをクリックしてドラッグして、傾斜路をすべり台の下側の端に動かします。,"이동 도구를 선택한 다음, 파란색과 빨간색 핸들을 클릭하고 드래그해 미끄럼틀 끝을 따라 쐐기를 이동합니다.","Wybierz narzędzie do przenoszenia, a następnie kliknij i przeciągnij niebieskie i czerwone uchwyty, aby przenieść rampę na koniec zjeżdżalni.","Selecione a ferramenta Mover, em seguida, clique e arraste as alças azuis e vermelhas para mover a rampa para o final do deslizador.",,เลือกเครื่องมือการเคลื่อนย้าย จากนั้นคลิกแล้วลาก Handle สีน้ำเงินและสีแดงเพื่อเคลื่อนย้ายทางลาดไปที่ปลายสุดของสไลด์,Taşıma aracını seçtikten sonra kırmızı ve mavi tutamaçları tıklayarak sürükleyip rampayı kaydırağın sonuna taşı.,"Chọn công cụ Di Chuyển, sau đó nhấn chuột và kéo các tay cầm màu xanh và đỏ để di chuyển con dốc đến cuối đường trượt.",,,選擇移動工具，然後拖曳藍色與紅色手把來移動滑梯終點的斜坡。
Studio.Tutorials.StudioTour3.select_Title,,,Select the ball,Select the ball,تحديد الكرة,Ball auswählen,Selecciona la bola,Sélectionner la balle,बॉल चुनें,Pilih bola,Seleziona la palla,ボールを選択,공 선택하기,Zaznaczanie kuli,Selecione a bola,,เลือกลูกบอล,Topu seç,Chọn bóng,,,選擇球
Studio.Tutorials.StudioTour3.rotate_Description,,,"Select the Rotate tool, then click and drag the green handle to turn the wedge around so it faces the top of the slide.","Select the Rotate tool, then click and drag the green handle to turn the wedge around so it faces the top of the slide.","حدد أداة ""تدوير""، ثم اضغط واسحب المقبض الأخضر لتدوير الإسفين بحيث يواجه الجزء العلوي من الزلاقة.","Wähle das Dreh-Tool, klicke und ziehe dann den grünen Ziehpunkt, um den Keil so zu drehen, dass er dem oberen Ende der Rutsche zugewandt ist.","Selecciona la herramienta de rotación y, a continuación, haz clic y arrastra el controlador verde para girar la cuña de modo que quede orientada hacia la parte superior de la diapositiva.",Sélectionner l'outil Rotation puis cliquer et faire glisser la poignée verte pour faire tourner le biseau de façon à faire face au haut de la diapositive.,"'रोटेट' टूल चुनें, फिर वेज को चारों ओर मोड़ने के लिए हरे रंग के हैंडल पर क्लिक करके ड्रैग करें, ताकि वह स्लाइड के ऊपर की ओर हो जाए.","Pilih alat Putar, lalu klik dan seret handel hijau untuk memutar wedge sehingga menghadap bagian atas perosotan.","Seleziona lo strumento Ruota, poi clicca sulla maniglia verde e trascinala per ruotare il cuneo in modo che sia rivolto verso la parte superiore dello scivolo.",回転ツールを選択し、緑色のハンドルをクリックしてドラッグして、三角柱を動かしてすべり台の上に向くようにします。,"회전 도구를 선택한 다음, 초록색 핸들을 클릭하고 드래그해 쐐기가 미끄럼틀 상단을 향하도록 회전합니다.","Wybierz narzędzie do obracania, a następnie przeciągnij zielony uchwyt i obróć klin tak, aby ustawić go przodem do zjeżdżalni.","Selecione a ferramenta de Girar, em seguida, clique e arraste a alça verde para girar a rampa para que fique de frente para o deslizador.",,เลือกเครื่องมือการหมุน จากนั้นคลิกแล้วลาก Handle สีเขียวเพื่อหมุนลิ่มไปโดยรอบเพื่อให้หันหน้าเข้าหาด้านบนสุดของสไลด์,Döndürme aracını seçtikten sonra yeşil tutamacı tıklayarak çevirip takozu kaydırağın tepesine bakacak şekilde döndür.,"Chọn công cụ Xoay, rồi nhấp chuột và kéo tay cầm màu xanh để xoay khối chêm xung quanh để khối chêm hướng về đỉnh của đường trượt.",,,選擇旋轉工具，然後拖曳綠色手把來旋轉楔形，使其面向滑坡頂端。
Studio.Tutorials.StudioTour3.anchor_Compliment,,,That's right 💪,That's right 💪,هذا صحيح 💪,So ist es richtig 💪,Correcto 💪,C'est juste 💪,यह सही है 💪,Benar sekali 💪,Esatto 💪,その通り 💪,이거죠 💪,Zgadza się 💪,Isso mesmo 💪,,ใช่เลย 💪,Aynen öyle 💪,Đúng vậy 💪,,,這就對了 💪
Studio.Tutorials.StudioTour3.scale_Compliment,,,Fantastic! ✨,Fantastic! ✨,رائع! ✨,Fantastisch! ✨,¡Fantástico! ✨,Fantastique ! ✨,बहुत अच्छे! ✨,Fantastis! ✨,Fantastico! ✨,素晴らしい！ ✨,환상이에요! ✨,Fantastycznie! ✨,Fantástico! ✨,,มหัศจรรย์! ✨,Muhteşem! ✨,Tuyệt vời! ✨,,,太棒了！ ✨
Studio.Tutorials.StudioTour3.speed_Compliment,,,"Woah, that's fast 🏎","Woah, that's fast 🏎",واو، هذا سريع 🏎,"Woah, das ist schnell 🏎","¡Guau, qué rápido! 🏎","Woah, c'est rapide 🏎","वाह, बहुत तेज़ है 🏎","Wow! Cepat, ya 🏎","Wow, che velocità 🏎",速い 🏎,"우와, 정말 빠르네요 🏎",Szybko ci idzie,"Uau, que rápido 🏎",,ว้าว เร็วมาก 🏎,"Vay be, hızlıydı 🏎","Chà, nhanh thế 🏎",,,哇，速度真快 🏎
Studio.Tutorials.StudioTour3.scale_Description,,,"Select the Scale tool, then click and drag each of the handles to make the wedge big enough for the ball to roll over.","Select the Scale tool, then click and drag each of the handles to make the wedge big enough for the ball to roll over.",حدد أداة تغيير الحجم، ثم اضغط واسحب كل مقبض لجعل الإسفين كبيرًا بما يكفي لتدحرج الكرة.,"Wähle das Skalierungs-Tool, klicke und ziehe alle Ziehpunkte, um den Keil so groß zu machen, dass der Ball darüber rollen kann.","Selecciona la herramienta de escalado, luego haz clic y arrastra cada uno de los controladores para hacer la cuña lo suficientemente grande como para que la pelota ruede sobre ella.","Sélectionner l'outil Mise à l'échelle, puis cliquer et faire glisser chacune des poignées pour rendre la cage suffisamment grande pour que la balle puisse rouler.","स्केल टूल चुनें, फिर हर हैंडल पर क्लिक करें और खींचें, ताकि वेज इतना बड़ा हो जाए कि गेंद लुढ़क सके.","Pilih alat Skala, lalu klik dan seret setiap handel agar wedge jadi cukup besar untuk dilalui bola.","Seleziona lo strumento Ridimensiona, poi clicca sulle maniglie e trascinale per ingrandire la rampa e permettere alla sfera di rotolarci sopra.",[拡大/縮小] ツールを選択し、各ハンドルをクリックしてドラッグすると三角柱はボールが通れる大きさになります。,"스케일 도구를 선택한 다음, 각 핸들을 클릭하고 드래그해 공이 지나갈 수 있을 만큼 큰 쐐기를 만듭니다.","Wybierz narzędzie do skalowania, a następnie klikaj i przeciągaj poszczególne uchwyty i powiększ klin na tyle, aby kula mogła się po nim przetoczyć.","Selecione a ferramenta Dimensionar, em seguida, clique e arraste cada uma das alças para tornar a cunha grande o suficiente para que a bola possa passar por cima dela.",,เลือกเครื่องมือปรับขนาด จากนั้นคลิกแล้วลาก Handle แต่ละอันเพื่อทำให้ลิ่มมีขนาดใหญ่เพียงพอให้ลูกบอลกลิ้งผ่านไปได้,Ölçeklendirme aracını seçtikten sonra tutamaçları teker teker tıklayarak sürükleyip takozu topun yuvarlanabileceği kadar büyüt.,"Chọn công cụ Đổi Tỷ Lệ, rồi nhấn vào và kéo từng tay cầm để điều chỉnh kích thước khối chêm đủ to cho bóng lăn qua.",,,選擇縮放工具，然後拖曳各個手把來使楔形的大小足以讓球滾過。
Studio.Tutorials.StudioTour3.explorer_Description,,,"Now that the ramp is complete, it's time to customize the ball. The Explorer displays everything in your place, including built-in services.","Now that the ramp is complete, it's time to customize the ball. The Explorer displays everything in your place, including built-in services.",الآن بعد اكتمال المنحدر، حان الوقت لتخصيص الكرة. يعرض المستكشف كل شيء في مكانك، بما في ذلك الخدمات المدمجة.,"Jetzt, wo die Rampe fertig ist, kannst du den Ball anpassen. Der Explorer zeigt alles in deinem Ort an, einschließlich der integrierten Dienste.","Ahora que la rampa está completa, es el momento de personalizar la bola. El Explorador muestra todo lo que hay en tu lugar, incluyendo los servicios integrados.","Maintenant que la rampe est terminée, il est temps de personnaliser la balle. L'explorateur affiche tout ce qui se trouve à ta place, y compris les services intégrés.","रैंप पूरा होने के बाद, यह बॉल को कस्टमाइज़ करने का समय है. एक्सप्लोरर बिल्ट-इन सेवाओं सहित आपके प्लेस पर सब कुछ डिसप्ले करता है.","Setelah bidang miring selesai, saatnya mengustomisasi bola. Eksplorer menampilkan semua yang ada di tempatmu, termasuk layanan bawaan.","Ora che la rampa è completa, è il momento di personalizzare la palla. L'Esploratore visualizza tutto ciò che si trova nel tuo spazio, inclusi i servizi integrati.",傾斜路が完成したら、次はボールです。エクスプローラは、組み込み済みのサービスを含む、あなたのプレースにあるすべてのものを表示します。,이제 경사로가 완성되었으니 공을 사용자 정의해 볼까요? 탐색기는 내장 서비스를 포함한 플레이스의 모든 것을 표시합니다.,"Rampa jest już gotowa. Teraz pora spersonalizować kulę. W eksploratorze widać wszystko, co znajduje się w stworzonym przez ciebie miejscu, w tym również usługi wbudowane.","Agora que a rampa está completa, é hora de personalizar a bola. O Explorador mostra tudo em seu lugar, incluindo serviços incorporados.",,เนื่องจากทางลาดเสร็จสมบูรณ์แล้ว ตอนนี้ก็ถึงเวลาที่เราจะมาปรับแต่งลูกบอลกัน ส่วนการสำรวจจะแสดงทุกอย่างในสถานที่ของคุณ รวมถึงการบริการในตัว,"Rampayı hallettiğimize göre şimdi topu kişiselleştirme zamanı. Gezgin, mekânındaki yerleşik hizmetler de dâhil her şeyi gösterir.","Giờ thì đoạn dốc đã hoàn thành, đã đến lúc tùy chỉnh bóng. Trình Khám Phá hiển thị mọi đối tượng tại địa điểm của bạn, bao gồm cả các dịch vụ tích hợp.",,,完成斜坡了。是時候自訂球了。總管顯示空間中的所有內容，包含內建服務。
Studio.Tutorials.StudioTour3.color_Description,,,"With the ramp selected, press the arrow below the button Color and choose a new color.","With the ramp selected, press the arrow below the button Color and choose a new color.",مع تحديد المنحدر، اضغط على السهم أسفل زر اللون واختر لونًا جديدًا.,Drücke bei ausgewählter Rampe auf den Pfeil unter der Schaltfläche 'Farbe' und wähle eine neue Farbe aus.,"Con la rampa seleccionada, presiona la flecha debajo del botón Color y elige un nuevo color.","Une fois la rampe sélectionnée, appuyer sur la flèche située sous le bouton Couleur et choisir une nouvelle couleur.","रैंप चुनने के बाद, 'कलर' बटन के नीचे दिए गए ऐरो को दबाएँ और एक नया रंग चुनें.","Saat bidang miring dipilih, tekan panah di bawah tombol Warna dan pilih warna baru.","Seleziona la rampa, poi premi la freccia sotto il pulsante Colore e scegline un nuovo.",傾斜路が選択された状態で、色のボタンの下にある矢印を押して、新しい色を選択します。,경사로를 선택한 다음 색상 버튼 아래의 화살표를 눌러 새로운 색상을 선택하세요.,Po zaznaczeniu rampy naciśnij strzałkę pod przyciskiem Kolor i wybierz nowy kolor.,"Com a rampa selecionada, pressione a seta abaixo do botão Cor e escolha uma nova cor.",,เมื่อเลือกทางลาดแล้ว ให้กดที่ลูกศรด้านล่างสีปุ่มแล้วเลือกสีใหม่,Rampa seçiliyken Renk düğmesinin altındaki oka basarak yeni bir renk belirle.,"Với đường dốc đã chọn, hãy nhấn mũi tên bên dưới nút Màu và chọn màu mới.",,,選擇斜坡後，按下「顏色」按鈕下方的箭頭並選擇新顏色。
Studio.Tutorials.StudioTour3.anchor_Title,,,Fix the ramp in place,Fix the ramp in place,تثبيت المنحدر في مكانه,Rampe fixieren,Arregla la rampa en su lugar,Corriger la rampe en place,रैंप को सही तरीके से फ़िक्स करें,Pastikan bidang miring tetap di tempatnya,Fissa la rampa in posizione,傾斜路を固定,경사로 고정하기,Unieruchamianie rampy,Coloque a rampa no lugar,,ติดให้ทางลาดอยู่กับที่,Rampayı sabitle,Cố định đường dốc trong địa điểm,,,固定空間中的斜坡
Studio.Tutorials.StudioTour3.saveProject_Compliment,,,Ready to go!,Ready to go!,جاهز للبدء!,Es kann losgehen!,¡Listo!,Prêt à partir !,तैयार!,Siap dimainkan!,Pronto per l'uso!,準備完了！,준비가 끝났어요!,Gotowe!,Pronto para começar!,,พร้อมที่จะลุย!,Hazırsın!,Sẵn sàng chơi!,,,準備好出發了！
Studio.Tutorials.StudioTour3.anchor_Description,,,"If the ramp isn't Anchored, gravity will cause it to slip off the end of the slide when you playtest.<br/><br/>With the ramp selected, click Anchor.","If the ramp isn't Anchored, gravity will cause it to slip off the end of the slide when you playtest.<br/><br/>With the ramp selected, click Anchor.",إذا لم يكن المنحدر مثبتًا، فستتسبب الجاذبية في انزلاقه من نهاية الزلاقة عند اختبار اللعب<br/><br/>بعد تحديد المنحدر، اضغط على تثبيت.,"Wenn die Rampe nicht verankert ist, rutscht sie durch die Schwerkraft vom Ende der Rutsche, während du sie im Spiel testest.<br/><br/>Klicke bei ausgewählter Rampe auf 'Verankern'.","Si la rampa no está Anclada, la gravedad hará que se deslice por el extremo del tobogán cuando hagas la prueba de juego.<br/><br/>Con la rampa seleccionada, haz clic en Anclar.","Si la rampe n'est pas ancrée, la gravité la fera glisser de l'extrémité du toboggan lorsque tu feras un playtest.<br/><br/>La rampe étant sélectionnée, clique sur Ancrer.","अगर रैंप ऐंकर नहीं होगा, तो प्ले-टेस्ट के दौरान, गुरुत्वाकर्षण के कारण स्लाइड के अंत तक फिसल जाएगा.<br/><br/>रैंप चुनने के बाद, 'ऐंकर' पर क्लिक करें.","Jika bidang miring tidak Dijangkarkan, gravitasi akan membuatnya bergeser dari ujung perosotan saat kamu melakukan playtest.<br/><br/>Saat bidang miring dipilih, klik Jangkar.","Se la rampa non è ancorata, la gravità la farà scivolare dall'estremità dello scivolo durante il test.<br/><br/>Dopo aver selezionato la rampa, clicca su Ancora.",傾斜路が固定されていない場合、プレイテストで重力によってすべり台の端から外れてしまいます。<br/><br/>傾斜路が選択された状態で固定（Anchor）をクリックします。,경사로를 고정하지 않으면 플레이테스트 시 미끄럼틀 끝에서 미끄러져 나갑니다.<br/><br/>경사로를 선택한 다음 '고정'을 클릭하세요.,"Jeśli rampa nie będzie zakotwiczona, grawitacja sprawi, że podczas testu rozgrywki ześliźnie się z końca zjeżdżalni.<br/><br/>Po zaznaczeniu rampy kliknij opcję Kotwiczenie.","Se a rampa não estiver ancorada, a gravidade fará com que ela deslize do final do deslizador durante o teste.<br/><br/>Com a rampa selecionada, clique em Âncora.",,หากไม่ได้ตรึงทางลาดไว้ แรงดึงดูดจะทำให้มันลื่นหลุดออกไปที่ปลายสไลด์เมื่อคุณทดลองเล่น<br/><br/>เมื่อเลือกทางลาดแล้ว ให้คลิกที่ตรึง,Rampa sabitlenmemişse test ettiğinde yer çekimi nedeniyle kaydırağın ucundan kayıp gider.<br/><br/>Rampa seçiliyken Sabitle seçeneğine tıkla.,"Nếu đường dốc không được Neo, trọng lực sẽ khiến đường dốc tuột khỏi đoạn cuối đường trượt khi bạn chơi thử.<br/><br/>Với đoạn dốc đã chọn, hãy nhấp chuột vào Neo.",,,如果沒有固定斜坡，您在試玩時，重力將使斜坡滑落滑梯終點。<br/><br/>選擇斜坡後，按下「固定」。
Studio.Tutorials.StudioTour3.explorer_Title,,,Explorer,Explorer,المستكشف,Explorer,Explorador,Explorer,एक्सप्लोरर,Eksplorer,Esploratore,エクスプローラ,탐색기,Eksplorator,Explorador,,การสำรวจ,Gezgin,Trình Khám Phá,,,總管
Studio.Tutorials.StudioTour3.select_Compliment,,,Got it 💪,Got it 💪,حسنًا 💪,Geschafft 💪,¡Bien hecho! 💪,J'ai compris 💪,ठीक है 💪,Kamu bisa 💪,Capito 💪,了解 💪,그렇죠 💪,Dajesz radę 💪,Entendi 💪,,เข้าใจแล้ว 💪,Kaptın 💪,Đã hiểu 💪,,,搞定 💪
Studio.Tutorials.StudioTour3.topic_properties,,,Properties,Properties,الخصائص,Eigenschaften,Propiedades,Propriétés,प्रॉपर्टीज़,Properti,Proprietà,プロパティ,속성,Właściwości,Propriedades,,คุณสมบัติ,Özellikler,Thuộc Tính,,,屬性
Studio.Tutorials.StudioTour3.select_Description,,,The Workspace displays everything in your 3D world. Select the ball in the Workspace.,The Workspace displays everything in your 3D world. Select the ball in the Workspace.,تعرض Workspace كل شيء في عالمك ثلاثي الأبعاد. حدد الكرة في Workspace.,Der Arbeitsbereich zeigt alles in deiner 3D-Welt an. Wähle den Ball im Arbeitsbereich aus.,El Workspace muestra todo en tu mundo 3D. Selecciona la bola en él.,Workspace affiche tout ce qui se trouve dans ton monde 3D. Sélectionner la balle dans l'espace de travail.,Workspace आपकी 3D दुनिया में सब कुछ डिस्प्ले करता है. Workspace में बॉल चुनें.,Workspace menampilkan semua yang ada dunia 3D kamu. Pilih bola yang ada di Workspace.,L'area di lavoro mostra tutto ciò che è presente nel tuo mondo 3D. Seleziona la palla nell'area di lavoro.,ワークスペースには、3D世界のすべてが表示されます。ワークスペースでボールを選択します。,작업 공간은 내 3D 월드에 있는 모든 것을 표시합니다. 작업 공간에서 공을 선택하세요.,"W przestrzeni roboczej widoczne jest wszystko, co znajduje się w twoim trójwymiarowym świecie. Zaznacz kulę w przestrzeni roboczej.",A área de trabalho exibe tudo no seu mundo 3D. Selecione a bola na área de trabalho.,,Workspace จะแสดงทุกอย่างในโลก 3D ของคุณ ให้เลือกลูกบอลใน Workspace,"Atölye, 3B dünyandaki her şeyi gösterir. Atölyede topu seç.",Không Gian Làm Việc sẽ hiển thị mọi đối tượng trong thế giới 3D của bạn. Hãy chọn bóng trong Không Gian Làm Việc.,,,工作區顯示您 3D 世界中的一切內容。在工作區中選擇球。
Studio.Tutorials.StudioTour3.properties_Title,,,Properties,Properties,الخصائص,Eigenschaften,Propiedades,Propriétés,प्रॉपर्टीज़,Properti,Proprietà,プロパティ,속성,Właściwości,Propriedades,,คุณสมบัติ,Özellikler,Thuộc Tính,,,屬性
Studio.Tutorials.StudioTour3.speed_Title,,,Change Speed,Change Speed,تغيير السرعة,Geschwindigkeit ändern,Cambia la velocidad,Changer de vitesse,स्पीड बदलें,Ubah Kecepatan,Cambia Velocità,速度を変更,속도 변경,Zmienianie szybkości,Mudar velocidade,,การเปลี่ยนแปลงความเร็ว,Hızı değiştir,Thay Đổi Tốc Độ,,,變更速度
Studio.Tutorials.StudioTour3.topic_explorer,,,Explorer,Explorer,المستكشف,Explorer,Explorador,Explorer,एक्सप्लोरर,Eksplorer,Esploratore,エクスプローラ,탐색기,Eksplorator,Explorador,,การสำรวจ,Gezgin,Trình Khám Phá,,,總管
Studio.Tutorials.StudioTour3.saveProject_Title,,,Save your project,Save your project,احفظ مشروعك,Projekt speichern,Guarda tu proyecto,Sauvegarder ton projet,अपना प्रोजेक्ट सेव करें,Simpan proyekmu,Salva il progetto,プロジェクトを保存,프로젝트 저장,Zapisywanie projektu,Salve seu projeto,,บันทึกโปรเจ็กต์ของคุณ,Projeni kaydet,Lưu dự án của bạn,,,儲存專案
Studio.Tutorials.StudioTour3.saveProject_Description,,,"Before you playtest, click Save to save your project so you don't lose your progress. You can open your saved projects from the Start screen.","Before you playtest, click Save to save your project so you don't lose your progress. You can open your saved projects from the Start screen.",قبل اختبار اللعب، اضغط على حفظ لحفظ مشروعك حتى لا تفقد مستوى تقدمك. يمكنك فتح مشاريعك المحفوظة من شاشة البدء.,"Bevor du das Spiel testest, klicke auf 'Speichern', um dein Projekt zu speichern, damit du deinen Fortschritt nicht verlierst. Du kannst deine gespeicherten Projekte über den Startbildschirm öffnen.","Antes de jugar, haz clic en Guardar para guardar el proyecto y no perder tu progreso. Puedes abrir tus proyectos guardados desde la pantalla de Inicio.","Avant de procéder au playtest, clique sur Enregistrer pour sauvegarder ton projet afin de ne pas perdre tes progrès. Tu peux ouvrir tes projets sauvegardés à partir de l'écran de démarrage.","प्ले-टेस्ट करने से पहले, अपने प्रोजेक्ट को सेव करने के लिए 'सेव करें' पर क्लिक करें, ताकि आप अपनी प्रगति खो न दें. सेव किए गए प्रोजेक्ट, 'स्टार्ट' स्क्रीन से खोले जा सकते हैं.","Sebelum memulai playtest, klik Simpan untuk menyimpan proyek sehingga progresmu tidak hilang. Proyek tersimpan bisa dibuka dari layar Mulai.","Prima di eseguire il test, clicca su ""Salva"" per salvare il progetto e non perdere i progressi. Puoi aprire i progetti salvati dalla schermata d'inizio.",プレイテストする前に、[保存] をクリックして作業した内容が消失しないようにプロジェクトを保存してください。開始画面から保存済みのプロジェクトを開くことができます。,플레이테스트를 시작하기 전에 진행 상황을 잃지 않도록 프로젝트를 저장하세요. 시작 화면에서 저장한 프로젝트를 열 수 있습니다.,"Zanim przetestujesz rozgrywkę, kliknij przycisk Zapisz, aby zapisać projekt. Dzięki temu nie utracisz postępów. Zapisane projekty można otwierać z ekranu startowego.","Antes de realizar o teste, clique em Salvar para salvar o seu projeto para que não perca o seu progresso. Você pode abrir seus projetos salvos na tela inicial.",,ก่อนที่คุณจะทดลองเล่น ให้คลิกที่บันทึก เพื่อบันทึกโปรเจ็กต์ของคุณเพื่อให้คุณไม่เสียความคืบหน้าของคุณ คุณสามารถเปิดโปรเจ็กต์ที่บันทึกไว้ของคุณได้จากหน้าจอเริ่มต้น,Oynanış testinden önce ilerlemeni kaybetmemek için Kaydet seçeneğine tıklayarak projeni kaydet. Kayıtlı projelerini Başlangıç ekranından açabilirsin.,"Trước khi chơi thử, hãy nhấn chuột vào Lưu để lưu dự án của bạn và không bị mất tiến trình. Bạn có thể mở các dự án đã lưu của mình từ màn hình Bắt Đầu.",,,試玩前，按下「儲存」來儲存您的專案，這樣就不會失去進度。您可以從「開始」畫面開啟您儲存的專案。
Studio.Tutorials.StudioTour3.playtest2_Title,,,Time to test,Time to test,حان وقت الاختبار,Zeit zum Testen,Hora de probar,Délai de test,टेस्ट करने का समय आ गया है,Saatnya menguji,Esegui il test,次はテストです,테스트할 시간,Testowanie,Hora de testar,,ได้เวลาทดสอบ,Test zamanı,Đến lúc chơi thử,,,測試時間
Studio.Tutorials.StudioTour3.playtest2_Description,,,"Finally, click the Play button to playtest. See if your ramp can get you to the target!","Finally, click the Play button to playtest. See if your ramp can get you to the target!",أخيرًا، اضغط على زر التشغيل لاختبار اللعب. وتأكد ما إذا كان منحدرك يمكن أن ينقلك إلى الهدف!,"Zum Schluss klickst du auf die Schaltfläche 'Spielen', um das Spiel zu testen. Schau, ob du mithilfe deiner Rampe das Ziel erreichen kannst!","Finalmente, haz clic en el botón Jugar para probar. Prueba la rampa para ver si das en el blanco.","Enfin, cliquer sur le bouton Jouer pour jouer. Vérifier si ta rampe peut t'amener à la cible !","अंत में, प्ले-टेस्ट के लिए 'प्ले' बटन पर क्लिक करें. देखें कि आपका रैंप आपको टार्गेट तक पहुँचा सकता है या नहीं!","Terakhir, klik tombol Main untuk memulai playtest. Lihat apakah bidang miringmu mampu membawamu mencapai target!","A questo punto, clicca sul pulsante Riproduci per eseguire il test di giocabilità. Vedi se con la rampa puoi raggiungere il bersaglio!",最後に、プレイボタンをクリックしてプレイテストします。傾斜路を使って目的地にたどり着けるか見てみましょう！,"자, 이제 '재생' 버튼을 눌러 플레이테스트를 시작하세요. 경사로가 나를 표적까지 갈 수 있게 해줄지 확인해 볼까요?","Na koniec, aby przetestować rozgrywkę, kliknij przycisk Zagraj. Sprawdź, czy rampa umożliwi dotarcie do celu!","Finalmente, clique no botão Jogar para jogar. Veja se sua rampa pode levar você ao alvo!",,สุดท้ายนี้ คลิกที่ปุ่มเล่นเพื่อทำการทดลองเล่น ดูว่าทางลาดของคุณจะช่วยให้คุณไปชนเป้าหมายได้หรือไม่!,Son olarak da Oyna düğmesini kullanarak testi başlat. Bakalım rampan seni hedefe ulaştırabilecek mi?,"Cuối cùng, hãy nhấp chuột vào nút Chơi để chơi thử. Hãy xem đường dốc của bạn có thể đưa bạn đến địa điểm mục tiêu hay không thôi nào!",,,最後，按下「遊玩」按鈕來試玩。看看您的斜坡能否讓您抵達目標！
Studio.Tutorials.StudioTour3.stopPlaytest2_Title,,,Finish playtesting,Finish playtesting,إنهاء اختبار اللعب,Spieltest beenden,Termina la prueba,Terminer le test de lecture,प्ले-टेस्टिंग प्रोसेस को पूरा करें,Selesai melakukan playtest,Termina test,プレイテストを終了,플레이테스트 완료하기,Kończenie testowania rozgrywki,Terminar o teste,,จบการทดลองเล่น,Oynanış testini tamamla,Kết thúc chơi thử,,,完成試玩
Studio.Tutorials.StudioTour3.stopPlaytest2_Description,,,"Can you hit the bullseye? When you're ready, press Stop to go back to editing your place.","Can you hit the bullseye? When you're ready, press Stop to go back to editing your place.","هل يمكنك ضرب الهدف؟ وعندما تكون جاهزًا، اضغط على ""إيقاف"" للعودة إلى تحرير مكانك.","Kannst du das Ziel treffen? Wenn du fertig bist, drücke auf 'Stopp', um zur Bearbeitung deines Ortes zurückzukehren.","¿Puedes dar en la diana? Cuando estés listo, presiona Detener para regresar a la edición de tu lugar.","Peux-tu atteindre la cible ? Lorsque tu es prêt, appuie sur Stop pour revenir à l'édition de ta place.","बुल्सआई को हिट करना आता है? जब आप तैयार हों, तो वापस जाकर अपने प्लेस को एडिट करने के लिए 'स्टॉप' दबाएँ.","Mampukah kamu tepat mengenai target? Jika kamu sudah siap, tekan Berhenti untuk kembali mengedit tempatmu.","Riesci a colpire il bersaglio? Quando hai finito, premi Stop per tornare a modificare il tuo posto.",的に当てられますか？準備ができたら、[停止] を押してプレースの編集に戻ります。,표적을 맞힐 수 있나요? 준비되면 '중지'를 눌러 플레이스를 계속 편집하세요.,"Udało ci się trafić w cel? Gdy wszystko będzie gotowe, naciśnij przycisk Stop, aby wrócić do edytowania miejsca.","Você consegue acertar o alvo? Quando estiver pronto, pressione Parar para voltar para editar seu lugar.",,คุณจะสามารถชนเป้าหมายได้หรือไม่? เมื่อคุณพร้อมแล้ว กดหยุดเพื่อกลับไปยังการแก้ไขสถานที่ของคุณ,Hedefi vurabilecek misin? Hazır olduğunda Durdur seçeneğini kullanarak mekânını düzenlemeye dön.,"Bạn có thể bắn trúng đích không? Khi đã sẵn sàng, hãy nhấn Dừng để quay lại giai đoạn chỉnh sửa địa điểm của bạn.",,,您能擊中中心點嗎？準備好後就按下「停止」來返回並編輯您的空間。
Studio.Tutorials.StudioTour3.complete_Description,,,"Try changing your ramp to another angle, or make it longer or shorter. When you're happy with your ramp and want to complete the tour, press Finish on this window. You can always come back by opening the project again from the Start page.","Try changing your ramp to another angle, or make it longer or shorter. When you're happy with your ramp and want to complete the tour, press Finish on this window. You can always come back by opening the project again from the Start page.","حاول تغيير منحدرك إلى زاوية أخرى، أو اجعله أطول أو أقصر. وعندما تكون راضيًا عن منحدرك وترغب في إكمال الجولة، اضغط على ""إنهاء"" في هذه النافذة. يمكنك دائمًا العودة عن طريق فتح المشروع مرة أخرى من صفحة ""البدء"".","Versuche, deine Rampe in einen anderen Winkel zu bringen oder sie länger oder kürzer zu machen. Wenn du mit deiner Rampe zufrieden bist und die Tour beenden möchtest, drücke in diesem Fenster auf 'Beenden'. Du kannst jederzeit zurückkehren, indem du das Projekt über die Startseite erneut öffnest.","Prueba a cambiar tu rampa a otro ángulo, o a hacerla más larga o más corta. Cuando estés satisfecho con tu rampa y quieras completar el tour, presiona Finalizar en esta ventana. Siempre puedes volver abriendo de nuevo el proyecto desde la página Inicio.","Essaie de changer l'angle de ta rampe ou de la rendre plus longue ou plus courte. Lorsque tu es satisfait de ta rampe et que tu veux terminer la visite, appuie sur Terminer dans cette fenêtre. Tu peux toujours revenir en ouvrant à nouveau le projet à partir de la page de démarrage.","अपने रैंप का कोण बदलने का प्रयास करें, या इसे लंबा या छोटा बनाएँ. जब आप अपने रैंप से खुश हों और टूर पूरा करना चाहें, तो इस विंडो पर 'समाप्त करें' दबाएँ. 'स्टार्ट करें' पेज से फिर से प्रोजेक्ट खोलकर कभी भी वापस आया जा सकता है.","Coba ubah sudut bidang miring, coba juga memperpanjang atau memperpendeknya. Jika sudah puas dengan bidang miringmu dan ingin menyelesaikan tur, tekan Selesai di jendela ini. Kamu bisa kembali kapan saja dengan membuka lagi proyek dari halaman Mulai.","Prova a regolare la rampa da un'altra angolazione o a renderla più lunga o più corta. Quando le modifiche apportate alla rampa ti soddisfano e vuoi completare il tour, premi Fine in questa finestra. Puoi tornare qui in qualsiasi momento aprendo nuovamente il progetto dalla pagina iniziale.",傾斜路を違う角度に変更したり、長くしたり短くしたりしてみてください。傾斜路の調整が完了したら、見学を終了して、このウィンドウを [終了] してください。[開始] ページからプロジェクトを開けば、いつでも戻れます。,경사로의 각도를 변경하거나 길이를 조절해 보세요. 경사로가 만족스럽고 투어를 완료하고 싶다면 이 창의 '완료'를 누르세요. 언제든 시작 페이지에서 이 프로젝트를 열어 돌아올 수 있습니다.,"Spróbuj zmienić kąt nachylenia rampy albo wydłużyć ją lub skrócić. Gdy rampa spełni twoje oczekiwania i zechcesz zakończyć wprowadzenie, naciśnij przycisk Zakończ w tym oknie. Zawsze możesz tu wrócić, otwierając projekt na stronie początkowej.","Tente alterar a rampa para outro ângulo, ou torná-la mais longa ou mais curta. Quando você estiver feliz com a sua rampa e quiser completar a introdução, clique em Concluir nessa janela. Você sempre pode voltar abrindo o projeto novamente a partir da página inicial.",,ลองเปลี่ยนทางลาดของคุณไปยังอีกมุม หรือทำให้มันยาวขึ้นหรือสั้นลง เมื่อคุณพอใจกับทางลาดของคุณแล้วและต้องการทำการทัวร์ให้เสร็จสิ้น ให้กดเสร็จสิ้นบนหน้าต่างนี้ คุณสามารถกลับมาที่นี่ได้เสมอด้วยการเปิดโปรเจ็กต์ขึ้นมาอีกครั้งจากหน้าเริ่มต้น,Rampanın açısını değiştirmeyi veya boyunu uzatmayı ya da kısaltmayı dene. Rampandan memnun kalıp turu tamamlamak istediğinde bu penceredeki Bitir seçeneğine tıkla. Başlangıç sayfasından projeyi tekrar açarak istediğin zaman geri dönebilirsin.,"Hãy thử thay đổi đường dốc của bạn sang một góc khác, hoặc thay đổi độ dài của đường dốc. Khi bạn hài lòng với đường dốc của mình và muốn hoàn tất chuyến tham quan, hãy nhấn Kết Thúc trên cửa sổ này. Bạn luôn có thể quay lại bằng cách mở lại dự án từ trang Bắt Đầu.",,,嘗試將您的斜坡變更成其他角度，或變更長度。滿意斜坡並想完成導覽的話，請按下此視窗的「完成」。您可以隨時從「開始」頁面再次開啟專案來返回此處。
Studio.Tutorials.StudioTour3.topic_parts,,,Parts,Parts,الأجزاء,Teile,Piezas,Parties,पार्ट्स,Komponen,Parti,パーツ,파트,Części,Partes,,ชิ้นส่วน,Parçalar,Bộ Phận,,,零件
Studio.Tutorials.StudioTour3.topic_marketplace,,,Creator Store,Creator Store,متجر المصمم,Creator Store,Tienda de creadores,Boutique du créateur,क्रिएटर स्टोर,Toko Kreator,Negozio creatore,クリエーターストア,크리에이터 상점,Sklep dla twórców,Loja do Criador,,ร้านค้าครีเอเตอร์,Yaratıcı Mağazası,Cửa Hàng Nhà Sáng Tạo,创作者商店,创作者商店,創作者商店
Studio.Tutorials.StudioTour3.topic_selection,,,Selection,Selection,تحديد,Auswahl,Selección,Sélection,सिलेक्शन,Pilihan,Selezione,選択肢,선택,Zaznaczenie,Seleção,,การเลือก,Seçim,Lựa Chọn,,,選擇區塊
Studio.Tutorials.StudioTour3.topic_playtest,,,Playtest,Playtest,اختبار اللعب,Spiel testen,Prueba del juego,Test de jeu,प्ले-टेस्ट,Playtest,Test di giocabilità,プレイテスト,플레이테스트,Test rozgrywki,Teste de jogo,,การทดลองเล่น,Oynanış Testi,Chơi Thử,,,試玩
Studio.Tutorials.Plugin.Finish,,,Finish,Finish,إنهاء,Abschließen,Finalizar,Terminer,समाप्त,Selesai,Termina,終了,완료,Zakończ,Finalizar,,เสร็จสิ้น,Bitir,Hoàn Thành,,,完成
Studio.Tutorials.StudioTour3.save_Title,,,Save your Experience,Save your Experience,احفظ تجربتك,Speichere deine Experience,Guarda tu experiencia,Sauvegarder ton expérience,अपना एक्सपीरिएंस सेव करें,Simpan Pengalaman Virtualmu,Salva la tua Esperienza,バーチャル空間を保存,체험을 저장하세요,Zapisz projekt,Salve sua experiência,,บันทึกประสบการณ์ของคุณ,Deneyimini kaydet,Lưu trải nghiệm của bạn,,,儲存您的體驗
Studio.Tutorials.StudioTour3.save_Compliment,,,Ready to go!,Ready to go!,جاهز للبدء!,Es kann losgehen!,¡Listo!,Tout est paré!,तैयार!,Siap dimainkan!,È tutto pronto!,準備完了！,준비가 끝났어요!,Gotowe!,Pronto para começar!,,พร้อมที่จะลุย!,Hazırsın!,Sẵn sàng chơi!,,,準備好了！
Studio.Tutorials.StudioTour3.save_Description,,,Click File > Save to Roblox to store your progress. You can open your saved projects from the Start screen.,Click File > Save to Roblox to store your progress. You can open your saved projects from the Start screen.,اضغط على الملف > حفظ إلى Roblox لحفظ مستوى تقدمك. يمكنك فتح مشاريعك المحفوظة من شاشة البدء.,"Klicke auf Datei > Auf Roblox speichern, um deinen Fortschritt zu speichern. Du kannst deine gespeicherten Projekte über den Startbildschirm öffnen.",Haz clic en Archivo > Guardar en Roblox para almacenar tu progreso. Puedes abrir tus proyectos guardados desde la pantalla de Inicio.,Cliquez sur Fichier > Enregistrer dans Roblox pour enregistrer ta progression. Tu pourras ouvrir tes projets enregistrés à partir de l'écran Démarrer.,"अपनी प्रगति स्टोर करने के लिए, 'फ़ाइल > Roblox पर सेव करें' पर क्लिक करें. सेव किए गए प्रोजेक्ट 'स्टार्ट' स्क्रीन से खोले जा सकते हैं.",Klik File > Simpan ke Roblox untuk menyimpan progresmu. Kamu bisa membuka proyek tersimpan dari layar Mulai.,Fai clic su File > Salva su Roblox per salvare i tuoi progressi. Puoi aprire i progetti salvati dalla schermata d'inizio.,過去の作業内容を保存するには、[ファイル] > Robloxに [保存] をクリック。開始画面から保存済みのプロジェクトを開くことができます。,'파일 > Roblox에 저장'을 클릭해 진행도를 저장하세요. 저장한 프로젝트는 시작 화면에서 열 수 있습니다.,"Kliknij Plik > Zapisz na platformie Roblox, aby zapisać postępy. Zapisane projekty możesz otworzyć z ekranu startowego.",Clique em Arquivo > Salvar na Roblox para armazenar seu progresso. Você pode abrir seus projetos salvos na tela inicial.,,คลิกที่ ไฟล์ > บันทึกไปยัง Roblox เพื่อบันทึกความคืบหน้าของคุณ คุณสามารถเปิดโปรเจ็กต์ที่บันทึกไว้ของคุณได้จากหน้าจอเริ่มต้น,İlerlemeni korumak için Dosya > Kaydet adımlarını izle. Kayıtlı projelerini Başlangıç ekranından açabilirsin.,Nhấn vào Tệp > Lưu vào Roblox để lưu lại tiến trình của bạn. Bạn có thể mở các dự án đã lưu của mình từ màn hình Bắt Đầu.,,,按一下「檔案」>「儲存至 Roblox」來儲存您的進度。您可以從「開始」畫面開啟您儲存的專案。
Studio.Tutorials.RibbonWalkthrough.topic_Introduction,,,Introduction,Introduction,,Einführung,Introducción,Introduction,परिचय,Pengantar,Introduzione,はじめに,소개,Wprowadzenie,Introdução,,บทนำ,Giriş,Giới thiệu,,,介紹
Studio.Tutorials.RibbonWalkthrough.topic_Testing,,,Testing,Testing,,Test,Prueba,Test,टेस्ट किया जा रहा है,Uji coba,Test,テスト,테스트,Testowanie,Testando,,การทดสอบ,Test etme,Kiểm thử,,,測試
Studio.Tutorials.RibbonWalkthrough.topic_UI,,,UI,UI,,UI,Interfaz de usuario,IU,UI,UI,UI,UI,UI,Interfejs użytkownika,Interface do usuário,,UI,Kullanıcı arayüzü,UI,,,使用者介面
Studio.Tutorials.topic_Script,,,Script,Script,,Skript,Script,Scripts,स्क्रिप्ट,Skrip,Script,スクリプト,스크립트,Skrypt,Script,,สคริปต์,Komut dosyası,Tập lệnh,,,指令碼
Studio.Tutorials.topic_FindingTools,,,Finding tools,Finding tools,,Tools finden,Encontrar herramientas,Trouver des outils,टूल ढूँढना,Alat pencarian,Strumenti di ricerca,発見ツール,도구 찾기,Narzędzia do odnajdywania,Procurando ferramentas,,เครื่องมือค้นหา,Araçları bulma,Tìm công cụ,,,尋找工具
Studio.Tutorials.topic_Customization,,,Customization,Customization,,Anpassung,Personalización,Personnalisation,कस्टमाइज़ेशन,Kustomisasi,Personalizzazione,カスタマイズ,사용자 정의,Personalizacja,Personalização,,การปรับแต่ง,Özelleştirme,Tùy chỉnh,,,自訂
Studio.Tutorials.introduction_Description,,,"More than just a new look, this is a totally new system built for stability, performance, and personalization. Let’s take a quick tour to get you familiar with the new organization and show you how to make the Studio interface work best for you.","More than just a new look, this is a totally new system built for stability, performance, and personalization. Let’s take a quick tour to get you familiar with the new organization and show you how to make the Studio interface work best for you.",,"Das ist nicht nur ein neuer Look, sondern ein komplett neues System, das auf Stabilität, Leistung und Personalisierung ausgelegt ist. Mach eine kurze Tour, um dich mit der neuen Organisation vertraut zu machen und zu erfahren, wie du die Studio-Oberfläche optimal für dich nutzen kannst.","Más que solo un nuevo look, se trata de un sistema totalmente nuevo construido para la estabilidad, el rendimiento y la personalización. Vamos a hacer un tour rápido para que te familiarices con la nueva organización y para mostrarte cómo hacer que la interfaz de Studio funcione mejor para ti.","Plus qu'un simple changement d'apparence, c'est un tout nouveau système conçu pour offrir stabilité, performances et personnalisation. Faisons un petit tour pour te familiariser avec la nouvelle organisation et te montrer comment tirer le meilleur parti de l'interface Studio.","नये लुक से ज़्यादा, यह एक बिलकुल नया सिस्टम है जो स्टेबिलिटी, परफ़ॉर्मेंस और पर्सनलाइज़ेशन के लिए बनाया गया है. चलिए, नए संगठन से आपका परिचय करवाते हैं और आपको दिखाते हैं कि Studio इंटरफ़ेस कैसे आपके लिए सबसे अच्छी तरह काम कर सकता है.","Bukan cuma tampilan baru, ini adalah sistem serbabaru yang dibuat untuk stabilitas, kinerja, dan personalisasi. Mari ikuti tur singkat untuk mengetahui tata letak yang baru dan mengoptimalkan antarmuka Studio agar sesuai dengan kebutuhanmu.","Non si tratta di un semplice restyling, questo è un sistema completamente nuovo costruito per garantire stabilità, prestazioni e personalizzazione. Facciamo un rapido tour per familiarizzare con la nuova organizzazione e mostrarti come far funzionare al meglio l'interfaccia di Studio.",,"외관뿐만 아니라 안정성, 성능, 개인화를 위해 시스템까지 완전히 새롭게 설계되었습니다. 새로운 배열에 익숙해질 수 있도록 나에게 가장 잘 맞는 Studio 인터페이스를 만드는 방법을 알려드리겠습니다.","To coś więcej niż tylko nowy wygląd. To zupełnie nowy system stworzony z myślą o stabilności, wydajności i możliwości personalizacji. Oto krótkie wprowadzenie, które pozwoli Ci się zapoznać z nowym układem interfejsu Studio i pokaże, jak najlepiej go wykorzystać do własnych potrzeb.","Mais do que apenas um novo visual, este é um sistema totalmente novo construído para estabilidade, desempenho e personalização. Vamos fazer um tour rápido para familiarizar você com a nova organização e mostrar-lhe como fazer a interface do Studio funcionar melhor para você.",,ระบบนี้ไม่ใช่แค่เปลี่ยนโฉม แต่ล้วนสร้างขึ้นมาใหม่เพื่อความเสถียร ประสิทธิภาพ และการปรับแต่งตามความต้องการ มาดูคำแนะนำสั้นๆ ที่ช่วยให้คุณคุ้นเคยกับการจัดระเบียบใหม่ และทราบวิธีใช้อินเทอร์เฟซ Studio ที่เหมาะกับคุณ,"Bu, yeni bir görünümden daha fazlası; istikrar, performans ve kişiselleştirme için inşa edilmiş tamamen yeni bir sistem. Yeni düzeni tanıman ve Studio arayüzünün senin için en iyi şekilde çalışmasını nasıl sağlayacağını görmen için hızlı bir tur atalım.","Đây không chỉ là một giao diện mới, mà là một hệ thống hoàn toàn mới được xây dựng để tối ưu hóa tính ổn định, hiệu suất và khả năng cá nhân hóa. Hãy cùng khám phá nhanh để làm quen với cấu trúc mới và tìm hiểu cách sử dụng giao diện của Studio sao cho hiệu quả nhé.",,,不僅僅是全新外觀，更是專為穩定性、性能和個人化而打造的全新系統。讓我們快速為你導覽，以熟悉新的組織架構，並展示如何善用 Studio 介面來滿足你的需求並發揮最佳效果。
Studio.Tutorials.introduction_Title,,,Welcome to the new Studio interface,Welcome to the new Studio interface,,Willkommen auf der neuen Studio-Oberfläche,Te damos la bienvenida a la nueva interfaz de Studio,Bienvenue dans la nouvelle interface Studio,नए Studio इंटरफ़ेस में आपका स्वागत है,Selamat datang di antarmuka Studio yang baru,Ti diamo il benvenuto nella nuova interfaccia di Studio,,새로운 Studio 인터페이스를 소개합니다,Witamy w nowym interfejsie Studio,Boas-vindas à nova interface do Studio,,ยินดีต้อนรับสู่อินเทอร์เฟซใหม่ของ Studio,Yeni Studio arayüzüne hoş geldin,Xin giới thiệu giao diện mới của Studio,,,歡迎使用全新 Studio 介面
Studio.Tutorials.playTestingControls_Description,,,"Regardless of what tab you have selected, every play testing mode is available in one, convenient location.","Regardless of what tab you have selected, every play testing mode is available in one, convenient location.",,"Egal, welchen Tab du ausgewählt hast, findest du alle Spieltestmodi an einem einzigen, praktischen Ort.","Independientemente de la pestaña que hayas seleccionado, cada modo de prueba de juego está disponible en una ubicación muy cómoda.","Quel que soit l'onglet que tu as sélectionné, chaque mode de test est disponible en un seul endroit.","इससे कोई फ़र्क नहीं पड़ता कि आपने कौन-सा टैब चुना है, हर प्ले टेस्टिंग मोड एक साथ एक सुविधाजनक लोकेशन पर मौजूद है.","Terlepas dari tab yang kamu pilih, setiap mode uji coba permainan tersedia di satu lokasi yang mudah ditemukan.","Indipendentemente dalla scheda selezionata, ogni modalità di test di gioco è accessibile in un'unica e pratica posizione.",,어떤 탭을 선택했는지와 상관없이 모든 테스트 플레이 모드를 편리하게 한 위치에서 이용할 수 있습니다.,"Niezależnie od tego, którą kartę wybierzesz, każdy tryb testowania gry jest dostępny w jednym, wygodnym miejscu.","Independentemente de qual guia você selecionou, cada modo de teste de reprodução está disponível em um local prático.",,ไม่ว่าจะเลือกแท็บไว้แบบไหน โหมดทดสอบการเล่นจะอยู่ในตำแหน่งเดียวกัน เพื่อความสะดวกและพร้อมใช้งานทุกครั้ง,Hangi sekmeyi seçtiğinden bağımsız olarak her oyun test etme modu tek ve kullanışlı bir konumda mevcuttur.,"Dù chọn tab nào, bạn cũng có thể truy cập tất cả các chế độ kiểm thử trò chơi tại cùng một vị trí thật thuận tiện.",,,無論選擇哪個分頁，每個遊戲測試模式都集中一處，方便使用。
Studio.Tutorials.playTestingControls_Title,,,Always available testing controls,Always available testing controls,,Immer verfügbare Teststeuerungen,Controles de prueba siempre disponibles,Contrôles de test toujours disponibles,हमेशा उपलब्ध रहने वाले टेस्टिंग कंट्रोल्स,Kontrol uji coba yang selalu tersedia,Procedure di testing sempre disponibili,,항상 사용 가능한 테스트 제어 기능,Zawsze dostępne elementy sterujące testowaniem,Controles de testes sempre disponíveis,,ตัวควบคุมการทดสอบที่พร้อมใช้งานเสมอ,Her zaman kullanılabilir test denetimleri,Các công cụ kiểm thử luôn sẵn sàng sử dụng,,,隨時可用的測試控制
Studio.Tutorials.interfaceControls_Description,,,"The UI tab is now persistent and holds new insertion controls, organized by type.","The UI tab is now persistent and holds new insertion controls, organized by type.",,"Der UI-Tab ist jetzt immer da und hat neue Einfügesteuerungen, sortiert nach Art.","La pestaña de la interfaz ahora es persistente y contiene nuevos controles de inserción, organizados por tipo.","L'onglet UI est maintenant toujours là et contient de nouvelles commandes d'insertion, classées par type.","UI टैब अब स्थायी है और इसमें हाल ही में ऐसे नए कंट्रोल शामिल किए गए हैं, जिनसे आप UI एलिमेंट्स इन्सर्ट कर (जोड़) सकते हैं. इन्हे कंट्रोल टाइप के आधार पर क्रम से लगाया गया है.",Tab UI sekarang selalu ditampilkan. Tab ini berisi kendali penyisipan baru yang diatur berdasarkan tipe.,"La scheda UI è ora permanente e contiene nuovi controlli di inserimento, ordinati per tipo.",,"이제 UI 탭이 고정되며, 유형별로 정리된 새로운 삽입 제어 항목을 포함합니다.","Karta „Interfejs użytkownika” jest widoczna przez cały czas i zawiera nowe elementy sterujące wstawianiem, które są uporządkowane według typu.","A aba de interface do usuário agora é persistente e mantém novos controles de inserção, organizados por tipo.",,แท็บ UI จะอยู่ถาวรและมีตัวควบคุมการแทรกแบบใหม่ โดยจัดเรียงตามประเภท,Kullanıcı arayüzü sekmesi artık kalıcıdır ve türe göre düzenlenmiş yeni ekleme kontrolleri içerir.,"Giờ đây, tab UI sẽ hiển thị cố định và chứa các nút lệnh chèn mới, được sắp xếp theo loại.",,,使用者介面分頁目前為常駐分頁，且包含按類型分類的全新插入控制。
Studio.Tutorials.interfaceControls_Title,,,UI tab,UI tab,,UI-Tab,Pestaña de interfaz,Onglet IU,UI टैब,Tab UI,Scheda UI,,UI 탭,Karta „Interfejs użytkownika”,Aba de interface,,แท็บ UI,Kullanıcı arayüzü sekmesi,Tab UI,,,使用者介面分頁
Studio.Tutorials.scriptControls_Description,,,The Script tab is also a persistent tab now and has been streamlined to contain the core scripting and debugging tools.,The Script tab is also a persistent tab now and has been streamlined to contain the core scripting and debugging tools.,,Der Skript-Tab ist jetzt auch immer da und enthält die wichtigsten Skript- und Debugging-Tools.,La pestaña Script también es ahora una pestaña persistente y se ha simplificado para que contenga el núcleo de las herramientas de script y depuración.,L'onglet Script est maintenant toujours là et a été simplifié pour avoir les outils de base pour les scripts et le débogage.,"स्क्रिप्ट टैब भी अब स्थायी टैब बन गया है, इसे हर बार अलग से खोलने की ज़रूरत नहीं पड़ती. कोर स्क्रिप्टिंग और डीबगिंग टूल को शामिल करने की वजह से यह बेहतर काम भी करने लगा है.",Tab Skrip sekarang juga selalu ditampilkan. Tab ini telah disederhanakan untuk menyediakan alat inti untuk scripting dan debugging.,Anche la scheda Script è ora una scheda permanente ed è stata semplificata per contenere gli strumenti di scripting e di debug principali.,,"스크립트 탭 역시 고정 탭으로 표시되며, 이제 코어 스크립팅과 디버깅 도구를 포함하도록 간소화되었습니다.",Karta „Skrypt” od teraz jest również widoczna przez cały czas. Została ona zoptymalizowana i zawiera podstawowe narzędzia do tworzenia skryptów i debugowania.,A aba de Script também é uma aba persistente agora e foi simplificada para conter as ferramentas principais de scripting e depuração.,,นอกจากแท็บสคริปต์จะเป็นแท็บถาวรแล้ว ยังได้รับการปรับปรุงให้มีเครื่องมือ Scripting และการ Debug หลัก,Komut dosyası sekmesi de artık kalıcı bir sekme olup temel komut dosyası ve hata ayıklama araçlarını içerecek şekilde düzenlenmiştir.,Tab Tập lệnh hiện cũng là một tab cố định và đã được tinh chỉnh để chỉ chứa các công cụ viết mã và gỡ lỗi thiết yếu.,,,「指令碼」分頁也是一個常駐分頁，並已簡化以納入核心指令碼和偵錯工具。
Studio.Tutorials.RibbonWalkthrough.topic_Script,,,Script,Script,,Skript,Script,Script,स्क्रिप्ट,Skrip,Script,スクリプト,스크립트,Skrypt,Script,,สคริปต์,Komut dosyası,Tập lệnh,,,指令碼
Studio.Tutorials.RibbonWalkthrough.topic_FindingTools,,,Finding tools,Finding tools,,Tools finden,Encontrar herramientas,Trouver des outils,टूल ढूँढना,Alat pencarian,Strumenti di ricerca,発見ツール,도구 찾기,Narzędzia do odnajdywania,Procurando ferramentas,,เครื่องมือค้นหา,Araçları bulma,Tìm công cụ,,,尋找工具
Studio.Tutorials.RibbonWalkthrough.topic_Customization,,,Customization,Customization,,Anpassung,Personalización,Personnalisation,कस्टमाइज़ेशन,Kustomisasi,Personalizzazione,カスタマイズ,사용자 정의,Personalizacja,Personalização,,การปรับแต่ง,Özelleştirme,Tùy chỉnh,,,自訂
Studio.Tutorials.RibbonWalkthrough.introduction_Description,,,"More than just a new look, this is a totally new system built for stability, performance, and personalization. Let’s take a quick tour to get you familiar with the new organization and show you how to make the Studio interface work best for you.","More than just a new look, this is a totally new system built for stability, performance, and personalization. Let’s take a quick tour to get you familiar with the new organization and show you how to make the Studio interface work best for you.",,"Das ist nicht nur ein neuer Look, sondern ein komplett neues System, das auf Stabilität, Leistung und Personalisierung ausgelegt ist. Mach eine kurze Tour, um dich mit der neuen Organisation vertraut zu machen und zu erfahren, wie du die Studio-Oberfläche optimal für dich nutzen kannst.","Más que solo un nuevo look, se trata de un sistema totalmente nuevo construido para la estabilidad, el rendimiento y la personalización. Vamos a hacer un tour rápido para que te familiarices con la nueva organización y para mostrarte cómo hacer que la interfaz de Studio funcione mejor para ti.","Plus qu'un simple changement d'apparence, c'est un tout nouveau système conçu pour offrir stabilité, performances et personnalisation. Faisons un petit tour pour te familiariser avec la nouvelle organisation et te montrer comment tirer le meilleur parti de l'interface Studio.","नये लुक से ज़्यादा, यह एक बिलकुल नया सिस्टम है जो स्टेबिलिटी, परफ़ॉर्मेंस और पर्सनलाइज़ेशन के लिए बनाया गया है. चलिए, नए संगठन से आपका परिचय करवाते हैं और आपको दिखाते हैं कि Studio इंटरफ़ेस कैसे आपके लिए सबसे अच्छी तरह काम कर सकता है.","Bukan cuma tampilan baru, ini adalah sistem serbabaru yang dibuat untuk stabilitas, kinerja, dan personalisasi. Mari ikuti tur singkat untuk mengetahui tata letak yang baru dan mengoptimalkan antarmuka Studio agar sesuai dengan kebutuhanmu.","Non si tratta di un semplice restyling, questo è un sistema completamente nuovo costruito per garantire stabilità, prestazioni e personalizzazione. Facciamo un rapido tour per familiarizzare con la nuova organizzazione e mostrarti come far funzionare al meglio l'interfaccia di Studio.",,"외관뿐만 아니라 안정성, 성능, 개인화를 위해 시스템까지 완전히 새롭게 설계되었습니다. 새로운 배열에 익숙해질 수 있도록 나에게 가장 잘 맞는 Studio 인터페이스를 만드는 방법을 알려드리겠습니다.","To coś więcej niż tylko nowy wygląd. To zupełnie nowy system stworzony z myślą o stabilności, wydajności i możliwości personalizacji. Oto krótkie wprowadzenie, które pozwoli Ci się zapoznać z nowym układem interfejsu Studio i pokaże, jak najlepiej go wykorzystać do własnych potrzeb.","Mais do que apenas um novo visual, este é um sistema totalmente novo construído para estabilidade, desempenho e personalização. Vamos fazer uma introdução rápida para familiarizar você com a nova organização e mostrar-lhe como fazer a interface do Studio funcionar melhor para você.",,ระบบนี้ไม่ใช่แค่เปลี่ยนโฉม แต่ล้วนสร้างขึ้นมาใหม่เพื่อความเสถียร ประสิทธิภาพ และการปรับแต่งตามความต้องการ มาดูคำแนะนำสั้นๆ ที่ช่วยให้คุณคุ้นเคยกับการจัดระเบียบใหม่ และทราบวิธีใช้อินเทอร์เฟซ Studio ที่เหมาะกับคุณ,"Bu, yeni bir görünümden daha fazlası; istikrar, performans ve kişiselleştirme için inşa edilmiş tamamen yeni bir sistem. Yeni düzeni tanıman ve Studio arayüzünün senin için en iyi şekilde çalışmasını nasıl sağlayacağını görmen için hızlı bir tur atalım.","Đây không chỉ là một giao diện mới, mà là một hệ thống hoàn toàn mới được xây dựng để tối ưu hóa tính ổn định, hiệu suất và khả năng cá nhân hóa. Hãy cùng khám phá nhanh để làm quen với cấu trúc mới và tìm hiểu cách sử dụng giao diện của Studio sao cho hiệu quả nhé.",,,不僅僅是全新外觀，更是專為穩定性、性能和個人化而打造的全新系統。讓我們快速為你導覽，以熟悉新的組織架構，並展示如何善用 Studio 介面來滿足你的需求並發揮最佳效果。
Studio.Tutorials.RibbonWalkthrough.introduction_Title,,,Welcome to the new Studio interface,Welcome to the new Studio interface,,Willkommen auf der neuen Studio-Oberfläche,Te damos la bienvenida a la nueva interfaz de Studio,Bienvenue dans la nouvelle interface Studio,नए Studio इंटरफ़ेस में आपका स्वागत है,Selamat datang di antarmuka Studio yang baru,Ti diamo il benvenuto nella nuova interfaccia di Studio,新しいStudioインターフェースへようこそ,새로운 Studio 인터페이스를 소개합니다,Witamy w nowym interfejsie Studio,Boas-vindas à nova interface do Studio,,ยินดีต้อนรับสู่อินเทอร์เฟซใหม่ของ Studio,Yeni Studio arayüzüne hoş geldin,Xin giới thiệu giao diện mới của Studio,,,歡迎使用全新 Studio 介面
Studio.Tutorials.RibbonWalkthrough.playTestingControls_Description,,,"Regardless of what tab you have selected, every play testing mode is available in one, convenient location.","Regardless of what tab you have selected, every play testing mode is available in one, convenient location.",,"Egal, welchen Tab du ausgewählt hast, findest du alle Spieltestmodi an einem einzigen, praktischen Ort.","Independientemente de la pestaña que hayas seleccionado, cada modo de prueba de juego está disponible en una ubicación muy cómoda.","Quel que soit l'onglet que tu as sélectionné, chaque mode de test est disponible en un seul endroit.","इससे कोई फ़र्क नहीं पड़ता कि आपने कौन-सा टैब चुना है, हर प्ले टेस्टिंग मोड एक साथ एक सुविधाजनक लोकेशन पर मौजूद है.","Terlepas dari tab yang kamu pilih, setiap mode uji coba permainan tersedia di satu lokasi yang mudah ditemukan.","Indipendentemente dalla scheda selezionata, ogni modalità di test di gioco è accessibile in un'unica e pratica posizione.",,어떤 탭을 선택했는지와 상관없이 모든 테스트 플레이 모드를 편리하게 한 위치에서 이용할 수 있습니다.,"Niezależnie od tego, którą kartę wybierzesz, każdy tryb testowania gry jest dostępny w jednym, wygodnym miejscu.","Independentemente de qual guia você selecionou, cada modo de teste de jogo está disponível em um local prático.",,ไม่ว่าจะเลือกแท็บไว้แบบไหน โหมดทดสอบการเล่นจะอยู่ในตำแหน่งเดียวกัน เพื่อความสะดวกและพร้อมใช้งานทุกครั้ง,Hangi sekmeyi seçtiğinden bağımsız olarak her oyun test etme modu tek ve kullanışlı bir konumda mevcuttur.,"Dù chọn tab nào, bạn cũng có thể truy cập tất cả các chế độ kiểm thử trò chơi tại cùng một vị trí thật thuận tiện.",,,無論選擇哪個分頁，每個遊戲測試模式都集中一處，方便使用。
Studio.Tutorials.RibbonWalkthrough.playTestingControls_Title,,,Always available testing controls,Always available testing controls,,Immer verfügbare Teststeuerungen,Controles de prueba siempre disponibles,Contrôles de test toujours disponibles,हमेशा उपलब्ध रहने वाले टेस्टिंग कंट्रोल्स,Kontrol uji coba yang selalu tersedia,Procedure di testing sempre disponibili,,항상 사용 가능한 테스트 제어 기능,Zawsze dostępne elementy sterujące testowaniem,Controles de testes sempre disponíveis,,ตัวควบคุมการทดสอบที่พร้อมใช้งานเสมอ,Her zaman kullanılabilir test denetimleri,Các công cụ kiểm thử luôn sẵn sàng sử dụng,,,隨時可用的測試控制
Studio.Tutorials.RibbonWalkthrough.interfaceControls_Description,,,"The UI tab is now persistent and holds new insertion controls, organized by type.","The UI tab is now persistent and holds new insertion controls, organized by type.",,"Der UI-Tab ist jetzt immer da und hat neue Einfügesteuerungen, sortiert nach Art.","La pestaña de la interfaz ahora es persistente y contiene nuevos controles de inserción, organizados por tipo.","L'onglet UI est maintenant toujours là et contient de nouvelles commandes d'insertion, classées par type.","UI टैब अब स्थायी है और इसमें हाल ही में ऐसे नए कंट्रोल शामिल किए गए हैं, जिनसे आप UI एलिमेंट्स इन्सर्ट कर (जोड़) सकते हैं. इन्हे कंट्रोल टाइप के आधार पर क्रम से लगाया गया है.",Tab UI sekarang selalu ditampilkan. Tab ini berisi kendali penyisipan baru yang diatur berdasarkan tipe.,"La scheda UI è ora permanente e contiene nuovi controlli di inserimento, ordinati per tipo.",,"이제 UI 탭이 고정되며, 유형별로 정리된 새로운 삽입 제어 항목을 포함합니다.","Karta „Interfejs użytkownika” jest widoczna przez cały czas i zawiera nowe elementy sterujące wstawianiem, które są uporządkowane według typu.","A aba de interface do usuário agora é persistente e mantém novos controles de inserção, organizados por tipo.",,แท็บ UI จะอยู่ถาวรและมีตัวควบคุมการแทรกแบบใหม่ โดยจัดเรียงตามประเภท,Kullanıcı arayüzü sekmesi artık kalıcıdır ve türe göre düzenlenmiş yeni ekleme kontrolleri içerir.,"Giờ đây, tab UI sẽ hiển thị cố định và chứa các nút lệnh chèn mới, được sắp xếp theo loại.",,,使用者介面分頁目前為常駐分頁，且包含按類型分類的全新插入控制。
Studio.Tutorials.RibbonWalkthrough.interfaceControls_Title,,,UI tab,UI tab,,UI-Tab,Pestaña de interfaz,Onglet IU,UI टैब,Tab UI,Scheda UI,UIタブ,UI 탭,Karta „Interfejs użytkownika”,Aba de interface,,แท็บ UI,Kullanıcı arayüzü sekmesi,Tab UI,,,使用者介面分頁
Studio.Tutorials.RibbonWalkthrough.scriptControls_Description,,,The Script tab is also a persistent tab now and has been streamlined to contain the core scripting and debugging tools.,The Script tab is also a persistent tab now and has been streamlined to contain the core scripting and debugging tools.,,Der Skript-Tab ist jetzt auch immer da und enthält die wichtigsten Skript- und Debugging-Tools.,La pestaña Script también es ahora una pestaña persistente y se ha simplificado para que contenga el núcleo de las herramientas de script y depuración.,L'onglet Script est maintenant toujours là et a été simplifié pour avoir les outils de base pour les scripts et le débogage.,"स्क्रिप्ट टैब भी अब स्थायी टैब बन गया है, इसे हर बार अलग से खोलने की ज़रूरत नहीं पड़ती. कोर स्क्रिप्टिंग और डीबगिंग टूल को शामिल करने की वजह से यह बेहतर काम भी करने लगा है.",Tab Skrip sekarang juga selalu ditampilkan. Tab ini telah disederhanakan untuk menyediakan alat inti untuk scripting dan debugging.,Anche la scheda Script è ora una scheda permanente ed è stata semplificata per contenere gli strumenti di scripting e di debug principali.,,"스크립트 탭 역시 고정 탭으로 표시되며, 이제 코어 스크립팅과 디버깅 도구를 포함하도록 간소화되었습니다.",Karta „Skrypt” od teraz jest również widoczna przez cały czas. Została ona zoptymalizowana i zawiera podstawowe narzędzia do tworzenia skryptów i debugowania.,A aba de Script também é uma aba persistente agora e foi simplificada para conter as ferramentas principais de scripting e depuração.,,นอกจากแท็บสคริปต์จะเป็นแท็บถาวรแล้ว ยังได้รับการปรับปรุงให้มีเครื่องมือ Scripting และการ Debug หลัก,Komut dosyası sekmesi de artık kalıcı bir sekme olup temel komut dosyası ve hata ayıklama araçlarını içerecek şekilde düzenlenmiştir.,Tab Tập lệnh hiện cũng là một tab cố định và đã được tinh chỉnh để chỉ chứa các công cụ viết mã và gỡ lỗi thiết yếu.,,,「指令碼」分頁也是一個常駐分頁，並已簡化以納入核心指令碼和偵錯工具。
Studio.Tutorials.RibbonWalkthrough.scriptControls_Title,,,Script tab,Script tab,,Skript-Tab,Pestaña de scripts,Onglet Script,स्क्रिप्ट टैब,Tab Skrip,Scheda script,スクリプトタブ,스크립트 탭,Karta „Skrypt”,Aba de scripts,,แท็บสคริปต์,Komut dosyası sekmesi,Tab Tập lệnh,,,指令碼分頁
Studio.Tutorials.RibbonWalkthrough.customizationControls_Description,,,Creating a new tab is as easy as clicking the “+” button. You can have as many custom tabs as you want!,Creating a new tab is as easy as clicking the “+” button. You can have as many custom tabs as you want!,,"Um einen neuen Tab zu erstellen, klickst du einfach auf die Schaltfläche ""+"". Du kannst so viele benutzerdefinierte Tabs erstellen, wie du möchtest!","Crear una nueva pestaña es tan fácil como hacer clic en el botón ""+"". ¡Puedes tener tantas pestañas personalizadas como quieras!",Créer un nouvel onglet est aussi simple que de cliquer sur le bouton « + ». Tu peux avoir autant d'onglets personnalisés que vous tu le souhaites !,"नया टैब बनाना, ""+"" बटन पर क्लिक करने जितना आसान है. आपके पास जितने चाहें उतने कस्टम टैब हो सकते हैं!",Cukup klik tombol “+” untuk membuat tab baru. Kamu bisa memiliki tab kustom sebanyak yang kamu mau.,"Creare una nuova scheda è facile come cliccare sul pulsante ""+"". Puoi avere tutte le schede personalizzate che desideri!",,'+' 버튼을 클릭하는 것만으로 간편하게 새 탭을 생성할 수 있습니다. 원하는 만큼의 사용자 정의 탭을 만들 수도 있죠!,"Aby utworzyć nową kartę, wystarczy kliknąć przycisk „+”. Możesz mieć dowolną liczbę kart niestandardowych.","Criar uma nova aba é tão fácil quanto clicar no botão ""+"". Você pode ter quantas abas personalizadas quiser!",,สร้างแท็บใหม่ได้ง่ายๆ เพียงคลิกปุ่ม “+” อยากมีกี่แท็บ ก็สร้างเท่าที่ต้องการได้เลย,"Yeni bir sekme oluşturmak, ""+"" düğmesine tıklamak kadar kolay. İstediğin kadar özel sekmeye sahip olabilirsin!","Để tạo tab mới, chỉ cần nhấp chuột vào nút ""+"". Không giới hạn số lượng tab tùy chỉnh bạn có thể tạo!",,,按一下「+」按鈕即可建立新分頁。你可以隨心所欲地建立自訂分頁！
Studio.Tutorials.RibbonWalkthrough.customizationControls_Title,,,Create your own tab,Create your own tab,,Erstelle deinen eigenen Tab,Crea tu propia pestaña,Créer ton propre onglet,अपना टैब बनाएँ,Buat tabmu sendiri,Crea la tua scheda,,나만의 탭 생성,Utwórz własną kartę,Crie sua própria aba,,สร้างแท็บในแบบของคุณ,Kendi sekmeni oluştur,Tạo tab của riêng bạn,,,建立自己的分頁
